interview__key,lnd_mes,lnd_mes_1,lnd01,lnd02,lnd03,lnd04,lnd08,lnd09,lnd06,lnd_ten01,lnd_ten02,lnd_ten03,lnd_ten04,lnd_ten08,lnd_ten09,lnd_ten06,lnd_07,lnd_08,lnd_08_1,lnd_09,lnd_09_1,lnd_10,lnd_11,lnd_12,lnd_13__1,lnd_13__2,lnd_13__3,lnd_13__4,lnd_13__5,lnd_13__6,lnd_13__7,lnd_13__8,lnd_13__9,lnd_13__10,lnd_13__96,lnd_13_oth,f01,f03,f04__1,f04__2,f04__3,f04__96,f04_1,f05,lnd_14,lnd_15,lnd_16,lnd_17,lnd_18,lnd_18_oth,num_plots,more_plot,more_plot_explain
"15-76-60-42","Acres","",4,3,5,0,.5,0,0,"Private owned with no land title","Private owned with no land title","Private owned with no land title",,"Private owned with no land title",,,"No",,"",,"",,"unlikely","Yes","No","No","Yes","Yes","No","No","No","No","No","No","No",,"No",,,,,,,2000,"Slight decrease","Massive decrease","No",,,"",4,"Yes","for agriculture activities"
"31-41-38-46","Acres","",2,0,.5,0,.25,0,0,"Private owned with land title",,"Private owned with no land title",,"Private owned with no land title",,,"No",,"",,"",,"Maybe, maybe not","Yes","No","No","Yes","No","No","No","No","No","No","No","No",,"No",,,,,,,0,"Slight decrease","Massive decrease","No",,,"",3,"Yes","to expand agriculture activities"
"01-03-25-84","Acres","",2,1,0,0,0,0,0,"State owned","State owned",,,,,,"Yes","Within family","","Nowhere","","Yes","unlikely","Yes","No","Yes","No","No","No","No","No","No","No","No","No",,"No",,,,,,,600,"Slight increase","Slight increase","No",,,"",3,"Yes","for farming purpose"
"31-13-18-39","Hectares","",1,0,0,0,1,0,0,"Private owned with no land title",,,,"Private owned with no land title",,,"No",,"",,"",,"Very unlikely","No",,,,,,,,,,,,,"No",,,,,,,0,"Slight decrease","Slight decrease","No",,,"",1,"No","too old to work on farming activities"
"49-33-75-72","Acres","",3,0,2,0,.75,0,0,"Leased/rented",,"Private owned with land title",,"Private owned with land title",,,"Yes","Other individuals","","Clan / Elder","","Yes","unlikely","Yes","No","Yes","No","Yes","No","No","No","No","No","No","No",,"Yes",3,"Yes","No","No","No",,4500,"Massive decrease","Massive decrease","No",,,"",3,"Yes","I have much money compared to earlier I need to increase plots with that reason"
"72-79-79-86","Acres","",1,0,0,0,0,0,0,"State owned",,,,,,,"Yes","Within family","","Village headman / chairperson","","Yes","Maybe, maybe not","Yes","No","No","No","No","No","No","Yes","No","No","No","No",,"No",,,,,,,0,"The same","The same","No",,,"",1,"No","I don't have enough money to buy another plot"
"86-17-23-69","Acres","",4,0,0,0,.25,0,0,"Private owned with no land title",,,,"Private owned with no land title",,,"No",,"",,"",,"Very unlikely","Yes","No","No","Yes","No","No","No","No","No","No","No","No",,"No",,,,,,,0,"Massive decrease","Massive decrease","No",,,"",1,"No","I AM ELDERY"
"35-55-11-33","Acres","",1,0,.5,0,1,0,0,"Leased/rented",,"State owned",,"Private owned with no land title",,,"No",,"",,"",,"Very unlikely","Yes","No","No","No","No","No","No","No","No","Yes","No","No",,"Yes",.5,"No","No","Yes","No",,0,"Slight decrease","Massive decrease","No",,,"",1,"No","No money to buy another plot"
"74-41-75-97","Acres","",3,2,1.5,0,1,0,0,"Private owned with no land title","Private owned with no land title","Private owned with no land title",,"Private owned with no land title",,,"No",,"",,"",,"Very unlikely","Yes","No","No","No","Yes","No","No","Yes","No","No","No","No",,"No",,,,,,,1100,"Slight decrease","Massive decrease","No",,,"",1,"Yes","To increase productivity"
"75-64-48-24","Acres","",1,0,0,0,.25,0,0,"Leased/rented",,,,"Private owned with no land title",,,"No",,"",,"",,"Likely","Yes","No","No","Yes","No","No","No","No","No","No","No","No",,"No",,,,,,,0,"Massive decrease","Massive decrease","No",,,"",0,"Yes","securing land for children"
"46-90-31-29","Hectares","",4,0,0,0,.25,0,0,"Private owned with no land title",,,,"Private owned with no land title",,,"No",,"",,"",,"Very unlikely","No",,,,,,,,,,,,,"No",,,,,,,0,"Slight decrease","Slight decrease","No",,,"",4,"No","I have enough  land now"
"32-45-37-94","Acres","",.15,0,0,0,.1,0,0,"Private owned with land title",,,,"Private owned with land title",,,"No",,"",,"",,"unlikely","No",,,,,,,,,,,,,"Yes",.15,"Yes","No","No","No",,0,"Slight increase","Slight decrease","No",,,"",1,"No","I can't afford to buy another piece of land"
"29-06-99-56","Acres","",3.5,3.5,1,0,.5,0,0,"Private owned with no land title","Private owned with no land title","Private owned with no land title",,"Private owned with no land title",,,"No",,"",,"",,"Maybe, maybe not","Yes","Yes","Yes","No","No","No","No","No","No","No","No","No",,"Yes",1,"Yes","No","No","No",,400,"Massive decrease","Massive decrease","No",,,"",3,"No","Pesaro ngumu"
"86-92-94-72","Acres","",2,2,0,0,.25,0,0,"Private owned with no land title","Private owned with no land title",,,"Private owned with no land title",,,"Yes","Within family","","LC Court","","Yes","unlikely","Yes","No","No","No","Yes","No","No","No","No","No","No","No",,"No",,,,,,,0,"Massive increase","Slight decrease","No",,,"",1,"No","My farmland is enough"
"95-96-07-01","Acres","",1.75,0,0,0,.5,0,0,"Leased/rented",,,,"Private owned with no land title",,,"No",,"",,"",,"unlikely","Yes","No","No","Yes","No","No","No","No","No","No","No","No",,"Yes",.5,"Yes","No","No","No",,100,"Slight decrease","Massive decrease","No",,,"",0,"Yes","farming"
"56-10-42-62","Acres","",2,0,1,0,.25,0,0,"State owned",,"State owned",,"State owned",,,"No",,"",,"",,"unlikely","Yes","No","Yes","No","No","No","No","No","No","No","No","No",,"No",,,,,,,170,"Slight decrease","Massive decrease","No",,,"",3,"No","They are both aged to own a plot"
"39-85-42-75","Acres","",1.25,0,.25,0,.25,0,0,"Private owned with land title",,"Private owned with land title",,"Private owned with land title",,,"No",,"",,"",,"Maybe, maybe not","Yes","No","Yes","No","No","No","No","No","No","No","No","No",,"No",,,,,,,50,"Slight decrease","Massive decrease","No",,,"",1,"Yes","For farming"
"51-15-10-63","Acres","",2,.5,0,0,.45,0,2,"Private owned with no land title","Private owned with land title",,,"Private owned with no land title",,"Private owned with land title","No",,"",,"",,"Very unlikely","No",,,,,,,,,,,,,"Yes",1,"Yes","No","Yes","No",,35,"Slight decrease","Massive decrease","Yes",300000,"Private individual/Money lender","",3,"Yes","a have a family so as kids will inherit  for agriculture  activities"
"81-75-45-31","Acres","",4,2,5,0,.5,0,0,"Leased/rented","Leased/rented","Private owned with no land title",,"Private owned with land title",,,"No",,"",,"",,"Very unlikely","No",,,,,,,,,,,,,"Yes",1,"Yes","No","No","No",,3000,"Slight decrease","Massive decrease","No",,,"",2,"Yes","increase the types of crops in different  areas"
"57-29-61-37","Acres","",4,0,0,0,.25,0,0,"Private owned with no land title",,,,"Private owned with no land title",,,"No",,"",,"",,"unlikely","No",,,,,,,,,,,,,"Yes",4,"Yes","No","No","No",,0,"Massive increase","Massive decrease","No",,,"",2,"Yes","Inorder to plant crops like peas, potatoes and cabbage"
"92-19-38-79","Acres","",10,10,2,5,.5,0,0,"Private owned with no land title","Private owned with land title","Private owned with land title","Private owned with no land title","Private owned with no land title",,,"Yes","Within family","","Nowhere","","Yes","Maybe, maybe not","No",,,,,,,,,,,,,"Yes",5,"Yes","No","No","No",,600,"Slight decrease","Massive decrease","No",,,"",4,"Yes","Give to children"
"51-61-36-83","Acres","",18,0,7,2,.5,0,0,"Private owned with land title",,"Private owned with land title","Private owned with land title","Private owned with land title",,,"No",,"",,"",,"Very unlikely","Yes","No","Yes","Yes","Yes","No","No","No","No","No","No","No",,"No",,,,,,,7600,"Massive decrease","Massive decrease","No",,,"",3,"Yes","I want to invest for my  grandchildren"
"26-90-05-49","Acres","",2,0,0,0,1,.25,0,"Private owned with land title",,,,"Private owned with land title","Private owned with land title",,"No",,"",,"",,"Maybe, maybe not","No",,,,,,,,,,,,,"No",,,,,,,0,"The same","Slight decrease","No",,,"",2,"No","I don't have much money to buy other plot"
"66-97-67-27","Acres","",2,1,0,0,.25,0,0,"Private owned with no land title","Private owned with land title",,,"Private owned with no land title",,,"Yes","Government","","Village headman / chairperson","","Yes","unlikely","Yes","No","No","Yes","No","No","No","No","No","No","No","No",,"Yes",2,"Yes","No","No","No",,50,"Slight increase","Massive decrease","Yes",500000,"Credit Union","",3,"No","The three farms are enough, I would like to invest more on the children's education."
"78-48-49-89","Acres","",2.5,0,2.5,0,1,0,0,"Private owned with land title",,"Private owned with no land title",,"Private owned with land title",,,"No",,"",,"",,"unlikely","Yes","No","No","Yes","No","No","No","No","No","No","No","No",,"Yes",2,"Yes","No","No","No",,600,"Massive increase","Massive decrease","No",,,"",2,"No","I need another farm to plant more crops"
"98-05-66-83","Acres","",3.5,4,0,4,1.25,0,0,"Private owned with land title","Private owned with land title",,"Private owned with land title","Private owned with land title",,,"No",,"",,"",,"unlikely","No",,,,,,,,,,,,,"No",,,,,,,600,"Slight decrease","Massive decrease","No",,,"",3,"No","expenses"
"78-17-71-31","Acres","",3.5,1,.5,0,.25,0,0,"Private owned with land title","Private owned with land title","Private owned with land title",,"Private owned with land title",,,"No",,"",,"",,"Very unlikely","Yes","No","No","Yes","No","No","No","No","No","No","No","No",,"Yes",.5,"No","No","Yes","No",,60,"Massive decrease","Massive decrease","No",,,"",3,"No","Expenses"
"35-97-55-04","Acres","",6,0,0,2,.75,0,0,"Private owned with land title",,,"Private owned with land title","Private owned with no land title",,,"No",,"",,"",,"Likely","Yes","No","Yes","No","No","No","No","No","No","No","No","No",,"No",,,,,,,150,"Slight decrease","Massive decrease","No",,,"",1,"No","i cant maximize production since i am weak by buying new plot"
"01-00-08-00","Acres","",6,4,0,0,0,0,0,"Private owned with no land title","Private owned with no land title",,,,,,"No",,"",,"",,"Very unlikely","No",,,,,,,,,,,,,"No",,,,,,,600,"The same","The same","No",,,"",2,"No","I already have a lot of land"
"23-16-40-98","Acres","",10,3,4,0,.5,0,0,"Private owned with no land title","Private owned with no land title","Private owned with no land title",,"Private owned with no land title",,,"No",,"",,"",,"unlikely","Yes","No","No","Yes","Yes","No","No","No","No","No","No","No",,"No",,,,,,,2000,"Slight decrease","Slight decrease","No",,,"",6,"Yes","to preapare land for children"
"33-60-15-24","Acres","",2,0,0,0,.25,0,0,"Private owned with no land title",,,,"Private owned with no land title",,,"No",,"",,"",,"Maybe, maybe not","No",,,,,,,,,,,,,"No",,,,,,,0,"Slight decrease","Massive decrease","No",,,"",1,"No","old enough to cultivate"
"83-29-00-04","Acres","",4,0,0,0,.25,0,0,"Private owned with land title",,,,"Private owned with land title",,,"No",,"",,"",,"Very unlikely","Yes","No","No","Yes","No","No","No","No","No","No","No","No",,"No",,,,,,,5,"Slight decrease","Massive decrease","No",,,"",2,"Yes","because the family depends on him so he need more land to   cultivate"
"39-46-43-34","Acres","",3,.5,0,0,0,0,0,"Private owned with no land title","Private owned with no land title",,,,,,"Yes","Within family","","Village headman / chairperson","","Yes","Likely","Yes","No","No","No","Yes","No","No","No","Yes","No","No","No",,"No",,,,,,,20,"The same","The same","No",,,"",1,"No","I don't have money to add another plot"
"83-88-85-49","Acres","",2,0,0,0,.25,0,0,"Private owned with land title",,,,"Private owned with land title",,,"No",,"",,"",,"Likely","Yes","No","Yes","No","No","No","No","No","No","No","No","No",,"No",,,,,,,140,"Slight decrease","Slight decrease","No",,,"",1,"No","the plot i have is still enough for cultivation"
"86-33-34-77","Acres","",1.5,0,0,0,.25,0,0,"Private owned with no land title",,,,"Private owned with no land title",,,"No",,"",,"",,"Likely","Yes","No","No","Yes","No","No","No","No","No","No","No","No",,"No",,,,,,,70,"Slight decrease","Massive decrease","No",,,"",1,"No","im no longer energetic"
"85-40-54-06","Acres","",2,0,0,0,.25,0,0,"Leased/rented",,,,"Private owned with land title",,,"No",,"",,"",,"unlikely","Yes","No","Yes","No","No","No","No","No","No","No","No","No",,"No",,,,,,,0,"Slight decrease","Massive decrease","No",,,"",0,"No","im too old i have no money to buy"
"99-20-43-65","Acres","",4,2,1,0,1,0,0,"Private owned with land title","Private owned with land title","Private owned with land title",,"Private owned with land title",,,"No",,"",,"",,"unlikely","Yes","No","Yes","No","No","No","No","No","No","No","No","No",,"Yes",2,"Yes","No","No","No",,1000,"Slight decrease","Massive decrease","No",,,"",1,"No","She is aged enough to own another plot"
"84-47-44-08","Acres","",6,7,1,0,1,0,0,"Private owned with land title","Private owned with land title","Private owned with land title",,"Private owned with land title",,,"No",,"",,"",,"Maybe, maybe not","Yes","No","Yes","Yes","No","No","No","No","No","No","No","No",,"No",,,,,,,100,"Slight decrease","Massive decrease","No",,,"",3,"Yes","agriculture activities"
"95-71-45-18","Acres","",2,0,.5,0,.5,0,0,"Private owned with no land title",,"Private owned with no land title",,"Private owned with no land title",,,"No",,"",,"",,"unlikely","Yes","No","No","Yes","Yes","No","No","No","No","No","No","No",,"No",,,,,,,300,"Massive decrease","Massive decrease","No",,,"",2,"No","the plot is enough"
"43-23-29-59","Acres","",2,0,2,0,.125,0,0,"Private owned with no land title",,"Private owned with no land title",,"Private owned with no land title",,,"Yes","Other individuals","","Village headman / chairperson","","Yes","unlikely","Yes","No","No","Yes","No","No","No","No","No","No","No","No",,"Yes",3,"Yes","No","No","No",,260,"Slight decrease","Massive decrease","No",,,"",2,"Yes","planting trees"
"65-07-52-31","Acres","",1,3,1,0,.5,0,0,"Private owned with no land title","Private owned with no land title","Private owned with no land title",,"Private owned with no land title",,,"Yes","Other individuals","","Neighbours","","No","Likely","Yes","No","No","Yes","No","No","No","No","No","No","No","No",,"No",,,,,,,10,"Slight decrease","Massive decrease","No",,,"",4,"No","she is too old"
"24-72-94-40","Acres","",3,7,0,0,5,0,0,"Private owned with no land title","Private owned with no land title",,,"Private owned with no land title",,,"No",,"",,"",,"unlikely","Yes","No","No","Yes","No","No","No","No","No","No","No","No",,"Yes",3,"Yes","No","No","No",,0,"The same","The same","No",,,"",1,"No","I don't have money to buy another farm"
"27-52-71-52","Acres","",3.75,3.75,1,1.25,3,0,0,"Private owned with land title","Private owned with land title","Private owned with land title","Private owned with land title","Private owned with land title",,,"Yes","Within family","","Clan / Elder","","Yes","Maybe, maybe not","Yes","No","Yes","No","No","No","No","No","No","No","No","No",,"Yes",3,"Yes","Yes","No","No",,0,"Slight decrease","Massive decrease","No",,,"",4,"Yes","To increase size of land for crop production"
"21-67-72-81","Acres","",5,0,0,0,.25,0,0,"Private owned with no land title",,,,"Private owned with no land title",,,"No",,"",,"",,"Maybe, maybe not","Yes","No","No","Yes","No","No","No","No","No","No","No","No",,"No",,,,,,,30,"Slight decrease","Massive decrease","No",,,"",2,"Yes","to expand agriculture activities"
"40-08-15-69","Acres","",6,2,2,0,0,0,0,"Private owned with land title","Private owned with land title","Private owned with land title",,,,,"No",,"",,"",,"Very unlikely","No",,,,,,,,,,,,,"No",,,,,,,70,"Slight decrease","Massive decrease","No",,,"",1,"No","the plot i have is enough for my family"
"40-09-03-46","Acres","",3,0,.25,0,1,0,0,"Private owned with no land title",,"Private owned with no land title",,"Private owned with no land title",,,"No",,"",,"",,"Very unlikely","Yes","No","No","Yes","No","No","No","No","No","No","No","No",,"No",,,,,,,100,"Massive decrease","Massive decrease","No",,,"",3,"No","aging"
"88-78-79-65","Acres","",.5,.5,0,0,0,0,0,"Private owned with no land title","Private owned with no land title",,,,,,"No",,"",,"",,"Very unlikely","No",,,,,,,,,,,,,"No",,,,,,,0,"The same","The same","No",,,"",1,"No","we are not financially stable"
"72-36-26-24","Acres","",.75,.5,0,0,.25,0,0,"Private owned with no land title","Private owned with no land title",,,"Private owned with no land title",,,"No",,"",,"",,"unlikely","Yes","No","No","Yes","Yes","No","No","No","No","No","No","No",,"Yes",1,"Yes","No","No","No",,0,"Slight increase","Slight decrease","No",,,"",2,"Yes","I need the farm to plant different crops for consumption."
"07-13-49-69","Acres","",4,1,0,0,0,0,0,"Private owned with land title","Private owned with land title",,,,,,"Yes","Other individuals","","Nowhere","","Yes","unlikely","Yes","No","Yes","No","No","No","No","No","No","No","No","No",,"No",,,,,,,0,"Slight decrease","Slight decrease","No",,,"",4,"No","we don't have ability to cultivate more land"
"02-58-47-09","Acres","",1,1,2,0,3,0,0,"Leased/rented","Leased/rented","Private owned with land title",,"Private owned with land title",,,"No",,"",,"",,"Very unlikely","Yes","No","Yes","No","No","No","No","No","No","No","No","No",,"Yes",3,"Yes","No","No","No",,600,"Massive decrease","Massive decrease","No",,,"",1,"Yes","Increase crop production"
"22-68-37-41","Acres","",3,1,0,0,.5,0,0,"Private owned with land title","Private owned with no land title",,,"Private owned with land title",,,"No",,"",,"",,"Maybe, maybe not","Yes","No","No","Yes","No","No","No","No","No","No","No","No",,"No",,,,,,,1000,"Slight decrease","Massive decrease","No",,,"",3,"Yes","THE CURRENT PLOT IS NOT ENOUGH TO RUN MY FAMILY"
"75-57-77-41","Acres","",1,0,0,0,.5,0,0,"Private owned with no land title",,,,"Private owned with no land title",,,"No",,"",,"",,"Very unlikely","Yes","No","No","Yes","No","No","No","No","No","No","No","No",,"No",,,,,,,20,"Slight decrease","Massive decrease","No",,,"",1,"No","NO MONEY"
"04-02-68-66","Acres","",1.5,1.5,0,0,.5,0,0,"Private owned with land title","Private owned with land title",,,"Private owned with land title",,,"No",,"",,"",,"Maybe, maybe not","No",,,,,,,,,,,,,"No",,,,,,,0,"Massive decrease","Massive decrease","No",,,"",1,"Yes","increase farming area"
"02-25-96-16","Acres","",1.5,0,0,0,.25,0,0,"Private owned with land title",,,,"Private owned with land title",,,"Yes","Within family","","Magistrate","","Yes","Maybe, maybe not","Yes","No","Yes","Yes","No","No","No","No","No","No","No","No",,"No",,,,,,,0,"Massive decrease","Massive decrease","No",,,"",1,"No","don't have  money  to  purchase"
"48-71-75-24","Acres","",2,0,0,0,0,0,1,"Private owned with no land title",,,,,,"Leased/rented","Yes","Other individuals","","Village headman / chairperson","","Yes","Maybe, maybe not","No",,,,,,,,,,,,,"No",,,,,,,0,"Slight decrease","The same","No",,,"",2,"Yes","to increase farming activities"
"81-80-02-23","Acres","",1,0,0,0,.5,0,0,"Leased/rented",,,,"Private owned with land title",,,"No",,"",,"",,"Very unlikely","No",,,,,,,,,,,,,"No",,,,,,,0,"Slight decrease","Slight decrease","No",,,"",1,"Yes","To increase our agriculture production"
"42-14-73-23","Acres","",2,2,.25,0,1,0,0,"Private owned with land title","Private owned with land title","Private owned with land title",,"Private owned with land title",,,"No",,"",,"",,"Maybe, maybe not","Yes","No","Yes","No","No","No","No","No","No","No","No","No",,"No",,,,,,,18,"Slight decrease","Slight decrease","No",,,"",3,"Yes","increase farming and income"
"76-93-41-01","Acres","",0,0,0,0,.125,0,0,,,,,"Private owned with land title",,,"No",,"",,"",,"Maybe, maybe not","No",,,,,,,,,,,,,"No",,,,,,,0,"Massive decrease","Massive decrease","No",,,"",0,"Yes","farming"
"95-12-78-81","Acres","",4,1,0,1,1,0,0,"Private owned with land title","Private owned with land title",,"Private owned with land title","Private owned with land title",,,"Yes","Within family","","Village headman / chairperson","","Yes","Very unlikely","Yes","No","Yes","No","No","No","No","No","No","No","No","No",,"No",,,,,,,30,"Slight decrease","Massive decrease","No",,,"",5,"No","lack of areas"
"20-49-21-26","Acres","",0,0,0,0,.5,0,0,,,,,"Private owned with land title",,,"No",,"",,"",,"Very unlikely","Yes","No","Yes","No","No","No","No","No","No","No","No","No",,"No",,,,,,,8,"Slight decrease","Massive decrease","No",,,"",0,"Yes","farming"
"93-19-03-86","Acres","",1,0,0,0,1,0,0,"Private owned with no land title",,,,"Private owned with no land title",,,"No",,"",,"",,"Very unlikely","No",,,,,,,,,,,,,"No",,,,,,,0,"Slight decrease","Massive decrease","No",,,"",1,"No","sick and old"
"83-16-53-05","Acres","",.5,0,0,0,.25,0,0,"Private owned with no land title",,,,"Private owned with no land title",,,"No",,"",,"",,"Very unlikely","No",,,,,,,,,,,,,"No",,,,,,,0,"Slight decrease","Massive decrease","No",,,"",1,"No","am old enough so  can't do more farming"
"96-79-62-23","Acres","",2,0,0,0,0,0,0,"Private owned with land title",,,,,,,"No",,"",,"",,"Very unlikely","Yes","No","Yes","No","No","No","No","No","No","No","No","No",,"No",,,,,,,60,"The same","The same","No",,,"",1,"No","it is enough for my family"
"45-89-04-52","Acres","",.5,0,.25,0,.25,0,0,"Private owned with no land title",,"Private owned with no land title",,"Private owned with no land title",,,"No",,"",,"",,"Very unlikely","Yes","No","Yes","No","No","No","No","No","No","No","No","No",,"No",,,,,,,120,"Slight decrease","Massive decrease","No",,,"",1,"Yes","For farming"
"12-50-51-44","Acres","",2,0,0,0,.125,0,0,"Private owned with no land title",,,,"Private owned with no land title",,,"No",,"",,"",,"unlikely","Yes","No","No","Yes","Yes","No","No","No","No","No","No","No",,"Yes",2,"Yes","No","No","No",,0,"Massive increase","Massive decrease","No",,,"",2,"No","The 2 farms are enough for us"
"64-36-21-26","Acres","",5,0,0,0,.25,0,0,"Private owned with land title",,,,"Private owned with land title",,,"Yes","Other individuals","","LC Court","","Yes","Maybe, maybe not","Yes","No","No","Yes","No","No","No","No","No","No","No","No",,"No",,,,,,,10,"Massive decrease","Massive decrease","No",,,"",2,"No","low income"
"78-84-99-05","Acres","",2.5,0,0,0,.25,0,0,"Private owned with land title",,,,"Private owned with land title",,,"No",,"",,"",,"Very unlikely","Yes","No","Yes","No","No","No","No","No","No","No","No","No",,"No",,,,,,,10,"Slight decrease","Massive decrease","No",,,"",1,"Yes","farming"
"37-66-37-12","Acres","",1.5,0,.25,0,.25,0,0,"Private owned with no land title",,"Private owned with no land title",,"Private owned with land title",,,"Yes","Within family","","Tried to sort out ourselves","","Yes","Very unlikely","No",,,,,,,,,,,,,"No",,,,,,,0,"Slight decrease","Massive decrease","No",,,"",1,"No","we are old to work hard on farming activities"
"52-54-55-08","Acres","",2,0,0,0,0,0,0,"Private owned with land title",,,,,,,"No",,"",,"",,"Very unlikely","Yes","No","No","No","Yes","No","No","No","No","No","No","No",,"No",,,,,,,20,"The same","The same","No",,,"",2,"No","financially unstable"
"32-13-89-08","Acres","",5.5,0,0,0,.5,0,0,"Private owned with no land title",,,,"Private owned with land title",,,"No",,"",,"",,"Very unlikely","Yes","No","No","Yes","No","No","No","No","No","No","No","No",,"No",,,,,,,0,"Slight increase","Massive increase","No",,,"",5,"No","EXPENSES"
"85-25-22-09","Acres","",2,0,0,0,.25,0,0,"Private owned with no land title",,,,"Private owned with no land title",,,"No",,"",,"",,"unlikely","Yes","No","No","Yes","No","No","No","No","No","No","No","No",,"Yes",2,"Yes","No","No","No",,0,"Massive increase","Slight decrease","No",,,"",1,"Yes","I want another farm so that I can give it as an inheritance to my grandchildren"
"72-82-24-11","Acres","",4,0,0,0,.5,0,0,"Private owned with no land title",,,,"Private owned with no land title",,,"No",,"",,"",,"unlikely","Yes","No","No","Yes","No","No","No","No","No","No","No","No",,"Yes",4,"Yes","No","No","No",,10,"Slight increase","Slight decrease","No",,,"",1,"No","The farm I have is enough"
"36-18-65-12","Acres","",3,0,0,0,.25,0,0,"Leased/rented",,,,"Leased/rented",,,"No",,"",,"",,"Very likely","No",,,,,,,,,,,,,"Yes",.5,"Yes","No","No","No",,40,"Slight decrease","Massive decrease","No",,,"",0,"Yes","cultivation"
"42-45-66-86","Acres","",4,2,0,0,.5,0,0,"Private owned with land title","Private owned with land title",,,"Private owned with land title",,,"Yes","Other individuals","","Village headman / chairperson","","Yes","Very unlikely","Yes","No","No","Yes","No","No","No","No","No","Yes","No","No",,"No",,,,,,,0,"Slight decrease","Massive decrease","No",,,"",4,"No","NO MONEY"
"44-14-86-31","Acres","",2,1,1,0,1.5,0,0,"Private owned with no land title","Private owned with no land title","Private owned with no land title",,"Private owned with no land title",,,"No",,"",,"",,"Very unlikely","Yes","No","Yes","No","Yes","No","No","No","No","No","No","No",,"Yes",1,"Yes","No","No","No",,5,"Slight decrease","Massive decrease","No",,,"",10,"No","the plots are enough"
"84-19-29-35","Acres","",4.5,1.5,.25,0,1,0,0,"Private owned with no land title","Private owned with no land title","Private owned with no land title",,"Private owned with no land title",,,"No",,"",,"",,"unlikely","Yes","No","No","Yes","No","No","No","Yes","No","No","No","No",,"No",,,,,,,20,"Slight decrease","Slight decrease","No",,,"",2,"Yes","to secure land for children"
"39-19-67-67","Acres","",3,0,0,0,1.5,0,0,"Private owned with no land title",,,,"Private owned with no land title",,,"No",,"",,"",,"unlikely","Yes","No","No","Yes","No","No","No","No","No","No","No","No",,"No",,,,,,,70,"Massive decrease","Massive decrease","Yes",450000,"NGO/Development Project","",2,"Yes","agriculture  activities"
"43-82-97-85","Acres","",3,0,0,0,1,0,0,"Private owned with no land title",,,,"Private owned with no land title",,,"No",,"",,"",,"unlikely","Yes","No","No","Yes","No","No","No","No","No","No","No","No",,"Yes",3,"Yes","No","No","No",,10,"Massive increase","Slight decrease","No",,,"",1,"Yes","Inorder to plant more crops for food"
"91-14-48-53","Acres","",7,0,0,0,.5,0,0,"Leased/rented",,,,"Private owned with no land title",,,"No",,"",,"",,"Likely","No",,,,,,,,,,,,,"No",,,,,,,5,"Slight decrease","Massive decrease","No",,,"",1,"Yes","building a house"
"20-26-28-94","Acres","",4,2,0,0,0,0,0,"Private owned with land title","Private owned with land title",,,,,,"No",,"",,"",,"Very unlikely","Yes","No","Yes","No","No","No","No","No","No","No","No","No",,"No",,,,,,,0,"Slight decrease","Slight decrease","No",,,"",2,"No","we are not financially stable"
"23-89-23-81","Acres","",3,2,0,0,.5,0,0,"Private owned with no land title","Private owned with no land title",,,"Private owned with no land title",,,"No",,"",,"",,"Maybe, maybe not","Yes","No","No","Yes","No","No","No","No","No","No","No","No",,"No",,,,,,,20,"Massive decrease","Massive decrease","No",,,"",2,"Yes","agriculture activieties"
"52-40-25-11","Acres","",5,0,.25,0,1,0,0,"Leased/rented",,"Private owned with land title",,"Private owned with land title",,,"No",,"",,"",,"Likely","Yes","No","No","No","Yes","No","No","No","No","No","No","No",,"No",,,,,,,20,"Massive decrease","Massive decrease","No",,,"",2,"Yes","To add more  land for agricultural purposes"
"58-44-00-29","Acres","",3,2,.25,0,1,0,0,"Private owned with no land title","Private owned with no land title","Private owned with no land title",,"Private owned with land title",,,"Yes","Within family","","Village headman / chairperson","","Yes","Very unlikely","Yes","No","No","Yes","No","No","No","No","No","No","No","No",,"Yes",1,"Yes","No","No","No",,100,"Slight decrease","Slight decrease","No",,,"",4,"Yes","for businesses  purpose and agriculture"
"94-81-60-01","Acres","",1.5,1,0,0,1,0,0,"Private owned with land title","Private owned with land title",,,"Private owned with land title",,,"No",,"",,"",,"Likely","Yes","No","Yes","No","No","No","No","No","No","No","No","No",,"No",,,,,,,0,"Slight decrease","Slight decrease","No",,,"",2,"Yes","increase production"
"00-76-76-29","Acres","",3,0,0,0,.25,0,0,"Private owned with no land title",,,,"Private owned with land title",,,"No",,"",,"",,"Very unlikely","No",,,,,,,,,,,,,"No",,,,,,,10,"Slight decrease","Massive decrease","No",,,"",3,"Yes","so as to be able to provide necessities for the family"
"30-24-92-73","Acres","",3,2,0,0,.5,0,0,"Private owned with no land title","Private owned with no land title",,,"Private owned with no land title",,,"No",,"",,"",,"Very unlikely","Yes","No","Yes","No","Yes","No","No","No","No","No","No","No",,"Yes",2,"Yes","No","No","No",,15,"Slight decrease","Massive decrease","No",,,"",3,"No","financial difficulties"
"23-53-41-46","Acres","",.5,.5,0,0,.5,0,0,"Private owned with land title","Private owned with land title",,,"Private owned with land title",,,"No",,"",,"",,"Maybe, maybe not","Yes","No","Yes","No","No","No","No","No","No","No","No","No",,"No",,,,,,,0,"Slight decrease","Slight decrease","No",,,"",1,"No","satisfied with area own"
"62-55-13-64","Acres","",1,0,1,0,.125,0,0,"Private owned with no land title",,"Private owned with no land title",,"Private owned with no land title",,,"No",,"",,"",,"Very unlikely","Yes","No","No","Yes","Yes","No","No","No","No","No","No","No",,"Yes",2,"Yes","No","No","No",,150,"Massive increase","Slight decrease","No",,,"",1,"Yes","Inorder to plant more crops as we have few farms"
"42-85-64-91","Acres","",10,0,2,0,.5,0,0,"Private owned with no land title",,"Private owned with land title",,"Private owned with no land title",,,"No",,"",,"",,"Very unlikely","No",,,,,,,,,,,,,"Yes",4,"Yes","No","No","No",,500,"Slight decrease","Massive decrease","No",,,"",5,"Yes","for agriculture  activities  and Afforestation"
"90-50-65-07","Acres","",4,1,3,0,.5,2,0,"Leased/rented","Leased/rented","Private owned with no land title",,"Private owned with no land title","Leased/rented",,"No",,"",,"",,"unlikely","No",,,,,,,,,,,,,"Yes",3,"Yes","No","No","No",,1200,"Slight decrease","Massive decrease","No",,,"",4,"Yes","Increase family income"
"54-70-24-21","Acres","",5,5,.125,0,.5,0,0,"Leased/rented","Leased/rented","Private owned with no land title",,"Private owned with no land title",,,"No",,"",,"",,"Likely","Yes","No","Yes","No","No","No","No","No","No","No","No","No",,"No",,,,,,,120,"Slight decrease","Slight decrease","No",,,"",2,"Yes","increase production"
"38-66-21-90","Acres","",4,0,0,1.5,0,0,0,"Private owned with land title",,,"Private owned with land title",,,,"No",,"",,"",,"Very unlikely","Yes","No","Yes","No","No","No","No","No","No","No","No","No",,"No",,,,,,,160,"The same","The same","No",,,"",2,"No","I don't have intention to add"
"32-53-90-85","Acres","",2,0,0,0,.25,0,0,"Private owned with no land title",,,,"Private owned with no land title",,,"No",,"",,"",,"Very unlikely","Yes","No","No","No","Yes","No","No","Yes","No","No","No","No",,"No",,,,,,,0,"Slight decrease","Massive decrease","Yes",200000,"Private individual/Money lender","",2,"Yes","farming"
"67-43-43-96","Acres","",4,4,4,0,.125,0,0,"Private owned with land title","Private owned with land title","Private owned with land title",,"Private owned with land title",,,"No",,"",,"",,"unlikely","No",,,,,,,,,,,,,"No",,,,,,,0,"The same","Slight decrease","No",,,"",2,"Yes","for family"
"30-12-86-30","Acres","",3,1,0,0,.4,0,0,"Private owned with land title","Private owned with land title",,,"Private owned with no land title",,,"Yes","Within family","","Village headman / chairperson","","No","Maybe, maybe not","No",,,,,,,,,,,,,"No",,,,,,,0,"Slight decrease","Massive decrease","No",,,"",3,"No","EXPENSES"
"18-64-04-51","Acres","",5,1,.25,0,1,0,0,"Private owned with no land title","Private owned with no land title","Private owned with land title",,"Private owned with land title",,,"Yes","Other individuals","","Tried to sort out ourselves","","Yes","Very unlikely","Yes","No","No","Yes","No","No","No","No","No","No","No","Yes",,"No",,,,,,,150,"Slight decrease","Massive decrease","No",,,"",3,"Yes","I have big family that depends on me"
"44-00-42-23","Acres","",2,0,0,0,1,0,0,"Leased/rented",,,,"Private owned with land title",,,"No",,"",,"",,"Very unlikely","Yes","No","Yes","No","No","No","No","No","No","No","No","No",,"No",,,,,,,5,"Slight decrease","Massive decrease","No",,,"",0,"Yes","farming"
"49-30-59-44","Acres","",4,3,3,0,1,0,0,"Private owned with no land title","Private owned with no land title","Private owned with land title",,"Private owned with no land title",,,"No",,"",,"",,"Very unlikely","No",,,,,,,,,,,,,"Yes",3,"Yes","No","No","No",,1800,"Slight decrease","Massive decrease","No",,,"",1,"No","financial difficulties"
"08-14-33-80","Acres","",1.5,0,0,0,.25,0,0,"Private owned with no land title",,,,"Private owned with no land title",,,"No",,"",,"",,"unlikely","Yes","No","No","Yes","No","No","No","Yes","No","No","No","No",,"No",,,,,,,0,"Slight decrease","Massive decrease","No",,,"",1,"Yes","cultivation purpose"
"03-68-26-31","Acres","",.25,0,0,0,.25,0,0,"Private owned with no land title",,,,"Private owned with no land title",,,"No",,"",,"",,"unlikely","Yes","No","No","Yes","No","No","No","No","No","No","No","No",,"No",,,,,,,0,"Slight decrease","Massive decrease","No",,,"",2,"No","she is too old"
"76-88-86-20","Acres","",7,2,3,0,.5,0,.75,"Private owned with no land title","Private owned with no land title","Private owned with no land title",,"Private owned with no land title",,"Private owned with land title","No",,"",,"",,"Very unlikely","No",,,,,,,,,,,,,"Yes",3,"Yes","No","No","No",,5000,"Slight decrease","Massive decrease","No",,,"",5,"Yes","for our family and expansion of agriculture  activities"
"41-48-09-97","Acres","",10,0,6,0,.5,0,0,"Private owned with no land title",,"Private owned with no land title",,"Private owned with land title",,,"Yes","Within family","","Village headman / chairperson","","Yes","Likely","Yes","No","No","Yes","No","No","No","No","No","No","No","No",,"No",,,,,,,960,"Slight decrease","Massive decrease","No",,,"",10,"No","EXPENSES"
"21-76-07-53","Acres","",4,1.5,0,0,2.5,0,0,"Private owned with no land title","Private owned with no land title",,,"Private owned with no land title",,,"No",,"",,"",,"Very unlikely","No",,,,,,,,,,,,,"No",,,,,,,0,"Massive decrease","Massive decrease","No",,,"",3,"Yes","to get a fertile land"
"01-41-01-54","Acres","",8,0,3,0,.25,0,0,"Private owned with land title",,"Private owned with no land title",,"Private owned with land title",,,"No",,"",,"",,"Very unlikely","No",,,,,,,,,,,,,"No",,,,,,,3000,"Massive decrease","Massive decrease","No",,,"",4,"Yes","so as to have enough money to  provide for the family"
"13-11-49-85","Acres","",5,0,0,0,1,0,0,"Private owned with no land title",,,,"Private owned with no land title",,,"No",,"",,"",,"unlikely","Yes","No","No","Yes","Yes","No","No","No","No","No","No","No",,"Yes",5,"Yes","No","No","No",,3,"Massive increase","Massive decrease","No",,,"",2,"Yes","I need another one to plant more crops"
"72-37-75-96","Acres","",4,0,0,.5,0,0,0,"Private owned with no land title",,,"Private owned with no land title",,,,"No",,"",,"",,"Very unlikely","No",,,,,,,,,,,,,"No",,,,,,,40,"The same","The same","No",,,"",1,"No","we're too old to add another plot"
"71-85-96-60","Acres","",1,0,0,0,.5,0,0,"Private owned with no land title",,,,"Private owned with no land title",,,"No",,"",,"",,"Maybe, maybe not","Yes","No","No","Yes","No","No","No","No","No","No","No","No",,"No",,,,,,,0,"Massive decrease","Massive decrease","No",,,"",2,"Yes","to build house"
"92-03-64-77","Acres","",4.5,0,0,0,.5,0,0,"Private owned with no land title",,,,"Private owned with no land title",,,"No",,"",,"",,"Very unlikely","No",,,,,,,,,,,,,"Yes",1,"Yes","No","No","No",,0,"Slight decrease","Massive decrease","No",,,"",3,"Yes","need to have more land to cultivate more cash crop"
"33-40-16-02","Acres","",10,8,0,0,0,0,0,"Private owned with land title","Private owned with land title",,,,,,"Yes","Other individuals","","Village headman / chairperson","","Yes","Very unlikely","Yes","No","Yes","No","No","No","No","No","No","No","No","No",,"No",,,,,,,0,"The same","The same","No",,,"",1,"No","i don't have ability to handle more plots"
"55-06-75-57","Acres","",5,2,0,0,.5,0,0,"Private owned with no land title","Private owned with no land title",,,"Private owned with no land title",,,"No",,"",,"",,"Very unlikely","Yes","No","No","No","No","No","No","No","No","Yes","No","No",,"No",,,,,,,0,"Slight decrease","Massive decrease","No",,,"",3,"Yes","for cash crop farming"
"01-05-06-43","Acres","",7,18,1,0,1,0,0,"Private owned with no land title","Private owned with no land title","Private owned with no land title",,"Private owned with no land title",,,"No",,"",,"",,"Very unlikely","Yes","No","No","No","No","No","No","No","No","Yes","No","No",,"Yes",1,"Yes","No","No","No",,120,"Massive decrease","Massive decrease","No",,,"",3,"Yes","farming"
"12-46-80-99","Acres","",8,8,0,0,1,0,0,"Private owned with no land title","Private owned with no land title",,,"Private owned with no land title",,,"Yes","Other individuals","","Village headman / chairperson","","Yes","Likely","Yes","No","Yes","No","No","No","No","No","No","No","No","No",,"No",,,,,,,0,"Massive decrease","Massive decrease","No",,,"",3,"Yes","increase production"
"34-76-42-19","Acres","",9,0,0,0,1,0,0,"Private owned with land title",,,,"Private owned with no land title",,,"Yes","Other individuals","","Village headman / chairperson","","No","Very likely","Yes","No","No","Yes","Yes","No","No","No","No","No","No","No",,"No",,,,,,,0,"Massive decrease","Massive decrease","No",,,"",3,"No","financial chrisis"
"62-44-56-00","Acres","",6,0,0,0,1,0,0,"Private owned with no land title",,,,"Private owned with no land title",,,"No",,"",,"",,"unlikely","Yes","No","No","Yes","Yes","No","No","No","No","No","No","No",,"Yes",6,"Yes","No","No","No",,0,"Slight increase","Slight decrease","No",,,"",4,"Yes","We want more land to plant more crops"
"35-05-05-79","Acres","",6,0,0,0,.5,0,0,"Private owned with land title",,,,"Private owned with land title",,,"No",,"",,"",,"Very unlikely","Yes","No","No","Yes","No","No","No","No","No","No","No","No",,"No",,,,,,,0,"Slight decrease","Massive decrease","No",,,"",6,"Yes","INCREASE CROP PRODUCTION"
"00-88-32-67","Acres","",3,4,0,0,.5,0,0,"Private owned with land title","Private owned with land title",,,"Private owned with land title",,,"Yes","Other individuals","","Village headman / chairperson","","Yes","Very unlikely","Yes","No","Yes","No","No","No","No","No","No","No","No","No",,"No",,,,,,,5,"Slight decrease","Massive decrease","No",,,"",5,"No","I am old"
"65-77-01-81","Acres","",7,7,0,0,.25,0,0,"Private owned with no land title","Private owned with no land title",,,"Private owned with no land title",,,"No",,"",,"",,"Maybe, maybe not","Yes","No","Yes","No","No","No","No","No","No","No","No","No",,"No",,,,,,,0,"Slight decrease","Slight decrease","No",,,"",2,"Yes","increase production"
"68-46-66-56","Acres","",4,0,0,0,.75,0,0,"Private owned with land title",,,,"Private owned with land title",,,"No",,"",,"",,"Very unlikely","Yes","No","Yes","No","No","No","No","No","No","No","No","No",,"Yes",1,"Yes","No","No","No",,15,"Slight decrease","Massive decrease","No",,,"",1,"Yes","the family is growing ang expanding so we need more agricultural land"
"30-46-23-21","Acres","",1.5,0,.25,0,.25,0,0,"Private owned with no land title",,"Private owned with land title",,"Private owned with land title",,,"No",,"",,"",,"Very unlikely","No",,,,,,,,,,,,,"No",,,,,,,0,"Massive decrease","Massive decrease","No",,,"",1,"No","because am old"
"13-17-41-36","Acres","",4,1.5,2,0,1,0,0,"Private owned with no land title","Private owned with no land title","Private owned with no land title",,"Private owned with no land title",,,"No",,"",,"",,"Maybe, maybe not","Yes","No","Yes","Yes","No","No","No","No","No","No","No","No",,"No",,,,,,,200,"Slight decrease","Massive decrease","No",,,"",4,"Yes","to expand families"
"99-55-34-47","Acres","",3.5,0,0,0,.25,0,0,"Private owned with no land title",,,,"Private owned with no land title",,,"No",,"",,"",,"unlikely","Yes","No","No","Yes","No","No","No","Yes","No","No","No","No",,"Yes",3.5,"Yes","No","No","No",,4,"Slight increase","Slight decrease","No",,,"",3,"Yes","I want to plant other crops like peas, sunflower, ground ups and beans."
"82-90-83-43","Acres","",2,0,0,0,.5,0,0,"Private owned with no land title",,,,"Private owned with no land title",,,"No",,"",,"",,"unlikely","Yes","No","No","Yes","No","No","No","No","No","No","No","No",,"Yes",2,"Yes","No","No","No",,0,"Slight increase","Slight decrease","No",,,"",2,"Yes","To plant more crops"
"98-51-51-03","Acres","",2,2.5,0,0,1,0,0,"Private owned with land title","Private owned with land title",,,"Private owned with land title",,,"Yes","Other individuals","","Nowhere","","No","unlikely","No",,,,,,,,,,,,,"No",,,,,,,0,"Slight decrease","Massive decrease","No",,,"",3,"No","I can't dig much more"
"10-71-84-42","Acres","",4,3,0,0,1,0,0,"Private owned with land title","Private owned with land title",,,"Private owned with land title",,,"No",,"",,"",,"Very unlikely","Yes","No","Yes","Yes","No","No","No","No","No","No","No","No",,"Yes",2,"Yes","No","No","No",,12,"Slight decrease","Slight decrease","No",,,"",2,"No","they are satisfied"
"49-18-02-61","Acres","",1,1,0,0,.5,0,0,"Private owned with land title","Private owned with land title",,,"Private owned with land title",,,"No",,"",,"",,"unlikely","Yes","No","Yes","No","No","No","No","No","No","No","No","No",,"Yes",2,"Yes","No","No","No",,5,"The same","The same","No",,,"",2,"No","they are enough"
"58-97-08-64","Acres","",1.25,0,0,0,.25,0,0,"Private owned with no land title",,,,"Private owned with no land title",,,"No",,"",,"",,"unlikely","Yes","No","No","Yes","Yes","No","No","No","No","No","No","No",,"Yes",1.25,"Yes","No","No","No",,3,"Massive increase","Slight decrease","No",,,"",1,"Yes","We want to plant more crops"
"61-93-54-26","Acres","",4,3,0,0,1,0,0,"Private owned with no land title","Private owned with no land title",,,"Private owned with no land title",,,"No",,"",,"",,"Maybe, maybe not","Yes","No","No","Yes","No","No","No","No","No","No","No","No",,"No",,,,,,,10,"Massive decrease","Massive decrease","No",,,"",3,"Yes","agriculture activities"
"51-95-58-91","Acres","",2,0,0,.25,.5,0,0,"Private owned with land title",,,"Private owned with land title","Private owned with land title",,,"No",,"",,"",,"Very unlikely","Yes","No","Yes","No","No","No","No","No","No","No","No","No",,"No",,,,,,,5,"Slight decrease","Massive decrease","No",,,"",2,"Yes","livestock feed"
"32-49-75-13","Acres","",3,8,0,0,2,0,43,"Private owned with no land title","Private owned with no land title",,,"Private owned with land title",,"Private owned with no land title","No",,"",,"",,"unlikely","No",,,,,,,,,,,,,"No",,,,,,,26,"Slight decrease","Slight decrease","No",,,"",3,"No","I am satisfied"
"68-39-51-63","Acres","",2,2,0,0,1,0,0,"Private owned with land title","Private owned with land title",,,"Private owned with land title",,,"No",,"",,"",,"Very unlikely","Yes","No","Yes","No","No","No","No","No","No","No","No","No",,"No",,,,,,,3,"Massive decrease","Massive decrease","No",,,"",2,"No","she is aged enough"
"46-13-75-58","Acres","",14,0,0,0,.5,0,0,"Private owned with no land title",,,,"Private owned with no land title",,,"No",,"",,"",,"Likely","Yes","No","No","Yes","No","No","No","No","No","No","No","No",,"Yes",10,"Yes","No","No","No",,5,"The same","Massive decrease","No",,,"",2,"No","what he has is enough"
"40-78-00-02","Acres","",4,0,0,0,2,0,0,"Private owned with no land title",,,,"Private owned with no land title",,,"Yes","Other individuals","","Village headman / chairperson","","Yes","Likely","Yes","No","No","Yes","No","No","No","No","No","No","No","No",,"No",,,,,,,10,"Massive decrease","Massive decrease","No",,,"",4,"Yes","TO GET MORE PRODUCTS"
"69-63-50-52","Acres","",1,0,0,0,.25,0,0,"Private owned with no land title",,,,"Private owned with no land title",,,"No",,"",,"",,"unlikely","Yes","No","No","Yes","No","No","No","No","No","No","No","No",,"No",,,,,,,0,"The same","Slight decrease","No",,,"",2,"Yes","the plot is enough"
"20-96-52-92","Acres","",3,0,0,0,.5,0,0,"Private owned with land title",,,,"Private owned with land title",,,"No",,"",,"",,"unlikely","Yes","No","Yes","Yes","Yes","No","No","No","No","No","No","No",,"Yes",.5,"Yes","No","No","No",,20,"Massive decrease","Massive decrease","No",,,"",2,"Yes","agriculture activities"
"37-33-23-29","Acres","",3,0,0,0,.75,0,0,"Private owned with no land title",,,,"Private owned with no land title",,,"Yes","Other individuals","","Village headman / chairperson","","Yes","Likely","Yes","No","Yes","No","No","No","No","No","No","No","No","No",,"No",,,,,,,0,"Slight decrease","Massive decrease","No",,,"",2,"Yes","commercial cultivation"
"55-09-60-79","Acres","",1,0,0,0,1,0,0,"Private owned with no land title",,,,"Private owned with no land title",,,"No",,"",,"",,"Maybe, maybe not","Yes","No","No","Yes","Yes","No","No","No","No","No","No","No",,"No",,,,,,,0,"The same","The same","No",,,"",1,"Yes","agriculture  activities"
"13-88-02-80","Acres","",2,0,0,0,.25,0,0,"Private owned with no land title",,,,"Private owned with no land title",,,"No",,"",,"",,"unlikely","Yes","No","No","Yes","No","No","No","No","No","No","No","No",,"No",,,,,,,0,"Slight decrease","Massive decrease","No",,,"",2,"No","EXPENSES"
"50-55-09-07","Acres","",1,0,0,0,.25,0,0,"Private owned with no land title",,,,"Private owned with no land title",,,"No",,"",,"",,"Maybe, maybe not","No",,,,,,,,,,,,,"No",,,,,,,0,"Slight decrease","Slight decrease","No",,,"",1,"No","no energy"
"85-93-95-50","Acres","",2,0,0,0,.25,0,0,"Leased/rented",,,,"Private owned with land title",,,"No",,"",,"",,"Very unlikely","No",,,,,,,,,,,,,"No",,,,,,,10,"Slight decrease","Slight decrease","No",,,"",1,"No","lack of money"
"97-19-27-00","Acres","",1.5,0,0,0,0,0,0,"Private owned with no land title",,,,,,,"No",,"",,"",,"Very unlikely","No",,,,,,,,,,,,,"No",,,,,,,0,"The same","The same","No",,,"",1,"No","I don't have any other sources for helping my family to add another plot"
"60-48-30-05","Acres","",1.5,0,0,0,.5,0,0,"Private owned with land title",,,,"Private owned with land title",,,"No",,"",,"",,"unlikely","Yes","No","Yes","No","No","No","No","No","No","No","No","No",,"No",,,,,,,0,"Slight decrease","Massive decrease","No",,,"",1,"No","im weak"
"80-01-40-08","Acres","",2,0,0,0,.5,0,0,"Private owned with no land title",,,,"Private owned with no land title",,,"No",,"",,"",,"Maybe, maybe not","No",,,,,,,,,,,,,"No",,,,,,,0,"Slight decrease","Massive decrease","No",,,"",1,"No","not energetic anymore"
"29-52-09-79","Acres","",2.5,0,0,0,.25,0,0,"Leased/rented",,,,"Private owned with land title",,,"No",,"",,"",,"Very unlikely","No",,,,,,,,,,,,,"No",,,,,,,0,"Slight decrease","Massive decrease","No",,,"",2,"Yes","to have surplus production for sale"
"07-76-06-35","Acres","",4,1,0,0,5,0,0,"Private owned with land title","Private owned with land title",,,"Private owned with land title",,,"No",,"",,"",,"Very unlikely","Yes","No","No","Yes","No","No","No","No","No","No","No","No",,"No",,,,,,,0,"Massive decrease","Massive decrease","No",,,"",1,"Yes","To invest for kids"
"73-75-27-37","Acres","",1,0,0,0,0,0,0,"Private owned with no land title",,,,,,,"No",,"",,"",,"Very unlikely","No",,,,,,,,,,,,,"No",,,,,,,0,"Slight decrease","Slight decrease","No",,,"",1,"No","I don't have money to add another plot"
"99-26-76-45","Acres","",2,0,0,0,.25,0,0,"Private owned with no land title",,,,"Private owned with no land title",,,"No",,"",,"",,"Very unlikely","Yes","No","No","Yes","Yes","No","No","No","No","No","No","No",,"No",,,,,,,0,"Massive decrease","Massive decrease","No",,,"",3,"Yes","agriculture  activities"
"91-46-41-86","Acres","",3,0,0,0,.5,0,0,"Private owned with land title",,,,"Private owned with land title",,,"No",,"",,"",,"Very unlikely","Yes","No","Yes","No","No","No","No","No","No","No","No","No",,"No",,,,,,,0,"Slight decrease","Massive decrease","No",,,"",1,"No","financial difficulties"
"67-86-22-06","Acres","",1.125,0,0,0,.125,0,0,"Private owned with no land title",,,,"Leased/rented",,,"Yes","Within family","","Clan / Elder","","Yes","unlikely","No",,,,,,,,,,,,,"No",,,,,,,0,"The same","Slight decrease","No",,,"",2,"Yes","crop cultivation"
"98-64-51-77","Acres","",3,0,0,0,1,0,0,"Private owned with land title",,,,"Private owned with no land title",,,"No",,"",,"",,"Very likely","No",,,,,,,,,,,,,"No",,,,,,,0,"Slight decrease","Massive decrease","No",,,"",2,"No","I'm too old"
"83-59-27-80","Acres","",1.75,2,0,0,.25,0,0,"Private owned with no land title","Private owned with no land title",,,"Private owned with no land title",,,"No",,"",,"",,"Maybe, maybe not","Yes","No","Yes","No","No","No","No","No","No","No","No","No",,"No",,,,,,,0,"The same","The same","No",,,"",1,"Yes","for children"
"12-54-62-85","Acres","",2,0,0,0,.25,0,0,"Private owned with land title",,,,"Private owned with land title",,,"No",,"",,"",,"Very unlikely","Yes","No","Yes","Yes","Yes","No","No","No","No","No","No","No",,"No",,,,,,,0,"Massive decrease","Massive decrease","No",,,"",1,"No","money problems"
"47-32-93-31","Acres","",1.4,0,0,0,0,0,0,"Private owned with no land title",,,,,,,"No",,"",,"",,"Very unlikely","No",,,,,,,,,,,,,"No",,,,,,,0,"The same","The same","No",,,"",1,"No","financially unstable"
"45-06-90-36","Acres","",2,0,0,0,.25,0,0,"Private owned with land title",,,,"Private owned with land title",,,"No",,"",,"",,"unlikely","Yes","No","No","Yes","No","No","No","No","No","No","No","No",,"No",,,,,,,0,"Massive decrease","Massive decrease","No",,,"",1,"No","NO MONEY AND AGING"
"24-42-82-26","Acres","",4,0,0,10,1,0,0,"Private owned with land title",,,"Private owned with land title","Private owned with land title",,,"No",,"",,"",,"Very unlikely","Yes","No","Yes","Yes","No","No","No","No","No","No","No","No",,"No",,,,,,,0,"Massive decrease","Massive decrease","No",,,"",3,"Yes","agriculture  activities"
"22-27-70-86","Acres","",4,1.5,0,0,.5,0,0,"Private owned with no land title","Private owned with no land title",,,"Private owned with land title",,,"No",,"",,"",,"unlikely","Yes","No","No","Yes","No","No","No","No","No","No","No","No",,"No",,,,,,,10,"Slight decrease","Massive decrease","No",,,"",4,"No","ENOUGH"
"04-24-78-04","Acres","",1,0,0,0,.5,0,0,"Private owned with no land title",,,,"Private owned with no land title",,,"No",,"",,"",,"unlikely","Yes","No","No","Yes","No","No","No","No","No","No","No","No",,"No",,,,,,,1,"Massive decrease","The same","No",,,"",2,"No","EXPENSES"
"83-44-01-42","Acres","",3,0,0,0,.25,0,0,"Private owned with land title",,,,"Private owned with no land title",,,"No",,"",,"",,"Very unlikely","No",,,,,,,,,,,,,"No",,,,,,,0,"Massive decrease","Massive decrease","No",,,"",2,"Yes","to create a base for family future"
"55-32-62-10","Acres","",7,.5,.5,0,.75,0,1.5,"Private owned with land title","Private owned with land title","Private owned with land title",,"Private owned with land title",,"Private owned with land title","No",,"",,"",,"Very unlikely","Yes","No","Yes","No","No","No","No","No","No","No","No","No",,"No",,,,,,,200,"Slight decrease","Massive decrease","No",,,"",7,"Yes","to increase income for the family"
"16-97-28-87","Acres","",2.25,0,0,0,.25,0,0,"Private owned with no land title",,,,"Private owned with no land title",,,"No",,"",,"",,"unlikely","Yes","No","No","Yes","No","No","No","No","No","No","No","No",,"No",,,,,,,0,"Massive decrease","Massive decrease","No",,,"",2,"No","AGING"
"79-79-53-26","Acres","",3,1,0,0,.25,0,0,"Private owned with no land title","Private owned with no land title",,,"Private owned with no land title",,,"No",,"",,"",,"Likely","Yes","No","No","Yes","No","No","No","No","No","No","No","No",,"No",,,,,,,0,"Massive decrease","Massive decrease","No",,,"",3,"No","NO MONEY"
"86-05-40-89","Acres","",4.5,2.5,0,0,.5,0,0,"Private owned with land title","Private owned with land title",,,"Private owned with land title",,,"No",,"",,"",,"unlikely","Yes","No","No","Yes","No","No","No","No","No","No","No","No",,"No",,,,,,,0,"Slight decrease","Massive decrease","Yes",500000,"Bank","",4,"No","EXPENSES"
"06-02-25-50","Acres","",3,0,0,0,2.5,0,0,"Private owned with land title",,,,"Private owned with land title",,,"No",,"",,"",,"Very unlikely","No",,,,,,,,,,,,,"No",,,,,,,0,"The same","The same","No",,,"",2,"No","inability"
"07-64-12-97","Acres","",1.5,1,0,0,6,0,0,"Private owned with land title","Private owned with land title",,,"Private owned with land title",,,"No",,"",,"",,"Very unlikely","Yes","No","Yes","No","No","No","No","No","No","No","No","No",,"Yes",1,"Yes","No","No","No",,0,"Slight decrease","Massive decrease","No",,,"",2,"No","financial difficulties and satisfied"
"67-73-53-75","Acres","",3,1,0,0,.5,0,0,"Private owned with no land title","Private owned with no land title",,,"Private owned with no land title",,,"Yes","Within family","","Nowhere","","No","Very likely","No",,,,,,,,,,,,,"No",,,,,,,0,"Massive decrease","Massive decrease","No",,,"",1,"No","TOO EXPENSIVE"
"96-07-74-28","Acres","",2,0,0,0,.25,0,0,"Private owned with land title",,,,"Private owned with land title",,,"No",,"",,"",,"Very unlikely","Yes","No","Yes","Yes","No","No","No","No","No","No","No","No",,"Yes",1.5,"Yes","No","No","No",,8,"The same","Slight decrease","No",,,"",1,"Yes","for agriculture activities"
"13-42-68-56","Acres","",3,4,0,0,.25,0,0,"Private owned with land title","Private owned with no land title",,,"Private owned with land title",,,"No",,"",,"",,"Maybe, maybe not","Yes","No","No","Yes","No","No","No","No","No","No","No","No",,"No",,,,,,,0,"Massive decrease","Massive decrease","No",,,"",4,"No","no need"
"78-89-03-74","Acres","",5,2.5,0,0,.5,0,0,"Private owned with no land title","Private owned with no land title",,,"Private owned with no land title",,,"No",,"",,"",,"unlikely","Yes","No","No","Yes","No","No","No","No","No","No","No","No",,"No",,,,,,,80,"Massive decrease","Massive decrease","No",,,"",1,"No","EXPENSIVE"
"29-15-86-87","Acres","",8.5,4,0,1,0,0,0,"Private owned with no land title","Private owned with no land title",,"Private owned with no land title",,,,"Yes","Within family","","Clan / Elder","","Yes","Very unlikely","Yes","No","No","No","Yes","No","No","No","Yes","No","No","No",,"No",,,,,,,600,"The same","The same","No",,,"",2,"No","it's enough for us"
"83-15-50-69","Acres","",2.5,10,0,0,1,0,0,"Private owned with land title","Private owned with land title",,,"Private owned with land title",,,"No",,"",,"",,"Very unlikely","Yes","No","Yes","Yes","No","No","No","No","No","No","No","No",,"No",,,,,,,0,"Massive decrease","Massive decrease","No",,,"",3,"No","respondent say that the plot is enough  no need to another plot"
"96-73-61-56","Acres","",1.5,0,0,0,.25,0,0,"Private owned with land title",,,,"Private owned with land title",,,"No",,"",,"",,"Very unlikely","Yes","No","Yes","Yes","No","No","No","No","No","No","No","No",,"No",,,,,,,15,"Massive decrease","Massive decrease","No",,,"",3,"Yes","agriculture  activities"
"68-46-53-43","Acres","",2,2,0,0,1.5,0,0,"Private owned with no land title","Private owned with no land title",,,"Private owned with no land title",,,"No",,"",,"",,"Likely","Yes","No","Yes","No","No","No","No","No","No","No","No","No",,"No",,,,,,,0,"Slight decrease","Slight decrease","No",,,"",1,"Yes","Increase production"
"65-84-91-55","Acres","",13,10,0,0,.25,0,0,"Private owned with no land title","Private owned with no land title",,,"Private owned with no land title",,,"No",,"",,"",,"Very unlikely","No",,,,,,,,,,,,,"No",,,,,,,200,"Massive decrease","Massive decrease","No",,,"",1,"No","EXPENSES"
"79-25-63-35","Acres","",5,0,4,0,.5,0,0,"Private owned with no land title",,"Private owned with no land title",,"Private owned with no land title",,,"No",,"",,"",,"Maybe, maybe not","Yes","No","No","Yes","No","No","No","No","No","No","No","No",,"Yes",.5,"Yes","No","No","No",,10,"Massive decrease","Massive decrease","Yes",300000,"Family, friend or relative","",5,"Yes","securing land for the family"
"80-29-04-22","Acres","",3,0,0,0,1,0,0,"Private owned with no land title",,,,"Private owned with no land title",,,"No",,"",,"",,"unlikely","No",,,,,,,,,,,,,"No",,,,,,,0,"Massive decrease","Massive decrease","No",,,"",2,"No","NO MONEY"
"15-34-92-71","Acres","",2,0,0,0,.25,0,0,"Communally owned",,,,"Private owned with land title",,,"No",,"",,"",,"Maybe, maybe not","No",,,,,,,,,,,,,"No",,,,,,,0,"Massive decrease","Massive decrease","No",,,"",1,"No","I have no money"
"28-29-76-59","Acres","",6.5,2,0,.5,0,0,0,"Private owned with no land title","Private owned with no land title",,"Private owned with no land title",,,,"No",,"",,"",,"Very unlikely","No",,,,,,,,,,,,,"No",,,,,,,45,"The same","The same","No",,,"",2,"No","it cost more labour"
"26-01-09-21","Acres","",2,0,0,0,.25,0,0,"Private owned with land title",,,,"Private owned with land title",,,"No",,"",,"",,"Very unlikely","Yes","No","Yes","No","No","No","No","No","No","No","No","No",,"No",,,,,,,0,"Massive decrease","Massive decrease","No",,,"",1,"No","lack of capital/income"
"29-37-06-51","Acres","",3,.5,0,0,1,0,0,"Private owned with no land title","Private owned with no land title",,,"Private owned with no land title",,,"No",,"",,"",,"unlikely","No",,,,,,,,,,,,,"No",,,,,,,0,"Massive decrease","Massive decrease","No",,,"",2,"No","not energrtic to farm other new farms"
"81-06-47-80","Acres","",1.5,1.5,0,0,.5,0,0,"Private owned with land title","Private owned with land title",,,"Private owned with land title",,,"No",,"",,"",,"Very likely","Yes","No","Yes","Yes","No","No","No","No","No","No","No","No",,"No",,,,,,,10,"Massive decrease","Massive decrease","No",,,"",3,"Yes","agriculture"
"65-79-07-96","Acres","",1,0,0,0,.25,0,0,"Private owned with land title",,,,"Private owned with land title",,,"No",,"",,"",,"Very unlikely","Yes","No","No","Yes","No","No","No","No","No","No","No","No",,"No",,,,,,,4,"The same","Slight decrease","No",,,"",1,"No","lack of capital"
"10-31-70-66","Acres","",4,4,0,0,.75,0,0,"Private owned with land title","Private owned with land title",,,"Private owned with land title",,,"No",,"",,"",,"Likely","Yes","No","Yes","No","No","No","No","No","No","No","No","No",,"No",,,,,,,0,"Slight decrease","Slight decrease","No",,,"",1,"Yes","increase production and for children"
"32-61-55-41","Acres","",3,0,0,0,.25,0,0,"Private owned with land title",,,,"Private owned with land title",,,"No",,"",,"",,"Maybe, maybe not","Yes","No","Yes","Yes","No","No","No","No","No","No","No","No",,"No",,,,,,,0,"Massive decrease","Massive decrease","No",,,"",3,"Yes","for cultivating food crop for my family"
"33-65-05-28","Acres","",7,4,0,.5,0,0,0,"Private owned with no land title","Private owned with no land title",,"Private owned with no land title",,,,"No",,"",,"",,"Very unlikely","No",,,,,,,,,,,,,"No",,,,,,,20,"The same","The same","No",,,"",2,"No","the plots we have is enough for us"
"37-31-29-27","Acres","",1.75,1.75,0,13.6,2,0,0,"Private owned with land title","Private owned with land title",,"Private owned with land title","Private owned with land title",,,"No",,"",,"",,"Likely","Yes","No","Yes","No","No","No","No","No","No","No","No","No",,"No",,,,,,,0,"Slight decrease","Slight decrease","No",,,"",3,"Yes","increase production"
"13-98-20-22","Acres","",6,5,0,0,1,0,0,"Private owned with no land title","Private owned with no land title",,,"Private owned with no land title",,,"Yes","Within family","","Clan / Elder","","No","Likely","Yes","No","Yes","Yes","No","No","No","No","No","No","No","No",,"No",,,,,,,30,"Massive decrease","Massive decrease","No",,,"",3,"Yes","family activities"
"04-80-94-39","Acres","",1.5,1,0,0,.25,0,0,"Private owned with no land title","Private owned with no land title",,,"Private owned with no land title",,,"No",,"",,"",,"unlikely","Yes","No","No","Yes","No","No","No","No","No","No","No","No",,"No",,,,,,,12,"Massive decrease","Massive decrease","No",,,"",3,"Yes","agriculture activities"
"28-75-01-80","Acres","",4,4,0,0,1,0,0,"Private owned with land title","Private owned with land title",,,"Private owned with land title",,,"Yes","Other individuals","","Village headman / chairperson","","No","Likely","Yes","No","Yes","No","No","No","No","No","No","No","No","No",,"No",,,,,,,0,"Slight decrease","Slight decrease","No",,,"",1,"No","he doesn't have money"
"30-19-51-31","Acres","",1,0,0,0,.25,0,0,"Leased/rented",,,,"Private owned with land title",,,"No",,"",,"",,"Very unlikely","No",,,,,,,,,,,,,"No",,,,,,,0,"Massive decrease","Massive decrease","No",,,"",1,"Yes","to increase food production"
"29-29-81-12","Acres","",.5,0,0,0,.5,0,0,"Private owned with no land title",,,,"Private owned with no land title",,,"No",,"",,"",,"unlikely","No",,,,,,,,,,,,,"No",,,,,,,0,"Massive decrease","Massive decrease","No",,,"",1,"No","EXPENSES"
"83-66-69-06","Acres","",3,0,0,0,.25,0,0,"Leased/rented",,,,"Private owned with land title",,,"No",,"",,"",,"Likely","Yes","No","No","Yes","Yes","No","No","Yes","No","No","No","No",,"No",,,,,,,0,"Massive decrease","Massive decrease","No",,,"",3,"Yes","low financial ability"
"26-43-59-91","Acres","",3,1.5,0,0,1.5,0,0,"Private owned with no land title","Private owned with no land title",,,"Private owned with no land title",,,"No",,"",,"",,"Very unlikely","Yes","No","No","Yes","No","No","No","No","No","No","No","No",,"No",,,,,,,12,"Slight decrease","Massive decrease","No",,,"",3,"No","EXPENSES"
"97-96-91-38","Acres","",2,0,0,0,.5,0,0,"Private owned with no land title",,,,"Private owned with no land title",,,"No",,"",,"",,"Very likely","Yes","No","No","Yes","No","No","No","No","No","No","No","No",,"No",,,,,,,0,"Massive decrease","Massive decrease","No",,,"",2,"No","EXPENSIVE"
"27-34-90-31","Acres","",1.5,0,0,0,0,0,0,"Private owned with no land title",,,,,,,"No",,"",,"",,"Very unlikely","No",,,,,,,,,,,,,"No",,,,,,,0,"The same","The same","No",,,"",1,"No","lack of money"
"23-72-17-40","Acres","",5,0,0,0,0,0,0,"Private owned with land title",,,,,,,"No",,"",,"",,"Very unlikely","Yes","No","No","No","Yes","No","No","No","Yes","No","No","No",,"No",,,,,,,25,"The same","The same","No",,,"",2,"No","I am too old"
"39-58-22-39","Acres","",7,2,0,0,0,0,0,"Private owned with no land title","Private owned with no land title",,,,,,"No",,"",,"",,"Very unlikely","No",,,,,,,,,,,,,"No",,,,,,,0,"The same","The same","No",,,"",3,"No","the plots I have is enough for my family"
"97-79-33-71","Acres","",5,0,0,0,.5,0,0,"Private owned with land title",,,,"Private owned with land title",,,"No",,"",,"",,"Very unlikely","Yes","No","No","Yes","No","No","No","No","No","No","No","No",,"No",,,,,,,0,"Slight decrease","Massive decrease","No",,,"",5,"No","EXPENSIVE"
"69-57-31-01","Acres","",3,1,0,0,0,0,0,"Private owned with no land title","Private owned with no land title",,,,,,"No",,"",,"",,"Very unlikely","No",,,,,,,,,,,,,"No",,,,,,,0,"The same","The same","No",,,"",1,"No","we don't have much money to add another plot"
"60-54-64-58","Acres","",5,0,0,0,.25,0,0,"Private owned with no land title",,,,"Private owned with no land title",,,"No",,"",,"",,"Likely","No",,,,,,,,,,,,,"Yes",.25,"Yes","No","No","No",,0,"Massive decrease","Massive decrease","No",,,"",1,"Yes","farming"
"89-99-48-67","Acres","",2,0,0,0,.25,0,0,"Private owned with no land title",,,,"Private owned with no land title",,,"Yes","Within family","","Clan / Elder","","Yes","unlikely","Yes","No","No","Yes","No","No","No","Yes","No","No","No","No",,"Yes",2,"Yes","No","No","No",,0,"Slight increase","Slight decrease","No",,,"",1,"Yes","I want to plant trees and cash crops like sun flowers"
"44-61-50-65","Acres","",.15,0,0,0,.1,0,0,"Private owned with no land title",,,,"Private owned with no land title",,,"No",,"",,"",,"unlikely","Yes","No","No","Yes","Yes","No","No","Yes","No","No","No","No",,"Yes",.15,"Yes","No","No","No",,0,"Slight increase","Slight decrease","No",,,"",1,"No","I can't afford to buy another farm and I'm too old to manage and plant crops on other farms."
"12-80-78-48","Acres","",2,0,0,0,.1,0,0,"Private owned with no land title",,,,"Private owned with no land title",,,"No",,"",,"",,"unlikely","Yes","No","No","Yes","No","No","No","No","No","No","No","No",,"Yes",2,"Yes","No","No","No",,0,"Massive increase","Massive decrease","No",,,"",1,"No","I am too old, hence I don't have strength to plant crops"
"28-02-97-48","Acres","",13,13,0,0,0,0,0,"Private owned with land title","Private owned with land title",,,,,,"No",,"",,"",,"Very unlikely","Yes","No","Yes","No","No","No","No","No","No","No","No","No",,"No",,,,,,,0,"The same","The same","No",,,"",6,"No","I have more plots"
"70-19-76-68","Acres","",3,3,0,.125,3.5,0,0,"Private owned with land title","Private owned with land title",,"Private owned with land title","Private owned with land title",,,"No",,"",,"",,"Maybe, maybe not","Yes","No","Yes","No","No","No","No","No","No","No","No","No",,"No",,,,,,,0,"Massive decrease","Massive decrease","No",,,"",2,"Yes","For Children"
"46-78-87-50","Acres","",3,.5,0,0,1.25,0,0,"Private owned with no land title","Private owned with no land title",,,"Private owned with no land title",,,"No",,"",,"",,"unlikely","Yes","No","Yes","Yes","No","No","No","No","No","No","No","No",,"No",,,,,,,0,"Massive decrease","Massive decrease","No",,,"",2,"Yes","to build new house"
"18-43-40-98","Acres","",2,0,0,0,0,0,0,"Private owned with no land title",,,,,,,"No",,"",,"",,"Very unlikely","Yes","No","Yes","No","No","No","No","No","No","No","No","No",,"No",,,,,,,0,"The same","Slight decrease","No",,,"",1,"No","the plots i have is enough for my self"
"50-39-55-52","Acres","",2.5,0,0,0,.125,0,0,"Private owned with no land title",,,,"Private owned with no land title",,,"Yes","Other individuals","","Village headman / chairperson","","No","Likely","No",,,,,,,,,,,,,"No",,,,,,,0,"Slight decrease","Massive decrease","No",,,"",1,"No","old and sick"
"82-64-50-66","Acres","",5,0,0,0,.125,0,1,"Private owned with land title",,,,"Private owned with land title",,"Private owned with land title","No",,"",,"",,"Very unlikely","Yes","No","Yes","Yes","No","No","No","No","No","No","No","No",,"Yes",1.5,"Yes","No","No","No",,0,"Slight increase","Slight decrease","No",,,"",3,"Yes","crop cultivation"
"46-02-32-25","Acres","",1.5,0,0,0,.25,0,0,"Private owned with land title",,,,"Private owned with land title",,,"No",,"",,"",,"unlikely","Yes","No","Yes","Yes","No","No","No","Yes","No","No","No","No",,"No",,,,,,,0,"The same","Slight decrease","No",,,"",1,"Yes","securing land for children"
"51-99-40-78","Acres","",1,0,0,0,.166,0,0,"Leased/rented",,,,"Leased/rented",,,"No",,"",,"",,"Very unlikely","No",,,,,,,,,,,,,"No",,,,,,,0,"Massive decrease","Massive decrease","No",,,"",1,"No","no enough money to rent or buy another farmland"
"45-83-32-93","Acres","",1,.5,0,0,.5,0,0,"Private owned with no land title","Private owned with no land title",,,"Private owned with no land title",,,"No",,"",,"",,"Maybe, maybe not","Yes","No","No","Yes","Yes","No","No","No","No","No","No","No",,"No",,,,,,,10,"The same","Slight decrease","No",,,"",1,"Yes","agriculture activities"
"33-22-63-71","Acres","",4.5,0,0,0,0,0,0,"Private owned with land title",,,,,,,"No",,"",,"",,"Very unlikely","Yes","No","Yes","No","No","No","No","No","No","No","No","No",,"No",,,,,,,30,"The same","The same","No",,,"",2,"Yes","I would like to have more plots so as I can cultivate more cash crops"
"95-96-92-75","Acres","",2.25,0,0,0,.25,0,0,"Private owned with land title",,,,"Private owned with land title",,,"No",,"",,"",,"unlikely","Yes","No","Yes","Yes","No","No","No","No","No","No","No","No",,"Yes",1.5,"Yes","No","No","No",,10,"Slight decrease","Massive decrease","No",,,"",1,"No","un availabilty of land"
"19-37-18-76","Acres","",5,0,.25,0,1.5,0,0,"Private owned with no land title",,"Private owned with no land title",,"Private owned with no land title",,,"No",,"",,"",,"Very unlikely","Yes","No","Yes","No","No","No","No","No","No","No","No","No",,"No",,,,,,,300,"Slight decrease","Massive decrease","No",,,"",5,"Yes","For the children"
"74-28-59-17","Acres","",2,2,0,0,3,0,0,"Private owned with land title","Private owned with land title",,,"Private owned with land title",,,"No",,"",,"",,"Maybe, maybe not","No",,,,,,,,,,,,,"No",,,,,,,0,"Slight decrease","Slight decrease","No",,,"",2,"Yes","for children"
"48-48-94-57","Acres","",4,0,0,0,.25,0,0,"Private owned with no land title",,,,"Private owned with no land title",,,"No",,"",,"",,"unlikely","Yes","No","No","Yes","Yes","No","No","No","No","No","No","No",,"Yes",4,"Yes","No","No","No",,20,"Massive increase","Slight decrease","No",,,"",3,"Yes","To plant other crops"
"03-43-60-42","Acres","",1.5,0,0,0,0,0,0,"Co-share/ co-farming",,,,,,,"No",,"",,"",,"Very unlikely","No",,,,,,,,,,,,,"No",,,,,,,0,"The same","The same","No",,,"",1,"No","financially unstable"
"58-75-54-61","Acres","",5,0,0,0,0,0,0,"Private owned with land title",,,,,,,"No",,"",,"",,"Very unlikely","Yes","No","Yes","No","No","No","No","No","No","No","No","No",,"Yes",2,"Yes","No","No","No",,0,"Slight decrease","Slight decrease","No",,,"",2,"No","it is enough for now"
"49-89-37-09","Acres","",1.5,0,0,0,1.5,0,0,"Private owned with no land title",,,,"Private owned with no land title",,,"No",,"",,"",,"Maybe, maybe not","Yes","No","No","Yes","No","No","No","No","No","No","No","No",,"No",,,,,,,8,"Massive decrease","Massive decrease","No",,,"",1,"No","I don't have much time to live."
"76-49-10-53","Acres","",3,1,0,0,.25,.25,0,"Co-share/ co-farming","Communally owned",,,"Private owned with land title","Private owned with land title",,"No",,"",,"",,"Maybe, maybe not","No",,,,,,,,,,,,,"Yes",4,"Yes","No","No","No",,0,"Slight decrease","Massive decrease","No",,,"",1,"Yes","Family needs more farms for cultivation"
"76-59-40-83","Acres","",2,3,0,0,.25,0,0,"Private owned with land title","Private owned with land title",,,"Private owned with land title",,,"No",,"",,"",,"unlikely","Yes","No","Yes","No","No","No","No","No","No","No","No","No",,"No",,,,,,,0,"The same","The same","No",,,"",1,"No","Lack of capital"
"32-82-77-77","Acres","",4,2,0,0,1,0,0,"Private owned with no land title","Private owned with no land title",,,"Private owned with no land title",,,"Yes","Other individuals","","Tried to sort out ourselves","","Yes","Very unlikely","No",,,,,,,,,,,,,"Yes",2,"Yes","No","No","No",,0,"Slight increase","Slight increase","No",,,"",2,"No","financial difficulties"
"83-91-87-26","Acres","",5,2,0,0,1.5,0,0,"Private owned with no land title","Private owned with no land title",,,"Private owned with no land title",,,"Yes","Other individuals","","Clan / Elder","","Yes","Very unlikely","No",,,,,,,,,,,,,"Yes",2,"Yes","No","No","No",,0,"Slight decrease","Massive decrease","No",,,"",2,"Yes","farming"
"51-80-93-49","Acres","",3,2,0,0,0,0,0,"Private owned with land title","Private owned with land title",,,,,,"No",,"",,"",,"Very unlikely","Yes","No","Yes","No","No","No","No","No","No","No","No","No",,"No",,,,,,,0,"The same","The same","No",,,"",2,"No","I am too old to add another plot"
"29-06-51-62","Acres","",4,4,0,0,.5,0,0,"Private owned with no land title","Private owned with no land title",,,"Private owned with no land title",,,"No",,"",,"",,"Likely","No",,,,,,,,,,,,,"No",,,,,,,0,"Slight decrease","Slight decrease","No",,,"",1,"No","Am too old"
"47-99-10-89","Acres","",0,0,0,0,0,0,0,,,,,,,,"No",,"",,"",,"Maybe, maybe not","No",,,,,,,,,,,,,"No",,,,,,,0,"Slight decrease","Slight decrease","No",,,"",0,"Yes","agriculture  activity"
"81-41-75-01","Acres","",3,5,0,0,.25,0,0,"Private owned with no land title","Private owned with land title",,,"Private owned with land title",,,"No",,"",,"",,"Maybe, maybe not","Yes","No","No","Yes","No","No","No","No","No","No","No","No",,"No",,,,,,,0,"Massive decrease","Massive decrease","No",,,"",3,"Yes","to keep  as asset. for  the  kids"
"76-68-21-05","Acres","",1,0,0,0,.125,0,0,"Private owned with no land title",,,,"Private owned with no land title",,,"No",,"",,"",,"unlikely","No",,,,,,,,,,,,,"No",,,,,,,10,"Massive decrease","Massive decrease","No",,,"",1,"No","cant afford to buy one"
"47-73-43-68","Acres","",5,0,0,0,1,0,0,"Private owned with no land title",,,,"Private owned with no land title",,,"Yes","Other individuals","","Village headman / chairperson","","Yes","Very unlikely","No",,,,,,,,,,,,,"No",,,,,,,2,"Slight decrease","Massive decrease","No",,,"",1,"Yes","for farming"
"51-60-71-39","Acres","",2,0,0,0,.1,0,0,"Private owned with no land title",,,,"Private owned with no land title",,,"Yes","Within family","","Clan / Elder","","No","Likely","Yes","No","No","Yes","Yes","No","No","No","No","No","No","No",,"Yes",2,"Yes","No","No","No",,10,"Slight increase","Slight decrease","No",,,"",1,"Yes","If I get money I will buy another farmland"
"10-22-07-48","Acres","",2,2,0,4,.5,0,0,"Private owned with no land title","Private owned with no land title",,"Private owned with land title","Private owned with no land title",,,"No",,"",,"",,"Maybe, maybe not","Yes","No","Yes","No","No","No","No","No","No","No","No","No",,"No",,,,,,,0,"Slight decrease","Slight decrease","No",,,"",1,"Yes","for my grandchild"
"36-41-17-07","Acres","",3,0,0,0,3,0,0,"Private owned with no land title",,,,"Private owned with no land title",,,"Yes","Other individuals","","LC Court","","Yes","Maybe, maybe not","Yes","No","Yes","No","No","No","No","No","No","No","No","No",,"No",,,,,,,30,"Slight decrease","Massive decrease","No",,,"",2,"No","plot is enough"
"52-56-02-56","Acres","",4,0,0,0,2,0,0,"Private owned with land title",,,,"Private owned with land title",,,"No",,"",,"",,"Very unlikely","Yes","No","Yes","Yes","No","No","No","No","No","No","No","No",,"No",,,,,,,11,"Slight decrease","Slight decrease","No",,,"",3,"No","Can't afford to farm on another plot"
"32-96-32-91","Acres","",10,10,0,0,3,0,0,"Private owned with no land title","Private owned with no land title",,,"Private owned with no land title",,,"Yes","Other individuals","","Village headman / chairperson","","Yes","Very likely","Yes","No","No","Yes","No","No","No","No","No","No","No","No",,"Yes",10,"Yes","No","No","No",,80,"Slight decrease","Slight decrease","No",,,"",7,"No","satisfied"
"54-77-99-69","Acres","",0,0,0,0,.25,0,0,,,,,"Private owned with no land title",,,"No",,"",,"",,"Very unlikely","No",,,,,,,,,,,,,"No",,,,,,,0,"Slight decrease","Massive decrease","No",,,"",0,"No","prefer non farming activities"
"10-69-04-21","Acres","",2,2,0,5,.5,0,0,"Private owned with no land title","Private owned with no land title",,"Private owned with no land title","Private owned with no land title",,,"No",,"",,"",,"Likely","Yes","No","Yes","No","No","No","No","No","No","No","No","No",,"No",,,,,,,0,"Slight decrease","Slight decrease","No",,,"",2,"Yes","For Family and crop rotation"
"25-34-66-08","Acres","",.75,0,0,0,.25,0,0,"Private owned with no land title",,,,"Private owned with no land title",,,"No",,"",,"",,"unlikely","Yes","No","No","Yes","Yes","No","No","No","No","No","No","No",,"Yes",3,"Yes","No","No","No",,0,"Slight increase","Slight decrease","No",,,"",3,"No","The 3 farm lands are enough"
"29-70-97-81","Acres","",1.5,0,1.5,0,.5,0,0,"Leased/rented",,"Private owned with no land title",,"Private owned with no land title",,,"No",,"",,"",,"unlikely","Yes","Yes","No","No","No","Yes","No","Yes","No","No","No","No",,"Yes",.5,"Yes","No","No","No",,5,"Slight increase","Slight decrease","No",,,"",0,"Yes","securing land for children"
"16-38-85-69","Acres","",10,0,20,0,1.25,0,0,"Private owned with no land title",,"Private owned with land title",,"Private owned with no land title",,,"No",,"",,"",,"Very unlikely","Yes","No","No","Yes","No","No","No","No","No","No","No","No",,"No",,,,,,,3,"Slight decrease","Slight decrease","No",,,"",3,"Yes","Farming"
"34-85-34-32","Acres","",0,0,0,0,.25,0,0,,,,,"Private owned with no land title",,,"No",,"",,"",,"Very unlikely","No",,,,,,,,,,,,,"No",,,,,,,0,"Slight decrease","Massive decrease","No",,,"",1,"No","want to do off farm activities"
"87-75-27-62","Acres","",1.5,2,.5,0,.5,0,0,"Private owned with no land title","Private owned with no land title","Private owned with no land title",,"Private owned with no land title",,,"No",,"",,"",,"Maybe, maybe not","Yes","No","No","Yes","No","No","No","No","No","No","No","No",,"No",,,,,,,150,"Massive decrease","Massive decrease","No",,,"",5,"Yes","for childrens"
"03-56-68-20","Acres","",1,2.5,0,0,.25,0,0,"Private owned with land title","Private owned with land title",,,"Private owned with land title",,,"Yes","Other individuals","","Clan / Elder","","Yes","unlikely","Yes","No","Yes","No","No","No","No","No","No","No","No","No",,"No",,,,,,,0,"Slight decrease","Slight decrease","No",,,"",2,"Yes","to extend agricultural activities"
"96-99-31-77","Acres","",1.5,0,0,0,2,0,0,"Private owned with no land title",,,,"Private owned with no land title",,,"No",,"",,"",,"Likely","Yes","No","No","No","No","Yes","No","No","No","No","No","No",,"No",,,,,,,200,"Massive decrease","Massive decrease","No",,,"",2,"Yes","cultivation"
"43-76-23-18","Acres","",2,2.5,0,0,.25,0,0,"Private owned with land title","Private owned with land title",,,"Private owned with land title",,,"No",,"",,"",,"Maybe, maybe not","Yes","No","Yes","No","No","No","No","No","No","No","No","No",,"Yes",.5,"Yes","No","No","No",,2,"Slight increase","Slight increase","Yes",200000,"Family, friend or relative","",2,"Yes","Increase  in agriculture"
"47-55-12-39","Acres","",6,0,0,0,.166,0,0,"Private owned with no land title",,,,"Private owned with no land title",,,"No",,"",,"",,"Very unlikely","No",,,,,,,,,,,,,"No",,,,,,,0,"Massive decrease","Massive decrease","No",,,"",5,"Yes","so as to increase productivity"
"26-14-45-15","Acres","",2,0,0,0,.25,0,0,"Private owned with land title",,,,"Private owned with no land title",,,"No",,"",,"",,"Maybe, maybe not","Yes","No","Yes","Yes","No","No","No","No","No","No","No","No",,"No",,,,,,,0,"Massive decrease","Massive decrease","No",,,"",2,"No","respondent says he don't have enough energy"
"92-21-19-80","Acres","",7,3,0,0,.5,0,0,"Private owned with no land title","Private owned with no land title",,,"Private owned with no land title",,,"Yes","Other individuals","","Village headman / chairperson","","Yes","Very unlikely","Yes","No","Yes","Yes","No","No","No","No","No","No","No","No",,"Yes",3,"Yes","No","No","No",,2,"Slight decrease","Massive decrease","No",,,"",4,"Yes","Farming"
"69-22-78-98","Acres","",1,0,0,0,.25,0,0,"Leased/rented",,,,"Private owned with land title",,,"No",,"",,"",,"Very unlikely","Yes","No","Yes","Yes","No","No","No","No","No","No","No","No",,"No",,,,,,,0,"Massive decrease","Massive decrease","Yes",2000000,"Bank","",1,"Yes","to Increase productivity of food crops"
"72-81-88-52","Acres","",4,4,0,0,1.5,0,0,"Private owned with no land title","Private owned with no land title",,,"Private owned with no land title",,,"No",,"",,"",,"Likely","Yes","No","Yes","No","No","No","No","No","No","No","No","No",,"No",,,,,,,0,"Massive decrease","Massive decrease","No",,,"",1,"Yes","purchase for children"
"99-60-35-75","Acres","",1.25,0,0,0,.1666,0,0,"Private owned with land title",,,,"Private owned with land title",,,"No",,"",,"",,"Very unlikely","Yes","No","Yes","Yes","No","No","No","No","No","No","No","No",,"No",,,,,,,0,"The same","The same","No",,,"",2,"Yes","to increase productivity and profit"
"22-09-50-57","Acres","",3,0,0,0,.75,0,0,"Private owned with land title",,,,"Private owned with land title",,,"Yes","Other individuals","","Village headman / chairperson","","Yes","Maybe, maybe not","Yes","No","Yes","No","No","No","No","No","No","No","No","No",,"Yes",5,"Yes","No","No","No",,0,"Slight increase","Slight decrease","Yes",1000000,"Bank","",1,"No","I can't afford to buy another farm at the moment"
"88-99-86-73","Acres","",1.5,0,.5,0,.25,0,0,"Private owned with land title",,"Private owned with land title",,"Private owned with land title",,,"No",,"",,"",,"Very unlikely","Yes","No","Yes","Yes","No","No","No","No","No","No","No","No",,"No",,,,,,,0,"Massive decrease","Massive decrease","No",,,"",4,"No","money problems"
"71-42-32-14","Acres","",4,2,0,0,.25,0,30,"Leased/rented","Private owned with no land title",,,"Private owned with no land title",,"Private owned with land title","No",,"",,"",,"Very unlikely","Yes","No","No","No","No","No","No","No","No","Yes","No","No",,"No",,,,,,,0,"Slight decrease","Slight decrease","No",,,"",2,"Yes","For my children for their  future"
"30-04-61-14","Acres","",2,0,0,0,.125,0,0,"Private owned with no land title",,,,"Private owned with no land title",,,"No",,"",,"",,"unlikely","No",,,,,,,,,,,,,"No",,,,,,,30,"Massive decrease","Massive decrease","No",,,"",2,"Yes","crop cultivation"
"67-60-72-31","Acres","",3,0,0,0,.5,0,0,"Private owned with land title",,,,"Private owned with land title",,,"No",,"",,"",,"Very unlikely","Yes","No","Yes","Yes","No","No","No","No","No","No","No","No",,"No",,,,,,,0,"Slight decrease","Massive decrease","No",,,"",2,"No","Satisfied"
"32-10-01-18","Acres","",2,0,0,0,.166,0,0,"Leased/rented",,,,"Private owned with no land title",,,"No",,"",,"",,"Very unlikely","Yes","No","Yes","No","No","No","No","No","No","No","No","No",,"No",,,,,,,0,"Massive decrease","Massive decrease","No",,,"",1,"Yes","to Increase cultivation of cash crops so as to be able to meets the demands of the family"
"22-48-15-22","Acres","",30,30,0,0,.75,0,0,"Private owned with no land title","Private owned with no land title",,,"Private owned with no land title",,,"No",,"",,"",,"Likely","Yes","No","Yes","No","No","No","No","No","No","No","No","No",,"No",,,,,,,0,"Massive decrease","Massive decrease","No",,,"",6,"No","satisfied with the farm they own"
"06-04-90-02","Acres","",5,2,0,2,.5,0,0,"Private owned with no land title","Private owned with no land title",,"Private owned with no land title","Private owned with no land title",,,"No",,"",,"",,"Very unlikely","Yes","No","No","Yes","No","No","No","No","No","No","No","No",,"Yes",2,"Yes","No","No","No",,5,"Slight decrease","Slight decrease","No",,,"",2,"Yes","Farming"
"89-93-26-33","Acres","",6,10,0,0,.25,0,0,"Private owned with no land title","Private owned with no land title",,,"Private owned with no land title",,,"No",,"",,"",,"Very unlikely","Yes","Yes","Yes","Yes","No","No","No","No","No","No","No","No",,"No",,,,,,,0,"Slight decrease","Massive decrease","Yes",700000,"Bank","",3,"Yes","to increase income to sustain life of my family"
"16-51-24-24","Acres","",2,0,0,0,.1,0,0,"Leased/rented",,,,"Private owned with no land title",,,"No",,"",,"",,"unlikely","Yes","No","No","Yes","No","No","No","No","No","No","No","No",,"Yes",2,"Yes","No","No","No",,0,"Slight increase","Slight decrease","No",,,"",0,"No","I can't afford to buy a farm the prices are too high."
"85-00-63-86","Acres","",2,0,0,0,.5,0,0,"Private owned with no land title",,,,"Private owned with no land title",,,"No",,"",,"",,"Very unlikely","Yes","No","Yes","No","No","No","No","No","No","No","No","No",,"No",,,,,,,2,"Slight decrease","Slight decrease","No",,,"",1,"Yes","settlement"
"24-74-06-95","Acres","",6,3.5,0,0,.5,0,0,"Private owned with land title","Private owned with land title",,,"Private owned with land title",,,"No",,"",,"",,"Very unlikely","Yes","No","Yes","Yes","No","No","No","No","No","No","No","No",,"No",,,,,,,0,"Massive decrease","Massive decrease","Yes",350000,"Credit Union","",2,"No","EXPENSES"
"76-24-30-21","Acres","",1,0,0,0,.5,0,0,"Private owned with land title",,,,"Private owned with land title",,,"No",,"",,"",,"Maybe, maybe not","No",,,,,,,,,,,,,"No",,,,,,,0,"The same","Slight decrease","No",,,"",1,"Yes","crop cultivation and building a house"
"56-71-52-33","Acres","",3,2,0,0,1,0,0,"Private owned with no land title","Private owned with no land title",,,"Private owned with no land title",,,"No",,"",,"",,"Very unlikely","No",,,,,,,,,,,,,"Yes",2,"Yes","No","No","No",,5,"Slight decrease","Slight decrease","No",,,"",2,"No","Farming"
"27-56-82-36","Acres","",2,0,0,0,.25,0,0,"Private owned with no land title",,,,"Private owned with no land title",,,"No",,"",,"",,"unlikely","No",,,,,,,,,,,,,"No",,,,,,,0,"Slight decrease","Slight decrease","No",,,"",1,"No","too old"
"98-24-74-63","Acres","",5,0,0,0,.5,0,0,"Private owned with no land title",,,,"Private owned with no land title",,,"No",,"",,"",,"unlikely","Yes","No","No","Yes","No","No","No","No","No","No","No","No",,"Yes",5,"Yes","No","No","No",,0,"Massive increase","Slight decrease","No",,,"",1,"Yes","I want to plant more crops."
"33-63-66-85","Acres","",12,12,0,6,1,0,0,"Private owned with no land title","Private owned with no land title",,"Private owned with no land title","Private owned with no land title",,,"Yes","Government","","Village headman / chairperson","","Yes","Likely","Yes","No","Yes","No","No","No","No","No","No","No","No","No",,"No",,,,,,,0,"Slight decrease","Slight decrease","No",,,"",5,"No","satisfied"
"36-81-79-37","Acres","",4,1,0,0,.25,0,0,"Private owned with land title","Private owned with no land title",,,"Private owned with land title",,,"No",,"",,"",,"Very unlikely","Yes","No","Yes","Yes","No","No","No","No","No","No","No","No",,"No",,,,,,,11,"The same","The same","No",,,"",1,"Yes","Settlement"
"98-23-40-44","Acres","",2,0,0,0,.0625,0,0,"Leased/rented",,,,"Private owned with no land title",,,"No",,"",,"",,"unlikely","No",,,,,,,,,,,,,"No",,,,,,,0,"Slight decrease","Massive decrease","No",,,"",0,"Yes","house construction"
"37-22-37-99","Acres","",3,0,0,0,.75,0,0,"Private owned with no land title",,,,"Private owned with no land title",,,"No",,"",,"",,"Very unlikely","No",,,,,,,,,,,,,"No",,,,,,,0,"Slight decrease","The same","No",,,"",3,"No","too old to have more farms"
"00-67-21-61","Acres","",16,1,0,0,5,0,0,"Private owned with no land title","Private owned with no land title",,,"Private owned with no land title",,,"No",,"",,"",,"Very unlikely","Yes","No","Yes","Yes","No","No","No","No","No","No","No","No",,"No",,,,,,,8,"Massive decrease","Massive decrease","No",,,"",5,"Yes","TO INCREASE PRODUCTION"
"51-87-88-69","Acres","",2,0,0,0,.1,0,0,"Private owned with land title",,,,"Private owned with land title",,,"No",,"",,"",,"Very unlikely","Yes","No","Yes","Yes","No","No","No","No","No","No","No","No",,"No",,,,,,,0,"The same","The same","No",,,"",1,"No","am old I don't need more land"
"00-01-36-74","Acres","",2.5,0,0,0,.5,0,0,"Private owned with no land title",,,,"Private owned with no land title",,,"No",,"",,"",,"Very unlikely","Yes","No","No","Yes","No","No","No","No","No","No","No","No",,"No",,,,,,,0,"Massive decrease","Massive decrease","No",,,"",2,"No","NO  MONEY TO BUY  ANOTHER"
"07-23-47-52","Acres","",0,5,0,0,1,0,0,,"Private owned with land title",,,"Private owned with land title",,,"Yes","Other individuals","","Village headman / chairperson","","Yes","Very unlikely","Yes","No","No","Yes","No","No","No","No","No","No","No","No",,"Yes",5,"Yes","No","No","No",,6,"Slight decrease","Massive decrease","No",,,"",1,"Yes","Farming"
"07-42-94-81","Acres","",1,0,0,0,.5,0,0,"Leased/rented",,,,"Private owned with no land title",,,"No",,"",,"",,"Very unlikely","Yes","No","No","Yes","No","No","No","No","No","No","No","No",,"No",,,,,,,0,"Slight decrease","Massive decrease","No",,,"",0,"Yes","for agriculture  activities"
"23-53-17-58","Acres","",10,0,0,0,.25,0,0,"Private owned with land title",,,,"Private owned with no land title",,,"No",,"",,"",,"Maybe, maybe not","Yes","No","Yes","Yes","No","No","No","No","No","No","No","No",,"No",,,,,,,0,"Massive decrease","Massive decrease","Yes",4000000,"Bank","",2,"Yes","agriculture  activities"
"36-44-48-22","Acres","",2,2,0,0,.5,0,0,"Communally owned","Communally owned",,,"Leased/rented",,,"No",,"",,"",,"Likely","No",,,,,,,,,,,,,"No",,,,,,,0,"Massive decrease","Massive decrease","No",,,"",1,"Yes","for  children"
"66-23-65-75","Acres","",2.5,0,4,0,1.25,0,0,"Private owned with no land title",,"Private owned with no land title",,"Communally owned",,,"No",,"",,"",,"unlikely","Yes","No","No","Yes","No","No","No","No","No","No","No","No",,"No",,,,,,,1920,"The same","Massive decrease","Yes",140000,"NGO/Development Project","",3,"Yes","crop cultivation"
"94-52-36-12","Acres","",1,0,0,0,.25,0,0,"Leased/rented",,,,"Private owned with land title",,,"No",,"",,"",,"Likely","No",,,,,,,,,,,,,"No",,,,,,,0,"Slight decrease","Slight decrease","No",,,"",0,"Yes","for agricultural activities"
"34-33-60-75","Acres","",1,1,0,0,0,0,0,"Private owned with no land title","Private owned with no land title",,,,,,"No",,"",,"",,"Very unlikely","No",,,,,,,,,,,,,"No",,,,,,,0,"The same","The same","No",,,"",1,"No","financially unstable"
"94-14-40-52","Acres","",1.25,4,0,0,0,0,0,"Private owned with land title","Private owned with no land title",,,,,,"No",,"",,"",,"Very unlikely","Yes","No","Yes","No","No","No","No","No","No","No","No","No",,"Yes",4,"Yes","No","No","No",,0,"Slight decrease","Slight decrease","No",,,"",2,"No","it's enough for my family"
"85-43-64-12","Acres","",10,0,0,0,.5,0,0,"Communally owned",,,,"Private owned with no land title",,,"No",,"",,"",,"Very unlikely","No",,,,,,,,,,,,,"Yes",10,"Yes","No","No","No",,0,"Slight decrease","Slight decrease","No",,,"",1,"Yes","For the family use"
"48-73-27-78","Acres","",2,0,0,0,.5,0,0,"Private owned with no land title",,,,"Leased/rented",,,"No",,"",,"",,"Very unlikely","No",,,,,,,,,,,,,"No",,,,,,,0,"Slight decrease","Slight decrease","No",,,"",1,"No","no manpower to  cultivate more land"
"95-30-04-02","Acres","",10,9,0,0,0,0,0,"Private owned with land title","Private owned with land title",,,,,,"No",,"",,"",,"Very unlikely","Yes","No","Yes","No","No","No","No","No","No","No","No","No",,"No",,,,,,,0,"Slight decrease","Massive decrease","No",,,"",2,"No","we already have more plots"
"92-70-85-41","Acres","",2,0,0,0,.25,0,0,"Private owned with no land title",,,,"Private owned with no land title",,,"No",,"",,"",,"unlikely","Yes","No","No","Yes","Yes","No","No","No","No","No","No","No",,"Yes",2,"Yes","No","No","No",,0,"Slight increase","Slight decrease","Yes",2000000,"Bank","",1,"Yes","Inorder to  plant more rice"
"48-49-97-86","Acres","",2,0,0,0,.5,0,0,"Private owned with no land title",,,,"Private owned with no land title",,,"No",,"",,"",,"unlikely","No",,,,,,,,,,,,,"No",,,,,,,5,"Massive decrease","Massive decrease","No",,,"",2,"No","EXPENSES"
"84-79-52-42","Acres","",1,0,0,0,.5,0,0,"Leased/rented",,,,"Leased/rented",,,"No",,"",,"",,"Very unlikely","No",,,,,,,,,,,,,"No",,,,,,,0,"Slight increase","Slight increase","No",,,"",1,"Yes","Farming"
"49-71-84-27","Acres","",3,2,0,2,0,0,0,"Private owned with land title","Private owned with land title",,"Private owned with land title",,,,"No",,"",,"",,"Very unlikely","Yes","No","Yes","No","No","No","No","No","No","No","No","No",,"No",,,,,,,1000,"The same","The same","No",,,"",3,"No","they are enough"
"62-50-68-38","Acres","",5,0,0,0,7.5,0,0,"Private owned with land title",,,,"Private owned with land title",,,"No",,"",,"",,"Very unlikely","Yes","No","Yes","Yes","No","No","No","No","No","No","No","No",,"No",,,,,,,8,"Slight decrease","Slight decrease","No",,,"",2,"Yes","Farming"
"27-08-48-72","Acres","",.75,0,0,0,0,0,0,"Leased/rented",,,,,,,"No",,"",,"",,"Maybe, maybe not","No",,,,,,,,,,,,,"No",,,,,,,0,"Slight decrease","Slight decrease","No",,,"",0,"Yes","agricultural expansion"
"77-27-65-41","Acres","",3,1,0,0,.5,0,0,"Private owned with no land title","Private owned with no land title",,,"Private owned with no land title",,,"No",,"",,"",,"Very unlikely","No",,,,,,,,,,,,,"No",,,,,,,0,"Slight decrease","Slight decrease","No",,,"",1,"Yes","Land for Afforestation"
"70-31-22-22","Acres","",2.5,1.5,0,0,0,0,0,"Private owned with land title","Private owned with land title",,,,,,"No",,"",,"",,"Very unlikely","Yes","No","Yes","Yes","No","No","No","No","No","No","No","No",,"No",,,,,,,0,"The same","The same","No",,,"",1,"Yes","so we can start cultivating cash crops"
"94-42-67-72","Acres","",3,0,0,0,3,0,0,"Private owned with no land title",,,,"Private owned with no land title",,,"Yes","Other individuals","","LC Court","","Yes","Likely","Yes","No","No","Yes","No","No","No","No","No","No","No","No",,"No",,,,,,,5,"Massive decrease","Massive decrease","No",,,"",1,"No","the plots is enough"
"44-03-12-81","Acres","",2,0,0,0,.25,0,0,"Private owned with no land title",,,,"Private owned with land title",,,"No",,"",,"",,"Very likely","Yes","No","Yes","Yes","No","No","No","No","No","No","No","No",,"No",,,,,,,0,"Massive decrease","Massive decrease","No",,,"",2,"No","low purchasing power"
"02-54-15-71","Acres","",4,2.5,0,0,.25,0,0,"Private owned with no land title","Private owned with no land title",,,"Private owned with no land title",,,"Yes","Government","","Village headman / chairperson","","Yes","unlikely","Yes","No","No","Yes","No","No","No","No","No","No","No","No",,"No",,,,,,,0,"Massive decrease","Massive decrease","No",,,"",2,"No","NO MONEY"
"62-99-04-33","Acres","",3,0,0,0,0,0,0,"Private owned with land title",,,,,,,"No",,"",,"",,"Very unlikely","No",,,,,,,,,,,,,"No",,,,,,,0,"Slight decrease","Slight decrease","No",,,"",1,"No","it is enough"
"42-85-59-02","Acres","",3,0,0,0,1.5,0,0,"Private owned with no land title",,,,"Private owned with land title",,,"No",,"",,"",,"unlikely","No",,,,,,,,,,,,,"No",,,,,,,0,"Slight decrease","Slight decrease","No",,,"",2,"No","no need to add more"
"02-53-80-77","Acres","",4,0,0,0,.25,0,0,"Leased/rented",,,,"Private owned with no land title",,,"Yes","Other individuals","","LC Court","","Yes","Maybe, maybe not","Yes","No","No","No","Yes","No","No","No","No","No","No","No",,"Yes",4,"Yes","No","No","No",,0,"Massive increase","Massive decrease","No",,,"",0,"No","I can't afford to buy a farmland"
"50-80-96-28","Acres","",4,0,0,0,.75,0,0,"Private owned with no land title",,,,"Private owned with land title",,,"No",,"",,"",,"Very unlikely","No",,,,,,,,,,,,,"No",,,,,,,0,"Slight decrease","Massive decrease","No",,,"",2,"Yes","increase productivity"
"11-91-04-75","Acres","",4,0,0,0,.25,0,0,"Private owned with no land title",,,,"Private owned with no land title",,,"No",,"",,"",,"Very unlikely","No",,,,,,,,,,,,,"No",,,,,,,0,"Massive decrease","Massive decrease","No",,,"",2,"No","am old to need more land and my children have dispersed into different places"
"25-18-28-61","Acres","",2.25,0,0,0,1,0,0,"Private owned with land title",,,,"Private owned with land title",,,"No",,"",,"",,"Likely","Yes","No","No","Yes","No","No","No","No","No","No","No","No",,"No",,,,,,,0,"Massive decrease","Massive decrease","No",,,"",2,"Yes","crop cultivation"
"59-58-64-54","Acres","",1.75,0,0,0,.25,0,0,"Private owned with land title",,,,"Private owned with land title",,,"No",,"",,"",,"unlikely","Yes","No","Yes","No","No","No","No","No","No","No","No","No",,"No",,,,,,,0,"Massive decrease","Massive decrease","No",,,"",2,"No","has what is enough for him"
"68-47-48-14","Acres","",4,0,0,0,.25,0,0,"Leased/rented",,,,"Private owned with no land title",,,"No",,"",,"",,"Very unlikely","Yes","No","Yes","No","No","No","No","No","No","No","No","No",,"No",,,,,,,1,"Massive decrease","Massive decrease","No",,,"",0,"Yes","agriculture activities"
"64-84-94-47","Acres","",2,3,1,0,.25,0,0,"Private owned with land title","Private owned with land title","Private owned with land title",,"Private owned with land title",,,"No",,"",,"",,"Very unlikely","Yes","No","Yes","No","No","No","No","No","No","No","No","No",,"No",,,,,,,0,"Massive decrease","Massive decrease","No",,,"",2,"Yes","agriculture activities"
"47-86-51-93","Acres","",3,0,0,0,0,0,0,"Private owned with land title",,,,,,,"Yes","Within family","","Village headman / chairperson","","Yes","unlikely","Yes","No","Yes","No","No","No","No","No","No","No","No","No",,"No",,,,,,,0,"The same","The same","No",,,"",2,"No","financially unstable"
"89-64-71-91","Acres","",3.5,0,0,0,.5,0,0,"Private owned with land title",,,,"Private owned with land title",,,"No",,"",,"",,"Very unlikely","Yes","No","Yes","Yes","No","No","No","No","No","No","No","No",,"No",,,,,,,0,"Massive decrease","Massive decrease","No",,,"",2,"No","we have sufficient farm land"
"32-24-09-18","Acres","",1.5,0,0,0,0,0,0,"Leased/rented",,,,,,,"No",,"",,"",,"Very unlikely","No",,,,,,,,,,,,,"No",,,,,,,0,"The same","The same","No",,,"",0,"Yes","would like to own our own land not from renting"
"54-13-98-82","Acres","",2,2,0,0,.125,0,0,"Private owned with land title","Private owned with land title",,,"Private owned with land title",,,"No",,"",,"",,"Maybe, maybe not","No",,,,,,,,,,,,,"No",,,,,,,0,"Slight decrease","Slight decrease","No",,,"",1,"Yes","for children and grandchild"
"21-11-21-29","Acres","",2,0,0,0,2,0,0,"Private owned with land title",,,,"Private owned with land title",,,"No",,"",,"",,"Very unlikely","Yes","No","Yes","Yes","No","No","No","No","No","No","No","No",,"No",,,,,,,0,"The same","The same","No",,,"",2,"No","Old enough"
"81-55-77-74","Acres","",5,3,1,0,1,0,0,"Private owned with no land title","Private owned with no land title","Private owned with no land title",,"Private owned with no land title",,,"Yes","Government","","Village headman / chairperson","","Yes","unlikely","Yes","No","No","Yes","No","No","No","No","No","No","No","No",,"No",,,,,,,500,"Massive decrease","Massive decrease","No",,,"",3,"No","NO MONEY TO CULTIVATE LARGE AREA"
"23-00-40-40","Acres","",1,0,0,0,0,0,0,"Leased/rented",,,,,,,"No",,"",,"",,"unlikely","No",,,,,,,,,,,,,"No",,,,,,,0,"The same","The same","No",,,"",0,"Yes","I would like to have my own land not from renting"
"17-59-86-59","Acres","",1,0,0,0,.75,0,0,"Leased/rented",,,,"Private owned with no land title",,,"No",,"",,"",,"unlikely","Yes","No","Yes","Yes","No","No","No","No","No","No","No","No",,"Yes",1,"Yes","No","No","No",,0,"Slight increase","Slight decrease","No",,,"",1,"No","I cannot afford to buy another farm land"
"89-73-28-02","Acres","",3,0,0,0,1,0,0,"Private owned with land title",,,,"Private owned with land title",,,"No",,"",,"",,"unlikely","Yes","No","No","Yes","Yes","No","No","No","No","No","No","No",,"Yes",3,"Yes","No","No","No",,0,"Slight increase","Slight decrease","No",,,"",1,"No","I cannot afford to buy another farm"
"14-55-50-79","Acres","",4,2,0,0,1,0,0,"Private owned with no land title","Private owned with no land title",,,"Private owned with no land title",,,"No",,"",,"",,"Very unlikely","Yes","No","Yes","Yes","No","No","No","No","No","No","No","No",,"No",,,,,,,0,"The same","The same","No",,,"",1,"No","the farm land we have is sufficient for our needs now"
"60-36-21-40","Acres","",11,0,0,0,.75,0,0,"Private owned with land title",,,,"Private owned with no land title",,,"No",,"",,"",,"unlikely","Yes","No","No","Yes","No","No","No","No","No","No","No","No",,"Yes",11,"Yes","No","No","No",,0,"Slight increase","Slight decrease","No",,,"",3,"Yes","Inorder to plant more crops"
"57-25-85-63","Acres","",3,3,1,0,1.25,0,0,"Private owned with land title","Private owned with land title","Private owned with land title",,"Private owned with land title",,,"No",,"",,"",,"Maybe, maybe not","Yes","No","No","Yes","Yes","No","No","No","No","No","No","No",,"No",,,,,,,0,"Slight decrease","Massive decrease","No",,,"",4,"Yes","agriculture"
"80-36-08-51","Acres","",2,0,0,.5,0,0,0,"Private owned with land title",,,"Private owned with land title",,,,"Yes","Within family","","Village headman / chairperson","","Yes","Very unlikely","Yes","No","Yes","No","No","No","No","No","No","No","No","No",,"No",,,,,,,0,"The same","The same","No",,,"",2,"No","it's enough for us"
"73-98-72-78","Acres","",1,0,0,0,.25,0,0,"Leased/rented",,,,"Private owned with land title",,,"No",,"",,"",,"unlikely","Yes","No","Yes","No","No","No","No","No","No","No","No","No",,"No",,,,,,,4,"Massive decrease","Massive decrease","No",,,"",1,"Yes","agriculture"
"48-58-14-95","Acres","",6,0,0,0,1,0,0,"Private owned with land title",,,,"Private owned with land title",,,"No",,"",,"",,"unlikely","No",,,,,,,,,,,,,"No",,,,,,,0,"Massive decrease","Massive decrease","No",,,"",3,"Yes","TO INCREASE PRODUCTION"
"08-00-46-02","Acres","",0,0,0,0,.5,0,0,,,,,"Private owned with land title",,,"No",,"",,"",,"Very unlikely","No",,,,,,,,,,,,,"No",,,,,,,0,"The same","The same","No",,,"",0,"No","old"
"45-96-62-88","Acres","",3,5,.5,0,.5,0,0,"Private owned with no land title","Private owned with no land title","Private owned with no land title",,"Private owned with no land title",,,"Yes","Within family","","Village headman / chairperson","","Yes","Very unlikely","Yes","No","No","Yes","No","No","No","No","No","No","No","No",,"No",,,,,,,0,"Slight decrease","Massive decrease","No",,,"",2,"Yes","to find a new suitable area with fertility to grow maize"
"58-44-41-63","Acres","",2,0,0,0,.25,0,0,"Private owned with land title",,,,"Private owned with land title",,,"No",,"",,"",,"Very unlikely","No",,,,,,,,,,,,,"No",,,,,,,0,"Slight decrease","Slight decrease","No",,,"",3,"No","lack of capital"
"36-02-91-03","Acres","",1,0,0,0,0,0,0,"Private owned with land title",,,,,,,"No",,"",,"",,"Very unlikely","No",,,,,,,,,,,,,"No",,,,,,,0,"The same","The same","No",,,"",1,"No","financially unstable"
"29-24-40-33","Acres","",2,0,0,0,.25,0,0,"Private owned with no land title",,,,"Private owned with no land title",,,"No",,"",,"",,"unlikely","Yes","No","No","Yes","Yes","No","No","No","No","No","No","No",,"Yes",2,"Yes","No","No","No",,0,"Slight increase","Slight decrease","No",,,"",1,"No","We can't afford to buy another piece of farmland"
"64-42-73-18","Acres","",2,0,0,0,.1,0,0,"Leased/rented",,,,"Private owned with no land title",,,"No",,"",,"",,"unlikely","Yes","No","No","No","No","No","No","Yes","No","No","No","No",,"Yes",2,"Yes","No","No","No",,0,"Slight increase","Slight decrease","No",,,"",0,"No","I can't afford to buy a farmland"
"56-97-76-00","Acres","",2,2,4,0,.25,0,0,"Private owned with land title","Private owned with no land title","Private owned with land title",,"Private owned with land title",,,"No",,"",,"",,"Very unlikely","Yes","No","Yes","No","No","No","No","No","No","No","No","No",,"No",,,,,,,500,"Massive decrease","Massive decrease","No",,,"",4,"Yes","agriculture activities"
"37-93-28-73","Acres","",7,0,0,0,.25,0,0,"Private owned with no land title",,,,"Private owned with no land title",,,"No",,"",,"",,"Maybe, maybe not","Yes","No","Yes","Yes","Yes","No","No","No","No","No","No","No",,"No",,,,,,,0,"Massive decrease","Massive decrease","No",,,"",1,"Yes","for investment purposes"
"03-58-95-42","Acres","",5,0,0,0,.5,0,0,"Private owned with no land title",,,,"Private owned with no land title",,,"No",,"",,"",,"Very unlikely","No",,,,,,,,,,,,,"No",,,,,,,0,"Slight decrease","Massive decrease","No",,,"",1,"No","Satisfied"
"15-23-04-89","Acres","",3,2.5,0,0,1.5,0,0,"Private owned with land title","Private owned with land title",,,"Private owned with land title",,,"No",,"",,"",,"Very unlikely","Yes","No","Yes","No","No","No","No","No","No","No","No","No",,"Yes",2.5,"Yes","No","No","No",,0,"The same","The same","No",,,"",2,"No","Too old to own a plot"
"51-35-95-32","Acres","",5,0,0,0,.0625,0,0,"Private owned with no land title",,,,"Private owned with no land title",,,"Yes","Other individuals","","Clan / Elder","","Yes","Very unlikely","Yes","No","No","Yes","No","No","No","No","No","No","No","No",,"No",,,,,,,3,"Massive decrease","Massive decrease","Yes",3000000,"Credit Union","",1,"Yes","crop cultivation"
"32-54-58-03","Acres","",4,1,0,0,.25,0,0,"Private owned with no land title","Private owned with no land title",,,"Private owned with no land title",,,"No",,"",,"",,"unlikely","No",,,,,,,,,,,,,"No",,,,,,,3,"Massive decrease","Massive decrease","No",,,"",2,"Yes","TO INCREASE PRODUCTION"
"45-15-07-99","Acres","",3,0,0,0,.25,0,0,"Private owned with no land title",,,,"Private owned with no land title",,,"No",,"",,"",,"unlikely","Yes","No","No","Yes","Yes","No","No","No","No","No","No","No",,"Yes",3,"Yes","No","No","No",,0,"Slight increase","Slight decrease","No",,,"",1,"Yes","In order to plant more rice"
"59-16-11-16","Acres","",2.5,0,0,0,.125,0,0,"Leased/rented",,,,"Private owned with no land title",,,"Yes","Other individuals","","Nowhere","","No","unlikely","Yes","No","Yes","No","No","No","No","No","No","No","No","No",,"No",,,,,,,0,"Massive decrease","Massive decrease","No",,,"",0,"Yes","securing land for children"
"78-92-27-80","Acres","",1,0,0,0,.166,0,0,"Private owned with no land title",,,,"Private owned with land title",,,"Yes","Other individuals","","Village headman / chairperson","","No","Very likely","Yes","No","Yes","Yes","No","No","No","No","No","No","No","No",,"No",,,,,,,0,"Slight decrease","Massive decrease","No",,,"",1,"Yes","so as to increase income of the household"
"24-78-22-03","Acres","",1.25,0,0,0,.25,0,0,"Private owned with no land title",,,,"Leased/rented",,,"No",,"",,"",,"Very unlikely","Yes","No","No","Yes","No","No","No","No","No","No","No","No",,"No",,,,,,,0,"Slight increase","Slight decrease","No",,,"",2,"Yes","crop cultivation"
"61-90-23-18","Acres","",8,0,3,0,.75,0,0,"Private owned with land title",,"Private owned with land title",,"Private owned with land title",,,"No",,"",,"",,"unlikely","Yes","No","Yes","Yes","No","No","No","No","No","No","No","No",,"No",,,,,,,0,"Massive decrease","Massive decrease","Yes",2000000,"Bank","",2,"Yes","securing land as asset accumulation"
"36-41-14-75","Acres","",1,0,0,0,.5,0,0,"Leased/rented",,,,"Private owned with no land title",,,"No",,"",,"",,"unlikely","Yes","No","No","Yes","No","No","No","No","No","No","No","No",,"Yes",1,"Yes","No","No","No",,0,"Slight increase","Slight decrease","No",,,"",0,"No","No I cannot afford it"
"15-24-20-62","Acres","",2,0,0,0,.25,0,0,"Private owned with no land title",,,,"Private owned with land title",,,"No",,"",,"",,"Very unlikely","Yes","No","No","Yes","Yes","No","No","No","No","No","No","No",,"No",,,,,,,0,"Slight decrease","Slight decrease","No",,,"",2,"Yes","For the children"
"13-30-97-65","Acres","",4,1,0,0,.25,0,0,"Private owned with no land title","Private owned with no land title",,,"Private owned with no land title",,,"No",,"",,"",,"unlikely","No",,,,,,,,,,,,,"Yes",.25,"No","No","Yes","No",,16,"Massive decrease","Massive decrease","No",,,"",3,"No","EXPENSES"
"62-39-49-91","Acres","",5,0,0,0,.5,0,0,"Private owned with no land title",,,,"Private owned with no land title",,,"Yes","Other individuals","","Village headman / chairperson","","Yes","unlikely","No",,,,,,,,,,,,,"Yes",.5,"Yes","No","No","No",,0,"The same","Massive decrease","No",,,"",2,"Yes","crop cultivation"
"37-93-31-47","Acres","",4,0,5,0,.25,0,0,"Private owned with land title",,"Private owned with no land title",,"Don’t know",,,"Yes","Other individuals","","Village headman / chairperson","","No","Likely","Yes","No","Yes","Yes","No","No","No","No","No","No","No","No",,"No",,,,,,,1,"Massive decrease","Massive decrease","No",,,"",3,"Yes","agriculture activities"
"41-29-34-43","Acres","",4,0,0,0,1,0,0,"Leased/rented",,,,"Private owned with no land title",,,"No",,"",,"",,"Maybe, maybe not","Yes","No","No","Yes","Yes","No","No","Yes","No","No","No","No",,"Yes",1,"Yes","No","No","No",,0,"Massive decrease","Massive decrease","No",,,"",2,"Yes","agriculture activities and livestock keeping"
"24-91-36-31","Acres","",0,0,0,0,.25,0,0,,,,,"Private owned with no land title",,,"Yes","Other individuals","","LC Court","","No","unlikely","Yes","No","No","Yes","No","No","No","No","No","No","No","No",,"No",,,,,,,0,"Massive decrease","Massive decrease","No",,,"",1,"Yes","crop cultivation"
"85-94-51-81","Acres","",2,0,0,0,.25,0,0,"Private owned with no land title",,,,"Private owned with no land title",,,"No",,"",,"",,"Very unlikely","No",,,,,,,,,,,,,"No",,,,,,,0,"Slight decrease","Massive decrease","No",,,"",1,"No","it's enough for now"
"05-53-82-60","Acres","",3,0,0,0,.5,0,0,"Private owned with land title",,,,"Private owned with land title",,,"No",,"",,"",,"unlikely","Yes","No","No","Yes","No","No","No","No","No","No","No","No",,"No",,,,,,,2,"Massive decrease","Massive decrease","No",,,"",2,"No","EXPENSES"
"79-66-45-07","Acres","",6,0,0,0,2,0,0,"Private owned with no land title",,,,"Private owned with no land title",,,"No",,"",,"",,"Very unlikely","No",,,,,,,,,,,,,"No",,,,,,,0,"The same","The same","No",,,"",2,"No","we already have alot of plots"
"78-15-69-36","Acres","",.75,0,0,0,.125,0,0,"Private owned with no land title",,,,"Private owned with no land title",,,"No",,"",,"",,"unlikely","No",,,,,,,,,,,,,"No",,,,,,,0,"Massive decrease","Massive decrease","No",,,"",1,"No","no longer energetic"
"53-49-72-57","Acres","",2.5,0,0,0,1,0,0,"Private owned with no land title",,,,"Private owned with no land title",,,"No",,"",,"",,"Very unlikely","Yes","No","No","Yes","Yes","No","No","No","No","No","No","No",,"No",,,,,,,0,"Massive decrease","Massive decrease","No",,,"",2,"Yes","securing land for children"
"66-30-66-08","Acres","",2,2,0,0,.5,0,0,"Private owned with no land title","Private owned with no land title",,,"Private owned with no land title",,,"No",,"",,"",,"Maybe, maybe not","Yes","No","Yes","Yes","Yes","No","No","No","No","No","No","No",,"No",,,,,,,0,"Massive decrease","Massive decrease","No",,,"",2,"No","I have  no  manpower to  manage the  plot"
"36-62-86-65","Acres","",4,0,0,0,1,0,0,"Private owned with land title",,,,"Communally owned",,,"No",,"",,"",,"Maybe, maybe not","Yes","No","No","No","Yes","No","No","No","No","No","No","No",,"No",,,,,,,5,"Slight decrease","Massive decrease","No",,,"",1,"No","I'm  satisfied"
"93-72-05-88","Acres","",1,1,0,0,.125,0,0,"Private owned with land title","Private owned with land title",,,"Private owned with land title",,,"Yes","Within family","","Village headman / chairperson","","Yes","Likely","Yes","No","Yes","No","No","No","No","No","No","No","No","No",,"No",,,,,,,0,"Slight decrease","Slight decrease","No",,,"",1,"No","increase production"
"64-59-07-31","Acres","",4,2,0,0,.25,0,0,"Private owned with no land title","Private owned with no land title",,,"Private owned with no land title",,,"No",,"",,"",,"Very unlikely","No",,,,,,,,,,,,,"Yes",2,"Yes","No","No","No",,1500,"Slight decrease","Massive decrease","No",,,"",3,"Yes","farming"
"14-20-80-15","Acres","",5,5,0,0,.25,0,0,"Private owned with no land title","Private owned with no land title",,,"Private owned with no land title",,,"No",,"",,"",,"Very likely","Yes","No","Yes","Yes","Yes","No","No","No","No","Yes","No","No",,"No",,,,,,,0,"Massive decrease","Massive decrease","No",,,"",2,"No","I have no money"
"78-03-04-37","Acres","",3,7,0,0,1,0,0,"Private owned with no land title","Private owned with no land title",,,"Private owned with no land title",,,"No",,"",,"",,"Very unlikely","Yes","No","No","Yes","No","No","No","No","No","No","No","No",,"Yes",7,"Yes","No","No","No",,5,"Slight decrease","Massive decrease","No",,,"",2,"No","Satisfied"
"56-24-05-48","Acres","",3,3,0,0,.25,0,0,"Private owned with no land title","Private owned with no land title",,,"Private owned with no land title",,,"Yes","Other individuals","","Tried to sort out ourselves","","Yes","Maybe, maybe not","Yes","No","No","Yes","No","No","No","No","No","No","No","No",,"No",,,,,,,3,"Massive decrease","Massive decrease","No",,,"",2,"Yes","agriculture"
"53-23-20-20","Acres","",2.5,0,0,0,0,0,0,"Co-share/ co-farming",,,,,,,"No",,"",,"",,"Very likely","No",,,,,,,,,,,,,"No",,,,,,,0,"The same","The same","No",,,"",2,"No","financially unstable"
"52-44-39-84","Acres","",.5,0,0,0,.1,0,0,"Private owned with no land title",,,,"Private owned with no land title",,,"No",,"",,"",,"unlikely","Yes","No","No","Yes","No","No","No","No","No","No","No","No",,"Yes",.5,"Yes","No","No","No",,0,"Slight increase","Slight decrease","No",,,"",1,"No","I can not afford to buy another farmland"
"67-64-28-49","Acres","",3,0,0,0,.25,0,0,"Leased/rented",,,,"Private owned with no land title",,,"No",,"",,"",,"unlikely","Yes","No","No","Yes","No","No","No","No","No","No","No","No",,"No",,,,,,,4,"Massive decrease","Massive decrease","No",,,"",0,"Yes","agriculture activities"
"75-72-38-92","Acres","",5,0,0,0,.25,0,0,"Private owned with land title",,,,"Private owned with land title",,,"No",,"",,"",,"unlikely","Yes","No","No","Yes","No","No","No","No","No","No","No","No",,"No",,,,,,,0,"Massive decrease","Massive decrease","No",,,"",2,"No","EXPENSES"
"37-95-25-26","Acres","",3,6,0,0,.25,0,0,"Communally owned","Communally owned",,,"Private owned with no land title",,,"No",,"",,"",,"unlikely","No",,,,,,,,,,,,,"No",,,,,,,8,"Slight decrease","Slight decrease","No",,,"",2,"Yes","for agricultural  extension"
"16-25-25-05","Acres","",1,0,0,0,.25,0,0,"Private owned with land title",,,,"Private owned with land title",,,"No",,"",,"",,"unlikely","Yes","No","Yes","Yes","No","No","No","No","No","No","No","No",,"Yes",1,"Yes","No","No","No",,0,"The same","Slight decrease","No",,,"",1,"No","I cannot afford to buy another farm land"
"61-27-42-98","Acres","",8,0,0,0,.25,0,0,"Private owned with land title",,,,"Private owned with land title",,,"No",,"",,"",,"unlikely","Yes","No","No","Yes","No","No","No","No","No","No","No","No",,"No",,,,,,,0,"The same","The same","No",,,"",1,"No","too old"
"47-23-15-41","Acres","",1,0,0,0,.25,0,0,"Leased/rented",,,,"Private owned with no land title",,,"No",,"",,"",,"Maybe, maybe not","Yes","No","No","Yes","No","No","No","No","No","No","No","No",,"No",,,,,,,0,"Massive decrease","Massive decrease","No",,,"",0,"Yes","agriculture  activities"
"19-28-77-73","Acres","",3,0,0,0,.25,0,0,"Private owned with no land title",,,,"Private owned with no land title",,,"No",,"",,"",,"unlikely","Yes","No","No","Yes","No","No","No","No","No","No","No","No",,"Yes",3,"Yes","No","No","No",,0,"Slight increase","Massive decrease","No",,,"",1,"Yes","To plant sunflower"
"68-18-94-35","Acres","",2,0,0,0,.25,0,0,"Leased/rented",,,,"Private owned with no land title",,,"No",,"",,"",,"Very unlikely","No",,,,,,,,,,,,,"No",,,,,,,3,"Massive decrease","Massive decrease","No",,,"",1,"Yes","To increase income of the family"
"93-17-92-46","Acres","",1,0,0,0,1.5,0,0,"Private owned with no land title",,,,"Private owned with no land title",,,"No",,"",,"",,"Very unlikely","No",,,,,,,,,,,,,"No",,,,,,,0,"Massive decrease","Massive decrease","No",,,"",1,"Yes","crop cultivation"
"93-76-84-35","Acres","",2.5,0,0,0,.25,0,0,"Private owned with land title",,,,"Private owned with land title",,,"No",,"",,"",,"Likely","Yes","No","Yes","No","No","No","No","No","No","No","No","No",,"No",,,,,,,0,"Massive decrease","Massive decrease","No",,,"",2,"No","economic constraints"
"44-86-19-68","Acres","",2,0,0,0,.5,0,0,"Private owned with no land title",,,,"Private owned with land title",,,"Yes","Within family","","Nowhere","","Yes","Very unlikely","Yes","No","Yes","Yes","No","No","No","No","No","No","No","No",,"No",,,,,,,0,"Massive decrease","Massive decrease","Yes",1000000,"Bank","",1,"Yes","to increased family income"
"99-24-36-43","Acres","",3,3,0,0,.25,0,0,"Private owned with land title","Private owned with land title",,,"Private owned with land title",,,"Yes","Within family","","Village headman / chairperson","","No","Likely","Yes","No","Yes","No","No","No","No","No","No","No","No","No",,"No",,,,,,,0,"Massive decrease","Massive decrease","No",,,"",4,"No","am satisfied"
"18-82-63-90","Acres","",3,0,2,0,.25,0,0,"Private owned with no land title",,"Private owned with no land title",,"Private owned with no land title",,,"Yes","Other individuals","","Village headman / chairperson","","Yes","Maybe, maybe not","Yes","No","No","Yes","No","No","No","No","No","No","No","No",,"Yes",1,"Yes","No","No","No",,300,"Massive decrease","Massive decrease","No",,,"",3,"Yes","so as to increase source of income"
"86-57-20-12","Acres","",4,4,0,2,.25,0,0,"Private owned with no land title","Private owned with no land title",,"Private owned with no land title","Private owned with land title",,,"No",,"",,"",,"Maybe, maybe not","Yes","No","Yes","No","No","No","No","No","No","No","No","No",,"No",,,,,,,0,"Slight decrease","Slight decrease","No",,,"",3,"Yes","To increase production"
"38-84-93-57","Acres","",16,4,0,4,.5,0,0,"Private owned with no land title","Private owned with no land title",,"Private owned with no land title","Private owned with no land title",,,"No",,"",,"",,"Very unlikely","No",,,,,,,,,,,,,"No",,,,,,,20,"Massive decrease","Massive decrease","No",,,"",2,"No","we have enough land"
"27-07-91-33","Acres","",3,1,0,0,.25,0,0,"Private owned with no land title","Private owned with no land title",,,"Private owned with no land title",,,"Yes","Other individuals","","Clan / Elder","","Yes","unlikely","Yes","No","No","Yes","No","No","No","No","No","No","No","No",,"No",,,,,,,0,"Massive decrease","Massive decrease","No",,,"",1,"Yes","PLACE IS NOT ENOUGH"
"50-08-65-68","Acres","",4,0,0,0,2.5,0,0,"Private owned with land title",,,,"Private owned with land title",,,"No",,"",,"",,"Very unlikely","Yes","No","Yes","No","No","No","No","No","No","No","No","No",,"No",,,,,,,5,"The same","The same","No",,,"",2,"No","Satisfied"
"78-04-92-62","Acres","",3,3,5,0,.5,0,0,"Private owned with land title","Private owned with land title","Private owned with no land title",,"Private owned with land title",,,"No",,"",,"",,"Maybe, maybe not","No",,,,,,,,,,,,,"No",,,,,,,0,"Massive decrease","Massive decrease","No",,,"",3,"Yes","for family"
"52-85-47-82","Acres","",3,0,0,0,2,0,0,"Private owned with land title",,,,"Private owned with land title",,,"No",,"",,"",,"Maybe, maybe not","Yes","No","No","Yes","Yes","No","No","No","No","No","No","No",,"No",,,,,,,15,"Massive decrease","Massive decrease","No",,,"",2,"Yes","agriculture activities"
"19-35-88-74","Acres","",3,3,0,0,.125,0,0,"Leased/rented","Leased/rented",,,"Private owned with no land title",,,"No",,"",,"",,"Likely","Yes","No","Yes","No","No","No","No","No","No","No","No","No",,"No",,,,,,,0,"Massive decrease","Massive decrease","No",,,"",0,"Yes","Because I need to have a farm"
"59-09-71-58","Acres","",2,0,0,0,.25,0,0,"Private owned with no land title",,,,"Private owned with no land title",,,"No",,"",,"",,"unlikely","No",,,,,,,,,,,,,"No",,,,,,,0,"Massive decrease","Massive decrease","No",,,"",1,"No","AGING"
"74-51-37-03","Acres","",5,2,0,0,1,0,0,"Private owned with land title","Private owned with land title",,,"Private owned with land title",,,"No",,"",,"",,"Likely","Yes","No","Yes","No","No","No","No","No","No","No","No","No",,"No",,,,,,,0,"Massive decrease","Massive decrease","No",,,"",1,"Yes","For children"
"75-11-11-88","Acres","",2,35,0,0,7,0,0,"Private owned with land title","Private owned with land title",,,"Private owned with land title",,,"No",,"",,"",,"Maybe, maybe not","Yes","No","Yes","No","No","No","No","No","No","No","No","No",,"Yes",.75,"No","No","Yes","No",,100,"Slight decrease","Massive decrease","No",,,"",2,"No","lack  of capital"
"22-78-28-40","Acres","",1,1,0,0,.5,0,0,"Private owned with no land title","Private owned with no land title",,,"Private owned with no land title",,,"No",,"",,"",,"Maybe, maybe not","No",,,,,,,,,,,,,"No",,,,,,,0,"The same","The same","No",,,"",1,"No","Am too old,"
"25-98-64-43","Acres","",4,4,0,3,2,0,0,"Private owned with land title","Private owned with land title",,"Private owned with land title","Private owned with land title",,,"No",,"",,"",,"unlikely","Yes","No","Yes","No","No","No","No","No","No","No","No","No",,"No",,,,,,,0,"Massive decrease","Slight decrease","No",,,"",2,"No","Too old"
"56-29-47-60","Acres","",2,1.5,0,0,.125,0,0,"Private owned with no land title","Private owned with no land title",,,"Private owned with no land title",,,"No",,"",,"",,"Likely","No",,,,,,,,,,,,,"No",,,,,,,0,"The same","Massive decrease","No",,,"",2,"Yes","Increase production"
"82-22-01-30","Acres","",4,4,0,0,.5,0,0,"Private owned with no land title","Private owned with no land title",,,"Private owned with no land title",,,"No",,"",,"",,"unlikely","No",,,,,,,,,,,,,"No",,,,,,,0,"Slight decrease","Slight decrease","No",,,"",3,"Yes","agricultural  Expansion"
"15-47-66-05","Acres","",3,0,0,0,0,0,0,"Private owned with no land title",,,,,,,"No",,"",,"",,"Very unlikely","No",,,,,,,,,,,,,"No",,,,,,,0,"The same","The same","No",,,"",1,"No","financially unstable"
"04-89-61-71","Acres","",3,3,0,0,.5,0,0,"Private owned with land title","Private owned with land title",,,"Private owned with land title",,,"No",,"",,"",,"Maybe, maybe not","Yes","No","Yes","No","No","No","No","No","No","No","No","No",,"No",,,,,,,0,"Slight decrease","Slight decrease","No",,,"",1,"Yes","for my children"
"58-73-17-40","Acres","",3,7,0,0,7,0,0,"Private owned with no land title","Private owned with no land title",,,"Private owned with no land title",,,"Yes","Within family","","LC Court","","Yes","Very likely","Yes","No","Yes","Yes","Yes","No","No","No","No","No","No","No",,"No",,,,,,,6,"Massive decrease","Massive decrease","No",,,"",2,"No","what i have is enough"
"82-66-58-84","Acres","",2,0,0,0,.25,0,0,"Private owned with no land title",,,,"Private owned with no land title",,,"No",,"",,"",,"Maybe, maybe not","Yes","No","No","Yes","No","No","No","No","No","No","No","No",,"No",,,,,,,2,"Massive decrease","Massive decrease","No",,,"",1,"Yes","agriculture"
"40-67-36-34","Acres","",1.5,4.5,0,3,1,0,0,"Private owned with no land title","Private owned with no land title",,"Private owned with no land title","Private owned with no land title",,,"No",,"",,"",,"Maybe, maybe not","No",,,,,,,,,,,,,"No",,,,,,,0,"Massive decrease","Massive decrease","No",,,"",2,"Yes","for children"
"76-04-73-59","Acres","",3,0,0,0,0,0,0,"Co-share/ co-farming",,,,,,,"No",,"",,"",,"Very unlikely","No",,,,,,,,,,,,,"Yes",.5,"Yes","No","No","No",,0,"The same","The same","No",,,"",2,"No","its enough for now"
"84-25-35-86","Acres","",3,2,0,0,.25,0,0,"Private owned with land title","Private owned with no land title",,,"Private owned with land title",,,"Yes","Within family","","Village headman / chairperson","","Yes","Very likely","Yes","No","Yes","Yes","Yes","No","No","Yes","Yes","No","No","No",,"No",,,,,,,19,"Massive decrease","Massive decrease","No",,,"",4,"Yes","For  children's  future assets"
"29-66-30-52","Acres","",0,0,0,0,.125,0,0,,,,,"Leased/rented",,,"No",,"",,"",,"Maybe, maybe not","Yes","No","Yes","No","No","No","No","No","No","No","No","No",,"No",,,,,,,0,"Massive decrease","Massive decrease","No",,,"",0,"Yes","To start farming"
"50-37-18-88","Acres","",3,3,0,2,.5,0,0,"Private owned with land title","Private owned with land title",,"Private owned with land title","Private owned with land title",,,"No",,"",,"",,"Maybe, maybe not","Yes","No","Yes","No","No","No","No","No","No","No","No","No",,"No",,,,,,,0,"The same","The same","No",,,"",2,"No","I don't have money"
"62-42-00-50","Acres","",24,10,0,0,1.5,0,0,"Private owned with no land title","Private owned with no land title",,,"Private owned with no land title",,,"No",,"",,"",,"Very unlikely","Yes","No","No","Yes","No","No","No","No","No","No","No","No",,"No",,,,,,,0,"Slight decrease","Slight decrease","No",,,"",5,"No","Can't afford to add an additional plot"
"94-15-10-76","Acres","",5,5,0,0,.75,0,0,"Private owned with land title","Private owned with land title",,,"Private owned with land title",,,"No",,"",,"",,"unlikely","Yes","No","Yes","No","No","No","No","No","No","No","No","No",,"No",,,,,,,0,"Massive decrease","Massive decrease","No",,,"",1,"Yes","increase production"
"42-39-21-50","Acres","",.5,.5,0,0,.125,0,0,"Private owned with no land title","Private owned with no land title",,,"Private owned with no land title",,,"No",,"",,"",,"Maybe, maybe not","No",,,,,,,,,,,,,"No",,,,,,,0,"Massive decrease","Massive decrease","No",,,"",1,"No","satisfied with his area"
"84-84-86-66","Acres","",4,1,0,0,.25,0,0,"Private owned with no land title","Private owned with no land title",,,"Private owned with land title",,,"No",,"",,"",,"Likely","Yes","No","Yes","Yes","No","Yes","No","No","No","No","No","No",,"No",,,,,,,0,"Massive decrease","Massive decrease","No",,,"",1,"Yes","for cultivating"
"53-27-67-24","Acres","",38.5,27,0,0,2,0,0,"Private owned with no land title","Private owned with no land title",,,"Private owned with no land title",,,"Yes","Other individuals","","Clan / Elder","","Yes","Maybe, maybe not","Yes","No","No","Yes","No","No","No","No","No","No","No","No",,"No",,,,,,,10,"Massive decrease","Massive decrease","No",,,"",4,"Yes","TO INCREASE PRODUCTION"
"02-02-62-52","Acres","",5,0,0,0,0,0,0,"Leased/rented",,,,,,,"No",,"",,"",,"unlikely","No",,,,,,,,,,,,,"No",,,,,,,0,"Slight increase","Slight increase","No",,,"",1,"Yes","farming  activities"
"10-89-66-70","Acres","",3,3,0,0,1,0,0,"Private owned with no land title","Private owned with no land title",,,"Private owned with no land title",,,"No",,"",,"",,"Likely","No",,,,,,,,,,,,,"No",,,,,,,0,"The same","The same","No",,,"",1,"No","I don't have money"
"28-72-52-28","Acres","",3,0,0,0,.25,0,0,"Private owned with no land title",,,,"Private owned with land title",,,"No",,"",,"",,"Very unlikely","No",,,,,,,,,,,,,"No",,,,,,,0,"Slight decrease","Slight decrease","No",,,"",1,"Yes","Farming"
"89-15-58-91","Acres","",4,0,0,0,.25,0,0,"Private owned with no land title",,,,"Private owned with no land title",,,"Yes","Other individuals","","Nowhere","","Yes","Very unlikely","No",,,,,,,,,,,,,"No",,,,,,,0,"Massive decrease","Massive decrease","No",,,"",2,"No","am old and I can't farm a bigger land"
"57-65-92-31","Acres","",5,2,0,0,2,0,0,"Private owned with land title","Private owned with land title",,,"Private owned with land title",,,"Yes","Government","","Tried to sort out ourselves","","No","Maybe, maybe not","Yes","No","Yes","No","No","No","No","No","No","No","No","No",,"Yes",2,"Yes","No","No","No",,1,"Slight decrease","Slight decrease","No",,,"",2,"Yes","Farming"
"78-69-73-93","Acres","",4,0,0,0,.5,0,0,"Private owned with no land title",,,,"Private owned with no land title",,,"No",,"",,"",,"unlikely","No",,,,,,,,,,,,,"No",,,,,,,0,"Massive decrease","Massive decrease","No",,,"",2,"No","EXPENSES"
"86-71-54-16","Acres","",.5,0,0,0,3,0,0,"Private owned with land title",,,,"Private owned with land title",,,"No",,"",,"",,"unlikely","Yes","No","No","Yes","No","No","No","No","No","No","No","No",,"Yes",1.5,"Yes","No","No","No",,0,"Slight increase","Slight decrease","No",,,"",2,"Yes","To plant more crops and build another house"
"49-00-37-24","Acres","",2,0,0,0,.5,0,0,"Private owned with no land title",,,,"Private owned with no land title",,,"No",,"",,"",,"unlikely","No",,,,,,,,,,,,,"No",,,,,,,0,"Slight decrease","Massive decrease","No",,,"",1,"No","NO MONEY AND AGING"
"60-73-62-17","Acres","",5,3,0,0,.25,0,0,"Private owned with no land title","Private owned with no land title",,,"Private owned with no land title",,,"No",,"",,"",,"Very unlikely","Yes","No","Yes","Yes","No","No","No","No","No","No","No","No",,"No",,,,,,,4,"Massive decrease","Massive decrease","No",,,"",1,"Yes","to increase income of the household"
"16-68-23-18","Acres","",4,2,36,0,1.5,0,0,"Private owned with no land title","Private owned with no land title","Private owned with no land title",,"Private owned with no land title",,,"No",,"",,"",,"unlikely","Yes","No","No","Yes","No","No","No","No","No","No","No","No",,"No",,,,,,,0,"The same","Massive decrease","No",,,"",1,"Yes","crop cultivation"
"75-36-25-09","Acres","",4,0,0,0,.5,0,0,"Private owned with no land title",,,,"Private owned with no land title",,,"No",,"",,"",,"unlikely","Yes","No","No","Yes","No","No","No","No","No","No","No","No",,"Yes",1.5,"Yes","No","No","No",,0,"Slight increase","Slight decrease","No",,,"",1,"No","The farmland we possess is enough we do not need another one"
"92-13-03-64","Acres","",4,0,0,0,.25,0,0,"Private owned with land title",,,,"Private owned with land title",,,"No",,"",,"",,"unlikely","Yes","No","Yes","No","No","No","No","No","No","No","No","No",,"Yes",4,"Yes","No","No","No",,0,"Slight increase","Slight decrease","No",,,"",1,"No","The farmland is enough"
"32-53-28-17","Acres","",2,1,0,0,.25,0,0,"Private owned with no land title","Private owned with no land title",,,"Private owned with no land title",,,"No",,"",,"",,"Very likely","Yes","No","Yes","Yes","No","No","No","No","No","No","No","No",,"No",,,,,,,5,"Massive decrease","Massive decrease","No",,,"",1,"Yes","for development purposes"
"18-06-29-93","Acres","",1,0,0,0,.25,0,0,"Private owned with land title",,,,"Private owned with land title",,,"No",,"",,"",,"Maybe, maybe not","Yes","No","Yes","No","No","No","No","No","No","No","No","No",,"No",,,,,,,10,"Massive decrease","Massive decrease","No",,,"",0,"Yes","agriculture activities"
"86-17-31-91","Acres","",2,0,0,0,1,0,0,"Private owned with land title",,,,"Private owned with no land title",,,"No",,"",,"",,"unlikely","Yes","No","Yes","Yes","No","No","No","No","No","No","No","No",,"Yes",1,"Yes","No","No","No",,2,"Slight increase","Slight decrease","No",,,"",6,"Yes","We want to plant trees"
"34-05-05-84","Acres","",13,7,0,0,.5,0,0,"Private owned with land title","Private owned with land title",,,"Private owned with land title",,,"No",,"",,"",,"unlikely","No",,,,,,,,,,,,,"No",,,,,,,0,"Massive decrease","Massive decrease","No",,,"",1,"No","NO MONEY"
"24-72-79-56","Acres","",1.5,0,0,0,0,0,0,"Leased/rented",,,,,,,"No",,"",,"",,"Very unlikely","No",,,,,,,,,,,,,"No",,,,,,,0,"The same","The same","No",,,"",0,"No","financially unstable"
"56-10-85-53","Acres","",1.5,0,0,0,0,0,0,"Leased/rented",,,,,,,"No",,"",,"",,"Very unlikely","No",,,,,,,,,,,,,"No",,,,,,,0,"The same","The same","No",,,"",0,"Yes","we wish to have our own land"
"65-86-13-71","Acres","",5,0,0,0,.25,0,0,"Leased/rented",,,,"Private owned with no land title",,,"No",,"",,"",,"Very unlikely","No",,,,,,,,,,,,,"No",,,,,,,0,"Massive decrease","Massive decrease","No",,,"",2,"Yes","so as to increase income of the household and able to pay home bills"
"47-19-77-59","Acres","",1,0,0,0,.1,0,0,"Private owned with no land title",,,,"Private owned with no land title",,,"No",,"",,"",,"unlikely","Yes","No","No","Yes","No","No","No","No","No","No","No","No",,"Yes",1,"Yes","No","No","No",,0,"Slight increase","Slight decrease","No",,,"",2,"No","We can not afford to buy another farm land"
"72-38-19-68","Acres","",2,0,0,0,.25,0,0,"Private owned with no land title",,,,"Private owned with no land title",,,"No",,"",,"",,"Maybe, maybe not","Yes","No","No","Yes","No","No","No","No","No","No","No","No",,"Yes",5,"Yes","No","No","No",,0,"Massive decrease","Massive decrease","No",,,"",1,"Yes","agriculture"
"87-95-06-00","Acres","",4,2,0,0,2,0,0,"Private owned with land title","Private owned with land title",,,"Private owned with land title",,,"No",,"",,"",,"Very unlikely","No",,,,,,,,,,,,,"Yes",2,"Yes","No","No","No",,0,"Slight decrease","Slight decrease","No",,,"",2,"No","There is no additional land in the village"
"27-03-96-63","Acres","",10,10,0,0,4,0,0,"Private owned with no land title","Private owned with no land title",,,"Private owned with no land title",,,"No",,"",,"",,"Maybe, maybe not","Yes","No","Yes","No","No","No","No","No","No","No","No","No",,"No",,,,,,,0,"Massive decrease","Massive decrease","No",,,"",1,"No","it's enough for me"
"43-65-32-18","Acres","",3,4,1,0,2,0,0,"Private owned with land title","Private owned with land title","Private owned with land title",,"Private owned with land title",,,"Yes","Other individuals","","Village headman / chairperson","","No","Very likely","Yes","No","Yes","No","Yes","No","No","No","No","No","No","No",,"No",,,,,,,130,"Massive decrease","Massive decrease","No",,,"",1,"Yes","to add assets  for my children's"
"20-11-50-00","Acres","",0,2,0,0,.1,0,0,,"Private owned with land title",,,"Private owned with land title",,,"No",,"",,"",,"unlikely","Yes","No","No","Yes","No","No","No","No","No","No","No","No",,"No",,,,,,,0,"Slight increase","Massive decrease","No",,,"",1,"No","I can not afford to buy another plot"
"93-65-33-33","Acres","",6,0,0,0,.25,0,0,"Private owned with no land title",,,,"Private owned with no land title",,,"No",,"",,"",,"Very unlikely","Yes","No","No","No","No","No","No","No","Yes","Yes","No","No",,"No",,,,,,,12,"Slight decrease","Slight decrease","No",,,"",1,"No","she is aged to farm"
"35-33-01-98","Acres","",2,2,0,7,1.25,0,0,"Private owned with no land title","Private owned with no land title",,"Private owned with no land title","Private owned with land title",,,"No",,"",,"",,"Maybe, maybe not","No",,,,,,,,,,,,,"No",,,,,,,0,"The same","The same","No",,,"",2,"No","am satisfied with the area I have"
"52-85-83-28","Acres","",6,6,0,0,1,0,0,"Private owned with no land title","Private owned with no land title",,,"Private owned with no land title",,,"No",,"",,"",,"Maybe, maybe not","No",,,,,,,,,,,,,"No",,,,,,,0,"Slight decrease","Slight decrease","No",,,"",2,"Yes","for increase production"
"83-02-65-23","Acres","",5,4,0,0,0,0,0,"Co-share/ co-farming","Co-share/ co-farming",,,,,,"No",,"",,"",,"Likely","No",,,,,,,,,,,,,"No",,,,,,,0,"The same","The same","No",,,"",1,"Yes","to cultivate more crops"
"56-88-41-02","Acres","",2,1,0,0,.5,0,0,"Private owned with no land title","Private owned with no land title",,,"Private owned with land title",,,"Yes","Other individuals","","Clan / Elder","","No","Likely","No",,,,,,,,,,,,,"No",,,,,,,20,"Slight decrease","Slight decrease","No",,,"",2,"Yes","for grazing purposes"
"67-06-10-95","Acres","",1,0,0,0,.25,0,0,"Private owned with land title",,,,"Private owned with land title",,,"No",,"",,"",,"unlikely","Yes","No","No","Yes","Yes","No","No","No","No","No","No","No",,"No",,,,,,,0,"Massive decrease","Massive decrease","No",,,"",2,"Yes","agriculture"
"96-49-31-22","Acres","",3,0,0,0,.5,0,0,"Leased/rented",,,,"Private owned with no land title",,,"No",,"",,"",,"unlikely","No",,,,,,,,,,,,,"No",,,,,,,0,"Massive decrease","Massive decrease","No",,,"",1,"No","EXPENSES"
"10-07-11-91","Acres","",5.5,0,0,0,.25,0,0,"Private owned with land title",,,,"Private owned with no land title",,,"No",,"",,"",,"Maybe, maybe not","No",,,,,,,,,,,,,"No",,,,,,,0,"Massive decrease","Massive decrease","No",,,"",2,"Yes","agriculture activities"
"13-05-66-13","Acres","",0,0,0,0,.1,0,0,,,,,"Private owned with land title",,,"No",,"",,"",,"unlikely","Yes","No","Yes","No","No","No","No","No","No","No","No","No",,"No",,,,,,,0,"Massive increase","Massive decrease","No",,,"",0,"Yes","Inorder to plant crops"
"47-07-01-10","Acres","",2,0,0,0,.2,0,0,"Leased/rented",,,,"Private owned with no land title",,,"No",,"",,"",,"Very unlikely","No",,,,,,,,,,,,,"No",,,,,,,0,"Massive decrease","Massive decrease","No",,,"",1,"Yes","to increase income"
"37-48-11-93","Acres","",3,0,0,0,.166,0,0,"Leased/rented",,,,"Private owned with land title",,,"No",,"",,"",,"Maybe, maybe not","No",,,,,,,,,,,,,"No",,,,,,,0,"Massive decrease","Massive decrease","No",,,"",1,"Yes","to increase production of rice"
"67-06-61-48","Acres","",3,0,0,0,.75,0,0,"Private owned with land title",,,,"Private owned with no land title",,,"No",,"",,"",,"Very unlikely","Yes","No","Yes","No","No","No","No","No","No","No","No","No",,"No",,,,,,,0,"Massive decrease","Massive decrease","No",,,"",2,"Yes","cash crop cultivation"
"89-00-56-37","Acres","",5,0,0,0,.5,0,0,"Private owned with no land title",,,,"Leased/rented",,,"Yes","Other individuals","","LC Court","","Yes","unlikely","Yes","No","No","Yes","No","No","No","No","No","No","No","No",,"No",,,,,,,0,"Massive decrease","Massive decrease","No",,,"",1,"No","house construction and crop cultivation"
"28-16-54-68","Acres","",2,0,0,0,.25,0,2,"Private owned with land title",,,,"Private owned with no land title",,"Private owned with land title","Yes","Other individuals","","Nowhere","","Yes","unlikely","Yes","No","No","Yes","No","No","No","No","No","No","No","No",,"No",,,,,,,0,"Massive decrease","Massive decrease","Yes",1000000,"Bank","",2,"Yes","too old and difficulty  to find near plot"
"44-25-43-31","Acres","",1,1,0,0,.5,0,0,"Leased/rented","Leased/rented",,,"Private owned with land title",,,"No",,"",,"",,"Maybe, maybe not","Yes","No","Yes","No","No","No","No","No","No","No","No","No",,"No",,,,,,,0,"Massive decrease","Massive decrease","No",,,"",0,"Yes","To increase production in agriculture"
"33-83-81-59","Acres","",2,2,0,0,.5,0,0,"Leased/rented","Leased/rented",,,"Private owned with land title",,,"No",,"",,"",,"Maybe, maybe not","No",,,,,,,,,,,,,"No",,,,,,,0,"Massive decrease","Massive decrease","No",,,"",0,"No","For my children"
"94-91-64-84","Acres","",2,0,0,0,.1,0,0,"Leased/rented",,,,"Leased/rented",,,"No",,"",,"",,"unlikely","No",,,,,,,,,,,,,"No",,,,,,,0,"Slight increase","Slight decrease","No",,,"",0,"No","I can not afford to buy a farmland"
"58-84-03-84","Acres","",2,0,0,0,.25,0,0,"Leased/rented",,,,"Leased/rented",,,"No",,"",,"",,"unlikely","No",,,,,,,,,,,,,"No",,,,,,,0,"The same","The same","No",,,"",1,"No","EXPENSES"
"41-54-65-45","Acres","",4,10,0,0,.75,0,.25,"Leased/rented","Private owned with no land title",,,"Private owned with land title",,"Private owned with land title","No",,"",,"",,"Very unlikely","Yes","No","Yes","No","No","No","No","No","No","No","No","No",,"No",,,,,,,0,"Slight increase","Slight increase","No",,,"",1,"Yes","For Agriculture purposes"
"55-68-02-17","Acres","",3,0,0,0,.25,0,0,"Leased/rented",,,,"Private owned with no land title",,,"No",,"",,"",,"Very likely","Yes","No","Yes","Yes","No","No","No","No","No","No","No","No",,"No",,,,,,,0,"Massive decrease","Massive decrease","No",,,"",1,"No","no purchasing power"
"14-43-79-24","Acres","",1,0,0,0,0,0,0,"Leased/rented",,,,,,,"No",,"",,"",,"Very unlikely","No",,,,,,,,,,,,,"No",,,,,,,0,"Massive decrease","Massive decrease","No",,,"",0,"Yes","we wish to buy our own land plot"
"06-98-04-04","Acres","",14,0,0,0,.25,0,0,"Private owned with land title",,,,"Private owned with no land title",,,"No",,"",,"",,"Very likely","Yes","No","Yes","Yes","Yes","Yes","No","No","No","No","No","No",,"No",,,,,,,2,"Massive decrease","Massive decrease","No",,,"",1,"No","no purchasing power"
"48-67-43-42","Acres","",2,0,0,0,.25,0,0,"Private owned with no land title",,,,"Private owned with land title",,,"No",,"",,"",,"Maybe, maybe not","Yes","No","Yes","Yes","No","No","No","No","No","No","No","No",,"No",,,,,,,0,"Massive decrease","Massive decrease","No",,,"",1,"Yes","house construction and crop cultivation"
"46-95-07-61","Acres","",2,0,0,0,.25,0,0,"Private owned with land title",,,,"Private owned with land title",,,"No",,"",,"",,"Very unlikely","No",,,,,,,,,,,,,"No",,,,,,,0,"Slight decrease","Massive decrease","No",,,"",1,"Yes","Farming"
"97-29-47-65","Acres","",10,0,0,0,.5,0,0,"Private owned with land title",,,,"Private owned with no land title",,,"Yes","Other individuals","","Village headman / chairperson","","Yes","Very unlikely","No",,,,,,,,,,,,,"No",,,,,,,4,"Slight decrease","Massive decrease","No",,,"",2,"No","They are both aged to farm"
"74-85-56-04","Acres","",2.25,0,0,0,.22,0,0,"Leased/rented",,,,"Leased/rented",,,"No",,"",,"",,"unlikely","No",,,,,,,,,,,,,"No",,,,,,,5,"Massive decrease","Massive decrease","No",,,"",2,"Yes","TO INCREASE PRODUCTION"
"50-63-58-49","Acres","",5,5,0,2,.125,0,0,"Private owned with land title","Private owned with land title",,"Private owned with land title","Private owned with land title",,,"No",,"",,"",,"unlikely","Yes","No","Yes","No","No","No","No","No","No","No","No","No",,"No",,,,,,,0,"Massive decrease","Massive decrease","No",,,"",1,"Yes","for my children and grandchildren"
"37-89-69-52","Acres","",0,0,0,0,.25,0,0,,,,,"Private owned with land title",,,"No",,"",,"",,"Very unlikely","Yes","No","Yes","No","No","No","No","No","No","No","No","No",,"No",,,,,,,0,"Slight decrease","Massive decrease","No",,,"",0,"Yes","Farming"
"29-36-47-57","Acres","",0,0,0,0,.25,0,0,,,,,"Private owned with no land title",,,"Yes","Other individuals","","LC Court","","Yes","Very likely","No",,,,,,,,,,,,,"No",,,,,,,0,"Slight decrease","Slight decrease","No",,,"",0,"No","too old"
"96-44-22-62","Acres","",2,0,0,0,0,0,0,"Leased/rented",,,,,,,"Yes","Other individuals","","LC Court","","No","Maybe, maybe not","Yes","No","No","No","No","No","No","No","No","Yes","No","No",,"No",,,,,,,0,"Slight increase","Slight increase","No",,,"",1,"No","I am poor"
"02-51-86-61","Acres","",.5,0,0,0,.5,0,0,"Private owned with land title",,,,"Private owned with land title",,,"No",,"",,"",,"Very unlikely","Yes","No","Yes","No","No","No","No","No","No","No","No","No",,"No",,,,,,,3,"Slight decrease","Massive decrease","No",,,"",1,"No","For farming"
"18-39-49-03","Acres","",0,0,0,0,.25,0,0,,,,,"Private owned with land title",,,"No",,"",,"",,"Very unlikely","Yes","No","Yes","No","No","No","No","No","No","No","No","No",,"No",,,,,,,9,"Slight decrease","Massive decrease","No",,,"",0,"Yes","For farming"
"64-03-84-99","Acres","",1,0,0,0,.25,0,0,"Leased/rented",,,,"Private owned with land title",,,"No",,"",,"",,"Very unlikely","Yes","No","Yes","No","No","No","No","No","No","No","No","No",,"No",,,,,,,4,"Slight decrease","Slight decrease","No",,,"",0,"Yes","For Farming"
"49-82-95-52","Acres","",1.5,0,0,0,2,0,0,"Private owned with no land title",,,,"Co-share/ co-farming",,,"No",,"",,"",,"unlikely","No",,,,,,,,,,,,,"No",,,,,,,4,"Massive decrease","Massive decrease","No",,,"",2,"Yes","INCREASE PRODUCTION"
"59-52-11-34","Acres","",.5,0,0,0,.25,0,0,"Private owned with no land title",,,,"Private owned with no land title",,,"No",,"",,"",,"Very unlikely","No",,,,,,,,,,,,,"No",,,,,,,1,"Massive decrease","Massive decrease","No",,,"",1,"No","AGING"
"59-43-90-91","Acres","",1.5,0,0,0,.5,0,0,"Private owned with land title",,,,"Private owned with no land title",,,"No",,"",,"",,"unlikely","Yes","No","No","Yes","No","No","No","No","No","No","No","No",,"Yes",1.5,"Yes","No","No","No",,0,"Slight increase","Slight decrease","Yes",2000000,"Bank","",1,"No","I can not afford to buy another farm land"
"30-40-96-29","Acres","",1,0,0,0,.25,0,0,"Private owned with no land title",,,,"Private owned with no land title",,,"No",,"",,"",,"unlikely","No",,,,,,,,,,,,,"No",,,,,,,10,"Massive decrease","Massive decrease","No",,,"",1,"No","EXPENSES"
"57-67-24-08","Acres","",3,0,0,0,0,0,0,"Leased/rented",,,,,,,"No",,"",,"",,"Very unlikely","No",,,,,,,,,,,,,"No",,,,,,,0,"Massive decrease","Massive decrease","No",,,"",2,"No","no capital to cultivate more than three acres"
"51-50-93-36","Acres","",4.5,0,0,0,.5,0,0,"Private owned with no land title",,,,"Private owned with land title",,,"No",,"",,"",,"Very unlikely","No",,,,,,,,,,,,,"No",,,,,,,0,"Massive decrease","Massive decrease","No",,,"",2,"No","I have enough land according to the capacity I have to produce"
"90-76-57-66","Acres","",2,0,0,0,.5,0,0,"Private owned with land title",,,,"Private owned with land title",,,"No",,"",,"",,"Very unlikely","No",,,,,,,,,,,,,"No",,,,,,,0,"The same","The same","No",,,"",1,"Yes","Farming"
"69-63-24-75","Acres","",1.5,0,0,0,.25,0,0,"Leased/rented",,,,"Private owned with no land title",,,"No",,"",,"",,"Very unlikely","No",,,,,,,,,,,,,"No",,,,,,,0,"Massive decrease","Massive decrease","No",,,"",2,"Yes","to produce enough food for the household"
"98-67-98-63","Acres","",2,0,0,0,1,0,0,"Private owned with land title",,,,"Private owned with land title",,,"No",,"",,"",,"Very unlikely","Yes","No","Yes","No","Yes","No","No","No","No","No","No","No",,"No",,,,,,,0,"Massive decrease","Massive decrease","No",,,"",1,"No","too weak"
"27-72-61-17","Acres","",13,0,0,0,.25,0,0,"Private owned with no land title",,,,"Private owned with land title",,,"No",,"",,"",,"unlikely","Yes","No","Yes","Yes","No","No","No","No","No","No","No","No",,"No",,,,,,,0,"Massive decrease","Massive decrease","Yes",6000000,"Bank","",5,"Yes","crop cultivation"
"37-84-88-65","Acres","",1,0,0,0,.1,0,0,"Leased/rented",,,,"Private owned with no land title",,,"No",,"",,"",,"unlikely","Yes","No","No","Yes","No","No","No","No","No","No","No","No",,"No",,,,,,,0,"Slight increase","Slight decrease","No",,,"",0,"No","I can not afford to buy a farmland"
"14-81-03-80","Acres","",0,0,0,0,.5,0,0,,,,,"Private owned with land title",,,"No",,"",,"",,"unlikely","Yes","No","Yes","Yes","No","No","No","No","No","No","No","No",,"No",,,,,,,0,"Massive increase","Massive decrease","No",,,"",0,"No","I can not afford to buy a farmland"
"53-19-96-03","Acres","",2,0,0,0,.083,0,0,"Leased/rented",,,,"Private owned with land title",,,"No",,"",,"",,"Very unlikely","Yes","No","Yes","No","No","No","No","No","No","No","No","No",,"No",,,,,,,0,"Massive decrease","Massive decrease","No",,,"",0,"Yes","house construction"
"83-97-00-24","Acres","",1,0,0,0,.35,0,0,"Private owned with no land title",,,,"Private owned with land title",,,"No",,"",,"",,"Very unlikely","No",,,,,,,,,,,,,"No",,,,,,,4,"Massive decrease","Massive decrease","No",,,"",1,"Yes","to generate more income"
"46-19-90-07","Acres","",2,0,0,0,0,0,0,"Leased/rented",,,,,,,"No",,"",,"",,"Very unlikely","No",,,,,,,,,,,,,"No",,,,,,,1500,"Slight decrease","Massive decrease","No",,,"",1,"Yes","I wish to engage in cash crops"
"92-29-31-08","Acres","",2,0,.25,0,.25,0,0,"Private owned with land title",,"Private owned with land title",,"Private owned with land title",,,"No",,"",,"",,"Very unlikely","No",,,,,,,,,,,,,"No",,,,,,,98,"Slight decrease","Slight decrease","No",,,"",1,"Yes","Settlement"
"17-42-40-28","Acres","",2.75,2.75,0,0,.125,0,0,"Leased/rented","Private owned with land title",,,"Communally owned",,,"No",,"",,"",,"Maybe, maybe not","No",,,,,,,,,,,,,"No",,,,,,,0,"Massive decrease","Massive decrease","No",,,"",1,"Yes","for my children"
"45-79-64-22","Acres","",15,0,0,0,.5,0,0,"Private owned with land title",,,,"Private owned with land title",,,"Yes","Government","","Village headman / chairperson","","Yes","Maybe, maybe not","Yes","No","No","Yes","No","No","No","No","No","No","No","No",,"No",,,,,,,5,"Massive decrease","Massive decrease","No",,,"",3,"No","EXPENSES"
"13-96-72-87","Acres","",7,0,0,0,.25,0,0,"Private owned with no land title",,,,"Private owned with no land title",,,"No",,"",,"",,"Maybe, maybe not","Yes","No","No","Yes","Yes","No","No","No","No","No","No","No",,"No",,,,,,,0,"Massive decrease","Massive decrease","No",,,"",3,"Yes","agriculture  activities"
"19-29-74-86","Acres","",2,0,0,0,.25,0,0,"Private owned with land title",,,,"Private owned with land title",,,"No",,"",,"",,"Maybe, maybe not","Yes","No","Yes","Yes","No","No","No","No","No","No","No","No",,"No",,,,,,,0,"Massive decrease","Massive decrease","No",,,"",2,"No","i have enough land"
"35-00-29-50","Acres","",0,0,0,0,.25,0,0,,,,,"Private owned with land title",,,"No",,"",,"",,"unlikely","Yes","No","Yes","Yes","No","No","No","No","No","No","No","No",,"No",,,,,,,0,"Massive decrease","Massive decrease","No",,,"",0,"Yes","house construction"
"59-86-12-12","Acres","",2,0,0,0,0,0,0,"Private owned with land title",,,,,,,"No",,"",,"",,"Very unlikely","Yes","No","Yes","No","No","No","No","No","No","No","No","No",,"No",,,,,,,0,"The same","The same","No",,,"",1,"Yes","we want to cultivate cash crops"
"76-11-26-21","Acres","",1,1,0,0,.25,0,0,"Leased/rented","Private owned with land title",,,"Private owned with land title",,,"No",,"",,"",,"Maybe, maybe not","No",,,,,,,,,,,,,"Yes",1,"Yes","No","No","No",,0,"Slight decrease","Massive decrease","No",,,"",1,"No","scasity of plots"
"62-32-74-83","Acres","",1.5,0,0,0,.5,0,0,"Private owned with no land title",,,,"Private owned with no land title",,,"No",,"",,"",,"unlikely","Yes","No","Yes","No","No","No","No","No","No","No","No","No",,"No",,,,,,,60,"Slight decrease","Massive decrease","No",,,"",3,"No","no availability"
"38-96-93-13","Acres","",3.5,0,0,0,.25,0,0,"Private owned with land title",,,,"Don’t know",,,"No",,"",,"",,"unlikely","Yes","No","Yes","No","No","No","No","No","No","No","No","No",,"No",,,,,,,0,"Massive decrease","Massive decrease","No",,,"",2,"No","plot is enough"
"29-68-16-29","Acres","",2,2,0,0,.5,0,0,"Private owned with land title","Private owned with land title",,,"Private owned with land title",,,"No",,"",,"",,"Maybe, maybe not","No",,,,,,,,,,,,,"No",,,,,,,0,"Massive decrease","Massive decrease","No",,,"",1,"Yes","To increase production"
"81-19-19-51","Acres","",3,0,0,0,.75,0,0,"Leased/rented",,,,"Private owned with no land title",,,"No",,"",,"",,"unlikely","No",,,,,,,,,,,,,"Yes",.75,"No","No","Yes","No",,0,"Slight decrease","Massive decrease","No",,,"",0,"Yes","for agricultural and source of basic needs"
"66-94-31-99","Acres","",2,0,0,0,.25,0,0,"Private owned with land title",,,,"Private owned with land title",,,"No",,"",,"",,"unlikely","Yes","No","Yes","Yes","No","No","No","No","No","No","No","No",,"No",,,,,,,0,"Massive decrease","Massive decrease","No",,,"",1,"Yes","crop cultivation amd house construction"
"49-37-92-04","Acres","",4,0,0,0,.25,0,0,"Private owned with land title",,,,"Private owned with land title",,,"No",,"",,"",,"unlikely","No",,,,,,,,,,,,,"No",,,,,,,0,"Massive decrease","Massive decrease","No",,,"",2,"No","E PENSES"
"21-55-58-12","Acres","",8,0,0,0,0,0,0,"Private owned with land title",,,,,,,"Yes","Other individuals","","Village headman / chairperson","","Yes","Very unlikely","Yes","No","Yes","No","No","No","No","No","No","No","No","No",,"No",,,,,,,0,"Massive decrease","Massive decrease","No",,,"",2,"Yes","to cultivate more crops"
"12-96-07-43","Acres","",7,0,0,0,0,0,0,"Private owned with land title",,,,,,,"No",,"",,"",,"Very unlikely","Yes","No","Yes","No","No","No","No","No","No","No","No","No",,"No",,,,,,,0,"Slight decrease","Massive decrease","No",,,"",1,"No","I have many plots already"
"93-06-19-65","Acres","",3,0,0,0,.25,0,0,"Private owned with land title",,,,"Private owned with land title",,,"No",,"",,"",,"unlikely","No",,,,,,,,,,,,,"Yes",3,"Yes","No","No","No",,0,"Massive increase","Massive decrease","Yes",500000,"NGO/Development Project","",1,"Yes","To plant crops like maize"
"11-66-34-17","Acres","",2,0,1,0,.25,0,0,"Leased/rented",,"Private owned with land title",,"Private owned with land title",,,"No",,"",,"",,"Very unlikely","No",,,,,,,,,,,,,"No",,,,,,,100,"Slight decrease","Massive decrease","No",,,"",2,"Yes","Farming activities"
"56-59-99-19","Acres","",2,0,0,0,4,0,0,"Private owned with land title",,,,"Private owned with land title",,,"No",,"",,"",,"Very unlikely","Yes","No","Yes","No","No","No","No","No","No","No","No","No",,"No",,,,,,,0,"The same","The same","Yes",200000,"Family, friend or relative","",3,"No","financially unstable"
"31-05-57-57","Acres","",0,0,0,0,.25,0,0,,,,,"Private owned with no land title",,,"No",,"",,"",,"Maybe, maybe not","Yes","No","Yes","No","No","No","No","No","No","No","No","No",,"No",,,,,,,0,"Massive decrease","Massive decrease","No",,,"",0,"Yes","for rent"
"10-22-42-13","Acres","",5,5,0,0,1,0,0,"Co-share/ co-farming","Co-share/ co-farming",,,"Co-share/ co-farming",,,"No",,"",,"",,"Maybe, maybe not","No",,,,,,,,,,,,,"No",,,,,,,0,"Massive decrease","Massive decrease","No",,,"",1,"Yes","For my children"
"78-11-12-15","Acres","",1,0,0,0,0,0,0,"Leased/rented",,,,,,,"No",,"",,"",,"Very unlikely","No",,,,,,,,,,,,,"No",,,,,,,0,"The same","The same","No",,,"",0,"No","financially unstable"
"46-31-75-02","Acres","",1,0,0,0,.1,0,0,"Leased/rented",,,,"Leased/rented",,,"No",,"",,"",,"unlikely","No",,,,,,,,,,,,,"No",,,,,,,0,"Slight increase","Massive decrease","No",,,"",0,"Yes","So that I can plant crops like rice and maize"
"08-59-45-61","Acres","",1,0,0,0,0,0,0,"Leased/rented",,,,,,,"No",,"",,"",,"Very unlikely","No",,,,,,,,,,,,,"No",,,,,,,0,"The same","The same","No",,,"",0,"No","financially unstable"
"44-58-66-87","Acres","",2,0,0,0,.25,0,0,"Leased/rented",,,,"Leased/rented",,,"No",,"",,"",,"unlikely","No",,,,,,,,,,,,,"No",,,,,,,0,"Massive decrease","Massive decrease","No",,,"",1,"No","EXPENSES"
"61-83-81-67","Acres","",2,2,0,0,.5,0,0,"Private owned with land title","Private owned with land title",,,"Leased/rented",,,"No",,"",,"",,"Likely","Yes","No","Yes","No","No","No","No","No","No","No","No","No",,"No",,,,,,,0,"Massive decrease","Massive decrease","No",,,"",2,"Yes","For my children"
"05-38-54-18","Acres","",1,0,0,0,.25,0,7,"Leased/rented",,,,"Private owned with land title",,"Private owned with land title","Yes","Other individuals","","Village headman / chairperson","","Yes","Very unlikely","Yes","No","Yes","No","No","No","No","No","No","No","No","No",,"Yes",3,"Yes","No","No","No",,10,"Slight decrease","Massive decrease","No",,,"",1,"Yes","for agricultural activities"
"83-79-00-11","Acres","",1,1,0,0,.25,0,0,"Private owned with no land title","Private owned with no land title",,,"Private owned with no land title",,,"No",,"",,"",,"Maybe, maybe not","Yes","No","Yes","No","No","No","No","No","No","No","No","No",,"No",,,,,,,0,"Massive decrease","Massive decrease","No",,,"",2,"Yes","For my children and To increase production"
"01-37-46-42","Acres","",3,3,0,0,.125,0,0,"Leased/rented","Leased/rented",,,"Private owned with no land title",,,"No",,"",,"",,"Maybe, maybe not","Yes","No","Yes","No","No","No","No","No","No","No","No","No",,"No",,,,,,,0,"Massive decrease","Massive decrease","No",,,"",1,"Yes","To increase production"
"12-21-05-43","Acres","",1,0,0,0,.25,0,0,"Private owned with no land title",,,,"Private owned with land title",,,"No",,"",,"",,"Very likely","Yes","No","No","Yes","No","No","No","No","No","No","No","No",,"No",,,,,,,0,"Massive decrease","Massive decrease","No",,,"",1,"Yes","for development purposes"
"91-17-37-47","Acres","",2,0,0,0,.2,0,0,"Leased/rented",,,,"Private owned with land title",,,"No",,"",,"",,"Very unlikely","No",,,,,,,,,,,,,"No",,,,,,,0,"The same","The same","No",,,"",2,"No","no enough money to rent more land"
"78-30-57-92","Acres","",5,0,0,0,.25,0,0,"Private owned with land title",,,,"Private owned with land title",,,"No",,"",,"",,"Maybe, maybe not","Yes","No","Yes","Yes","Yes","No","No","No","No","No","No","No",,"No",,,,,,,4,"Massive decrease","Massive decrease","No",,,"",1,"Yes","for agriculture extension"
"46-37-91-60","Acres","",2,5,0,0,1,0,0,"Private owned with land title","Private owned with land title",,,"Private owned with land title",,,"No",,"",,"",,"Very unlikely","Yes","No","No","No","Yes","No","No","No","No","No","No","No",,"No",,,,,,,0,"Massive decrease","Massive decrease","No",,,"",3,"Yes","agriculture"
"21-41-06-23","Acres","",1.5,0,0,0,.25,0,3.5,"Private owned with no land title",,,,"Don’t know",,"Private owned with no land title","No",,"",,"",,"Very likely","No",,,,,,,,,,,,,"No",,,,,,,0,"The same","The same","No",,,"",2,"No","father is old can not farm anymore 1"
"72-86-62-61","Acres","",4,0,0,0,.25,0,1,"Private owned with land title",,,,"Private owned with land title",,"Private owned with land title","No",,"",,"",,"Very unlikely","Yes","No","Yes","Yes","No","No","No","No","No","No","No","No",,"No",,,,,,,0,"Slight decrease","Massive decrease","No",,,"",3,"Yes","rice agricultural advancement"
"10-25-72-61","Acres","",6,0,0,0,.5,0,0,"Communally owned",,,,"Private owned with land title",,,"Yes","Other individuals","","Village headman / chairperson","","Yes","unlikely","Yes","No","No","Yes","No","No","No","No","No","No","No","No",,"Yes",8,"Yes","No","No","No",,16,"Slight decrease","Slight decrease","No",,,"",1,"Yes","for agricultural development"
"09-97-42-13","Acres","",2,0,0,0,.25,0,0,"Private owned with land title",,,,"Private owned with land title",,,"No",,"",,"",,"Very unlikely","Yes","No","Yes","No","No","No","No","No","No","No","No","No",,"No",,,,,,,0,"Slight decrease","Slight decrease","No",,,"",1,"No","Farming"
"40-84-03-01","Acres","",6,0,0,0,.25,0,0,"Leased/rented",,,,"Private owned with land title",,,"Yes","Other individuals","","LC Court","","Yes","Maybe, maybe not","Yes","No","Yes","Yes","Yes","No","No","No","No","No","No","No",,"No",,,,,,,0,"Massive decrease","Massive decrease","No",,,"",1,"Yes","agriculture activities"
"67-68-95-71","Acres","",3,1,0,0,.25,0,0,"Leased/rented","Private owned with land title",,,"Private owned with land title",,,"No",,"",,"",,"unlikely","Yes","No","No","Yes","No","No","No","No","No","No","No","No",,"Yes",3,"Yes","No","No","No",,0,"Slight increase","Slight decrease","No",,,"",1,"Yes","To plant other crops"
"40-87-67-76","Acres","",7,0,0,0,.25,0,0,"Private owned with land title",,,,"Private owned with land title",,,"No",,"",,"",,"Maybe, maybe not","Yes","No","Yes","Yes","Yes","No","No","No","No","No","No","No",,"No",,,,,,,0,"Massive decrease","Massive decrease","No",,,"",2,"Yes","agriculture"
"53-06-55-30","Acres","",2,.5,0,0,.25,.25,0,"Private owned with land title","Private owned with land title",,,"Private owned with land title","Private owned with land title",,"No",,"",,"",,"Very unlikely","Yes","No","Yes","No","No","No","No","No","No","No","No","No",,"No",,,,,,,0,"The same","The same","No",,,"",1,"Yes","for agricultural activities expansion"
"27-68-03-52","Acres","",5.5,0,0,0,.25,0,0,"Private owned with no land title",,,,"Private owned with no land title",,,"Yes","Other individuals","","Village headman / chairperson","","Yes","Very unlikely","Yes","No","No","Yes","No","No","No","No","No","No","No","No",,"No",,,,,,,0,"Slight decrease","Slight decrease","No",,,"",1,"No","Cash crop farming"
"31-09-93-80","Acres","",7,0,.5,0,.5,0,0,"Private owned with land title",,"Private owned with land title",,"Private owned with no land title",,,"No",,"",,"",,"Very unlikely","No",,,,,,,,,,,,,"No",,,,,,,120,"Slight decrease","Massive decrease","No",,,"",2,"No","Age"
"99-42-64-05","Acres","",5,1,0,0,.5,0,0,"Leased/rented","Leased/rented",,,"Leased/rented",,,"Yes","Government","","LC Court","","No","Likely","Yes","No","No","Yes","No","No","No","No","No","No","No","No",,"No",,,,,,,0,"Massive decrease","Massive decrease","No",,,"",2,"Yes","TO INCREASE PRODUCTION"
"50-99-25-24","Acres","",1.5,0,0,0,0,0,0,"Leased/rented",,,,,,,"No",,"",,"",,"Very unlikely","No",,,,,,,,,,,,,"No",,,,,,,0,"Massive decrease","Massive decrease","No",,,"",1,"Yes","to increase my income"
"43-58-14-96","Acres","",1,1,0,0,.125,0,0,"Leased/rented","Leased/rented",,,"Leased/rented",,,"No",,"",,"",,"Maybe, maybe not","No",,,,,,,,,,,,,"No",,,,,,,0,"Massive decrease","Massive decrease","No",,,"",0,"Yes","Area for building our own house and agriculture activities"
"20-64-96-32","Acres","",2,0,0,0,.25,0,0,"Private owned with no land title",,,,"Private owned with no land title",,,"No",,"",,"",,"Very unlikely","No",,,,,,,,,,,,,"No",,,,,,,0,"Slight decrease","Slight decrease","No",,,"",1,"Yes","Farming"
"05-63-81-75","Acres","",2,0,0,0,.25,0,0,"Private owned with no land title",,,,"Private owned with no land title",,,"No",,"",,"",,"Maybe, maybe not","Yes","No","No","Yes","No","No","No","No","No","No","No","No",,"No",,,,,,,3,"Slight decrease","Massive decrease","No",,,"",1,"No","EXPENSES"
"30-58-59-34","Acres","",3,0,0,0,.5,0,0,"Private owned with no land title",,,,"Private owned with no land title",,,"Yes","Government","","Village headman / chairperson","","No","Likely","No",,,,,,,,,,,,,"No",,,,,,,7,"Massive decrease","Massive decrease","No",,,"",2,"No","EXPENSES"
"37-78-49-16","Acres","",2,0,0,0,.25,0,0,"Leased/rented",,,,"Private owned with no land title",,,"No",,"",,"",,"unlikely","Yes","No","No","Yes","No","No","No","No","No","No","No","No",,"No",,,,,,,0,"Slight increase","Slight decrease","No",,,"",0,"No","We can not afford to buy a farm land"
"52-38-96-08","Acres","",2,0,0,0,.25,0,0,"Leased/rented",,,,"Private owned with no land title",,,"No",,"",,"",,"Maybe, maybe not","No",,,,,,,,,,,,,"No",,,,,,,0,"Slight decrease","Massive decrease","No",,,"",0,"Yes","for agricultural  and planting trees"
"74-41-82-14","Acres","",1,0,0,0,.25,0,0,"Private owned with no land title",,,,"Private owned with no land title",,,"No",,"",,"",,"unlikely","Yes","No","No","Yes","No","No","No","No","No","No","No","No",,"Yes",1,"Yes","No","No","No",,0,"Slight increase","Slight decrease","No",,,"",1,"No","I can not afford to buy another farmland"
"39-49-23-24","Acres","",1.5,0,0,0,.25,0,0,"Leased/rented",,,,"Communally owned",,,"No",,"",,"",,"Maybe, maybe not","No",,,,,,,,,,,,,"Yes",.75,"Yes","No","No","No",,0,"The same","The same","No",,,"",1,"Yes","for cultivation"
"01-07-36-19","Acres","",2,0,0,0,3,0,0,"Private owned with land title",,,,"Private owned with land title",,,"No",,"",,"",,"unlikely","Yes","No","Yes","Yes","No","No","No","No","No","No","No","No",,"Yes",2,"Yes","No","No","No",,0,"Slight increase","Slight decrease","No",,,"",2,"No","We cannot afford to buy another farmland"
"18-35-86-78","Acres","",1,1,0,0,0,0,0,"Private owned with land title","Private owned with land title",,,,,,"No",,"",,"",,"Very unlikely","Yes","No","Yes","No","No","No","No","No","No","No","No","No",,"No",,,,,,,0,"The same","The same","No",,,"",2,"No","financially unstable"
"48-62-04-43","Acres","",1.5,1.5,0,0,.125,0,0,"Leased/rented","Leased/rented",,,"Co-share/ co-farming",,,"No",,"",,"",,"Maybe, maybe not","No",,,,,,,,,,,,,"No",,,,,,,0,"Massive decrease","Massive decrease","No",,,"",0,"No","Am too old"
"37-36-66-29","Acres","",2,0,0,0,.5,0,0,"Private owned with land title",,,,"Private owned with land title",,,"No",,"",,"",,"Maybe, maybe not","Yes","No","Yes","Yes","No","No","No","No","No","No","No","No",,"No",,,,,,,0,"Massive decrease","Massive decrease","No",,,"",3,"No","i don't have purchasing power"
"23-98-09-79","Acres","",2,2,0,0,.125,0,0,"Leased/rented","Leased/rented",,,"Private owned with no land title",,,"No",,"",,"",,"unlikely","No",,,,,,,,,,,,,"No",,,,,,,0,"Massive decrease","Massive decrease","No",,,"",0,"Yes","for agriculture"
"17-40-48-73","Acres","",.5,.5,0,0,.125,0,0,"Leased/rented","Leased/rented",,,"Private owned with no land title",,,"No",,"",,"",,"Maybe, maybe not","No",,,,,,,,,,,,,"No",,,,,,,0,"Massive decrease","Massive decrease","No",,,"",0,"No","I don't have money"
"10-94-03-72","Acres","",3.5,0,0,0,.5,0,0,"Private owned with land title",,,,"Private owned with no land title",,,"No",,"",,"",,"unlikely","Yes","No","Yes","Yes","No","Yes","No","No","No","No","No","No",,"No",,,,,,,0,"Massive decrease","Massive decrease","No",,,"",3,"Yes","crop cultivation and rearing animal"
"99-02-51-45","Acres","",1,0,0,0,.5,0,0,"Private owned with land title",,,,"Private owned with land title",,,"No",,"",,"",,"Maybe, maybe not","Yes","No","Yes","Yes","No","No","No","No","No","No","No","No",,"No",,,,,,,0,"Massive decrease","Massive decrease","No",,,"",1,"Yes","for cultivating maize"
"80-26-66-95","Acres","",13,0,0,0,.5,0,0,"Private owned with land title",,,,"Private owned with land title",,,"No",,"",,"",,"unlikely","No",,,,,,,,,,,,,"No",,,,,,,8,"Massive decrease","Massive decrease","No",,,"",1,"No","NO MONEY"
"83-04-04-09","Acres","",1,0,0,0,.25,0,0,"Leased/rented",,,,"Leased/rented",,,"No",,"",,"",,"Very unlikely","No",,,,,,,,,,,,,"No",,,,,,,0,"Massive decrease","Massive decrease","No",,,"",0,"Yes","agriculture  activities"
"90-43-64-15","Acres","",3,0,0,0,.25,0,0,"Private owned with land title",,,,"Private owned with no land title",,,"No",,"",,"",,"unlikely","Yes","No","Yes","Yes","No","No","No","No","No","No","No","No",,"No",,,,,,,0,"Massive decrease","Massive decrease","No",,,"",1,"Yes","house construction"
"07-17-03-20","Acres","",4.5,0,0,0,.25,0,0,"Private owned with no land title",,,,"Private owned with no land title",,,"No",,"",,"",,"Very unlikely","No",,,,,,,,,,,,,"No",,,,,,,0,"Massive decrease","Massive decrease","No",,,"",2,"No","no enough capital to cultivate more land"
"83-78-16-55","Acres","",1,0,0,0,.125,0,0,"Private owned with land title",,,,"Leased/rented",,,"No",,"",,"",,"Maybe, maybe not","Yes","No","Yes","Yes","No","No","No","No","No","No","No","No",,"No",,,,,,,0,"Massive decrease","Massive decrease","No",,,"",1,"Yes","crop cultivation"
"82-41-37-73","Acres","",1.5,0,0,0,.25,0,0,"Leased/rented",,,,"Private owned with no land title",,,"No",,"",,"",,"Likely","Yes","No","Yes","No","No","No","No","No","No","No","No","No",,"No",,,,,,,3,"Massive decrease","Massive decrease","No",,,"",0,"Yes","agriculture"
"57-66-78-32","Acres","",3,0,0,0,1,0,0,"Leased/rented",,,,"Don’t know",,,"No",,"",,"",,"Maybe, maybe not","Yes","No","No","Yes","No","No","No","No","No","No","No","No",,"No",,,,,,,3,"Massive decrease","Massive decrease","No",,,"",0,"Yes","agriculture"
"19-38-64-11","Acres","",4.75,0,0,0,.25,0,0,"Private owned with no land title",,,,"Private owned with no land title",,,"No",,"",,"",,"Very unlikely","No",,,,,,,,,,,,,"No",,,,,,,0,"Massive decrease","Massive decrease","No",,,"",3,"Yes","to increase production and income of the household"
"09-79-30-27","Acres","",1,0,0,0,.25,0,0,"Leased/rented",,,,"Private owned with no land title",,,"No",,"",,"",,"Maybe, maybe not","No",,,,,,,,,,,,,"No",,,,,,,0,"Massive decrease","Massive decrease","No",,,"",0,"No","I don't have money"
"16-36-46-03","Acres","",3,0,0,0,0,0,0,"Leased/rented",,,,,,,"No",,"",,"",,"Very unlikely","No",,,,,,,,,,,,,"No",,,,,,,0,"The same","The same","No",,,"",1,"No","financially unstable"
"29-33-47-98","Acres","",3,0,0,0,.5,0,0,"Private owned with land title",,,,"Don’t know",,,"No",,"",,"",,"Maybe, maybe not","Yes","No","Yes","Yes","Yes","No","No","No","No","No","No","No",,"No",,,,,,,0,"Massive decrease","Massive decrease","No",,,"",1,"Yes","for crops  extension in  cultivating"
"71-36-42-24","Acres","",0,0,0,0,0,0,0,,,,,,,,"No",,"",,"",,"Very unlikely","No",,,,,,,,,,,,,"No",,,,,,,0,"Slight decrease","Massive decrease","No",,,"",0,"No","financially unstable"
"53-26-25-13","Acres","",1,0,0,0,.125,0,0,"Private owned with land title",,,,"Private owned with land title",,,"No",,"",,"",,"Likely","Yes","No","Yes","Yes","No","No","No","No","No","No","No","No",,"No",,,,,,,0,"Slight decrease","Massive decrease","Yes",300000,"Credit Union","",1,"Yes","crop cultivativation"
"73-14-84-43","Acres","",1,0,0,0,.5,0,0,"Leased/rented",,,,"Private owned with no land title",,,"No",,"",,"",,"unlikely","No",,,,,,,,,,,,,"No",,,,,,,0,"Massive decrease","Massive decrease","No",,,"",1,"No","NO MONEY"
"37-05-61-84","Acres","",1,0,0,0,.25,0,0,"Leased/rented",,,,"Private owned with no land title",,,"No",,"",,"",,"unlikely","No",,,,,,,,,,,,,"No",,,,,,,0,"Slight decrease","Massive decrease","No",,,"",1,"No","NO MONEY"
"10-79-21-80","Acres","",2,0,0,0,.25,0,0,"Leased/rented",,,,"Private owned with no land title",,,"No",,"",,"",,"Very unlikely","No",,,,,,,,,,,,,"No",,,,,,,4,"Slight decrease","Slight decrease","No",,,"",0,"No","Farming and settlement"
"71-25-75-41","Acres","",2,0,0,0,0,0,0,"Leased/rented",,,,,,,"No",,"",,"",,"Very unlikely","No",,,,,,,,,,,,,"No",,,,,,,0,"Slight decrease","Massive decrease","No",,,"",0,"Yes","I wish to own my own farm"
"07-05-98-97","Acres","",2,0,0,0,.125,0,0,"Private owned with land title",,,,"Private owned with land title",,,"No",,"",,"",,"Very unlikely","Yes","No","Yes","Yes","No","No","No","No","No","No","No","No",,"No",,,,,,,0,"Massive decrease","Massive decrease","No",,,"",1,"No","no longer energetic and cant afford buy new one"
"10-73-90-09","Acres","",2,0,0,0,0,0,0,"Leased/rented",,,,,,,"Yes","Other individuals","","Village headman / chairperson","","Yes","Very unlikely","No",,,,,,,,,,,,,"No",,,,,,,0,"Slight decrease","Massive decrease","No",,,"",0,"No","financially unstable"
"84-88-48-48","Acres","",2,0,0,0,0,0,0,"Leased/rented",,,,,,,"No",,"",,"",,"Very unlikely","No",,,,,,,,,,,,,"No",,,,,,,0,"The same","The same","No",,,"",0,"No","financially unstable"
"54-31-68-36","Acres","",3,0,0,0,.25,0,0,"Leased/rented",,,,"Private owned with no land title",,,"No",,"",,"",,"unlikely","No",,,,,,,,,,,,,"Yes",3,"Yes","No","No","No",,0,"Slight increase","Massive decrease","No",,,"",0,"No","We do not have money to buy a farmland"
"45-71-98-33","Acres","",5,0,0,0,.25,0,0,"Private owned with land title",,,,"Private owned with land title",,,"Yes","Government","","Other (please specify)","sat down with the goverment through tanzania national parks","No","Likely","No",,,,,,,,,,,,,"No",,,,,,,0,"Massive decrease","Massive decrease","No",,,"",1,"Yes","crop cultivation"
"27-11-46-19","Acres","",1,0,0,0,.25,0,0,"Private owned with land title",,,,"Private owned with land title",,,"No",,"",,"",,"unlikely","Yes","No","No","Yes","No","No","No","No","No","No","No","No",,"Yes",1,"Yes","No","No","No",,0,"Slight increase","Massive decrease","No",,,"",1,"No","We cannot afford to buy another farmland"
"42-55-71-95","Acres","",10,10,0,0,.5,0,0,"Private owned with no land title","Private owned with no land title",,,"Private owned with no land title",,,"No",,"",,"",,"Maybe, maybe not","No",,,,,,,,,,,,,"No",,,,,,,0,"Massive decrease","Massive decrease","No",,,"",1,"Yes","For agriculture"
"53-10-63-62","Acres","",2,0,0,0,.25,0,0,"Leased/rented",,,,"Private owned with no land title",,,"No",,"",,"",,"Maybe, maybe not","No",,,,,,,,,,,,,"No",,,,,,,0,"Massive decrease","Massive decrease","No",,,"",0,"Yes","for cultivating food crop"
"75-46-17-40","Acres","",1,0,0,0,0,0,0,"Private owned with land title",,,,,,,"No",,"",,"",,"Very unlikely","Yes","No","Yes","No","No","No","No","No","No","No","No","No",,"No",,,,,,,0,"Slight decrease","Slight decrease","No",,,"",1,"No","financially unstable"
"65-21-97-07","Acres","",3,0,0,0,.5,0,0,"Private owned with no land title",,,,"Private owned with no land title",,,"No",,"",,"",,"Very unlikely","Yes","No","No","Yes","No","No","No","No","No","No","No","No",,"No",,,,,,,4,"Slight decrease","Slight decrease","No",,,"",1,"Yes","Cash crop farming"
"71-15-20-71","Acres","",3,0,0,0,1,0,0,"Private owned with no land title",,,,"Private owned with no land title",,,"No",,"",,"",,"Very unlikely","No",,,,,,,,,,,,,"No",,,,,,,30,"Massive decrease","Massive decrease","No",,,"",1,"Yes","to increase income"
"45-78-55-42","Acres","",2,0,0,0,.25,0,0,"Leased/rented",,,,"Private owned with no land title",,,"No",,"",,"",,"Very unlikely","No",,,,,,,,,,,,,"No",,,,,,,6,"Slight decrease","Massive decrease","No",,,"",0,"No","Food crop farming"
"79-58-56-71","Acres","",1,0,0,0,.25,0,0,"Leased/rented",,,,"Private owned with no land title",,,"No",,"",,"",,"Very unlikely","No",,,,,,,,,,,,,"No",,,,,,,0,"Slight decrease","Massive decrease","No",,,"",2,"No","lack of capital to rent or buy another land"
"03-48-58-80","Acres","",1.5,0,0,0,.25,0,0,"Leased/rented",,,,"Private owned with no land title",,,"No",,"",,"",,"Maybe, maybe not","Yes","No","Yes","No","No","No","No","Yes","No","No","No","No",,"Yes",.25,"No","No","Yes","No",,0,"Massive decrease","Massive decrease","No",,,"",0,"Yes","agriculture"
"27-44-99-33","Acres","",1.5,0,0,0,0,0,0,"Leased/rented",,,,,,,"Yes","Other individuals","","Nowhere","","No","Very unlikely","No",,,,,,,,,,,,,"No",,,,,,,7,"Slight decrease","Massive decrease","No",,,"",0,"No","financially unstable"
"36-68-49-71","Acres","",3,0,0,0,.25,0,0,"Leased/rented",,,,"Private owned with no land title",,,"No",,"",,"",,"unlikely","No",,,,,,,,,,,,,"No",,,,,,,0,"Massive decrease","Massive decrease","No",,,"",1,"No","EXPENSES"
"68-16-01-33","Acres","",8,0,4,0,.25,0,0,"Private owned with no land title",,"Private owned with no land title",,"Private owned with no land title",,,"No",,"",,"",,"Maybe, maybe not","Yes","No","Yes","Yes","Yes","No","No","No","No","No","No","No",,"No",,,,,,,2000,"Massive decrease","Massive decrease","No",,,"",1,"Yes","agriculture"
"61-84-87-27","Acres","",6,0,0,0,.25,0,0,"Private owned with no land title",,,,"Private owned with no land title",,,"No",,"",,"",,"unlikely","Yes","No","No","Yes","No","No","No","No","No","No","No","No",,"Yes",6,"Yes","No","No","No",,0,"Slight increase","Slight decrease","No",,,"",1,"Yes","Inorder  to plant rice"
"52-39-81-92","Acres","",3,0,0,0,.5,0,0,"Private owned with no land title",,,,"Private owned with no land title",,,"No",,"",,"",,"Very unlikely","Yes","No","Yes","No","No","No","No","No","No","No","No","No",,"No",,,,,,,0,"Slight decrease","Massive decrease","No",,,"",1,"Yes","Food and cash crop farming"
"53-10-37-83","Acres","",2,0,0,0,0,0,0,"Leased/rented",,,,,,,"No",,"",,"",,"Very unlikely","No",,,,,,,,,,,,,"Yes",1,"Yes","No","No","No",,0,"Slight decrease","Massive decrease","No",,,"",1,"No","financially unstable"
"20-43-08-03","Acres","",4,0,0,0,4,0,0,"Private owned with land title",,,,"Private owned with land title",,,"Yes","Other individuals","","Village headman / chairperson","","Yes","Very unlikely","Yes","No","No","Yes","No","No","No","No","No","No","No","No",,"No",,,,,,,2,"Slight decrease","Massive decrease","No",,,"",1,"No","Cash crop farming"
"82-59-96-75","Acres","",3,0,0,0,.25,0,0,"Private owned with no land title",,,,"Private owned with land title",,,"Yes","Other individuals","","Village headman / chairperson","","No","Likely","Yes","No","No","Yes","No","No","No","No","No","No","No","No",,"No",,,,,,,5,"Slight decrease","Massive decrease","No",,,"",1,"Yes","Settlement"
"00-90-86-19","Acres","",5,2,0,0,.25,0,0,"Private owned with land title","Private owned with land title",,,"Private owned with land title",,,"Yes","Other individuals","","Village headman / chairperson","","Yes","Very unlikely","Yes","No","No","Yes","No","No","No","No","No","No","No","No",,"Yes",1,"No","No","No","Yes",,10,"Slight decrease","Massive decrease","No",,,"",3,"Yes","TO INCREASE PRODUCTION"
"49-39-09-00","Acres","",2,0,1,0,1,0,6,"Private owned with no land title",,"Private owned with no land title",,"Private owned with no land title",,"Private owned with no land title","Yes","Within family","","LC Court","","Yes","unlikely","No",,,,,,,,,,,,,"No",,,,,,,15,"Slight decrease","Massive decrease","No",,,"",2,"Yes","agriculture activities"
"72-52-50-05","Acres","",3,0,0,0,.25,0,0,"Leased/rented",,,,"Private owned with no land title",,,"No",,"",,"",,"Very unlikely","No",,,,,,,,,,,,,"No",,,,,,,0,"Massive decrease","Massive decrease","No",,,"",2,"Yes","to have enough food and surplus for sale"
"55-72-94-92","Acres","",13,0,0,0,1,0,0,"Private owned with land title",,,,"Private owned with land title",,,"No",,"",,"",,"unlikely","Yes","No","Yes","Yes","No","No","No","No","No","No","No","No",,"Yes",13,"Yes","No","No","No",,0,"Slight increase","Slight decrease","No",,,"",1,"No","The one we own is too big and enough for the household"
"58-19-75-80","Acres","",6,0,0,0,.5,0,0,"Private owned with no land title",,,,"Private owned with no land title",,,"No",,"",,"",,"Very unlikely","Yes","No","No","Yes","No","No","No","No","No","No","No","No",,"No",,,,,,,0,"Slight decrease","Slight decrease","Yes",10000000,"Government agency","",2,"No","Financial difficulties"
"29-86-85-66","Acres","",3,3,0,0,.125,0,0,"Private owned with no land title","Private owned with no land title",,,"Private owned with no land title",,,"Yes","Other individuals","","LC Court","","No","Likely","Yes","No","Yes","No","No","No","No","No","No","No","No","No",,"No",,,,,,,0,"Massive decrease","Massive decrease","No",,,"",1,"Yes","For my children"
"75-69-40-10","Acres","",5,0,0,0,.25,0,0,"Private owned with no land title",,,,"Private owned with no land title",,,"Yes","Other individuals","","LC Court","","Yes","Very likely","Yes","No","Yes","Yes","No","No","No","No","No","No","No","No",,"No",,,,,,,0,"Massive decrease","Massive decrease","No",,,"",1,"Yes","to cultivate cash crops"
"44-12-79-34","Acres","",3,3,0,0,.125,0,0,"Private owned with no land title","Private owned with no land title",,,"Private owned with land title",,,"Yes","Other individuals","","Neighbours","","Yes","Maybe, maybe not","Yes","No","Yes","No","No","No","No","No","No","No","No","No",,"No",,,,,,,0,"Massive decrease","Massive decrease","No",,,"",2,"Yes","Agriculture activities"
"91-78-46-88","Acres","",10,10,0,0,.5,0,0,"Private owned with no land title","Private owned with no land title",,,"Private owned with no land title",,,"No",,"",,"",,"Likely","Yes","No","Yes","No","No","No","No","No","No","No","No","No",,"No",,,,,,,0,"Massive decrease","Massive decrease","No",,,"",3,"Yes","For my new spouse"
"37-25-02-09","Acres","",3,0,0,0,.5,0,0,"Private owned with land title",,,,"Private owned with land title",,,"No",,"",,"",,"unlikely","Yes","No","Yes","No","Yes","Yes","No","No","No","No","No","No",,"No",,,,,,,0,"Massive decrease","Massive decrease","No",,,"",1,"Yes","crop cultivation"
"88-73-32-16","Acres","",5,0,0,0,.5,0,0,"Private owned with land title",,,,"Private owned with land title",,,"No",,"",,"",,"Very unlikely","Yes","No","Yes","No","No","No","No","No","No","No","No","No",,"No",,,,,,,5,"Slight decrease","Slight decrease","No",,,"",1,"Yes","Farming"
"55-56-00-41","Acres","",5,0,0,0,.125,0,0,"Private owned with land title",,,,"Private owned with land title",,,"No",,"",,"",,"Maybe, maybe not","Yes","No","Yes","Yes","Yes","No","No","No","No","No","No","No",,"No",,,,,,,0,"Massive decrease","Massive decrease","No",,,"",1,"Yes","crop cultivation"
"34-77-61-74","Acres","",2,0,0,0,.25,0,0,"Private owned with no land title",,,,"Private owned with no land title",,,"No",,"",,"",,"Very unlikely","No",,,,,,,,,,,,,"No",,,,,,,0,"Massive decrease","Massive decrease","No",,,"",1,"No","too old to have another plot"
"33-67-48-86","Acres","",4,0,0,0,.125,0,0,"Private owned with no land title",,,,"Private owned with no land title",,,"No",,"",,"",,"Maybe, maybe not","No",,,,,,,,,,,,,"No",,,,,,,0,"Massive decrease","Massive decrease","No",,,"",2,"Yes","the farm land I have is not enough to meet my personal and family issues"
"94-42-36-98","Acres","",3,0,0,0,.25,0,0,"Private owned with land title",,,,"Private owned with no land title",,,"No",,"",,"",,"unlikely","No",,,,,,,,,,,,,"No",,,,,,,12,"Slight decrease","Slight decrease","No",,,"",2,"No","EXPENSES"
"76-40-74-03","Acres","",8,8,0,0,.5,0,0,"Private owned with no land title","Private owned with no land title",,,"Private owned with no land title",,,"Yes","Other individuals","","LC Court","","Yes","Likely","Yes","No","Yes","No","No","No","No","No","No","No","No","No",,"No",,,,,,,0,"Massive decrease","Massive decrease","No",,,"",2,"Yes","For agriculture activities and increase production"
"06-67-72-60","Acres","",6,0,0,0,.25,0,0,"Private owned with no land title",,,,"Private owned with no land title",,,"No",,"",,"",,"unlikely","No",,,,,,,,,,,,,"No",,,,,,,25,"Massive decrease","Massive decrease","No",,,"",1,"No","EXPENSES"
"28-69-62-69","Acres","",2,2,0,0,.125,0,0,"Leased/rented","Leased/rented",,,"Private owned with land title",,,"No",,"",,"",,"Maybe, maybe not","Yes","No","Yes","No","No","No","No","No","No","No","No","No",,"No",,,,,,,0,"Massive decrease","Massive decrease","No",,,"",1,"Yes","for agriculture"
"49-95-19-41","Acres","",3,0,0,0,.25,0,0,"Leased/rented",,,,"Private owned with no land title",,,"No",,"",,"",,"unlikely","Yes","No","No","Yes","No","No","No","No","No","No","No","No",,"Yes",3,"Yes","No","No","No",,0,"Massive increase","Massive decrease","No",,,"",1,"Yes","So that we can plant more rice"
"75-71-59-88","Acres","",8,0,0,0,.5,0,0,"Private owned with land title",,,,"Private owned with land title",,,"No",,"",,"",,"Very unlikely","Yes","No","No","Yes","No","No","No","No","No","No","No","No",,"No",,,,,,,30,"Slight decrease","Slight decrease","No",,,"",2,"No","They are too old to proceed with farming activities"
"49-01-19-20","Acres","",3,0,0,0,1,0,0,"Private owned with land title",,,,"Private owned with land title",,,"No",,"",,"",,"Very unlikely","Yes","No","Yes","Yes","Yes","No","No","No","No","No","No","No",,"Yes",2,"Yes","No","No","No",,0,"The same","Slight decrease","No",,,"",2,"Yes","agriculture"
"06-30-46-81","Acres","",2,0,0,0,.25,0,0,"Communally owned",,,,"Private owned with no land title",,,"No",,"",,"",,"Very likely","Yes","No","No","No","Yes","No","No","No","No","No","No","No",,"No",,,,,,,0,"Massive decrease","Massive decrease","No",,,"",0,"Yes","crop cultivation"
"05-55-74-03","Acres","",3,0,0,0,.5,0,0,"Private owned with no land title",,,,"Private owned with no land title",,,"No",,"",,"",,"Maybe, maybe not","Yes","No","Yes","No","Yes","No","No","No","No","No","No","No",,"No",,,,,,,4,"Massive decrease","Massive decrease","No",,,"",3,"Yes","agriculture"
"56-78-80-92","Acres","",6,0,0,0,0,0,0,"Leased/rented",,,,,,,"No",,"",,"",,"Very unlikely","No",,,,,,,,,,,,,"No",,,,,,,0,"The same","Slight decrease","No",,,"",0,"No","I am not ready"
"25-17-27-31","Acres","",3,0,0,0,.5,0,0,"Private owned with no land title",,,,"Private owned with no land title",,,"Yes","Other individuals","","LC Court","","No","Very likely","Yes","No","Yes","Yes","Yes","Yes","No","No","No","No","No","No",,"No",,,,,,,26,"Massive decrease","Massive decrease","No",,,"",2,"Yes","to have more  to compasate  the  one that was taken from me"
"96-39-63-39","Acres","",.5,0,0,0,.25,0,0,"Private owned with no land title",,,,"Private owned with no land title",,,"No",,"",,"",,"unlikely","No",,,,,,,,,,,,,"No",,,,,,,1,"Massive decrease","Massive decrease","No",,,"",2,"No","AGING AND MONEY"
"81-42-10-54","Acres","",4,0,0,0,.5,0,0,"Private owned with land title",,,,"Private owned with land title",,,"No",,"",,"",,"Very unlikely","No",,,,,,,,,,,,,"No",,,,,,,8,"Massive decrease","Massive decrease","No",,,"",2,"Yes","agriculture"
"81-46-38-58","Acres","",.5,0,0,0,.5,0,0,"Private owned with no land title",,,,"Private owned with no land title",,,"No",,"",,"",,"Maybe, maybe not","No",,,,,,,,,,,,,"No",,,,,,,0,"Massive decrease","Massive decrease","No",,,"",1,"No","I have no purchasing power"
"08-94-56-34","Acres","",3,0,0,0,.25,0,0,"Leased/rented",,,,"Private owned with no land title",,,"No",,"",,"",,"Maybe, maybe not","Yes","No","No","Yes","No","No","No","No","No","No","No","No",,"No",,,,,,,0,"Massive decrease","Massive decrease","No",,,"",0,"Yes","agriculture  activities"
"24-87-22-92","Acres","",2,2,0,0,.75,0,0,"Private owned with land title","Private owned with land title",,,"Private owned with land title",,,"No",,"",,"",,"Maybe, maybe not","Yes","No","Yes","No","No","No","No","No","No","No","No","No",,"No",,,,,,,0,"Massive decrease","Massive decrease","No",,,"",1,"Yes","for my family"
"30-69-73-88","Acres","",5,0,0,0,.25,0,0,"Private owned with land title",,,,"Private owned with land title",,,"No",,"",,"",,"Maybe, maybe not","Yes","No","Yes","Yes","No","No","No","No","No","No","No","No",,"No",,,,,,,5,"Massive decrease","Massive decrease","No",,,"",2,"Yes","to get more income"
"72-71-89-86","Acres","",6,0,0,0,.5,0,0,"Private owned with no land title",,,,"Private owned with no land title",,,"No",,"",,"",,"Very unlikely","No",,,,,,,,,,,,,"No",,,,,,,35,"Slight decrease","Massive decrease","No",,,"",2,"Yes","increased family needs increase in income so as to meet the necessities for the household"
"11-04-05-87","Acres","",8.5,0,0,0,.25,0,0,"Private owned with land title",,,,"Private owned with land title",,,"No",,"",,"",,"Very unlikely","Yes","No","Yes","No","No","No","No","No","No","No","No","No",,"No",,,,,,,0,"Massive decrease","Massive decrease","No",,,"",2,"Yes","agriculture"
"69-48-65-88","Acres","",6,0,0,0,.5,0,0,"Private owned with land title",,,,"Private owned with land title",,,"No",,"",,"",,"unlikely","Yes","No","Yes","Yes","No","Yes","No","No","No","No","No","No",,"No",,,,,,,50,"Massive decrease","Massive decrease","No",,,"",1,"No","crop cultivation and house construction"
"18-22-43-52","Acres","",2,0,0,0,.25,0,0,"Leased/rented",,,,"Private owned with land title",,,"Yes","Other individuals","","Other (please specify)","ward comitte","Yes","unlikely","Yes","No","Yes","Yes","No","No","No","Yes","No","No","No","No",,"No",,,,,,,0,"Slight decrease","Massive decrease","No",,,"",0,"Yes","crop cultivation"
"92-56-88-52","Acres","",1,0,0,0,0,0,0,"Private owned with land title",,,,,,,"No",,"",,"",,"Very unlikely","No",,,,,,,,,,,,,"No",,,,,,,0,"The same","The same","No",,,"",1,"No","I am too old"
"06-32-94-30","Acres","",13,0,0,0,.25,0,0,"Private owned with no land title",,,,"Private owned with no land title",,,"No",,"",,"",,"Maybe, maybe not","Yes","No","Yes","Yes","No","No","No","No","No","No","No","No",,"No",,,,,,,0,"Massive decrease","Massive decrease","No",,,"",2,"Yes","to invest for my children's"
"30-41-77-21","Acres","",5,0,0,.5,0,0,0,"Private owned with land title",,,"Private owned with land title",,,,"Yes","Other individuals","","Nowhere","","Yes","Very unlikely","Yes","No","Yes","No","No","No","No","No","No","No","No","No",,"No",,,,,,,74,"The same","The same","No",,,"",2,"Yes","I have a large family so I would like to add another plot"
"59-58-27-54","Acres","",11,0,2,0,.25,0,0,"Private owned with land title",,"Private owned with land title",,"Private owned with land title",,,"No",,"",,"",,"Maybe, maybe not","Yes","No","Yes","Yes","No","No","No","No","No","No","No","No",,"No",,,,,,,0,"Massive decrease","Massive decrease","No",,,"",5,"No","not energetic anymore"
"13-48-51-56","Acres","",4,0,0,0,.25,0,0,"Leased/rented",,,,"Private owned with no land title",,,"Yes","Other individuals","","Village headman / chairperson","","Yes","Maybe, maybe not","No",,,,,,,,,,,,,"No",,,,,,,2,"Massive decrease","Massive decrease","No",,,"",0,"Yes","For agricultural purposes"
"13-03-04-40","Acres","",3.5,0,0,0,1,0,0,"Communally owned",,,,"Private owned with no land title",,,"Yes","Other individuals","","Tried to sort out ourselves","","Yes","unlikely","Yes","No","No","Yes","No","No","No","No","No","No","No","No",,"No",,,,,,,20,"Slight decrease","Massive decrease","No",,,"",1,"Yes","For agricultural purposes"
"57-41-31-34",,"",.a,.a,.a,.a,.a,.a,.a,,,,,,,,,,"",,"",,,,,,,,,,,,,,,,,,,,,,,.a,,,,,,"",.a,,"##N/A##"
"48-62-05-19","Acres","",2,8,0,0,.5,0,0,"Private owned with no land title","Private owned with no land title",,,"Private owned with land title",,,"Yes","Other individuals","","Clan / Elder","","No","Likely","No",,,,,,,,,,,,,"No",,,,,,,10,"Slight decrease","Massive decrease","No",,,"",1,"No","For cocoa plantation"
"76-11-97-07","Acres","",0,0,0,0,.25,0,0,,,,,"Private owned with no land title",,,"No",,"",,"",,"unlikely","No",,,,,,,,,,,,,"No",,,,,,,3,"Slight decrease","Massive decrease","No",,,"",0,"No","NO MONEY"
"48-19-22-90","Acres","",1.5,0,0,0,0,0,0,"Private owned with land title",,,,,,,"No",,"",,"",,"Very unlikely","Yes","No","Yes","No","No","No","No","No","No","No","No","No",,"No",,,,,,,0,"Slight decrease","Slight decrease","No",,,"",1,"No","Satisfied"
"47-32-69-47","Acres","",3,0,0,0,.125,0,0,"Leased/rented",,,,"Private owned with no land title",,,"No",,"",,"",,"Very unlikely","No",,,,,,,,,,,,,"No",,,,,,,0,"Massive decrease","Massive decrease","No",,,"",2,"Yes","to get enough money to buy my own farmlands"
"77-95-12-00","Acres","",2,0,0,0,.75,0,0,"Private owned with no land title",,,,"Private owned with no land title",,,"No",,"",,"",,"unlikely","Yes","No","No","Yes","No","No","No","No","No","No","No","No",,"Yes",5,"Yes","No","No","No",,0,"Slight increase","Slight decrease","No",,,"",1,"No","I can not afford to buy another farmland"
"04-93-15-62","Acres","",3,0,0,0,.25,0,0,"Private owned with no land title",,,,"Private owned with land title",,,"Yes","Other individuals","","Tried to sort out ourselves","","Yes","unlikely","Yes","No","No","Yes","No","No","No","No","No","No","No","No",,"No",,,,,,,0,"Massive decrease","Massive decrease","No",,,"",1,"Yes","crop cultivation"
"40-11-92-91","Acres","",10,0,0,0,.25,0,0,"Private owned with land title",,,,"Private owned with land title",,,"No",,"",,"",,"Likely","Yes","No","Yes","Yes","No","No","No","No","No","No","No","No",,"No",,,,,,,47,"Slight decrease","Slight decrease","No",,,"",2,"Yes","Farming"
"00-61-02-75","Acres","",1,0,0,0,.25,0,0,"Private owned with land title",,,,"Private owned with no land title",,,"Yes","Within family","","LC Court","","Yes","Maybe, maybe not","Yes","No","No","Yes","No","No","No","No","No","No","No","No",,"No",,,,,,,10,"Slight decrease","Massive decrease","No",,,"",1,"Yes","agriculture and fruits plantation"
"77-43-51-64","Acres","",4,4,0,0,.5,0,0,"Private owned with land title","Private owned with land title",,,"Private owned with land title",,,"Yes","Other individuals","","LC Court","","No","Likely","Yes","No","Yes","No","No","No","No","No","No","No","No","No",,"No",,,,,,,0,"Massive decrease","Massive decrease","No",,,"",1,"Yes","for agriculture"
"75-26-65-92","Acres","",6,0,2,0,.25,0,4,"Private owned with land title",,"Private owned with land title",,"Private owned with land title",,"Private owned with land title","Yes","Other individuals","","Village headman / chairperson","","No","Very unlikely","Yes","No","No","Yes","No","No","No","No","No","No","No","No",,"Yes",2,"Yes","No","No","No",,1000,"Slight decrease","Slight decrease","No",,,"",3,"Yes","for rice Agricultural activities"
"76-79-59-51","Acres","",13,0,0,0,0,0,0,"Leased/rented",,,,,,,"No",,"",,"",,"Very unlikely","No",,,,,,,,,,,,,"No",,,,,,,0,"Massive decrease","Massive decrease","No",,,"",0,"Yes","I want to have my own plot"
"87-16-65-76","Acres","",3,3,0,0,.0625,0,0,"Private owned with no land title","Private owned with no land title",,,"Private owned with no land title",,,"No",,"",,"",,"Likely","Yes","No","Yes","No","No","No","No","No","No","No","No","No",,"No",,,,,,,0,"Massive decrease","Massive decrease","No",,,"",2,"Yes","for my children"
"06-40-10-58","Acres","",15,0,0,0,1,0,0,"Private owned with land title",,,,"Private owned with land title",,,"No",,"",,"",,"Maybe, maybe not","Yes","No","Yes","Yes","Yes","Yes","Yes","Yes","No","Yes","No","No",,"No",,,,,,,0,"Massive decrease","Massive decrease","No",,,"",1,"Yes","for cultivating rice"
"40-73-60-05","Acres","",2,1,0,0,0,0,0,"Private owned with no land title","Private owned with no land title",,,,,,"Yes","Within family","","Clan / Elder","","No","Maybe, maybe not","Yes","No","No","Yes","No","No","No","No","No","No","No","No",,"No",,,,,,,0,"Slight decrease","Slight decrease","No",,,"",1,"No","AGING AND MONEY"
"64-68-41-59","Acres","",3,0,0,0,.25,0,0,"Private owned with land title",,,,"Private owned with land title",,,"No",,"",,"",,"unlikely","No",,,,,,,,,,,,,"No",,,,,,,0,"Slight decrease","Massive decrease","No",,,"",2,"No","AVAILABILITY OF FARM IS NOT GOOD"
"15-68-91-94","Acres","",4,0,0,0,.25,0,0,"Private owned with no land title",,,,"Private owned with no land title",,,"Yes","Other individuals","","Village headman / chairperson","","Yes","unlikely","Yes","No","No","Yes","No","No","No","No","No","No","No","No",,"No",,,,,,,6,"Slight decrease","Massive decrease","No",,,"",2,"No","low availability"
"26-17-34-04","Acres","",4,0,0,0,.5,0,0,"Private owned with no land title",,,,"Private owned with no land title",,,"No",,"",,"",,"Maybe, maybe not","No",,,,,,,,,,,,,"No",,,,,,,0,"Slight increase","Slight increase","No",,,"",1,"No","no need"
"76-41-72-83","Acres","",4,0,0,0,.25,0,0,"Private owned with no land title",,,,"Private owned with no land title",,,"No",,"",,"",,"Maybe, maybe not","Yes","No","Yes","Yes","No","No","No","No","No","No","No","No",,"No",,,,,,,5,"Massive decrease","Massive decrease","No",,,"",1,"Yes","to invest for my children's"
"29-97-06-38","Acres","",2,0,0,0,.25,0,0,"Leased/rented",,,,"Private owned with land title",,,"No",,"",,"",,"Very unlikely","Yes","No","Yes","No","No","No","No","No","No","No","No","No",,"No",,,,,,,0,"Slight decrease","Slight decrease","No",,,"",0,"Yes","Farming"
"46-55-47-04","Acres","",20,0,0,0,.125,0,7,"Leased/rented",,,,"Private owned with land title",,"Private owned with land title","No",,"",,"",,"Very unlikely","Yes","No","Yes","Yes","No","No","No","No","No","No","No","No",,"No",,,,,,,0,"Massive decrease","Massive decrease","Yes",20000000,"Bank","",2,"Yes","crop cultivation"
"46-92-45-03","Acres","",3,0,0,0,0,0,0,"Private owned with no land title",,,,,,,"No",,"",,"",,"Very unlikely","No",,,,,,,,,,,,,"No",,,,,,,0,"Slight decrease","Massive decrease","No",,,"",1,"Yes","we want to have more crops"
"77-97-94-83","Acres","",20,0,0,0,.5,0,0,"Private owned with no land title",,,,"Private owned with no land title",,,"No",,"",,"",,"Very unlikely","No",,,,,,,,,,,,,"No",,,,,,,0,"Massive decrease","Massive decrease","No",,,"",2,"Yes","to increase production and income of the household"
"44-20-73-48","Acres","",2,2,0,0,1,0,0,"Leased/rented","Leased/rented",,,"Leased/rented",,,"No",,"",,"",,"Maybe, maybe not","No",,,,,,,,,,,,,"No",,,,,,,0,"Massive decrease","Massive decrease","No",,,"",0,"Yes","For my children,  building house and agriculture"
"74-52-06-68","Acres","",3,0,0,0,.5,0,1,"Leased/rented",,,,"Private owned with no land title",,"Private owned with no land title","No",,"",,"",,"Likely","No",,,,,,,,,,,,,"No",,,,,,,4,"Slight decrease","Massive decrease","No",,,"",3,"Yes","agricultural expansion"
"35-89-93-14","Acres","",.5,0,0,0,.25,0,10,"Private owned with no land title",,,,"Private owned with land title",,"Private owned with land title","Yes","Other individuals","","Neighbours","","Yes","Maybe, maybe not","No",,,,,,,,,,,,,"No",,,,,,,0,"Slight decrease","Slight decrease","No",,,"",2,"No","too old"
"39-90-60-06","Acres","",5.5,0,0,0,0,0,0,"Private owned with land title",,,,,,,"No",,"",,"",,"Very unlikely","Yes","No","Yes","No","No","No","No","No","No","No","No","No",,"No",,,,,,,0,"Slight decrease","Massive decrease","No",,,"",2,"No","it's enough for now"
"86-86-47-77","Acres","",10,0,0,0,.25,0,0,"Leased/rented",,,,"Private owned with land title",,,"No",,"",,"",,"unlikely","Yes","No","Yes","Yes","Yes","No","No","No","No","No","No","No",,"No",,,,,,,0,"Massive decrease","Massive decrease","No",,,"",1,"Yes","agriculture"
"61-98-86-86","Acres","",2,0,0,0,.25,0,0,"Private owned with no land title",,,,"Private owned with land title",,,"No",,"",,"",,"unlikely","No",,,,,,,,,,,,,"No",,,,,,,0,"Massive decrease","Massive decrease","No",,,"",1,"Yes","house construction"
"61-87-19-25","Acres","",22,13,0,0,1,0,0,"Private owned with land title","Leased/rented",,,"Private owned with land title",,,"Yes","Other individuals","","LC Court","","Yes","Very unlikely","Yes","No","Yes","No","No","No","No","No","No","No","No","No",,"Yes",12,"Yes","No","No","No",,0,"Slight decrease","Massive decrease","No",,,"",6,"No","Satisfied"
"16-64-40-00","Acres","",5,5,0,0,.125,0,0,"Private owned with no land title","Private owned with no land title",,,"Private owned with land title",,,"No",,"",,"",,"unlikely","Yes","No","Yes","No","No","No","No","No","No","No","No","No",,"No",,,,,,,0,"Massive decrease","Massive decrease","No",,,"",2,"No","it enough for me"
"18-67-33-19","Acres","",1.5,0,0,0,0,0,0,"Leased/rented",,,,,,,"No",,"",,"",,"Very unlikely","No",,,,,,,,,,,,,"Yes",1.5,"Yes","No","No","No",,0,"Slight increase","Slight increase","No",,,"",0,"Yes","For agricultural purposes"
"14-75-52-28","Acres","",4,4,0,0,.125,0,6,"Private owned with no land title","Private owned with no land title",,,"Private owned with no land title",,"Leased/rented","No",,"",,"",,"unlikely","No",,,,,,,,,,,,,"No",,,,,,,0,"Massive decrease","Massive decrease","No",,,"",1,"No","it enough for me"
"72-96-11-00","Acres","",2.5,0,0,0,.25,0,0,"Leased/rented",,,,"Private owned with land title",,,"No",,"",,"",,"Maybe, maybe not","No",,,,,,,,,,,,,"No",,,,,,,7,"Massive decrease","Massive decrease","No",,,"",1,"Yes","agriculture"
"68-35-97-06","Acres","",3,0,0,0,.5,0,0,"Private owned with no land title",,,,"Private owned with land title",,,"No",,"",,"",,"Maybe, maybe not","Yes","No","No","Yes","Yes","No","No","No","No","No","No","No",,"No",,,,,,,0,"Massive decrease","Massive decrease","No",,,"",1,"Yes","agriculture"
"00-22-25-11","Acres","",3,0,0,0,.1,0,0,"Leased/rented",,,,"Private owned with no land title",,,"Yes","Within family","","Village headman / chairperson","","No","Likely","No",,,,,,,,,,,,,"No",,,,,,,0,"Slight increase","Slight decrease","No",,,"",0,"No","We can not afford to buy a farmland"
"03-51-85-17","Acres","",2,0,0,0,.25,0,0,"Leased/rented",,,,"Private owned with no land title",,,"No",,"",,"",,"Maybe, maybe not","Yes","No","Yes","Yes","No","No","No","No","No","Yes","No","No",,"No",,,,,,,0,"Massive decrease","Massive decrease","No",,,"",1,"Yes","for cultivating food crop"
"26-31-55-52","Acres","",7,0,0,0,.25,0,0,"Private owned with no land title",,,,"Private owned with no land title",,,"No",,"",,"",,"Very unlikely","No",,,,,,,,,,,,,"No",,,,,,,6,"Slight decrease","Slight decrease","No",,,"",1,"No","Farming"
"82-96-57-24","Acres","",2,0,0,0,.25,0,0,"Private owned with no land title",,,,"Private owned with land title",,,"No",,"",,"",,"unlikely","No",,,,,,,,,,,,,"No",,,,,,,0,"Massive decrease","Massive decrease","No",,,"",1,"No","NO MONEY"
"98-34-87-15","Acres","",2.5,0,0,0,.1,0,0,"Private owned with land title",,,,"Private owned with land title",,,"Yes","Within family","","Village headman / chairperson","","No","Likely","Yes","No","Yes","No","No","No","No","No","No","No","No","No",,"Yes",2.5,"Yes","No","No","No",,0,"Slight increase","Slight decrease","No",,,"",1,"No","I cannot afford to buy another farmland"
"20-44-39-67","Acres","",5,0,0,0,0,0,0,"Leased/rented",,,,,,,"No",,"",,"",,"Very unlikely","No",,,,,,,,,,,,,"No",,,,,,,0,"Slight decrease","Massive decrease","No",,,"",0,"Yes","Farm and cash crop farming"
"73-85-71-84","Acres","",3,3,0,0,.75,0,0,"Private owned with land title","Private owned with land title",,,"Private owned with land title",,,"No",,"",,"",,"Likely","Yes","No","Yes","No","No","No","No","No","No","No","No","No",,"No",,,,,,,0,"Massive decrease","Massive decrease","No",,,"",3,"Yes","increase production"
"57-10-23-73","Acres","",2,0,0,0,.25,0,0,"Leased/rented",,,,"Don’t know",,,"No",,"",,"",,"Maybe, maybe not","No",,,,,,,,,,,,,"No",,,,,,,5,"Massive decrease","Massive decrease","No",,,"",1,"No","I don't have money"
"27-45-94-38","Acres","",1,0,0,0,0,0,0,"Leased/rented",,,,,,,"No",,"",,"",,"Very unlikely","No",,,,,,,,,,,,,"No",,,,,,,0,"Slight decrease","Massive decrease","No",,,"",0,"No","financially unstable"
"07-14-85-97","Acres","",7,0,0,0,.25,0,0,"Private owned with no land title",,,,"Private owned with no land title",,,"No",,"",,"",,"Very unlikely","Yes","No","Yes","Yes","Yes","No","No","No","No","No","No","No",,"No",,,,,,,10,"Massive decrease","Massive decrease","No",,,"",3,"Yes","to increase production of rice and raise my income"
"55-58-44-60","Acres","",1,0,0,0,.75,0,0,"Leased/rented",,,,"Private owned with land title",,,"Yes","Other individuals","","Village headman / chairperson","","Yes","unlikely","Yes","No","Yes","Yes","No","No","No","No","No","No","No","No",,"No",,,,,,,0,"Slight increase","Slight decrease","No",,,"",0,"No","I can not afford to buy a farmland"
"54-97-37-44","Acres","",.5,0,0,0,.25,0,0,"Leased/rented",,,,"Private owned with land title",,,"No",,"",,"",,"unlikely","Yes","No","Yes","No","No","No","No","Yes","No","No","No","No",,"No",,,,,,,0,"Massive decrease","Massive decrease","No",,,"",0,"Yes","crop cultivation"
"25-51-59-02","Acres","",2,0,0,0,.25,0,0,"Leased/rented",,,,"Private owned with land title",,,"No",,"",,"",,"unlikely","No",,,,,,,,,,,,,"No",,,,,,,1,"Slight decrease","Massive decrease","No",,,"",2,"No","NO MONEY"
"98-34-54-09","Acres","",1,0,0,0,0,0,0,"Leased/rented",,,,,,,"No",,"",,"",,"Very unlikely","No",,,,,,,,,,,,,"No",,,,,,,0,"Slight decrease","Massive decrease","No",,,"",0,"No","financially unstable"
"69-46-62-21","Acres","",2,0,0,0,.25,0,0,"Leased/rented",,,,"Private owned with no land title",,,"No",,"",,"",,"Maybe, maybe not","No",,,,,,,,,,,,,"No",,,,,,,0,"Massive decrease","Massive decrease","No",,,"",0,"Yes","To have my own agricultural land"
"69-92-29-73","Acres","",1.5,0,0,0,0,0,0,"Private owned with land title",,,,,,,"No",,"",,"",,"Very unlikely","Yes","No","Yes","No","No","No","No","No","No","No","No","No",,"No",,,,,,,0,"Slight decrease","Massive decrease","No",,,"",2,"No","financially unstable"
"37-17-48-58","Acres","",2,0,0,0,0,0,0,"Leased/rented",,,,,,,"No",,"",,"",,"Very unlikely","No",,,,,,,,,,,,,"No",,,,,,,20,"Massive decrease","Massive decrease","No",,,"",0,"No","financially unstable"
"85-72-34-53","Acres","",2,0,0,0,.5,0,0,"Leased/rented",,,,"Private owned with no land title",,,"No",,"",,"",,"unlikely","No",,,,,,,,,,,,,"No",,,,,,,0,"Massive decrease","Massive decrease","No",,,"",1,"No","NO MONEY"
"73-56-72-00","Acres","",4,0,0,0,.25,0,0,"Private owned with land title",,,,"Private owned with land title",,,"No",,"",,"",,"unlikely","Yes","No","Yes","No","No","No","No","No","No","No","No","No",,"No",,,,,,,6,"Massive decrease","Massive decrease","No",,,"",3,"No","it's enough since we have no capacity to cultivate more"
"39-00-66-90","Acres","",2,0,0,0,.5,0,0,"Leased/rented",,,,"Private owned with no land title",,,"No",,"",,"",,"unlikely","No",,,,,,,,,,,,,"No",,,,,,,0,"Slight decrease","Massive decrease","No",,,"",1,"No","NO MONEY"
"52-72-83-96","Acres","",1,1,0,0,1,0,0,"Leased/rented","Leased/rented",,,"Private owned with no land title",,,"No",,"",,"",,"Maybe, maybe not","Yes","No","Yes","No","No","No","No","No","No","No","No","No",,"No",,,,,,,0,"Massive decrease","Massive decrease","No",,,"",0,"Yes","for farming"
"27-89-15-08","Acres","",1.25,0,0,0,.25,0,0,"Private owned with land title",,,,"Private owned with land title",,,"No",,"",,"",,"unlikely","Yes","No","Yes","Yes","No","No","No","Yes","No","No","No","No",,"No",,,,,,,0,"Massive decrease","Massive decrease","No",,,"",0,"Yes","house construction"
"38-15-27-24","Acres","",4,2,0,0,.25,0,0,"Private owned with land title","Private owned with land title",,,"Private owned with land title",,,"No",,"",,"",,"unlikely","Yes","No","Yes","Yes","No","No","No","No","No","No","No","No",,"Yes",6,"Yes","No","No","No",,0,"Massive increase","Massive decrease","No",,,"",2,"No","The farmlands we have are enough for our use"
"32-53-41-40","Acres","",3,0,0,0,.5,0,0,"Private owned with land title",,,,"Private owned with land title",,,"No",,"",,"",,"unlikely","No",,,,,,,,,,,,,"No",,,,,,,0,"Slight decrease","Massive decrease","No",,,"",2,"No","NO MONEY"
"90-85-65-68","Acres","",4,0,1,0,.25,0,0,"Private owned with no land title",,"Private owned with no land title",,"Private owned with no land title",,,"No",,"",,"",,"Very unlikely","Yes","No","No","Yes","No","No","No","No","No","No","No","No",,"No",,,,,,,385,"Massive decrease","Massive decrease","No",,,"",3,"No","I have enough land as per my capital and capacity to cultivate"
"07-04-06-31","Acres","",2,0,0,0,.5,0,0,"Leased/rented",,,,"Private owned with land title",,,"No",,"",,"",,"unlikely","Yes","No","No","Yes","No","No","No","No","No","No","No","No",,"Yes",2,"Yes","No","No","No",,0,"Slight increase","Massive decrease","No",,,"",0,"Yes","In order to plant crops"
"00-51-21-96","Acres","",6,6,0,0,2.5,0,0,"Private owned with land title","Private owned with land title",,,"Private owned with land title",,,"No",,"",,"",,"Maybe, maybe not","Yes","No","Yes","No","No","No","No","No","No","No","No","No",,"No",,,,,,,0,"Slight decrease","Slight decrease","No",,,"",3,"Yes","for my children"
"29-09-67-77","Acres","",1.5,0,0,0,.25,0,0,"Private owned with land title",,,,"Private owned with land title",,,"No",,"",,"",,"Likely","Yes","No","No","Yes","No","No","No","No","No","No","No","No",,"No",,,,,,,7,"Slight decrease","Massive decrease","No",,,"",1,"No","MONEY"
"18-57-30-30","Acres","",6,0,0,0,.28,0,0,"Leased/rented",,,,"Private owned with land title",,,"No",,"",,"",,"Maybe, maybe not","Yes","No","No","Yes","Yes","No","No","No","No","No","No","No",,"No",,,,,,,0,"Massive decrease","Massive decrease","No",,,"",1,"Yes","agriculture"
"06-67-52-73","Acres","",6.5,0,2,0,.25,0,0,"Private owned with no land title",,"Private owned with no land title",,"Private owned with land title",,,"No",,"",,"",,"unlikely","No",,,,,,,,,,,,,"No",,,,,,,0,"Slight decrease","Massive decrease","No",,,"",2,"No","NO MONEY"
"63-98-43-96","Acres","",0,0,0,0,0,0,0,,,,,,,,"No",,"",,"",,"Very unlikely","No",,,,,,,,,,,,,"No",,,,,,,0,"The same","The same","No",,,"",0,"Yes","Settlement and farming"
"95-39-48-28","Acres","",2,0,0,0,.125,0,0,"Leased/rented",,,,"Private owned with land title",,,"Yes","Other individuals","","Tried to sort out ourselves","","Yes","Maybe, maybe not","Yes","No","Yes","Yes","No","No","No","Yes","No","No","No","No",,"No",,,,,,,0,"Massive decrease","Massive decrease","No",,,"",0,"Yes","crop cultivation"
"09-57-06-65","Acres","",1.5,0,0,0,.25,0,0,"Private owned with no land title",,,,"Private owned with land title",,,"No",,"",,"",,"unlikely","Yes","No","Yes","Yes","No","No","No","No","No","No","No","No",,"Yes",1.5,"Yes","No","No","No",,0,"Slight increase","Slight decrease","No",,,"",1,"Yes","Inorder to plant more crops"
"10-32-71-90","Acres","",3,0,0,0,0,0,4,"Private owned with land title",,,,,,"Private owned with land title","Yes","Other individuals","","Village headman / chairperson","","Yes","Very unlikely","Yes","No","Yes","No","No","No","No","No","No","No","No","No",,"No",,,,,,,0,"The same","The same","No",,,"",3,"No","the plots I have are enough"
"91-48-09-94","Acres","",3,3,0,0,.125,0,0,"Leased/rented","Leased/rented",,,"Leased/rented",,,"No",,"",,"",,"Maybe, maybe not","No",,,,,,,,,,,,,"No",,,,,,,0,"Massive decrease","Massive decrease","No",,,"",1,"No","for agriculture"
"20-98-55-75","Acres","",2,0,0,0,1,0,0,"Private owned with no land title",,,,"Private owned with no land title",,,"Yes","Within family","","Clan / Elder","","No","Likely","No",,,,,,,,,,,,,"No",,,,,,,20,"Slight decrease","Massive decrease","No",,,"",1,"Yes","Cash crop farming"
"60-93-12-22","Acres","",1,0,0,0,0,0,0,"Private owned with land title",,,,,,,"No",,"",,"",,"Very unlikely","Yes","No","Yes","No","No","No","No","No","No","No","No","No",,"No",,,,,,,0,"The same","The same","No",,,"",1,"No","financially unstable"
"08-84-40-54","Acres","",1,0,0,0,0,0,0,"Leased/rented",,,,,,,"No",,"",,"",,"Very unlikely","No",,,,,,,,,,,,,"No",,,,,,,0,"The same","The same","No",,,"",0,"No","financially unstable"
"19-25-10-78","Acres","",1.375,0,0,0,.25,0,0,"Co-share/ co-farming",,,,"Private owned with land title",,,"No",,"",,"",,"Maybe, maybe not","Yes","No","Yes","No","No","No","No","No","No","No","No","No",,"No",,,,,,,0,"Massive decrease","Massive decrease","No",,,"",1,"Yes","agriculture activities"
"71-72-13-14","Acres","",4,0,0,0,.25,0,0,"Leased/rented",,,,"Private owned with no land title",,,"No",,"",,"",,"Very unlikely","Yes","No","No","Yes","No","No","No","No","No","No","No","No",,"No",,,,,,,5,"Massive decrease","Massive decrease","No",,,"",2,"Yes","to increase production and income of the household"
"03-15-75-14","Acres","",3,3,0,0,.125,0,0,"Private owned with land title","Private owned with land title",,,"Private owned with no land title",,,"No",,"",,"",,"Maybe, maybe not","Yes","No","Yes","No","No","No","No","No","No","No","No","No",,"No",,,,,,,0,"Massive decrease","Massive decrease","No",,,"",2,"Yes","for my grandchildren"
"44-83-75-40","Acres","",.75,0,0,0,.25,0,0,"Private owned with no land title",,,,"Private owned with no land title",,,"No",,"",,"",,"Very unlikely","No",,,,,,,,,,,,,"No",,,,,,,0,"Massive decrease","Massive decrease","No",,,"",1,"No","am old and need of help in farming"
"50-57-49-63","Acres","",1.5,0,0,0,.25,0,0,"Private owned with land title",,,,"Private owned with land title",,,"No",,"",,"",,"unlikely","Yes","No","Yes","No","No","No","No","No","No","No","No","No",,"Yes",1.5,"Yes","No","No","No",,0,"Slight increase","Slight decrease","No",,,"",1,"No","We cannot afford to buy another farm land right now"
"70-71-45-76","Acres","",1,0,0,0,.25,0,0,"Leased/rented",,,,"Private owned with no land title",,,"No",,"",,"",,"unlikely","No",,,,,,,,,,,,,"No",,,,,,,0,"Slight decrease","Massive decrease","No",,,"",0,"No","NO MONEY"
"60-32-51-97","Acres","",4,0,0,0,0,0,0,"Leased/rented",,,,,,,"No",,"",,"",,"Very unlikely","No",,,,,,,,,,,,,"No",,,,,,,0,"The same","The same","No",,,"",0,"No","we didn't plan yet"
"52-97-46-11","Acres","",2,0,0,0,.25,0,0,"Private owned with no land title",,,,"Private owned with land title",,,"No",,"",,"",,"unlikely","Yes","No","Yes","Yes","No","No","No","No","No","No","No","No",,"Yes",2,"Yes","No","No","No",,0,"Slight increase","Slight decrease","No",,,"",1,"Yes","Inorder to plant more crops as the farmland we have is small"
"57-86-44-24","Acres","",3,0,0,0,1,0,0,"Private owned with land title",,,,"Private owned with land title",,,"No",,"",,"",,"Very unlikely","No",,,,,,,,,,,,,"No",,,,,,,0,"Slight decrease","Slight decrease","No",,,"",1,"Yes","Farming"
"32-33-62-20","Acres","",2,2,0,0,.25,0,0,"Private owned with land title","Private owned with land title",,,"Private owned with land title",,,"No",,"",,"",,"unlikely","No",,,,,,,,,,,,,"No",,,,,,,0,"Slight decrease","Massive decrease","No",,,"",1,"Yes","INCREASE PRODUCTION"
"36-53-13-35","Acres","",1,0,0,0,.25,0,0,"Private owned with no land title",,,,"Private owned with no land title",,,"No",,"",,"",,"Maybe, maybe not","No",,,,,,,,,,,,,"No",,,,,,,0,"Slight decrease","Massive decrease","No",,,"",1,"No","we do not  have enough capital to farm more land"
"84-76-53-05","Acres","",1,0,0,0,.5,0,0,"Private owned with land title",,,,"Private owned with land title",,,"No",,"",,"",,"Very unlikely","Yes","No","Yes","No","No","No","No","No","No","No","No","No",,"No",,,,,,,5,"Slight decrease","Massive decrease","No",,,"",1,"No","Cash crop farming"
"43-02-03-01","Acres","",0,0,0,0,0,0,0,,,,,,,,"No",,"",,"",,"Very unlikely","No",,,,,,,,,,,,,"No",,,,,,,0,"The same","The same","No",,,"",1,"No","financially unstable"
"11-80-97-44","Acres","",1,1,0,0,.5,0,0,"Private owned with no land title","Private owned with no land title",,,"Private owned with no land title",,,"No",,"",,"",,"unlikely","No",,,,,,,,,,,,,"No",,,,,,,0,"Massive decrease","Massive decrease","No",,,"",1,"Yes","For agriculture"
"76-93-73-76","Acres","",.5,0,0,0,.25,0,0,"Leased/rented",,,,"Private owned with no land title",,,"No",,"",,"",,"Very unlikely","Yes","No","No","Yes","No","No","No","No","No","No","No","No",,"No",,,,,,,0,"Slight decrease","Massive decrease","No",,,"",1,"Yes","to increase income"
"65-71-79-01","Acres","",1.5,3.5,0,0,3.5,0,0,"Private owned with land title","Private owned with no land title",,,"Private owned with no land title",,,"Yes","Government","","LC Court","","No","Maybe, maybe not","Yes","No","No","No","Yes","No","No","No","No","No","No","No",,"No",,,,,,,5,"Massive decrease","Massive decrease","No",,,"",1,"Yes","agriculture"
"76-37-92-47","Acres","",1,1,0,0,.25,0,0,"Private owned with no land title","Private owned with no land title",,,"Private owned with no land title",,,"Yes","Government","","Village headman / chairperson","","No","Very likely","Yes","No","Yes","Yes","No","No","No","No","No","No","Yes","No",,"No",,,,,,,0,"Massive decrease","Massive decrease","No",,,"",1,"No","we have no  capital to farm more land"
"70-40-73-54","Acres","",1,0,0,0,0,0,0,"Private owned with land title",,,,,,,"No",,"",,"",,"Very unlikely","No",,,,,,,,,,,,,"No",,,,,,,20,"The same","The same","No",,,"",1,"No","the land is not productivity"
"88-42-92-11","Acres","",.5,0,0,0,.25,0,0,"Private owned with land title",,,,"Private owned with land title",,,"No",,"",,"",,"unlikely","Yes","No","Yes","Yes","Yes","No","No","No","No","No","No","No",,"No",,,,,,,0,"Massive decrease","Massive decrease","No",,,"",1,"Yes","crop cultivation"
"37-29-80-51","Acres","",1,0,3,0,.25,0,0,"Private owned with land title",,"Private owned with land title",,"Private owned with land title",,,"No",,"",,"",,"unlikely","Yes","No","Yes","Yes","No","No","No","No","No","No","No","No",,"No",,,,,,,0,"Slight decrease","Slight decrease","No",,,"",1,"Yes","crop cultivation"
"50-63-32-01","Acres","",1,1,0,0,.5,0,0,"Communally owned","Communally owned",,,"Private owned with no land title",,,"No",,"",,"",,"unlikely","No",,,,,,,,,,,,,"No",,,,,,,0,"Massive decrease","Massive decrease","No",,,"",1,"Yes","for agriculture"
"46-39-02-59","Acres","",5.5,0,0,0,1.25,0,0,"Private owned with land title",,,,"Private owned with land title",,,"No",,"",,"",,"unlikely","Yes","No","No","No","Yes","No","No","No","No","No","No","No",,"No",,,,,,,0,"Massive decrease","Massive decrease","No",,,"",1,"Yes","agriculture"
"62-41-43-18","Acres","",3,0,0,0,.75,0,0,"Private owned with no land title",,,,"Private owned with no land title",,,"No",,"",,"",,"Very unlikely","No",,,,,,,,,,,,,"No",,,,,,,0,"Slight decrease","Massive decrease","No",,,"",1,"No","we have enough farm land  to feed"
"28-20-80-35","Acres","",10,0,0,0,.25,0,0,"Private owned with no land title",,,,"Private owned with land title",,,"No",,"",,"",,"Maybe, maybe not","Yes","Yes","Yes","Yes","No","No","No","No","No","Yes","No","No",,"Yes",3,"Yes","No","No","No",,10,"Massive decrease","Massive decrease","No",,,"",2,"Yes","to add on food crop production"
"56-49-64-65","Acres","",2,0,0,0,0,0,0,"Private owned with land title",,,,,,,"No",,"",,"",,"Very unlikely","Yes","No","Yes","Yes","No","No","No","No","No","No","No","No",,"No",,,,,,,4,"The same","The same","No",,,"",1,"No","financially unstable"
"56-98-22-95","Acres","",2,0,0,0,.25,0,0,"Private owned with no land title",,,,"Private owned with no land title",,,"Yes","Other individuals","","Magistrate","","Yes","Very unlikely","Yes","No","Yes","No","Yes","No","No","No","No","No","No","No",,"No",,,,,,,15,"Slight decrease","Massive decrease","No",,,"",2,"Yes","Cash crop farming"
"68-55-46-57","Acres","",2.5,0,0,0,.25,0,0,"Private owned with no land title",,,,"Private owned with land title",,,"No",,"",,"",,"Maybe, maybe not","Yes","No","Yes","No","No","No","No","No","No","No","No","No",,"No",,,,,,,7,"Massive decrease","Massive decrease","No",,,"",0,"Yes","agriculture"
"42-72-39-66","Acres","",1,1,0,0,.5,0,0,"Private owned with no land title","Private owned with no land title",,,"Private owned with no land title",,,"No",,"",,"",,"Maybe, maybe not","No",,,,,,,,,,,,,"No",,,,,,,0,"Massive decrease","Massive decrease","No",,,"",1,"No","For agriculture"
"92-09-40-22","Acres","",0,4,0,0,.25,0,0,,"Private owned with land title",,,"Private owned with land title",,,"No",,"",,"",,"unlikely","Yes","No","Yes","No","No","No","No","No","No","No","No","No",,"Yes",4,"Yes","No","No","No",,0,"Slight decrease","Massive decrease","No",,,"",1,"Yes","To plant rice"
"95-71-61-75","Acres","",1.5,0,0,0,.25,0,0,"Leased/rented",,,,"Private owned with no land title",,,"No",,"",,"",,"Very unlikely","No",,,,,,,,,,,,,"No",,,,,,,3,"Slight decrease","Slight decrease","No",,,"",0,"Yes","Farming"
"78-85-83-34","Acres","",2,0,0,0,.5,0,0,"Private owned with land title",,,,"Private owned with land title",,,"No",,"",,"",,"unlikely","Yes","No","Yes","Yes","No","No","No","No","No","No","No","No",,"Yes",2,"Yes","No","No","No",,60,"Slight increase","Slight decrease","No",,,"",1,"No","We cannot afford to buy another farmland"
"88-65-02-29","Acres","",3,0,0,0,.25,0,0,"Private owned with no land title",,,,"Private owned with land title",,,"No",,"",,"",,"Very unlikely","No",,,,,,,,,,,,,"No",,,,,,,0,"Slight decrease","Slight decrease","No",,,"",1,"No","They have no more energy to farm or own another settlement they are satisfied"
"04-34-31-80","Acres","",1,1,0,0,.125,0,0,"Private owned with no land title","Private owned with no land title",,,"Private owned with no land title",,,"No",,"",,"",,"Maybe, maybe not","No",,,,,,,,,,,,,"No",,,,,,,0,"Massive decrease","Massive decrease","No",,,"",1,"No","she doesn't have a reason"
"91-55-85-33","Acres","",.5,0,0,0,.25,0,0,"Private owned with land title",,,,"Private owned with land title",,,"No",,"",,"",,"unlikely","Yes","No","Yes","Yes","No","No","No","No","No","No","No","No",,"No",,,,,,,7,"Slight decrease","Massive decrease","No",,,"",1,"Yes","TO INCREASE PRODUCTION"
"40-53-56-12","Acres","",1,0,0,0,2,0,0,"Private owned with land title",,,,"Private owned with land title",,,"No",,"",,"",,"Maybe, maybe not","No",,,,,,,,,,,,,"No",,,,,,,2,"Massive decrease","Massive decrease","No",,,"",2,"Yes","agriculture"
"27-46-53-11","Acres","",1,0,0,0,.25,0,0,"Private owned with land title",,,,"Private owned with no land title",,,"Yes","Other individuals","","Tried to sort out ourselves","","Yes","Likely","Yes","No","No","Yes","No","No","No","No","No","No","No","Yes",,"No",,,,,,,4,"The same","Slight decrease","No",,,"",2,"Yes","for agricultural  activities"
"08-92-74-48","Acres","",5,0,0,0,0,0,0,"Private owned with land title",,,,,,,"No",,"",,"",,"unlikely","No",,,,,,,,,,,,,"No",,,,,,,0,"Slight decrease","Massive decrease","No",,,"",1,"Yes","TO INCREASE PRODUCTION"
"59-22-70-12","Acres","",2.5,2.5,20,0,.125,0,0,"Private owned with no land title","Private owned with no land title","Private owned with land title",,"Private owned with land title",,,"No",,"",,"",,"Likely","Yes","No","Yes","No","No","No","No","No","No","No","No","No",,"No",,,,,,,0,"Massive decrease","Massive decrease","No",,,"",2,"Yes","For building house and for agriculture"
"02-60-78-89","Acres","",2,0,0,0,.25,0,0,"Private owned with no land title",,,,"Private owned with land title",,,"No",,"",,"",,"Maybe, maybe not","No",,,,,,,,,,,,,"No",,,,,,,3,"Slight decrease","Slight decrease","Yes",4000000,"Bank","",0,"Yes","Settlement and Farming"
"16-17-09-10","Acres","",3,0,0,0,.75,0,0,"Private owned with no land title",,,,"Private owned with land title",,,"No",,"",,"",,"Very unlikely","Yes","No","No","Yes","No","No","No","No","No","No","No","No",,"No",,,,,,,0,"Massive decrease","Massive decrease","No",,,"",2,"No","I have no capital to purchase or rent other farm"
"04-43-83-44","Acres","",8,0,0,0,.25,0,0,"Private owned with land title",,,,"Private owned with land title",,,"No",,"",,"",,"Maybe, maybe not","No",,,,,,,,,,,,,"No",,,,,,,20,"Slight decrease","Massive decrease","No",,,"",5,"Yes","For agricultural purposes"
"35-46-63-78","Acres","",1,0,0,0,0,0,0,"Private owned with land title",,,,,,,"No",,"",,"",,"Very unlikely","Yes","No","Yes","Yes","No","No","No","No","No","No","No","No",,"No",,,,,,,6,"Slight decrease","Slight decrease","No",,,"",1,"Yes","Settlement and farming"
"78-47-97-25","Acres","",30,0,0,0,.125,0,0,"Private owned with land title",,,,"Private owned with no land title",,,"Yes","Other individuals","","Tried to sort out ourselves","","Yes","Very unlikely","Yes","No","Yes","Yes","Yes","No","No","No","No","No","No","No",,"Yes",6,"Yes","No","No","No",,50,"Massive decrease","Massive decrease","No",,,"",5,"Yes","crop cultivation"
"19-28-85-33","Acres","",5,0,0,0,.5,0,0,"Private owned with no land title",,,,"Private owned with no land title",,,"Yes","Other individuals","","Tried to sort out ourselves","","Yes","Maybe, maybe not","Yes","No","Yes","Yes","No","No","No","No","No","No","No","No",,"Yes",3,"Yes","No","No","No",,0,"Massive decrease","Massive decrease","No",,,"",3,"Yes","crop cultivation"
"37-69-53-39","Acres","",6,4,0,0,1,0,0,"Private owned with land title","Private owned with land title",,,"Private owned with no land title",,,"No",,"",,"",,"Maybe, maybe not","Yes","No","No","Yes","Yes","No","No","No","No","No","No","No",,"No",,,,,,,0,"Massive decrease","Massive decrease","No",,,"",2,"No","land is enough"
"34-87-20-64","Acres","",2,0,0,0,.5,0,0,"Private owned with land title",,,,"Private owned with land title",,,"No",,"",,"",,"Maybe, maybe not","Yes","No","Yes","Yes","No","No","No","No","No","No","No","No",,"No",,,,,,,0,"Massive decrease","Massive decrease","No",,,"",1,"No","I have no money"
"36-80-61-02","Acres","",3,0,0,0,.25,0,0,"Private owned with no land title",,,,"Private owned with no land title",,,"No",,"",,"",,"Maybe, maybe not","No",,,,,,,,,,,,,"No",,,,,,,0,"Massive decrease","Massive decrease","No",,,"",2,"No","am old can't farm more land"
"86-69-42-68","Acres","",1,7,0,0,1.5,0,0,"Private owned with land title","Private owned with land title",,,"Private owned with land title",,,"Yes","Other individuals","","Village headman / chairperson","","Yes","Very unlikely","Yes","No","Yes","No","No","No","No","No","No","No","No","No",,"No",,,,,,,0,"Massive decrease","Massive decrease","No",,,"",1,"No","too old"
"20-42-84-32","Acres","",1,0,1.5,0,.5,0,0,"Leased/rented",,"Private owned with no land title",,"Private owned with no land title",,,"No",,"",,"",,"Maybe, maybe not","Yes","No","No","Yes","No","No","No","No","No","No","No","No",,"No",,,,,,,0,"Slight decrease","Massive decrease","No",,,"",1,"Yes","for agricultural purposes"
"80-28-03-90","Acres","",2,4,0,0,.25,0,0,"Private owned with land title","Private owned with land title",,,"Private owned with land title",,,"Yes","Within family","","Clan / Elder","","No","unlikely","Yes","No","Yes","Yes","Yes","No","No","No","No","No","No","No",,"No",,,,,,,13,"Massive decrease","Massive decrease","No",,,"",2,"Yes","agriculture"
"76-65-87-56","Acres","",2,2,0,0,.5,0,0,"Leased/rented","Leased/rented",,,"Private owned with land title",,,"No",,"",,"",,"Maybe, maybe not","No",,,,,,,,,,,,,"No",,,,,,,0,"Massive decrease","Massive decrease","No",,,"",0,"No","Increase of population"
"32-43-86-95","Acres","",3.25,0,0,0,.25,0,0,"Private owned with land title",,,,"Private owned with land title",,,"No",,"",,"",,"unlikely","Yes","No","No","Yes","No","No","No","No","No","No","No","No",,"No",,,,,,,0,"Slight decrease","Massive decrease","No",,,"",2,"Yes","TO INCREASE PRODUCTION"
"88-70-65-41","Acres","",4,0,0,0,.5,0,0,"Private owned with no land title",,,,"Private owned with no land title",,,"Yes","Other individuals","","Nowhere","","No","Very likely","Yes","No","Yes","Yes","No","No","No","No","No","No","No","No",,"No",,,,,,,30,"Massive decrease","Massive decrease","No",,,"",2,"Yes","To invest for the children's"
"76-49-57-67","Acres","",4,0,0,0,.5,0,0,"Private owned with land title",,,,"Private owned with land title",,,"Yes","Other individuals","","LC Court","","No","Likely","Yes","No","Yes","Yes","Yes","No","No","No","No","No","No","No",,"No",,,,,,,0,"Massive decrease","Massive decrease","No",,,"",2,"Yes","agriculture"
"79-79-17-52","Acres","",1,0,0,0,.25,0,3,"Private owned with land title",,,,"Private owned with land title",,"Private owned with land title","Yes","Other individuals","","Village headman / chairperson","","No","Likely","No",,,,,,,,,,,,,"No",,,,,,,0,"Slight decrease","Massive decrease","No",,,"",3,"No","they are far away"
"53-44-93-49","Acres","",1.5,0,0,0,.25,0,0,"Private owned with land title",,,,"Private owned with land title",,,"No",,"",,"",,"Maybe, maybe not","No",,,,,,,,,,,,,"No",,,,,,,0,"The same","The same","No",,,"",0,"Yes","agriculture."
"65-67-08-82","Acres","",1,0,0,0,.5,0,0,"Leased/rented",,,,"Private owned with land title",,,"No",,"",,"",,"unlikely","Yes","No","Yes","Yes","No","No","No","Yes","No","No","No","No",,"No",,,,,,,0,"Massive decrease","Massive decrease","No",,,"",0,"Yes","crop cultication and house construction"
"43-85-20-59","Acres","",3,7,0,0,.25,0,0,"Private owned with land title","Private owned with land title",,,"Private owned with land title",,,"Yes","Other individuals","","LC Court","","No","Very likely","No",,,,,,,,,,,,,"No",,,,,,,6,"Slight increase","Slight increase","No",,,"",3,"No","Lack of purchasing power"
"11-14-22-98","Acres","",2,0,0,0,0,0,0,"Private owned with land title",,,,,,,"No",,"",,"",,"Very unlikely","Yes","No","Yes","No","No","No","No","No","No","No","No","No",,"No",,,,,,,0,"Slight decrease","Massive decrease","No",,,"",1,"No","it's difficult to buy land now days"
"31-06-08-24","Acres","",4,0,0,0,.25,.2,0,"Private owned with no land title",,,,"Private owned with land title","Private owned with no land title",,"Yes","Government","","LC Court","","No","Very likely","No",,,,,,,,,,,,,"No",,,,,,,0,"Slight decrease","Massive decrease","No",,,"",2,"No","no need I'm too old"
"01-43-23-45","Acres","",3,0,0,0,.25,0,0,"Private owned with land title",,,,"Private owned with land title",,,"No",,"",,"",,"unlikely","Yes","No","Yes","Yes","No","No","No","No","No","No","No","No",,"No",,,,,,,0,"Massive decrease","Massive decrease","No",,,"",1,"Yes","crop cultivation and house construction"
"45-46-82-37","Acres","",1,0,0,0,.25,0,0,"Leased/rented",,,,"Private owned with no land title",,,"Yes","Within family","","LC Court","","No","Very likely","Yes","Yes","Yes","No","No","No","No","No","No","No","No","No",,"No",,,,,,,0,"Massive decrease","Massive decrease","No",,,"",1,"No","I have no money"
"11-87-22-26","Acres","",1,3,0,0,.5,0,0,"Private owned with land title","Private owned with land title",,,"Private owned with land title",,,"No",,"",,"",,"unlikely","Yes","No","Yes","Yes","No","No","No","No","No","No","No","No",,"Yes",4,"Yes","No","No","No",,0,"Slight increase","Massive decrease","No",,,"",1,"No","We cannot afford to buy another farmland"
"13-55-89-83","Acres","",10,5,0,0,.25,0,0,"Private owned with land title","Private owned with land title",,,"Private owned with land title",,,"No",,"",,"",,"unlikely","Yes","No","No","Yes","No","No","No","No","No","No","No","No",,"No",,,,,,,0,"The same","Slight decrease","No",,,"",2,"Yes","TO INCREASE  PRODUCTION FOR FAMILY"
"34-71-86-92","Acres","",6,0,0,0,.166,0,0,"Private owned with no land title",,,,"Private owned with no land title",,,"No",,"",,"",,"Very unlikely","Yes","Yes","Yes","No","No","No","No","No","No","No","No","No",,"No",,,,,,,0,"Massive decrease","Massive decrease","No",,,"",2,"No","so as to increase my income"
"59-34-02-76","Acres","",12,0,0,0,.5,0,0,"Private owned with land title",,,,"Private owned with no land title",,,"Yes","Other individuals","","Neighbours","","Yes","Very unlikely","Yes","No","Yes","Yes","Yes","No","No","No","No","No","No","No",,"No",,,,,,,0,"Massive decrease","Massive decrease","No",,,"",3,"Yes","house construction"
"94-38-09-90","Acres","",2,0,0,0,.25,0,0,"Private owned with no land title",,,,"Private owned with no land title",,,"Yes","Government","","Village headman / chairperson","","No","Likely","No",,,,,,,,,,,,,"No",,,,,,,0,"Massive decrease","Massive decrease","No",,,"",2,"No","lack of capital to rent and farm more land"
"78-25-48-01","Acres","",1,0,0,0,.25,0,0,"Private owned with land title",,,,"Private owned with land title",,,"No",,"",,"",,"unlikely","Yes","No","Yes","No","No","No","No","No","No","No","No","No",,"No",,,,,,,50,"Slight decrease","Massive decrease","No",,,"",1,"Yes","for agricultural activities especially rice"
"46-93-32-00","Acres","",4,0,0,0,1,0,0,"Private owned with no land title",,,,"Private owned with no land title",,,"No",,"",,"",,"Very unlikely","No",,,,,,,,,,,,,"No",,,,,,,0,"Slight decrease","Massive decrease","No",,,"",1,"Yes","Farming"
"12-39-85-61","Acres","",5,0,0,0,.25,0,0,"Private owned with no land title",,,,"Private owned with no land title",,,"No",,"",,"",,"Very unlikely","No",,,,,,,,,,,,,"No",,,,,,,5,"Massive decrease","Massive decrease","No",,,"",3,"No","no enough effort to cultivate more land"
"28-05-35-45","Acres","",8,0,0,0,.125,0,0,"Private owned with land title",,,,"Private owned with land title",,,"No",,"",,"",,"unlikely","Yes","No","Yes","No","No","No","No","No","No","No","No","No",,"Yes",8,"Yes","No","No","No",,0,"Slight increase","Slight decrease","No",,,"",1,"No","I do not have money to buy another farmland and I can not manage another farm"
"30-60-59-31","Acres","",6,0,0,0,.25,0,0,"Private owned with land title",,,,"Private owned with land title",,,"No",,"",,"",,"unlikely","No",,,,,,,,,,,,,"No",,,,,,,1,"Slight decrease","Slight decrease","No",,,"",3,"No","NO MONEY"
"47-75-15-04","Acres","",5,0,0,0,.5,0,0,"Leased/rented",,,,"Private owned with no land title",,,"No",,"",,"",,"Very unlikely","Yes","No","Yes","Yes","No","No","No","No","No","No","No","No",,"No",,,,,,,4,"Slight decrease","Massive decrease","No",,,"",0,"Yes","Farming"
"53-29-56-16","Acres","",0,0,0,0,.125,0,0,,,,,"Private owned with no land title",,,"No",,"",,"",,"Very unlikely","No",,,,,,,,,,,,,"No",,,,,,,0,"Massive decrease","Massive decrease","No",,,"",0,"No","am old and can not farm"
"35-42-89-22","Acres","",3,1,0,0,.25,0,0,"Communally owned","Communally owned",,,"Private owned with land title",,,"No",,"",,"",,"Likely","No",,,,,,,,,,,,,"No",,,,,,,0,"The same","The same","No",,,"",1,"Yes","extend the farming methods"
"88-29-43-39","Acres","",1,0,0,0,.25,0,0,"Private owned with no land title",,,,"Private owned with land title",,,"No",,"",,"",,"Very likely","No",,,,,,,,,,,,,"No",,,,,,,0,"Massive decrease","Massive decrease","No",,,"",1,"No","I have no money to purchase any land"
"59-28-36-67","Acres","",6,0,0,0,.75,0,0,"Private owned with no land title",,,,"Private owned with no land title",,,"Yes","Other individuals","","Village headman / chairperson","","Yes","Very unlikely","No",,,,,,,,,,,,,"No",,,,,,,0,"Slight decrease","Massive decrease","No",,,"",1,"Yes","to increase production and income"
"86-03-36-52","Acres","",1,0,0,0,.5,0,0,"Leased/rented",,,,"Private owned with no land title",,,"No",,"",,"",,"Very unlikely","No",,,,,,,,,,,,,"No",,,,,,,0,"Massive decrease","Massive decrease","No",,,"",1,"No","no capital to rent another farm"
"23-49-64-16","Acres","",7,7,0,0,1,0,0,"Leased/rented","Leased/rented",,,"Private owned with land title",,,"No",,"",,"",,"unlikely","Yes","No","Yes","No","No","No","No","No","No","No","No","No",,"No",,,,,,,0,"Massive decrease","Massive decrease","No",,,"",1,"No","For agriculture"
"08-79-12-23","Acres","",20,0,0,0,.25,0,0,"Private owned with land title",,,,"Private owned with no land title",,,"Yes","Government","","LC Court","","Yes","Likely","Yes","No","Yes","No","No","No","No","No","No","No","No","No",,"Yes",20,"Yes","No","No","No",,0,"Slight increase","Massive decrease","Yes",5000000,"Bank","",3,"No","I can not afford to buy another farmland"
"26-41-89-58","Acres","",4,4,0,0,2,0,0,"Private owned with land title","Private owned with land title",,,"Private owned with land title",,,"No",,"",,"",,"unlikely","Yes","No","Yes","No","No","No","No","No","No","No","No","No",,"No",,,,,,,0,"Massive decrease","Massive decrease","No",,,"",1,"No","To increase production"
"68-77-96-37","Acres","",4.75,0,0,0,.5,0,0,"Private owned with no land title",,,,"Private owned with land title",,,"Yes","Other individuals","","Village headman / chairperson","","Yes","unlikely","Yes","No","Yes","No","No","No","No","No","No","No","No","No",,"Yes",4.75,"Yes","No","No","No",,0,"Slight increase","Massive decrease","No",,,"",1,"Yes","To plant maize"
"52-83-38-94","Acres","",5,0,0,0,.5,0,0,"Private owned with no land title",,,,"Private owned with no land title",,,"No",,"",,"",,"Very unlikely","No",,,,,,,,,,,,,"No",,,,,,,0,"Massive decrease","Massive decrease","No",,,"",1,"No","we have enough land to cultivate due to our capital"
"67-08-14-84","Acres","",10,0,0,0,.5,0,0,"Private owned with land title",,,,"Private owned with land title",,,"No",,"",,"",,"Very unlikely","Yes","No","Yes","Yes","No","No","No","No","No","No","No","No",,"No",,,,,,,0,"Slight decrease","Massive decrease","No",,,"",3,"No","Satisfied because of age"
"43-44-83-36","Acres","",2,0,0,0,.125,0,0,"Leased/rented",,,,"Leased/rented",,,"No",,"",,"",,"unlikely","No",,,,,,,,,,,,,"Yes",2,"Yes","No","No","No",,0,"Slight increase","Slight decrease","No",,,"",0,"No","We cannot afford to buy a farmland right now"
"97-03-37-68","Acres","",2,0,0,0,.125,0,0,"Private owned with land title",,,,"Private owned with land title",,,"No",,"",,"",,"unlikely","Yes","No","Yes","No","No","No","No","No","No","No","No","No",,"Yes",2,"Yes","No","No","No",,0,"Slight increase","Slight decrease","No",,,"",1,"No","I do not have money to buy another farmland"
"26-04-46-11","Acres","",3,3,0,7,1,0,0,"Private owned with no land title","Private owned with no land title",,"Private owned with no land title","Private owned with no land title",,,"No",,"",,"",,"unlikely","No",,,,,,,,,,,,,"No",,,,,,,0,"Slight decrease","Slight decrease","No",,,"",1,"No","land is expensive"
"64-89-33-44","Acres","",6,1,0,0,.25,.25,0,"Leased/rented","Private owned with land title",,,"Private owned with no land title","Leased/rented",,"No",,"",,"",,"unlikely","Yes","No","No","Yes","No","No","No","No","No","No","No","No",,"No",,,,,,,14,"Slight decrease","Massive decrease","No",,,"",1,"Yes","for agroforest"
"09-37-28-22","Acres","",3,0,0,0,.25,0,0,"Leased/rented",,,,"Private owned with land title",,,"No",,"",,"",,"Very unlikely","No",,,,,,,,,,,,,"No",,,,,,,0,"Slight decrease","Slight decrease","No",,,"",0,"Yes","Farming and settlement"
"11-87-63-69","Acres","",6,0,0,0,1,0,0,"Private owned with land title",,,,"Private owned with land title",,,"No",,"",,"",,"Very unlikely","Yes","No","Yes","No","No","No","No","No","No","No","No","No",,"No",,,,,,,3,"Slight decrease","Massive decrease","No",,,"",2,"No","Cash crop farming"
"21-48-73-26","Acres","",5,0,0,0,.5,0,0,"Private owned with no land title",,,,"Private owned with no land title",,,"No",,"",,"",,"Very unlikely","Yes","No","No","Yes","No","No","No","No","No","No","No","No",,"No",,,,,,,10,"Massive decrease","Massive decrease","No",,,"",2,"Yes","five acres are enough according to our capital"
"95-62-47-68","Acres","",12,12,0,0,3.5,0,0,"Private owned with no land title","Private owned with no land title",,,"Private owned with no land title",,,"Yes","Other individuals","","Village headman / chairperson","","Yes","Likely","Yes","No","Yes","No","No","No","No","No","No","No","No","No",,"No",,,,,,,0,"Massive decrease","Massive decrease","No",,,"",2,"Yes","For agriculture and family"
"22-57-11-64","Acres","",4,0,0,0,.5,0,0,"Leased/rented",,,,"Private owned with no land title",,,"No",,"",,"",,"Very unlikely","Yes","No","No","Yes","No","No","No","No","No","No","No","No",,"No",,,,,,,0,"Slight decrease","Slight decrease","No",,,"",1,"Yes","Farming and settlement"
"16-16-37-56","Acres","",7,0,0,0,.25,0,0,"Private owned with land title",,,,"Private owned with land title",,,"No",,"",,"",,"Very unlikely","Yes","No","Yes","Yes","No","No","No","No","No","No","No","No",,"No",,,,,,,0,"Slight decrease","Slight decrease","No",,,"",3,"Yes","Farming"
"90-41-66-63","Acres","",13,0,0,0,.75,0,0,"Private owned with land title",,,,"Private owned with land title",,,"No",,"",,"",,"unlikely","Yes","No","Yes","Yes","Yes","No","No","No","No","No","No","No",,"No",,,,,,,0,"Massive decrease","Massive decrease","No",,,"",1,"No","limited land availability"
"86-61-37-71","Acres","",5,0,0,0,.25,0,0,"Private owned with land title",,,,"Private owned with land title",,,"No",,"",,"",,"Very unlikely","Yes","No","Yes","No","No","No","No","No","No","No","No","No",,"No",,,,,,,0,"Massive decrease","Massive decrease","No",,,"",1,"Yes","agriculture"
"51-98-81-10","Acres","",5,0,0,0,.25,0,0,"Private owned with no land title",,,,"Private owned with land title",,,"No",,"",,"",,"Maybe, maybe not","Yes","No","Yes","Yes","No","No","No","No","No","No","No","No",,"No",,,,,,,0,"Massive decrease","Massive decrease","No",,,"",2,"Yes","agriculture"
"86-70-80-56","Acres","",.75,.75,0,4,.5,0,0,"Private owned with land title","Private owned with no land title",,"Private owned with no land title","Private owned with no land title",,,"No",,"",,"",,"Maybe, maybe not","Yes","No","Yes","No","No","No","No","No","No","No","No","No",,"No",,,,,,,0,"Massive decrease","Massive decrease","No",,,"",3,"Yes","I don't have money"
"61-70-60-57","Acres","",8.5,0,0,0,0,0,0,"Leased/rented",,,,,,,"No",,"",,"",,"Very unlikely","No",,,,,,,,,,,,,"No",,,,,,,0,"Massive decrease","Massive decrease","No",,,"",1,"No","financially unstable"
"28-51-95-56","Acres","",45,0,0,0,.5,0,0,"Private owned with no land title",,,,"Private owned with no land title",,,"Yes","Other individuals","","LC Court","","Yes","Very likely","Yes","No","Yes","Yes","Yes","Yes","Yes","No","Yes","No","No","No",,"No",,,,,,,0,"Massive decrease","Massive decrease","No",,,"",2,"No","I have no  energy to invest"
"51-09-05-08","Acres","",1.75,0,0,0,1,0,0,"Private owned with no land title",,,,"Private owned with no land title",,,"No",,"",,"",,"unlikely","Yes","No","No","Yes","No","No","No","No","No","No","No","No",,"No",,,,,,,2,"Slight decrease","Massive decrease","No",,,"",2,"No","NO MONEY"
"35-94-61-77","Acres","",2,2,0,0,.0625,0,0,"Private owned with no land title","Private owned with no land title",,,"Private owned with no land title",,,"No",,"",,"",,"Maybe, maybe not","No",,,,,,,,,,,,,"No",,,,,,,0,"Slight decrease","Slight decrease","No",,,"",1,"Yes","for agriculture"
"36-72-98-05","Acres","",8,0,0,0,.25,0,0,"Private owned with land title",,,,"Private owned with no land title",,,"No",,"",,"",,"unlikely","No",,,,,,,,,,,,,"Yes",8,"Yes","No","No","No",,0,"Slight increase","Massive decrease","No",,,"",2,"Yes","To plant more rice"
"40-64-72-16","Acres","",4,4,0,0,.75,0,0,"Private owned with no land title","Private owned with no land title",,,"Private owned with no land title",,,"No",,"",,"",,"unlikely","No",,,,,,,,,,,,,"No",,,,,,,0,"Massive decrease","Massive decrease","No",,,"",1,"Yes","for agriculture"
"98-62-02-19","Acres","",9,0,1,0,.25,0,0,"Private owned with land title",,"Private owned with land title",,"Private owned with land title",,,"No",,"",,"",,"Very unlikely","Yes","No","Yes","Yes","Yes","No","No","No","No","No","No","No",,"No",,,,,,,0,"Massive decrease","Massive decrease","No",,,"",3,"Yes","agriculture"
"23-24-36-18","Acres","",4,0,0,0,.25,0,0,"Leased/rented",,,,"Private owned with no land title",,,"No",,"",,"",,"unlikely","No",,,,,,,,,,,,,"Yes",4,"Yes","No","No","No",,0,"Slight increase","Slight decrease","No",,,"",1,"No","We are financially unstable right now"
"88-50-89-00","Acres","",2,0,0,0,.25,0,0,"Private owned with no land title",,,,"Private owned with no land title",,,"Yes","Within family","","LC Court","","Yes","Very likely","Yes","No","Yes","Yes","No","No","No","No","No","No","No","No",,"No",,,,,,,0,"Massive decrease","Massive decrease","No",,,"",1,"No","there is no  money to buy"
"25-45-17-13","Acres","",8,4,0,0,1,0,0,"Private owned with no land title","Private owned with no land title",,,"Private owned with no land title",,,"No",,"",,"",,"Very likely","Yes","No","Yes","Yes","No","No","No","No","No","No","No","No",,"No",,,,,,,0,"Massive decrease","Massive decrease","No",,,"",1,"No","there is  no  more land"
"83-60-66-04","Acres","",1,0,0,0,1,0,0,"Private owned with no land title",,,,"Private owned with no land title",,,"No",,"",,"",,"Very unlikely","No",,,,,,,,,,,,,"No",,,,,,,10,"Massive decrease","Massive decrease","No",,,"",0,"No","Can't farm/ own a land for settlement  due to age"
"20-14-81-13","Acres","",20,0,0,0,0,0,0,"Private owned with land title",,,,,,,"Yes","Other individuals","","LC Court","","Yes","Very unlikely","Yes","No","Yes","No","No","No","No","No","No","No","No","No",,"No",,,,,,,0,"Massive decrease","Massive decrease","No",,,"",3,"Yes","I want to be a big business man in cash crops"
"97-46-80-41","Acres","",2.75,2.75,0,0,.5,0,0,"Private owned with no land title","Private owned with no land title",,,"Co-share/ co-farming",,,"No",,"",,"",,"Likely","Yes","No","Yes","No","No","No","No","No","No","No","No","No",,"No",,,,,,,0,"Massive decrease","Massive decrease","No",,,"",2,"No","For agriculture"
"65-11-27-59","Acres","",5,0,0,0,.25,0,0,"Private owned with land title",,,,"Private owned with no land title",,,"No",,"",,"",,"unlikely","No",,,,,,,,,,,,,"No",,,,,,,3,"Slight decrease","Massive decrease","No",,,"",3,"No","NO MONEY"
"88-74-63-20","Acres","",3,0,0,0,0,0,0,"Leased/rented",,,,,,,"No",,"",,"",,"Very unlikely","No",,,,,,,,,,,,,"No",,,,,,,0,"The same","The same","No",,,"",0,"No","financially unstable"
"74-15-98-92","Acres","",6.5,0,0,0,0,0,0,"Leased/rented",,,,,,,"Yes","Other individuals","","Village headman / chairperson","","No","Likely","Yes","No","Yes","No","No","No","No","No","No","No","No","No",,"No",,,,,,,0,"Massive decrease","Massive decrease","No",,,"",1,"No","financially unstable"
"53-98-64-81","Acres","",8,5,0,0,.25,0,0,"Private owned with land title","Private owned with land title",,,"Private owned with land title",,,"No",,"",,"",,"unlikely","Yes","No","No","Yes","No","No","No","No","No","No","No","No",,"No",,,,,,,0,"Slight decrease","Massive decrease","No",,,"",3,"No","NO MONEY"
"79-94-33-31","Acres","",15,0,0,0,.25,0,0,"Private owned with land title",,,,"Private owned with land title",,,"No",,"",,"",,"Very unlikely","Yes","No","Yes","Yes","Yes","No","No","No","No","No","No","No",,"No",,,,,,,150,"Massive decrease","Massive decrease","No",,,"",1,"Yes","agriculture"
"44-47-90-17","Acres","",2,0,0,0,0,0,0,"Private owned with land title",,,,,,,"No",,"",,"",,"Very unlikely","Yes","No","Yes","No","No","No","No","No","No","No","No","No",,"No",,,,,,,0,"The same","The same","No",,,"",1,"No","we are too old to add another plot"
"29-83-03-47","Acres","",3,0,0,0,1,0,0,"Private owned with land title",,,,"Private owned with land title",,,"No",,"",,"",,"Maybe, maybe not","Yes","No","Yes","Yes","Yes","No","No","No","No","No","No","No",,"No",,,,,,,4,"Slight decrease","Massive decrease","No",,,"",1,"No","Farming"
"50-57-96-51","Acres","",.5,0,0,0,.5,0,0,"Private owned with no land title",,,,"Private owned with no land title",,,"No",,"",,"",,"unlikely","No",,,,,,,,,,,,,"Yes",.5,"Yes","No","No","No",,0,"Slight increase","Massive decrease","No",,,"",1,"No","We do not have money to buy another farm land or the strength to farm it"
"55-37-25-70","Acres","",2.5,0,0,0,0,0,0,"Private owned with no land title",,,,,,,"No",,"",,"",,"unlikely","Yes","No","No","Yes","No","No","No","No","No","No","No","No",,"No",,,,,,,2,"Slight decrease","Massive decrease","No",,,"",2,"Yes","TO INCREASE PRODUCTION"
"71-34-06-10","Acres","",5,0,0,0,.25,0,0,"Private owned with land title",,,,"Private owned with land title",,,"No",,"",,"",,"unlikely","Yes","No","Yes","No","No","No","No","No","No","No","No","No",,"Yes",5,"Yes","No","No","No",,0,"Slight increase","Massive decrease","No",,,"",1,"No","We can not afford to buy another farmland"
"19-06-46-71","Acres","",1,0,0,0,.25,0,0,"Private owned with land title",,,,"Private owned with land title",,,"No",,"",,"",,"Likely","Yes","Yes","Yes","Yes","No","No","No","No","No","No","No","No",,"No",,,,,,,0,"Massive decrease","Massive decrease","No",,,"",1,"No","I have money to pay for the plot"
"38-40-25-06","Acres","",0,0,0,0,0,0,0,,,,,,,,"No",,"",,"",,"Very unlikely","No",,,,,,,,,,,,,"No",,,,,,,0,"The same","The same","No",,,"",0,"No","we are old"
"01-06-26-91","Acres","",1.5,1.5,0,0,1,0,0,"Leased/rented","Leased/rented",,,"Communally owned",,,"No",,"",,"",,"Likely","No",,,,,,,,,,,,,"No",,,,,,,0,"Massive decrease","Massive decrease","No",,,"",0,"Yes","for agriculture and family housing"
"58-64-10-38","Acres","",1.25,0,0,0,.25,0,0,"Leased/rented",,,,"Private owned with land title",,,"No",,"",,"",,"Maybe, maybe not","Yes","No","Yes","Yes","No","No","No","No","No","No","No","No",,"No",,,,,,,2,"Massive decrease","Massive decrease","No",,,"",0,"Yes","agriculture"
"13-95-57-54","Acres","",10,0,0,0,0,0,0,"Private owned with land title",,,,,,,"No",,"",,"",,"unlikely","No",,,,,,,,,,,,,"No",,,,,,,0,"Slight decrease","Massive decrease","No",,,"",3,"No","DEFORESTATION"
"47-67-62-28","Acres","",2,0,0,0,.75,0,0,"Private owned with land title",,,,"Private owned with land title",,,"No",,"",,"",,"unlikely","Yes","No","Yes","Yes","Yes","No","No","No","No","No","No","No",,"No",,,,,,,0,"Massive decrease","Massive decrease","No",,,"",1,"No","no longer energetic and have no income"
"96-80-22-06","Acres","",5,0,0,0,.25,0,0,"Private owned with land title",,,,"Private owned with land title",,,"Yes","Other individuals","","Village headman / chairperson","","Yes","Very unlikely","Yes","No","No","Yes","No","No","No","No","No","No","No","No",,"No",,,,,,,2,"Slight decrease","Massive decrease","No",,,"",1,"Yes","Food crop Farming"
"11-11-66-21","Acres","",3,3,0,0,1.5,0,0,"Private owned with no land title","Private owned with no land title",,,"Private owned with no land title",,,"No",,"",,"",,"unlikely","No",,,,,,,,,,,,,"No",,,,,,,0,"Massive decrease","Massive decrease","No",,,"",2,"Yes","For Agriculture"
"62-90-81-91","Acres","",3,0,0,0,.25,0,0,"Private owned with land title",,,,"Private owned with no land title",,,"No",,"",,"",,"Maybe, maybe not","Yes","No","Yes","Yes","No","No","No","No","No","Yes","No","No",,"No",,,,,,,0,"Massive decrease","Massive decrease","No",,,"",1,"No","no money to buy"
"61-58-38-15","Acres","",2,0,0,0,0,0,0,"Leased/rented",,,,,,,"No",,"",,"",,"Very unlikely","No",,,,,,,,,,,,,"No",,,,,,,0,"The same","The same","No",,,"",0,"No","financially unstable"
"60-05-03-82","Acres","",3,0,0,0,.5,0,0,"Private owned with no land title",,,,"Private owned with no land title",,,"No",,"",,"",,"unlikely","Yes","No","No","Yes","No","No","No","No","No","No","No","No",,"No",,,,,,,0,"Slight decrease","Slight decrease","No",,,"",0,"No","NO MONEY"
"53-26-53-30","Acres","",3,0,0,0,.25,0,0,"Private owned with no land title",,,,"Private owned with no land title",,,"No",,"",,"",,"Very unlikely","No",,,,,,,,,,,,,"No",,,,,,,0,"Slight decrease","Massive decrease","No",,,"",1,"Yes","Farming activities"
"52-64-71-85","Acres","",5,0,0,0,.125,0,0,"Private owned with land title",,,,"Leased/rented",,,"No",,"",,"",,"unlikely","Yes","No","Yes","No","Yes","No","No","No","No","No","No","No",,"No",,,,,,,3,"Massive decrease","Massive decrease","No",,,"",1,"Yes","house construction"
"20-65-75-92","Acres","",2.5,2.5,0,0,.25,0,0,"Communally owned","Communally owned",,,"Private owned with no land title",,,"Yes","Other individuals","","Village headman / chairperson","","No","Likely","Yes","No","Yes","No","No","No","No","No","No","No","No","No",,"No",,,,,,,0,"Slight decrease","Slight decrease","No",,,"",1,"Yes","for my children and for agriculture"
"15-48-45-49","Acres","",0,0,0,0,.25,0,0,,,,,"Don’t know",,,"No",,"",,"",,"unlikely","Yes","No","No","No","No","No","No","Yes","No","No","No","No",,"No",,,,,,,0,"Massive decrease","Massive decrease","No",,,"",0,"No","too old"
"12-80-86-60","Acres","",1,0,0,0,.125,0,0,"Private owned with no land title",,,,"Private owned with no land title",,,"No",,"",,"",,"Maybe, maybe not","Yes","No","No","Yes","Yes","No","No","No","No","No","No","No",,"No",,,,,,,0,"Massive decrease","Massive decrease","No",,,"",1,"Yes","to increase income of the household"
"79-49-70-48","Acres","",8,0,0,0,0,0,0,"Leased/rented",,,,,,,"No",,"",,"",,"Very unlikely","No",,,,,,,,,,,,,"No",,,,,,,0,"Slight decrease","Massive decrease","No",,,"",2,"No","financially unstable"
"17-50-60-85","Acres","",3,0,0,0,0,0,0,"Private owned with no land title",,,,,,,"Yes","Other individuals","","Village headman / chairperson","","Yes","unlikely","Yes","No","No","Yes","No","No","No","No","No","No","No","No",,"No",,,,,,,0,"Slight decrease","Slight decrease","No",,,"",2,"Yes","TO INCREAESE PRODUCTION"
"69-60-70-64","Acres","",5,2,0,0,0,0,0,"Private owned with land title","Private owned with no land title",,,,,,"No",,"",,"",,"Very unlikely","Yes","No","Yes","No","No","No","No","No","No","No","No","No",,"No",,,,,,,0,"Massive decrease","Massive decrease","No",,,"",1,"No","we didn't plan yet"
"50-18-09-61","Acres","",15,0,0,0,0,0,0,"Private owned with no land title",,,,,,,"No",,"",,"",,"Very unlikely","No",,,,,,,,,,,,,"No",,,,,,,8,"The same","The same","No",,,"",0,"No","the plots we have are enough"
"92-88-71-89","Acres","",8,8,0,0,2,0,0,"Private owned with land title","Private owned with land title",,,"Private owned with land title",,,"No",,"",,"",,"Maybe, maybe not","Yes","No","Yes","No","No","No","No","No","No","No","No","No",,"No",,,,,,,0,"Massive decrease","Massive decrease","No",,,"",1,"No","For increase production"
"63-56-49-05","Acres","",1,0,0,0,.25,0,0,"Private owned with no land title",,,,"Private owned with no land title",,,"No",,"",,"",,"unlikely","No",,,,,,,,,,,,,"Yes",1,"Yes","No","No","No",,0,"Slight increase","Slight decrease","No",,,"",1,"No","I do not have money to buy another plot"
"35-15-30-36","Acres","",6,0,0,0,.5,0,0,"Private owned with no land title",,,,"Private owned with no land title",,,"No",,"",,"",,"unlikely","No",,,,,,,,,,,,,"Yes",6,"Yes","No","No","No",,0,"Slight increase","Slight decrease","No",,,"",1,"No","We do not have money to buy another farmland"
"60-45-66-66","Acres","",13,0,0,0,.5,0,0,"Private owned with no land title",,,,"Private owned with no land title",,,"No",,"",,"",,"unlikely","Yes","No","No","Yes","No","No","No","No","No","No","No","No",,"No",,,,,,,0,"Slight decrease","Massive decrease","No",,,"",2,"No","NO  MONEY"
"27-04-54-49","Acres","",4,0,0,0,.5,0,0,"Private owned with land title",,,,"Private owned with no land title",,,"Yes","Other individuals","","LC Court","","No","Very likely","No",,,,,,,,,,,,,"No",,,,,,,0,"Massive decrease","Massive decrease","No",,,"",1,"No","I have no money to pay"
"74-33-74-42","Acres","",7,7,0,0,3,0,0,"Private owned with land title","Private owned with land title",,,"Private owned with land title",,,"No",,"",,"",,"Maybe, maybe not","Yes","No","Yes","No","No","No","No","No","No","No","No","No",,"No",,,,,,,0,"Massive decrease","Massive decrease","No",,,"",2,"Yes","For agriculture"
"62-89-56-95","Acres","",4.5,0,0,0,.25,0,0,"Private owned with no land title",,,,"Private owned with land title",,,"Yes","Other individuals","","Nowhere","","Yes","Very unlikely","Yes","No","No","Yes","No","No","No","No","No","No","No","No",,"No",,,,,,,0,"Massive decrease","Massive decrease","No",,,"",3,"No","no money to rent or buy another farm"
"22-97-51-26","Acres","",3,0,0,0,0,0,0,"Leased/rented",,,,,,,"No",,"",,"",,"Very unlikely","No",,,,,,,,,,,,,"No",,,,,,,0,"The same","The same","No",,,"",0,"No","financially unstable"
"12-39-62-46","Acres","",2.5,2.5,0,0,.125,0,0,"Leased/rented","Leased/rented",,,"Private owned with land title",,,"No",,"",,"",,"Maybe, maybe not","Yes","No","Yes","No","No","No","No","No","No","No","No","No",,"No",,,,,,,0,"Massive decrease","Massive decrease","No",,,"",0,"Yes","For agriculture"
"49-65-69-49","Acres","",6,0,0,0,.25,0,0,"Leased/rented",,,,"Private owned with no land title",,,"Yes","Other individuals","","Magistrate","","No","Maybe, maybe not","Yes","No","Yes","Yes","No","No","No","No","No","Yes","No","No",,"No",,,,,,,0,"Massive decrease","Massive decrease","No",,,"",0,"Yes","For cultivating food crop"
"15-16-01-28","Acres","",1.5,0,0,0,.25,0,0,"Leased/rented",,,,"Private owned with land title",,,"No",,"",,"",,"unlikely","Yes","No","No","Yes","No","No","No","No","No","No","No","No",,"No",,,,,,,0,"Slight increase","Slight decrease","No",,,"",0,"Yes","Inorder to plant crops"
"12-72-22-77","Acres","",1,0,0,0,.25,0,0,"Private owned with land title",,,,"Private owned with land title",,,"No",,"",,"",,"unlikely","No",,,,,,,,,,,,,"No",,,,,,,2,"Massive decrease","Massive decrease","No",,,"",1,"No","NO MONEY"
"08-25-51-14","Acres","",1,0,0,0,.25,0,0,"State owned",,,,"Private owned with no land title",,,"No",,"",,"",,"Maybe, maybe not","Yes","No","Yes","Yes","No","No","No","No","No","No","No","No",,"No",,,,,,,15,"Massive decrease","Massive decrease","No",,,"",0,"Yes","agriculture"
"32-65-79-67","Acres","",11,0,0,0,.25,0,0,"Private owned with no land title",,,,"Private owned with no land title",,,"Yes","Other individuals","","LC Court","","No","Very likely","No",,,,,,,,,,,,,"No",,,,,,,0,"Slight decrease","Massive decrease","No",,,"",2,"No","no capital to purchase another land"
"19-38-65-61","Acres","",4,0,0,0,.25,0,0,"Private owned with no land title",,,,"Private owned with no land title",,,"No",,"",,"",,"Very likely","Yes","No","Yes","Yes","No","No","No","No","No","No","No","No",,"No",,,,,,,0,"Massive decrease","Massive decrease","No",,,"",1,"No","I have no money to pay because its very expensive"
"17-45-14-15","Acres","",0,3,0,0,0,0,0,,"Private owned with land title",,,,,,"Yes","Other individuals","","Village headman / chairperson","","No","Very likely","No",,,,,,,,,,,,,"No",,,,,,,10,"The same","The same","No",,,"",1,"No","too weak to engage in crop cultivation"
"44-89-53-23","Acres","",8,0,0,0,.5,0,0,"Private owned with no land title",,,,"Private owned with no land title",,,"Yes","Other➡️ Please specify","religion","Village headman / chairperson","","Yes","Maybe, maybe not","Yes","Yes","No","Yes","No","No","No","No","No","No","No","No",,"No",,,,,,,0,"Slight decrease","Massive decrease","No",,,"",1,"No","n"
"18-93-14-98","Acres","",7,0,0,0,.25,0,0,"Private owned with land title",,,,"Private owned with land title",,,"Yes","Other individuals","","Tried to sort out ourselves","","No","Maybe, maybe not","Yes","No","No","Yes","No","No","No","No","No","No","No","No",,"No",,,,,,,0,"Slight decrease","Massive decrease","No",,,"",3,"Yes","for agricultural activities"
"55-94-46-33","Acres","",12,0,0,0,.25,0,0,"Private owned with land title",,,,"Private owned with land title",,,"No",,"",,"",,"Maybe, maybe not","Yes","No","No","No","Yes","No","No","No","No","No","No","No",,"No",,,,,,,8,"Massive decrease","Massive decrease","No",,,"",2,"Yes","agriculture"
"34-96-75-45","Acres","",5,0,0,0,.25,0,0,"Don’t know",,,,"Private owned with no land title",,,"No",,"",,"",,"Maybe, maybe not","Yes","No","No","Yes","No","No","No","No","No","No","No","No",,"No",,,,,,,10,"Massive decrease","Massive decrease","No",,,"",1,"Yes","agriculture"
"81-41-37-07","Acres","",2,0,0,0,.25,0,0,"Private owned with no land title",,,,"Private owned with no land title",,,"Yes","Other individuals","","Village headman / chairperson","","Yes","Very likely","No",,,,,,,,,,,,,"No",,,,,,,0,"Massive decrease","Massive decrease","No",,,"",1,"No","it's very hard to  get  land"
"81-12-37-94","Acres","",1,0,0,0,.125,0,0,"Private owned with no land title",,,,"Private owned with no land title",,,"No",,"",,"",,"Very unlikely","No",,,,,,,,,,,,,"No",,,,,,,0,"Slight decrease","Massive decrease","No",,,"",1,"No","opi have no capital and capacity to farm more than one acre"
"90-10-67-97","Acres","",5,0,0,0,.25,0,0,"Private owned with land title",,,,"Private owned with land title",,,"Yes","Government","","LC Court","","Yes","Very likely","Yes","Yes","Yes","Yes","No","No","No","No","No","Yes","No","No",,"No",,,,,,,0,"Massive decrease","Massive decrease","No",,,"",2,"Yes","To invest for my children's"
"42-77-91-16","Acres","",10,0,0,0,.25,0,0,"Leased/rented",,,,"Private owned with no land title",,,"Yes","Other individuals","","Village headman / chairperson","","Yes","Likely","Yes","No","No","Yes","No","No","No","No","No","No","No","No",,"No",,,,,,,8,"Massive decrease","Massive decrease","No",,,"",1,"Yes","agriculture"
"39-99-71-22","Acres","",6,0,0,0,.5,0,0,"Private owned with land title",,,,"Private owned with land title",,,"No",,"",,"",,"Maybe, maybe not","No",,,,,,,,,,,,,"No",,,,,,,0,"Slight decrease","Massive decrease","Yes",3000000,"Bank","",2,"No","lack of capital"
"63-27-82-21","Acres","",1,0,0,0,.25,0,0,"Leased/rented",,,,"Leased/rented",,,"No",,"",,"",,"Maybe, maybe not","Yes","No","No","No","No","No","No","Yes","No","No","No","No",,"No",,,,,,,0,"Massive decrease","Massive decrease","No",,,"",0,"Yes","agriculture"
"12-57-09-17","Acres","",4,0,0,0,0,0,0,"Private owned with no land title",,,,,,,"Yes","Other individuals","","Nowhere","","No","Likely","No",,,,,,,,,,,,,"No",,,,,,,5,"Massive decrease","Massive decrease","No",,,"",2,"No","financially unstable"
"48-80-14-71","Acres","",4,4,0,0,.5,0,0,"Private owned with land title","Private owned with land title",,,"Private owned with land title",,,"Yes","Other individuals","","Village headman / chairperson","","Yes","Likely","Yes","No","Yes","No","No","No","No","No","No","No","No","No",,"No",,,,,,,0,"Massive decrease","Massive decrease","No",,,"",2,"Yes","for agriculture"
"20-35-04-67","Acres","",7,0,0,0,0,0,0,"Leased/rented",,,,,,,"No",,"",,"",,"Very unlikely","No",,,,,,,,,,,,,"No",,,,,,,0,"The same","Slight decrease","No",,,"",1,"No","financially unstable"
"66-80-39-89","Acres","",8,8,0,0,.25,0,0,"Private owned with no land title","Private owned with no land title",,,"Private owned with no land title",,,"Yes","Other individuals","","Nowhere","","Yes","unlikely","Yes","No","Yes","No","No","No","No","No","No","No","No","No",,"No",,,,,,,0,"Slight decrease","Slight decrease","No",,,"",2,"Yes","for increase production"
"65-65-92-08","Acres","",3,0,0,0,.4,0,0,"Private owned with no land title",,,,"Private owned with no land title",,,"No",,"",,"",,"Very unlikely","Yes","No","No","Yes","No","No","No","No","No","No","No","No",,"No",,,,,,,0,"Massive decrease","Massive decrease","No",,,"",2,"No","not ready to farm more"
"28-72-09-15","Acres","",28,0,0,0,2,0,0,"Private owned with land title",,,,"Private owned with no land title",,,"No",,"",,"",,"unlikely","No",,,,,,,,,,,,,"Yes",28,"Yes","No","No","No",,0,"Slight increase","Slight decrease","No",,,"",2,"No","We have alot of farmland we can not buy another one"
"93-50-38-85","Acres","",4,0,0,0,1,0,0,"Private owned with land title",,,,"Private owned with land title",,,"No",,"",,"",,"Very unlikely","No",,,,,,,,,,,,,"No",,,,,,,0,"Slight decrease","Slight decrease","No",,,"",1,"Yes","Farming"
"54-94-37-06","Acres","",0,0,0,0,.5,0,0,,,,,"Private owned with land title",,,"No",,"",,"",,"unlikely","No",,,,,,,,,,,,,"No",,,,,,,3,"Slight decrease","Massive decrease","No",,,"",0,"No","NO MONEY"
"18-40-54-13","Acres","",2,0,0,0,.25,0,0,"Leased/rented",,,,"Private owned with no land title",,,"No",,"",,"",,"unlikely","Yes","No","No","Yes","No","No","No","No","No","No","No","No",,"No",,,,,,,0,"Slight increase","Slight decrease","No",,,"",0,"Yes","So that I can plant crops like maize and rice"
"86-74-30-03","Acres","",6,5,3,0,.75,0,0,"Leased/rented","Private owned with no land title","Private owned with land title",,"Private owned with land title",,,"Yes","Other individuals","","Clan / Elder","","Yes","unlikely","Yes","No","Yes","Yes","No","No","No","No","No","No","No","No",,"No",,,,,,,900,"Slight decrease","Massive decrease","No",,,"",3,"Yes","for agricultural purposes"
"42-16-79-97","Acres","",3,0,0,0,.25,0,0,"Private owned with no land title",,,,"Private owned with no land title",,,"No",,"",,"",,"unlikely","Yes","No","No","Yes","Yes","No","No","No","No","No","No","No",,"No",,,,,,,0,"Massive decrease","Massive decrease","No",,,"",2,"Yes","agriculture"
"40-03-97-68","Acres","",1.5,0,0,0,.25,0,0,"Private owned with land title",,,,"Private owned with land title",,,"No",,"",,"",,"Very unlikely","Yes","No","Yes","Yes","No","No","No","No","No","No","No","No",,"No",,,,,,,0,"Slight decrease","Slight decrease","No",,,"",1,"Yes","Cash crop farming"
"29-78-34-46","Acres","",3,0,0,0,.25,0,0,"Private owned with no land title",,,,"Private owned with no land title",,,"No",,"",,"",,"Very unlikely","Yes","No","No","Yes","No","No","No","No","No","No","No","No",,"No",,,,,,,0,"Massive decrease","Massive decrease","No",,,"",2,"No","I don't have money to rent more land"
"80-80-63-46","Acres","",3,0,0,0,.25,0,0,"Private owned with land title",,,,"Private owned with land title",,,"No",,"",,"",,"Very unlikely","Yes","No","Yes","Yes","No","No","No","No","No","No","No","No",,"No",,,,,,,0,"Slight decrease","Massive decrease","No",,,"",3,"Yes","Farming"
"82-00-06-77","Acres","",2,0,0,0,0,0,0,"Leased/rented",,,,,,,"No",,"",,"",,"unlikely","No",,,,,,,,,,,,,"No",,,,,,,0,"Massive decrease","Massive decrease","No",,,"",0,"Yes","agriculture"
"39-18-34-69","Acres","",9,0,0,0,.25,0,0,"Leased/rented",,,,"Communally owned",,,"No",,"",,"",,"Maybe, maybe not","No",,,,,,,,,,,,,"No",,,,,,,4,"Slight decrease","Massive decrease","No",,,"",0,"Yes","for agricultural purposes"
"06-74-60-98","Acres","",5,0,0,0,.25,0,0,"Private owned with no land title",,,,"Private owned with land title",,,"No",,"",,"",,"Very unlikely","Yes","No","Yes","Yes","No","No","No","No","No","No","No","No",,"No",,,,,,,0,"Slight decrease","Massive decrease","No",,,"",1,"No","Satisfied and financial difficulties"
"96-59-50-58","Acres","",17,0,0,0,.25,0,0,"Private owned with no land title",,,,"Private owned with no land title",,,"Yes","Other➡️ Please specify","religious (roman Catholic)","Nowhere","","Yes","Likely","No",,,,,,,,,,,,,"No",,,,,,,0,"Massive decrease","Massive decrease","No",,,"",2,"No","I have no capital to increase production and no need for land now"
"31-14-26-53","Acres","",2.5,0,0,0,.25,0,0,"Private owned with no land title",,,,"Private owned with no land title",,,"Yes","Other individuals","","Village headman / chairperson","","No","Very likely","No",,,,,,,,,,,,,"No",,,,,,,0,"Massive decrease","Massive decrease","No",,,"",1,"Yes","no capital to increase my farming activities"
"96-00-21-83","Acres","",6,0,0,0,.5,0,0,"Private owned with land title",,,,"Private owned with land title",,,"No",,"",,"",,"Very likely","Yes","No","Yes","Yes","Yes","No","No","No","No","No","No","No",,"No",,,,,,,0,"Massive decrease","Massive decrease","No",,,"",1,"No","I don't have money to buy"
