interview__key,r_food_ind__id,numdays_7d,food_source_7d__1,food_source_7d__2,food_source_7d__3,food_source_7d__4,food_source_7d__5,food_source_7d__6,food_source_7d__7,food_source_7d__8,food_source_7d__9,food_source_7d__96,foos_source_oth
"15-76-60-42","Cereals- rice, maize, chapatti, wheat, sorghum, bread, etc",7,"Yes","No","No","No","No","No","No","No","No","No",""
"15-76-60-42","Roots and tubers- potato, sweet potato, cassava, arrow roots, cooking banana",2,"Yes","No","No","No","No","No","No","No","No","No",""
"15-76-60-42","Vegetables- spinach, pumpkin, cabbage, tomato, onion",6,"Yes","No","No","No","No","No","No","No","No","No",""
"15-76-60-42","Fruits- orange, mango, guava, rice paw paw/papaya, pineapple, etc",3,"No","No","No","No","Yes","No","No","No","No","No",""
"15-76-60-42","Meat, poultry, organ meat- goat, sheep, cow, chicken, liver, kidney, intestines",2,"No","No","No","No","Yes","No","No","No","No","No",""
"15-76-60-42","Eggs",1,"Yes","No","No","No","No","No","No","No","No","No",""
"15-76-60-42","Fish and seafood (dried or fresh)- sardines, dagaa/omena",1,"No","No","No","No","Yes","No","No","No","No","No",""
"15-76-60-42","Pulses, legumes, nuts, seeds",2,"Yes","No","No","No","No","No","No","No","No","No",""
"15-76-60-42","Milk and milk products- fresh, powdered, yogurt, cheese, etc",1,"No","No","No","No","Yes","No","No","No","No","No",""
"15-76-60-42","Oil/fats- oil, fat, butter, ghee, etc",7,"No","No","No","No","Yes","No","No","No","No","No",""
"15-76-60-42","Sugar and sweets- sugar, honey, sweets, desserts",1,"No","No","No","No","Yes","No","No","No","No","No",""
"31-41-38-46","Cereals- rice, maize, chapatti, wheat, sorghum, bread, etc",7,"Yes","No","No","No","No","No","No","No","No","No",""
"31-41-38-46","Roots and tubers- potato, sweet potato, cassava, arrow roots, cooking banana",2,"Yes","No","No","No","No","No","No","No","No","No",""
"31-41-38-46","Vegetables- spinach, pumpkin, cabbage, tomato, onion",7,"Yes","No","No","No","No","No","No","No","No","No",""
"31-41-38-46","Fruits- orange, mango, guava, rice paw paw/papaya, pineapple, etc",2,"No","No","No","No","Yes","No","No","No","No","No",""
"31-41-38-46","Pulses, legumes, nuts, seeds",3,"Yes","No","No","No","No","No","No","No","No","No",""
"31-41-38-46","Oil/fats- oil, fat, butter, ghee, etc",4,"No","No","No","No","Yes","No","No","No","No","No",""
"31-41-38-46","Sugar and sweets- sugar, honey, sweets, desserts",3,"No","No","No","No","Yes","No","No","No","No","No",""
"01-03-25-84","Cereals- rice, maize, chapatti, wheat, sorghum, bread, etc",7,"Yes","No","No","No","Yes","No","No","No","No","No",""
"01-03-25-84","Roots and tubers- potato, sweet potato, cassava, arrow roots, cooking banana",4,"Yes","No","No","No","No","No","No","No","No","No",""
"01-03-25-84","Vegetables- spinach, pumpkin, cabbage, tomato, onion",7,"No","No","No","No","Yes","No","No","No","No","No",""
"01-03-25-84","Fruits- orange, mango, guava, rice paw paw/papaya, pineapple, etc",3,"No","No","No","No","Yes","No","No","No","No","No",""
"01-03-25-84","Meat, poultry, organ meat- goat, sheep, cow, chicken, liver, kidney, intestines",3,"No","No","No","No","Yes","No","No","No","No","No",""
"01-03-25-84","Eggs",1,"Yes","No","No","No","No","No","No","No","No","No",""
"01-03-25-84","Milk and milk products- fresh, powdered, yogurt, cheese, etc",7,"Yes","No","No","No","No","No","No","No","No","No",""
"01-03-25-84","Oil/fats- oil, fat, butter, ghee, etc",7,"No","No","No","No","Yes","No","No","No","No","No",""
"01-03-25-84","Sugar and sweets- sugar, honey, sweets, desserts",5,"No","No","No","No","Yes","No","No","No","No","No",""
"31-13-18-39","Cereals- rice, maize, chapatti, wheat, sorghum, bread, etc",7,"Yes","No","No","No","Yes","No","No","No","No","No",""
"31-13-18-39","Vegetables- spinach, pumpkin, cabbage, tomato, onion",7,"Yes","No","No","No","Yes","No","No","No","No","No",""
"31-13-18-39","Eggs",1,"No","No","No","No","Yes","No","No","No","No","No",""
"31-13-18-39","Sugar and sweets- sugar, honey, sweets, desserts",1,"No","No","No","No","Yes","No","No","No","No","No",""
"31-13-18-39","Miscellaneous- tea, coffee, beverages, condiments, spices",1,"No","No","No","No","Yes","No","No","No","No","No",""
"49-33-75-72","Cereals- rice, maize, chapatti, wheat, sorghum, bread, etc",7,"Yes","No","No","No","Yes","No","No","No","No","No",""
"49-33-75-72","Roots and tubers- potato, sweet potato, cassava, arrow roots, cooking banana",1,"No","No","No","No","No","No","No","Yes","No","No",""
"49-33-75-72","Vegetables- spinach, pumpkin, cabbage, tomato, onion",7,"Yes","No","No","No","No","No","No","No","No","No",""
"49-33-75-72","Eggs",2,"No","No","No","No","Yes","No","No","No","No","No",""
"49-33-75-72","Fish and seafood (dried or fresh)- sardines, dagaa/omena",2,"No","No","No","No","Yes","No","No","No","No","No",""
"49-33-75-72","Oil/fats- oil, fat, butter, ghee, etc",7,"No","No","No","No","Yes","No","No","No","No","No",""
"49-33-75-72","Miscellaneous- tea, coffee, beverages, condiments, spices",7,"Yes","No","No","No","No","No","No","No","No","No",""
"72-79-79-86","Cereals- rice, maize, chapatti, wheat, sorghum, bread, etc",7,"Yes","No","No","No","No","No","No","No","No","No",""
"72-79-79-86","Vegetables- spinach, pumpkin, cabbage, tomato, onion",3,"No","No","No","No","Yes","No","No","No","No","No",""
"72-79-79-86","Fruits- orange, mango, guava, rice paw paw/papaya, pineapple, etc",1,"No","No","No","No","Yes","No","No","No","No","No",""
"72-79-79-86","Fish and seafood (dried or fresh)- sardines, dagaa/omena",1,"No","No","No","No","Yes","No","No","No","No","No",""
"72-79-79-86","Oil/fats- oil, fat, butter, ghee, etc",5,"No","No","No","No","Yes","No","No","No","No","No",""
"72-79-79-86","Miscellaneous- tea, coffee, beverages, condiments, spices",7,"No","No","No","No","Yes","No","No","No","No","No",""
"86-17-23-69","Cereals- rice, maize, chapatti, wheat, sorghum, bread, etc",7,"Yes","No","No","No","No","No","No","No","No","No",""
"86-17-23-69","Roots and tubers- potato, sweet potato, cassava, arrow roots, cooking banana",2,"No","No","No","No","Yes","No","No","No","No","No",""
"86-17-23-69","Vegetables- spinach, pumpkin, cabbage, tomato, onion",3,"No","No","No","No","Yes","No","No","No","No","No",""
"86-17-23-69","Fruits- orange, mango, guava, rice paw paw/papaya, pineapple, etc",3,"Yes","No","No","No","No","No","No","No","No","No",""
"86-17-23-69","Oil/fats- oil, fat, butter, ghee, etc",3,"No","No","No","No","Yes","No","No","No","No","No",""
"86-17-23-69","Miscellaneous- tea, coffee, beverages, condiments, spices",4,"Yes","No","No","No","No","No","No","No","No","No",""
"35-55-11-33","Cereals- rice, maize, chapatti, wheat, sorghum, bread, etc",7,"Yes","No","No","No","No","No","No","No","No","No",""
"35-55-11-33","Roots and tubers- potato, sweet potato, cassava, arrow roots, cooking banana",2,"No","No","No","No","Yes","No","No","No","No","No",""
"35-55-11-33","Vegetables- spinach, pumpkin, cabbage, tomato, onion",7,"No","No","No","No","Yes","No","No","No","No","No",""
"35-55-11-33","Fruits- orange, mango, guava, rice paw paw/papaya, pineapple, etc",2,"No","No","No","No","Yes","No","No","No","No","No",""
"35-55-11-33","Meat, poultry, organ meat- goat, sheep, cow, chicken, liver, kidney, intestines",1,"No","No","No","No","Yes","No","No","No","No","No",""
"35-55-11-33","Pulses, legumes, nuts, seeds",2,"Yes","No","No","No","No","No","No","No","No","No",""
"35-55-11-33","Oil/fats- oil, fat, butter, ghee, etc",3,"No","No","No","No","Yes","No","No","No","No","No",""
"74-41-75-97","Cereals- rice, maize, chapatti, wheat, sorghum, bread, etc",7,"No","No","No","No","Yes","No","No","No","No","No",""
"74-41-75-97","Vegetables- spinach, pumpkin, cabbage, tomato, onion",7,"No","No","No","No","Yes","No","No","No","No","No",""
"74-41-75-97","Fish and seafood (dried or fresh)- sardines, dagaa/omena",5,"No","No","No","No","Yes","No","No","No","No","No",""
"74-41-75-97","Oil/fats- oil, fat, butter, ghee, etc",5,"No","No","No","No","Yes","No","No","No","No","No",""
"75-64-48-24","Cereals- rice, maize, chapatti, wheat, sorghum, bread, etc",7,"No","No","No","No","Yes","No","No","No","No","No",""
"75-64-48-24","Roots and tubers- potato, sweet potato, cassava, arrow roots, cooking banana",2,"No","No","No","No","Yes","No","No","No","No","No",""
"75-64-48-24","Vegetables- spinach, pumpkin, cabbage, tomato, onion",7,"Yes","No","No","No","Yes","No","No","No","No","No",""
"75-64-48-24","Fruits- orange, mango, guava, rice paw paw/papaya, pineapple, etc",3,"No","No","No","No","Yes","No","No","No","No","No",""
"75-64-48-24","Fish and seafood (dried or fresh)- sardines, dagaa/omena",2,"No","No","No","No","Yes","No","No","No","No","No",""
"75-64-48-24","Pulses, legumes, nuts, seeds",7,"Yes","No","No","No","No","No","No","No","No","No",""
"75-64-48-24","Oil/fats- oil, fat, butter, ghee, etc",7,"No","No","No","No","Yes","No","No","No","No","No",""
"75-64-48-24","Sugar and sweets- sugar, honey, sweets, desserts",3,"No","No","No","No","Yes","No","No","No","No","No",""
"46-90-31-29","Cereals- rice, maize, chapatti, wheat, sorghum, bread, etc",7,"Yes","No","No","No","No","No","No","No","No","No",""
"46-90-31-29","Vegetables- spinach, pumpkin, cabbage, tomato, onion",7,"Yes","No","No","No","No","No","No","No","No","No",""
"32-45-37-94","Cereals- rice, maize, chapatti, wheat, sorghum, bread, etc",7,"No","No","No","No","Yes","No","No","No","No","No",""
"32-45-37-94","Vegetables- spinach, pumpkin, cabbage, tomato, onion",2,"No","No","No","No","Yes","No","No","No","No","No",""
"32-45-37-94","Pulses, legumes, nuts, seeds",2,"No","No","No","No","No","No","No","Yes","No","No",""
"32-45-37-94","Sugar and sweets- sugar, honey, sweets, desserts",7,"No","No","No","No","Yes","No","No","No","No","No",""
"32-45-37-94","Miscellaneous- tea, coffee, beverages, condiments, spices",7,"No","No","No","No","Yes","No","No","No","No","No",""
"29-06-99-56","Cereals- rice, maize, chapatti, wheat, sorghum, bread, etc",7,"Yes","No","No","No","No","No","No","No","No","No",""
"29-06-99-56","Vegetables- spinach, pumpkin, cabbage, tomato, onion",7,"No","No","No","No","Yes","No","No","No","No","No",""
"29-06-99-56","Oil/fats- oil, fat, butter, ghee, etc",7,"No","No","No","No","Yes","No","No","No","No","No",""
"86-92-94-72","Cereals- rice, maize, chapatti, wheat, sorghum, bread, etc",7,"Yes","No","No","No","No","No","No","No","No","No",""
"86-92-94-72","Roots and tubers- potato, sweet potato, cassava, arrow roots, cooking banana",3,"No","No","No","No","No","No","No","Yes","No","No",""
"86-92-94-72","Vegetables- spinach, pumpkin, cabbage, tomato, onion",3,"No","No","Yes","No","No","No","No","No","No","No",""
"86-92-94-72","Fruits- orange, mango, guava, rice paw paw/papaya, pineapple, etc",7,"No","No","Yes","No","No","No","No","No","No","No",""
"86-92-94-72","Pulses, legumes, nuts, seeds",2,"Yes","No","No","No","No","No","No","No","No","No",""
"86-92-94-72","Sugar and sweets- sugar, honey, sweets, desserts",2,"No","No","No","No","Yes","No","No","No","No","No",""
"86-92-94-72","Miscellaneous- tea, coffee, beverages, condiments, spices",2,"No","No","No","No","Yes","No","No","No","No","No",""
"95-96-07-01","Cereals- rice, maize, chapatti, wheat, sorghum, bread, etc",7,"Yes","No","No","No","No","No","No","No","No","No",""
"95-96-07-01","Roots and tubers- potato, sweet potato, cassava, arrow roots, cooking banana",2,"Yes","No","No","No","No","No","No","No","No","No",""
"95-96-07-01","Vegetables- spinach, pumpkin, cabbage, tomato, onion",5,"Yes","No","No","No","No","No","No","No","No","No",""
"95-96-07-01","Fruits- orange, mango, guava, rice paw paw/papaya, pineapple, etc",7,"No","No","No","No","Yes","No","No","No","No","No",""
"95-96-07-01","Meat, poultry, organ meat- goat, sheep, cow, chicken, liver, kidney, intestines",3,"No","No","No","No","Yes","No","No","No","No","No",""
"95-96-07-01","Eggs",2,"No","No","No","No","Yes","No","No","No","No","No",""
"95-96-07-01","Fish and seafood (dried or fresh)- sardines, dagaa/omena",1,"No","No","No","No","Yes","No","No","No","No","No",""
"95-96-07-01","Pulses, legumes, nuts, seeds",2,"No","No","No","No","Yes","No","No","No","No","No",""
"95-96-07-01","Milk and milk products- fresh, powdered, yogurt, cheese, etc",1,"No","No","No","No","Yes","No","No","No","No","No",""
"95-96-07-01","Oil/fats- oil, fat, butter, ghee, etc",1,"No","No","No","No","Yes","No","No","No","No","No",""
"95-96-07-01","Sugar and sweets- sugar, honey, sweets, desserts",7,"No","No","No","No","Yes","No","No","No","No","No",""
"95-96-07-01","Miscellaneous- tea, coffee, beverages, condiments, spices",1,"No","No","No","No","Yes","No","No","No","No","No",""
"56-10-42-62","Cereals- rice, maize, chapatti, wheat, sorghum, bread, etc",1,"Yes","No","No","No","Yes","No","No","No","No","No",""
"56-10-42-62","Roots and tubers- potato, sweet potato, cassava, arrow roots, cooking banana",5,"No","No","No","No","Yes","No","No","No","No","No",""
"56-10-42-62","Vegetables- spinach, pumpkin, cabbage, tomato, onion",5,"Yes","No","No","No","Yes","No","No","No","No","No",""
"56-10-42-62","Oil/fats- oil, fat, butter, ghee, etc",7,"No","No","No","No","Yes","No","No","No","No","No",""
"56-10-42-62","Sugar and sweets- sugar, honey, sweets, desserts",6,"No","No","No","No","Yes","No","No","No","No","No",""
"39-85-42-75","Cereals- rice, maize, chapatti, wheat, sorghum, bread, etc",3,"Yes","No","No","No","No","No","No","No","No","No",""
"39-85-42-75","Vegetables- spinach, pumpkin, cabbage, tomato, onion",7,"No","No","No","No","Yes","No","No","No","No","No",""
"39-85-42-75","Meat, poultry, organ meat- goat, sheep, cow, chicken, liver, kidney, intestines",1,"No","No","No","No","Yes","No","No","No","No","No",""
"39-85-42-75","Fish and seafood (dried or fresh)- sardines, dagaa/omena",1,"No","No","No","No","Yes","No","No","No","No","No",""
"39-85-42-75","Oil/fats- oil, fat, butter, ghee, etc",7,"No","No","No","No","Yes","No","No","No","No","No",""
"51-15-10-63","Cereals- rice, maize, chapatti, wheat, sorghum, bread, etc",7,"Yes","No","No","No","No","No","No","No","No","No",""
"51-15-10-63","Vegetables- spinach, pumpkin, cabbage, tomato, onion",4,"Yes","No","No","No","No","No","No","No","No","No",""
"51-15-10-63","Fruits- orange, mango, guava, rice paw paw/papaya, pineapple, etc",1,"Yes","No","No","No","No","No","No","No","No","No",""
"51-15-10-63","Meat, poultry, organ meat- goat, sheep, cow, chicken, liver, kidney, intestines",2,"No","No","No","No","Yes","No","No","No","No","No",""
"51-15-10-63","Fish and seafood (dried or fresh)- sardines, dagaa/omena",2,"No","No","No","No","Yes","No","No","No","No","No",""
"51-15-10-63","Pulses, legumes, nuts, seeds",3,"No","No","No","No","Yes","No","No","No","No","No",""
"51-15-10-63","Milk and milk products- fresh, powdered, yogurt, cheese, etc",2,"No","No","No","No","Yes","No","No","No","No","No",""
"51-15-10-63","Oil/fats- oil, fat, butter, ghee, etc",7,"No","No","No","No","Yes","No","No","No","No","No",""
"51-15-10-63","Sugar and sweets- sugar, honey, sweets, desserts",3,"No","No","No","No","Yes","No","No","No","No","No",""
"51-15-10-63","Miscellaneous- tea, coffee, beverages, condiments, spices",3,"Yes","No","No","No","No","No","No","No","No","No",""
"81-75-45-31","Cereals- rice, maize, chapatti, wheat, sorghum, bread, etc",7,"Yes","No","No","No","Yes","No","No","No","No","No",""
"81-75-45-31","Roots and tubers- potato, sweet potato, cassava, arrow roots, cooking banana",1,"Yes","No","No","No","No","No","No","No","No","No",""
"81-75-45-31","Vegetables- spinach, pumpkin, cabbage, tomato, onion",7,"Yes","No","No","No","No","No","No","No","No","No",""
"81-75-45-31","Eggs",2,"Yes","No","No","No","No","No","No","No","No","No",""
"81-75-45-31","Fish and seafood (dried or fresh)- sardines, dagaa/omena",1,"No","No","No","No","Yes","No","No","No","No","No",""
"81-75-45-31","Oil/fats- oil, fat, butter, ghee, etc",7,"No","No","No","No","Yes","No","No","No","No","No",""
"81-75-45-31","Sugar and sweets- sugar, honey, sweets, desserts",7,"No","No","No","No","Yes","No","No","No","No","No",""
"57-29-61-37","Cereals- rice, maize, chapatti, wheat, sorghum, bread, etc",7,"No","No","No","No","Yes","No","No","No","No","No",""
"57-29-61-37","Roots and tubers- potato, sweet potato, cassava, arrow roots, cooking banana",1,"No","No","No","No","Yes","No","No","No","No","No",""
"57-29-61-37","Vegetables- spinach, pumpkin, cabbage, tomato, onion",2,"No","No","No","No","Yes","No","No","No","No","No",""
"57-29-61-37","Fruits- orange, mango, guava, rice paw paw/papaya, pineapple, etc",2,"No","No","No","No","Yes","No","No","No","No","No",""
"57-29-61-37","Meat, poultry, organ meat- goat, sheep, cow, chicken, liver, kidney, intestines",1,"No","No","No","No","Yes","No","No","No","No","No",""
"57-29-61-37","Eggs",1,"No","No","No","No","Yes","No","No","No","No","No",""
"57-29-61-37","Fish and seafood (dried or fresh)- sardines, dagaa/omena",1,"No","No","No","No","Yes","No","No","No","No","No",""
"57-29-61-37","Milk and milk products- fresh, powdered, yogurt, cheese, etc",1,"No","No","No","No","Yes","No","No","No","No","No",""
"57-29-61-37","Sugar and sweets- sugar, honey, sweets, desserts",7,"No","No","No","No","Yes","No","No","No","No","No",""
"57-29-61-37","Miscellaneous- tea, coffee, beverages, condiments, spices",7,"No","No","No","No","Yes","No","No","No","No","No",""
"92-19-38-79","Cereals- rice, maize, chapatti, wheat, sorghum, bread, etc",7,"Yes","No","No","No","No","No","No","No","No","No",""
"92-19-38-79","Roots and tubers- potato, sweet potato, cassava, arrow roots, cooking banana",1,"No","No","No","No","Yes","No","No","No","No","No",""
"92-19-38-79","Vegetables- spinach, pumpkin, cabbage, tomato, onion",2,"Yes","No","No","No","No","No","No","No","No","No",""
"92-19-38-79","Fruits- orange, mango, guava, rice paw paw/papaya, pineapple, etc",1,"No","No","No","No","Yes","No","No","No","No","No",""
"92-19-38-79","Meat, poultry, organ meat- goat, sheep, cow, chicken, liver, kidney, intestines",1,"No","No","No","No","Yes","No","No","No","No","No",""
"92-19-38-79","Eggs",3,"No","No","No","No","Yes","No","No","No","No","No",""
"92-19-38-79","Fish and seafood (dried or fresh)- sardines, dagaa/omena",1,"No","No","No","No","Yes","No","No","No","No","No",""
"92-19-38-79","Oil/fats- oil, fat, butter, ghee, etc",7,"No","No","No","No","Yes","No","No","No","No","No",""
"92-19-38-79","Sugar and sweets- sugar, honey, sweets, desserts",7,"No","No","No","No","Yes","No","No","No","No","No",""
"92-19-38-79","Miscellaneous- tea, coffee, beverages, condiments, spices",7,"No","No","No","No","Yes","No","No","No","No","No",""
"51-61-36-83","Cereals- rice, maize, chapatti, wheat, sorghum, bread, etc",7,"Yes","No","No","No","No","No","No","No","No","No",""
"51-61-36-83","Roots and tubers- potato, sweet potato, cassava, arrow roots, cooking banana",1,"No","No","No","No","No","No","Yes","No","No","No",""
"51-61-36-83","Vegetables- spinach, pumpkin, cabbage, tomato, onion",7,"Yes","No","No","No","No","No","No","No","No","No",""
"51-61-36-83","Oil/fats- oil, fat, butter, ghee, etc",7,"No","No","No","No","Yes","No","No","No","No","No",""
"51-61-36-83","Sugar and sweets- sugar, honey, sweets, desserts",7,"No","No","No","No","Yes","No","No","No","No","No",""
"51-61-36-83","Miscellaneous- tea, coffee, beverages, condiments, spices",7,"No","No","No","No","Yes","No","No","No","No","No",""
"26-90-05-49","Cereals- rice, maize, chapatti, wheat, sorghum, bread, etc",7,"Yes","No","No","No","Yes","No","No","No","No","No",""
"26-90-05-49","Roots and tubers- potato, sweet potato, cassava, arrow roots, cooking banana",2,"Yes","No","No","No","No","No","No","No","No","No",""
"26-90-05-49","Vegetables- spinach, pumpkin, cabbage, tomato, onion",3,"Yes","No","No","No","No","No","No","No","No","No",""
"26-90-05-49","Fruits- orange, mango, guava, rice paw paw/papaya, pineapple, etc",2,"Yes","No","No","No","No","No","No","No","No","No",""
"26-90-05-49","Meat, poultry, organ meat- goat, sheep, cow, chicken, liver, kidney, intestines",1,"No","No","No","No","Yes","No","No","No","No","No",""
"26-90-05-49","Eggs",2,"No","No","No","No","Yes","No","No","No","No","No",""
"26-90-05-49","Oil/fats- oil, fat, butter, ghee, etc",7,"No","No","No","No","Yes","No","No","No","No","No",""
"26-90-05-49","Sugar and sweets- sugar, honey, sweets, desserts",7,"No","No","No","No","Yes","No","No","No","No","No",""
"26-90-05-49","Miscellaneous- tea, coffee, beverages, condiments, spices",7,"Yes","No","No","No","No","No","No","No","No","No",""
"66-97-67-27","Cereals- rice, maize, chapatti, wheat, sorghum, bread, etc",7,"Yes","No","No","No","No","No","No","No","No","No",""
"66-97-67-27","Roots and tubers- potato, sweet potato, cassava, arrow roots, cooking banana",2,"No","No","No","No","Yes","No","No","No","No","No",""
"66-97-67-27","Vegetables- spinach, pumpkin, cabbage, tomato, onion",7,"No","No","No","No","Yes","No","No","No","No","No",""
"66-97-67-27","Fruits- orange, mango, guava, rice paw paw/papaya, pineapple, etc",2,"No","No","No","No","Yes","No","No","No","No","No",""
"66-97-67-27","Pulses, legumes, nuts, seeds",2,"No","No","No","No","Yes","No","No","No","No","No",""
"66-97-67-27","Sugar and sweets- sugar, honey, sweets, desserts",3,"No","No","No","No","Yes","No","No","No","No","No",""
"66-97-67-27","Miscellaneous- tea, coffee, beverages, condiments, spices",3,"No","No","No","No","Yes","No","No","No","No","No",""
"78-48-49-89","Cereals- rice, maize, chapatti, wheat, sorghum, bread, etc",7,"Yes","No","No","No","No","No","No","No","No","No",""
"78-48-49-89","Roots and tubers- potato, sweet potato, cassava, arrow roots, cooking banana",4,"No","No","No","No","Yes","No","No","No","No","No",""
"78-48-49-89","Vegetables- spinach, pumpkin, cabbage, tomato, onion",5,"No","No","No","No","Yes","No","No","No","No","No",""
"78-48-49-89","Fruits- orange, mango, guava, rice paw paw/papaya, pineapple, etc",2,"No","No","No","No","Yes","No","No","No","No","No",""
"78-48-49-89","Meat, poultry, organ meat- goat, sheep, cow, chicken, liver, kidney, intestines",2,"No","No","No","No","Yes","No","No","No","No","No",""
"78-48-49-89","Eggs",4,"No","No","No","No","Yes","No","No","No","No","No",""
"78-48-49-89","Fish and seafood (dried or fresh)- sardines, dagaa/omena",3,"No","No","No","No","Yes","No","No","No","No","No",""
"78-48-49-89","Pulses, legumes, nuts, seeds",3,"No","No","No","No","Yes","No","No","No","No","No",""
"98-05-66-83","Cereals- rice, maize, chapatti, wheat, sorghum, bread, etc",7,"Yes","No","No","No","No","No","No","No","No","No",""
"98-05-66-83","Vegetables- spinach, pumpkin, cabbage, tomato, onion",7,"Yes","No","No","No","No","No","No","No","No","No",""
"98-05-66-83","Fish and seafood (dried or fresh)- sardines, dagaa/omena",1,"No","No","No","No","Yes","No","No","No","No","No",""
"78-17-71-31","Cereals- rice, maize, chapatti, wheat, sorghum, bread, etc",6,"Yes","No","No","No","No","No","No","No","No","No",""
"78-17-71-31","Roots and tubers- potato, sweet potato, cassava, arrow roots, cooking banana",1,"Yes","No","No","No","No","No","No","No","No","No",""
"78-17-71-31","Vegetables- spinach, pumpkin, cabbage, tomato, onion",6,"Yes","No","No","No","No","No","No","No","No","No",""
"78-17-71-31","Fruits- orange, mango, guava, rice paw paw/papaya, pineapple, etc",1,"Yes","No","No","No","No","No","No","No","No","No",""
"78-17-71-31","Meat, poultry, organ meat- goat, sheep, cow, chicken, liver, kidney, intestines",2,"No","No","No","No","Yes","No","No","No","No","No",""
"78-17-71-31","Eggs",1,"No","No","No","No","No","No","No","Yes","No","No",""
"78-17-71-31","Fish and seafood (dried or fresh)- sardines, dagaa/omena",1,"No","No","No","No","Yes","No","No","No","No","No",""
"78-17-71-31","Milk and milk products- fresh, powdered, yogurt, cheese, etc",1,"No","No","No","No","No","No","No","Yes","No","No",""
"78-17-71-31","Oil/fats- oil, fat, butter, ghee, etc",7,"No","No","No","No","Yes","No","No","No","No","No",""
"78-17-71-31","Miscellaneous- tea, coffee, beverages, condiments, spices",7,"No","No","No","No","Yes","No","No","No","No","No",""
"35-97-55-04","Cereals- rice, maize, chapatti, wheat, sorghum, bread, etc",7,"Yes","No","No","No","No","No","No","No","No","No",""
"35-97-55-04","Roots and tubers- potato, sweet potato, cassava, arrow roots, cooking banana",2,"Yes","No","No","No","No","No","No","No","No","No",""
"35-97-55-04","Vegetables- spinach, pumpkin, cabbage, tomato, onion",3,"Yes","No","No","No","No","No","No","No","No","No",""
"35-97-55-04","Fruits- orange, mango, guava, rice paw paw/papaya, pineapple, etc",4,"Yes","No","No","No","No","No","No","No","No","No",""
"35-97-55-04","Meat, poultry, organ meat- goat, sheep, cow, chicken, liver, kidney, intestines",1,"No","No","No","No","Yes","No","No","No","No","No",""
"35-97-55-04","Pulses, legumes, nuts, seeds",3,"Yes","No","No","No","No","No","No","No","No","No",""
"35-97-55-04","Oil/fats- oil, fat, butter, ghee, etc",7,"No","No","No","No","Yes","No","No","No","No","No",""
"35-97-55-04","Sugar and sweets- sugar, honey, sweets, desserts",7,"No","No","No","No","Yes","No","No","No","No","No",""
"01-00-08-00","Cereals- rice, maize, chapatti, wheat, sorghum, bread, etc",7,"Yes","No","No","No","No","No","No","No","No","No",""
"01-00-08-00","Roots and tubers- potato, sweet potato, cassava, arrow roots, cooking banana",1,"No","No","No","No","Yes","No","No","No","No","No",""
"01-00-08-00","Vegetables- spinach, pumpkin, cabbage, tomato, onion",7,"Yes","No","No","No","No","No","No","No","No","No",""
"01-00-08-00","Fruits- orange, mango, guava, rice paw paw/papaya, pineapple, etc",2,"No","No","No","No","Yes","No","No","No","No","No",""
"01-00-08-00","Eggs",2,"Yes","No","No","No","No","No","No","No","No","No",""
"01-00-08-00","Oil/fats- oil, fat, butter, ghee, etc",7,"No","No","No","No","Yes","No","No","No","No","No",""
"01-00-08-00","Sugar and sweets- sugar, honey, sweets, desserts",7,"No","No","No","No","Yes","No","No","No","No","No",""
"01-00-08-00","Miscellaneous- tea, coffee, beverages, condiments, spices",7,"No","No","No","No","Yes","No","No","No","No","No",""
"23-16-40-98","Cereals- rice, maize, chapatti, wheat, sorghum, bread, etc",7,"Yes","No","No","No","No","No","No","No","No","No",""
"23-16-40-98","Vegetables- spinach, pumpkin, cabbage, tomato, onion",4,"Yes","No","No","No","No","No","No","No","No","No",""
"23-16-40-98","Meat, poultry, organ meat- goat, sheep, cow, chicken, liver, kidney, intestines",2,"No","No","No","No","Yes","No","No","No","No","No",""
"23-16-40-98","Fish and seafood (dried or fresh)- sardines, dagaa/omena",3,"No","No","No","No","Yes","No","No","No","No","No",""
"23-16-40-98","Pulses, legumes, nuts, seeds",2,"No","No","No","No","Yes","No","No","No","No","No",""
"23-16-40-98","Oil/fats- oil, fat, butter, ghee, etc",7,"No","No","No","No","Yes","No","No","No","No","No",""
"23-16-40-98","Sugar and sweets- sugar, honey, sweets, desserts",7,"No","No","No","No","Yes","No","No","No","No","No",""
"23-16-40-98","Miscellaneous- tea, coffee, beverages, condiments, spices",7,"No","No","No","No","Yes","No","No","No","No","No",""
"33-60-15-24","Cereals- rice, maize, chapatti, wheat, sorghum, bread, etc",7,"Yes","No","No","No","No","No","No","No","No","No",""
"33-60-15-24","Vegetables- spinach, pumpkin, cabbage, tomato, onion",7,"No","No","No","No","Yes","No","No","No","No","No",""
"33-60-15-24","Oil/fats- oil, fat, butter, ghee, etc",5,"No","No","No","No","Yes","No","No","No","No","No",""
"33-60-15-24","Sugar and sweets- sugar, honey, sweets, desserts",3,"No","No","No","No","Yes","No","No","No","No","No",""
"33-60-15-24","Miscellaneous- tea, coffee, beverages, condiments, spices",1,"No","No","No","No","Yes","No","No","No","No","No",""
"83-29-00-04","Cereals- rice, maize, chapatti, wheat, sorghum, bread, etc",7,"Yes","No","No","No","No","No","No","No","No","No",""
"83-29-00-04","Roots and tubers- potato, sweet potato, cassava, arrow roots, cooking banana",2,"Yes","No","No","No","No","No","No","No","No","No",""
"83-29-00-04","Vegetables- spinach, pumpkin, cabbage, tomato, onion",7,"Yes","No","No","No","No","No","No","No","No","No",""
"83-29-00-04","Fruits- orange, mango, guava, rice paw paw/papaya, pineapple, etc",3,"No","No","No","No","Yes","No","No","No","No","No",""
"83-29-00-04","Fish and seafood (dried or fresh)- sardines, dagaa/omena",2,"No","No","No","No","Yes","No","No","No","No","No",""
"83-29-00-04","Milk and milk products- fresh, powdered, yogurt, cheese, etc",2,"No","No","No","No","Yes","No","No","No","No","No",""
"83-29-00-04","Oil/fats- oil, fat, butter, ghee, etc",7,"Yes","No","No","No","No","No","No","No","No","No",""
"83-29-00-04","Miscellaneous- tea, coffee, beverages, condiments, spices",1,"No","No","No","No","Yes","No","No","No","No","No",""
"39-46-43-34","Cereals- rice, maize, chapatti, wheat, sorghum, bread, etc",7,"Yes","No","No","No","No","No","No","No","No","No",""
"39-46-43-34","Roots and tubers- potato, sweet potato, cassava, arrow roots, cooking banana",2,"No","No","No","No","Yes","No","No","No","No","No",""
"39-46-43-34","Vegetables- spinach, pumpkin, cabbage, tomato, onion",6,"Yes","No","No","No","No","No","No","No","No","No",""
"39-46-43-34","Fruits- orange, mango, guava, rice paw paw/papaya, pineapple, etc",1,"No","No","No","No","Yes","No","No","No","No","No",""
"39-46-43-34","Eggs",1,"Yes","No","No","No","No","No","No","No","No","No",""
"39-46-43-34","Fish and seafood (dried or fresh)- sardines, dagaa/omena",2,"No","No","No","No","Yes","No","No","No","No","No",""
"39-46-43-34","Oil/fats- oil, fat, butter, ghee, etc",7,"No","No","No","No","Yes","No","No","No","No","No",""
"39-46-43-34","Miscellaneous- tea, coffee, beverages, condiments, spices",7,"No","No","No","No","Yes","No","No","No","No","No",""
"83-88-85-49","Cereals- rice, maize, chapatti, wheat, sorghum, bread, etc",6,"Yes","No","No","No","No","No","No","No","No","No",""
"83-88-85-49","Roots and tubers- potato, sweet potato, cassava, arrow roots, cooking banana",2,"No","No","No","No","Yes","No","No","No","No","No",""
"83-88-85-49","Vegetables- spinach, pumpkin, cabbage, tomato, onion",7,"Yes","No","No","No","No","No","No","No","No","No",""
"83-88-85-49","Meat, poultry, organ meat- goat, sheep, cow, chicken, liver, kidney, intestines",4,"No","No","No","No","Yes","No","No","No","No","No",""
"83-88-85-49","Fish and seafood (dried or fresh)- sardines, dagaa/omena",3,"No","No","No","No","Yes","No","No","No","No","No",""
"83-88-85-49","Pulses, legumes, nuts, seeds",4,"Yes","No","No","No","No","No","No","No","No","No",""
"83-88-85-49","Milk and milk products- fresh, powdered, yogurt, cheese, etc",2,"No","No","No","No","Yes","No","No","No","No","No",""
"83-88-85-49","Oil/fats- oil, fat, butter, ghee, etc",7,"No","No","No","No","Yes","No","No","No","No","No",""
"83-88-85-49","Sugar and sweets- sugar, honey, sweets, desserts",3,"No","No","No","No","Yes","No","No","No","No","No",""
"83-88-85-49","Miscellaneous- tea, coffee, beverages, condiments, spices",2,"No","No","No","No","Yes","No","No","No","No","No",""
"86-33-34-77","Cereals- rice, maize, chapatti, wheat, sorghum, bread, etc",7,"Yes","No","No","No","No","No","No","No","No","No",""
"86-33-34-77","Roots and tubers- potato, sweet potato, cassava, arrow roots, cooking banana",3,"Yes","No","No","No","No","No","No","No","No","No",""
"86-33-34-77","Vegetables- spinach, pumpkin, cabbage, tomato, onion",4,"Yes","No","No","No","No","No","No","No","No","No",""
"86-33-34-77","Fruits- orange, mango, guava, rice paw paw/papaya, pineapple, etc",4,"Yes","No","No","Yes","No","No","No","No","No","No",""
"86-33-34-77","Fish and seafood (dried or fresh)- sardines, dagaa/omena",2,"No","No","No","No","Yes","No","No","No","No","No",""
"86-33-34-77","Pulses, legumes, nuts, seeds",2,"Yes","No","No","No","No","No","No","No","No","No",""
"86-33-34-77","Oil/fats- oil, fat, butter, ghee, etc",7,"No","No","No","No","Yes","No","No","No","No","No",""
"86-33-34-77","Sugar and sweets- sugar, honey, sweets, desserts",3,"No","No","No","No","Yes","No","No","No","No","No",""
"86-33-34-77","Miscellaneous- tea, coffee, beverages, condiments, spices",3,"No","No","No","No","Yes","No","No","No","No","No",""
"85-40-54-06","Cereals- rice, maize, chapatti, wheat, sorghum, bread, etc",7,"No","No","No","No","Yes","No","No","No","No","No",""
"85-40-54-06","Vegetables- spinach, pumpkin, cabbage, tomato, onion",7,"No","No","No","No","Yes","No","No","No","No","No",""
"85-40-54-06","Fruits- orange, mango, guava, rice paw paw/papaya, pineapple, etc",5,"Yes","No","No","No","No","No","No","No","No","No",""
"85-40-54-06","Pulses, legumes, nuts, seeds",1,"No","No","No","No","No","No","No","Yes","No","No",""
"85-40-54-06","Oil/fats- oil, fat, butter, ghee, etc",7,"No","No","No","No","Yes","No","No","No","No","No",""
"85-40-54-06","Sugar and sweets- sugar, honey, sweets, desserts",5,"No","No","No","No","Yes","No","No","No","No","No",""
"99-20-43-65","Cereals- rice, maize, chapatti, wheat, sorghum, bread, etc",7,"Yes","No","No","No","No","No","No","No","No","No",""
"99-20-43-65","Vegetables- spinach, pumpkin, cabbage, tomato, onion",7,"No","No","No","No","Yes","No","No","No","No","No",""
"99-20-43-65","Fish and seafood (dried or fresh)- sardines, dagaa/omena",1,"No","No","No","No","Yes","No","No","No","No","No",""
"99-20-43-65","Milk and milk products- fresh, powdered, yogurt, cheese, etc",2,"No","No","No","No","Yes","No","No","No","No","No",""
"99-20-43-65","Oil/fats- oil, fat, butter, ghee, etc",7,"No","No","No","No","Yes","No","No","No","No","No",""
"84-47-44-08","Cereals- rice, maize, chapatti, wheat, sorghum, bread, etc",7,"Yes","No","No","No","Yes","No","No","No","No","No",""
"84-47-44-08","Roots and tubers- potato, sweet potato, cassava, arrow roots, cooking banana",3,"Yes","No","No","No","No","No","No","No","No","No",""
"84-47-44-08","Vegetables- spinach, pumpkin, cabbage, tomato, onion",7,"Yes","No","No","No","No","No","No","No","No","No",""
"84-47-44-08","Fruits- orange, mango, guava, rice paw paw/papaya, pineapple, etc",3,"Yes","No","No","No","No","No","No","No","No","No",""
"84-47-44-08","Meat, poultry, organ meat- goat, sheep, cow, chicken, liver, kidney, intestines",3,"No","No","No","No","Yes","No","No","No","No","No",""
"84-47-44-08","Eggs",2,"Yes","No","No","No","No","No","No","No","No","No",""
"84-47-44-08","Fish and seafood (dried or fresh)- sardines, dagaa/omena",2,"No","No","No","No","Yes","No","No","No","No","No",""
"84-47-44-08","Pulses, legumes, nuts, seeds",2,"Yes","No","No","No","No","No","No","No","No","No",""
"84-47-44-08","Oil/fats- oil, fat, butter, ghee, etc",7,"No","No","No","No","Yes","No","No","No","No","No",""
"84-47-44-08","Sugar and sweets- sugar, honey, sweets, desserts",7,"Yes","No","No","No","Yes","No","No","No","No","No",""
"84-47-44-08","Miscellaneous- tea, coffee, beverages, condiments, spices",7,"No","No","No","No","Yes","No","No","No","No","No",""
"95-71-45-18","Cereals- rice, maize, chapatti, wheat, sorghum, bread, etc",7,"Yes","No","No","No","No","No","No","No","No","No",""
"95-71-45-18","Roots and tubers- potato, sweet potato, cassava, arrow roots, cooking banana",2,"Yes","No","No","No","No","No","No","No","No","No",""
"95-71-45-18","Vegetables- spinach, pumpkin, cabbage, tomato, onion",2,"Yes","No","No","No","No","No","No","No","No","No",""
"95-71-45-18","Fruits- orange, mango, guava, rice paw paw/papaya, pineapple, etc",1,"No","No","No","No","Yes","No","No","No","No","No",""
"95-71-45-18","Meat, poultry, organ meat- goat, sheep, cow, chicken, liver, kidney, intestines",2,"Yes","No","No","No","Yes","No","No","No","No","No",""
"95-71-45-18","Fish and seafood (dried or fresh)- sardines, dagaa/omena",1,"No","No","No","No","Yes","No","No","No","No","No",""
"95-71-45-18","Pulses, legumes, nuts, seeds",1,"Yes","No","No","No","No","No","No","No","No","No",""
"95-71-45-18","Milk and milk products- fresh, powdered, yogurt, cheese, etc",2,"No","No","No","No","Yes","No","No","No","No","No",""
"95-71-45-18","Oil/fats- oil, fat, butter, ghee, etc",7,"No","No","No","No","Yes","No","No","No","No","No",""
"95-71-45-18","Sugar and sweets- sugar, honey, sweets, desserts",7,"No","No","No","No","Yes","No","No","No","No","No",""
"43-23-29-59","Cereals- rice, maize, chapatti, wheat, sorghum, bread, etc",5,"Yes","No","No","No","No","No","No","No","No","No",""
"43-23-29-59","Roots and tubers- potato, sweet potato, cassava, arrow roots, cooking banana",2,"Yes","No","No","No","No","No","No","No","No","No",""
"43-23-29-59","Vegetables- spinach, pumpkin, cabbage, tomato, onion",7,"Yes","No","No","No","No","No","No","No","No","No",""
"43-23-29-59","Fruits- orange, mango, guava, rice paw paw/papaya, pineapple, etc",1,"No","No","No","No","No","No","No","Yes","No","No",""
"43-23-29-59","Pulses, legumes, nuts, seeds",2,"Yes","No","No","No","No","No","No","No","No","No",""
"65-07-52-31","Cereals- rice, maize, chapatti, wheat, sorghum, bread, etc",7,"Yes","No","No","No","Yes","No","No","No","No","No",""
"65-07-52-31","Roots and tubers- potato, sweet potato, cassava, arrow roots, cooking banana",2,"Yes","No","No","No","No","No","No","No","No","No",""
"65-07-52-31","Vegetables- spinach, pumpkin, cabbage, tomato, onion",7,"Yes","No","No","No","No","No","No","No","No","No",""
"65-07-52-31","Fruits- orange, mango, guava, rice paw paw/papaya, pineapple, etc",7,"Yes","No","No","No","No","No","No","No","No","No",""
"65-07-52-31","Meat, poultry, organ meat- goat, sheep, cow, chicken, liver, kidney, intestines",2,"No","No","No","No","Yes","No","No","No","No","No",""
"65-07-52-31","Pulses, legumes, nuts, seeds",2,"Yes","No","No","No","No","No","No","No","No","No",""
"65-07-52-31","Oil/fats- oil, fat, butter, ghee, etc",7,"No","No","No","No","Yes","No","No","No","No","No",""
"65-07-52-31","Sugar and sweets- sugar, honey, sweets, desserts",7,"No","No","No","No","Yes","No","No","No","No","No",""
"65-07-52-31","Miscellaneous- tea, coffee, beverages, condiments, spices",7,"No","No","No","No","Yes","No","No","No","No","No",""
"24-72-94-40","Cereals- rice, maize, chapatti, wheat, sorghum, bread, etc",7,"No","No","No","No","Yes","No","No","No","No","No",""
"24-72-94-40","Roots and tubers- potato, sweet potato, cassava, arrow roots, cooking banana",4,"No","No","No","No","Yes","No","No","No","No","No",""
"24-72-94-40","Vegetables- spinach, pumpkin, cabbage, tomato, onion",7,"No","No","Yes","No","No","No","No","No","No","No",""
"24-72-94-40","Fruits- orange, mango, guava, rice paw paw/papaya, pineapple, etc",5,"No","No","Yes","No","No","No","No","No","No","No",""
"24-72-94-40","Pulses, legumes, nuts, seeds",7,"No","No","No","No","Yes","No","No","No","No","No",""
"27-52-71-52","Cereals- rice, maize, chapatti, wheat, sorghum, bread, etc",7,"Yes","No","No","No","No","No","No","No","No","No",""
"27-52-71-52","Vegetables- spinach, pumpkin, cabbage, tomato, onion",7,"Yes","No","No","No","No","No","No","No","No","No",""
"27-52-71-52","Meat, poultry, organ meat- goat, sheep, cow, chicken, liver, kidney, intestines",1,"Yes","No","No","No","Yes","No","No","No","No","No",""
"27-52-71-52","Eggs",1,"Yes","No","No","No","No","No","No","No","No","No",""
"27-52-71-52","Milk and milk products- fresh, powdered, yogurt, cheese, etc",7,"Yes","No","No","No","No","No","No","No","No","No",""
"27-52-71-52","Oil/fats- oil, fat, butter, ghee, etc",7,"No","No","No","No","Yes","No","No","No","No","No",""
"27-52-71-52","Sugar and sweets- sugar, honey, sweets, desserts",7,"No","No","No","No","Yes","No","No","No","No","No",""
"27-52-71-52","Miscellaneous- tea, coffee, beverages, condiments, spices",7,"No","No","No","No","Yes","No","No","No","No","No",""
"21-67-72-81","Cereals- rice, maize, chapatti, wheat, sorghum, bread, etc",7,"Yes","No","No","No","No","No","No","No","No","No",""
"21-67-72-81","Vegetables- spinach, pumpkin, cabbage, tomato, onion",7,"Yes","No","No","No","No","No","No","No","No","No",""
"21-67-72-81","Fruits- orange, mango, guava, rice paw paw/papaya, pineapple, etc",7,"Yes","No","No","No","No","No","No","No","No","No",""
"21-67-72-81","Eggs",2,"Yes","No","No","No","No","No","No","No","No","No",""
"21-67-72-81","Pulses, legumes, nuts, seeds",2,"Yes","No","No","No","No","No","No","No","No","No",""
"21-67-72-81","Oil/fats- oil, fat, butter, ghee, etc",7,"No","No","No","No","Yes","No","No","No","No","No",""
"21-67-72-81","Sugar and sweets- sugar, honey, sweets, desserts",5,"No","No","No","No","Yes","No","No","No","No","No",""
"21-67-72-81","Miscellaneous- tea, coffee, beverages, condiments, spices",7,"No","No","No","No","Yes","No","No","No","No","No",""
"40-08-15-69","Cereals- rice, maize, chapatti, wheat, sorghum, bread, etc",7,"Yes","No","No","No","Yes","No","No","No","No","No",""
"40-08-15-69","Roots and tubers- potato, sweet potato, cassava, arrow roots, cooking banana",3,"No","No","No","No","Yes","No","No","No","No","No",""
"40-08-15-69","Vegetables- spinach, pumpkin, cabbage, tomato, onion",7,"No","No","No","No","Yes","No","No","No","No","No",""
"40-08-15-69","Fruits- orange, mango, guava, rice paw paw/papaya, pineapple, etc",7,"No","No","No","No","Yes","No","No","No","No","No",""
"40-08-15-69","Meat, poultry, organ meat- goat, sheep, cow, chicken, liver, kidney, intestines",2,"No","No","No","No","Yes","No","No","No","No","No",""
"40-08-15-69","Eggs",2,"No","No","No","No","Yes","No","No","No","No","No",""
"40-08-15-69","Pulses, legumes, nuts, seeds",7,"No","No","No","No","Yes","No","No","No","No","No",""
"40-08-15-69","Milk and milk products- fresh, powdered, yogurt, cheese, etc",3,"No","No","No","No","Yes","No","No","No","No","No",""
"40-08-15-69","Oil/fats- oil, fat, butter, ghee, etc",7,"No","No","No","No","Yes","No","No","No","No","No",""
"40-08-15-69","Sugar and sweets- sugar, honey, sweets, desserts",7,"No","No","No","No","Yes","No","No","No","No","No",""
"40-08-15-69","Miscellaneous- tea, coffee, beverages, condiments, spices",7,"No","No","No","No","Yes","No","No","No","No","No",""
"40-09-03-46","Cereals- rice, maize, chapatti, wheat, sorghum, bread, etc",7,"Yes","No","No","No","No","No","No","No","No","No",""
"40-09-03-46","Vegetables- spinach, pumpkin, cabbage, tomato, onion",7,"Yes","No","No","No","No","No","No","No","No","No",""
"40-09-03-46","Fruits- orange, mango, guava, rice paw paw/papaya, pineapple, etc",7,"Yes","No","No","No","No","No","No","No","No","No",""
"40-09-03-46","Fish and seafood (dried or fresh)- sardines, dagaa/omena",3,"No","No","No","No","Yes","No","No","No","No","No",""
"88-78-79-65","Cereals- rice, maize, chapatti, wheat, sorghum, bread, etc",7,"No","No","No","No","Yes","No","No","No","No","No",""
"88-78-79-65","Vegetables- spinach, pumpkin, cabbage, tomato, onion",7,"No","No","No","No","Yes","No","No","No","No","No",""
"88-78-79-65","Fruits- orange, mango, guava, rice paw paw/papaya, pineapple, etc",1,"No","No","No","No","Yes","No","No","No","No","No",""
"88-78-79-65","Fish and seafood (dried or fresh)- sardines, dagaa/omena",7,"No","No","No","No","Yes","No","No","No","No","No",""
"88-78-79-65","Oil/fats- oil, fat, butter, ghee, etc",7,"No","No","No","No","Yes","No","No","No","No","No",""
"88-78-79-65","Sugar and sweets- sugar, honey, sweets, desserts",7,"No","No","No","No","Yes","No","No","No","No","No",""
"88-78-79-65","Miscellaneous- tea, coffee, beverages, condiments, spices",7,"No","No","No","No","Yes","No","No","No","No","No",""
"72-36-26-24","Cereals- rice, maize, chapatti, wheat, sorghum, bread, etc",7,"No","No","No","No","Yes","No","No","No","No","No",""
"72-36-26-24","Vegetables- spinach, pumpkin, cabbage, tomato, onion",2,"No","No","No","No","Yes","No","No","No","No","No",""
"72-36-26-24","Pulses, legumes, nuts, seeds",5,"No","No","No","No","Yes","No","No","No","No","No",""
"07-13-49-69","Cereals- rice, maize, chapatti, wheat, sorghum, bread, etc",7,"Yes","No","No","No","Yes","No","No","No","No","No",""
"07-13-49-69","Roots and tubers- potato, sweet potato, cassava, arrow roots, cooking banana",3,"Yes","No","No","No","No","No","No","No","No","No",""
"07-13-49-69","Vegetables- spinach, pumpkin, cabbage, tomato, onion",7,"Yes","No","No","No","Yes","No","No","No","No","No",""
"07-13-49-69","Fruits- orange, mango, guava, rice paw paw/papaya, pineapple, etc",2,"No","No","No","No","Yes","No","No","No","No","No",""
"07-13-49-69","Meat, poultry, organ meat- goat, sheep, cow, chicken, liver, kidney, intestines",1,"No","No","No","No","Yes","No","No","No","No","No",""
"07-13-49-69","Fish and seafood (dried or fresh)- sardines, dagaa/omena",2,"No","No","No","No","Yes","No","No","No","No","No",""
"07-13-49-69","Oil/fats- oil, fat, butter, ghee, etc",7,"No","No","No","No","Yes","No","No","No","No","No",""
"07-13-49-69","Sugar and sweets- sugar, honey, sweets, desserts",7,"No","No","No","No","Yes","No","No","No","No","No",""
"07-13-49-69","Miscellaneous- tea, coffee, beverages, condiments, spices",7,"No","No","No","No","Yes","No","No","No","No","No",""
"02-58-47-09","Cereals- rice, maize, chapatti, wheat, sorghum, bread, etc",7,"Yes","No","No","No","Yes","No","No","No","No","No",""
"02-58-47-09","Vegetables- spinach, pumpkin, cabbage, tomato, onion",7,"No","No","No","No","Yes","No","No","No","No","No",""
"02-58-47-09","Fruits- orange, mango, guava, rice paw paw/papaya, pineapple, etc",2,"No","No","No","No","Yes","No","No","No","No","No",""
"02-58-47-09","Meat, poultry, organ meat- goat, sheep, cow, chicken, liver, kidney, intestines",1,"No","No","No","No","Yes","No","No","No","No","No",""
"02-58-47-09","Eggs",1,"Yes","No","No","No","No","No","No","No","No","No",""
"02-58-47-09","Milk and milk products- fresh, powdered, yogurt, cheese, etc",2,"No","No","No","No","Yes","No","No","No","No","No",""
"02-58-47-09","Oil/fats- oil, fat, butter, ghee, etc",7,"No","No","No","No","Yes","No","No","No","No","No",""
"02-58-47-09","Miscellaneous- tea, coffee, beverages, condiments, spices",7,"No","No","No","No","Yes","No","No","No","No","No",""
"22-68-37-41","Cereals- rice, maize, chapatti, wheat, sorghum, bread, etc",7,"Yes","No","No","No","No","No","No","No","No","No",""
"22-68-37-41","Roots and tubers- potato, sweet potato, cassava, arrow roots, cooking banana",4,"Yes","No","No","No","No","No","No","No","No","No",""
"22-68-37-41","Vegetables- spinach, pumpkin, cabbage, tomato, onion",7,"Yes","No","No","No","No","No","No","No","No","No",""
"22-68-37-41","Fruits- orange, mango, guava, rice paw paw/papaya, pineapple, etc",4,"No","No","No","No","Yes","No","No","No","No","No",""
"22-68-37-41","Meat, poultry, organ meat- goat, sheep, cow, chicken, liver, kidney, intestines",2,"No","No","No","No","Yes","No","No","No","No","No",""
"22-68-37-41","Fish and seafood (dried or fresh)- sardines, dagaa/omena",1,"No","No","No","No","Yes","No","No","No","No","No",""
"22-68-37-41","Pulses, legumes, nuts, seeds",3,"Yes","No","No","No","No","No","No","No","No","No",""
"22-68-37-41","Milk and milk products- fresh, powdered, yogurt, cheese, etc",2,"No","No","No","No","Yes","No","No","No","No","No",""
"22-68-37-41","Oil/fats- oil, fat, butter, ghee, etc",7,"No","No","No","No","Yes","No","No","No","No","No",""
"22-68-37-41","Sugar and sweets- sugar, honey, sweets, desserts",7,"No","No","No","No","Yes","No","No","No","No","No",""
"22-68-37-41","Miscellaneous- tea, coffee, beverages, condiments, spices",7,"No","No","No","No","Yes","No","No","No","No","No",""
"75-57-77-41","Cereals- rice, maize, chapatti, wheat, sorghum, bread, etc",7,"No","No","No","No","Yes","No","No","No","No","No",""
"75-57-77-41","Roots and tubers- potato, sweet potato, cassava, arrow roots, cooking banana",2,"Yes","No","No","No","No","No","No","No","No","No",""
"75-57-77-41","Vegetables- spinach, pumpkin, cabbage, tomato, onion",7,"Yes","No","No","No","No","No","No","No","No","No",""
"75-57-77-41","Fruits- orange, mango, guava, rice paw paw/papaya, pineapple, etc",2,"No","No","No","No","Yes","No","No","No","No","No",""
"75-57-77-41","Pulses, legumes, nuts, seeds",2,"No","No","No","No","Yes","No","No","No","No","No",""
"75-57-77-41","Oil/fats- oil, fat, butter, ghee, etc",7,"No","No","No","No","Yes","No","No","No","No","No",""
"04-02-68-66","Cereals- rice, maize, chapatti, wheat, sorghum, bread, etc",7,"Yes","No","No","No","Yes","No","No","No","No","No",""
"04-02-68-66","Vegetables- spinach, pumpkin, cabbage, tomato, onion",7,"Yes","No","No","No","Yes","No","No","No","No","No",""
"04-02-68-66","Oil/fats- oil, fat, butter, ghee, etc",7,"No","No","No","No","Yes","No","No","No","No","No",""
"02-25-96-16","Cereals- rice, maize, chapatti, wheat, sorghum, bread, etc",7,"Yes","No","No","No","No","No","No","No","No","No",""
"02-25-96-16","Roots and tubers- potato, sweet potato, cassava, arrow roots, cooking banana",1,"No","No","No","No","Yes","No","No","No","No","No",""
"02-25-96-16","Vegetables- spinach, pumpkin, cabbage, tomato, onion",7,"No","No","No","No","Yes","No","No","No","No","No",""
"02-25-96-16","Fruits- orange, mango, guava, rice paw paw/papaya, pineapple, etc",2,"No","No","No","No","No","No","No","Yes","No","No",""
"02-25-96-16","Oil/fats- oil, fat, butter, ghee, etc",7,"No","No","No","No","Yes","No","No","No","No","No",""
"02-25-96-16","Miscellaneous- tea, coffee, beverages, condiments, spices",2,"No","No","No","No","Yes","No","No","No","No","No",""
"48-71-75-24","Cereals- rice, maize, chapatti, wheat, sorghum, bread, etc",7,"Yes","No","No","No","Yes","No","No","No","No","No",""
"48-71-75-24","Vegetables- spinach, pumpkin, cabbage, tomato, onion",7,"Yes","No","No","No","No","No","No","No","No","No",""
"48-71-75-24","Fruits- orange, mango, guava, rice paw paw/papaya, pineapple, etc",1,"Yes","No","No","No","No","No","No","No","No","No",""
"48-71-75-24","Oil/fats- oil, fat, butter, ghee, etc",7,"No","No","No","No","Yes","No","No","No","No","No",""
"48-71-75-24","Miscellaneous- tea, coffee, beverages, condiments, spices",1,"Yes","No","No","No","No","No","No","No","No","No",""
"81-80-02-23","Cereals- rice, maize, chapatti, wheat, sorghum, bread, etc",7,"Yes","No","No","No","Yes","No","No","No","No","No",""
"81-80-02-23","Vegetables- spinach, pumpkin, cabbage, tomato, onion",7,"Yes","No","No","No","No","No","No","No","No","No",""
"81-80-02-23","Meat, poultry, organ meat- goat, sheep, cow, chicken, liver, kidney, intestines",1,"No","No","No","No","Yes","No","No","No","No","No",""
"81-80-02-23","Oil/fats- oil, fat, butter, ghee, etc",7,"No","No","No","No","Yes","No","No","No","No","No",""
"42-14-73-23","Cereals- rice, maize, chapatti, wheat, sorghum, bread, etc",7,"Yes","No","No","No","Yes","No","No","No","No","No",""
"42-14-73-23","Vegetables- spinach, pumpkin, cabbage, tomato, onion",7,"Yes","No","No","No","Yes","No","No","No","No","No",""
"42-14-73-23","Oil/fats- oil, fat, butter, ghee, etc",7,"No","No","No","No","Yes","No","No","No","No","No",""
"76-93-41-01","Cereals- rice, maize, chapatti, wheat, sorghum, bread, etc",7,"Yes","No","No","Yes","Yes","No","No","No","No","No",""
"76-93-41-01","Vegetables- spinach, pumpkin, cabbage, tomato, onion",7,"No","No","No","No","Yes","No","No","No","No","No",""
"76-93-41-01","Fruits- orange, mango, guava, rice paw paw/papaya, pineapple, etc",2,"No","No","No","No","Yes","No","No","No","No","No",""
"76-93-41-01","Oil/fats- oil, fat, butter, ghee, etc",7,"No","No","No","No","Yes","No","No","No","No","No",""
"95-12-78-81","Cereals- rice, maize, chapatti, wheat, sorghum, bread, etc",7,"Yes","No","No","No","Yes","No","No","No","No","No",""
"95-12-78-81","Vegetables- spinach, pumpkin, cabbage, tomato, onion",7,"Yes","No","No","No","No","No","No","No","No","No",""
"95-12-78-81","Fruits- orange, mango, guava, rice paw paw/papaya, pineapple, etc",3,"No","No","No","No","Yes","No","No","No","No","No",""
"95-12-78-81","Meat, poultry, organ meat- goat, sheep, cow, chicken, liver, kidney, intestines",4,"No","No","No","No","Yes","No","No","No","No","No",""
"95-12-78-81","Eggs",2,"Yes","No","No","No","No","No","No","No","No","No",""
"95-12-78-81","Fish and seafood (dried or fresh)- sardines, dagaa/omena",3,"No","No","No","No","Yes","No","No","No","No","No",""
"95-12-78-81","Milk and milk products- fresh, powdered, yogurt, cheese, etc",1,"No","No","No","No","Yes","No","No","No","No","No",""
"95-12-78-81","Oil/fats- oil, fat, butter, ghee, etc",7,"No","No","No","No","Yes","No","No","No","No","No",""
"95-12-78-81","Sugar and sweets- sugar, honey, sweets, desserts",7,"No","No","No","No","Yes","No","No","No","No","No",""
"95-12-78-81","Miscellaneous- tea, coffee, beverages, condiments, spices",7,"Yes","No","No","No","No","No","No","No","No","No",""
"20-49-21-26","Cereals- rice, maize, chapatti, wheat, sorghum, bread, etc",7,"Yes","No","No","No","No","No","No","No","No","No",""
"20-49-21-26","Roots and tubers- potato, sweet potato, cassava, arrow roots, cooking banana",2,"No","No","No","No","Yes","No","No","No","No","No",""
"20-49-21-26","Vegetables- spinach, pumpkin, cabbage, tomato, onion",7,"No","No","Yes","No","No","No","No","No","No","No",""
"20-49-21-26","Fruits- orange, mango, guava, rice paw paw/papaya, pineapple, etc",3,"No","No","No","No","Yes","No","No","No","No","No",""
"20-49-21-26","Meat, poultry, organ meat- goat, sheep, cow, chicken, liver, kidney, intestines",2,"No","No","No","No","Yes","No","No","No","No","No",""
"20-49-21-26","Eggs",3,"No","No","No","No","Yes","No","No","No","No","No",""
"20-49-21-26","Fish and seafood (dried or fresh)- sardines, dagaa/omena",5,"No","No","No","No","Yes","No","No","No","No","No",""
"20-49-21-26","Oil/fats- oil, fat, butter, ghee, etc",7,"No","No","No","No","No","No","No","Yes","No","No",""
"20-49-21-26","Sugar and sweets- sugar, honey, sweets, desserts",7,"No","No","No","No","Yes","No","No","No","No","No",""
"93-19-03-86","Cereals- rice, maize, chapatti, wheat, sorghum, bread, etc",7,"Yes","No","No","No","No","No","No","No","No","No",""
"93-19-03-86","Roots and tubers- potato, sweet potato, cassava, arrow roots, cooking banana",2,"No","No","No","No","No","No","No","Yes","No","No",""
"93-19-03-86","Vegetables- spinach, pumpkin, cabbage, tomato, onion",7,"Yes","No","No","No","No","No","No","No","No","No",""
"93-19-03-86","Oil/fats- oil, fat, butter, ghee, etc",7,"No","No","No","No","Yes","No","No","No","No","No",""
"93-19-03-86","Miscellaneous- tea, coffee, beverages, condiments, spices",3,"No","No","No","No","Yes","No","No","No","No","No",""
"83-16-53-05","Cereals- rice, maize, chapatti, wheat, sorghum, bread, etc",7,"Yes","No","No","No","No","No","No","No","No","No",""
"83-16-53-05","Vegetables- spinach, pumpkin, cabbage, tomato, onion",7,"Yes","No","No","No","No","No","No","No","No","No",""
"83-16-53-05","Oil/fats- oil, fat, butter, ghee, etc",7,"Yes","No","No","No","No","No","No","No","No","No",""
"83-16-53-05","Miscellaneous- tea, coffee, beverages, condiments, spices",7,"Yes","No","No","No","No","No","No","No","No","No",""
"96-79-62-23","Cereals- rice, maize, chapatti, wheat, sorghum, bread, etc",7,"Yes","No","No","No","Yes","No","No","No","No","No",""
"96-79-62-23","Roots and tubers- potato, sweet potato, cassava, arrow roots, cooking banana",1,"No","No","No","No","Yes","No","No","No","No","No",""
"96-79-62-23","Vegetables- spinach, pumpkin, cabbage, tomato, onion",7,"No","No","No","No","Yes","No","No","No","No","No",""
"96-79-62-23","Fruits- orange, mango, guava, rice paw paw/papaya, pineapple, etc",2,"No","No","No","No","Yes","No","No","No","No","No",""
"96-79-62-23","Meat, poultry, organ meat- goat, sheep, cow, chicken, liver, kidney, intestines",1,"No","No","No","No","Yes","No","No","No","No","No",""
"96-79-62-23","Fish and seafood (dried or fresh)- sardines, dagaa/omena",3,"No","No","No","No","Yes","No","No","No","No","No",""
"96-79-62-23","Oil/fats- oil, fat, butter, ghee, etc",7,"No","No","No","No","Yes","No","No","No","No","No",""
"96-79-62-23","Sugar and sweets- sugar, honey, sweets, desserts",7,"No","No","No","No","Yes","No","No","No","No","No",""
"96-79-62-23","Miscellaneous- tea, coffee, beverages, condiments, spices",7,"No","No","No","No","Yes","No","No","No","No","No",""
"45-89-04-52","Cereals- rice, maize, chapatti, wheat, sorghum, bread, etc",7,"Yes","No","No","No","No","No","No","No","No","No",""
"45-89-04-52","Vegetables- spinach, pumpkin, cabbage, tomato, onion",7,"No","No","No","No","Yes","No","No","No","No","No",""
"45-89-04-52","Fish and seafood (dried or fresh)- sardines, dagaa/omena",1,"No","No","No","No","Yes","No","No","No","No","No",""
"45-89-04-52","Milk and milk products- fresh, powdered, yogurt, cheese, etc",3,"No","No","No","No","Yes","No","No","Yes","Yes","No",""
"45-89-04-52","Oil/fats- oil, fat, butter, ghee, etc",7,"No","No","No","No","Yes","No","No","No","No","No",""
"12-50-51-44","Cereals- rice, maize, chapatti, wheat, sorghum, bread, etc",7,"Yes","No","No","No","No","No","No","No","No","No",""
"12-50-51-44","Roots and tubers- potato, sweet potato, cassava, arrow roots, cooking banana",2,"No","No","No","No","Yes","No","No","No","No","No",""
"12-50-51-44","Vegetables- spinach, pumpkin, cabbage, tomato, onion",2,"No","No","No","No","Yes","No","No","No","No","No",""
"12-50-51-44","Meat, poultry, organ meat- goat, sheep, cow, chicken, liver, kidney, intestines",2,"No","No","No","No","Yes","No","No","No","No","No",""
"12-50-51-44","Fish and seafood (dried or fresh)- sardines, dagaa/omena",2,"No","No","No","No","Yes","No","No","No","No","No",""
"12-50-51-44","Pulses, legumes, nuts, seeds",2,"No","No","No","No","Yes","No","No","No","No","No",""
"64-36-21-26","Cereals- rice, maize, chapatti, wheat, sorghum, bread, etc",7,"Yes","No","No","No","No","No","No","No","No","No",""
"64-36-21-26","Vegetables- spinach, pumpkin, cabbage, tomato, onion",7,"No","No","No","No","Yes","No","No","No","No","No",""
"64-36-21-26","Eggs",1,"No","No","No","No","Yes","No","No","No","No","No",""
"64-36-21-26","Fish and seafood (dried or fresh)- sardines, dagaa/omena",1,"No","No","No","No","Yes","No","No","No","No","No",""
"64-36-21-26","Oil/fats- oil, fat, butter, ghee, etc",7,"No","No","No","No","Yes","No","No","No","No","No",""
"64-36-21-26","Miscellaneous- tea, coffee, beverages, condiments, spices",7,"No","No","No","No","Yes","No","No","No","No","No",""
"78-84-99-05","Cereals- rice, maize, chapatti, wheat, sorghum, bread, etc",7,"Yes","No","No","No","Yes","No","No","No","No","No",""
"78-84-99-05","Vegetables- spinach, pumpkin, cabbage, tomato, onion",7,"Yes","No","No","No","No","No","No","No","No","No",""
"78-84-99-05","Fruits- orange, mango, guava, rice paw paw/papaya, pineapple, etc",7,"No","No","Yes","No","No","No","No","No","No","No",""
"78-84-99-05","Milk and milk products- fresh, powdered, yogurt, cheese, etc",1,"No","No","No","No","No","Yes","No","No","No","No",""
"78-84-99-05","Oil/fats- oil, fat, butter, ghee, etc",7,"No","No","No","No","Yes","No","No","No","No","No",""
"78-84-99-05","Sugar and sweets- sugar, honey, sweets, desserts",7,"No","No","No","No","Yes","No","No","No","No","No",""
"37-66-37-12","Cereals- rice, maize, chapatti, wheat, sorghum, bread, etc",7,"Yes","No","No","No","No","No","No","No","No","No",""
"37-66-37-12","Vegetables- spinach, pumpkin, cabbage, tomato, onion",7,"Yes","No","No","No","No","No","No","No","No","No",""
"37-66-37-12","Oil/fats- oil, fat, butter, ghee, etc",7,"No","No","No","No","Yes","No","No","No","No","No",""
"37-66-37-12","Miscellaneous- tea, coffee, beverages, condiments, spices",2,"No","No","No","No","Yes","No","No","No","No","No",""
"52-54-55-08","Cereals- rice, maize, chapatti, wheat, sorghum, bread, etc",7,"Yes","No","No","No","Yes","No","No","No","No","No",""
"52-54-55-08","Roots and tubers- potato, sweet potato, cassava, arrow roots, cooking banana",2,"Yes","No","No","No","Yes","No","No","No","No","No",""
"52-54-55-08","Vegetables- spinach, pumpkin, cabbage, tomato, onion",7,"No","No","No","No","Yes","No","No","No","No","No",""
"52-54-55-08","Fruits- orange, mango, guava, rice paw paw/papaya, pineapple, etc",7,"No","No","No","No","Yes","No","No","No","No","No",""
"52-54-55-08","Meat, poultry, organ meat- goat, sheep, cow, chicken, liver, kidney, intestines",1,"No","No","No","No","Yes","No","No","No","No","No",""
"52-54-55-08","Fish and seafood (dried or fresh)- sardines, dagaa/omena",2,"No","No","No","No","Yes","No","No","No","No","No",""
"52-54-55-08","Oil/fats- oil, fat, butter, ghee, etc",7,"No","No","No","No","Yes","No","No","No","No","No",""
"52-54-55-08","Sugar and sweets- sugar, honey, sweets, desserts",7,"No","No","No","No","Yes","No","No","No","No","No",""
"52-54-55-08","Miscellaneous- tea, coffee, beverages, condiments, spices",7,"No","No","No","No","Yes","No","No","No","No","No",""
"32-13-89-08","Cereals- rice, maize, chapatti, wheat, sorghum, bread, etc",3,"Yes","No","No","No","No","No","No","No","No","No",""
"32-13-89-08","Roots and tubers- potato, sweet potato, cassava, arrow roots, cooking banana",2,"Yes","No","No","No","No","No","No","No","No","No",""
"32-13-89-08","Vegetables- spinach, pumpkin, cabbage, tomato, onion",2,"Yes","No","No","No","No","No","No","No","No","No",""
"32-13-89-08","Fruits- orange, mango, guava, rice paw paw/papaya, pineapple, etc",1,"Yes","No","No","No","No","No","No","No","No","No",""
"32-13-89-08","Meat, poultry, organ meat- goat, sheep, cow, chicken, liver, kidney, intestines",3,"No","No","No","No","Yes","No","No","No","No","No",""
"32-13-89-08","Eggs",2,"No","No","No","No","Yes","No","No","No","No","No",""
"32-13-89-08","Oil/fats- oil, fat, butter, ghee, etc",7,"No","No","No","No","Yes","No","No","No","No","No",""
"32-13-89-08","Sugar and sweets- sugar, honey, sweets, desserts",7,"No","No","No","No","Yes","No","No","No","No","No",""
"85-25-22-09","Cereals- rice, maize, chapatti, wheat, sorghum, bread, etc",7,"Yes","No","No","No","No","No","No","No","No","No",""
"85-25-22-09","Roots and tubers- potato, sweet potato, cassava, arrow roots, cooking banana",7,"Yes","No","No","No","No","No","No","No","No","No",""
"85-25-22-09","Vegetables- spinach, pumpkin, cabbage, tomato, onion",7,"Yes","No","No","No","No","No","No","No","No","No",""
"85-25-22-09","Meat, poultry, organ meat- goat, sheep, cow, chicken, liver, kidney, intestines",3,"No","No","No","No","Yes","No","No","No","No","No",""
"85-25-22-09","Pulses, legumes, nuts, seeds",7,"Yes","No","No","No","No","No","No","No","No","No",""
"72-82-24-11","Cereals- rice, maize, chapatti, wheat, sorghum, bread, etc",7,"Yes","No","No","No","Yes","No","No","No","No","No",""
"72-82-24-11","Vegetables- spinach, pumpkin, cabbage, tomato, onion",7,"Yes","No","No","No","Yes","No","No","No","No","No",""
"72-82-24-11","Fruits- orange, mango, guava, rice paw paw/papaya, pineapple, etc",2,"No","No","No","No","Yes","No","No","No","No","No",""
"72-82-24-11","Meat, poultry, organ meat- goat, sheep, cow, chicken, liver, kidney, intestines",1,"No","No","No","No","Yes","No","No","No","No","No",""
"72-82-24-11","Fish and seafood (dried or fresh)- sardines, dagaa/omena",2,"No","No","No","No","Yes","No","No","No","No","No",""
"72-82-24-11","Pulses, legumes, nuts, seeds",3,"No","No","No","No","Yes","No","No","No","No","No",""
"72-82-24-11","Sugar and sweets- sugar, honey, sweets, desserts",7,"No","No","No","No","Yes","No","No","No","No","No",""
"72-82-24-11","Miscellaneous- tea, coffee, beverages, condiments, spices",7,"No","No","No","No","Yes","No","No","No","No","No",""
"36-18-65-12","Cereals- rice, maize, chapatti, wheat, sorghum, bread, etc",7,"Yes","No","No","No","Yes","No","No","No","No","No",""
"36-18-65-12","Roots and tubers- potato, sweet potato, cassava, arrow roots, cooking banana",5,"No","No","No","No","Yes","No","No","No","No","No",""
"36-18-65-12","Vegetables- spinach, pumpkin, cabbage, tomato, onion",7,"No","No","No","No","Yes","No","No","No","No","No",""
"36-18-65-12","Fruits- orange, mango, guava, rice paw paw/papaya, pineapple, etc",3,"No","No","No","No","Yes","No","No","No","No","No",""
"36-18-65-12","Meat, poultry, organ meat- goat, sheep, cow, chicken, liver, kidney, intestines",2,"No","No","No","No","Yes","No","No","No","No","No",""
"36-18-65-12","Fish and seafood (dried or fresh)- sardines, dagaa/omena",3,"No","No","No","No","Yes","No","No","No","No","No",""
"36-18-65-12","Pulses, legumes, nuts, seeds",2,"No","No","No","No","Yes","No","No","No","No","No",""
"36-18-65-12","Oil/fats- oil, fat, butter, ghee, etc",7,"No","No","No","No","Yes","No","No","No","No","No",""
"36-18-65-12","Sugar and sweets- sugar, honey, sweets, desserts",7,"No","No","No","No","Yes","No","No","No","No","No",""
"36-18-65-12","Miscellaneous- tea, coffee, beverages, condiments, spices",7,"No","No","No","No","Yes","No","No","No","No","No",""
"42-45-66-86","Cereals- rice, maize, chapatti, wheat, sorghum, bread, etc",7,"Yes","No","No","No","No","No","No","No","No","No",""
"42-45-66-86","Vegetables- spinach, pumpkin, cabbage, tomato, onion",7,"Yes","No","No","No","No","No","No","No","No","No",""
"42-45-66-86","Fruits- orange, mango, guava, rice paw paw/papaya, pineapple, etc",4,"No","No","No","No","Yes","No","No","No","No","No",""
"42-45-66-86","Meat, poultry, organ meat- goat, sheep, cow, chicken, liver, kidney, intestines",3,"No","No","No","No","Yes","No","No","No","No","No",""
"42-45-66-86","Pulses, legumes, nuts, seeds",3,"Yes","No","No","No","No","No","No","No","No","No",""
"42-45-66-86","Oil/fats- oil, fat, butter, ghee, etc",7,"No","No","No","No","Yes","No","No","No","No","No",""
"42-45-66-86","Sugar and sweets- sugar, honey, sweets, desserts",7,"No","No","No","No","Yes","No","No","No","No","No",""
"42-45-66-86","Miscellaneous- tea, coffee, beverages, condiments, spices",7,"No","No","No","No","Yes","No","No","No","No","No",""
"44-14-86-31","Cereals- rice, maize, chapatti, wheat, sorghum, bread, etc",7,"Yes","No","No","No","No","No","No","No","No","No",""
"44-14-86-31","Roots and tubers- potato, sweet potato, cassava, arrow roots, cooking banana",5,"No","No","No","No","No","Yes","No","No","No","No",""
"44-14-86-31","Vegetables- spinach, pumpkin, cabbage, tomato, onion",7,"No","No","Yes","No","No","No","No","No","No","No",""
"44-14-86-31","Fruits- orange, mango, guava, rice paw paw/papaya, pineapple, etc",2,"No","No","No","No","Yes","No","No","No","No","No",""
"44-14-86-31","Eggs",4,"No","No","No","No","Yes","No","No","No","No","No",""
"44-14-86-31","Fish and seafood (dried or fresh)- sardines, dagaa/omena",6,"No","No","No","No","Yes","No","No","No","No","No",""
"44-14-86-31","Oil/fats- oil, fat, butter, ghee, etc",7,"No","No","No","No","Yes","No","No","No","No","No",""
"44-14-86-31","Sugar and sweets- sugar, honey, sweets, desserts",7,"No","No","No","No","Yes","No","No","No","No","No",""
"84-19-29-35","Cereals- rice, maize, chapatti, wheat, sorghum, bread, etc",7,"Yes","No","No","No","No","No","No","No","No","No",""
"84-19-29-35","Roots and tubers- potato, sweet potato, cassava, arrow roots, cooking banana",1,"Yes","No","No","No","No","No","No","No","No","No",""
"84-19-29-35","Vegetables- spinach, pumpkin, cabbage, tomato, onion",3,"Yes","No","No","No","No","No","No","No","No","No",""
"84-19-29-35","Fruits- orange, mango, guava, rice paw paw/papaya, pineapple, etc",3,"Yes","No","No","No","No","No","No","No","No","No",""
"84-19-29-35","Pulses, legumes, nuts, seeds",3,"Yes","No","No","No","No","No","No","No","No","No",""
"84-19-29-35","Oil/fats- oil, fat, butter, ghee, etc",3,"Yes","No","No","No","No","No","No","No","No","No",""
"39-19-67-67","Cereals- rice, maize, chapatti, wheat, sorghum, bread, etc",7,"Yes","No","No","No","Yes","No","No","No","No","No",""
"39-19-67-67","Roots and tubers- potato, sweet potato, cassava, arrow roots, cooking banana",2,"Yes","No","No","No","No","No","No","No","No","No",""
"39-19-67-67","Vegetables- spinach, pumpkin, cabbage, tomato, onion",5,"Yes","No","No","No","No","No","No","No","No","No",""
"39-19-67-67","Fruits- orange, mango, guava, rice paw paw/papaya, pineapple, etc",3,"Yes","No","No","No","No","No","No","No","No","No",""
"39-19-67-67","Meat, poultry, organ meat- goat, sheep, cow, chicken, liver, kidney, intestines",2,"No","No","No","No","Yes","No","No","No","No","No",""
"39-19-67-67","Fish and seafood (dried or fresh)- sardines, dagaa/omena",2,"No","No","No","No","Yes","No","No","No","No","No",""
"39-19-67-67","Pulses, legumes, nuts, seeds",3,"Yes","No","No","No","No","No","No","No","No","No",""
"39-19-67-67","Milk and milk products- fresh, powdered, yogurt, cheese, etc",3,"No","No","No","No","Yes","No","No","No","No","No",""
"39-19-67-67","Oil/fats- oil, fat, butter, ghee, etc",7,"No","No","No","No","Yes","No","No","No","No","No",""
"39-19-67-67","Sugar and sweets- sugar, honey, sweets, desserts",7,"No","No","No","No","Yes","No","No","No","No","No",""
"39-19-67-67","Miscellaneous- tea, coffee, beverages, condiments, spices",7,"No","No","No","No","Yes","No","No","No","No","No",""
"43-82-97-85","Cereals- rice, maize, chapatti, wheat, sorghum, bread, etc",7,"Yes","No","No","No","Yes","No","No","No","No","No",""
"43-82-97-85","Roots and tubers- potato, sweet potato, cassava, arrow roots, cooking banana",3,"Yes","No","No","No","No","No","No","No","No","No",""
"43-82-97-85","Vegetables- spinach, pumpkin, cabbage, tomato, onion",7,"No","No","No","No","Yes","No","No","No","No","No",""
"43-82-97-85","Fruits- orange, mango, guava, rice paw paw/papaya, pineapple, etc",6,"No","No","No","No","Yes","No","No","No","No","No",""
"43-82-97-85","Meat, poultry, organ meat- goat, sheep, cow, chicken, liver, kidney, intestines",7,"No","No","No","No","Yes","No","No","No","No","No",""
"43-82-97-85","Eggs",3,"Yes","No","No","No","No","No","No","No","No","No",""
"43-82-97-85","Pulses, legumes, nuts, seeds",4,"Yes","No","No","No","No","No","No","No","No","No",""
"43-82-97-85","Sugar and sweets- sugar, honey, sweets, desserts",3,"No","No","No","No","Yes","No","No","No","No","No",""
"43-82-97-85","Miscellaneous- tea, coffee, beverages, condiments, spices",3,"No","No","No","No","Yes","No","No","No","No","No",""
"91-14-48-53","Cereals- rice, maize, chapatti, wheat, sorghum, bread, etc",7,"Yes","No","No","No","No","No","No","No","No","No",""
"91-14-48-53","Roots and tubers- potato, sweet potato, cassava, arrow roots, cooking banana",1,"No","No","No","No","No","No","No","Yes","No","No",""
"91-14-48-53","Vegetables- spinach, pumpkin, cabbage, tomato, onion",7,"Yes","No","No","No","No","No","No","No","No","No",""
"91-14-48-53","Fruits- orange, mango, guava, rice paw paw/papaya, pineapple, etc",3,"Yes","No","No","No","Yes","No","No","No","No","No",""
"91-14-48-53","Meat, poultry, organ meat- goat, sheep, cow, chicken, liver, kidney, intestines",3,"No","No","No","No","Yes","No","No","No","No","No",""
"91-14-48-53","Fish and seafood (dried or fresh)- sardines, dagaa/omena",3,"No","No","No","No","Yes","No","No","No","No","No",""
"91-14-48-53","Pulses, legumes, nuts, seeds",2,"Yes","No","No","No","No","No","No","No","No","No",""
"91-14-48-53","Milk and milk products- fresh, powdered, yogurt, cheese, etc",1,"No","No","No","No","Yes","No","No","No","No","No",""
"91-14-48-53","Oil/fats- oil, fat, butter, ghee, etc",7,"Yes","No","No","No","Yes","No","No","No","No","No",""
"91-14-48-53","Sugar and sweets- sugar, honey, sweets, desserts",7,"No","No","No","No","Yes","No","No","No","No","No",""
"91-14-48-53","Miscellaneous- tea, coffee, beverages, condiments, spices",7,"No","No","No","No","Yes","No","No","No","No","No",""
"20-26-28-94","Cereals- rice, maize, chapatti, wheat, sorghum, bread, etc",7,"Yes","No","No","No","Yes","No","No","No","No","No",""
"20-26-28-94","Roots and tubers- potato, sweet potato, cassava, arrow roots, cooking banana",2,"No","No","No","No","Yes","No","No","No","No","No",""
"20-26-28-94","Vegetables- spinach, pumpkin, cabbage, tomato, onion",7,"Yes","No","No","No","No","No","No","No","No","No",""
"20-26-28-94","Fruits- orange, mango, guava, rice paw paw/papaya, pineapple, etc",3,"No","No","No","No","No","No","No","Yes","No","No",""
"20-26-28-94","Fish and seafood (dried or fresh)- sardines, dagaa/omena",1,"No","No","No","No","Yes","No","No","No","No","No",""
"20-26-28-94","Oil/fats- oil, fat, butter, ghee, etc",7,"No","No","No","No","Yes","No","No","No","No","No",""
"20-26-28-94","Sugar and sweets- sugar, honey, sweets, desserts",7,"No","No","No","No","Yes","No","No","No","No","No",""
"20-26-28-94","Miscellaneous- tea, coffee, beverages, condiments, spices",7,"No","No","No","No","Yes","No","No","No","No","No",""
"23-89-23-81","Cereals- rice, maize, chapatti, wheat, sorghum, bread, etc",7,"Yes","No","No","No","No","No","No","No","No","No",""
"23-89-23-81","Roots and tubers- potato, sweet potato, cassava, arrow roots, cooking banana",2,"Yes","No","No","No","No","No","No","No","No","No",""
"23-89-23-81","Vegetables- spinach, pumpkin, cabbage, tomato, onion",7,"Yes","No","No","No","No","No","No","No","No","No",""
"23-89-23-81","Fruits- orange, mango, guava, rice paw paw/papaya, pineapple, etc",7,"Yes","No","No","No","No","No","No","No","No","No",""
"23-89-23-81","Meat, poultry, organ meat- goat, sheep, cow, chicken, liver, kidney, intestines",2,"No","No","No","No","Yes","No","No","No","No","No",""
"23-89-23-81","Eggs",1,"Yes","No","No","No","No","No","No","No","No","No",""
"23-89-23-81","Fish and seafood (dried or fresh)- sardines, dagaa/omena",3,"No","No","No","No","Yes","No","No","No","No","No",""
"23-89-23-81","Pulses, legumes, nuts, seeds",3,"Yes","No","No","No","No","No","No","No","No","No",""
"23-89-23-81","Oil/fats- oil, fat, butter, ghee, etc",7,"No","No","No","No","Yes","No","No","No","No","No",""
"23-89-23-81","Sugar and sweets- sugar, honey, sweets, desserts",7,"No","No","No","No","Yes","No","No","No","No","No",""
"23-89-23-81","Miscellaneous- tea, coffee, beverages, condiments, spices",7,"No","No","No","No","Yes","No","No","No","No","No",""
"52-40-25-11","Cereals- rice, maize, chapatti, wheat, sorghum, bread, etc",7,"Yes","No","No","No","No","No","No","No","No","No",""
"52-40-25-11","Roots and tubers- potato, sweet potato, cassava, arrow roots, cooking banana",4,"Yes","No","No","No","No","No","No","No","No","No",""
"52-40-25-11","Vegetables- spinach, pumpkin, cabbage, tomato, onion",1,"No","No","No","No","Yes","No","No","No","No","No",""
"52-40-25-11","Fish and seafood (dried or fresh)- sardines, dagaa/omena",2,"No","No","No","No","Yes","No","No","No","No","No",""
"52-40-25-11","Oil/fats- oil, fat, butter, ghee, etc",7,"No","No","No","No","Yes","No","No","No","No","No",""
"58-44-00-29","Cereals- rice, maize, chapatti, wheat, sorghum, bread, etc",12,"Yes","No","No","No","No","No","No","No","No","No",""
"58-44-00-29","Roots and tubers- potato, sweet potato, cassava, arrow roots, cooking banana",7,"Yes","No","No","No","No","No","No","No","No","No",""
"58-44-00-29","Vegetables- spinach, pumpkin, cabbage, tomato, onion",7,"Yes","No","No","No","No","No","No","No","No","No",""
"58-44-00-29","Eggs",2,"Yes","No","No","No","No","No","No","No","No","No",""
"58-44-00-29","Milk and milk products- fresh, powdered, yogurt, cheese, etc",12,"No","No","No","No","Yes","No","No","No","No","No",""
"58-44-00-29","Oil/fats- oil, fat, butter, ghee, etc",7,"No","No","No","No","Yes","No","No","No","No","No",""
"58-44-00-29","Sugar and sweets- sugar, honey, sweets, desserts",7,"No","No","No","No","Yes","No","No","No","No","No",""
"58-44-00-29","Miscellaneous- tea, coffee, beverages, condiments, spices",7,"Yes","No","No","No","No","No","No","No","No","No",""
"94-81-60-01","Cereals- rice, maize, chapatti, wheat, sorghum, bread, etc",7,"Yes","No","No","No","Yes","No","No","No","Yes","No",""
"94-81-60-01","Vegetables- spinach, pumpkin, cabbage, tomato, onion",7,"Yes","No","No","No","No","No","No","No","No","No",""
"94-81-60-01","Oil/fats- oil, fat, butter, ghee, etc",7,"No","No","No","No","Yes","No","No","No","No","No",""
"00-76-76-29","Cereals- rice, maize, chapatti, wheat, sorghum, bread, etc",7,"Yes","No","No","No","Yes","No","No","No","No","No",""
"00-76-76-29","Roots and tubers- potato, sweet potato, cassava, arrow roots, cooking banana",3,"Yes","No","No","No","No","No","No","No","No","No",""
"00-76-76-29","Vegetables- spinach, pumpkin, cabbage, tomato, onion",4,"Yes","No","No","No","No","No","No","No","No","No",""
"00-76-76-29","Fruits- orange, mango, guava, rice paw paw/papaya, pineapple, etc",3,"No","No","No","No","Yes","No","No","No","No","No",""
"00-76-76-29","Meat, poultry, organ meat- goat, sheep, cow, chicken, liver, kidney, intestines",4,"Yes","No","No","No","Yes","No","No","No","No","No",""
"00-76-76-29","Eggs",2,"Yes","No","No","No","No","No","No","No","No","No",""
"00-76-76-29","Milk and milk products- fresh, powdered, yogurt, cheese, etc",1,"No","No","No","No","Yes","No","No","No","No","No",""
"00-76-76-29","Oil/fats- oil, fat, butter, ghee, etc",7,"No","No","No","No","Yes","No","No","No","No","No",""
"00-76-76-29","Sugar and sweets- sugar, honey, sweets, desserts",6,"No","No","No","No","Yes","No","No","No","No","No",""
"00-76-76-29","Miscellaneous- tea, coffee, beverages, condiments, spices",7,"No","No","No","No","Yes","No","No","No","No","No",""
"30-24-92-73","Cereals- rice, maize, chapatti, wheat, sorghum, bread, etc",7,"Yes","No","No","No","No","No","No","No","No","No",""
"30-24-92-73","Roots and tubers- potato, sweet potato, cassava, arrow roots, cooking banana",5,"Yes","No","No","No","No","No","No","No","No","No",""
"30-24-92-73","Vegetables- spinach, pumpkin, cabbage, tomato, onion",7,"Yes","No","No","No","No","No","No","No","No","No",""
"30-24-92-73","Fish and seafood (dried or fresh)- sardines, dagaa/omena",1,"No","No","No","No","Yes","No","No","No","No","No",""
"30-24-92-73","Oil/fats- oil, fat, butter, ghee, etc",7,"Yes","No","No","No","No","No","No","No","No","No",""
"23-53-41-46","Cereals- rice, maize, chapatti, wheat, sorghum, bread, etc",7,"No","No","No","No","Yes","No","No","No","No","No",""
"23-53-41-46","Vegetables- spinach, pumpkin, cabbage, tomato, onion",7,"No","No","No","No","Yes","No","No","No","No","No",""
"23-53-41-46","Oil/fats- oil, fat, butter, ghee, etc",7,"No","No","No","No","Yes","No","No","No","No","No",""
"62-55-13-64","Cereals- rice, maize, chapatti, wheat, sorghum, bread, etc",7,"Yes","No","No","No","No","No","No","No","No","No",""
"62-55-13-64","Roots and tubers- potato, sweet potato, cassava, arrow roots, cooking banana",3,"Yes","No","No","No","No","No","No","No","No","No",""
"62-55-13-64","Vegetables- spinach, pumpkin, cabbage, tomato, onion",5,"Yes","No","No","No","No","No","No","No","No","No",""
"62-55-13-64","Fruits- orange, mango, guava, rice paw paw/papaya, pineapple, etc",2,"No","No","No","No","Yes","No","No","No","No","No",""
"62-55-13-64","Meat, poultry, organ meat- goat, sheep, cow, chicken, liver, kidney, intestines",2,"No","No","No","No","Yes","No","No","No","No","No",""
"62-55-13-64","Eggs",1,"Yes","No","No","No","No","No","No","No","No","No",""
"62-55-13-64","Pulses, legumes, nuts, seeds",4,"No","No","No","No","Yes","No","No","No","No","No",""
"62-55-13-64","Sugar and sweets- sugar, honey, sweets, desserts",4,"No","No","No","No","Yes","No","No","No","No","No",""
"62-55-13-64","Miscellaneous- tea, coffee, beverages, condiments, spices",4,"Yes","No","No","No","No","No","No","No","No","No",""
"42-85-64-91","Cereals- rice, maize, chapatti, wheat, sorghum, bread, etc",7,"Yes","No","No","No","Yes","No","No","No","No","No",""
"42-85-64-91","Roots and tubers- potato, sweet potato, cassava, arrow roots, cooking banana",7,"Yes","No","No","No","No","No","No","No","No","No",""
"42-85-64-91","Vegetables- spinach, pumpkin, cabbage, tomato, onion",7,"Yes","No","No","No","No","No","No","No","No","No",""
"42-85-64-91","Fruits- orange, mango, guava, rice paw paw/papaya, pineapple, etc",1,"No","No","No","No","Yes","No","No","No","No","No",""
"42-85-64-91","Meat, poultry, organ meat- goat, sheep, cow, chicken, liver, kidney, intestines",1,"No","No","No","No","Yes","No","No","No","No","No",""
"42-85-64-91","Eggs",1,"Yes","No","No","No","No","No","No","No","No","No",""
"42-85-64-91","Fish and seafood (dried or fresh)- sardines, dagaa/omena",7,"No","No","No","No","Yes","No","No","No","No","No",""
"42-85-64-91","Pulses, legumes, nuts, seeds",3,"No","No","No","No","Yes","No","No","No","No","No",""
"42-85-64-91","Oil/fats- oil, fat, butter, ghee, etc",7,"No","No","No","No","Yes","No","No","No","No","No",""
"42-85-64-91","Sugar and sweets- sugar, honey, sweets, desserts",7,"No","No","No","No","Yes","No","No","No","No","No",""
"42-85-64-91","Miscellaneous- tea, coffee, beverages, condiments, spices",7,"Yes","No","No","No","No","No","No","No","No","No",""
"90-50-65-07","Cereals- rice, maize, chapatti, wheat, sorghum, bread, etc",7,"Yes","No","No","No","Yes","No","No","No","No","No",""
"90-50-65-07","Roots and tubers- potato, sweet potato, cassava, arrow roots, cooking banana",1,"No","No","No","No","Yes","No","No","No","No","No",""
"90-50-65-07","Vegetables- spinach, pumpkin, cabbage, tomato, onion",7,"No","No","No","No","Yes","No","No","No","No","No",""
"90-50-65-07","Fruits- orange, mango, guava, rice paw paw/papaya, pineapple, etc",7,"No","No","No","No","Yes","No","No","No","No","No",""
"90-50-65-07","Meat, poultry, organ meat- goat, sheep, cow, chicken, liver, kidney, intestines",3,"No","No","No","No","Yes","No","No","No","No","No",""
"90-50-65-07","Eggs",2,"No","No","No","No","Yes","No","No","No","No","No",""
"90-50-65-07","Fish and seafood (dried or fresh)- sardines, dagaa/omena",2,"No","No","No","No","Yes","No","No","No","No","No",""
"90-50-65-07","Pulses, legumes, nuts, seeds",7,"No","No","No","No","Yes","No","No","No","No","No",""
"90-50-65-07","Milk and milk products- fresh, powdered, yogurt, cheese, etc",3,"No","No","No","No","Yes","No","No","No","No","No",""
"90-50-65-07","Oil/fats- oil, fat, butter, ghee, etc",7,"No","No","No","No","Yes","No","No","No","No","No",""
"90-50-65-07","Miscellaneous- tea, coffee, beverages, condiments, spices",7,"Yes","No","No","No","No","No","No","No","No","No",""
"54-70-24-21","Cereals- rice, maize, chapatti, wheat, sorghum, bread, etc",7,"Yes","No","No","No","Yes","No","No","No","No","No",""
"54-70-24-21","Vegetables- spinach, pumpkin, cabbage, tomato, onion",7,"Yes","No","No","No","Yes","No","No","No","No","No",""
"54-70-24-21","Fruits- orange, mango, guava, rice paw paw/papaya, pineapple, etc",1,"No","No","No","No","Yes","No","No","No","No","No",""
"54-70-24-21","Meat, poultry, organ meat- goat, sheep, cow, chicken, liver, kidney, intestines",2,"No","No","No","No","Yes","No","No","No","No","No",""
"54-70-24-21","Oil/fats- oil, fat, butter, ghee, etc",7,"Yes","No","No","No","Yes","No","No","No","No","No",""
"38-66-21-90","Cereals- rice, maize, chapatti, wheat, sorghum, bread, etc",7,"Yes","No","No","No","Yes","No","No","No","No","No",""
"38-66-21-90","Roots and tubers- potato, sweet potato, cassava, arrow roots, cooking banana",4,"Yes","No","No","No","No","No","No","No","No","No",""
"38-66-21-90","Vegetables- spinach, pumpkin, cabbage, tomato, onion",7,"No","No","No","No","Yes","No","No","No","No","No",""
"38-66-21-90","Fruits- orange, mango, guava, rice paw paw/papaya, pineapple, etc",7,"Yes","No","No","No","Yes","No","No","No","No","No",""
"38-66-21-90","Meat, poultry, organ meat- goat, sheep, cow, chicken, liver, kidney, intestines",2,"No","No","No","No","Yes","No","No","No","No","No",""
"38-66-21-90","Milk and milk products- fresh, powdered, yogurt, cheese, etc",3,"No","No","No","No","Yes","No","No","No","No","No",""
"38-66-21-90","Oil/fats- oil, fat, butter, ghee, etc",7,"No","No","No","No","Yes","No","No","No","No","No",""
"38-66-21-90","Sugar and sweets- sugar, honey, sweets, desserts",7,"No","No","No","No","Yes","No","No","No","No","No",""
"38-66-21-90","Miscellaneous- tea, coffee, beverages, condiments, spices",7,"No","No","No","No","Yes","No","No","No","No","No",""
"32-53-90-85","Cereals- rice, maize, chapatti, wheat, sorghum, bread, etc",7,"Yes","No","No","No","No","No","No","No","No","No",""
"32-53-90-85","Roots and tubers- potato, sweet potato, cassava, arrow roots, cooking banana",3,"No","No","No","No","Yes","No","No","No","No","No",""
"32-53-90-85","Vegetables- spinach, pumpkin, cabbage, tomato, onion",7,"Yes","No","No","No","Yes","No","No","No","No","No",""
"32-53-90-85","Fruits- orange, mango, guava, rice paw paw/papaya, pineapple, etc",2,"No","No","No","No","Yes","No","No","No","No","No",""
"32-53-90-85","Oil/fats- oil, fat, butter, ghee, etc",7,"No","No","No","No","Yes","No","No","No","No","No",""
"32-53-90-85","Sugar and sweets- sugar, honey, sweets, desserts",7,"No","No","No","No","Yes","No","No","No","No","No",""
"67-43-43-96","Cereals- rice, maize, chapatti, wheat, sorghum, bread, etc",7,"Yes","No","No","No","No","No","No","No","No","No",""
"67-43-43-96","Vegetables- spinach, pumpkin, cabbage, tomato, onion",7,"Yes","No","No","No","Yes","No","No","No","No","No",""
"67-43-43-96","Fruits- orange, mango, guava, rice paw paw/papaya, pineapple, etc",2,"No","No","No","No","Yes","No","No","No","No","No",""
"67-43-43-96","Oil/fats- oil, fat, butter, ghee, etc",7,"No","No","No","No","Yes","No","No","No","No","No",""
"30-12-86-30","Cereals- rice, maize, chapatti, wheat, sorghum, bread, etc",7,"Yes","No","No","No","No","No","No","No","No","No",""
"30-12-86-30","Roots and tubers- potato, sweet potato, cassava, arrow roots, cooking banana",2,"Yes","No","No","No","No","No","No","No","No","No",""
"30-12-86-30","Vegetables- spinach, pumpkin, cabbage, tomato, onion",7,"Yes","No","No","No","No","No","No","No","No","No",""
"30-12-86-30","Fruits- orange, mango, guava, rice paw paw/papaya, pineapple, etc",2,"Yes","No","No","No","No","No","No","No","No","No",""
"30-12-86-30","Meat, poultry, organ meat- goat, sheep, cow, chicken, liver, kidney, intestines",3,"No","No","No","No","Yes","No","No","No","No","No",""
"30-12-86-30","Fish and seafood (dried or fresh)- sardines, dagaa/omena",2,"No","No","No","No","Yes","No","No","No","No","No",""
"30-12-86-30","Oil/fats- oil, fat, butter, ghee, etc",7,"Yes","No","No","No","No","No","No","No","No","No",""
"30-12-86-30","Sugar and sweets- sugar, honey, sweets, desserts",7,"Yes","No","No","No","No","No","No","No","No","No",""
"18-64-04-51","Cereals- rice, maize, chapatti, wheat, sorghum, bread, etc",7,"Yes","No","No","No","Yes","No","No","No","No","No",""
"18-64-04-51","Roots and tubers- potato, sweet potato, cassava, arrow roots, cooking banana",7,"Yes","No","No","No","No","No","No","No","No","No",""
"18-64-04-51","Vegetables- spinach, pumpkin, cabbage, tomato, onion",7,"Yes","No","No","No","No","No","No","No","No","No",""
"18-64-04-51","Miscellaneous- tea, coffee, beverages, condiments, spices",7,"No","No","No","No","Yes","No","No","No","No","No",""
"44-00-42-23","Cereals- rice, maize, chapatti, wheat, sorghum, bread, etc",7,"Yes","No","No","No","No","No","No","No","No","No",""
"44-00-42-23","Vegetables- spinach, pumpkin, cabbage, tomato, onion",7,"Yes","No","No","No","No","No","No","No","No","No",""
"44-00-42-23","Oil/fats- oil, fat, butter, ghee, etc",7,"No","No","No","No","Yes","No","No","No","No","No",""
"44-00-42-23","Sugar and sweets- sugar, honey, sweets, desserts",3,"No","No","No","No","Yes","No","No","No","No","No",""
"44-00-42-23","Miscellaneous- tea, coffee, beverages, condiments, spices",3,"No","No","No","No","Yes","No","No","No","No","No",""
"49-30-59-44","Cereals- rice, maize, chapatti, wheat, sorghum, bread, etc",7,"Yes","No","No","No","No","No","No","No","No","No",""
"49-30-59-44","Roots and tubers- potato, sweet potato, cassava, arrow roots, cooking banana",2,"Yes","No","No","No","No","No","No","No","No","No",""
"49-30-59-44","Vegetables- spinach, pumpkin, cabbage, tomato, onion",3,"Yes","No","No","No","No","No","No","No","No","No",""
"49-30-59-44","Fruits- orange, mango, guava, rice paw paw/papaya, pineapple, etc",3,"Yes","No","No","No","No","No","No","No","No","No",""
"49-30-59-44","Meat, poultry, organ meat- goat, sheep, cow, chicken, liver, kidney, intestines",1,"No","No","No","No","Yes","No","No","No","No","No",""
"49-30-59-44","Eggs",1,"No","No","No","No","Yes","No","No","No","No","No",""
"49-30-59-44","Oil/fats- oil, fat, butter, ghee, etc",7,"No","No","No","No","Yes","No","No","No","No","No",""
"49-30-59-44","Sugar and sweets- sugar, honey, sweets, desserts",7,"No","No","No","No","Yes","No","No","No","No","No",""
"49-30-59-44","Miscellaneous- tea, coffee, beverages, condiments, spices",3,"No","No","No","No","Yes","No","No","No","No","No",""
"08-14-33-80","Cereals- rice, maize, chapatti, wheat, sorghum, bread, etc",4,"No","No","No","No","Yes","No","No","No","No","No",""
"08-14-33-80","Vegetables- spinach, pumpkin, cabbage, tomato, onion",3,"No","No","No","No","Yes","No","No","No","No","No",""
"08-14-33-80","Pulses, legumes, nuts, seeds",1,"No","No","No","No","Yes","No","No","No","No","No",""
"08-14-33-80","Oil/fats- oil, fat, butter, ghee, etc",2,"No","No","No","No","Yes","No","No","No","No","No",""
"03-68-26-31","Cereals- rice, maize, chapatti, wheat, sorghum, bread, etc",7,"Yes","No","No","No","No","No","No","No","No","No",""
"03-68-26-31","Roots and tubers- potato, sweet potato, cassava, arrow roots, cooking banana",2,"No","No","No","No","Yes","No","No","No","No","No",""
"03-68-26-31","Vegetables- spinach, pumpkin, cabbage, tomato, onion",7,"Yes","No","No","No","No","No","No","No","No","No",""
"03-68-26-31","Oil/fats- oil, fat, butter, ghee, etc",2,"No","No","No","No","Yes","No","No","No","No","No",""
"03-68-26-31","Miscellaneous- tea, coffee, beverages, condiments, spices",7,"Yes","No","No","No","No","No","No","No","No","No",""
"76-88-86-20","Cereals- rice, maize, chapatti, wheat, sorghum, bread, etc",7,"Yes","No","No","No","Yes","No","No","No","No","No",""
"76-88-86-20","Vegetables- spinach, pumpkin, cabbage, tomato, onion",7,"No","No","No","No","Yes","No","No","No","No","No",""
"76-88-86-20","Fruits- orange, mango, guava, rice paw paw/papaya, pineapple, etc",3,"No","No","No","No","Yes","No","No","No","No","No",""
"76-88-86-20","Meat, poultry, organ meat- goat, sheep, cow, chicken, liver, kidney, intestines",1,"No","No","No","No","Yes","No","No","No","No","No",""
"76-88-86-20","Eggs",7,"No","No","No","No","Yes","No","No","No","No","No",""
"76-88-86-20","Fish and seafood (dried or fresh)- sardines, dagaa/omena",2,"No","No","No","No","Yes","No","No","No","No","No",""
"76-88-86-20","Oil/fats- oil, fat, butter, ghee, etc",7,"No","No","No","No","Yes","No","No","No","No","No",""
"76-88-86-20","Sugar and sweets- sugar, honey, sweets, desserts",7,"No","No","No","No","Yes","No","No","No","No","No",""
"76-88-86-20","Miscellaneous- tea, coffee, beverages, condiments, spices",7,"Yes","No","No","No","No","No","No","No","No","No",""
"41-48-09-97","Cereals- rice, maize, chapatti, wheat, sorghum, bread, etc",7,"Yes","No","No","No","No","No","No","No","No","No",""
"41-48-09-97","Roots and tubers- potato, sweet potato, cassava, arrow roots, cooking banana",6,"Yes","No","No","No","No","No","No","No","No","No",""
"41-48-09-97","Vegetables- spinach, pumpkin, cabbage, tomato, onion",7,"Yes","No","No","No","No","No","No","No","No","No",""
"41-48-09-97","Fruits- orange, mango, guava, rice paw paw/papaya, pineapple, etc",7,"Yes","No","No","No","No","No","No","No","No","No",""
"41-48-09-97","Meat, poultry, organ meat- goat, sheep, cow, chicken, liver, kidney, intestines",3,"No","No","No","No","Yes","No","No","No","No","No",""
"41-48-09-97","Pulses, legumes, nuts, seeds",7,"Yes","No","No","No","No","No","No","No","No","No",""
"41-48-09-97","Oil/fats- oil, fat, butter, ghee, etc",7,"No","No","No","No","Yes","No","No","No","No","No",""
"41-48-09-97","Sugar and sweets- sugar, honey, sweets, desserts",7,"No","No","No","No","Yes","No","No","No","No","No",""
"21-76-07-53","Cereals- rice, maize, chapatti, wheat, sorghum, bread, etc",7,"Yes","No","No","No","No","No","No","No","No","No",""
"21-76-07-53","Roots and tubers- potato, sweet potato, cassava, arrow roots, cooking banana",6,"Yes","No","No","No","No","No","No","No","No","No",""
"21-76-07-53","Vegetables- spinach, pumpkin, cabbage, tomato, onion",5,"No","No","No","No","Yes","No","No","No","No","No",""
"21-76-07-53","Pulses, legumes, nuts, seeds",1,"No","No","No","No","No","No","No","Yes","No","No",""
"21-76-07-53","Oil/fats- oil, fat, butter, ghee, etc",7,"No","No","No","No","Yes","No","No","No","No","No",""
"21-76-07-53","Sugar and sweets- sugar, honey, sweets, desserts",7,"No","No","No","No","Yes","No","No","No","No","No",""
"01-41-01-54","Cereals- rice, maize, chapatti, wheat, sorghum, bread, etc",7,"Yes","No","No","No","Yes","No","No","No","No","No",""
"01-41-01-54","Roots and tubers- potato, sweet potato, cassava, arrow roots, cooking banana",3,"Yes","No","No","No","Yes","No","No","No","No","No",""
"01-41-01-54","Vegetables- spinach, pumpkin, cabbage, tomato, onion",3,"Yes","No","No","No","No","No","No","No","No","No",""
"01-41-01-54","Fish and seafood (dried or fresh)- sardines, dagaa/omena",2,"No","No","No","No","Yes","No","No","No","No","No",""
"01-41-01-54","Oil/fats- oil, fat, butter, ghee, etc",7,"No","No","No","No","Yes","No","No","No","No","No",""
"01-41-01-54","Sugar and sweets- sugar, honey, sweets, desserts",7,"No","No","No","No","Yes","No","No","No","No","No",""
"01-41-01-54","Miscellaneous- tea, coffee, beverages, condiments, spices",7,"No","No","No","No","Yes","No","No","No","No","No",""
"13-11-49-85","Cereals- rice, maize, chapatti, wheat, sorghum, bread, etc",7,"Yes","No","No","No","Yes","No","No","No","No","No",""
"13-11-49-85","Vegetables- spinach, pumpkin, cabbage, tomato, onion",6,"No","No","No","No","Yes","No","No","No","No","No",""
"13-11-49-85","Fruits- orange, mango, guava, rice paw paw/papaya, pineapple, etc",5,"Yes","No","No","No","No","No","No","No","No","No",""
"13-11-49-85","Meat, poultry, organ meat- goat, sheep, cow, chicken, liver, kidney, intestines",2,"No","No","No","No","Yes","No","No","No","No","No",""
"13-11-49-85","Eggs",2,"Yes","No","No","No","No","No","No","No","No","No",""
"13-11-49-85","Fish and seafood (dried or fresh)- sardines, dagaa/omena",3,"No","No","No","No","Yes","No","No","No","No","No",""
"13-11-49-85","Pulses, legumes, nuts, seeds",3,"Yes","No","No","No","No","No","No","No","No","No",""
"13-11-49-85","Sugar and sweets- sugar, honey, sweets, desserts",7,"No","No","No","No","Yes","No","No","No","No","No",""
"13-11-49-85","Miscellaneous- tea, coffee, beverages, condiments, spices",7,"No","No","No","No","Yes","No","No","No","No","No",""
"72-37-75-96","Cereals- rice, maize, chapatti, wheat, sorghum, bread, etc",7,"Yes","No","No","No","Yes","No","No","No","No","No",""
"72-37-75-96","Roots and tubers- potato, sweet potato, cassava, arrow roots, cooking banana",3,"No","No","No","No","Yes","No","No","No","No","No",""
"72-37-75-96","Vegetables- spinach, pumpkin, cabbage, tomato, onion",7,"No","No","No","No","Yes","No","No","No","No","No",""
"72-37-75-96","Fruits- orange, mango, guava, rice paw paw/papaya, pineapple, etc",3,"No","No","No","No","Yes","No","No","No","No","No",""
"72-37-75-96","Oil/fats- oil, fat, butter, ghee, etc",7,"No","No","No","No","Yes","No","No","No","No","No",""
"72-37-75-96","Miscellaneous- tea, coffee, beverages, condiments, spices",7,"No","No","No","No","Yes","No","No","No","No","No",""
"71-85-96-60","Cereals- rice, maize, chapatti, wheat, sorghum, bread, etc",7,"Yes","No","No","No","No","No","No","No","No","No",""
"71-85-96-60","Vegetables- spinach, pumpkin, cabbage, tomato, onion",7,"No","No","No","No","Yes","No","No","No","No","No",""
"71-85-96-60","Pulses, legumes, nuts, seeds",2,"Yes","No","No","No","No","No","No","No","No","No",""
"71-85-96-60","Oil/fats- oil, fat, butter, ghee, etc",3,"No","No","No","No","Yes","No","No","No","No","No",""
"71-85-96-60","Miscellaneous- tea, coffee, beverages, condiments, spices",7,"No","No","No","No","Yes","No","No","No","No","No",""
"92-03-64-77","Cereals- rice, maize, chapatti, wheat, sorghum, bread, etc",7,"Yes","No","No","No","Yes","No","No","No","No","No",""
"92-03-64-77","Roots and tubers- potato, sweet potato, cassava, arrow roots, cooking banana",2,"No","No","No","No","Yes","No","No","No","No","No",""
"92-03-64-77","Vegetables- spinach, pumpkin, cabbage, tomato, onion",4,"Yes","No","No","No","No","No","No","No","No","No",""
"92-03-64-77","Meat, poultry, organ meat- goat, sheep, cow, chicken, liver, kidney, intestines",3,"No","No","No","No","Yes","No","No","No","No","No",""
"92-03-64-77","Oil/fats- oil, fat, butter, ghee, etc",7,"No","No","No","No","Yes","No","No","No","No","No",""
"92-03-64-77","Sugar and sweets- sugar, honey, sweets, desserts",7,"No","No","No","No","Yes","No","No","No","No","No",""
"92-03-64-77","Miscellaneous- tea, coffee, beverages, condiments, spices",7,"Yes","No","No","No","Yes","No","No","No","No","No",""
"33-40-16-02","Cereals- rice, maize, chapatti, wheat, sorghum, bread, etc",7,"Yes","No","No","No","Yes","No","No","No","No","No",""
"33-40-16-02","Roots and tubers- potato, sweet potato, cassava, arrow roots, cooking banana",5,"No","No","No","No","Yes","No","No","No","No","No",""
"33-40-16-02","Vegetables- spinach, pumpkin, cabbage, tomato, onion",7,"Yes","No","No","No","No","No","No","No","No","No",""
"33-40-16-02","Fruits- orange, mango, guava, rice paw paw/papaya, pineapple, etc",3,"No","No","No","No","Yes","No","No","No","No","No",""
"33-40-16-02","Fish and seafood (dried or fresh)- sardines, dagaa/omena",2,"No","No","No","No","Yes","No","No","No","No","No",""
"33-40-16-02","Oil/fats- oil, fat, butter, ghee, etc",7,"No","No","No","No","Yes","No","No","No","No","No",""
"33-40-16-02","Miscellaneous- tea, coffee, beverages, condiments, spices",7,"No","No","No","No","Yes","No","No","No","No","No",""
"55-06-75-57","Cereals- rice, maize, chapatti, wheat, sorghum, bread, etc",7,"Yes","No","No","No","No","No","No","No","No","No",""
"55-06-75-57","Vegetables- spinach, pumpkin, cabbage, tomato, onion",3,"No","No","No","No","Yes","No","No","No","No","No",""
"55-06-75-57","Fruits- orange, mango, guava, rice paw paw/papaya, pineapple, etc",3,"No","No","No","No","Yes","No","No","No","No","No",""
"55-06-75-57","Meat, poultry, organ meat- goat, sheep, cow, chicken, liver, kidney, intestines",3,"No","No","No","No","Yes","No","No","No","No","No",""
"55-06-75-57","Fish and seafood (dried or fresh)- sardines, dagaa/omena",2,"No","No","No","No","Yes","No","No","No","No","No",""
"55-06-75-57","Oil/fats- oil, fat, butter, ghee, etc",7,"No","No","No","No","Yes","No","No","No","No","No",""
"55-06-75-57","Sugar and sweets- sugar, honey, sweets, desserts",7,"No","No","No","No","Yes","No","No","No","No","No",""
"55-06-75-57","Miscellaneous- tea, coffee, beverages, condiments, spices",7,"No","No","No","No","Yes","No","No","No","No","No",""
"01-05-06-43","Cereals- rice, maize, chapatti, wheat, sorghum, bread, etc",7,"Yes","No","No","No","No","No","No","No","No","No",""
"01-05-06-43","Roots and tubers- potato, sweet potato, cassava, arrow roots, cooking banana",3,"Yes","No","No","No","No","No","No","No","No","No",""
"01-05-06-43","Vegetables- spinach, pumpkin, cabbage, tomato, onion",7,"Yes","No","No","No","No","No","No","No","No","No",""
"01-05-06-43","Fruits- orange, mango, guava, rice paw paw/papaya, pineapple, etc",7,"Yes","No","No","No","No","No","No","No","No","No",""
"01-05-06-43","Meat, poultry, organ meat- goat, sheep, cow, chicken, liver, kidney, intestines",4,"No","No","No","No","Yes","No","No","No","No","No",""
"01-05-06-43","Fish and seafood (dried or fresh)- sardines, dagaa/omena",2,"No","No","No","No","Yes","No","No","No","No","No",""
"01-05-06-43","Oil/fats- oil, fat, butter, ghee, etc",7,"No","No","No","No","Yes","No","No","No","No","No",""
"01-05-06-43","Sugar and sweets- sugar, honey, sweets, desserts",7,"No","No","No","No","Yes","No","No","No","No","No",""
"01-05-06-43","Miscellaneous- tea, coffee, beverages, condiments, spices",7,"No","No","No","No","Yes","No","No","No","No","No",""
"12-46-80-99","Cereals- rice, maize, chapatti, wheat, sorghum, bread, etc",7,"Yes","No","No","No","No","No","No","No","No","No",""
"12-46-80-99","Vegetables- spinach, pumpkin, cabbage, tomato, onion",7,"No","No","No","No","Yes","No","No","No","No","No",""
"12-46-80-99","Fruits- orange, mango, guava, rice paw paw/papaya, pineapple, etc",2,"No","No","No","No","Yes","No","No","No","No","No",""
"12-46-80-99","Oil/fats- oil, fat, butter, ghee, etc",7,"No","No","No","No","Yes","No","No","No","No","No",""
"34-76-42-19","Cereals- rice, maize, chapatti, wheat, sorghum, bread, etc",7,"Yes","No","No","No","No","No","No","No","No","No",""
"34-76-42-19","Vegetables- spinach, pumpkin, cabbage, tomato, onion",7,"Yes","No","No","No","No","No","No","No","No","No",""
"34-76-42-19","Meat, poultry, organ meat- goat, sheep, cow, chicken, liver, kidney, intestines",1,"No","No","No","No","Yes","No","No","No","No","No",""
"34-76-42-19","Fish and seafood (dried or fresh)- sardines, dagaa/omena",1,"No","No","No","No","Yes","No","No","No","No","No",""
"62-44-56-00","Cereals- rice, maize, chapatti, wheat, sorghum, bread, etc",7,"Yes","No","No","No","Yes","No","No","No","No","No",""
"62-44-56-00","Vegetables- spinach, pumpkin, cabbage, tomato, onion",7,"Yes","No","No","No","No","No","No","No","No","No",""
"62-44-56-00","Meat, poultry, organ meat- goat, sheep, cow, chicken, liver, kidney, intestines",3,"No","No","No","No","Yes","No","No","No","No","No",""
"62-44-56-00","Eggs",5,"Yes","No","No","No","No","No","No","No","No","No",""
"62-44-56-00","Pulses, legumes, nuts, seeds",3,"Yes","No","No","No","No","No","No","No","No","No",""
"62-44-56-00","Sugar and sweets- sugar, honey, sweets, desserts",7,"No","No","No","No","Yes","No","No","No","No","No",""
"62-44-56-00","Miscellaneous- tea, coffee, beverages, condiments, spices",7,"No","No","Yes","No","No","No","No","No","No","No",""
"35-05-05-79","Cereals- rice, maize, chapatti, wheat, sorghum, bread, etc",7,"Yes","No","No","No","No","No","No","No","No","No",""
"35-05-05-79","Roots and tubers- potato, sweet potato, cassava, arrow roots, cooking banana",2,"Yes","No","No","No","No","No","No","No","No","No",""
"35-05-05-79","Vegetables- spinach, pumpkin, cabbage, tomato, onion",7,"Yes","No","No","No","No","No","No","No","No","No",""
"35-05-05-79","Fruits- orange, mango, guava, rice paw paw/papaya, pineapple, etc",4,"No","No","No","No","Yes","No","No","No","No","No",""
"35-05-05-79","Meat, poultry, organ meat- goat, sheep, cow, chicken, liver, kidney, intestines",1,"No","No","No","No","Yes","No","No","No","No","No",""
"35-05-05-79","Eggs",4,"Yes","No","No","No","No","No","No","No","No","No",""
"35-05-05-79","Fish and seafood (dried or fresh)- sardines, dagaa/omena",2,"No","No","No","No","Yes","No","No","No","No","No",""
"35-05-05-79","Pulses, legumes, nuts, seeds",3,"Yes","No","No","No","No","No","No","No","No","No",""
"35-05-05-79","Oil/fats- oil, fat, butter, ghee, etc",7,"No","No","No","No","Yes","No","No","No","No","No",""
"35-05-05-79","Sugar and sweets- sugar, honey, sweets, desserts",7,"No","No","No","No","Yes","No","No","No","No","No",""
"35-05-05-79","Miscellaneous- tea, coffee, beverages, condiments, spices",7,"Yes","No","No","No","No","No","No","No","No","No",""
"00-88-32-67","Cereals- rice, maize, chapatti, wheat, sorghum, bread, etc",7,"Yes","No","No","No","Yes","No","No","No","No","No",""
"00-88-32-67","Vegetables- spinach, pumpkin, cabbage, tomato, onion",7,"Yes","No","No","No","No","No","No","No","No","No",""
"00-88-32-67","Meat, poultry, organ meat- goat, sheep, cow, chicken, liver, kidney, intestines",1,"No","No","No","No","Yes","No","No","No","No","No",""
"00-88-32-67","Fish and seafood (dried or fresh)- sardines, dagaa/omena",2,"No","No","No","No","Yes","No","No","No","No","No",""
"00-88-32-67","Oil/fats- oil, fat, butter, ghee, etc",7,"Yes","No","No","No","No","No","No","No","No","No",""
"00-88-32-67","Sugar and sweets- sugar, honey, sweets, desserts",7,"No","No","No","No","Yes","No","No","No","No","No",""
"00-88-32-67","Miscellaneous- tea, coffee, beverages, condiments, spices",7,"Yes","No","No","No","No","No","No","No","No","No",""
"65-77-01-81","Cereals- rice, maize, chapatti, wheat, sorghum, bread, etc",7,"Yes","No","No","No","No","No","No","No","No","No",""
"65-77-01-81","Vegetables- spinach, pumpkin, cabbage, tomato, onion",7,"No","No","No","No","Yes","No","No","No","No","No",""
"65-77-01-81","Fruits- orange, mango, guava, rice paw paw/papaya, pineapple, etc",2,"No","No","No","No","Yes","No","No","No","No","No",""
"65-77-01-81","Oil/fats- oil, fat, butter, ghee, etc",7,"No","No","No","No","Yes","No","No","No","No","No",""
"68-46-66-56","Cereals- rice, maize, chapatti, wheat, sorghum, bread, etc",7,"Yes","No","No","No","Yes","No","No","No","No","No",""
"68-46-66-56","Vegetables- spinach, pumpkin, cabbage, tomato, onion",7,"No","No","No","No","Yes","No","No","No","No","No",""
"68-46-66-56","Meat, poultry, organ meat- goat, sheep, cow, chicken, liver, kidney, intestines",1,"No","No","No","No","Yes","No","No","No","No","No",""
"68-46-66-56","Eggs",1,"Yes","No","No","No","No","No","No","No","No","No",""
"68-46-66-56","Fish and seafood (dried or fresh)- sardines, dagaa/omena",1,"No","No","No","No","Yes","No","No","No","No","No",""
"68-46-66-56","Oil/fats- oil, fat, butter, ghee, etc",7,"No","No","No","No","Yes","No","No","No","No","No",""
"68-46-66-56","Sugar and sweets- sugar, honey, sweets, desserts",4,"No","No","No","No","Yes","No","No","No","No","No",""
"68-46-66-56","Miscellaneous- tea, coffee, beverages, condiments, spices",1,"No","No","No","No","Yes","No","No","No","No","No",""
"30-46-23-21","Cereals- rice, maize, chapatti, wheat, sorghum, bread, etc",7,"Yes","No","No","No","No","No","No","No","No","No",""
"30-46-23-21","Vegetables- spinach, pumpkin, cabbage, tomato, onion",7,"No","No","No","No","Yes","No","No","No","No","No",""
"30-46-23-21","Meat, poultry, organ meat- goat, sheep, cow, chicken, liver, kidney, intestines",1,"No","No","No","No","Yes","No","No","No","No","No",""
"30-46-23-21","Fish and seafood (dried or fresh)- sardines, dagaa/omena",1,"No","No","No","No","Yes","No","No","No","No","No",""
"30-46-23-21","Oil/fats- oil, fat, butter, ghee, etc",7,"No","No","No","No","Yes","No","No","No","No","No",""
"30-46-23-21","Miscellaneous- tea, coffee, beverages, condiments, spices",7,"No","No","No","No","Yes","No","No","No","No","No",""
"13-17-41-36","Cereals- rice, maize, chapatti, wheat, sorghum, bread, etc",7,"Yes","No","No","No","Yes","No","No","No","No","No",""
"13-17-41-36","Roots and tubers- potato, sweet potato, cassava, arrow roots, cooking banana",2,"No","No","No","No","Yes","No","No","No","No","No",""
"13-17-41-36","Vegetables- spinach, pumpkin, cabbage, tomato, onion",7,"No","No","No","No","Yes","No","No","No","No","No",""
"13-17-41-36","Fruits- orange, mango, guava, rice paw paw/papaya, pineapple, etc",3,"No","No","No","No","Yes","No","No","No","No","No",""
"13-17-41-36","Meat, poultry, organ meat- goat, sheep, cow, chicken, liver, kidney, intestines",2,"No","No","No","No","Yes","No","No","No","No","No",""
"13-17-41-36","Fish and seafood (dried or fresh)- sardines, dagaa/omena",2,"No","No","No","No","Yes","No","No","No","No","No",""
"13-17-41-36","Pulses, legumes, nuts, seeds",7,"Yes","No","No","No","No","No","No","No","No","No",""
"13-17-41-36","Oil/fats- oil, fat, butter, ghee, etc",7,"No","No","No","No","Yes","No","No","No","No","No",""
"13-17-41-36","Sugar and sweets- sugar, honey, sweets, desserts",7,"No","No","No","No","Yes","No","No","No","No","No",""
"13-17-41-36","Miscellaneous- tea, coffee, beverages, condiments, spices",7,"No","No","No","No","Yes","No","No","No","No","No",""
"99-55-34-47","Cereals- rice, maize, chapatti, wheat, sorghum, bread, etc",7,"Yes","No","No","No","No","No","No","No","No","No",""
"99-55-34-47","Vegetables- spinach, pumpkin, cabbage, tomato, onion",7,"Yes","No","No","No","No","No","No","No","No","No",""
"99-55-34-47","Pulses, legumes, nuts, seeds",5,"Yes","No","No","No","No","No","No","No","No","No",""
"99-55-34-47","Sugar and sweets- sugar, honey, sweets, desserts",3,"No","No","No","No","Yes","No","No","No","No","No",""
"99-55-34-47","Miscellaneous- tea, coffee, beverages, condiments, spices",3,"No","No","No","No","Yes","No","No","No","No","No",""
"82-90-83-43","Cereals- rice, maize, chapatti, wheat, sorghum, bread, etc",7,"Yes","No","No","No","Yes","No","No","No","No","No",""
"82-90-83-43","Vegetables- spinach, pumpkin, cabbage, tomato, onion",7,"No","No","No","No","Yes","No","No","No","No","No",""
"82-90-83-43","Fruits- orange, mango, guava, rice paw paw/papaya, pineapple, etc",7,"No","No","No","No","Yes","No","No","No","No","No",""
"82-90-83-43","Meat, poultry, organ meat- goat, sheep, cow, chicken, liver, kidney, intestines",1,"No","No","No","No","Yes","No","No","No","No","No",""
"82-90-83-43","Fish and seafood (dried or fresh)- sardines, dagaa/omena",1,"No","No","No","No","Yes","No","No","No","No","No",""
"82-90-83-43","Pulses, legumes, nuts, seeds",2,"No","No","No","No","Yes","No","No","No","No","No",""
"82-90-83-43","Sugar and sweets- sugar, honey, sweets, desserts",3,"No","No","No","No","Yes","No","No","No","No","No",""
"82-90-83-43","Miscellaneous- tea, coffee, beverages, condiments, spices",3,"No","No","No","No","Yes","No","No","No","No","No",""
"98-51-51-03","Cereals- rice, maize, chapatti, wheat, sorghum, bread, etc",7,"Yes","No","No","No","No","No","No","No","No","No",""
"98-51-51-03","Vegetables- spinach, pumpkin, cabbage, tomato, onion",7,"Yes","No","No","No","No","No","No","No","No","No",""
"98-51-51-03","Fruits- orange, mango, guava, rice paw paw/papaya, pineapple, etc",3,"Yes","No","No","No","No","No","No","No","No","No",""
"98-51-51-03","Fish and seafood (dried or fresh)- sardines, dagaa/omena",1,"No","No","No","No","Yes","No","No","No","No","No",""
"98-51-51-03","Pulses, legumes, nuts, seeds",2,"No","No","No","No","No","No","No","Yes","No","No",""
"98-51-51-03","Oil/fats- oil, fat, butter, ghee, etc",7,"No","No","No","No","Yes","No","No","No","No","No",""
"98-51-51-03","Sugar and sweets- sugar, honey, sweets, desserts",2,"Yes","No","No","No","No","No","No","No","No","No",""
"98-51-51-03","Miscellaneous- tea, coffee, beverages, condiments, spices",3,"No","No","No","No","Yes","No","No","No","No","No",""
"10-71-84-42","Cereals- rice, maize, chapatti, wheat, sorghum, bread, etc",7,"Yes","No","No","No","No","No","No","No","No","No",""
"10-71-84-42","Vegetables- spinach, pumpkin, cabbage, tomato, onion",7,"Yes","No","No","No","Yes","No","No","No","No","No",""
"10-71-84-42","Meat, poultry, organ meat- goat, sheep, cow, chicken, liver, kidney, intestines",3,"No","No","No","No","Yes","No","No","No","No","No",""
"10-71-84-42","Fish and seafood (dried or fresh)- sardines, dagaa/omena",2,"No","No","No","No","Yes","No","No","No","No","No",""
"10-71-84-42","Milk and milk products- fresh, powdered, yogurt, cheese, etc",2,"No","No","No","No","No","No","No","Yes","No","No",""
"10-71-84-42","Oil/fats- oil, fat, butter, ghee, etc",7,"Yes","No","No","No","No","No","No","No","No","No",""
"49-18-02-61","Cereals- rice, maize, chapatti, wheat, sorghum, bread, etc",7,"Yes","No","No","No","Yes","No","No","No","No","No",""
"49-18-02-61","Vegetables- spinach, pumpkin, cabbage, tomato, onion",7,"Yes","No","No","No","No","No","No","No","No","No",""
"49-18-02-61","Fruits- orange, mango, guava, rice paw paw/papaya, pineapple, etc",7,"Yes","No","No","No","Yes","No","No","No","No","No",""
"49-18-02-61","Meat, poultry, organ meat- goat, sheep, cow, chicken, liver, kidney, intestines",1,"No","No","No","No","Yes","No","No","No","No","No",""
"49-18-02-61","Fish and seafood (dried or fresh)- sardines, dagaa/omena",2,"No","No","No","No","Yes","No","No","No","No","No",""
"49-18-02-61","Pulses, legumes, nuts, seeds",7,"Yes","No","No","No","No","No","No","No","No","No",""
"49-18-02-61","Oil/fats- oil, fat, butter, ghee, etc",7,"No","No","No","No","Yes","No","No","No","No","No",""
"49-18-02-61","Sugar and sweets- sugar, honey, sweets, desserts",7,"No","No","No","No","Yes","No","No","No","No","No",""
"49-18-02-61","Miscellaneous- tea, coffee, beverages, condiments, spices",7,"Yes","No","No","No","Yes","No","No","No","No","No",""
"58-97-08-64","Cereals- rice, maize, chapatti, wheat, sorghum, bread, etc",7,"Yes","No","No","No","Yes","No","No","No","No","No",""
"58-97-08-64","Vegetables- spinach, pumpkin, cabbage, tomato, onion",7,"Yes","No","No","No","Yes","No","No","No","No","No",""
"58-97-08-64","Fish and seafood (dried or fresh)- sardines, dagaa/omena",1,"No","No","No","No","Yes","No","No","No","No","No",""
"58-97-08-64","Pulses, legumes, nuts, seeds",2,"No","No","No","No","Yes","No","No","No","No","No",""
"61-93-54-26","Cereals- rice, maize, chapatti, wheat, sorghum, bread, etc",7,"Yes","No","No","No","Yes","No","No","No","No","No",""
"61-93-54-26","Roots and tubers- potato, sweet potato, cassava, arrow roots, cooking banana",2,"No","No","No","No","Yes","No","No","No","No","No",""
"61-93-54-26","Vegetables- spinach, pumpkin, cabbage, tomato, onion",7,"Yes","No","No","No","No","No","No","No","No","No",""
"61-93-54-26","Fruits- orange, mango, guava, rice paw paw/papaya, pineapple, etc",3,"Yes","No","No","No","No","No","No","No","No","No",""
"61-93-54-26","Meat, poultry, organ meat- goat, sheep, cow, chicken, liver, kidney, intestines",2,"No","No","No","No","Yes","No","No","No","No","No",""
"61-93-54-26","Eggs",1,"No","No","No","No","Yes","No","No","No","No","No",""
"61-93-54-26","Fish and seafood (dried or fresh)- sardines, dagaa/omena",2,"No","No","No","No","Yes","No","No","No","No","No",""
"61-93-54-26","Pulses, legumes, nuts, seeds",3,"Yes","No","No","No","No","No","No","No","No","No",""
"61-93-54-26","Oil/fats- oil, fat, butter, ghee, etc",7,"No","No","No","No","Yes","No","No","No","No","No",""
"61-93-54-26","Sugar and sweets- sugar, honey, sweets, desserts",6,"No","No","No","No","Yes","No","No","No","No","No",""
"61-93-54-26","Miscellaneous- tea, coffee, beverages, condiments, spices",7,"Yes","No","No","No","No","No","No","No","No","No",""
"51-95-58-91","Cereals- rice, maize, chapatti, wheat, sorghum, bread, etc",7,"Yes","No","No","No","No","No","No","No","No","No",""
"51-95-58-91","Roots and tubers- potato, sweet potato, cassava, arrow roots, cooking banana",2,"No","No","No","No","Yes","No","No","No","No","No",""
"51-95-58-91","Vegetables- spinach, pumpkin, cabbage, tomato, onion",7,"Yes","No","No","No","Yes","No","No","No","No","No",""
"51-95-58-91","Fruits- orange, mango, guava, rice paw paw/papaya, pineapple, etc",7,"No","No","No","No","Yes","No","No","No","No","No",""
"51-95-58-91","Meat, poultry, organ meat- goat, sheep, cow, chicken, liver, kidney, intestines",3,"No","No","No","No","Yes","No","No","No","No","No",""
"51-95-58-91","Fish and seafood (dried or fresh)- sardines, dagaa/omena",2,"No","No","No","No","Yes","No","No","No","No","No",""
"51-95-58-91","Milk and milk products- fresh, powdered, yogurt, cheese, etc",7,"Yes","No","No","No","No","No","No","No","No","No",""
"51-95-58-91","Oil/fats- oil, fat, butter, ghee, etc",7,"Yes","No","No","No","No","No","No","No","No","No",""
"51-95-58-91","Sugar and sweets- sugar, honey, sweets, desserts",7,"No","No","No","No","Yes","No","No","No","No","No",""
"51-95-58-91","Miscellaneous- tea, coffee, beverages, condiments, spices",7,"No","No","No","No","Yes","No","No","No","No","No",""
"32-49-75-13","Cereals- rice, maize, chapatti, wheat, sorghum, bread, etc",7,"Yes","No","No","No","No","No","No","No","No","No",""
"32-49-75-13","Vegetables- spinach, pumpkin, cabbage, tomato, onion",3,"Yes","No","No","No","No","No","No","No","No","No",""
"32-49-75-13","Fruits- orange, mango, guava, rice paw paw/papaya, pineapple, etc",7,"No","No","No","No","Yes","No","No","No","No","No",""
"32-49-75-13","Meat, poultry, organ meat- goat, sheep, cow, chicken, liver, kidney, intestines",4,"No","No","No","No","Yes","No","No","No","No","No",""
"32-49-75-13","Oil/fats- oil, fat, butter, ghee, etc",7,"Yes","No","No","No","No","No","No","No","No","No",""
"32-49-75-13","Sugar and sweets- sugar, honey, sweets, desserts",7,"No","No","No","No","Yes","No","No","No","No","No",""
"32-49-75-13","Miscellaneous- tea, coffee, beverages, condiments, spices",7,"Yes","No","No","No","No","No","No","No","No","No",""
"68-39-51-63","Cereals- rice, maize, chapatti, wheat, sorghum, bread, etc",7,"Yes","No","No","No","No","No","No","No","No","No",""
"68-39-51-63","Vegetables- spinach, pumpkin, cabbage, tomato, onion",7,"Yes","No","No","No","No","No","No","No","No","No",""
"68-39-51-63","Oil/fats- oil, fat, butter, ghee, etc",7,"Yes","No","No","No","No","No","No","No","No","No",""
"71-91-68-16","Cereals- rice, maize, chapatti, wheat, sorghum, bread, etc",7,"Yes","No","No","No","No","No","No","No","No","No",""
"71-91-68-16","Roots and tubers- potato, sweet potato, cassava, arrow roots, cooking banana",3,"Yes","No","No","No","No","No","No","No","No","No",""
"71-91-68-16","Vegetables- spinach, pumpkin, cabbage, tomato, onion",4,"Yes","No","No","No","No","No","No","No","No","No",""
"71-91-68-16","Fruits- orange, mango, guava, rice paw paw/papaya, pineapple, etc",2,"No","No","No","No","Yes","No","No","No","No","No",""
"71-91-68-16","Pulses, legumes, nuts, seeds",7,"Yes","No","No","No","No","No","No","No","No","No",""
"71-91-68-16","Sugar and sweets- sugar, honey, sweets, desserts",7,"No","No","No","No","Yes","No","No","No","No","No",""
"71-91-68-16","Miscellaneous- tea, coffee, beverages, condiments, spices",7,"No","No","No","No","Yes","No","No","No","No","No",""
"46-13-75-58","Cereals- rice, maize, chapatti, wheat, sorghum, bread, etc",7,"Yes","No","No","No","No","No","No","No","No","No",""
"46-13-75-58","Vegetables- spinach, pumpkin, cabbage, tomato, onion",5,"Yes","No","No","No","Yes","No","No","No","No","No",""
"46-13-75-58","Fruits- orange, mango, guava, rice paw paw/papaya, pineapple, etc",3,"No","No","No","No","Yes","No","No","No","No","No",""
"46-13-75-58","Meat, poultry, organ meat- goat, sheep, cow, chicken, liver, kidney, intestines",1,"No","No","No","No","Yes","No","No","No","No","No",""
"46-13-75-58","Fish and seafood (dried or fresh)- sardines, dagaa/omena",2,"No","No","No","No","Yes","No","No","No","No","No",""
"46-13-75-58","Pulses, legumes, nuts, seeds",3,"Yes","No","No","No","Yes","No","No","No","No","No",""
"46-13-75-58","Oil/fats- oil, fat, butter, ghee, etc",7,"No","No","No","No","Yes","No","No","No","No","No",""
"46-13-75-58","Sugar and sweets- sugar, honey, sweets, desserts",7,"No","No","No","No","Yes","No","No","No","No","No",""
"40-78-00-02","Cereals- rice, maize, chapatti, wheat, sorghum, bread, etc",5,"Yes","No","No","No","No","No","No","No","No","No",""
"40-78-00-02","Roots and tubers- potato, sweet potato, cassava, arrow roots, cooking banana",3,"Yes","No","No","No","No","No","No","No","No","No",""
"40-78-00-02","Vegetables- spinach, pumpkin, cabbage, tomato, onion",7,"Yes","No","No","No","No","No","No","No","No","No",""
"40-78-00-02","Meat, poultry, organ meat- goat, sheep, cow, chicken, liver, kidney, intestines",1,"No","No","No","No","Yes","No","No","No","No","No",""
"40-78-00-02","Fish and seafood (dried or fresh)- sardines, dagaa/omena",2,"No","No","No","No","Yes","No","No","No","No","No",""
"40-78-00-02","Oil/fats- oil, fat, butter, ghee, etc",7,"No","No","No","No","Yes","No","No","No","No","No",""
"40-78-00-02","Sugar and sweets- sugar, honey, sweets, desserts",7,"No","No","No","No","Yes","No","No","No","No","No",""
"69-63-50-52","Cereals- rice, maize, chapatti, wheat, sorghum, bread, etc",7,"Yes","No","No","No","Yes","No","No","No","No","No",""
"69-63-50-52","Vegetables- spinach, pumpkin, cabbage, tomato, onion",7,"No","No","No","No","Yes","No","No","No","No","No",""
"69-63-50-52","Meat, poultry, organ meat- goat, sheep, cow, chicken, liver, kidney, intestines",4,"No","No","No","No","Yes","No","No","No","No","No",""
"69-63-50-52","Fish and seafood (dried or fresh)- sardines, dagaa/omena",2,"No","No","No","No","Yes","No","No","No","No","No",""
"69-63-50-52","Pulses, legumes, nuts, seeds",2,"Yes","No","No","No","No","No","No","No","No","No",""
"69-63-50-52","Oil/fats- oil, fat, butter, ghee, etc",7,"No","No","No","No","Yes","No","No","No","No","No",""
"69-63-50-52","Sugar and sweets- sugar, honey, sweets, desserts",7,"No","No","No","No","Yes","No","No","No","No","No",""
"69-63-50-52","Miscellaneous- tea, coffee, beverages, condiments, spices",7,"No","No","No","No","Yes","No","No","No","No","No",""
"20-96-52-92","Cereals- rice, maize, chapatti, wheat, sorghum, bread, etc",7,"Yes","No","No","No","No","No","No","No","No","No",""
"20-96-52-92","Roots and tubers- potato, sweet potato, cassava, arrow roots, cooking banana",2,"No","No","No","No","Yes","No","No","No","No","No",""
"20-96-52-92","Vegetables- spinach, pumpkin, cabbage, tomato, onion",2,"No","No","No","No","Yes","No","No","No","No","No",""
"20-96-52-92","Meat, poultry, organ meat- goat, sheep, cow, chicken, liver, kidney, intestines",2,"No","No","No","No","Yes","No","No","No","No","No",""
"20-96-52-92","Eggs",1,"Yes","No","No","No","No","No","No","No","No","No",""
"20-96-52-92","Fish and seafood (dried or fresh)- sardines, dagaa/omena",1,"No","No","No","No","Yes","No","No","No","No","No",""
"20-96-52-92","Pulses, legumes, nuts, seeds",2,"Yes","No","No","No","No","No","No","No","No","No",""
"20-96-52-92","Milk and milk products- fresh, powdered, yogurt, cheese, etc",1,"No","No","No","No","Yes","No","No","No","No","No",""
"20-96-52-92","Oil/fats- oil, fat, butter, ghee, etc",7,"No","No","No","No","Yes","No","No","No","No","No",""
"20-96-52-92","Miscellaneous- tea, coffee, beverages, condiments, spices",7,"No","No","No","No","Yes","No","No","No","No","No",""
"37-33-23-29","Cereals- rice, maize, chapatti, wheat, sorghum, bread, etc",7,"Yes","No","No","No","Yes","No","No","No","No","No",""
"37-33-23-29","Roots and tubers- potato, sweet potato, cassava, arrow roots, cooking banana",5,"Yes","No","No","No","Yes","No","No","No","No","No",""
"37-33-23-29","Vegetables- spinach, pumpkin, cabbage, tomato, onion",7,"Yes","No","No","No","Yes","No","No","No","No","No",""
"37-33-23-29","Fruits- orange, mango, guava, rice paw paw/papaya, pineapple, etc",4,"No","No","No","No","Yes","No","No","Yes","No","No",""
"37-33-23-29","Meat, poultry, organ meat- goat, sheep, cow, chicken, liver, kidney, intestines",5,"No","No","No","No","Yes","No","No","No","No","No",""
"37-33-23-29","Eggs",6,"Yes","No","No","No","No","No","No","No","No","No",""
"37-33-23-29","Fish and seafood (dried or fresh)- sardines, dagaa/omena",5,"No","No","No","No","Yes","No","No","No","No","No",""
"37-33-23-29","Pulses, legumes, nuts, seeds",5,"Yes","No","No","No","No","No","No","No","No","No",""
"37-33-23-29","Oil/fats- oil, fat, butter, ghee, etc",7,"Yes","No","No","No","No","No","No","No","No","No",""
"37-33-23-29","Sugar and sweets- sugar, honey, sweets, desserts",7,"No","No","No","No","Yes","No","No","No","No","No",""
"37-33-23-29","Miscellaneous- tea, coffee, beverages, condiments, spices",7,"No","No","No","No","Yes","No","No","No","No","No",""
"55-09-60-79","Cereals- rice, maize, chapatti, wheat, sorghum, bread, etc",7,"Yes","No","No","No","No","No","No","No","No","No",""
"55-09-60-79","Vegetables- spinach, pumpkin, cabbage, tomato, onion",7,"No","No","No","No","Yes","No","No","No","No","No",""
"55-09-60-79","Fruits- orange, mango, guava, rice paw paw/papaya, pineapple, etc",7,"No","No","No","No","Yes","No","No","No","No","No",""
"55-09-60-79","Meat, poultry, organ meat- goat, sheep, cow, chicken, liver, kidney, intestines",1,"No","No","No","No","Yes","No","No","No","No","No",""
"55-09-60-79","Fish and seafood (dried or fresh)- sardines, dagaa/omena",2,"No","No","No","No","Yes","No","No","No","No","No",""
"55-09-60-79","Pulses, legumes, nuts, seeds",3,"No","No","No","No","Yes","No","No","No","No","No",""
"55-09-60-79","Milk and milk products- fresh, powdered, yogurt, cheese, etc",1,"No","No","No","No","Yes","No","No","No","No","No",""
"55-09-60-79","Oil/fats- oil, fat, butter, ghee, etc",7,"No","No","No","No","Yes","No","No","No","No","No",""
"55-09-60-79","Sugar and sweets- sugar, honey, sweets, desserts",7,"No","No","No","No","Yes","No","No","No","No","No",""
"55-09-60-79","Miscellaneous- tea, coffee, beverages, condiments, spices",7,"No","No","No","No","Yes","No","No","No","No","No",""
"13-88-02-80","Cereals- rice, maize, chapatti, wheat, sorghum, bread, etc",7,"Yes","No","No","No","No","No","No","No","No","No",""
"13-88-02-80","Vegetables- spinach, pumpkin, cabbage, tomato, onion",7,"Yes","No","No","No","No","No","No","No","No","No",""
"13-88-02-80","Fruits- orange, mango, guava, rice paw paw/papaya, pineapple, etc",7,"Yes","No","No","No","No","No","No","No","No","No",""
"13-88-02-80","Pulses, legumes, nuts, seeds",1,"Yes","No","No","No","No","No","No","No","No","No",""
"13-88-02-80","Oil/fats- oil, fat, butter, ghee, etc",7,"Yes","No","No","No","No","No","No","No","No","No",""
"13-88-02-80","Sugar and sweets- sugar, honey, sweets, desserts",7,"No","No","No","No","Yes","No","No","No","No","No",""
"50-55-09-07","Cereals- rice, maize, chapatti, wheat, sorghum, bread, etc",7,"No","No","No","No","No","No","No","Yes","No","No",""
"50-55-09-07","Vegetables- spinach, pumpkin, cabbage, tomato, onion",2,"No","No","No","No","No","No","No","Yes","No","No",""
"50-55-09-07","Meat, poultry, organ meat- goat, sheep, cow, chicken, liver, kidney, intestines",1,"No","No","No","No","No","No","No","Yes","No","No",""
"50-55-09-07","Milk and milk products- fresh, powdered, yogurt, cheese, etc",1,"No","No","No","No","No","No","No","Yes","No","No",""
"50-55-09-07","Oil/fats- oil, fat, butter, ghee, etc",1,"No","No","No","No","No","No","No","Yes","No","No",""
"85-93-95-50","Cereals- rice, maize, chapatti, wheat, sorghum, bread, etc",7,"Yes","No","No","No","No","No","No","No","No","No",""
"85-93-95-50","Vegetables- spinach, pumpkin, cabbage, tomato, onion",7,"Yes","No","No","No","No","No","No","No","No","No",""
"85-93-95-50","Pulses, legumes, nuts, seeds",7,"No","No","No","No","Yes","No","No","No","No","No",""
"85-93-95-50","Milk and milk products- fresh, powdered, yogurt, cheese, etc",7,"Yes","No","No","No","No","No","No","No","No","No",""
"97-19-27-00","Cereals- rice, maize, chapatti, wheat, sorghum, bread, etc",7,"Yes","No","No","No","Yes","No","No","No","No","No",""
"97-19-27-00","Vegetables- spinach, pumpkin, cabbage, tomato, onion",7,"No","No","No","No","Yes","No","No","No","No","No",""
"97-19-27-00","Fruits- orange, mango, guava, rice paw paw/papaya, pineapple, etc",3,"No","No","No","No","Yes","No","No","No","No","No",""
"97-19-27-00","Meat, poultry, organ meat- goat, sheep, cow, chicken, liver, kidney, intestines",1,"No","No","No","No","Yes","No","No","No","No","No",""
"97-19-27-00","Oil/fats- oil, fat, butter, ghee, etc",7,"No","No","No","No","Yes","No","No","No","No","No",""
"97-19-27-00","Sugar and sweets- sugar, honey, sweets, desserts",7,"No","No","No","No","Yes","No","No","No","No","No",""
"97-19-27-00","Miscellaneous- tea, coffee, beverages, condiments, spices",7,"No","No","No","No","Yes","No","No","No","No","No",""
"60-48-30-05","Cereals- rice, maize, chapatti, wheat, sorghum, bread, etc",7,"Yes","No","No","No","Yes","No","No","No","No","No",""
"60-48-30-05","Roots and tubers- potato, sweet potato, cassava, arrow roots, cooking banana",3,"Yes","No","No","No","No","No","No","No","No","No",""
"60-48-30-05","Vegetables- spinach, pumpkin, cabbage, tomato, onion",7,"No","No","No","No","Yes","No","No","No","No","No",""
"60-48-30-05","Meat, poultry, organ meat- goat, sheep, cow, chicken, liver, kidney, intestines",1,"No","No","No","No","Yes","No","No","No","No","No",""
"60-48-30-05","Pulses, legumes, nuts, seeds",2,"No","No","No","No","Yes","No","No","No","No","No",""
"60-48-30-05","Milk and milk products- fresh, powdered, yogurt, cheese, etc",2,"No","No","No","No","Yes","No","No","No","No","No",""
"80-01-40-08","Cereals- rice, maize, chapatti, wheat, sorghum, bread, etc",7,"Yes","No","No","No","Yes","No","No","No","No","No",""
"80-01-40-08","Roots and tubers- potato, sweet potato, cassava, arrow roots, cooking banana",4,"No","No","No","No","Yes","No","No","Yes","No","No",""
"80-01-40-08","Vegetables- spinach, pumpkin, cabbage, tomato, onion",7,"No","No","Yes","No","No","No","No","No","No","No",""
"80-01-40-08","Fish and seafood (dried or fresh)- sardines, dagaa/omena",2,"No","No","No","No","Yes","No","No","No","No","No",""
"29-52-09-79","Cereals- rice, maize, chapatti, wheat, sorghum, bread, etc",7,"Yes","No","No","No","No","No","No","No","No","No",""
"29-52-09-79","Vegetables- spinach, pumpkin, cabbage, tomato, onion",7,"Yes","No","No","No","No","No","No","No","No","No",""
"29-52-09-79","Oil/fats- oil, fat, butter, ghee, etc",7,"No","No","No","No","Yes","No","No","No","No","No",""
"07-76-06-35","Cereals- rice, maize, chapatti, wheat, sorghum, bread, etc",7,"Yes","No","No","No","No","No","No","No","No","No",""
"07-76-06-35","Vegetables- spinach, pumpkin, cabbage, tomato, onion",7,"No","No","No","No","Yes","No","No","No","No","No",""
"07-76-06-35","Meat, poultry, organ meat- goat, sheep, cow, chicken, liver, kidney, intestines",1,"No","No","No","No","Yes","No","No","No","No","No",""
"07-76-06-35","Fish and seafood (dried or fresh)- sardines, dagaa/omena",2,"No","No","No","No","Yes","No","No","No","No","No",""
"07-76-06-35","Oil/fats- oil, fat, butter, ghee, etc",7,"Yes","No","No","No","No","No","No","No","No","No",""
"73-75-27-37","Cereals- rice, maize, chapatti, wheat, sorghum, bread, etc",7,"Yes","No","No","No","Yes","No","No","No","No","No",""
"73-75-27-37","Vegetables- spinach, pumpkin, cabbage, tomato, onion",7,"No","No","No","No","Yes","No","No","No","No","No",""
"73-75-27-37","Fruits- orange, mango, guava, rice paw paw/papaya, pineapple, etc",7,"No","No","No","No","Yes","No","No","No","No","No",""
"73-75-27-37","Meat, poultry, organ meat- goat, sheep, cow, chicken, liver, kidney, intestines",7,"No","No","No","No","Yes","No","No","No","No","No",""
"73-75-27-37","Fish and seafood (dried or fresh)- sardines, dagaa/omena",3,"No","No","No","No","Yes","No","No","No","No","No",""
"73-75-27-37","Pulses, legumes, nuts, seeds",3,"No","No","No","No","Yes","No","No","No","No","No",""
"73-75-27-37","Oil/fats- oil, fat, butter, ghee, etc",7,"No","No","No","No","Yes","No","No","No","No","No",""
"73-75-27-37","Sugar and sweets- sugar, honey, sweets, desserts",7,"No","No","No","No","Yes","No","No","No","No","No",""
"73-75-27-37","Miscellaneous- tea, coffee, beverages, condiments, spices",7,"No","No","No","No","Yes","No","No","No","No","No",""
"99-26-76-45","Cereals- rice, maize, chapatti, wheat, sorghum, bread, etc",7,"Yes","No","No","No","No","No","No","No","No","No",""
"99-26-76-45","Vegetables- spinach, pumpkin, cabbage, tomato, onion",7,"Yes","No","No","No","No","No","No","No","No","No",""
"99-26-76-45","Oil/fats- oil, fat, butter, ghee, etc",7,"No","No","No","No","Yes","No","No","No","No","No",""
"99-26-76-45","Miscellaneous- tea, coffee, beverages, condiments, spices",7,"No","No","No","No","Yes","No","No","No","No","No",""
"91-46-41-86","Cereals- rice, maize, chapatti, wheat, sorghum, bread, etc",7,"Yes","No","No","No","No","No","No","No","No","No",""
"91-46-41-86","Vegetables- spinach, pumpkin, cabbage, tomato, onion",7,"Yes","No","No","No","No","No","No","No","No","No",""
"91-46-41-86","Fish and seafood (dried or fresh)- sardines, dagaa/omena",2,"No","No","No","No","Yes","No","No","No","No","No",""
"91-46-41-86","Oil/fats- oil, fat, butter, ghee, etc",7,"No","No","No","No","Yes","No","No","No","No","No",""
"67-86-22-06","Cereals- rice, maize, chapatti, wheat, sorghum, bread, etc",7,"Yes","No","No","No","No","No","No","No","No","No",""
"67-86-22-06","Roots and tubers- potato, sweet potato, cassava, arrow roots, cooking banana",3,"Yes","No","No","No","No","No","No","No","No","No",""
"67-86-22-06","Vegetables- spinach, pumpkin, cabbage, tomato, onion",7,"Yes","No","No","No","Yes","No","No","No","No","No",""
"67-86-22-06","Meat, poultry, organ meat- goat, sheep, cow, chicken, liver, kidney, intestines",2,"No","No","No","No","Yes","No","No","No","No","No",""
"67-86-22-06","Fish and seafood (dried or fresh)- sardines, dagaa/omena",3,"No","No","No","No","Yes","No","No","No","No","No",""
"67-86-22-06","Oil/fats- oil, fat, butter, ghee, etc",4,"No","No","No","No","Yes","No","No","No","No","No",""
"67-86-22-06","Sugar and sweets- sugar, honey, sweets, desserts",3,"No","No","No","No","Yes","No","No","No","No","No",""
"67-86-22-06","Miscellaneous- tea, coffee, beverages, condiments, spices",3,"No","No","No","No","Yes","No","No","No","No","No",""
"98-64-51-77","Cereals- rice, maize, chapatti, wheat, sorghum, bread, etc",7,"Yes","No","No","No","No","No","No","No","No","No",""
"98-64-51-77","Vegetables- spinach, pumpkin, cabbage, tomato, onion",7,"Yes","No","No","No","No","No","No","No","No","No",""
"98-64-51-77","Meat, poultry, organ meat- goat, sheep, cow, chicken, liver, kidney, intestines",2,"No","No","No","No","Yes","No","No","No","No","No",""
"98-64-51-77","Fish and seafood (dried or fresh)- sardines, dagaa/omena",1,"No","No","No","No","Yes","No","No","No","No","No",""
"98-64-51-77","Oil/fats- oil, fat, butter, ghee, etc",7,"Yes","No","No","No","No","No","No","No","No","No",""
"98-64-51-77","Miscellaneous- tea, coffee, beverages, condiments, spices",7,"Yes","No","No","No","No","No","No","No","No","No",""
"83-59-27-80","Cereals- rice, maize, chapatti, wheat, sorghum, bread, etc",7,"Yes","No","No","No","No","No","No","No","No","No",""
"83-59-27-80","Vegetables- spinach, pumpkin, cabbage, tomato, onion",7,"Yes","No","No","No","Yes","No","No","No","No","No",""
"83-59-27-80","Oil/fats- oil, fat, butter, ghee, etc",7,"No","No","No","No","Yes","No","No","No","No","No",""
"12-54-62-85","Cereals- rice, maize, chapatti, wheat, sorghum, bread, etc",7,"Yes","No","No","No","No","No","No","No","No","No",""
"12-54-62-85","Vegetables- spinach, pumpkin, cabbage, tomato, onion",7,"No","No","No","No","Yes","No","No","No","No","No",""
"12-54-62-85","Fruits- orange, mango, guava, rice paw paw/papaya, pineapple, etc",7,"Yes","No","No","No","Yes","No","No","No","No","No",""
"12-54-62-85","Fish and seafood (dried or fresh)- sardines, dagaa/omena",7,"No","No","No","No","Yes","No","No","No","No","No",""
"12-54-62-85","Pulses, legumes, nuts, seeds",2,"No","No","No","No","Yes","No","No","No","No","No",""
"12-54-62-85","Oil/fats- oil, fat, butter, ghee, etc",7,"No","No","No","No","Yes","No","No","No","No","No",""
"12-54-62-85","Sugar and sweets- sugar, honey, sweets, desserts",2,"No","No","No","No","Yes","No","No","No","No","No",""
"12-54-62-85","Miscellaneous- tea, coffee, beverages, condiments, spices",7,"No","No","No","No","Yes","No","No","No","No","No",""
"47-32-93-31","Cereals- rice, maize, chapatti, wheat, sorghum, bread, etc",7,"Yes","No","No","No","Yes","No","No","No","No","No",""
"47-32-93-31","Roots and tubers- potato, sweet potato, cassava, arrow roots, cooking banana",2,"No","No","No","No","Yes","No","No","No","No","No",""
"47-32-93-31","Vegetables- spinach, pumpkin, cabbage, tomato, onion",7,"No","No","No","No","Yes","No","No","No","No","No",""
"47-32-93-31","Fruits- orange, mango, guava, rice paw paw/papaya, pineapple, etc",2,"No","No","No","No","Yes","No","No","No","No","No",""
"47-32-93-31","Fish and seafood (dried or fresh)- sardines, dagaa/omena",2,"No","No","No","No","Yes","No","No","No","No","No",""
"47-32-93-31","Oil/fats- oil, fat, butter, ghee, etc",7,"No","No","No","No","Yes","No","No","No","No","No",""
"47-32-93-31","Miscellaneous- tea, coffee, beverages, condiments, spices",7,"No","No","No","No","Yes","No","No","No","No","No",""
"45-06-90-36","Cereals- rice, maize, chapatti, wheat, sorghum, bread, etc",2,"Yes","No","No","No","No","No","No","No","No","No",""
"45-06-90-36","Roots and tubers- potato, sweet potato, cassava, arrow roots, cooking banana",2,"No","No","No","No","Yes","No","No","No","No","No",""
"45-06-90-36","Vegetables- spinach, pumpkin, cabbage, tomato, onion",7,"Yes","No","No","No","No","No","No","No","No","No",""
"45-06-90-36","Fruits- orange, mango, guava, rice paw paw/papaya, pineapple, etc",1,"No","No","No","No","Yes","No","No","No","No","No",""
"45-06-90-36","Meat, poultry, organ meat- goat, sheep, cow, chicken, liver, kidney, intestines",2,"No","No","No","No","Yes","No","No","No","No","No",""
"45-06-90-36","Fish and seafood (dried or fresh)- sardines, dagaa/omena",1,"No","No","No","No","Yes","No","No","No","No","No",""
"45-06-90-36","Pulses, legumes, nuts, seeds",2,"Yes","No","No","No","No","No","No","No","No","No",""
"45-06-90-36","Oil/fats- oil, fat, butter, ghee, etc",7,"Yes","No","No","No","No","No","No","No","No","No",""
"45-06-90-36","Sugar and sweets- sugar, honey, sweets, desserts",2,"No","No","No","No","Yes","No","No","No","No","No",""
"45-06-90-36","Miscellaneous- tea, coffee, beverages, condiments, spices",7,"Yes","No","No","No","No","No","No","No","No","No",""
"24-42-82-26","Cereals- rice, maize, chapatti, wheat, sorghum, bread, etc",7,"Yes","No","No","No","Yes","No","No","No","No","No",""
"24-42-82-26","Roots and tubers- potato, sweet potato, cassava, arrow roots, cooking banana",2,"No","No","No","No","Yes","No","No","No","No","No",""
"24-42-82-26","Vegetables- spinach, pumpkin, cabbage, tomato, onion",4,"Yes","No","No","No","No","No","No","No","No","No",""
"24-42-82-26","Fruits- orange, mango, guava, rice paw paw/papaya, pineapple, etc",7,"Yes","No","No","No","No","No","No","No","No","No",""
"24-42-82-26","Meat, poultry, organ meat- goat, sheep, cow, chicken, liver, kidney, intestines",3,"No","No","No","No","Yes","No","No","No","No","No",""
"24-42-82-26","Eggs",3,"Yes","No","No","No","No","No","No","No","No","No",""
"24-42-82-26","Fish and seafood (dried or fresh)- sardines, dagaa/omena",2,"No","No","No","No","Yes","No","No","No","No","No",""
"24-42-82-26","Pulses, legumes, nuts, seeds",2,"No","No","No","No","Yes","No","No","No","No","No",""
"24-42-82-26","Milk and milk products- fresh, powdered, yogurt, cheese, etc",2,"No","No","No","No","Yes","No","No","No","No","No",""
"24-42-82-26","Oil/fats- oil, fat, butter, ghee, etc",7,"No","No","No","No","Yes","No","No","No","No","No",""
"24-42-82-26","Sugar and sweets- sugar, honey, sweets, desserts",3,"No","No","No","No","Yes","No","No","No","No","No",""
"24-42-82-26","Miscellaneous- tea, coffee, beverages, condiments, spices",7,"No","No","No","No","Yes","No","No","No","No","No",""
"22-27-70-86","Cereals- rice, maize, chapatti, wheat, sorghum, bread, etc",7,"Yes","No","No","No","No","No","No","No","No","No",""
"22-27-70-86","Roots and tubers- potato, sweet potato, cassava, arrow roots, cooking banana",7,"Yes","No","No","No","No","No","No","No","No","No",""
"22-27-70-86","Vegetables- spinach, pumpkin, cabbage, tomato, onion",7,"Yes","No","No","No","No","No","No","No","No","No",""
"22-27-70-86","Oil/fats- oil, fat, butter, ghee, etc",7,"No","No","No","No","Yes","No","No","No","No","No",""
"22-27-70-86","Sugar and sweets- sugar, honey, sweets, desserts",7,"No","No","No","No","Yes","No","No","No","No","No",""
"22-27-70-86","Miscellaneous- tea, coffee, beverages, condiments, spices",7,"Yes","No","No","No","No","No","No","No","No","No",""
"04-24-78-04","Cereals- rice, maize, chapatti, wheat, sorghum, bread, etc",4,"No","No","No","No","Yes","No","No","No","No","No",""
"04-24-78-04","Roots and tubers- potato, sweet potato, cassava, arrow roots, cooking banana",2,"No","No","No","No","Yes","No","No","No","No","No",""
"04-24-78-04","Vegetables- spinach, pumpkin, cabbage, tomato, onion",2,"No","No","No","No","Yes","No","No","No","No","No",""
"04-24-78-04","Fish and seafood (dried or fresh)- sardines, dagaa/omena",1,"No","No","No","No","Yes","No","No","No","No","No",""
"04-24-78-04","Pulses, legumes, nuts, seeds",1,"Yes","No","No","No","No","No","No","No","No","No",""
"04-24-78-04","Oil/fats- oil, fat, butter, ghee, etc",7,"Yes","No","No","No","No","No","No","No","No","No",""
"04-24-78-04","Sugar and sweets- sugar, honey, sweets, desserts",7,"Yes","No","No","No","No","No","No","No","No","No",""
"04-24-78-04","Miscellaneous- tea, coffee, beverages, condiments, spices",7,"Yes","No","No","No","No","No","No","No","No","No",""
"83-44-01-42","Cereals- rice, maize, chapatti, wheat, sorghum, bread, etc",7,"Yes","No","No","No","Yes","No","No","No","No","No",""
"83-44-01-42","Vegetables- spinach, pumpkin, cabbage, tomato, onion",3,"Yes","No","No","No","Yes","No","No","No","No","No",""
"83-44-01-42","Meat, poultry, organ meat- goat, sheep, cow, chicken, liver, kidney, intestines",1,"No","No","No","No","Yes","No","No","No","No","No",""
"83-44-01-42","Fish and seafood (dried or fresh)- sardines, dagaa/omena",2,"No","No","No","No","Yes","No","No","No","No","No",""
"83-44-01-42","Oil/fats- oil, fat, butter, ghee, etc",7,"No","No","No","No","Yes","No","No","No","No","No",""
"55-32-62-10","Cereals- rice, maize, chapatti, wheat, sorghum, bread, etc",7,"Yes","No","No","No","Yes","No","No","No","No","No",""
"55-32-62-10","Vegetables- spinach, pumpkin, cabbage, tomato, onion",7,"Yes","No","No","No","Yes","No","No","No","No","No",""
"55-32-62-10","Meat, poultry, organ meat- goat, sheep, cow, chicken, liver, kidney, intestines",1,"No","No","No","No","Yes","No","No","No","No","No",""
"55-32-62-10","Fish and seafood (dried or fresh)- sardines, dagaa/omena",2,"No","No","No","No","Yes","No","No","No","No","No",""
"55-32-62-10","Oil/fats- oil, fat, butter, ghee, etc",1,"No","No","No","No","Yes","No","No","No","No","No",""
"55-32-62-10","Sugar and sweets- sugar, honey, sweets, desserts",2,"No","No","No","No","Yes","No","No","No","No","No",""
"55-32-62-10","Miscellaneous- tea, coffee, beverages, condiments, spices",3,"No","No","No","No","Yes","No","No","No","No","No",""
"16-97-28-87","Cereals- rice, maize, chapatti, wheat, sorghum, bread, etc",7,"Yes","No","No","No","No","No","No","No","No","No",""
"16-97-28-87","Vegetables- spinach, pumpkin, cabbage, tomato, onion",7,"No","No","No","No","Yes","No","No","No","No","No",""
"16-97-28-87","Fruits- orange, mango, guava, rice paw paw/papaya, pineapple, etc",4,"Yes","No","No","No","No","No","No","No","No","No",""
"16-97-28-87","Meat, poultry, organ meat- goat, sheep, cow, chicken, liver, kidney, intestines",1,"No","No","No","No","Yes","No","No","No","No","No",""
"16-97-28-87","Pulses, legumes, nuts, seeds",3,"Yes","No","No","No","No","No","No","No","No","No",""
"16-97-28-87","Oil/fats- oil, fat, butter, ghee, etc",3,"No","No","No","No","Yes","No","No","No","No","No",""
"16-97-28-87","Sugar and sweets- sugar, honey, sweets, desserts",5,"Yes","No","No","No","No","No","No","No","No","No",""
"16-97-28-87","Miscellaneous- tea, coffee, beverages, condiments, spices",3,"Yes","No","No","No","No","No","No","No","No","No",""
"79-79-53-26","Cereals- rice, maize, chapatti, wheat, sorghum, bread, etc",7,"Yes","No","No","No","Yes","No","No","No","No","No",""
"79-79-53-26","Vegetables- spinach, pumpkin, cabbage, tomato, onion",7,"Yes","No","No","No","No","No","No","No","No","No",""
"79-79-53-26","Fruits- orange, mango, guava, rice paw paw/papaya, pineapple, etc",1,"Yes","No","No","No","No","No","No","No","No","No",""
"79-79-53-26","Meat, poultry, organ meat- goat, sheep, cow, chicken, liver, kidney, intestines",2,"No","No","No","No","Yes","No","No","No","No","No",""
"79-79-53-26","Pulses, legumes, nuts, seeds",2,"Yes","No","No","No","No","No","No","No","No","No",""
"79-79-53-26","Milk and milk products- fresh, powdered, yogurt, cheese, etc",2,"No","No","No","No","Yes","No","No","No","No","No",""
"79-79-53-26","Oil/fats- oil, fat, butter, ghee, etc",7,"No","No","No","No","Yes","No","No","No","No","No",""
"79-79-53-26","Sugar and sweets- sugar, honey, sweets, desserts",4,"No","No","No","No","Yes","No","No","No","No","No",""
"79-79-53-26","Miscellaneous- tea, coffee, beverages, condiments, spices",4,"No","No","No","No","Yes","No","No","No","No","No",""
"86-05-40-89","Cereals- rice, maize, chapatti, wheat, sorghum, bread, etc",4,"Yes","No","No","No","No","No","No","No","No","No",""
"86-05-40-89","Roots and tubers- potato, sweet potato, cassava, arrow roots, cooking banana",2,"No","No","No","No","Yes","No","No","No","No","No",""
"86-05-40-89","Vegetables- spinach, pumpkin, cabbage, tomato, onion",3,"Yes","No","No","No","No","No","No","No","No","No",""
"86-05-40-89","Fruits- orange, mango, guava, rice paw paw/papaya, pineapple, etc",2,"No","No","No","No","Yes","No","No","No","No","No",""
"86-05-40-89","Meat, poultry, organ meat- goat, sheep, cow, chicken, liver, kidney, intestines",1,"No","No","No","No","Yes","No","No","No","No","No",""
"86-05-40-89","Eggs",1,"No","No","No","No","Yes","No","No","No","No","No",""
"86-05-40-89","Fish and seafood (dried or fresh)- sardines, dagaa/omena",2,"No","No","No","No","Yes","No","No","No","No","No",""
"86-05-40-89","Pulses, legumes, nuts, seeds",2,"No","No","No","No","Yes","No","No","No","No","No",""
"86-05-40-89","Milk and milk products- fresh, powdered, yogurt, cheese, etc",2,"No","No","No","No","Yes","No","No","No","No","No",""
"86-05-40-89","Oil/fats- oil, fat, butter, ghee, etc",5,"No","No","No","No","Yes","No","No","No","No","No",""
"06-02-25-50","Cereals- rice, maize, chapatti, wheat, sorghum, bread, etc",7,"Yes","No","No","No","No","No","No","No","No","No",""
"06-02-25-50","Roots and tubers- potato, sweet potato, cassava, arrow roots, cooking banana",1,"No","No","No","No","Yes","No","No","No","No","No",""
"06-02-25-50","Vegetables- spinach, pumpkin, cabbage, tomato, onion",7,"Yes","No","No","No","No","No","No","No","No","No",""
"06-02-25-50","Meat, poultry, organ meat- goat, sheep, cow, chicken, liver, kidney, intestines",2,"No","No","No","No","Yes","No","No","No","No","No",""
"06-02-25-50","Fish and seafood (dried or fresh)- sardines, dagaa/omena",3,"No","No","No","No","Yes","No","No","No","No","No",""
"06-02-25-50","Pulses, legumes, nuts, seeds",7,"Yes","No","No","No","No","No","No","No","No","No",""
"06-02-25-50","Oil/fats- oil, fat, butter, ghee, etc",7,"Yes","No","No","No","No","No","No","No","No","No",""
"06-02-25-50","Sugar and sweets- sugar, honey, sweets, desserts",7,"No","No","No","No","Yes","No","No","No","No","No",""
"06-02-25-50","Miscellaneous- tea, coffee, beverages, condiments, spices",7,"Yes","No","No","No","No","No","No","No","No","No",""
"07-64-12-97","Cereals- rice, maize, chapatti, wheat, sorghum, bread, etc",7,"Yes","No","No","No","No","No","No","No","No","No",""
"07-64-12-97","Vegetables- spinach, pumpkin, cabbage, tomato, onion",7,"Yes","No","No","No","No","No","No","No","No","No",""
"07-64-12-97","Fruits- orange, mango, guava, rice paw paw/papaya, pineapple, etc",3,"No","No","No","No","No","No","No","Yes","No","No",""
"07-64-12-97","Oil/fats- oil, fat, butter, ghee, etc",7,"No","No","No","No","Yes","No","No","No","No","No",""
"67-73-53-75","Cereals- rice, maize, chapatti, wheat, sorghum, bread, etc",7,"Yes","No","No","No","No","No","No","No","No","No",""
"67-73-53-75","Vegetables- spinach, pumpkin, cabbage, tomato, onion",7,"Yes","No","No","No","No","No","No","No","No","No",""
"67-73-53-75","Fruits- orange, mango, guava, rice paw paw/papaya, pineapple, etc",2,"No","No","No","No","Yes","No","No","No","No","No",""
"67-73-53-75","Meat, poultry, organ meat- goat, sheep, cow, chicken, liver, kidney, intestines",1,"No","No","No","No","Yes","No","No","No","No","No",""
"67-73-53-75","Pulses, legumes, nuts, seeds",1,"No","No","No","No","Yes","No","No","No","No","No",""
"67-73-53-75","Oil/fats- oil, fat, butter, ghee, etc",7,"No","No","No","No","Yes","No","No","No","No","No",""
"96-07-74-28","Cereals- rice, maize, chapatti, wheat, sorghum, bread, etc",7,"Yes","No","No","No","No","No","No","No","No","No",""
"96-07-74-28","Vegetables- spinach, pumpkin, cabbage, tomato, onion",7,"No","No","No","No","Yes","No","No","No","No","No",""
"96-07-74-28","Meat, poultry, organ meat- goat, sheep, cow, chicken, liver, kidney, intestines",1,"No","No","No","No","Yes","No","No","No","No","No",""
"96-07-74-28","Fish and seafood (dried or fresh)- sardines, dagaa/omena",1,"No","No","No","No","Yes","No","No","No","No","No",""
"96-07-74-28","Oil/fats- oil, fat, butter, ghee, etc",7,"No","No","No","No","Yes","No","No","No","No","No",""
"13-42-68-56","Cereals- rice, maize, chapatti, wheat, sorghum, bread, etc",7,"Yes","No","No","No","Yes","No","No","No","No","No",""
"13-42-68-56","Roots and tubers- potato, sweet potato, cassava, arrow roots, cooking banana",3,"Yes","No","No","No","No","No","No","No","No","No",""
"13-42-68-56","Vegetables- spinach, pumpkin, cabbage, tomato, onion",4,"No","No","No","No","Yes","No","No","No","No","No",""
"13-42-68-56","Fruits- orange, mango, guava, rice paw paw/papaya, pineapple, etc",3,"No","No","No","No","Yes","No","No","No","No","No",""
"13-42-68-56","Meat, poultry, organ meat- goat, sheep, cow, chicken, liver, kidney, intestines",1,"No","No","No","No","Yes","No","No","No","No","No",""
"13-42-68-56","Eggs",2,"No","No","No","No","Yes","No","No","No","No","No",""
"13-42-68-56","Fish and seafood (dried or fresh)- sardines, dagaa/omena",4,"No","No","No","No","Yes","No","No","No","No","No",""
"13-42-68-56","Pulses, legumes, nuts, seeds",4,"No","No","No","No","Yes","No","No","No","No","No",""
"13-42-68-56","Milk and milk products- fresh, powdered, yogurt, cheese, etc",3,"No","No","No","No","Yes","No","No","No","No","No",""
"13-42-68-56","Oil/fats- oil, fat, butter, ghee, etc",7,"No","No","No","No","Yes","No","No","No","No","No",""
"13-42-68-56","Sugar and sweets- sugar, honey, sweets, desserts",7,"No","No","No","No","Yes","No","No","No","No","No",""
"13-42-68-56","Miscellaneous- tea, coffee, beverages, condiments, spices",7,"No","No","No","No","Yes","No","No","No","No","No",""
"78-89-03-74","Cereals- rice, maize, chapatti, wheat, sorghum, bread, etc",7,"Yes","No","No","No","No","No","No","No","No","No",""
"78-89-03-74","Roots and tubers- potato, sweet potato, cassava, arrow roots, cooking banana",3,"Yes","No","No","No","No","No","No","No","No","No",""
"78-89-03-74","Vegetables- spinach, pumpkin, cabbage, tomato, onion",7,"Yes","No","No","No","No","No","No","No","No","No",""
"78-89-03-74","Fruits- orange, mango, guava, rice paw paw/papaya, pineapple, etc",2,"Yes","No","No","No","No","No","No","No","No","No",""
"78-89-03-74","Oil/fats- oil, fat, butter, ghee, etc",7,"No","No","No","No","Yes","No","No","No","No","No",""
"78-89-03-74","Sugar and sweets- sugar, honey, sweets, desserts",7,"No","No","No","No","Yes","No","No","No","No","No",""
"78-89-03-74","Miscellaneous- tea, coffee, beverages, condiments, spices",7,"Yes","No","No","No","No","No","No","No","No","No",""
"29-15-86-87","Cereals- rice, maize, chapatti, wheat, sorghum, bread, etc",7,"Yes","No","No","No","Yes","No","No","No","No","No",""
"29-15-86-87","Roots and tubers- potato, sweet potato, cassava, arrow roots, cooking banana",3,"No","No","No","No","Yes","No","No","No","No","No",""
"29-15-86-87","Vegetables- spinach, pumpkin, cabbage, tomato, onion",7,"Yes","No","No","No","No","No","No","No","No","No",""
"29-15-86-87","Fruits- orange, mango, guava, rice paw paw/papaya, pineapple, etc",3,"No","No","No","No","Yes","No","No","No","No","No",""
"29-15-86-87","Fish and seafood (dried or fresh)- sardines, dagaa/omena",2,"No","No","No","No","Yes","No","No","No","No","No",""
"29-15-86-87","Oil/fats- oil, fat, butter, ghee, etc",7,"No","No","No","No","Yes","No","No","No","No","No",""
"29-15-86-87","Sugar and sweets- sugar, honey, sweets, desserts",5,"No","No","No","No","Yes","No","No","No","No","No",""
"29-15-86-87","Miscellaneous- tea, coffee, beverages, condiments, spices",7,"No","No","No","No","Yes","No","No","No","No","No",""
"83-15-50-69","Cereals- rice, maize, chapatti, wheat, sorghum, bread, etc",7,"Yes","No","No","No","Yes","No","No","No","No","No",""
"83-15-50-69","Roots and tubers- potato, sweet potato, cassava, arrow roots, cooking banana",2,"No","No","No","No","Yes","No","No","No","No","No",""
"83-15-50-69","Vegetables- spinach, pumpkin, cabbage, tomato, onion",7,"No","No","No","No","Yes","No","No","No","No","No",""
"83-15-50-69","Fruits- orange, mango, guava, rice paw paw/papaya, pineapple, etc",7,"No","No","No","No","Yes","No","No","No","No","No",""
"83-15-50-69","Meat, poultry, organ meat- goat, sheep, cow, chicken, liver, kidney, intestines",1,"No","No","No","No","Yes","No","No","No","No","No",""
"83-15-50-69","Fish and seafood (dried or fresh)- sardines, dagaa/omena",3,"No","No","No","No","Yes","No","No","No","No","No",""
"83-15-50-69","Pulses, legumes, nuts, seeds",3,"Yes","No","No","No","No","No","No","No","No","No",""
"83-15-50-69","Milk and milk products- fresh, powdered, yogurt, cheese, etc",1,"No","No","No","No","Yes","No","No","No","No","No",""
"83-15-50-69","Oil/fats- oil, fat, butter, ghee, etc",7,"No","No","No","No","Yes","No","No","No","No","No",""
"83-15-50-69","Sugar and sweets- sugar, honey, sweets, desserts",7,"No","No","No","No","Yes","No","No","No","No","No",""
"83-15-50-69","Miscellaneous- tea, coffee, beverages, condiments, spices",7,"No","No","No","No","Yes","No","No","No","No","No",""
"96-73-61-56","Cereals- rice, maize, chapatti, wheat, sorghum, bread, etc",7,"Yes","No","No","No","Yes","No","No","No","No","No",""
"96-73-61-56","Roots and tubers- potato, sweet potato, cassava, arrow roots, cooking banana",3,"Yes","No","No","No","No","No","No","No","No","No",""
"96-73-61-56","Vegetables- spinach, pumpkin, cabbage, tomato, onion",7,"Yes","No","No","No","No","No","No","No","No","No",""
"96-73-61-56","Fruits- orange, mango, guava, rice paw paw/papaya, pineapple, etc",2,"No","No","No","No","Yes","No","No","No","No","No",""
"96-73-61-56","Meat, poultry, organ meat- goat, sheep, cow, chicken, liver, kidney, intestines",1,"No","No","No","No","Yes","No","No","No","No","No",""
"96-73-61-56","Fish and seafood (dried or fresh)- sardines, dagaa/omena",2,"No","No","No","No","Yes","No","No","No","No","No",""
"96-73-61-56","Pulses, legumes, nuts, seeds",2,"No","No","No","No","No","No","No","Yes","No","No",""
"96-73-61-56","Milk and milk products- fresh, powdered, yogurt, cheese, etc",7,"No","No","No","No","Yes","No","No","No","No","No",""
"96-73-61-56","Oil/fats- oil, fat, butter, ghee, etc",7,"No","No","No","No","Yes","No","No","No","No","No",""
"96-73-61-56","Sugar and sweets- sugar, honey, sweets, desserts",7,"No","No","No","No","Yes","No","No","No","No","No",""
"96-73-61-56","Miscellaneous- tea, coffee, beverages, condiments, spices",7,"No","No","No","No","Yes","No","No","No","No","No",""
"68-46-53-43","Cereals- rice, maize, chapatti, wheat, sorghum, bread, etc",7,"Yes","No","No","No","No","No","No","No","No","No",""
"68-46-53-43","Vegetables- spinach, pumpkin, cabbage, tomato, onion",7,"Yes","No","No","No","No","No","No","No","No","No",""
"68-46-53-43","Fruits- orange, mango, guava, rice paw paw/papaya, pineapple, etc",2,"No","No","No","No","Yes","No","No","No","No","No",""
"68-46-53-43","Eggs",1,"Yes","No","No","No","No","No","No","No","No","No",""
"68-46-53-43","Oil/fats- oil, fat, butter, ghee, etc",7,"No","No","No","No","Yes","No","No","No","No","No",""
"68-46-53-43","Sugar and sweets- sugar, honey, sweets, desserts",7,"No","No","No","No","Yes","No","No","No","No","No",""
"65-84-91-55","Cereals- rice, maize, chapatti, wheat, sorghum, bread, etc",7,"Yes","No","No","No","No","No","No","No","No","No",""
"65-84-91-55","Roots and tubers- potato, sweet potato, cassava, arrow roots, cooking banana",2,"Yes","No","No","No","No","No","No","No","No","No",""
"65-84-91-55","Vegetables- spinach, pumpkin, cabbage, tomato, onion",2,"Yes","No","No","No","No","No","No","No","No","No",""
"65-84-91-55","Meat, poultry, organ meat- goat, sheep, cow, chicken, liver, kidney, intestines",1,"No","No","No","No","Yes","No","No","No","No","No",""
"65-84-91-55","Pulses, legumes, nuts, seeds",3,"Yes","No","No","No","No","No","No","No","No","No",""
"65-84-91-55","Oil/fats- oil, fat, butter, ghee, etc",3,"No","No","No","No","Yes","No","No","No","No","No",""
"79-25-63-35","Cereals- rice, maize, chapatti, wheat, sorghum, bread, etc",7,"Yes","No","No","No","Yes","No","No","No","No","No",""
"79-25-63-35","Roots and tubers- potato, sweet potato, cassava, arrow roots, cooking banana",5,"Yes","No","No","No","No","No","No","No","No","No",""
"79-25-63-35","Vegetables- spinach, pumpkin, cabbage, tomato, onion",5,"Yes","No","No","No","Yes","No","No","No","No","No",""
"79-25-63-35","Fruits- orange, mango, guava, rice paw paw/papaya, pineapple, etc",2,"No","No","No","No","No","No","No","Yes","No","No",""
"79-25-63-35","Meat, poultry, organ meat- goat, sheep, cow, chicken, liver, kidney, intestines",3,"No","No","No","No","Yes","No","No","No","No","No",""
"79-25-63-35","Fish and seafood (dried or fresh)- sardines, dagaa/omena",5,"No","No","No","No","Yes","No","No","No","No","No",""
"79-25-63-35","Pulses, legumes, nuts, seeds",5,"Yes","No","No","No","Yes","No","No","No","No","No",""
"79-25-63-35","Milk and milk products- fresh, powdered, yogurt, cheese, etc",2,"No","No","No","No","Yes","No","No","No","No","No",""
"79-25-63-35","Oil/fats- oil, fat, butter, ghee, etc",7,"No","No","No","No","Yes","No","No","No","No","No",""
"79-25-63-35","Sugar and sweets- sugar, honey, sweets, desserts",4,"No","No","No","No","Yes","No","No","No","No","No",""
"79-25-63-35","Miscellaneous- tea, coffee, beverages, condiments, spices",4,"No","No","No","No","Yes","No","No","No","No","No",""
"80-29-04-22","Cereals- rice, maize, chapatti, wheat, sorghum, bread, etc",7,"Yes","No","No","No","No","No","No","No","No","No",""
"80-29-04-22","Roots and tubers- potato, sweet potato, cassava, arrow roots, cooking banana",1,"Yes","No","No","No","No","No","No","No","No","No",""
"80-29-04-22","Vegetables- spinach, pumpkin, cabbage, tomato, onion",7,"Yes","No","No","No","Yes","No","No","No","No","No",""
"80-29-04-22","Meat, poultry, organ meat- goat, sheep, cow, chicken, liver, kidney, intestines",1,"No","No","No","No","Yes","No","No","No","No","No",""
"80-29-04-22","Oil/fats- oil, fat, butter, ghee, etc",7,"No","No","No","No","Yes","No","No","No","No","No",""
"15-34-92-71","Cereals- rice, maize, chapatti, wheat, sorghum, bread, etc",7,"Yes","No","No","No","No","No","No","No","No","No",""
"15-34-92-71","Vegetables- spinach, pumpkin, cabbage, tomato, onion",7,"No","No","No","No","Yes","No","No","No","No","No",""
"15-34-92-71","Meat, poultry, organ meat- goat, sheep, cow, chicken, liver, kidney, intestines",1,"No","No","No","No","No","No","No","Yes","No","No",""
"15-34-92-71","Oil/fats- oil, fat, butter, ghee, etc",7,"Yes","No","No","No","No","No","No","No","No","No",""
"15-34-92-71","Sugar and sweets- sugar, honey, sweets, desserts",2,"No","No","No","No","No","No","No","Yes","No","No",""
"15-34-92-71","Miscellaneous- tea, coffee, beverages, condiments, spices",3,"No","No","No","No","No","No","No","Yes","No","No",""
"28-29-76-59","Cereals- rice, maize, chapatti, wheat, sorghum, bread, etc",7,"Yes","No","No","No","Yes","No","No","No","No","No",""
"28-29-76-59","Roots and tubers- potato, sweet potato, cassava, arrow roots, cooking banana",3,"No","No","No","No","Yes","No","No","No","No","No",""
"28-29-76-59","Vegetables- spinach, pumpkin, cabbage, tomato, onion",7,"Yes","No","No","No","No","No","No","No","No","No",""
"28-29-76-59","Fruits- orange, mango, guava, rice paw paw/papaya, pineapple, etc",4,"No","No","No","No","Yes","No","No","No","No","No",""
"28-29-76-59","Meat, poultry, organ meat- goat, sheep, cow, chicken, liver, kidney, intestines",3,"No","No","No","No","Yes","No","No","No","No","No",""
"28-29-76-59","Fish and seafood (dried or fresh)- sardines, dagaa/omena",2,"No","No","No","No","Yes","No","No","No","No","No",""
"28-29-76-59","Pulses, legumes, nuts, seeds",7,"No","No","No","No","Yes","No","No","No","No","No",""
"28-29-76-59","Milk and milk products- fresh, powdered, yogurt, cheese, etc",5,"No","No","No","No","Yes","No","No","No","No","No",""
"28-29-76-59","Oil/fats- oil, fat, butter, ghee, etc",7,"No","No","No","No","Yes","No","No","No","No","No",""
"28-29-76-59","Sugar and sweets- sugar, honey, sweets, desserts",7,"No","No","No","No","Yes","No","No","No","No","No",""
"28-29-76-59","Miscellaneous- tea, coffee, beverages, condiments, spices",7,"No","No","No","No","Yes","No","No","No","No","No",""
"26-01-09-21","Cereals- rice, maize, chapatti, wheat, sorghum, bread, etc",7,"Yes","No","No","No","No","No","No","No","No","No",""
"26-01-09-21","Vegetables- spinach, pumpkin, cabbage, tomato, onion",7,"Yes","No","No","No","Yes","No","No","No","No","No",""
"26-01-09-21","Oil/fats- oil, fat, butter, ghee, etc",7,"No","No","No","No","Yes","No","No","No","No","No",""
"29-37-06-51","Cereals- rice, maize, chapatti, wheat, sorghum, bread, etc",6,"Yes","No","No","No","No","No","No","No","No","No",""
"29-37-06-51","Roots and tubers- potato, sweet potato, cassava, arrow roots, cooking banana",3,"Yes","No","No","No","No","No","No","No","No","No",""
"29-37-06-51","Vegetables- spinach, pumpkin, cabbage, tomato, onion",4,"Yes","No","No","No","Yes","No","No","No","No","No",""
"29-37-06-51","Fruits- orange, mango, guava, rice paw paw/papaya, pineapple, etc",2,"No","No","No","No","No","No","No","Yes","No","No",""
"29-37-06-51","Fish and seafood (dried or fresh)- sardines, dagaa/omena",3,"No","No","No","No","Yes","No","No","No","No","No",""
"29-37-06-51","Pulses, legumes, nuts, seeds",2,"No","No","No","No","Yes","No","No","No","No","No",""
"29-37-06-51","Miscellaneous- tea, coffee, beverages, condiments, spices",2,"No","No","No","No","No","No","No","Yes","No","No",""
"81-06-47-80","Cereals- rice, maize, chapatti, wheat, sorghum, bread, etc",7,"Yes","No","No","No","Yes","No","No","No","No","No",""
"81-06-47-80","Vegetables- spinach, pumpkin, cabbage, tomato, onion",7,"Yes","No","No","No","No","No","No","No","No","No",""
"81-06-47-80","Fruits- orange, mango, guava, rice paw paw/papaya, pineapple, etc",7,"Yes","No","No","No","No","No","No","No","No","No",""
"81-06-47-80","Fish and seafood (dried or fresh)- sardines, dagaa/omena",1,"No","No","No","No","Yes","No","No","No","No","No",""
"81-06-47-80","Oil/fats- oil, fat, butter, ghee, etc",7,"No","No","No","No","Yes","No","No","No","No","No",""
"81-06-47-80","Sugar and sweets- sugar, honey, sweets, desserts",4,"No","No","No","No","Yes","No","No","No","No","No",""
"81-06-47-80","Miscellaneous- tea, coffee, beverages, condiments, spices",7,"No","No","No","No","Yes","No","No","No","No","No",""
"65-79-07-96","Cereals- rice, maize, chapatti, wheat, sorghum, bread, etc",7,"Yes","No","No","No","No","No","No","No","No","No",""
"65-79-07-96","Vegetables- spinach, pumpkin, cabbage, tomato, onion",7,"No","No","No","No","Yes","No","No","No","No","No",""
"65-79-07-96","Pulses, legumes, nuts, seeds",7,"No","No","No","No","Yes","No","No","No","No","No",""
"65-79-07-96","Oil/fats- oil, fat, butter, ghee, etc",7,"No","No","No","No","Yes","No","No","No","No","No",""
"10-31-70-66","Cereals- rice, maize, chapatti, wheat, sorghum, bread, etc",7,"Yes","No","No","No","No","No","No","No","No","No",""
"10-31-70-66","Vegetables- spinach, pumpkin, cabbage, tomato, onion",7,"Yes","No","No","No","Yes","No","No","No","No","No",""
"10-31-70-66","Fruits- orange, mango, guava, rice paw paw/papaya, pineapple, etc",2,"No","No","No","No","Yes","No","No","No","No","No",""
"10-31-70-66","Meat, poultry, organ meat- goat, sheep, cow, chicken, liver, kidney, intestines",2,"No","No","No","No","Yes","No","No","No","No","No",""
"10-31-70-66","Oil/fats- oil, fat, butter, ghee, etc",7,"No","No","No","No","Yes","No","No","No","No","No",""
"10-31-70-66","Sugar and sweets- sugar, honey, sweets, desserts",7,"No","No","No","No","Yes","No","No","No","No","No",""
"32-61-55-41","Cereals- rice, maize, chapatti, wheat, sorghum, bread, etc",7,"Yes","No","No","No","No","No","No","No","No","No",""
"32-61-55-41","Vegetables- spinach, pumpkin, cabbage, tomato, onion",7,"No","No","No","No","Yes","No","No","No","No","No",""
"32-61-55-41","Fish and seafood (dried or fresh)- sardines, dagaa/omena",2,"No","No","No","No","Yes","No","No","No","No","No",""
"32-61-55-41","Milk and milk products- fresh, powdered, yogurt, cheese, etc",5,"No","No","No","No","No","No","No","Yes","No","No",""
"32-61-55-41","Oil/fats- oil, fat, butter, ghee, etc",7,"No","No","No","No","Yes","No","No","No","No","No",""
"33-65-05-28","Cereals- rice, maize, chapatti, wheat, sorghum, bread, etc",7,"No","No","No","No","Yes","No","No","No","No","No",""
"33-65-05-28","Roots and tubers- potato, sweet potato, cassava, arrow roots, cooking banana",2,"No","No","No","No","Yes","No","No","No","No","No",""
"33-65-05-28","Vegetables- spinach, pumpkin, cabbage, tomato, onion",7,"Yes","No","No","No","No","No","No","No","No","No",""
"33-65-05-28","Fruits- orange, mango, guava, rice paw paw/papaya, pineapple, etc",2,"No","No","No","No","Yes","No","No","No","No","No",""
"33-65-05-28","Oil/fats- oil, fat, butter, ghee, etc",7,"No","No","No","No","Yes","No","No","No","No","No",""
"33-65-05-28","Sugar and sweets- sugar, honey, sweets, desserts",7,"No","No","No","No","Yes","No","No","No","No","No",""
"33-65-05-28","Miscellaneous- tea, coffee, beverages, condiments, spices",7,"No","No","No","No","Yes","No","No","No","No","No",""
"37-31-29-27","Cereals- rice, maize, chapatti, wheat, sorghum, bread, etc",7,"Yes","No","No","No","No","No","No","No","No","No",""
"37-31-29-27","Vegetables- spinach, pumpkin, cabbage, tomato, onion",7,"Yes","No","No","No","Yes","No","No","No","No","No",""
"37-31-29-27","Fruits- orange, mango, guava, rice paw paw/papaya, pineapple, etc",4,"No","No","No","No","Yes","No","No","No","No","No",""
"37-31-29-27","Meat, poultry, organ meat- goat, sheep, cow, chicken, liver, kidney, intestines",2,"No","No","No","No","Yes","No","No","No","No","No",""
"37-31-29-27","Oil/fats- oil, fat, butter, ghee, etc",7,"No","No","No","No","Yes","No","No","No","No","No",""
"37-31-29-27","Sugar and sweets- sugar, honey, sweets, desserts",7,"No","No","No","No","Yes","No","No","No","No","No",""
"13-98-20-22","Cereals- rice, maize, chapatti, wheat, sorghum, bread, etc",7,"Yes","No","No","No","Yes","No","No","No","No","No",""
"13-98-20-22","Roots and tubers- potato, sweet potato, cassava, arrow roots, cooking banana",1,"No","No","No","No","Yes","No","No","No","No","No",""
"13-98-20-22","Vegetables- spinach, pumpkin, cabbage, tomato, onion",5,"No","No","No","No","Yes","No","No","No","No","No",""
"13-98-20-22","Meat, poultry, organ meat- goat, sheep, cow, chicken, liver, kidney, intestines",1,"No","No","No","No","Yes","No","No","No","No","No",""
"13-98-20-22","Eggs",2,"Yes","No","No","No","No","No","No","No","No","No",""
"13-98-20-22","Fish and seafood (dried or fresh)- sardines, dagaa/omena",1,"No","No","No","No","Yes","No","No","No","No","No",""
"13-98-20-22","Pulses, legumes, nuts, seeds",3,"Yes","No","No","No","No","No","No","No","No","No",""
"13-98-20-22","Milk and milk products- fresh, powdered, yogurt, cheese, etc",5,"Yes","No","No","No","No","No","No","No","No","No",""
"13-98-20-22","Oil/fats- oil, fat, butter, ghee, etc",7,"No","No","No","No","Yes","No","No","No","No","No",""
"13-98-20-22","Sugar and sweets- sugar, honey, sweets, desserts",4,"No","No","No","No","Yes","No","No","No","No","No",""
"13-98-20-22","Miscellaneous- tea, coffee, beverages, condiments, spices",7,"No","No","No","No","Yes","No","No","No","No","No",""
"04-80-94-39","Cereals- rice, maize, chapatti, wheat, sorghum, bread, etc",7,"Yes","No","No","No","Yes","No","No","No","No","No",""
"04-80-94-39","Roots and tubers- potato, sweet potato, cassava, arrow roots, cooking banana",1,"No","No","No","No","Yes","No","No","No","No","No",""
"04-80-94-39","Vegetables- spinach, pumpkin, cabbage, tomato, onion",7,"Yes","No","No","No","No","No","No","No","No","No",""
"04-80-94-39","Fruits- orange, mango, guava, rice paw paw/papaya, pineapple, etc",4,"No","No","No","No","Yes","No","No","No","No","No",""
"04-80-94-39","Meat, poultry, organ meat- goat, sheep, cow, chicken, liver, kidney, intestines",1,"No","No","No","No","Yes","No","No","No","No","No",""
"04-80-94-39","Fish and seafood (dried or fresh)- sardines, dagaa/omena",2,"No","No","No","No","Yes","No","No","No","No","No",""
"04-80-94-39","Pulses, legumes, nuts, seeds",1,"No","No","No","No","No","No","No","Yes","No","No",""
"04-80-94-39","Oil/fats- oil, fat, butter, ghee, etc",7,"No","No","No","No","Yes","No","No","No","No","No",""
"04-80-94-39","Sugar and sweets- sugar, honey, sweets, desserts",7,"No","No","No","No","Yes","No","No","No","No","No",""
"04-80-94-39","Miscellaneous- tea, coffee, beverages, condiments, spices",7,"No","No","No","No","Yes","No","No","No","No","No",""
"28-75-01-80","Cereals- rice, maize, chapatti, wheat, sorghum, bread, etc",7,"Yes","No","No","No","No","No","No","No","No","No",""
"28-75-01-80","Vegetables- spinach, pumpkin, cabbage, tomato, onion",4,"No","No","No","No","Yes","No","No","No","No","No",""
"28-75-01-80","Meat, poultry, organ meat- goat, sheep, cow, chicken, liver, kidney, intestines",1,"No","No","No","No","Yes","No","No","No","No","No",""
"28-75-01-80","Fish and seafood (dried or fresh)- sardines, dagaa/omena",5,"No","No","No","No","Yes","No","No","No","No","No",""
"28-75-01-80","Milk and milk products- fresh, powdered, yogurt, cheese, etc",2,"No","No","No","No","Yes","No","No","No","No","No",""
"28-75-01-80","Oil/fats- oil, fat, butter, ghee, etc",7,"No","No","No","No","Yes","No","No","No","No","No",""
"30-19-51-31","Cereals- rice, maize, chapatti, wheat, sorghum, bread, etc",7,"Yes","No","No","No","No","No","No","No","No","No",""
"30-19-51-31","Roots and tubers- potato, sweet potato, cassava, arrow roots, cooking banana",2,"Yes","No","No","No","No","No","No","No","No","No",""
"30-19-51-31","Vegetables- spinach, pumpkin, cabbage, tomato, onion",7,"Yes","No","No","No","No","No","No","No","No","No",""
"30-19-51-31","Meat, poultry, organ meat- goat, sheep, cow, chicken, liver, kidney, intestines",1,"Yes","No","No","No","Yes","No","No","No","No","No",""
"30-19-51-31","Pulses, legumes, nuts, seeds",2,"Yes","No","No","No","No","No","No","No","No","No",""
"30-19-51-31","Oil/fats- oil, fat, butter, ghee, etc",7,"No","No","No","No","Yes","No","No","No","No","No",""
"29-29-81-12","Cereals- rice, maize, chapatti, wheat, sorghum, bread, etc",7,"No","No","No","No","No","No","No","Yes","No","No",""
"29-29-81-12","Vegetables- spinach, pumpkin, cabbage, tomato, onion",7,"No","No","No","No","Yes","No","No","No","No","No",""
"29-29-81-12","Fish and seafood (dried or fresh)- sardines, dagaa/omena",1,"No","No","No","No","Yes","No","No","No","No","No",""
"29-29-81-12","Pulses, legumes, nuts, seeds",1,"No","No","No","No","Yes","No","No","No","No","No",""
"29-29-81-12","Oil/fats- oil, fat, butter, ghee, etc",7,"Yes","No","No","No","Yes","No","No","No","No","No",""
"29-29-81-12","Sugar and sweets- sugar, honey, sweets, desserts",7,"No","No","No","No","Yes","No","No","No","No","No",""
"29-29-81-12","Miscellaneous- tea, coffee, beverages, condiments, spices",7,"No","No","No","No","Yes","No","No","No","No","No",""
"83-66-69-06","Cereals- rice, maize, chapatti, wheat, sorghum, bread, etc",7,"Yes","No","No","No","No","No","No","No","No","No",""
"83-66-69-06","Vegetables- spinach, pumpkin, cabbage, tomato, onion",7,"No","No","No","No","Yes","No","No","No","No","No",""
"83-66-69-06","Oil/fats- oil, fat, butter, ghee, etc",7,"Yes","No","No","No","No","No","No","No","No","No",""
"26-43-59-91","Cereals- rice, maize, chapatti, wheat, sorghum, bread, etc",7,"Yes","No","No","No","No","No","No","No","No","No",""
"26-43-59-91","Roots and tubers- potato, sweet potato, cassava, arrow roots, cooking banana",2,"Yes","No","No","No","No","No","No","No","No","No",""
"26-43-59-91","Vegetables- spinach, pumpkin, cabbage, tomato, onion",3,"No","No","No","No","Yes","No","No","No","No","No",""
"26-43-59-91","Fruits- orange, mango, guava, rice paw paw/papaya, pineapple, etc",3,"Yes","No","No","No","No","No","No","No","No","No",""
"26-43-59-91","Meat, poultry, organ meat- goat, sheep, cow, chicken, liver, kidney, intestines",1,"No","No","No","No","Yes","No","No","No","No","No",""
"26-43-59-91","Eggs",1,"Yes","No","No","No","No","No","No","No","No","No",""
"26-43-59-91","Fish and seafood (dried or fresh)- sardines, dagaa/omena",1,"No","No","No","No","Yes","No","No","No","No","No",""
"26-43-59-91","Pulses, legumes, nuts, seeds",1,"Yes","No","No","No","No","No","No","No","No","No",""
"26-43-59-91","Oil/fats- oil, fat, butter, ghee, etc",7,"Yes","No","No","No","No","No","No","No","No","No",""
"97-96-91-38","Cereals- rice, maize, chapatti, wheat, sorghum, bread, etc",6,"Yes","No","No","No","No","No","No","No","No","No",""
"97-96-91-38","Roots and tubers- potato, sweet potato, cassava, arrow roots, cooking banana",1,"No","No","No","No","Yes","No","No","No","No","No",""
"97-96-91-38","Vegetables- spinach, pumpkin, cabbage, tomato, onion",7,"Yes","No","No","No","No","No","No","No","No","No",""
"97-96-91-38","Fruits- orange, mango, guava, rice paw paw/papaya, pineapple, etc",5,"Yes","No","No","No","Yes","No","No","No","No","No",""
"97-96-91-38","Meat, poultry, organ meat- goat, sheep, cow, chicken, liver, kidney, intestines",1,"No","No","No","No","Yes","No","No","No","No","No",""
"97-96-91-38","Fish and seafood (dried or fresh)- sardines, dagaa/omena",2,"No","No","No","No","Yes","No","No","No","No","No",""
"97-96-91-38","Pulses, legumes, nuts, seeds",2,"Yes","No","No","No","No","No","No","No","No","No",""
"97-96-91-38","Oil/fats- oil, fat, butter, ghee, etc",7,"Yes","No","No","No","No","No","No","No","No","No",""
"27-34-90-31","Cereals- rice, maize, chapatti, wheat, sorghum, bread, etc",7,"Yes","No","No","No","Yes","No","No","No","No","No",""
"27-34-90-31","Vegetables- spinach, pumpkin, cabbage, tomato, onion",7,"No","No","No","No","Yes","No","No","No","No","No",""
"27-34-90-31","Fruits- orange, mango, guava, rice paw paw/papaya, pineapple, etc",3,"No","No","No","No","Yes","No","No","No","No","No",""
"27-34-90-31","Fish and seafood (dried or fresh)- sardines, dagaa/omena",2,"No","No","No","No","Yes","No","No","No","No","No",""
"27-34-90-31","Oil/fats- oil, fat, butter, ghee, etc",7,"No","No","No","No","Yes","No","No","No","No","No",""
"27-34-90-31","Sugar and sweets- sugar, honey, sweets, desserts",7,"No","No","No","No","Yes","No","No","No","No","No",""
"27-34-90-31","Miscellaneous- tea, coffee, beverages, condiments, spices",7,"No","No","No","No","Yes","No","No","No","No","No",""
"23-72-17-40","Cereals- rice, maize, chapatti, wheat, sorghum, bread, etc",7,"Yes","No","No","No","Yes","No","No","No","No","No",""
"23-72-17-40","Vegetables- spinach, pumpkin, cabbage, tomato, onion",7,"No","No","No","No","Yes","No","No","No","No","No",""
"23-72-17-40","Fruits- orange, mango, guava, rice paw paw/papaya, pineapple, etc",7,"No","No","No","No","Yes","No","No","No","No","No",""
"23-72-17-40","Meat, poultry, organ meat- goat, sheep, cow, chicken, liver, kidney, intestines",2,"No","No","No","No","Yes","No","No","No","No","No",""
"23-72-17-40","Eggs",3,"Yes","No","No","No","No","No","No","No","No","No",""
"23-72-17-40","Fish and seafood (dried or fresh)- sardines, dagaa/omena",2,"No","No","No","No","Yes","No","No","No","No","No",""
"23-72-17-40","Milk and milk products- fresh, powdered, yogurt, cheese, etc",4,"No","No","No","No","Yes","No","No","No","No","No",""
"23-72-17-40","Oil/fats- oil, fat, butter, ghee, etc",7,"No","No","No","No","Yes","No","No","No","No","No",""
"23-72-17-40","Sugar and sweets- sugar, honey, sweets, desserts",7,"No","No","No","No","Yes","No","No","No","No","No",""
"23-72-17-40","Miscellaneous- tea, coffee, beverages, condiments, spices",7,"No","No","No","No","Yes","No","No","No","No","No",""
"39-58-22-39","Cereals- rice, maize, chapatti, wheat, sorghum, bread, etc",7,"Yes","No","No","No","Yes","No","No","No","No","No",""
"39-58-22-39","Roots and tubers- potato, sweet potato, cassava, arrow roots, cooking banana",4,"No","No","No","No","Yes","No","No","No","No","No",""
"39-58-22-39","Vegetables- spinach, pumpkin, cabbage, tomato, onion",7,"No","No","No","No","Yes","No","No","No","No","No",""
"39-58-22-39","Fruits- orange, mango, guava, rice paw paw/papaya, pineapple, etc",2,"No","No","No","No","Yes","No","No","No","No","No",""
"39-58-22-39","Meat, poultry, organ meat- goat, sheep, cow, chicken, liver, kidney, intestines",1,"Yes","No","No","No","No","No","No","No","No","No",""
"39-58-22-39","Fish and seafood (dried or fresh)- sardines, dagaa/omena",2,"No","No","No","No","Yes","No","No","No","No","No",""
"39-58-22-39","Oil/fats- oil, fat, butter, ghee, etc",7,"No","No","No","No","Yes","No","No","No","No","No",""
"39-58-22-39","Sugar and sweets- sugar, honey, sweets, desserts",7,"No","No","No","No","Yes","No","No","No","No","No",""
"39-58-22-39","Miscellaneous- tea, coffee, beverages, condiments, spices",7,"No","No","No","No","Yes","No","No","No","No","No",""
"97-79-33-71","Cereals- rice, maize, chapatti, wheat, sorghum, bread, etc",7,"Yes","No","No","No","No","No","No","No","No","No",""
"97-79-33-71","Roots and tubers- potato, sweet potato, cassava, arrow roots, cooking banana",3,"Yes","No","No","No","No","No","No","No","No","No",""
"97-79-33-71","Vegetables- spinach, pumpkin, cabbage, tomato, onion",7,"Yes","No","No","No","Yes","No","No","No","No","No",""
"97-79-33-71","Meat, poultry, organ meat- goat, sheep, cow, chicken, liver, kidney, intestines",2,"No","No","No","No","Yes","No","No","No","No","No",""
"97-79-33-71","Fish and seafood (dried or fresh)- sardines, dagaa/omena",3,"No","No","No","No","Yes","No","No","No","No","No",""
"97-79-33-71","Milk and milk products- fresh, powdered, yogurt, cheese, etc",5,"No","No","No","No","Yes","No","No","No","No","No",""
"97-79-33-71","Oil/fats- oil, fat, butter, ghee, etc",7,"No","No","No","No","Yes","No","No","No","No","No",""
"97-79-33-71","Sugar and sweets- sugar, honey, sweets, desserts",7,"No","No","No","No","Yes","No","No","No","No","No",""
"69-57-31-01","Cereals- rice, maize, chapatti, wheat, sorghum, bread, etc",7,"Yes","No","No","No","Yes","No","No","No","No","No",""
"69-57-31-01","Vegetables- spinach, pumpkin, cabbage, tomato, onion",7,"Yes","No","No","No","No","No","No","No","No","No",""
"69-57-31-01","Fruits- orange, mango, guava, rice paw paw/papaya, pineapple, etc",2,"No","No","No","No","No","No","No","Yes","No","No",""
"69-57-31-01","Fish and seafood (dried or fresh)- sardines, dagaa/omena",1,"No","No","No","No","Yes","No","No","No","No","No",""
"69-57-31-01","Oil/fats- oil, fat, butter, ghee, etc",7,"No","No","No","No","Yes","No","No","No","No","No",""
"69-57-31-01","Sugar and sweets- sugar, honey, sweets, desserts",5,"No","No","No","No","Yes","No","No","No","No","No",""
"69-57-31-01","Miscellaneous- tea, coffee, beverages, condiments, spices",7,"No","No","No","No","Yes","No","No","No","No","No",""
"60-54-64-58","Cereals- rice, maize, chapatti, wheat, sorghum, bread, etc",6,"Yes","No","No","No","Yes","No","No","No","No","No",""
"60-54-64-58","Roots and tubers- potato, sweet potato, cassava, arrow roots, cooking banana",4,"No","No","No","No","Yes","No","No","No","No","No",""
"60-54-64-58","Vegetables- spinach, pumpkin, cabbage, tomato, onion",7,"No","No","No","No","Yes","No","No","No","No","No",""
"60-54-64-58","Meat, poultry, organ meat- goat, sheep, cow, chicken, liver, kidney, intestines",3,"No","No","No","No","Yes","No","No","No","No","No",""
"60-54-64-58","Fish and seafood (dried or fresh)- sardines, dagaa/omena",5,"No","No","No","No","Yes","No","No","No","No","No",""
"60-54-64-58","Pulses, legumes, nuts, seeds",4,"No","No","No","No","Yes","No","No","No","No","No",""
"60-54-64-58","Milk and milk products- fresh, powdered, yogurt, cheese, etc",6,"Yes","No","No","No","No","No","No","No","No","No",""
"60-54-64-58","Oil/fats- oil, fat, butter, ghee, etc",7,"No","No","No","No","Yes","No","No","No","No","No",""
"60-54-64-58","Sugar and sweets- sugar, honey, sweets, desserts",6,"No","No","No","No","Yes","No","No","No","No","No",""
"60-54-64-58","Miscellaneous- tea, coffee, beverages, condiments, spices",6,"No","No","No","No","Yes","No","No","No","No","No",""
"89-99-48-67","Cereals- rice, maize, chapatti, wheat, sorghum, bread, etc",7,"Yes","No","No","No","Yes","No","No","No","No","No",""
"89-99-48-67","Vegetables- spinach, pumpkin, cabbage, tomato, onion",7,"Yes","No","No","No","Yes","No","No","No","No","No",""
"89-99-48-67","Meat, poultry, organ meat- goat, sheep, cow, chicken, liver, kidney, intestines",2,"No","No","No","No","Yes","No","No","No","No","No",""
"89-99-48-67","Pulses, legumes, nuts, seeds",3,"Yes","No","No","No","No","No","No","No","No","No",""
"89-99-48-67","Milk and milk products- fresh, powdered, yogurt, cheese, etc",1,"No","No","No","No","Yes","No","No","No","No","No",""
"89-99-48-67","Sugar and sweets- sugar, honey, sweets, desserts",4,"No","No","No","No","Yes","No","No","No","No","No",""
"89-99-48-67","Miscellaneous- tea, coffee, beverages, condiments, spices",4,"No","No","No","No","Yes","No","No","No","No","No",""
"44-61-50-65","Cereals- rice, maize, chapatti, wheat, sorghum, bread, etc",7,"Yes","No","No","No","Yes","No","No","No","No","No",""
"44-61-50-65","Vegetables- spinach, pumpkin, cabbage, tomato, onion",5,"No","No","No","No","Yes","No","No","No","No","No",""
"44-61-50-65","Fruits- orange, mango, guava, rice paw paw/papaya, pineapple, etc",3,"No","No","No","No","Yes","No","No","No","No","No",""
"44-61-50-65","Meat, poultry, organ meat- goat, sheep, cow, chicken, liver, kidney, intestines",1,"No","No","No","No","Yes","No","No","No","No","No",""
"44-61-50-65","Fish and seafood (dried or fresh)- sardines, dagaa/omena",2,"No","No","No","No","Yes","No","No","No","No","No",""
"44-61-50-65","Pulses, legumes, nuts, seeds",4,"Yes","No","No","No","No","No","No","No","No","No",""
"44-61-50-65","Sugar and sweets- sugar, honey, sweets, desserts",7,"No","No","No","No","Yes","No","No","No","No","No",""
"44-61-50-65","Miscellaneous- tea, coffee, beverages, condiments, spices",7,"No","No","No","No","Yes","No","No","No","No","No",""
"12-80-78-48","Cereals- rice, maize, chapatti, wheat, sorghum, bread, etc",7,"Yes","No","No","No","Yes","No","No","No","No","No",""
"12-80-78-48","Vegetables- spinach, pumpkin, cabbage, tomato, onion",7,"Yes","No","No","No","No","No","No","No","No","No",""
"12-80-78-48","Meat, poultry, organ meat- goat, sheep, cow, chicken, liver, kidney, intestines",3,"No","No","No","No","Yes","No","No","No","No","No",""
"12-80-78-48","Fish and seafood (dried or fresh)- sardines, dagaa/omena",4,"No","No","No","No","Yes","No","No","No","No","No",""
"12-80-78-48","Pulses, legumes, nuts, seeds",1,"Yes","No","No","No","No","No","No","No","No","No",""
"12-80-78-48","Milk and milk products- fresh, powdered, yogurt, cheese, etc",2,"No","No","No","No","Yes","No","No","No","No","No",""
"28-02-97-48","Cereals- rice, maize, chapatti, wheat, sorghum, bread, etc",7,"No","No","No","No","Yes","No","No","No","No","No",""
"28-02-97-48","Roots and tubers- potato, sweet potato, cassava, arrow roots, cooking banana",2,"No","No","No","No","Yes","No","No","No","No","No",""
"28-02-97-48","Vegetables- spinach, pumpkin, cabbage, tomato, onion",7,"No","No","No","No","Yes","No","No","No","No","No",""
"28-02-97-48","Fruits- orange, mango, guava, rice paw paw/papaya, pineapple, etc",7,"No","No","No","No","Yes","No","No","No","No","No",""
"28-02-97-48","Meat, poultry, organ meat- goat, sheep, cow, chicken, liver, kidney, intestines",3,"No","No","No","No","Yes","No","No","No","No","No",""
"28-02-97-48","Fish and seafood (dried or fresh)- sardines, dagaa/omena",2,"No","No","No","No","Yes","No","No","No","No","No",""
"28-02-97-48","Milk and milk products- fresh, powdered, yogurt, cheese, etc",4,"No","No","No","No","Yes","No","No","No","No","No",""
"28-02-97-48","Oil/fats- oil, fat, butter, ghee, etc",7,"No","No","No","No","Yes","No","No","No","No","No",""
"28-02-97-48","Sugar and sweets- sugar, honey, sweets, desserts",7,"No","No","No","No","Yes","No","No","No","No","No",""
"28-02-97-48","Miscellaneous- tea, coffee, beverages, condiments, spices",7,"No","No","No","No","Yes","No","No","No","No","No",""
"70-19-76-68","Cereals- rice, maize, chapatti, wheat, sorghum, bread, etc",7,"Yes","No","No","No","No","No","No","No","No","No",""
"70-19-76-68","Vegetables- spinach, pumpkin, cabbage, tomato, onion",7,"No","No","No","No","Yes","No","No","No","No","No",""
"70-19-76-68","Oil/fats- oil, fat, butter, ghee, etc",7,"No","No","No","No","Yes","No","No","No","No","No",""
"46-78-87-50","Cereals- rice, maize, chapatti, wheat, sorghum, bread, etc",7,"Yes","No","No","No","Yes","No","No","No","No","No",""
"46-78-87-50","Roots and tubers- potato, sweet potato, cassava, arrow roots, cooking banana",7,"Yes","No","No","No","No","No","No","No","No","No",""
"46-78-87-50","Vegetables- spinach, pumpkin, cabbage, tomato, onion",7,"No","No","No","No","Yes","No","No","No","No","No",""
"46-78-87-50","Fruits- orange, mango, guava, rice paw paw/papaya, pineapple, etc",2,"No","No","No","No","Yes","No","No","No","No","No",""
"46-78-87-50","Meat, poultry, organ meat- goat, sheep, cow, chicken, liver, kidney, intestines",1,"No","No","No","No","Yes","No","No","No","No","No",""
"46-78-87-50","Eggs",2,"No","No","No","No","Yes","No","No","No","No","No",""
"46-78-87-50","Fish and seafood (dried or fresh)- sardines, dagaa/omena",3,"No","No","No","No","Yes","No","No","No","No","No",""
"46-78-87-50","Pulses, legumes, nuts, seeds",1,"Yes","No","No","No","No","No","No","No","No","No",""
"46-78-87-50","Milk and milk products- fresh, powdered, yogurt, cheese, etc",1,"No","No","No","No","Yes","No","No","No","No","No",""
"46-78-87-50","Oil/fats- oil, fat, butter, ghee, etc",7,"No","No","No","No","Yes","No","No","No","No","No",""
"46-78-87-50","Sugar and sweets- sugar, honey, sweets, desserts",7,"No","No","No","No","Yes","No","No","No","No","No",""
"46-78-87-50","Miscellaneous- tea, coffee, beverages, condiments, spices",7,"No","No","No","No","Yes","No","No","No","No","No",""
"18-43-40-98","Cereals- rice, maize, chapatti, wheat, sorghum, bread, etc",7,"Yes","No","No","No","Yes","No","No","No","No","No",""
"18-43-40-98","Vegetables- spinach, pumpkin, cabbage, tomato, onion",5,"No","No","No","No","Yes","No","No","No","No","No",""
"18-43-40-98","Meat, poultry, organ meat- goat, sheep, cow, chicken, liver, kidney, intestines",3,"No","No","No","No","Yes","No","No","No","No","No",""
"18-43-40-98","Fish and seafood (dried or fresh)- sardines, dagaa/omena",2,"No","No","No","No","Yes","No","No","No","No","No",""
"18-43-40-98","Pulses, legumes, nuts, seeds",5,"No","No","No","No","Yes","No","No","No","No","No",""
"18-43-40-98","Oil/fats- oil, fat, butter, ghee, etc",7,"No","No","No","No","Yes","No","No","No","No","No",""
"18-43-40-98","Sugar and sweets- sugar, honey, sweets, desserts",7,"No","No","No","No","Yes","No","No","No","No","No",""
"18-43-40-98","Miscellaneous- tea, coffee, beverages, condiments, spices",7,"No","No","No","No","Yes","No","No","No","No","No",""
"50-39-55-52","Cereals- rice, maize, chapatti, wheat, sorghum, bread, etc",7,"Yes","No","No","No","Yes","No","No","No","No","No",""
"50-39-55-52","Vegetables- spinach, pumpkin, cabbage, tomato, onion",5,"No","No","No","No","Yes","No","No","No","No","No",""
"50-39-55-52","Meat, poultry, organ meat- goat, sheep, cow, chicken, liver, kidney, intestines",1,"No","No","No","No","Yes","No","No","No","No","No",""
"50-39-55-52","Fish and seafood (dried or fresh)- sardines, dagaa/omena",1,"No","No","No","No","Yes","No","No","No","No","No",""
"50-39-55-52","Oil/fats- oil, fat, butter, ghee, etc",1,"No","No","No","No","Yes","No","No","No","No","No",""
"50-39-55-52","Sugar and sweets- sugar, honey, sweets, desserts",4,"No","No","No","No","Yes","No","No","No","No","No",""
"82-64-50-66","Cereals- rice, maize, chapatti, wheat, sorghum, bread, etc",7,"Yes","No","No","No","Yes","No","No","No","No","No",""
"82-64-50-66","Roots and tubers- potato, sweet potato, cassava, arrow roots, cooking banana",2,"No","No","No","No","No","No","No","Yes","No","No",""
"82-64-50-66","Vegetables- spinach, pumpkin, cabbage, tomato, onion",7,"No","No","No","No","Yes","No","No","No","No","No",""
"82-64-50-66","Fruits- orange, mango, guava, rice paw paw/papaya, pineapple, etc",2,"No","No","No","No","Yes","No","No","No","No","No",""
"82-64-50-66","Meat, poultry, organ meat- goat, sheep, cow, chicken, liver, kidney, intestines",1,"No","No","No","No","Yes","No","No","No","No","No",""
"82-64-50-66","Fish and seafood (dried or fresh)- sardines, dagaa/omena",1,"No","No","No","No","Yes","No","No","No","No","No",""
"82-64-50-66","Pulses, legumes, nuts, seeds",1,"No","No","No","No","Yes","No","No","No","No","No",""
"82-64-50-66","Oil/fats- oil, fat, butter, ghee, etc",7,"No","No","No","No","Yes","No","No","No","No","No",""
"82-64-50-66","Sugar and sweets- sugar, honey, sweets, desserts",7,"No","No","No","No","Yes","No","No","No","No","No",""
"82-64-50-66","Miscellaneous- tea, coffee, beverages, condiments, spices",7,"No","No","No","No","Yes","No","No","No","No","No",""
"46-02-32-25","Cereals- rice, maize, chapatti, wheat, sorghum, bread, etc",7,"Yes","No","No","No","Yes","No","No","No","No","No",""
"46-02-32-25","Roots and tubers- potato, sweet potato, cassava, arrow roots, cooking banana",2,"No","No","No","No","Yes","No","No","No","No","No",""
"46-02-32-25","Vegetables- spinach, pumpkin, cabbage, tomato, onion",5,"Yes","No","No","No","No","No","No","No","No","No",""
"46-02-32-25","Fruits- orange, mango, guava, rice paw paw/papaya, pineapple, etc",2,"No","No","No","No","No","No","No","Yes","No","No",""
"46-02-32-25","Meat, poultry, organ meat- goat, sheep, cow, chicken, liver, kidney, intestines",1,"No","No","No","No","Yes","No","No","No","No","No",""
"46-02-32-25","Pulses, legumes, nuts, seeds",4,"No","No","No","No","Yes","No","No","No","No","No",""
"46-02-32-25","Oil/fats- oil, fat, butter, ghee, etc",5,"No","No","No","No","Yes","No","No","No","No","No",""
"46-02-32-25","Sugar and sweets- sugar, honey, sweets, desserts",4,"No","No","No","No","Yes","No","No","No","No","No",""
"51-99-40-78","Cereals- rice, maize, chapatti, wheat, sorghum, bread, etc",7,"Yes","No","No","No","Yes","No","No","No","No","No",""
"51-99-40-78","Vegetables- spinach, pumpkin, cabbage, tomato, onion",7,"No","No","No","No","Yes","No","No","No","No","No",""
"51-99-40-78","Meat, poultry, organ meat- goat, sheep, cow, chicken, liver, kidney, intestines",1,"No","No","No","No","Yes","No","No","No","No","No",""
"51-99-40-78","Sugar and sweets- sugar, honey, sweets, desserts",2,"No","No","No","No","Yes","No","No","No","No","No",""
"45-83-32-93","Cereals- rice, maize, chapatti, wheat, sorghum, bread, etc",7,"Yes","No","No","No","Yes","No","No","No","No","No",""
"45-83-32-93","Vegetables- spinach, pumpkin, cabbage, tomato, onion",7,"No","No","No","No","Yes","No","No","No","No","No",""
"45-83-32-93","Meat, poultry, organ meat- goat, sheep, cow, chicken, liver, kidney, intestines",3,"No","No","No","No","Yes","No","No","No","No","No",""
"45-83-32-93","Fish and seafood (dried or fresh)- sardines, dagaa/omena",3,"No","No","No","No","Yes","No","No","No","No","No",""
"45-83-32-93","Pulses, legumes, nuts, seeds",7,"Yes","No","No","No","No","No","No","No","No","No",""
"45-83-32-93","Oil/fats- oil, fat, butter, ghee, etc",7,"No","No","No","No","Yes","No","No","No","No","No",""
"45-83-32-93","Sugar and sweets- sugar, honey, sweets, desserts",5,"No","No","No","No","Yes","No","No","No","No","No",""
"45-83-32-93","Miscellaneous- tea, coffee, beverages, condiments, spices",7,"No","No","No","No","Yes","No","No","No","No","No",""
"33-22-63-71","Cereals- rice, maize, chapatti, wheat, sorghum, bread, etc",7,"Yes","No","No","No","Yes","No","No","No","No","No",""
"33-22-63-71","Roots and tubers- potato, sweet potato, cassava, arrow roots, cooking banana",3,"No","No","No","No","Yes","No","No","No","No","No",""
"33-22-63-71","Vegetables- spinach, pumpkin, cabbage, tomato, onion",7,"Yes","No","No","No","No","No","No","No","No","No",""
"33-22-63-71","Fruits- orange, mango, guava, rice paw paw/papaya, pineapple, etc",7,"No","No","No","No","Yes","No","No","No","No","No",""
"33-22-63-71","Meat, poultry, organ meat- goat, sheep, cow, chicken, liver, kidney, intestines",1,"No","No","No","No","Yes","No","No","No","No","No",""
"33-22-63-71","Fish and seafood (dried or fresh)- sardines, dagaa/omena",3,"No","No","No","No","Yes","No","No","No","No","No",""
"33-22-63-71","Pulses, legumes, nuts, seeds",3,"No","No","No","No","Yes","No","No","No","No","No",""
"33-22-63-71","Oil/fats- oil, fat, butter, ghee, etc",7,"No","No","No","No","Yes","No","No","No","No","No",""
"33-22-63-71","Sugar and sweets- sugar, honey, sweets, desserts",7,"No","No","No","No","Yes","No","No","No","No","No",""
"33-22-63-71","Miscellaneous- tea, coffee, beverages, condiments, spices",7,"No","No","No","No","Yes","No","No","No","No","No",""
"95-96-92-75","Cereals- rice, maize, chapatti, wheat, sorghum, bread, etc",7,"Yes","No","No","No","No","No","No","No","No","No",""
"95-96-92-75","Roots and tubers- potato, sweet potato, cassava, arrow roots, cooking banana",3,"Yes","No","No","No","No","No","No","No","No","No",""
"95-96-92-75","Vegetables- spinach, pumpkin, cabbage, tomato, onion",6,"Yes","No","No","No","No","No","No","No","No","No",""
"95-96-92-75","Fruits- orange, mango, guava, rice paw paw/papaya, pineapple, etc",2,"No","No","No","No","Yes","No","No","No","No","No",""
"95-96-92-75","Meat, poultry, organ meat- goat, sheep, cow, chicken, liver, kidney, intestines",2,"No","No","No","No","Yes","No","No","No","No","No",""
"95-96-92-75","Eggs",2,"No","No","No","No","Yes","No","No","No","No","No",""
"95-96-92-75","Fish and seafood (dried or fresh)- sardines, dagaa/omena",2,"No","No","No","No","Yes","No","No","No","No","No",""
"95-96-92-75","Pulses, legumes, nuts, seeds",3,"Yes","No","No","No","No","No","No","No","No","No",""
"95-96-92-75","Oil/fats- oil, fat, butter, ghee, etc",7,"No","No","No","No","Yes","No","No","No","No","No",""
"95-96-92-75","Sugar and sweets- sugar, honey, sweets, desserts",4,"No","No","No","No","Yes","No","No","No","No","No",""
"95-96-92-75","Miscellaneous- tea, coffee, beverages, condiments, spices",4,"No","No","No","No","Yes","No","No","No","No","No",""
"19-37-18-76","Cereals- rice, maize, chapatti, wheat, sorghum, bread, etc",7,"Yes","No","No","No","No","No","No","No","No","No",""
"19-37-18-76","Roots and tubers- potato, sweet potato, cassava, arrow roots, cooking banana",2,"Yes","No","No","No","Yes","No","No","No","No","No",""
"19-37-18-76","Vegetables- spinach, pumpkin, cabbage, tomato, onion",7,"Yes","No","No","No","No","No","No","No","No","No",""
"19-37-18-76","Fruits- orange, mango, guava, rice paw paw/papaya, pineapple, etc",7,"No","No","No","No","Yes","No","No","Yes","No","No",""
"19-37-18-76","Meat, poultry, organ meat- goat, sheep, cow, chicken, liver, kidney, intestines",4,"No","No","No","No","Yes","No","No","No","No","No",""
"19-37-18-76","Fish and seafood (dried or fresh)- sardines, dagaa/omena",2,"No","No","No","No","Yes","No","No","No","No","No",""
"19-37-18-76","Oil/fats- oil, fat, butter, ghee, etc",7,"No","No","No","No","Yes","No","No","No","No","No",""
"19-37-18-76","Sugar and sweets- sugar, honey, sweets, desserts",2,"No","No","No","No","Yes","No","No","No","No","No",""
"19-37-18-76","Miscellaneous- tea, coffee, beverages, condiments, spices",2,"No","No","No","No","Yes","No","No","No","No","No",""
"74-28-59-17","Cereals- rice, maize, chapatti, wheat, sorghum, bread, etc",7,"Yes","No","No","No","No","No","No","No","No","No",""
"74-28-59-17","Vegetables- spinach, pumpkin, cabbage, tomato, onion",7,"Yes","No","No","No","Yes","No","No","No","No","No",""
"74-28-59-17","Fruits- orange, mango, guava, rice paw paw/papaya, pineapple, etc",1,"No","No","No","No","Yes","No","No","No","No","No",""
"74-28-59-17","Meat, poultry, organ meat- goat, sheep, cow, chicken, liver, kidney, intestines",1,"No","No","No","No","Yes","No","No","No","No","No",""
"74-28-59-17","Eggs",1,"No","No","No","No","Yes","No","No","No","No","No",""
"74-28-59-17","Oil/fats- oil, fat, butter, ghee, etc",7,"No","No","No","No","Yes","No","No","No","No","No",""
"48-48-94-57","Cereals- rice, maize, chapatti, wheat, sorghum, bread, etc",7,"Yes","No","No","No","Yes","No","No","No","No","No",""
"48-48-94-57","Roots and tubers- potato, sweet potato, cassava, arrow roots, cooking banana",3,"No","No","No","No","Yes","No","No","No","No","No",""
"48-48-94-57","Vegetables- spinach, pumpkin, cabbage, tomato, onion",7,"Yes","No","No","No","No","No","No","No","No","No",""
"48-48-94-57","Fruits- orange, mango, guava, rice paw paw/papaya, pineapple, etc",2,"No","No","No","No","Yes","No","No","No","No","No",""
"48-48-94-57","Meat, poultry, organ meat- goat, sheep, cow, chicken, liver, kidney, intestines",7,"No","No","No","No","Yes","No","No","No","No","No",""
"48-48-94-57","Fish and seafood (dried or fresh)- sardines, dagaa/omena",3,"No","No","No","No","Yes","No","No","No","No","No",""
"48-48-94-57","Pulses, legumes, nuts, seeds",2,"Yes","No","No","No","No","No","No","No","No","No",""
"48-48-94-57","Milk and milk products- fresh, powdered, yogurt, cheese, etc",1,"No","No","No","No","Yes","No","No","No","No","No",""
"48-48-94-57","Sugar and sweets- sugar, honey, sweets, desserts",4,"No","No","No","No","Yes","No","No","No","No","No",""
"48-48-94-57","Miscellaneous- tea, coffee, beverages, condiments, spices",4,"No","No","No","No","Yes","No","No","No","No","No",""
"03-43-60-42","Cereals- rice, maize, chapatti, wheat, sorghum, bread, etc",7,"Yes","No","No","No","Yes","No","No","No","No","No",""
"03-43-60-42","Vegetables- spinach, pumpkin, cabbage, tomato, onion",7,"No","No","No","No","Yes","No","No","No","No","No",""
"03-43-60-42","Fruits- orange, mango, guava, rice paw paw/papaya, pineapple, etc",3,"No","No","No","No","Yes","No","No","No","No","No",""
"03-43-60-42","Fish and seafood (dried or fresh)- sardines, dagaa/omena",2,"No","No","No","No","Yes","No","No","No","No","No",""
"03-43-60-42","Pulses, legumes, nuts, seeds",7,"No","No","No","No","Yes","No","No","No","No","No",""
"03-43-60-42","Oil/fats- oil, fat, butter, ghee, etc",7,"No","No","No","No","Yes","No","No","No","No","No",""
"03-43-60-42","Sugar and sweets- sugar, honey, sweets, desserts",7,"No","No","No","No","Yes","No","No","No","No","No",""
"03-43-60-42","Miscellaneous- tea, coffee, beverages, condiments, spices",7,"No","No","No","No","Yes","No","No","No","No","No",""
"58-75-54-61","Cereals- rice, maize, chapatti, wheat, sorghum, bread, etc",7,"Yes","No","No","No","Yes","No","No","No","No","No",""
"58-75-54-61","Roots and tubers- potato, sweet potato, cassava, arrow roots, cooking banana",2,"No","No","No","No","Yes","No","No","No","No","No",""
"58-75-54-61","Vegetables- spinach, pumpkin, cabbage, tomato, onion",7,"No","No","No","No","Yes","No","No","No","No","No",""
"58-75-54-61","Fruits- orange, mango, guava, rice paw paw/papaya, pineapple, etc",2,"No","No","No","No","Yes","No","No","No","No","No",""
"58-75-54-61","Meat, poultry, organ meat- goat, sheep, cow, chicken, liver, kidney, intestines",1,"No","No","No","No","Yes","No","No","No","No","No",""
"58-75-54-61","Fish and seafood (dried or fresh)- sardines, dagaa/omena",2,"No","No","No","No","Yes","No","No","No","No","No",""
"58-75-54-61","Oil/fats- oil, fat, butter, ghee, etc",7,"No","No","No","No","Yes","No","No","No","No","No",""
"58-75-54-61","Sugar and sweets- sugar, honey, sweets, desserts",7,"No","No","No","No","Yes","No","No","No","No","No",""
"58-75-54-61","Miscellaneous- tea, coffee, beverages, condiments, spices",7,"No","No","No","No","Yes","No","No","No","No","No",""
"49-89-37-09","Cereals- rice, maize, chapatti, wheat, sorghum, bread, etc",7,"Yes","No","No","No","No","No","No","No","No","No",""
"49-89-37-09","Vegetables- spinach, pumpkin, cabbage, tomato, onion",7,"Yes","No","No","No","No","No","No","No","No","No",""
"49-89-37-09","Fruits- orange, mango, guava, rice paw paw/papaya, pineapple, etc",3,"No","No","No","No","Yes","No","No","No","No","No",""
"49-89-37-09","Meat, poultry, organ meat- goat, sheep, cow, chicken, liver, kidney, intestines",2,"No","No","No","No","Yes","No","No","No","No","No",""
"49-89-37-09","Fish and seafood (dried or fresh)- sardines, dagaa/omena",2,"No","No","No","No","Yes","No","No","No","No","No",""
"49-89-37-09","Pulses, legumes, nuts, seeds",3,"Yes","No","No","No","No","No","No","No","No","No",""
"49-89-37-09","Oil/fats- oil, fat, butter, ghee, etc",7,"No","No","No","No","Yes","No","No","No","No","No",""
"49-89-37-09","Sugar and sweets- sugar, honey, sweets, desserts",5,"No","No","No","No","Yes","No","No","No","No","No",""
"49-89-37-09","Miscellaneous- tea, coffee, beverages, condiments, spices",7,"No","No","No","No","Yes","No","No","No","No","No",""
"76-49-10-53","Cereals- rice, maize, chapatti, wheat, sorghum, bread, etc",7,"Yes","No","No","No","No","No","No","No","No","No",""
"76-49-10-53","Roots and tubers- potato, sweet potato, cassava, arrow roots, cooking banana",1,"No","No","No","No","Yes","No","No","No","No","No",""
"76-49-10-53","Vegetables- spinach, pumpkin, cabbage, tomato, onion",7,"No","No","No","No","Yes","No","No","No","No","No",""
"76-49-10-53","Fruits- orange, mango, guava, rice paw paw/papaya, pineapple, etc",1,"No","No","No","No","Yes","No","No","No","No","No",""
"76-49-10-53","Meat, poultry, organ meat- goat, sheep, cow, chicken, liver, kidney, intestines",1,"No","No","No","No","Yes","No","No","No","No","No",""
"76-49-10-53","Fish and seafood (dried or fresh)- sardines, dagaa/omena",1,"No","No","No","No","Yes","No","No","No","No","No",""
"76-49-10-53","Pulses, legumes, nuts, seeds",1,"No","No","No","No","Yes","No","No","No","No","No",""
"76-49-10-53","Oil/fats- oil, fat, butter, ghee, etc",7,"No","No","No","No","Yes","No","No","No","No","No",""
"76-49-10-53","Sugar and sweets- sugar, honey, sweets, desserts",7,"No","No","No","No","Yes","No","No","No","No","No",""
"76-49-10-53","Miscellaneous- tea, coffee, beverages, condiments, spices",7,"Yes","No","No","No","No","No","No","No","No","No",""
"76-59-40-83","Cereals- rice, maize, chapatti, wheat, sorghum, bread, etc",7,"Yes","No","No","No","No","No","No","No","No","No",""
"76-59-40-83","Vegetables- spinach, pumpkin, cabbage, tomato, onion",7,"Yes","No","No","No","No","No","No","No","No","No",""
"76-59-40-83","Fish and seafood (dried or fresh)- sardines, dagaa/omena",2,"No","No","No","No","Yes","No","No","No","No","No",""
"76-59-40-83","Pulses, legumes, nuts, seeds",1,"No","No","No","No","No","No","No","Yes","No","No",""
"76-59-40-83","Oil/fats- oil, fat, butter, ghee, etc",7,"No","No","No","No","Yes","No","No","No","No","No",""
"76-59-40-83","Sugar and sweets- sugar, honey, sweets, desserts",7,"No","No","No","No","Yes","No","No","No","No","No",""
"76-59-40-83","Miscellaneous- tea, coffee, beverages, condiments, spices",7,"Yes","No","No","No","No","No","No","No","No","No",""
"32-82-77-77","Cereals- rice, maize, chapatti, wheat, sorghum, bread, etc",7,"Yes","No","No","No","Yes","No","No","No","No","No",""
"32-82-77-77","Roots and tubers- potato, sweet potato, cassava, arrow roots, cooking banana",1,"No","No","No","No","Yes","No","No","No","No","No",""
"32-82-77-77","Vegetables- spinach, pumpkin, cabbage, tomato, onion",1,"No","No","No","No","Yes","No","No","No","No","No",""
"32-82-77-77","Fruits- orange, mango, guava, rice paw paw/papaya, pineapple, etc",1,"No","No","No","No","Yes","No","No","No","No","No",""
"32-82-77-77","Meat, poultry, organ meat- goat, sheep, cow, chicken, liver, kidney, intestines",5,"No","No","No","No","Yes","No","No","No","No","No",""
"32-82-77-77","Fish and seafood (dried or fresh)- sardines, dagaa/omena",7,"No","No","No","No","Yes","No","No","No","No","No",""
"32-82-77-77","Milk and milk products- fresh, powdered, yogurt, cheese, etc",4,"No","No","No","No","Yes","No","No","No","No","No",""
"32-82-77-77","Oil/fats- oil, fat, butter, ghee, etc",7,"No","No","No","No","Yes","No","No","No","No","No",""
"32-82-77-77","Sugar and sweets- sugar, honey, sweets, desserts",7,"No","No","No","No","Yes","No","No","No","No","No",""
"32-82-77-77","Miscellaneous- tea, coffee, beverages, condiments, spices",7,"No","No","No","No","Yes","No","No","No","No","No",""
"83-91-87-26","Cereals- rice, maize, chapatti, wheat, sorghum, bread, etc",7,"No","No","No","No","Yes","No","No","No","No","No",""
"83-91-87-26","Vegetables- spinach, pumpkin, cabbage, tomato, onion",7,"No","No","No","No","Yes","No","No","No","No","No",""
"83-91-87-26","Fruits- orange, mango, guava, rice paw paw/papaya, pineapple, etc",2,"No","No","No","No","Yes","No","No","No","No","No",""
"83-91-87-26","Meat, poultry, organ meat- goat, sheep, cow, chicken, liver, kidney, intestines",4,"No","No","No","No","Yes","No","No","No","No","No",""
"83-91-87-26","Oil/fats- oil, fat, butter, ghee, etc",7,"No","No","No","No","Yes","No","No","No","No","No",""
"83-91-87-26","Sugar and sweets- sugar, honey, sweets, desserts",7,"No","No","No","No","Yes","No","No","No","No","No",""
"83-91-87-26","Miscellaneous- tea, coffee, beverages, condiments, spices",7,"No","No","No","No","Yes","No","No","No","No","No",""
"51-80-93-49","Cereals- rice, maize, chapatti, wheat, sorghum, bread, etc",7,"Yes","No","No","No","Yes","No","No","No","No","No",""
"51-80-93-49","Vegetables- spinach, pumpkin, cabbage, tomato, onion",7,"No","No","No","No","Yes","No","No","Yes","No","No",""
"51-80-93-49","Fruits- orange, mango, guava, rice paw paw/papaya, pineapple, etc",4,"No","No","No","No","Yes","No","No","No","No","No",""
"51-80-93-49","Oil/fats- oil, fat, butter, ghee, etc",7,"No","No","No","No","Yes","No","No","No","No","No",""
"51-80-93-49","Sugar and sweets- sugar, honey, sweets, desserts",3,"No","No","No","No","Yes","No","No","No","No","No",""
"51-80-93-49","Miscellaneous- tea, coffee, beverages, condiments, spices",7,"No","No","No","No","Yes","No","No","No","No","No",""
"29-06-51-62","Cereals- rice, maize, chapatti, wheat, sorghum, bread, etc",7,"No","No","No","No","No","No","No","Yes","No","No",""
"29-06-51-62","Fish and seafood (dried or fresh)- sardines, dagaa/omena",7,"No","No","No","No","Yes","No","No","Yes","No","No",""
"29-06-51-62","Oil/fats- oil, fat, butter, ghee, etc",7,"No","No","No","No","Yes","No","No","Yes","No","No",""
"47-99-10-89","Cereals- rice, maize, chapatti, wheat, sorghum, bread, etc",7,"Yes","No","No","No","Yes","No","No","No","No","No",""
"47-99-10-89","Roots and tubers- potato, sweet potato, cassava, arrow roots, cooking banana",5,"No","No","No","No","Yes","No","No","No","No","No",""
"47-99-10-89","Vegetables- spinach, pumpkin, cabbage, tomato, onion",3,"No","No","No","No","Yes","No","No","No","No","No",""
"47-99-10-89","Fruits- orange, mango, guava, rice paw paw/papaya, pineapple, etc",2,"No","No","No","No","Yes","No","No","No","No","No",""
"47-99-10-89","Meat, poultry, organ meat- goat, sheep, cow, chicken, liver, kidney, intestines",1,"No","No","No","No","No","No","No","Yes","No","No",""
"47-99-10-89","Eggs",1,"No","No","No","Yes","No","No","No","No","No","No",""
"47-99-10-89","Fish and seafood (dried or fresh)- sardines, dagaa/omena",1,"No","No","No","No","No","No","No","Yes","No","No",""
"47-99-10-89","Oil/fats- oil, fat, butter, ghee, etc",7,"No","No","No","No","Yes","No","No","No","No","No",""
"47-99-10-89","Sugar and sweets- sugar, honey, sweets, desserts",7,"No","No","No","No","Yes","No","No","No","No","No",""
"47-99-10-89","Miscellaneous- tea, coffee, beverages, condiments, spices",7,"Yes","No","No","No","Yes","No","No","No","No","No",""
"81-41-75-01","Cereals- rice, maize, chapatti, wheat, sorghum, bread, etc",7,"Yes","No","No","No","Yes","No","No","No","No","No",""
"81-41-75-01","Vegetables- spinach, pumpkin, cabbage, tomato, onion",7,"Yes","No","No","No","No","No","No","No","No","No",""
"81-41-75-01","Fruits- orange, mango, guava, rice paw paw/papaya, pineapple, etc",1,"No","No","No","No","Yes","No","No","No","No","No",""
"81-41-75-01","Meat, poultry, organ meat- goat, sheep, cow, chicken, liver, kidney, intestines",7,"No","No","No","No","Yes","No","No","No","No","No",""
"81-41-75-01","Fish and seafood (dried or fresh)- sardines, dagaa/omena",5,"No","No","No","No","Yes","No","No","No","No","No",""
"81-41-75-01","Milk and milk products- fresh, powdered, yogurt, cheese, etc",2,"No","No","No","No","Yes","No","No","No","No","No",""
"81-41-75-01","Oil/fats- oil, fat, butter, ghee, etc",7,"No","No","No","No","Yes","No","No","No","No","No",""
"81-41-75-01","Sugar and sweets- sugar, honey, sweets, desserts",7,"No","No","No","No","Yes","No","No","No","No","No",""
"81-41-75-01","Miscellaneous- tea, coffee, beverages, condiments, spices",3,"No","No","No","No","Yes","No","No","No","No","No",""
"76-68-21-05","Cereals- rice, maize, chapatti, wheat, sorghum, bread, etc",7,"Yes","No","No","No","Yes","No","No","No","No","No",""
"76-68-21-05","Roots and tubers- potato, sweet potato, cassava, arrow roots, cooking banana",3,"No","No","No","No","Yes","No","No","No","No","No",""
"76-68-21-05","Vegetables- spinach, pumpkin, cabbage, tomato, onion",7,"No","No","No","No","Yes","No","No","No","No","No",""
"76-68-21-05","Fish and seafood (dried or fresh)- sardines, dagaa/omena",2,"No","No","No","No","Yes","No","No","No","No","No",""
"76-68-21-05","Pulses, legumes, nuts, seeds",2,"No","No","No","No","Yes","No","No","No","No","No",""
"76-68-21-05","Milk and milk products- fresh, powdered, yogurt, cheese, etc",1,"No","No","No","No","Yes","No","No","No","No","No",""
"76-68-21-05","Oil/fats- oil, fat, butter, ghee, etc",7,"No","No","No","No","Yes","No","No","No","No","No",""
"76-68-21-05","Sugar and sweets- sugar, honey, sweets, desserts",4,"No","No","No","No","Yes","No","No","No","No","No",""
"76-68-21-05","Miscellaneous- tea, coffee, beverages, condiments, spices",4,"No","No","No","No","Yes","No","No","No","No","No",""
"47-73-43-68","Cereals- rice, maize, chapatti, wheat, sorghum, bread, etc",7,"Yes","No","No","No","No","No","No","No","No","No",""
"47-73-43-68","Roots and tubers- potato, sweet potato, cassava, arrow roots, cooking banana",3,"No","No","No","No","Yes","No","No","No","No","No",""
"47-73-43-68","Vegetables- spinach, pumpkin, cabbage, tomato, onion",7,"No","No","No","No","Yes","No","No","No","No","No",""
"47-73-43-68","Meat, poultry, organ meat- goat, sheep, cow, chicken, liver, kidney, intestines",2,"No","No","No","No","Yes","No","No","No","No","No",""
"47-73-43-68","Fish and seafood (dried or fresh)- sardines, dagaa/omena",1,"No","No","No","No","Yes","No","No","No","No","No",""
"47-73-43-68","Milk and milk products- fresh, powdered, yogurt, cheese, etc",2,"No","No","No","No","Yes","No","No","No","No","No",""
"47-73-43-68","Oil/fats- oil, fat, butter, ghee, etc",7,"No","No","No","No","Yes","No","No","No","No","No",""
"47-73-43-68","Sugar and sweets- sugar, honey, sweets, desserts",5,"No","No","No","No","Yes","No","No","No","No","No",""
"47-73-43-68","Miscellaneous- tea, coffee, beverages, condiments, spices",5,"No","No","No","No","Yes","No","No","No","No","No",""
"51-60-71-39","Cereals- rice, maize, chapatti, wheat, sorghum, bread, etc",7,"Yes","No","No","No","Yes","No","No","No","No","No",""
"51-60-71-39","Roots and tubers- potato, sweet potato, cassava, arrow roots, cooking banana",2,"No","No","No","No","Yes","No","No","No","No","No",""
"51-60-71-39","Vegetables- spinach, pumpkin, cabbage, tomato, onion",7,"No","No","No","No","Yes","No","No","No","No","No",""
"51-60-71-39","Meat, poultry, organ meat- goat, sheep, cow, chicken, liver, kidney, intestines",2,"No","No","No","No","Yes","No","No","No","No","No",""
"51-60-71-39","Fish and seafood (dried or fresh)- sardines, dagaa/omena",1,"No","No","No","No","Yes","No","No","No","No","No",""
"51-60-71-39","Pulses, legumes, nuts, seeds",4,"Yes","No","No","No","No","No","No","No","No","No",""
"51-60-71-39","Sugar and sweets- sugar, honey, sweets, desserts",2,"No","No","No","No","Yes","No","No","No","No","No",""
"51-60-71-39","Miscellaneous- tea, coffee, beverages, condiments, spices",2,"No","No","No","No","Yes","No","No","No","No","No",""
"10-22-07-48","Cereals- rice, maize, chapatti, wheat, sorghum, bread, etc",7,"No","No","No","No","Yes","No","No","No","No","No",""
"10-22-07-48","Vegetables- spinach, pumpkin, cabbage, tomato, onion",4,"No","No","No","No","Yes","No","No","No","No","No",""
"10-22-07-48","Meat, poultry, organ meat- goat, sheep, cow, chicken, liver, kidney, intestines",3,"No","No","No","No","Yes","No","No","No","No","No",""
"10-22-07-48","Oil/fats- oil, fat, butter, ghee, etc",7,"No","No","No","No","Yes","No","No","No","No","No",""
"10-22-07-48","Sugar and sweets- sugar, honey, sweets, desserts",7,"No","No","No","No","Yes","No","No","No","No","No",""
"36-41-17-07","Cereals- rice, maize, chapatti, wheat, sorghum, bread, etc",7,"Yes","No","No","No","Yes","No","No","No","No","No",""
"36-41-17-07","Roots and tubers- potato, sweet potato, cassava, arrow roots, cooking banana",4,"Yes","No","No","No","No","No","No","No","No","No",""
"36-41-17-07","Vegetables- spinach, pumpkin, cabbage, tomato, onion",4,"Yes","No","No","No","No","No","No","No","No","No",""
"36-41-17-07","Fruits- orange, mango, guava, rice paw paw/papaya, pineapple, etc",4,"Yes","No","No","No","No","No","No","No","No","No",""
"36-41-17-07","Meat, poultry, organ meat- goat, sheep, cow, chicken, liver, kidney, intestines",2,"No","No","No","No","Yes","No","No","No","No","No",""
"36-41-17-07","Fish and seafood (dried or fresh)- sardines, dagaa/omena",1,"No","No","No","No","Yes","No","No","No","No","No",""
"36-41-17-07","Pulses, legumes, nuts, seeds",2,"Yes","No","No","No","No","No","No","No","No","No",""
"36-41-17-07","Oil/fats- oil, fat, butter, ghee, etc",7,"No","No","No","No","Yes","No","No","No","No","No",""
"36-41-17-07","Sugar and sweets- sugar, honey, sweets, desserts",7,"No","No","No","No","Yes","No","No","No","No","No",""
"36-41-17-07","Miscellaneous- tea, coffee, beverages, condiments, spices",7,"No","No","No","No","Yes","No","No","No","No","No",""
"52-56-02-56","Cereals- rice, maize, chapatti, wheat, sorghum, bread, etc",7,"Yes","No","No","No","No","No","No","No","No","No",""
"52-56-02-56","Vegetables- spinach, pumpkin, cabbage, tomato, onion",7,"Yes","No","No","No","No","No","No","No","No","No",""
"52-56-02-56","Meat, poultry, organ meat- goat, sheep, cow, chicken, liver, kidney, intestines",2,"No","No","No","No","Yes","No","No","No","No","No",""
"52-56-02-56","Fish and seafood (dried or fresh)- sardines, dagaa/omena",3,"No","No","No","No","Yes","No","No","No","No","No",""
"52-56-02-56","Oil/fats- oil, fat, butter, ghee, etc",7,"No","No","No","No","Yes","No","No","No","No","No",""
"52-56-02-56","Sugar and sweets- sugar, honey, sweets, desserts",7,"No","No","No","No","Yes","No","No","No","No","No",""
"32-96-32-91","Cereals- rice, maize, chapatti, wheat, sorghum, bread, etc",7,"Yes","No","No","No","Yes","No","No","No","No","No",""
"32-96-32-91","Roots and tubers- potato, sweet potato, cassava, arrow roots, cooking banana",1,"Yes","No","No","No","No","No","No","No","No","No",""
"32-96-32-91","Vegetables- spinach, pumpkin, cabbage, tomato, onion",7,"Yes","No","No","No","No","No","No","No","No","No",""
"32-96-32-91","Meat, poultry, organ meat- goat, sheep, cow, chicken, liver, kidney, intestines",2,"No","No","No","No","Yes","No","No","No","No","No",""
"32-96-32-91","Eggs",3,"Yes","No","No","No","No","No","No","No","No","No",""
"32-96-32-91","Milk and milk products- fresh, powdered, yogurt, cheese, etc",2,"No","No","No","No","Yes","No","No","No","No","No",""
"32-96-32-91","Oil/fats- oil, fat, butter, ghee, etc",7,"No","No","No","No","Yes","No","No","No","No","No",""
"32-96-32-91","Sugar and sweets- sugar, honey, sweets, desserts",7,"No","No","No","No","Yes","No","No","No","No","No",""
"32-96-32-91","Miscellaneous- tea, coffee, beverages, condiments, spices",7,"No","No","No","No","Yes","No","No","No","No","No",""
"54-77-99-69","Cereals- rice, maize, chapatti, wheat, sorghum, bread, etc",7,"No","No","No","No","Yes","No","No","No","No","No",""
"54-77-99-69","Vegetables- spinach, pumpkin, cabbage, tomato, onion",7,"No","No","No","No","Yes","No","No","No","No","No",""
"54-77-99-69","Fish and seafood (dried or fresh)- sardines, dagaa/omena",2,"No","No","No","No","Yes","No","No","No","No","No",""
"54-77-99-69","Oil/fats- oil, fat, butter, ghee, etc",7,"No","No","No","No","Yes","No","No","No","No","No",""
"54-77-99-69","Sugar and sweets- sugar, honey, sweets, desserts",1,"No","No","No","No","Yes","No","No","No","No","No",""
"54-77-99-69","Miscellaneous- tea, coffee, beverages, condiments, spices",1,"No","No","No","No","Yes","No","No","No","No","No",""
"10-69-04-21","Cereals- rice, maize, chapatti, wheat, sorghum, bread, etc",7,"Yes","No","No","No","Yes","No","No","No","No","No",""
"10-69-04-21","Vegetables- spinach, pumpkin, cabbage, tomato, onion",7,"No","No","No","No","Yes","No","No","No","No","No",""
"10-69-04-21","Meat, poultry, organ meat- goat, sheep, cow, chicken, liver, kidney, intestines",3,"No","No","No","No","Yes","No","No","No","No","No",""
"10-69-04-21","Oil/fats- oil, fat, butter, ghee, etc",7,"No","No","No","No","Yes","No","No","No","No","No",""
"10-69-04-21","Sugar and sweets- sugar, honey, sweets, desserts",7,"No","No","No","No","Yes","No","No","No","No","No",""
"25-34-66-08","Cereals- rice, maize, chapatti, wheat, sorghum, bread, etc",7,"Yes","No","No","No","Yes","No","No","No","No","No",""
"25-34-66-08","Roots and tubers- potato, sweet potato, cassava, arrow roots, cooking banana",7,"No","No","No","No","Yes","No","No","No","No","No",""
"25-34-66-08","Vegetables- spinach, pumpkin, cabbage, tomato, onion",7,"Yes","No","No","No","No","No","No","No","No","No",""
"25-34-66-08","Meat, poultry, organ meat- goat, sheep, cow, chicken, liver, kidney, intestines",1,"No","No","No","No","Yes","No","No","No","No","No",""
"25-34-66-08","Fish and seafood (dried or fresh)- sardines, dagaa/omena",1,"No","No","No","No","Yes","No","No","No","No","No",""
"25-34-66-08","Pulses, legumes, nuts, seeds",7,"No","No","No","No","Yes","No","No","No","No","No",""
"25-34-66-08","Sugar and sweets- sugar, honey, sweets, desserts",5,"No","No","No","No","Yes","No","No","No","No","No",""
"25-34-66-08","Miscellaneous- tea, coffee, beverages, condiments, spices",5,"No","No","No","No","Yes","No","No","No","No","No",""
"29-70-97-81","Cereals- rice, maize, chapatti, wheat, sorghum, bread, etc",7,"Yes","No","No","No","Yes","No","No","No","No","No",""
"29-70-97-81","Roots and tubers- potato, sweet potato, cassava, arrow roots, cooking banana",2,"No","No","No","No","Yes","No","No","No","No","No",""
"29-70-97-81","Vegetables- spinach, pumpkin, cabbage, tomato, onion",7,"Yes","No","No","No","Yes","No","No","No","No","No",""
"29-70-97-81","Fruits- orange, mango, guava, rice paw paw/papaya, pineapple, etc",5,"No","No","No","No","Yes","No","No","No","No","No",""
"29-70-97-81","Meat, poultry, organ meat- goat, sheep, cow, chicken, liver, kidney, intestines",3,"No","No","No","No","Yes","No","No","No","No","No",""
"29-70-97-81","Fish and seafood (dried or fresh)- sardines, dagaa/omena",2,"No","No","No","No","Yes","No","No","No","No","No",""
"29-70-97-81","Pulses, legumes, nuts, seeds",4,"Yes","No","No","No","No","No","No","No","No","No",""
"29-70-97-81","Milk and milk products- fresh, powdered, yogurt, cheese, etc",2,"No","No","No","No","Yes","No","No","No","No","No",""
"29-70-97-81","Oil/fats- oil, fat, butter, ghee, etc",7,"No","No","No","No","Yes","No","No","No","No","No",""
"29-70-97-81","Sugar and sweets- sugar, honey, sweets, desserts",7,"No","No","No","No","Yes","No","No","No","No","No",""
"29-70-97-81","Miscellaneous- tea, coffee, beverages, condiments, spices",7,"No","No","No","No","Yes","No","No","No","No","No",""
"16-38-85-69","Cereals- rice, maize, chapatti, wheat, sorghum, bread, etc",7,"Yes","No","No","No","No","No","No","No","No","No",""
"16-38-85-69","Roots and tubers- potato, sweet potato, cassava, arrow roots, cooking banana",2,"No","No","No","No","Yes","No","No","No","No","No",""
"16-38-85-69","Vegetables- spinach, pumpkin, cabbage, tomato, onion",7,"No","No","No","No","Yes","No","No","No","No","No",""
"16-38-85-69","Fruits- orange, mango, guava, rice paw paw/papaya, pineapple, etc",5,"No","No","No","No","Yes","No","No","No","No","No",""
"16-38-85-69","Meat, poultry, organ meat- goat, sheep, cow, chicken, liver, kidney, intestines",2,"No","No","No","No","Yes","No","No","No","No","No",""
"16-38-85-69","Eggs",7,"Yes","No","No","No","No","No","No","No","No","No",""
"16-38-85-69","Fish and seafood (dried or fresh)- sardines, dagaa/omena",1,"No","No","No","No","Yes","No","No","No","No","No",""
"16-38-85-69","Milk and milk products- fresh, powdered, yogurt, cheese, etc",7,"Yes","No","No","No","No","No","No","No","No","No",""
"16-38-85-69","Oil/fats- oil, fat, butter, ghee, etc",7,"Yes","No","No","No","No","No","No","No","No","No",""
"16-38-85-69","Sugar and sweets- sugar, honey, sweets, desserts",7,"No","No","No","No","Yes","No","No","No","No","No",""
"16-38-85-69","Miscellaneous- tea, coffee, beverages, condiments, spices",3,"No","No","No","No","Yes","No","No","No","No","No",""
"34-85-34-32","Cereals- rice, maize, chapatti, wheat, sorghum, bread, etc",7,"No","No","No","No","Yes","No","No","No","No","No",""
"34-85-34-32","Vegetables- spinach, pumpkin, cabbage, tomato, onion",7,"No","No","No","No","Yes","No","No","No","No","No",""
"34-85-34-32","Meat, poultry, organ meat- goat, sheep, cow, chicken, liver, kidney, intestines",1,"No","No","No","No","Yes","No","No","No","No","No",""
"34-85-34-32","Fish and seafood (dried or fresh)- sardines, dagaa/omena",1,"No","No","No","No","Yes","No","No","No","No","No",""
"34-85-34-32","Pulses, legumes, nuts, seeds",2,"No","No","No","No","Yes","No","No","No","No","No",""
"34-85-34-32","Oil/fats- oil, fat, butter, ghee, etc",7,"No","No","No","No","Yes","No","No","No","No","No",""
"87-75-27-62","Cereals- rice, maize, chapatti, wheat, sorghum, bread, etc",7,"Yes","No","No","No","Yes","No","No","No","No","No",""
"87-75-27-62","Roots and tubers- potato, sweet potato, cassava, arrow roots, cooking banana",3,"Yes","No","No","No","No","No","No","No","No","No",""
"87-75-27-62","Vegetables- spinach, pumpkin, cabbage, tomato, onion",7,"Yes","No","No","No","No","No","No","No","No","No",""
"87-75-27-62","Fruits- orange, mango, guava, rice paw paw/papaya, pineapple, etc",2,"Yes","No","No","No","No","No","No","No","No","No",""
"87-75-27-62","Fish and seafood (dried or fresh)- sardines, dagaa/omena",3,"No","No","No","No","Yes","No","No","No","No","No",""
"87-75-27-62","Pulses, legumes, nuts, seeds",3,"No","No","No","No","No","No","No","Yes","No","No",""
"87-75-27-62","Oil/fats- oil, fat, butter, ghee, etc",7,"No","No","No","No","Yes","No","No","No","No","No",""
"87-75-27-62","Sugar and sweets- sugar, honey, sweets, desserts",4,"No","No","No","No","Yes","No","No","No","No","No",""
"87-75-27-62","Miscellaneous- tea, coffee, beverages, condiments, spices",7,"No","No","No","No","Yes","No","No","No","No","No",""
"03-56-68-20","Cereals- rice, maize, chapatti, wheat, sorghum, bread, etc",7,"Yes","No","No","No","No","No","No","No","No","No",""
"03-56-68-20","Vegetables- spinach, pumpkin, cabbage, tomato, onion",7,"Yes","No","No","No","Yes","No","No","No","No","No",""
"03-56-68-20","Fish and seafood (dried or fresh)- sardines, dagaa/omena",2,"No","No","No","No","Yes","No","No","No","No","No",""
"03-56-68-20","Oil/fats- oil, fat, butter, ghee, etc",7,"No","No","No","No","Yes","No","No","No","No","No",""
"03-56-68-20","Sugar and sweets- sugar, honey, sweets, desserts",1,"Yes","No","No","No","Yes","No","No","No","No","No",""
"03-56-68-20","Miscellaneous- tea, coffee, beverages, condiments, spices",3,"No","No","No","No","Yes","No","No","No","No","No",""
"96-99-31-77","Cereals- rice, maize, chapatti, wheat, sorghum, bread, etc",7,"Yes","No","No","No","Yes","No","No","No","No","No",""
"96-99-31-77","Roots and tubers- potato, sweet potato, cassava, arrow roots, cooking banana",3,"Yes","No","No","No","No","No","No","No","No","No",""
"96-99-31-77","Vegetables- spinach, pumpkin, cabbage, tomato, onion",7,"Yes","No","No","No","Yes","No","No","No","No","No",""
"96-99-31-77","Fruits- orange, mango, guava, rice paw paw/papaya, pineapple, etc",7,"No","No","No","No","Yes","No","No","No","No","No",""
"96-99-31-77","Meat, poultry, organ meat- goat, sheep, cow, chicken, liver, kidney, intestines",2,"No","No","No","No","Yes","No","No","No","No","No",""
"96-99-31-77","Fish and seafood (dried or fresh)- sardines, dagaa/omena",1,"No","No","No","No","Yes","No","No","No","No","No",""
"96-99-31-77","Pulses, legumes, nuts, seeds",2,"Yes","No","No","No","No","No","No","No","No","No",""
"96-99-31-77","Oil/fats- oil, fat, butter, ghee, etc",7,"Yes","No","No","No","No","No","No","No","No","No",""
"96-99-31-77","Sugar and sweets- sugar, honey, sweets, desserts",7,"No","No","No","No","Yes","No","No","No","No","No",""
"96-99-31-77","Miscellaneous- tea, coffee, beverages, condiments, spices",7,"No","No","No","No","Yes","No","No","No","No","No",""
"43-76-23-18","Cereals- rice, maize, chapatti, wheat, sorghum, bread, etc",7,"Yes","No","No","No","No","No","No","No","No","No",""
"43-76-23-18","Roots and tubers- potato, sweet potato, cassava, arrow roots, cooking banana",1,"No","No","No","No","No","No","No","Yes","No","No",""
"43-76-23-18","Vegetables- spinach, pumpkin, cabbage, tomato, onion",7,"No","No","No","No","Yes","No","No","No","No","No",""
"43-76-23-18","Meat, poultry, organ meat- goat, sheep, cow, chicken, liver, kidney, intestines",1,"No","No","No","No","No","No","No","Yes","No","No",""
"43-76-23-18","Fish and seafood (dried or fresh)- sardines, dagaa/omena",1,"No","No","No","No","Yes","No","No","No","No","No",""
"43-76-23-18","Oil/fats- oil, fat, butter, ghee, etc",7,"Yes","No","No","No","No","No","No","Yes","No","No",""
"43-76-23-18","Miscellaneous- tea, coffee, beverages, condiments, spices",7,"Yes","No","No","No","No","No","No","No","No","No",""
"47-55-12-39","Cereals- rice, maize, chapatti, wheat, sorghum, bread, etc",7,"Yes","No","No","No","Yes","No","No","No","No","No",""
"47-55-12-39","Roots and tubers- potato, sweet potato, cassava, arrow roots, cooking banana",1,"No","No","No","No","Yes","No","No","No","No","No",""
"47-55-12-39","Vegetables- spinach, pumpkin, cabbage, tomato, onion",7,"Yes","No","No","No","No","No","No","No","No","No",""
"47-55-12-39","Meat, poultry, organ meat- goat, sheep, cow, chicken, liver, kidney, intestines",1,"No","No","No","No","Yes","No","No","No","No","No",""
"47-55-12-39","Fish and seafood (dried or fresh)- sardines, dagaa/omena",1,"No","No","No","No","Yes","No","No","No","No","No",""
"47-55-12-39","Pulses, legumes, nuts, seeds",2,"Yes","No","No","No","No","No","No","No","No","No",""
"47-55-12-39","Oil/fats- oil, fat, butter, ghee, etc",7,"No","No","No","No","Yes","No","No","No","No","No",""
"26-14-45-15","Cereals- rice, maize, chapatti, wheat, sorghum, bread, etc",7,"Yes","No","No","No","Yes","No","No","No","No","No",""
"26-14-45-15","Vegetables- spinach, pumpkin, cabbage, tomato, onion",4,"Yes","No","No","No","No","No","No","No","No","No",""
"26-14-45-15","Fruits- orange, mango, guava, rice paw paw/papaya, pineapple, etc",2,"No","No","No","No","Yes","No","No","No","No","No",""
"26-14-45-15","Meat, poultry, organ meat- goat, sheep, cow, chicken, liver, kidney, intestines",1,"No","No","No","No","Yes","No","No","No","No","No",""
"26-14-45-15","Fish and seafood (dried or fresh)- sardines, dagaa/omena",4,"No","No","No","No","Yes","No","No","No","No","No",""
"26-14-45-15","Pulses, legumes, nuts, seeds",2,"Yes","No","No","No","No","No","No","Yes","No","No",""
"26-14-45-15","Oil/fats- oil, fat, butter, ghee, etc",7,"No","No","No","No","Yes","No","No","No","No","No",""
"26-14-45-15","Sugar and sweets- sugar, honey, sweets, desserts",7,"No","No","No","No","Yes","No","No","No","No","No",""
"26-14-45-15","Miscellaneous- tea, coffee, beverages, condiments, spices",7,"No","No","No","No","Yes","No","No","No","No","No",""
"92-21-19-80","Cereals- rice, maize, chapatti, wheat, sorghum, bread, etc",7,"Yes","No","No","No","Yes","No","No","No","No","No",""
"92-21-19-80","Roots and tubers- potato, sweet potato, cassava, arrow roots, cooking banana",1,"No","No","No","No","Yes","No","No","No","No","No",""
"92-21-19-80","Vegetables- spinach, pumpkin, cabbage, tomato, onion",2,"No","No","No","No","Yes","No","No","No","No","No",""
"92-21-19-80","Meat, poultry, organ meat- goat, sheep, cow, chicken, liver, kidney, intestines",1,"No","No","No","No","Yes","No","No","No","No","No",""
"92-21-19-80","Fish and seafood (dried or fresh)- sardines, dagaa/omena",5,"No","No","No","No","Yes","No","No","No","No","No",""
"92-21-19-80","Oil/fats- oil, fat, butter, ghee, etc",7,"No","No","No","No","Yes","No","No","No","No","No",""
"92-21-19-80","Sugar and sweets- sugar, honey, sweets, desserts",7,"No","No","No","No","Yes","No","No","No","No","No",""
"92-21-19-80","Miscellaneous- tea, coffee, beverages, condiments, spices",7,"No","No","No","No","Yes","No","No","No","No","No",""
"69-22-78-98","Cereals- rice, maize, chapatti, wheat, sorghum, bread, etc",7,"Yes","No","No","No","Yes","No","No","No","No","No",""
"69-22-78-98","Vegetables- spinach, pumpkin, cabbage, tomato, onion",7,"Yes","No","No","No","Yes","No","No","No","No","No",""
"69-22-78-98","Oil/fats- oil, fat, butter, ghee, etc",7,"No","No","No","No","Yes","No","No","No","No","No",""
"69-22-78-98","Sugar and sweets- sugar, honey, sweets, desserts",5,"No","No","No","No","Yes","No","No","No","No","No",""
"72-81-88-52","Cereals- rice, maize, chapatti, wheat, sorghum, bread, etc",7,"No","No","No","No","Yes","No","No","No","No","No",""
"72-81-88-52","Vegetables- spinach, pumpkin, cabbage, tomato, onion",7,"No","No","No","No","Yes","No","No","No","No","No",""
"72-81-88-52","Fruits- orange, mango, guava, rice paw paw/papaya, pineapple, etc",2,"No","No","No","No","Yes","No","No","No","No","No",""
"72-81-88-52","Meat, poultry, organ meat- goat, sheep, cow, chicken, liver, kidney, intestines",2,"No","No","No","No","Yes","No","No","No","No","No",""
"72-81-88-52","Eggs",1,"Yes","No","No","No","No","No","No","No","No","No",""
"72-81-88-52","Oil/fats- oil, fat, butter, ghee, etc",7,"Yes","No","No","No","Yes","No","No","No","No","No",""
"72-81-88-52","Sugar and sweets- sugar, honey, sweets, desserts",7,"No","No","No","No","Yes","No","No","No","No","No",""
"99-60-35-75","Cereals- rice, maize, chapatti, wheat, sorghum, bread, etc",7,"Yes","No","No","No","Yes","No","No","No","No","No",""
"99-60-35-75","Vegetables- spinach, pumpkin, cabbage, tomato, onion",7,"Yes","No","No","No","Yes","No","No","No","No","No",""
"99-60-35-75","Fruits- orange, mango, guava, rice paw paw/papaya, pineapple, etc",1,"No","No","No","No","Yes","No","No","No","No","No",""
"99-60-35-75","Meat, poultry, organ meat- goat, sheep, cow, chicken, liver, kidney, intestines",1,"No","No","No","No","Yes","No","No","No","No","No",""
"99-60-35-75","Fish and seafood (dried or fresh)- sardines, dagaa/omena",1,"No","No","No","No","Yes","No","No","No","No","No",""
"99-60-35-75","Pulses, legumes, nuts, seeds",2,"No","No","No","No","Yes","No","No","No","No","No",""
"99-60-35-75","Oil/fats- oil, fat, butter, ghee, etc",7,"No","No","No","No","Yes","No","No","No","No","No",""
"99-60-35-75","Sugar and sweets- sugar, honey, sweets, desserts",3,"No","No","No","No","Yes","No","No","No","No","No",""
"99-60-35-75","Miscellaneous- tea, coffee, beverages, condiments, spices",2,"No","No","No","No","Yes","No","No","No","No","No",""
"22-09-50-57","Cereals- rice, maize, chapatti, wheat, sorghum, bread, etc",7,"Yes","No","No","No","No","No","No","No","No","No",""
"22-09-50-57","Roots and tubers- potato, sweet potato, cassava, arrow roots, cooking banana",2,"No","No","No","No","Yes","No","No","No","No","No",""
"22-09-50-57","Vegetables- spinach, pumpkin, cabbage, tomato, onion",7,"No","No","No","No","Yes","No","No","No","No","No",""
"22-09-50-57","Fruits- orange, mango, guava, rice paw paw/papaya, pineapple, etc",2,"No","No","No","No","Yes","No","No","No","No","No",""
"22-09-50-57","Meat, poultry, organ meat- goat, sheep, cow, chicken, liver, kidney, intestines",1,"No","No","No","No","Yes","No","No","No","No","No",""
"22-09-50-57","Fish and seafood (dried or fresh)- sardines, dagaa/omena",1,"No","No","No","No","Yes","No","No","No","No","No",""
"22-09-50-57","Milk and milk products- fresh, powdered, yogurt, cheese, etc",1,"No","No","No","No","Yes","No","No","No","No","No",""
"22-09-50-57","Sugar and sweets- sugar, honey, sweets, desserts",3,"No","No","No","No","Yes","No","No","No","No","No",""
"22-09-50-57","Miscellaneous- tea, coffee, beverages, condiments, spices",3,"No","No","No","No","Yes","No","No","No","No","No",""
"88-99-86-73","Cereals- rice, maize, chapatti, wheat, sorghum, bread, etc",7,"Yes","No","No","No","Yes","No","No","No","No","No",""
"88-99-86-73","Roots and tubers- potato, sweet potato, cassava, arrow roots, cooking banana",2,"No","No","No","No","Yes","No","No","No","No","No",""
"88-99-86-73","Vegetables- spinach, pumpkin, cabbage, tomato, onion",7,"No","No","No","No","Yes","No","No","No","No","No",""
"88-99-86-73","Fruits- orange, mango, guava, rice paw paw/papaya, pineapple, etc",2,"No","No","No","No","Yes","No","No","No","No","No",""
"88-99-86-73","Meat, poultry, organ meat- goat, sheep, cow, chicken, liver, kidney, intestines",3,"No","No","No","No","Yes","No","No","No","No","No",""
"88-99-86-73","Fish and seafood (dried or fresh)- sardines, dagaa/omena",1,"No","No","No","No","Yes","No","No","No","No","No",""
"88-99-86-73","Pulses, legumes, nuts, seeds",1,"No","No","No","No","Yes","No","No","No","No","No",""
"88-99-86-73","Milk and milk products- fresh, powdered, yogurt, cheese, etc",1,"No","No","No","No","Yes","No","No","No","No","No",""
"88-99-86-73","Oil/fats- oil, fat, butter, ghee, etc",7,"No","No","No","No","Yes","No","No","No","No","No",""
"88-99-86-73","Sugar and sweets- sugar, honey, sweets, desserts",7,"No","No","No","No","Yes","No","No","No","No","No",""
"88-99-86-73","Miscellaneous- tea, coffee, beverages, condiments, spices",7,"No","No","No","No","Yes","No","No","No","No","No",""
"71-42-32-14","Cereals- rice, maize, chapatti, wheat, sorghum, bread, etc",7,"Yes","No","No","No","No","No","No","No","No","No",""
"71-42-32-14","Vegetables- spinach, pumpkin, cabbage, tomato, onion",3,"Yes","No","No","No","No","No","No","No","No","No",""
"71-42-32-14","Fruits- orange, mango, guava, rice paw paw/papaya, pineapple, etc",3,"No","No","No","No","Yes","No","No","No","No","No",""
"71-42-32-14","Meat, poultry, organ meat- goat, sheep, cow, chicken, liver, kidney, intestines",2,"No","No","No","No","Yes","No","No","No","No","No",""
"71-42-32-14","Eggs",3,"No","No","No","No","Yes","No","No","No","No","No",""
"71-42-32-14","Fish and seafood (dried or fresh)- sardines, dagaa/omena",2,"No","No","No","No","Yes","No","No","No","No","No",""
"71-42-32-14","Pulses, legumes, nuts, seeds",7,"No","No","No","No","Yes","No","No","No","No","No",""
"71-42-32-14","Milk and milk products- fresh, powdered, yogurt, cheese, etc",7,"No","No","No","No","Yes","No","No","No","No","No",""
"71-42-32-14","Oil/fats- oil, fat, butter, ghee, etc",7,"No","No","No","No","Yes","No","No","No","No","No",""
"71-42-32-14","Sugar and sweets- sugar, honey, sweets, desserts",7,"No","No","No","No","Yes","No","No","No","No","No",""
"71-42-32-14","Miscellaneous- tea, coffee, beverages, condiments, spices",7,"Yes","No","No","No","No","No","No","No","No","No",""
"30-04-61-14","Cereals- rice, maize, chapatti, wheat, sorghum, bread, etc",7,"Yes","No","No","No","Yes","No","No","No","No","No",""
"30-04-61-14","Roots and tubers- potato, sweet potato, cassava, arrow roots, cooking banana",7,"Yes","No","No","No","No","No","No","No","No","No",""
"30-04-61-14","Vegetables- spinach, pumpkin, cabbage, tomato, onion",7,"Yes","No","No","No","Yes","No","No","No","No","No",""
"30-04-61-14","Fruits- orange, mango, guava, rice paw paw/papaya, pineapple, etc",3,"No","No","Yes","No","No","No","No","No","No","No",""
"30-04-61-14","Meat, poultry, organ meat- goat, sheep, cow, chicken, liver, kidney, intestines",1,"Yes","No","No","No","No","No","No","No","No","No",""
"30-04-61-14","Eggs",2,"Yes","No","No","No","No","No","No","No","No","No",""
"30-04-61-14","Fish and seafood (dried or fresh)- sardines, dagaa/omena",3,"No","No","No","No","Yes","No","No","No","No","No",""
"30-04-61-14","Oil/fats- oil, fat, butter, ghee, etc",2,"No","No","No","No","Yes","No","No","No","No","No",""
"67-60-72-31","Cereals- rice, maize, chapatti, wheat, sorghum, bread, etc",7,"Yes","No","No","No","No","No","No","No","No","No",""
"67-60-72-31","Vegetables- spinach, pumpkin, cabbage, tomato, onion",7,"Yes","No","No","No","No","No","No","No","No","No",""
"67-60-72-31","Fish and seafood (dried or fresh)- sardines, dagaa/omena",5,"No","No","No","No","Yes","No","No","No","No","No",""
"67-60-72-31","Milk and milk products- fresh, powdered, yogurt, cheese, etc",1,"No","No","No","No","Yes","No","No","No","No","No",""
"67-60-72-31","Oil/fats- oil, fat, butter, ghee, etc",7,"No","No","No","No","Yes","No","No","No","No","No",""
"32-10-01-18","Cereals- rice, maize, chapatti, wheat, sorghum, bread, etc",7,"Yes","No","No","No","Yes","No","No","No","No","No",""
"32-10-01-18","Roots and tubers- potato, sweet potato, cassava, arrow roots, cooking banana",2,"No","No","No","No","Yes","No","No","No","No","No",""
"32-10-01-18","Vegetables- spinach, pumpkin, cabbage, tomato, onion",7,"No","No","No","No","Yes","No","No","No","No","No",""
"32-10-01-18","Fish and seafood (dried or fresh)- sardines, dagaa/omena",3,"No","No","No","No","Yes","No","No","No","No","No",""
"32-10-01-18","Pulses, legumes, nuts, seeds",2,"No","No","No","No","Yes","No","No","No","No","No",""
"32-10-01-18","Oil/fats- oil, fat, butter, ghee, etc",7,"No","No","No","No","Yes","No","No","No","No","No",""
"32-10-01-18","Sugar and sweets- sugar, honey, sweets, desserts",7,"No","No","No","No","Yes","No","No","No","No","No",""
"32-10-01-18","Miscellaneous- tea, coffee, beverages, condiments, spices",7,"No","No","No","No","Yes","No","No","No","No","No",""
"22-48-15-22","Cereals- rice, maize, chapatti, wheat, sorghum, bread, etc",7,"Yes","No","No","No","No","No","No","No","No","No",""
"22-48-15-22","Vegetables- spinach, pumpkin, cabbage, tomato, onion",7,"No","No","No","No","Yes","No","No","No","No","No",""
"22-48-15-22","Meat, poultry, organ meat- goat, sheep, cow, chicken, liver, kidney, intestines",4,"No","No","No","No","Yes","No","No","No","No","No",""
"22-48-15-22","Oil/fats- oil, fat, butter, ghee, etc",7,"No","No","No","No","Yes","No","No","No","No","No",""
"06-04-90-02","Cereals- rice, maize, chapatti, wheat, sorghum, bread, etc",7,"Yes","No","No","No","Yes","No","No","No","No","No",""
"06-04-90-02","Roots and tubers- potato, sweet potato, cassava, arrow roots, cooking banana",1,"No","No","No","No","Yes","No","No","No","No","No",""
"06-04-90-02","Vegetables- spinach, pumpkin, cabbage, tomato, onion",7,"No","No","No","No","Yes","No","No","No","No","No",""
"06-04-90-02","Fruits- orange, mango, guava, rice paw paw/papaya, pineapple, etc",2,"No","No","No","No","Yes","No","No","No","No","No",""
"06-04-90-02","Meat, poultry, organ meat- goat, sheep, cow, chicken, liver, kidney, intestines",1,"No","No","No","No","Yes","No","No","No","No","No",""
"06-04-90-02","Fish and seafood (dried or fresh)- sardines, dagaa/omena",2,"No","No","No","No","Yes","No","No","No","No","No",""
"06-04-90-02","Milk and milk products- fresh, powdered, yogurt, cheese, etc",2,"No","No","No","No","Yes","No","No","No","No","No",""
"06-04-90-02","Oil/fats- oil, fat, butter, ghee, etc",7,"Yes","No","No","No","No","No","No","No","No","No",""
"06-04-90-02","Sugar and sweets- sugar, honey, sweets, desserts",7,"No","No","No","No","Yes","No","No","No","No","No",""
"06-04-90-02","Miscellaneous- tea, coffee, beverages, condiments, spices",3,"No","No","No","No","Yes","No","No","No","No","No",""
"89-93-26-33","Cereals- rice, maize, chapatti, wheat, sorghum, bread, etc",7,"Yes","No","No","No","Yes","No","No","No","No","No",""
"89-93-26-33","Roots and tubers- potato, sweet potato, cassava, arrow roots, cooking banana",3,"No","No","No","No","Yes","No","No","No","No","No",""
"89-93-26-33","Vegetables- spinach, pumpkin, cabbage, tomato, onion",7,"Yes","No","No","No","Yes","No","No","No","No","No",""
"89-93-26-33","Fruits- orange, mango, guava, rice paw paw/papaya, pineapple, etc",3,"No","No","No","No","Yes","No","No","No","No","No",""
"89-93-26-33","Meat, poultry, organ meat- goat, sheep, cow, chicken, liver, kidney, intestines",3,"Yes","No","No","No","Yes","No","No","No","No","No",""
"89-93-26-33","Eggs",7,"Yes","No","No","No","No","No","No","No","No","No",""
"89-93-26-33","Fish and seafood (dried or fresh)- sardines, dagaa/omena",2,"No","No","No","No","Yes","No","No","No","No","No",""
"89-93-26-33","Pulses, legumes, nuts, seeds",2,"Yes","No","No","No","No","No","No","No","No","No",""
"89-93-26-33","Milk and milk products- fresh, powdered, yogurt, cheese, etc",7,"No","No","No","No","No","No","No","Yes","No","No",""
"89-93-26-33","Oil/fats- oil, fat, butter, ghee, etc",7,"No","No","No","No","Yes","No","No","No","No","No",""
"89-93-26-33","Sugar and sweets- sugar, honey, sweets, desserts",7,"No","No","No","No","Yes","No","No","No","No","No",""
"89-93-26-33","Miscellaneous- tea, coffee, beverages, condiments, spices",3,"No","No","No","No","Yes","No","No","No","No","No",""
"16-51-24-24","Cereals- rice, maize, chapatti, wheat, sorghum, bread, etc",7,"Yes","No","No","No","Yes","No","No","No","No","No",""
"16-51-24-24","Vegetables- spinach, pumpkin, cabbage, tomato, onion",7,"No","No","No","No","Yes","No","No","No","No","No",""
"16-51-24-24","Fruits- orange, mango, guava, rice paw paw/papaya, pineapple, etc",2,"No","No","No","No","Yes","No","No","No","No","No",""
"16-51-24-24","Meat, poultry, organ meat- goat, sheep, cow, chicken, liver, kidney, intestines",1,"No","No","No","No","Yes","No","No","No","No","No",""
"16-51-24-24","Fish and seafood (dried or fresh)- sardines, dagaa/omena",1,"No","No","No","No","Yes","No","No","No","No","No",""
"16-51-24-24","Pulses, legumes, nuts, seeds",2,"No","No","No","No","Yes","No","No","No","No","No",""
"16-51-24-24","Sugar and sweets- sugar, honey, sweets, desserts",3,"No","No","No","No","Yes","No","No","No","No","No",""
"16-51-24-24","Miscellaneous- tea, coffee, beverages, condiments, spices",3,"No","No","No","No","Yes","No","No","No","No","No",""
"85-00-63-86","Cereals- rice, maize, chapatti, wheat, sorghum, bread, etc",7,"Yes","No","No","No","No","No","No","No","No","No",""
"85-00-63-86","Vegetables- spinach, pumpkin, cabbage, tomato, onion",7,"Yes","No","No","No","No","No","No","No","No","No",""
"85-00-63-86","Meat, poultry, organ meat- goat, sheep, cow, chicken, liver, kidney, intestines",1,"No","No","No","No","Yes","No","No","No","No","No",""
"85-00-63-86","Fish and seafood (dried or fresh)- sardines, dagaa/omena",2,"No","No","No","No","Yes","No","No","No","No","No",""
"85-00-63-86","Milk and milk products- fresh, powdered, yogurt, cheese, etc",2,"No","No","No","No","Yes","No","No","No","No","No",""
"85-00-63-86","Oil/fats- oil, fat, butter, ghee, etc",7,"No","No","No","No","Yes","No","No","No","No","No",""
"85-00-63-86","Sugar and sweets- sugar, honey, sweets, desserts",7,"No","No","No","No","Yes","No","No","No","No","No",""
"85-00-63-86","Miscellaneous- tea, coffee, beverages, condiments, spices",3,"No","No","No","No","Yes","No","No","No","No","No",""
"24-74-06-95","Cereals- rice, maize, chapatti, wheat, sorghum, bread, etc",7,"Yes","No","No","No","No","No","No","No","No","No",""
"24-74-06-95","Roots and tubers- potato, sweet potato, cassava, arrow roots, cooking banana",3,"Yes","No","No","No","Yes","No","No","No","No","No",""
"24-74-06-95","Vegetables- spinach, pumpkin, cabbage, tomato, onion",4,"No","No","No","No","Yes","No","No","No","No","No",""
"24-74-06-95","Pulses, legumes, nuts, seeds",4,"No","No","No","No","Yes","No","No","No","No","No",""
"24-74-06-95","Oil/fats- oil, fat, butter, ghee, etc",7,"No","No","No","No","Yes","No","No","No","No","No",""
"24-74-06-95","Sugar and sweets- sugar, honey, sweets, desserts",1,"No","No","No","No","Yes","No","No","No","No","No",""
"24-74-06-95","Miscellaneous- tea, coffee, beverages, condiments, spices",1,"Yes","No","No","No","No","No","No","No","No","No",""
"76-24-30-21","Cereals- rice, maize, chapatti, wheat, sorghum, bread, etc",7,"Yes","No","No","No","Yes","No","No","No","No","No",""
"76-24-30-21","Roots and tubers- potato, sweet potato, cassava, arrow roots, cooking banana",2,"Yes","No","No","No","No","No","No","No","No","No",""
"76-24-30-21","Vegetables- spinach, pumpkin, cabbage, tomato, onion",7,"Yes","No","No","No","Yes","No","No","No","No","No",""
"76-24-30-21","Fruits- orange, mango, guava, rice paw paw/papaya, pineapple, etc",2,"No","No","Yes","No","No","No","No","No","No","No",""
"76-24-30-21","Eggs",1,"Yes","No","No","No","No","No","No","No","No","No",""
"76-24-30-21","Fish and seafood (dried or fresh)- sardines, dagaa/omena",1,"No","No","No","No","Yes","No","No","No","No","No",""
"76-24-30-21","Pulses, legumes, nuts, seeds",3,"Yes","No","No","No","No","No","No","No","No","No",""
"76-24-30-21","Oil/fats- oil, fat, butter, ghee, etc",7,"No","No","No","No","Yes","No","No","No","No","No",""
"56-71-52-33","Cereals- rice, maize, chapatti, wheat, sorghum, bread, etc",7,"Yes","No","No","No","No","No","No","No","No","No",""
"56-71-52-33","Roots and tubers- potato, sweet potato, cassava, arrow roots, cooking banana",2,"No","No","No","No","Yes","No","No","No","No","No",""
"56-71-52-33","Vegetables- spinach, pumpkin, cabbage, tomato, onion",7,"Yes","No","No","No","Yes","No","No","No","No","No",""
"56-71-52-33","Fruits- orange, mango, guava, rice paw paw/papaya, pineapple, etc",5,"No","No","No","No","Yes","No","No","No","No","No",""
"56-71-52-33","Meat, poultry, organ meat- goat, sheep, cow, chicken, liver, kidney, intestines",5,"No","No","No","No","Yes","No","No","No","No","No",""
"56-71-52-33","Fish and seafood (dried or fresh)- sardines, dagaa/omena",3,"No","No","No","No","Yes","No","No","No","No","No",""
"56-71-52-33","Milk and milk products- fresh, powdered, yogurt, cheese, etc",5,"No","No","No","No","Yes","No","No","No","No","No",""
"56-71-52-33","Oil/fats- oil, fat, butter, ghee, etc",7,"Yes","No","No","No","No","No","No","No","No","No",""
"56-71-52-33","Sugar and sweets- sugar, honey, sweets, desserts",5,"No","No","No","No","Yes","No","No","No","No","No",""
"56-71-52-33","Miscellaneous- tea, coffee, beverages, condiments, spices",5,"No","No","No","No","Yes","No","No","No","No","No",""
"27-56-82-36","Cereals- rice, maize, chapatti, wheat, sorghum, bread, etc",7,"Yes","No","No","No","No","No","No","No","No","No",""
"27-56-82-36","Roots and tubers- potato, sweet potato, cassava, arrow roots, cooking banana",2,"No","No","No","No","No","No","No","Yes","No","No",""
"27-56-82-36","Vegetables- spinach, pumpkin, cabbage, tomato, onion",7,"Yes","No","No","No","No","No","No","No","No","No",""
"27-56-82-36","Pulses, legumes, nuts, seeds",2,"No","No","No","No","No","No","No","Yes","No","No",""
"27-56-82-36","Oil/fats- oil, fat, butter, ghee, etc",7,"No","No","No","No","Yes","No","No","No","No","No",""
"98-24-74-63","Cereals- rice, maize, chapatti, wheat, sorghum, bread, etc",7,"Yes","No","No","No","Yes","No","No","No","No","No",""
"98-24-74-63","Roots and tubers- potato, sweet potato, cassava, arrow roots, cooking banana",2,"No","No","No","No","Yes","No","No","No","No","No",""
"98-24-74-63","Vegetables- spinach, pumpkin, cabbage, tomato, onion",3,"No","No","No","No","Yes","No","No","No","No","No",""
"98-24-74-63","Fruits- orange, mango, guava, rice paw paw/papaya, pineapple, etc",1,"No","No","No","No","Yes","No","No","No","No","No",""
"98-24-74-63","Meat, poultry, organ meat- goat, sheep, cow, chicken, liver, kidney, intestines",1,"No","No","No","No","Yes","No","No","No","No","No",""
"98-24-74-63","Pulses, legumes, nuts, seeds",2,"No","No","No","No","Yes","No","No","No","No","No",""
"98-24-74-63","Sugar and sweets- sugar, honey, sweets, desserts",7,"No","No","No","No","Yes","No","No","No","No","No",""
"98-24-74-63","Miscellaneous- tea, coffee, beverages, condiments, spices",7,"No","No","No","No","Yes","No","No","No","No","No",""
"33-63-66-85","Cereals- rice, maize, chapatti, wheat, sorghum, bread, etc",7,"Yes","No","No","No","Yes","No","No","No","No","No",""
"33-63-66-85","Vegetables- spinach, pumpkin, cabbage, tomato, onion",7,"No","No","No","No","Yes","No","No","No","No","No",""
"33-63-66-85","Fruits- orange, mango, guava, rice paw paw/papaya, pineapple, etc",2,"No","No","No","No","Yes","No","No","No","No","No",""
"33-63-66-85","Meat, poultry, organ meat- goat, sheep, cow, chicken, liver, kidney, intestines",2,"No","No","No","No","Yes","No","No","No","No","No",""
"33-63-66-85","Oil/fats- oil, fat, butter, ghee, etc",7,"No","No","No","No","Yes","No","No","No","No","No",""
"33-63-66-85","Sugar and sweets- sugar, honey, sweets, desserts",7,"No","No","No","No","Yes","No","No","No","No","No",""
"36-81-79-37","Cereals- rice, maize, chapatti, wheat, sorghum, bread, etc",7,"Yes","No","No","No","No","No","No","No","No","No",""
"36-81-79-37","Roots and tubers- potato, sweet potato, cassava, arrow roots, cooking banana",3,"No","No","No","No","Yes","No","No","No","No","No",""
"36-81-79-37","Vegetables- spinach, pumpkin, cabbage, tomato, onion",5,"No","No","No","No","Yes","No","No","No","No","No",""
"36-81-79-37","Fruits- orange, mango, guava, rice paw paw/papaya, pineapple, etc",5,"No","No","No","No","Yes","No","No","No","No","No",""
"36-81-79-37","Meat, poultry, organ meat- goat, sheep, cow, chicken, liver, kidney, intestines",3,"No","No","No","No","Yes","No","No","No","No","No",""
"36-81-79-37","Eggs",1,"No","No","No","No","Yes","No","No","No","No","No",""
"36-81-79-37","Fish and seafood (dried or fresh)- sardines, dagaa/omena",4,"No","No","No","No","Yes","No","No","No","No","No",""
"36-81-79-37","Oil/fats- oil, fat, butter, ghee, etc",7,"No","No","No","No","Yes","No","No","No","No","No",""
"36-81-79-37","Sugar and sweets- sugar, honey, sweets, desserts",5,"No","No","No","No","Yes","No","No","No","No","No",""
"36-81-79-37","Miscellaneous- tea, coffee, beverages, condiments, spices",5,"No","No","No","No","Yes","No","No","No","No","No",""
"98-23-40-44","Cereals- rice, maize, chapatti, wheat, sorghum, bread, etc",7,"Yes","No","No","No","Yes","No","No","No","No","No",""
"98-23-40-44","Vegetables- spinach, pumpkin, cabbage, tomato, onion",7,"No","No","No","No","Yes","No","No","No","No","No",""
"98-23-40-44","Meat, poultry, organ meat- goat, sheep, cow, chicken, liver, kidney, intestines",1,"No","No","No","No","Yes","No","No","No","No","No",""
"98-23-40-44","Pulses, legumes, nuts, seeds",7,"No","No","No","No","Yes","No","No","No","No","No",""
"98-23-40-44","Oil/fats- oil, fat, butter, ghee, etc",7,"No","No","No","No","Yes","No","No","No","No","No",""
"37-22-37-99","Cereals- rice, maize, chapatti, wheat, sorghum, bread, etc",7,"Yes","No","No","No","No","No","No","No","No","No",""
"37-22-37-99","Vegetables- spinach, pumpkin, cabbage, tomato, onion",7,"Yes","No","No","No","No","No","No","No","No","No",""
"37-22-37-99","Oil/fats- oil, fat, butter, ghee, etc",7,"No","No","No","No","Yes","No","No","No","No","No",""
"37-22-37-99","Miscellaneous- tea, coffee, beverages, condiments, spices",7,"No","No","No","No","Yes","No","No","No","No","No",""
"00-67-21-61","Cereals- rice, maize, chapatti, wheat, sorghum, bread, etc",7,"Yes","No","No","No","No","No","No","No","No","No",""
"00-67-21-61","Roots and tubers- potato, sweet potato, cassava, arrow roots, cooking banana",3,"No","No","No","No","Yes","No","No","No","No","No",""
"00-67-21-61","Vegetables- spinach, pumpkin, cabbage, tomato, onion",7,"Yes","No","No","No","No","No","No","No","No","No",""
"00-67-21-61","Fruits- orange, mango, guava, rice paw paw/papaya, pineapple, etc",7,"Yes","No","No","No","Yes","No","No","No","No","No",""
"00-67-21-61","Meat, poultry, organ meat- goat, sheep, cow, chicken, liver, kidney, intestines",2,"No","No","No","No","Yes","No","No","No","No","No",""
"00-67-21-61","Fish and seafood (dried or fresh)- sardines, dagaa/omena",3,"No","No","No","No","Yes","No","No","No","No","No",""
"00-67-21-61","Pulses, legumes, nuts, seeds",7,"Yes","No","No","No","No","No","No","No","No","No",""
"00-67-21-61","Milk and milk products- fresh, powdered, yogurt, cheese, etc",7,"Yes","No","No","No","No","No","No","No","No","No",""
"00-67-21-61","Oil/fats- oil, fat, butter, ghee, etc",7,"Yes","No","No","No","Yes","No","No","No","No","No",""
"00-67-21-61","Sugar and sweets- sugar, honey, sweets, desserts",7,"No","No","No","No","Yes","No","No","No","No","No",""
"00-67-21-61","Miscellaneous- tea, coffee, beverages, condiments, spices",7,"Yes","No","No","No","No","No","No","No","No","No",""
"51-87-88-69","Cereals- rice, maize, chapatti, wheat, sorghum, bread, etc",7,"Yes","No","No","No","Yes","No","No","No","No","No",""
"51-87-88-69","Roots and tubers- potato, sweet potato, cassava, arrow roots, cooking banana",4,"No","No","No","No","Yes","No","No","No","No","No",""
"51-87-88-69","Vegetables- spinach, pumpkin, cabbage, tomato, onion",7,"Yes","No","No","No","No","No","No","No","No","No",""
"51-87-88-69","Meat, poultry, organ meat- goat, sheep, cow, chicken, liver, kidney, intestines",1,"Yes","No","No","No","Yes","No","No","No","No","No",""
"51-87-88-69","Fish and seafood (dried or fresh)- sardines, dagaa/omena",2,"No","No","No","No","Yes","No","No","No","No","No",""
"51-87-88-69","Oil/fats- oil, fat, butter, ghee, etc",7,"No","No","No","No","Yes","No","No","No","No","No",""
"00-01-36-74","Cereals- rice, maize, chapatti, wheat, sorghum, bread, etc",4,"Yes","No","No","No","No","No","No","No","No","No",""
"00-01-36-74","Vegetables- spinach, pumpkin, cabbage, tomato, onion",2,"Yes","No","No","No","No","No","No","No","No","No",""
"00-01-36-74","Fruits- orange, mango, guava, rice paw paw/papaya, pineapple, etc",6,"Yes","No","No","No","No","No","No","No","No","No",""
"00-01-36-74","Meat, poultry, organ meat- goat, sheep, cow, chicken, liver, kidney, intestines",2,"No","No","No","No","Yes","No","No","No","No","No",""
"00-01-36-74","Fish and seafood (dried or fresh)- sardines, dagaa/omena",3,"No","No","No","No","Yes","No","No","No","No","No",""
"00-01-36-74","Pulses, legumes, nuts, seeds",1,"Yes","No","No","No","No","No","No","No","No","No",""
"00-01-36-74","Oil/fats- oil, fat, butter, ghee, etc",7,"No","No","No","No","Yes","No","No","No","No","No",""
"00-01-36-74","Sugar and sweets- sugar, honey, sweets, desserts",7,"No","No","No","No","Yes","No","No","No","No","No",""
"00-01-36-74","Miscellaneous- tea, coffee, beverages, condiments, spices",7,"Yes","No","No","No","No","No","No","No","No","No",""
"07-23-47-52","Cereals- rice, maize, chapatti, wheat, sorghum, bread, etc",7,"Yes","No","No","No","Yes","No","No","No","No","No",""
"07-23-47-52","Roots and tubers- potato, sweet potato, cassava, arrow roots, cooking banana",3,"No","No","No","No","Yes","No","No","No","No","No",""
"07-23-47-52","Vegetables- spinach, pumpkin, cabbage, tomato, onion",7,"No","No","No","No","Yes","No","No","No","No","No",""
"07-23-47-52","Fruits- orange, mango, guava, rice paw paw/papaya, pineapple, etc",7,"No","No","No","No","Yes","No","No","No","No","No",""
"07-23-47-52","Meat, poultry, organ meat- goat, sheep, cow, chicken, liver, kidney, intestines",1,"No","No","No","No","Yes","No","No","No","No","No",""
"07-23-47-52","Fish and seafood (dried or fresh)- sardines, dagaa/omena",5,"No","No","No","No","Yes","No","No","No","No","No",""
"07-23-47-52","Oil/fats- oil, fat, butter, ghee, etc",7,"Yes","No","No","No","No","No","No","No","No","No",""
"07-23-47-52","Sugar and sweets- sugar, honey, sweets, desserts",5,"No","No","No","No","Yes","No","No","No","No","No",""
"07-23-47-52","Miscellaneous- tea, coffee, beverages, condiments, spices",5,"No","No","No","No","Yes","No","No","No","No","No",""
"07-42-94-81","Cereals- rice, maize, chapatti, wheat, sorghum, bread, etc",7,"Yes","No","No","No","No","No","No","No","No","No",""
"07-42-94-81","Vegetables- spinach, pumpkin, cabbage, tomato, onion",2,"No","No","No","No","Yes","No","No","No","No","No",""
"07-42-94-81","Meat, poultry, organ meat- goat, sheep, cow, chicken, liver, kidney, intestines",2,"No","No","No","No","Yes","No","No","No","No","No",""
"07-42-94-81","Fish and seafood (dried or fresh)- sardines, dagaa/omena",2,"No","No","No","No","Yes","No","No","No","No","No",""
"07-42-94-81","Pulses, legumes, nuts, seeds",1,"No","No","No","No","Yes","No","No","No","No","No",""
"07-42-94-81","Milk and milk products- fresh, powdered, yogurt, cheese, etc",1,"No","No","No","No","Yes","No","No","No","No","No",""
"07-42-94-81","Oil/fats- oil, fat, butter, ghee, etc",2,"No","No","No","No","Yes","No","No","No","No","No",""
"07-42-94-81","Miscellaneous- tea, coffee, beverages, condiments, spices",1,"Yes","No","No","No","No","No","No","No","No","No",""
"23-53-17-58","Cereals- rice, maize, chapatti, wheat, sorghum, bread, etc",7,"Yes","No","No","No","No","No","No","No","No","No",""
"23-53-17-58","Roots and tubers- potato, sweet potato, cassava, arrow roots, cooking banana",2,"No","No","No","No","Yes","No","No","No","No","No",""
"23-53-17-58","Vegetables- spinach, pumpkin, cabbage, tomato, onion",4,"No","No","No","No","Yes","No","No","No","No","No",""
"23-53-17-58","Fruits- orange, mango, guava, rice paw paw/papaya, pineapple, etc",2,"No","No","No","No","Yes","No","No","No","No","No",""
"23-53-17-58","Meat, poultry, organ meat- goat, sheep, cow, chicken, liver, kidney, intestines",4,"No","No","No","No","Yes","No","No","No","No","No",""
"23-53-17-58","Fish and seafood (dried or fresh)- sardines, dagaa/omena",2,"No","No","No","No","Yes","No","No","No","No","No",""
"23-53-17-58","Pulses, legumes, nuts, seeds",2,"No","No","No","No","Yes","No","No","No","No","No",""
"23-53-17-58","Milk and milk products- fresh, powdered, yogurt, cheese, etc",3,"No","No","No","No","Yes","No","No","No","No","No",""
"23-53-17-58","Oil/fats- oil, fat, butter, ghee, etc",7,"No","No","No","No","Yes","No","No","No","No","No",""
"23-53-17-58","Sugar and sweets- sugar, honey, sweets, desserts",7,"No","No","No","No","Yes","No","No","No","No","No",""
"23-53-17-58","Miscellaneous- tea, coffee, beverages, condiments, spices",7,"No","No","No","No","Yes","No","No","No","No","No",""
"36-44-48-22","Cereals- rice, maize, chapatti, wheat, sorghum, bread, etc",7,"Yes","No","No","No","No","No","No","No","No","No",""
"36-44-48-22","Vegetables- spinach, pumpkin, cabbage, tomato, onion",7,"No","No","No","No","Yes","No","No","No","No","No",""
"36-44-48-22","Meat, poultry, organ meat- goat, sheep, cow, chicken, liver, kidney, intestines",4,"No","No","No","No","Yes","No","No","No","No","No",""
"36-44-48-22","Milk and milk products- fresh, powdered, yogurt, cheese, etc",1,"No","No","No","No","Yes","No","No","No","No","No",""
"36-44-48-22","Oil/fats- oil, fat, butter, ghee, etc",7,"No","No","No","No","Yes","No","No","No","No","No",""
"36-44-48-22","Sugar and sweets- sugar, honey, sweets, desserts",7,"No","No","No","No","Yes","No","No","No","No","No",""
"66-23-65-75","Cereals- rice, maize, chapatti, wheat, sorghum, bread, etc",7,"Yes","No","No","No","Yes","No","No","No","No","No",""
"66-23-65-75","Roots and tubers- potato, sweet potato, cassava, arrow roots, cooking banana",1,"No","No","No","No","Yes","No","No","No","No","No",""
"66-23-65-75","Vegetables- spinach, pumpkin, cabbage, tomato, onion",7,"Yes","No","No","No","Yes","No","No","No","No","No",""
"66-23-65-75","Fruits- orange, mango, guava, rice paw paw/papaya, pineapple, etc",3,"No","No","No","No","Yes","No","No","No","No","No",""
"66-23-65-75","Meat, poultry, organ meat- goat, sheep, cow, chicken, liver, kidney, intestines",6,"No","No","No","No","Yes","No","No","No","No","No",""
"66-23-65-75","Pulses, legumes, nuts, seeds",5,"Yes","No","No","No","No","No","No","No","No","No",""
"66-23-65-75","Milk and milk products- fresh, powdered, yogurt, cheese, etc",1,"No","No","No","No","Yes","No","No","No","No","No",""
"66-23-65-75","Oil/fats- oil, fat, butter, ghee, etc",7,"No","No","No","No","Yes","No","No","No","No","No",""
"66-23-65-75","Sugar and sweets- sugar, honey, sweets, desserts",7,"No","No","No","No","Yes","No","No","No","No","No",""
"66-23-65-75","Miscellaneous- tea, coffee, beverages, condiments, spices",7,"No","No","No","No","Yes","No","No","No","No","No",""
"94-52-36-12","Cereals- rice, maize, chapatti, wheat, sorghum, bread, etc",7,"Yes","No","No","No","No","No","No","No","No","No",""
"94-52-36-12","Roots and tubers- potato, sweet potato, cassava, arrow roots, cooking banana",2,"No","No","No","No","Yes","No","No","No","No","No",""
"94-52-36-12","Vegetables- spinach, pumpkin, cabbage, tomato, onion",7,"No","No","No","No","Yes","No","No","No","No","No",""
"94-52-36-12","Fruits- orange, mango, guava, rice paw paw/papaya, pineapple, etc",3,"No","No","No","No","Yes","No","No","No","No","No",""
"94-52-36-12","Meat, poultry, organ meat- goat, sheep, cow, chicken, liver, kidney, intestines",1,"No","No","No","No","Yes","No","No","No","No","No",""
"94-52-36-12","Fish and seafood (dried or fresh)- sardines, dagaa/omena",1,"No","No","No","No","Yes","No","No","No","No","No",""
"94-52-36-12","Pulses, legumes, nuts, seeds",1,"No","No","No","No","Yes","No","No","No","No","No",""
"94-52-36-12","Oil/fats- oil, fat, butter, ghee, etc",7,"No","No","No","No","Yes","No","No","No","No","No",""
"94-52-36-12","Sugar and sweets- sugar, honey, sweets, desserts",7,"No","No","No","No","Yes","No","No","No","No","No",""
"94-52-36-12","Miscellaneous- tea, coffee, beverages, condiments, spices",4,"Yes","No","No","No","No","No","No","No","No","No",""
"34-33-60-75","Cereals- rice, maize, chapatti, wheat, sorghum, bread, etc",7,"No","No","No","No","No","No","No","Yes","No","No",""
"34-33-60-75","Roots and tubers- potato, sweet potato, cassava, arrow roots, cooking banana",3,"No","No","No","No","Yes","No","No","No","No","No",""
"34-33-60-75","Vegetables- spinach, pumpkin, cabbage, tomato, onion",7,"No","No","No","No","Yes","No","No","No","No","No",""
"34-33-60-75","Oil/fats- oil, fat, butter, ghee, etc",7,"No","No","No","No","Yes","No","No","No","No","No",""
"34-33-60-75","Miscellaneous- tea, coffee, beverages, condiments, spices",7,"No","No","No","No","Yes","No","No","No","No","No",""
"94-14-40-52","Cereals- rice, maize, chapatti, wheat, sorghum, bread, etc",7,"Yes","No","No","No","Yes","No","No","No","No","No",""
"94-14-40-52","Vegetables- spinach, pumpkin, cabbage, tomato, onion",7,"No","No","No","No","Yes","No","No","No","No","No",""
"94-14-40-52","Fruits- orange, mango, guava, rice paw paw/papaya, pineapple, etc",2,"No","No","No","No","Yes","No","No","No","No","No",""
"94-14-40-52","Fish and seafood (dried or fresh)- sardines, dagaa/omena",1,"No","No","No","No","Yes","No","No","No","No","No",""
"94-14-40-52","Oil/fats- oil, fat, butter, ghee, etc",7,"No","No","No","No","Yes","No","No","No","No","No",""
"94-14-40-52","Miscellaneous- tea, coffee, beverages, condiments, spices",7,"No","No","No","No","Yes","No","No","No","No","No",""
"85-43-64-12","Cereals- rice, maize, chapatti, wheat, sorghum, bread, etc",7,"Yes","No","No","No","No","No","No","No","No","No",""
"85-43-64-12","Vegetables- spinach, pumpkin, cabbage, tomato, onion",5,"No","No","No","No","Yes","No","No","No","No","No",""
"85-43-64-12","Fruits- orange, mango, guava, rice paw paw/papaya, pineapple, etc",3,"No","No","No","No","Yes","No","No","No","No","No",""
"85-43-64-12","Meat, poultry, organ meat- goat, sheep, cow, chicken, liver, kidney, intestines",5,"No","No","No","No","Yes","No","No","No","No","No",""
"85-43-64-12","Fish and seafood (dried or fresh)- sardines, dagaa/omena",3,"No","No","No","No","Yes","No","No","No","No","No",""
"85-43-64-12","Oil/fats- oil, fat, butter, ghee, etc",7,"Yes","No","No","No","Yes","No","No","No","No","No",""
"85-43-64-12","Sugar and sweets- sugar, honey, sweets, desserts",5,"Yes","No","No","No","No","No","No","No","No","No",""
"85-43-64-12","Miscellaneous- tea, coffee, beverages, condiments, spices",4,"No","No","No","No","Yes","No","No","No","No","No",""
"48-73-27-78","Cereals- rice, maize, chapatti, wheat, sorghum, bread, etc",7,"Yes","No","No","No","No","No","No","No","No","No",""
"48-73-27-78","Vegetables- spinach, pumpkin, cabbage, tomato, onion",7,"No","No","No","No","Yes","No","No","No","No","No",""
"48-73-27-78","Meat, poultry, organ meat- goat, sheep, cow, chicken, liver, kidney, intestines",2,"No","No","No","No","Yes","No","No","No","No","No",""
"48-73-27-78","Pulses, legumes, nuts, seeds",2,"No","No","No","No","Yes","No","No","No","No","No",""
"48-73-27-78","Oil/fats- oil, fat, butter, ghee, etc",7,"Yes","No","No","No","Yes","No","No","No","No","No",""
"48-73-27-78","Miscellaneous- tea, coffee, beverages, condiments, spices",4,"No","No","No","No","Yes","No","No","No","No","No",""
"95-30-04-02","Cereals- rice, maize, chapatti, wheat, sorghum, bread, etc",7,"Yes","No","No","No","Yes","No","No","No","No","No",""
"95-30-04-02","Vegetables- spinach, pumpkin, cabbage, tomato, onion",3,"No","No","No","No","Yes","No","No","No","No","No",""
"95-30-04-02","Fruits- orange, mango, guava, rice paw paw/papaya, pineapple, etc",2,"No","No","No","No","Yes","No","No","No","No","No",""
"95-30-04-02","Meat, poultry, organ meat- goat, sheep, cow, chicken, liver, kidney, intestines",1,"No","No","No","No","Yes","No","No","No","No","No",""
"95-30-04-02","Fish and seafood (dried or fresh)- sardines, dagaa/omena",1,"No","No","No","No","Yes","No","No","No","No","No",""
"95-30-04-02","Milk and milk products- fresh, powdered, yogurt, cheese, etc",1,"No","No","No","No","Yes","No","No","No","No","No",""
"95-30-04-02","Oil/fats- oil, fat, butter, ghee, etc",7,"No","No","No","No","Yes","No","No","No","No","No",""
"95-30-04-02","Sugar and sweets- sugar, honey, sweets, desserts",7,"No","No","No","No","Yes","No","No","No","No","No",""
"95-30-04-02","Miscellaneous- tea, coffee, beverages, condiments, spices",7,"No","No","No","No","Yes","No","No","No","No","No",""
"92-70-85-41","Cereals- rice, maize, chapatti, wheat, sorghum, bread, etc",7,"Yes","No","No","No","Yes","No","No","No","No","No",""
"92-70-85-41","Roots and tubers- potato, sweet potato, cassava, arrow roots, cooking banana",2,"No","No","No","No","Yes","No","No","No","No","No",""
"92-70-85-41","Vegetables- spinach, pumpkin, cabbage, tomato, onion",2,"No","No","No","No","Yes","No","No","No","No","No",""
"92-70-85-41","Fruits- orange, mango, guava, rice paw paw/papaya, pineapple, etc",2,"No","No","No","No","Yes","No","No","No","No","No",""
"92-70-85-41","Meat, poultry, organ meat- goat, sheep, cow, chicken, liver, kidney, intestines",1,"No","No","No","No","Yes","No","No","No","No","No",""
"92-70-85-41","Fish and seafood (dried or fresh)- sardines, dagaa/omena",2,"No","No","No","No","Yes","No","No","No","No","No",""
"92-70-85-41","Pulses, legumes, nuts, seeds",2,"No","No","No","No","Yes","No","No","No","No","No",""
"92-70-85-41","Milk and milk products- fresh, powdered, yogurt, cheese, etc",1,"No","No","No","No","Yes","No","No","No","No","No",""
"92-70-85-41","Sugar and sweets- sugar, honey, sweets, desserts",5,"No","No","No","No","Yes","No","No","No","No","No",""
"92-70-85-41","Miscellaneous- tea, coffee, beverages, condiments, spices",5,"No","No","No","No","Yes","No","No","No","No","No",""
"48-49-97-86","Cereals- rice, maize, chapatti, wheat, sorghum, bread, etc",7,"Yes","No","No","No","No","No","No","No","No","No",""
"48-49-97-86","Vegetables- spinach, pumpkin, cabbage, tomato, onion",7,"No","No","No","No","Yes","No","No","No","No","No",""
"48-49-97-86","Miscellaneous- tea, coffee, beverages, condiments, spices",2,"No","No","No","No","No","No","No","Yes","No","No",""
"84-79-52-42","Cereals- rice, maize, chapatti, wheat, sorghum, bread, etc",7,"Yes","No","No","No","No","No","No","No","No","No",""
"84-79-52-42","Roots and tubers- potato, sweet potato, cassava, arrow roots, cooking banana",3,"No","No","No","No","Yes","No","No","No","No","No",""
"84-79-52-42","Fish and seafood (dried or fresh)- sardines, dagaa/omena",3,"No","No","No","No","Yes","No","No","No","No","No",""
"84-79-52-42","Milk and milk products- fresh, powdered, yogurt, cheese, etc",1,"No","No","No","No","Yes","No","No","No","No","No",""
"84-79-52-42","Oil/fats- oil, fat, butter, ghee, etc",7,"No","No","No","No","Yes","No","No","No","No","No",""
"84-79-52-42","Sugar and sweets- sugar, honey, sweets, desserts",5,"No","No","No","No","Yes","No","No","No","No","No",""
"84-79-52-42","Miscellaneous- tea, coffee, beverages, condiments, spices",4,"No","No","No","No","Yes","No","No","No","No","No",""
"49-71-84-27","Cereals- rice, maize, chapatti, wheat, sorghum, bread, etc",7,"Yes","No","No","No","Yes","No","No","No","No","No",""
"49-71-84-27","Vegetables- spinach, pumpkin, cabbage, tomato, onion",7,"No","No","No","No","Yes","No","No","No","No","No",""
"49-71-84-27","Oil/fats- oil, fat, butter, ghee, etc",7,"No","No","No","No","Yes","No","No","No","No","No",""
"49-71-84-27","Miscellaneous- tea, coffee, beverages, condiments, spices",7,"No","No","No","No","Yes","No","No","No","No","No",""
"62-50-68-38","Cereals- rice, maize, chapatti, wheat, sorghum, bread, etc",7,"Yes","No","No","No","No","No","No","No","No","No",""
"62-50-68-38","Vegetables- spinach, pumpkin, cabbage, tomato, onion",7,"No","No","No","No","Yes","No","No","No","No","No",""
"62-50-68-38","Fruits- orange, mango, guava, rice paw paw/papaya, pineapple, etc",1,"No","No","No","No","Yes","No","No","No","No","No",""
"62-50-68-38","Eggs",1,"Yes","No","No","No","No","No","No","No","No","No",""
"62-50-68-38","Fish and seafood (dried or fresh)- sardines, dagaa/omena",4,"No","No","No","No","Yes","No","No","No","No","No",""
"62-50-68-38","Milk and milk products- fresh, powdered, yogurt, cheese, etc",5,"Yes","No","No","No","No","No","No","No","No","No",""
"62-50-68-38","Oil/fats- oil, fat, butter, ghee, etc",7,"No","No","No","No","Yes","No","No","No","No","No",""
"62-50-68-38","Sugar and sweets- sugar, honey, sweets, desserts",7,"No","No","No","No","Yes","No","No","No","No","No",""
"62-50-68-38","Miscellaneous- tea, coffee, beverages, condiments, spices",2,"Yes","No","No","No","No","No","No","No","No","No",""
"27-08-48-72","Cereals- rice, maize, chapatti, wheat, sorghum, bread, etc",7,"Yes","No","No","No","No","No","No","No","No","No",""
"27-08-48-72","Vegetables- spinach, pumpkin, cabbage, tomato, onion",6,"Yes","No","No","No","Yes","No","No","No","No","No",""
"27-08-48-72","Fruits- orange, mango, guava, rice paw paw/papaya, pineapple, etc",2,"No","No","No","No","Yes","No","No","No","No","No",""
"27-08-48-72","Meat, poultry, organ meat- goat, sheep, cow, chicken, liver, kidney, intestines",1,"No","No","No","No","Yes","No","No","No","No","No",""
"27-08-48-72","Fish and seafood (dried or fresh)- sardines, dagaa/omena",1,"No","No","No","No","Yes","No","No","No","No","No",""
"27-08-48-72","Oil/fats- oil, fat, butter, ghee, etc",6,"No","No","No","No","Yes","No","No","No","No","No",""
"27-08-48-72","Sugar and sweets- sugar, honey, sweets, desserts",5,"No","No","No","No","Yes","No","No","No","No","No",""
"27-08-48-72","Miscellaneous- tea, coffee, beverages, condiments, spices",6,"Yes","No","No","No","Yes","No","No","No","No","No",""
"77-27-65-41","Cereals- rice, maize, chapatti, wheat, sorghum, bread, etc",7,"Yes","No","No","No","No","No","No","No","No","No",""
"77-27-65-41","Roots and tubers- potato, sweet potato, cassava, arrow roots, cooking banana",1,"No","No","No","No","Yes","No","No","No","No","No",""
"77-27-65-41","Vegetables- spinach, pumpkin, cabbage, tomato, onion",3,"Yes","No","No","No","No","No","No","No","No","No",""
"77-27-65-41","Fruits- orange, mango, guava, rice paw paw/papaya, pineapple, etc",2,"No","No","No","No","Yes","No","No","No","No","No",""
"77-27-65-41","Meat, poultry, organ meat- goat, sheep, cow, chicken, liver, kidney, intestines",1,"No","No","No","No","Yes","No","No","No","No","No",""
"77-27-65-41","Pulses, legumes, nuts, seeds",1,"No","No","No","No","Yes","No","No","No","No","No",""
"77-27-65-41","Milk and milk products- fresh, powdered, yogurt, cheese, etc",7,"Yes","No","No","No","No","No","No","No","No","No",""
"77-27-65-41","Oil/fats- oil, fat, butter, ghee, etc",7,"No","No","No","No","Yes","No","No","No","No","No",""
"77-27-65-41","Sugar and sweets- sugar, honey, sweets, desserts",7,"No","No","No","No","Yes","No","No","No","No","No",""
"77-27-65-41","Miscellaneous- tea, coffee, beverages, condiments, spices",7,"No","No","No","No","Yes","No","No","No","No","No",""
"70-31-22-22","Cereals- rice, maize, chapatti, wheat, sorghum, bread, etc",7,"Yes","No","No","No","Yes","No","No","No","No","No",""
"70-31-22-22","Vegetables- spinach, pumpkin, cabbage, tomato, onion",7,"No","No","No","No","Yes","No","No","No","No","No",""
"70-31-22-22","Fruits- orange, mango, guava, rice paw paw/papaya, pineapple, etc",2,"No","No","No","No","Yes","No","No","No","No","No",""
"70-31-22-22","Meat, poultry, organ meat- goat, sheep, cow, chicken, liver, kidney, intestines",1,"No","No","No","No","Yes","No","No","No","No","No",""
"70-31-22-22","Eggs",1,"No","No","No","No","Yes","No","No","No","No","No",""
"70-31-22-22","Fish and seafood (dried or fresh)- sardines, dagaa/omena",1,"No","No","No","No","Yes","No","No","No","No","No",""
"70-31-22-22","Oil/fats- oil, fat, butter, ghee, etc",7,"No","No","No","No","Yes","No","No","No","No","No",""
"70-31-22-22","Miscellaneous- tea, coffee, beverages, condiments, spices",7,"No","No","No","No","Yes","No","No","No","No","No",""
"94-42-67-72","Cereals- rice, maize, chapatti, wheat, sorghum, bread, etc",7,"Yes","No","No","No","No","No","No","No","No","No",""
"94-42-67-72","Vegetables- spinach, pumpkin, cabbage, tomato, onion",7,"No","No","No","No","Yes","No","No","No","No","No",""
"94-42-67-72","Pulses, legumes, nuts, seeds",2,"Yes","No","No","No","No","No","No","No","No","No",""
"94-42-67-72","Milk and milk products- fresh, powdered, yogurt, cheese, etc",2,"No","No","No","No","Yes","No","No","No","No","No",""
"94-42-67-72","Oil/fats- oil, fat, butter, ghee, etc",7,"No","No","No","No","Yes","No","No","Yes","No","No",""
"94-42-67-72","Sugar and sweets- sugar, honey, sweets, desserts",7,"No","No","No","No","Yes","No","No","Yes","No","No",""
"94-42-67-72","Miscellaneous- tea, coffee, beverages, condiments, spices",7,"No","No","No","No","Yes","No","No","No","No","No",""
"44-03-12-81","Cereals- rice, maize, chapatti, wheat, sorghum, bread, etc",7,"Yes","No","No","No","No","No","No","No","No","No",""
"44-03-12-81","Roots and tubers- potato, sweet potato, cassava, arrow roots, cooking banana",2,"No","No","No","No","Yes","No","No","No","No","No",""
"44-03-12-81","Vegetables- spinach, pumpkin, cabbage, tomato, onion",7,"No","No","No","No","Yes","No","No","No","No","No",""
"44-03-12-81","Fish and seafood (dried or fresh)- sardines, dagaa/omena",2,"No","No","No","No","Yes","No","No","No","No","No",""
"44-03-12-81","Oil/fats- oil, fat, butter, ghee, etc",7,"No","No","No","No","Yes","No","No","No","No","No",""
"44-03-12-81","Sugar and sweets- sugar, honey, sweets, desserts",7,"No","No","No","No","Yes","No","No","No","No","No",""
"44-03-12-81","Miscellaneous- tea, coffee, beverages, condiments, spices",7,"No","No","No","No","Yes","No","No","No","No","No",""
"02-54-15-71","Cereals- rice, maize, chapatti, wheat, sorghum, bread, etc",7,"Yes","No","No","No","No","No","No","No","No","No",""
"02-54-15-71","Roots and tubers- potato, sweet potato, cassava, arrow roots, cooking banana",1,"No","No","No","No","Yes","No","No","No","No","No",""
"02-54-15-71","Vegetables- spinach, pumpkin, cabbage, tomato, onion",7,"Yes","No","No","No","No","No","No","No","No","No",""
"02-54-15-71","Fruits- orange, mango, guava, rice paw paw/papaya, pineapple, etc",1,"No","No","No","No","Yes","No","No","No","No","No",""
"02-54-15-71","Meat, poultry, organ meat- goat, sheep, cow, chicken, liver, kidney, intestines",2,"No","No","No","No","Yes","No","No","No","No","No",""
"02-54-15-71","Fish and seafood (dried or fresh)- sardines, dagaa/omena",3,"No","No","No","No","Yes","No","No","No","No","No",""
"02-54-15-71","Pulses, legumes, nuts, seeds",2,"Yes","No","No","No","No","No","No","No","No","No",""
"02-54-15-71","Oil/fats- oil, fat, butter, ghee, etc",7,"No","No","No","No","Yes","No","No","No","No","No",""
"02-54-15-71","Sugar and sweets- sugar, honey, sweets, desserts",7,"No","No","No","No","Yes","No","No","No","No","No",""
"02-54-15-71","Miscellaneous- tea, coffee, beverages, condiments, spices",7,"Yes","No","No","No","No","No","No","No","No","No",""
"62-99-04-33","Cereals- rice, maize, chapatti, wheat, sorghum, bread, etc",7,"Yes","No","No","No","Yes","No","No","No","No","No",""
"62-99-04-33","Vegetables- spinach, pumpkin, cabbage, tomato, onion",7,"No","No","No","No","Yes","No","No","No","No","No",""
"62-99-04-33","Fruits- orange, mango, guava, rice paw paw/papaya, pineapple, etc",5,"No","No","No","No","Yes","No","No","No","No","No",""
"62-99-04-33","Meat, poultry, organ meat- goat, sheep, cow, chicken, liver, kidney, intestines",2,"No","No","No","No","Yes","No","No","No","No","No",""
"62-99-04-33","Fish and seafood (dried or fresh)- sardines, dagaa/omena",3,"No","No","No","No","Yes","No","No","No","No","No",""
"62-99-04-33","Oil/fats- oil, fat, butter, ghee, etc",7,"No","No","No","No","Yes","No","No","No","No","No",""
"62-99-04-33","Sugar and sweets- sugar, honey, sweets, desserts",7,"No","No","No","No","Yes","No","No","No","No","No",""
"62-99-04-33","Miscellaneous- tea, coffee, beverages, condiments, spices",7,"No","No","No","No","Yes","No","No","No","No","No",""
"42-85-59-02","Cereals- rice, maize, chapatti, wheat, sorghum, bread, etc",7,"Yes","No","No","No","No","No","No","No","No","No",""
"42-85-59-02","Vegetables- spinach, pumpkin, cabbage, tomato, onion",7,"Yes","No","No","No","No","No","No","No","No","No",""
"42-85-59-02","Oil/fats- oil, fat, butter, ghee, etc",7,"No","No","No","No","Yes","No","No","No","No","No",""
"42-85-59-02","Sugar and sweets- sugar, honey, sweets, desserts",5,"No","No","No","No","Yes","No","No","No","No","No",""
"42-85-59-02","Miscellaneous- tea, coffee, beverages, condiments, spices",2,"No","No","No","No","Yes","No","No","No","No","No",""
"02-53-80-77","Cereals- rice, maize, chapatti, wheat, sorghum, bread, etc",7,"Yes","No","No","No","Yes","No","No","No","No","No",""
"02-53-80-77","Roots and tubers- potato, sweet potato, cassava, arrow roots, cooking banana",1,"No","No","No","No","Yes","No","No","No","No","No",""
"02-53-80-77","Vegetables- spinach, pumpkin, cabbage, tomato, onion",7,"Yes","No","No","No","Yes","No","No","No","No","No",""
"02-53-80-77","Fruits- orange, mango, guava, rice paw paw/papaya, pineapple, etc",6,"No","No","No","No","Yes","No","No","No","No","No",""
"02-53-80-77","Meat, poultry, organ meat- goat, sheep, cow, chicken, liver, kidney, intestines",1,"No","No","No","No","Yes","No","No","No","No","No",""
"02-53-80-77","Fish and seafood (dried or fresh)- sardines, dagaa/omena",1,"No","No","No","No","Yes","No","No","No","No","No",""
"02-53-80-77","Pulses, legumes, nuts, seeds",3,"No","No","No","No","Yes","No","No","No","No","No",""
"02-53-80-77","Milk and milk products- fresh, powdered, yogurt, cheese, etc",1,"No","No","No","No","Yes","No","No","No","No","No",""
"02-53-80-77","Sugar and sweets- sugar, honey, sweets, desserts",7,"No","No","No","No","Yes","No","No","No","No","No",""
"02-53-80-77","Miscellaneous- tea, coffee, beverages, condiments, spices",7,"No","No","No","No","Yes","No","No","No","No","No",""
"50-80-96-28","Cereals- rice, maize, chapatti, wheat, sorghum, bread, etc",7,"Yes","No","No","No","No","No","No","No","No","No",""
"50-80-96-28","Vegetables- spinach, pumpkin, cabbage, tomato, onion",7,"No","No","No","No","Yes","No","No","No","No","No",""
"50-80-96-28","Meat, poultry, organ meat- goat, sheep, cow, chicken, liver, kidney, intestines",3,"No","No","No","No","Yes","No","No","No","No","No",""
"50-80-96-28","Eggs",7,"Yes","No","No","No","No","No","No","No","No","No",""
"50-80-96-28","Fish and seafood (dried or fresh)- sardines, dagaa/omena",2,"No","No","No","No","Yes","No","No","No","No","No",""
"50-80-96-28","Pulses, legumes, nuts, seeds",7,"Yes","No","No","No","No","No","No","No","No","No",""
"50-80-96-28","Milk and milk products- fresh, powdered, yogurt, cheese, etc",7,"No","No","No","No","Yes","No","No","No","No","No",""
"50-80-96-28","Oil/fats- oil, fat, butter, ghee, etc",7,"No","No","No","No","Yes","No","No","No","No","No",""
"50-80-96-28","Sugar and sweets- sugar, honey, sweets, desserts",7,"No","No","No","No","Yes","No","No","No","No","No",""
"50-80-96-28","Miscellaneous- tea, coffee, beverages, condiments, spices",7,"Yes","No","No","No","No","No","No","No","No","No",""
"11-91-04-75","Cereals- rice, maize, chapatti, wheat, sorghum, bread, etc",7,"Yes","No","No","No","Yes","No","No","No","No","No",""
"11-91-04-75","Roots and tubers- potato, sweet potato, cassava, arrow roots, cooking banana",1,"Yes","No","No","No","Yes","No","No","No","No","No",""
"11-91-04-75","Vegetables- spinach, pumpkin, cabbage, tomato, onion",7,"Yes","No","No","No","Yes","No","No","No","No","No",""
"11-91-04-75","Fish and seafood (dried or fresh)- sardines, dagaa/omena",1,"No","No","No","No","Yes","No","No","No","No","No",""
"11-91-04-75","Pulses, legumes, nuts, seeds",5,"No","No","No","No","Yes","No","No","No","No","No",""
"11-91-04-75","Oil/fats- oil, fat, butter, ghee, etc",7,"No","No","No","No","Yes","No","No","No","No","No",""
"25-18-28-61","Cereals- rice, maize, chapatti, wheat, sorghum, bread, etc",7,"Yes","No","No","No","Yes","No","No","No","No","No",""
"25-18-28-61","Roots and tubers- potato, sweet potato, cassava, arrow roots, cooking banana",1,"Yes","No","No","No","No","No","No","No","No","No",""
"25-18-28-61","Vegetables- spinach, pumpkin, cabbage, tomato, onion",7,"Yes","No","No","No","Yes","No","No","No","No","No",""
"25-18-28-61","Fish and seafood (dried or fresh)- sardines, dagaa/omena",1,"No","No","No","No","Yes","No","No","No","No","No",""
"25-18-28-61","Pulses, legumes, nuts, seeds",3,"Yes","No","No","No","No","No","No","No","No","No",""
"25-18-28-61","Oil/fats- oil, fat, butter, ghee, etc",5,"No","No","No","No","Yes","No","No","No","No","No",""
"25-18-28-61","Sugar and sweets- sugar, honey, sweets, desserts",2,"No","No","No","No","Yes","No","No","No","No","No",""
"25-18-28-61","Miscellaneous- tea, coffee, beverages, condiments, spices",2,"No","No","No","No","Yes","No","No","No","No","No",""
"59-58-64-54","Cereals- rice, maize, chapatti, wheat, sorghum, bread, etc",7,"Yes","No","No","No","Yes","No","No","No","No","No",""
"59-58-64-54","Roots and tubers- potato, sweet potato, cassava, arrow roots, cooking banana",4,"Yes","No","No","No","No","No","No","No","No","No",""
"59-58-64-54","Vegetables- spinach, pumpkin, cabbage, tomato, onion",7,"Yes","No","No","No","Yes","No","No","No","No","No",""
"59-58-64-54","Fruits- orange, mango, guava, rice paw paw/papaya, pineapple, etc",7,"Yes","No","No","No","No","No","No","No","No","No",""
"59-58-64-54","Meat, poultry, organ meat- goat, sheep, cow, chicken, liver, kidney, intestines",1,"No","No","No","No","Yes","No","No","No","No","No",""
"59-58-64-54","Eggs",1,"Yes","No","No","No","No","No","No","No","No","No",""
"59-58-64-54","Fish and seafood (dried or fresh)- sardines, dagaa/omena",3,"No","No","No","No","Yes","No","No","No","No","No",""
"59-58-64-54","Pulses, legumes, nuts, seeds",3,"Yes","No","No","No","No","No","No","No","No","No",""
"59-58-64-54","Oil/fats- oil, fat, butter, ghee, etc",7,"No","No","No","No","Yes","No","No","No","No","No",""
"59-58-64-54","Sugar and sweets- sugar, honey, sweets, desserts",7,"No","No","No","No","Yes","No","No","No","No","No",""
"59-58-64-54","Miscellaneous- tea, coffee, beverages, condiments, spices",7,"No","No","No","No","Yes","No","No","No","No","No",""
"68-47-48-14","Cereals- rice, maize, chapatti, wheat, sorghum, bread, etc",7,"Yes","No","No","No","Yes","No","No","No","No","No",""
"68-47-48-14","Roots and tubers- potato, sweet potato, cassava, arrow roots, cooking banana",2,"No","No","No","No","Yes","No","No","No","No","No",""
"68-47-48-14","Vegetables- spinach, pumpkin, cabbage, tomato, onion",2,"No","No","No","No","Yes","No","No","No","No","No",""
"68-47-48-14","Fruits- orange, mango, guava, rice paw paw/papaya, pineapple, etc",2,"No","No","No","No","Yes","No","No","No","No","No",""
"68-47-48-14","Meat, poultry, organ meat- goat, sheep, cow, chicken, liver, kidney, intestines",2,"No","No","No","No","Yes","No","No","No","No","No",""
"68-47-48-14","Fish and seafood (dried or fresh)- sardines, dagaa/omena",1,"No","No","No","No","Yes","No","No","No","No","No",""
"68-47-48-14","Pulses, legumes, nuts, seeds",3,"No","No","No","No","Yes","No","No","No","No","No",""
"68-47-48-14","Milk and milk products- fresh, powdered, yogurt, cheese, etc",1,"No","No","No","No","Yes","No","No","No","No","No",""
"68-47-48-14","Oil/fats- oil, fat, butter, ghee, etc",7,"No","No","No","No","Yes","No","No","No","No","No",""
"68-47-48-14","Sugar and sweets- sugar, honey, sweets, desserts",7,"No","No","No","No","Yes","No","No","No","No","No",""
"68-47-48-14","Miscellaneous- tea, coffee, beverages, condiments, spices",7,"No","No","No","No","Yes","No","No","No","No","No",""
"64-84-94-47","Cereals- rice, maize, chapatti, wheat, sorghum, bread, etc",7,"Yes","No","No","No","Yes","No","No","No","No","No",""
"64-84-94-47","Vegetables- spinach, pumpkin, cabbage, tomato, onion",4,"Yes","No","No","No","No","No","No","No","No","No",""
"64-84-94-47","Meat, poultry, organ meat- goat, sheep, cow, chicken, liver, kidney, intestines",3,"No","No","No","No","Yes","No","No","No","No","No",""
"64-84-94-47","Fish and seafood (dried or fresh)- sardines, dagaa/omena",1,"No","No","No","No","Yes","No","No","No","No","No",""
"64-84-94-47","Pulses, legumes, nuts, seeds",2,"No","No","No","No","Yes","No","No","No","No","No",""
"64-84-94-47","Oil/fats- oil, fat, butter, ghee, etc",7,"No","No","No","No","Yes","No","No","No","No","No",""
"64-84-94-47","Sugar and sweets- sugar, honey, sweets, desserts",2,"No","No","No","No","Yes","No","No","No","No","No",""
"64-84-94-47","Miscellaneous- tea, coffee, beverages, condiments, spices",7,"No","No","No","No","Yes","No","No","No","No","No",""
"47-86-51-93","Cereals- rice, maize, chapatti, wheat, sorghum, bread, etc",7,"Yes","No","No","No","Yes","No","No","No","No","No",""
"47-86-51-93","Vegetables- spinach, pumpkin, cabbage, tomato, onion",7,"No","No","No","No","Yes","No","No","No","No","No",""
"47-86-51-93","Fish and seafood (dried or fresh)- sardines, dagaa/omena",2,"No","No","No","No","Yes","No","No","No","No","No",""
"47-86-51-93","Oil/fats- oil, fat, butter, ghee, etc",7,"No","No","No","No","Yes","No","No","No","No","No",""
"47-86-51-93","Miscellaneous- tea, coffee, beverages, condiments, spices",7,"No","No","No","No","Yes","No","No","No","No","No",""
"89-64-71-91","Cereals- rice, maize, chapatti, wheat, sorghum, bread, etc",7,"Yes","No","No","No","No","No","No","No","No","No",""
"89-64-71-91","Vegetables- spinach, pumpkin, cabbage, tomato, onion",7,"Yes","No","No","No","No","No","No","No","No","No",""
"89-64-71-91","Fruits- orange, mango, guava, rice paw paw/papaya, pineapple, etc",2,"No","No","No","No","Yes","No","No","No","No","No",""
"89-64-71-91","Fish and seafood (dried or fresh)- sardines, dagaa/omena",5,"No","No","Yes","No","No","No","No","No","No","No",""
"89-64-71-91","Pulses, legumes, nuts, seeds",7,"Yes","No","No","No","No","No","No","No","No","No",""
"89-64-71-91","Oil/fats- oil, fat, butter, ghee, etc",7,"Yes","No","No","No","No","No","No","No","No","No",""
"32-24-09-18","Cereals- rice, maize, chapatti, wheat, sorghum, bread, etc",7,"Yes","No","No","No","Yes","No","No","No","No","No",""
"32-24-09-18","Vegetables- spinach, pumpkin, cabbage, tomato, onion",7,"No","No","No","No","Yes","No","No","No","No","No",""
"32-24-09-18","Fruits- orange, mango, guava, rice paw paw/papaya, pineapple, etc",3,"No","No","No","No","Yes","No","No","No","No","No",""
"32-24-09-18","Meat, poultry, organ meat- goat, sheep, cow, chicken, liver, kidney, intestines",5,"No","No","No","No","Yes","No","No","No","No","No",""
"32-24-09-18","Eggs",1,"No","No","No","No","Yes","No","No","No","No","No",""
"32-24-09-18","Fish and seafood (dried or fresh)- sardines, dagaa/omena",4,"No","No","No","No","Yes","No","No","No","No","No",""
"32-24-09-18","Oil/fats- oil, fat, butter, ghee, etc",7,"No","No","No","No","Yes","No","No","No","No","No",""
"32-24-09-18","Miscellaneous- tea, coffee, beverages, condiments, spices",7,"No","No","No","No","Yes","No","No","No","No","No",""
"54-13-98-82","Cereals- rice, maize, chapatti, wheat, sorghum, bread, etc",7,"Yes","No","No","No","Yes","No","No","No","No","No",""
"54-13-98-82","Vegetables- spinach, pumpkin, cabbage, tomato, onion",7,"No","No","No","No","Yes","No","No","No","No","No",""
"54-13-98-82","Meat, poultry, organ meat- goat, sheep, cow, chicken, liver, kidney, intestines",2,"No","No","No","No","Yes","No","No","No","No","No",""
"54-13-98-82","Oil/fats- oil, fat, butter, ghee, etc",7,"No","No","No","No","Yes","No","No","No","No","No",""
"21-11-21-29","Cereals- rice, maize, chapatti, wheat, sorghum, bread, etc",7,"No","No","No","No","Yes","No","No","No","No","No",""
"21-11-21-29","Roots and tubers- potato, sweet potato, cassava, arrow roots, cooking banana",3,"Yes","No","No","No","Yes","No","No","No","No","No",""
"21-11-21-29","Vegetables- spinach, pumpkin, cabbage, tomato, onion",7,"Yes","No","No","No","Yes","No","No","No","No","No",""
"21-11-21-29","Fruits- orange, mango, guava, rice paw paw/papaya, pineapple, etc",2,"No","No","No","No","Yes","No","No","No","No","No",""
"21-11-21-29","Meat, poultry, organ meat- goat, sheep, cow, chicken, liver, kidney, intestines",1,"No","No","No","No","Yes","No","No","No","No","No",""
"21-11-21-29","Fish and seafood (dried or fresh)- sardines, dagaa/omena",3,"No","No","No","No","Yes","No","No","No","No","No",""
"21-11-21-29","Milk and milk products- fresh, powdered, yogurt, cheese, etc",1,"No","No","No","No","Yes","No","No","No","No","No",""
"21-11-21-29","Oil/fats- oil, fat, butter, ghee, etc",7,"No","No","No","No","Yes","No","No","No","No","No",""
"21-11-21-29","Sugar and sweets- sugar, honey, sweets, desserts",6,"No","No","No","No","Yes","No","No","No","No","No",""
"21-11-21-29","Miscellaneous- tea, coffee, beverages, condiments, spices",3,"No","No","No","No","Yes","No","No","No","No","No",""
"81-55-77-74","Cereals- rice, maize, chapatti, wheat, sorghum, bread, etc",7,"Yes","No","No","No","No","No","No","No","No","No",""
"81-55-77-74","Vegetables- spinach, pumpkin, cabbage, tomato, onion",7,"Yes","No","No","No","No","No","No","No","No","No",""
"81-55-77-74","Meat, poultry, organ meat- goat, sheep, cow, chicken, liver, kidney, intestines",1,"No","No","No","No","Yes","No","No","No","No","No",""
"81-55-77-74","Fish and seafood (dried or fresh)- sardines, dagaa/omena",7,"No","No","No","No","Yes","No","No","No","No","No",""
"81-55-77-74","Pulses, legumes, nuts, seeds",2,"Yes","No","No","No","No","No","No","No","No","No",""
"81-55-77-74","Oil/fats- oil, fat, butter, ghee, etc",7,"No","No","No","No","Yes","No","No","No","No","No",""
"81-55-77-74","Sugar and sweets- sugar, honey, sweets, desserts",7,"No","No","No","No","Yes","No","No","No","No","No",""
"81-55-77-74","Miscellaneous- tea, coffee, beverages, condiments, spices",3,"Yes","No","No","No","No","No","No","No","No","No",""
"23-00-40-40","Cereals- rice, maize, chapatti, wheat, sorghum, bread, etc",7,"Yes","No","No","No","Yes","No","No","No","No","No",""
"23-00-40-40","Vegetables- spinach, pumpkin, cabbage, tomato, onion",7,"No","No","No","No","Yes","No","No","No","No","No",""
"23-00-40-40","Fish and seafood (dried or fresh)- sardines, dagaa/omena",2,"No","No","No","No","Yes","No","No","No","No","No",""
"23-00-40-40","Oil/fats- oil, fat, butter, ghee, etc",7,"No","No","No","No","Yes","No","No","No","No","No",""
"23-00-40-40","Miscellaneous- tea, coffee, beverages, condiments, spices",7,"No","No","No","No","Yes","No","No","No","No","No",""
"17-59-86-59","Cereals- rice, maize, chapatti, wheat, sorghum, bread, etc",7,"Yes","No","No","No","Yes","No","No","No","No","No",""
"17-59-86-59","Roots and tubers- potato, sweet potato, cassava, arrow roots, cooking banana",2,"Yes","No","No","No","No","No","No","No","No","No",""
"17-59-86-59","Vegetables- spinach, pumpkin, cabbage, tomato, onion",7,"No","No","No","No","Yes","No","No","No","No","No",""
"17-59-86-59","Meat, poultry, organ meat- goat, sheep, cow, chicken, liver, kidney, intestines",4,"No","No","No","No","Yes","No","No","No","No","No",""
"17-59-86-59","Fish and seafood (dried or fresh)- sardines, dagaa/omena",7,"No","No","No","No","Yes","No","No","No","No","No",""
"17-59-86-59","Pulses, legumes, nuts, seeds",3,"No","No","No","No","Yes","No","No","No","No","No",""
"89-73-28-02","Cereals- rice, maize, chapatti, wheat, sorghum, bread, etc",7,"Yes","No","No","No","Yes","No","No","No","No","No",""
"89-73-28-02","Vegetables- spinach, pumpkin, cabbage, tomato, onion",7,"No","No","No","No","Yes","No","No","No","No","No",""
"89-73-28-02","Meat, poultry, organ meat- goat, sheep, cow, chicken, liver, kidney, intestines",2,"No","No","No","No","Yes","No","No","No","No","No",""
"89-73-28-02","Fish and seafood (dried or fresh)- sardines, dagaa/omena",3,"No","No","No","No","Yes","No","No","No","No","No",""
"89-73-28-02","Pulses, legumes, nuts, seeds",7,"Yes","No","No","No","Yes","No","No","No","No","No",""
"89-73-28-02","Sugar and sweets- sugar, honey, sweets, desserts",7,"No","No","No","No","Yes","No","No","No","No","No",""
"89-73-28-02","Miscellaneous- tea, coffee, beverages, condiments, spices",7,"No","No","No","No","Yes","No","No","No","No","No",""
"14-55-50-79","Cereals- rice, maize, chapatti, wheat, sorghum, bread, etc",7,"Yes","No","No","No","Yes","No","No","No","No","No",""
"14-55-50-79","Vegetables- spinach, pumpkin, cabbage, tomato, onion",7,"No","No","No","No","Yes","No","No","No","No","No",""
"14-55-50-79","Meat, poultry, organ meat- goat, sheep, cow, chicken, liver, kidney, intestines",1,"No","No","No","No","Yes","No","No","No","No","No",""
"14-55-50-79","Eggs",1,"Yes","No","No","No","No","No","No","No","No","No",""
"14-55-50-79","Fish and seafood (dried or fresh)- sardines, dagaa/omena",1,"No","No","No","No","Yes","No","No","No","No","No",""
"14-55-50-79","Pulses, legumes, nuts, seeds",1,"No","No","No","No","Yes","No","No","No","No","No",""
"14-55-50-79","Oil/fats- oil, fat, butter, ghee, etc",7,"No","No","No","No","Yes","No","No","No","No","No",""
"14-55-50-79","Sugar and sweets- sugar, honey, sweets, desserts",4,"No","No","No","No","Yes","No","No","No","No","No",""
"60-36-21-40","Cereals- rice, maize, chapatti, wheat, sorghum, bread, etc",7,"Yes","No","No","No","Yes","No","No","No","No","No",""
"60-36-21-40","Roots and tubers- potato, sweet potato, cassava, arrow roots, cooking banana",1,"No","No","No","No","Yes","No","No","No","No","No",""
"60-36-21-40","Vegetables- spinach, pumpkin, cabbage, tomato, onion",7,"No","No","No","No","Yes","No","No","No","No","No",""
"60-36-21-40","Fruits- orange, mango, guava, rice paw paw/papaya, pineapple, etc",3,"No","No","No","No","Yes","No","No","No","No","No",""
"60-36-21-40","Meat, poultry, organ meat- goat, sheep, cow, chicken, liver, kidney, intestines",3,"No","No","No","No","Yes","No","No","No","No","No",""
"60-36-21-40","Fish and seafood (dried or fresh)- sardines, dagaa/omena",7,"No","No","No","No","Yes","No","No","No","No","No",""
"60-36-21-40","Pulses, legumes, nuts, seeds",4,"No","No","No","No","Yes","No","No","No","No","No",""
"60-36-21-40","Milk and milk products- fresh, powdered, yogurt, cheese, etc",3,"No","No","No","No","Yes","No","No","No","No","No",""
"60-36-21-40","Sugar and sweets- sugar, honey, sweets, desserts",7,"No","No","No","No","Yes","No","No","No","No","No",""
"60-36-21-40","Miscellaneous- tea, coffee, beverages, condiments, spices",7,"No","No","No","No","Yes","No","No","No","No","No",""
"57-25-85-63","Cereals- rice, maize, chapatti, wheat, sorghum, bread, etc",7,"Yes","No","No","No","Yes","No","No","Yes","No","No",""
"57-25-85-63","Roots and tubers- potato, sweet potato, cassava, arrow roots, cooking banana",3,"No","No","No","No","Yes","No","No","No","No","No",""
"57-25-85-63","Vegetables- spinach, pumpkin, cabbage, tomato, onion",7,"No","No","No","No","Yes","No","No","No","No","No",""
"57-25-85-63","Fruits- orange, mango, guava, rice paw paw/papaya, pineapple, etc",7,"No","No","No","No","Yes","No","No","No","No","No",""
"57-25-85-63","Meat, poultry, organ meat- goat, sheep, cow, chicken, liver, kidney, intestines",4,"No","No","No","No","Yes","No","No","No","No","No",""
"57-25-85-63","Fish and seafood (dried or fresh)- sardines, dagaa/omena",2,"No","No","No","No","Yes","No","No","Yes","No","No",""
"57-25-85-63","Pulses, legumes, nuts, seeds",4,"Yes","No","No","No","No","No","No","No","No","No",""
"57-25-85-63","Oil/fats- oil, fat, butter, ghee, etc",7,"No","No","No","No","No","Yes","No","No","No","No",""
"57-25-85-63","Sugar and sweets- sugar, honey, sweets, desserts",6,"No","No","No","No","Yes","No","No","No","No","No",""
"57-25-85-63","Miscellaneous- tea, coffee, beverages, condiments, spices",7,"No","No","No","No","Yes","No","No","No","No","No",""
"80-36-08-51","Cereals- rice, maize, chapatti, wheat, sorghum, bread, etc",7,"Yes","No","No","No","No","No","No","No","No","No",""
"80-36-08-51","Vegetables- spinach, pumpkin, cabbage, tomato, onion",7,"No","No","No","No","Yes","No","No","No","No","No",""
"80-36-08-51","Oil/fats- oil, fat, butter, ghee, etc",7,"No","No","No","No","Yes","No","No","No","No","No",""
"80-36-08-51","Miscellaneous- tea, coffee, beverages, condiments, spices",7,"No","No","No","No","Yes","No","No","No","No","No",""
"73-98-72-78","Cereals- rice, maize, chapatti, wheat, sorghum, bread, etc",7,"Yes","No","No","No","No","No","No","No","No","No",""
"73-98-72-78","Vegetables- spinach, pumpkin, cabbage, tomato, onion",7,"Yes","No","No","No","Yes","No","No","No","No","No",""
"73-98-72-78","Pulses, legumes, nuts, seeds",1,"No","No","No","No","Yes","No","No","No","No","No",""
"73-98-72-78","Oil/fats- oil, fat, butter, ghee, etc",7,"No","No","No","No","Yes","No","No","No","No","No",""
"73-98-72-78","Sugar and sweets- sugar, honey, sweets, desserts",4,"No","No","No","No","Yes","No","No","No","No","No",""
"73-98-72-78","Miscellaneous- tea, coffee, beverages, condiments, spices",7,"No","No","No","No","Yes","No","No","No","No","No",""
"48-58-14-95","Cereals- rice, maize, chapatti, wheat, sorghum, bread, etc",7,"Yes","No","No","No","No","No","No","No","No","No",""
"48-58-14-95","Roots and tubers- potato, sweet potato, cassava, arrow roots, cooking banana",1,"No","No","No","No","Yes","No","No","No","No","No",""
"48-58-14-95","Vegetables- spinach, pumpkin, cabbage, tomato, onion",7,"No","No","No","No","Yes","No","No","No","No","No",""
"48-58-14-95","Fruits- orange, mango, guava, rice paw paw/papaya, pineapple, etc",7,"No","No","No","No","Yes","No","No","No","No","No",""
"48-58-14-95","Meat, poultry, organ meat- goat, sheep, cow, chicken, liver, kidney, intestines",3,"No","No","No","No","Yes","No","No","No","No","No",""
"48-58-14-95","Oil/fats- oil, fat, butter, ghee, etc",7,"No","No","No","No","Yes","No","No","No","No","No",""
"48-58-14-95","Sugar and sweets- sugar, honey, sweets, desserts",7,"No","No","No","No","Yes","No","No","No","No","No",""
"48-58-14-95","Miscellaneous- tea, coffee, beverages, condiments, spices",7,"Yes","No","No","No","No","No","No","No","No","No",""
"08-00-46-02","Cereals- rice, maize, chapatti, wheat, sorghum, bread, etc",7,"No","No","No","No","No","No","No","Yes","No","No",""
"08-00-46-02","Roots and tubers- potato, sweet potato, cassava, arrow roots, cooking banana",1,"No","No","No","No","No","No","No","Yes","No","No",""
"08-00-46-02","Milk and milk products- fresh, powdered, yogurt, cheese, etc",2,"No","No","No","No","Yes","No","No","No","No","No",""
"08-00-46-02","Sugar and sweets- sugar, honey, sweets, desserts",3,"No","No","No","No","Yes","No","No","No","No","No",""
"08-00-46-02","Miscellaneous- tea, coffee, beverages, condiments, spices",7,"No","No","No","No","Yes","No","No","No","No","No",""
"45-96-62-88","Cereals- rice, maize, chapatti, wheat, sorghum, bread, etc",7,"Yes","No","No","No","Yes","No","No","No","No","No",""
"45-96-62-88","Roots and tubers- potato, sweet potato, cassava, arrow roots, cooking banana",4,"Yes","No","No","No","Yes","No","No","No","No","No",""
"45-96-62-88","Vegetables- spinach, pumpkin, cabbage, tomato, onion",5,"Yes","No","No","No","Yes","No","No","No","No","No",""
"45-96-62-88","Meat, poultry, organ meat- goat, sheep, cow, chicken, liver, kidney, intestines",1,"No","No","No","No","Yes","No","No","No","No","No",""
"45-96-62-88","Fish and seafood (dried or fresh)- sardines, dagaa/omena",1,"No","No","No","No","Yes","No","No","No","No","No",""
"45-96-62-88","Pulses, legumes, nuts, seeds",5,"Yes","No","No","No","Yes","No","No","No","No","No",""
"45-96-62-88","Oil/fats- oil, fat, butter, ghee, etc",7,"No","No","No","No","Yes","No","No","No","No","No",""
"45-96-62-88","Sugar and sweets- sugar, honey, sweets, desserts",3,"No","No","No","No","Yes","No","No","No","No","No",""
"45-96-62-88","Miscellaneous- tea, coffee, beverages, condiments, spices",1,"No","No","No","No","Yes","No","No","No","No","No",""
"58-44-41-63","Cereals- rice, maize, chapatti, wheat, sorghum, bread, etc",7,"Yes","No","No","No","No","No","No","No","No","No",""
"58-44-41-63","Roots and tubers- potato, sweet potato, cassava, arrow roots, cooking banana",2,"Yes","No","No","No","No","No","No","No","No","No",""
"58-44-41-63","Vegetables- spinach, pumpkin, cabbage, tomato, onion",7,"No","No","No","No","Yes","No","No","No","No","No",""
"58-44-41-63","Pulses, legumes, nuts, seeds",7,"No","No","No","No","Yes","No","No","No","No","No",""
"58-44-41-63","Oil/fats- oil, fat, butter, ghee, etc",7,"No","No","No","No","Yes","No","No","No","No","No",""
"58-44-41-63","Miscellaneous- tea, coffee, beverages, condiments, spices",1,"No","No","No","No","Yes","No","No","No","No","No",""
"36-02-91-03","Cereals- rice, maize, chapatti, wheat, sorghum, bread, etc",7,"Yes","No","No","No","Yes","No","No","No","No","No",""
"36-02-91-03","Roots and tubers- potato, sweet potato, cassava, arrow roots, cooking banana",3,"No","No","No","No","Yes","No","No","No","No","No",""
"36-02-91-03","Vegetables- spinach, pumpkin, cabbage, tomato, onion",5,"No","No","No","No","Yes","No","No","No","No","No",""
"36-02-91-03","Fruits- orange, mango, guava, rice paw paw/papaya, pineapple, etc",3,"No","No","No","No","Yes","No","No","No","No","No",""
"36-02-91-03","Meat, poultry, organ meat- goat, sheep, cow, chicken, liver, kidney, intestines",3,"No","No","No","No","Yes","No","No","No","No","No",""
"36-02-91-03","Eggs",1,"No","No","No","No","Yes","No","No","No","No","No",""
"36-02-91-03","Fish and seafood (dried or fresh)- sardines, dagaa/omena",4,"No","No","No","No","Yes","No","No","No","No","No",""
"36-02-91-03","Pulses, legumes, nuts, seeds",3,"No","No","No","No","Yes","No","No","No","No","No",""
"36-02-91-03","Oil/fats- oil, fat, butter, ghee, etc",7,"No","No","No","No","Yes","No","No","No","No","No",""
"36-02-91-03","Sugar and sweets- sugar, honey, sweets, desserts",5,"No","No","No","No","Yes","No","No","No","No","No",""
"36-02-91-03","Miscellaneous- tea, coffee, beverages, condiments, spices",7,"No","No","No","No","Yes","No","No","No","No","No",""
"29-24-40-33","Cereals- rice, maize, chapatti, wheat, sorghum, bread, etc",7,"Yes","No","No","No","Yes","No","No","No","No","No",""
"29-24-40-33","Roots and tubers- potato, sweet potato, cassava, arrow roots, cooking banana",5,"No","No","No","No","Yes","No","No","No","No","No",""
"29-24-40-33","Vegetables- spinach, pumpkin, cabbage, tomato, onion",7,"No","No","No","No","Yes","No","No","No","No","No",""
"29-24-40-33","Fruits- orange, mango, guava, rice paw paw/papaya, pineapple, etc",2,"No","No","No","No","Yes","No","No","No","No","No",""
"29-24-40-33","Eggs",4,"Yes","No","No","No","No","No","No","No","No","No",""
"29-24-40-33","Fish and seafood (dried or fresh)- sardines, dagaa/omena",1,"No","No","No","No","Yes","No","No","No","No","No",""
"29-24-40-33","Milk and milk products- fresh, powdered, yogurt, cheese, etc",1,"No","No","No","No","Yes","No","No","No","No","No",""
"29-24-40-33","Sugar and sweets- sugar, honey, sweets, desserts",4,"No","No","No","No","Yes","No","No","No","No","No",""
"29-24-40-33","Miscellaneous- tea, coffee, beverages, condiments, spices",4,"No","No","No","No","Yes","No","No","No","No","No",""
"64-42-73-18","Cereals- rice, maize, chapatti, wheat, sorghum, bread, etc",7,"Yes","No","No","No","Yes","No","No","No","No","No",""
"64-42-73-18","Vegetables- spinach, pumpkin, cabbage, tomato, onion",7,"No","No","No","No","Yes","No","No","No","No","No",""
"64-42-73-18","Fruits- orange, mango, guava, rice paw paw/papaya, pineapple, etc",2,"No","No","No","No","Yes","No","No","No","No","No",""
"64-42-73-18","Meat, poultry, organ meat- goat, sheep, cow, chicken, liver, kidney, intestines",6,"No","No","No","No","Yes","No","No","No","No","No",""
"64-42-73-18","Fish and seafood (dried or fresh)- sardines, dagaa/omena",1,"No","No","No","No","Yes","No","No","No","No","No",""
"64-42-73-18","Pulses, legumes, nuts, seeds",2,"No","No","No","No","Yes","No","No","No","No","No",""
"64-42-73-18","Sugar and sweets- sugar, honey, sweets, desserts",6,"No","No","No","No","Yes","No","No","No","No","No",""
"64-42-73-18","Miscellaneous- tea, coffee, beverages, condiments, spices",6,"No","No","No","No","Yes","No","No","No","No","No",""
"56-97-76-00","Cereals- rice, maize, chapatti, wheat, sorghum, bread, etc",7,"Yes","No","No","No","Yes","No","No","No","No","No",""
"56-97-76-00","Roots and tubers- potato, sweet potato, cassava, arrow roots, cooking banana",1,"No","No","No","No","Yes","No","No","No","No","No",""
"56-97-76-00","Vegetables- spinach, pumpkin, cabbage, tomato, onion",3,"No","No","No","No","Yes","No","No","No","No","No",""
"56-97-76-00","Fruits- orange, mango, guava, rice paw paw/papaya, pineapple, etc",3,"No","No","No","No","Yes","No","No","No","No","No",""
"56-97-76-00","Meat, poultry, organ meat- goat, sheep, cow, chicken, liver, kidney, intestines",3,"No","No","No","No","Yes","No","No","No","No","No",""
"56-97-76-00","Eggs",2,"Yes","No","No","No","No","No","No","No","No","No",""
"56-97-76-00","Fish and seafood (dried or fresh)- sardines, dagaa/omena",2,"No","No","No","No","Yes","No","No","No","No","No",""
"56-97-76-00","Pulses, legumes, nuts, seeds",2,"No","No","No","No","No","No","No","Yes","No","No",""
"56-97-76-00","Oil/fats- oil, fat, butter, ghee, etc",7,"No","No","No","No","Yes","No","No","No","No","No",""
"56-97-76-00","Sugar and sweets- sugar, honey, sweets, desserts",7,"No","No","No","No","Yes","No","No","No","No","No",""
"56-97-76-00","Miscellaneous- tea, coffee, beverages, condiments, spices",7,"No","No","No","No","Yes","No","No","No","No","No",""
"37-93-28-73","Cereals- rice, maize, chapatti, wheat, sorghum, bread, etc",7,"Yes","No","No","No","No","No","No","No","No","No",""
"37-93-28-73","Roots and tubers- potato, sweet potato, cassava, arrow roots, cooking banana",2,"No","No","No","No","Yes","No","No","No","No","No",""
"37-93-28-73","Vegetables- spinach, pumpkin, cabbage, tomato, onion",1,"No","No","No","No","Yes","No","No","No","No","No",""
"37-93-28-73","Fruits- orange, mango, guava, rice paw paw/papaya, pineapple, etc",2,"No","No","No","No","Yes","No","Yes","No","No","No",""
"37-93-28-73","Meat, poultry, organ meat- goat, sheep, cow, chicken, liver, kidney, intestines",1,"No","No","No","No","Yes","No","No","No","No","No",""
"37-93-28-73","Fish and seafood (dried or fresh)- sardines, dagaa/omena",2,"No","No","No","No","Yes","No","No","No","No","No",""
"37-93-28-73","Pulses, legumes, nuts, seeds",3,"No","No","No","No","No","No","No","Yes","No","No",""
"37-93-28-73","Oil/fats- oil, fat, butter, ghee, etc",7,"Yes","No","No","No","No","No","No","No","No","No",""
"37-93-28-73","Miscellaneous- tea, coffee, beverages, condiments, spices",7,"No","No","No","No","Yes","No","No","No","No","No",""
"03-58-95-42","Cereals- rice, maize, chapatti, wheat, sorghum, bread, etc",7,"Yes","No","No","No","No","No","No","No","No","No",""
"03-58-95-42","Roots and tubers- potato, sweet potato, cassava, arrow roots, cooking banana",3,"No","No","No","No","Yes","No","No","No","No","No",""
"03-58-95-42","Vegetables- spinach, pumpkin, cabbage, tomato, onion",7,"No","No","No","No","Yes","No","No","No","No","No",""
"03-58-95-42","Meat, poultry, organ meat- goat, sheep, cow, chicken, liver, kidney, intestines",1,"No","No","No","No","Yes","No","No","No","No","No",""
"03-58-95-42","Fish and seafood (dried or fresh)- sardines, dagaa/omena",1,"No","No","No","No","Yes","No","No","No","No","No",""
"03-58-95-42","Milk and milk products- fresh, powdered, yogurt, cheese, etc",4,"No","No","No","No","Yes","No","No","No","No","No",""
"03-58-95-42","Oil/fats- oil, fat, butter, ghee, etc",7,"No","No","No","No","Yes","No","No","No","No","No",""
"15-23-04-89","Cereals- rice, maize, chapatti, wheat, sorghum, bread, etc",7,"Yes","No","No","No","No","No","No","No","No","No",""
"15-23-04-89","Roots and tubers- potato, sweet potato, cassava, arrow roots, cooking banana",2,"No","No","No","No","Yes","No","No","No","No","No",""
"15-23-04-89","Vegetables- spinach, pumpkin, cabbage, tomato, onion",7,"Yes","No","No","No","No","No","No","No","No","No",""
"15-23-04-89","Fruits- orange, mango, guava, rice paw paw/papaya, pineapple, etc",2,"No","No","No","No","Yes","No","No","No","No","No",""
"15-23-04-89","Fish and seafood (dried or fresh)- sardines, dagaa/omena",3,"No","No","No","No","Yes","No","No","No","No","No",""
"15-23-04-89","Milk and milk products- fresh, powdered, yogurt, cheese, etc",7,"Yes","No","No","No","No","No","No","No","No","No",""
"15-23-04-89","Oil/fats- oil, fat, butter, ghee, etc",7,"No","No","No","No","Yes","No","No","No","No","No",""
"51-35-95-32","Cereals- rice, maize, chapatti, wheat, sorghum, bread, etc",7,"Yes","No","No","No","Yes","No","No","No","No","No",""
"51-35-95-32","Roots and tubers- potato, sweet potato, cassava, arrow roots, cooking banana",2,"No","No","No","No","Yes","No","No","No","No","No",""
"51-35-95-32","Vegetables- spinach, pumpkin, cabbage, tomato, onion",5,"No","No","No","No","Yes","No","No","No","No","No",""
"51-35-95-32","Fruits- orange, mango, guava, rice paw paw/papaya, pineapple, etc",2,"No","No","No","No","Yes","No","No","No","No","No",""
"51-35-95-32","Meat, poultry, organ meat- goat, sheep, cow, chicken, liver, kidney, intestines",1,"No","No","No","No","Yes","No","No","No","No","No",""
"51-35-95-32","Fish and seafood (dried or fresh)- sardines, dagaa/omena",5,"No","No","No","No","Yes","No","No","No","No","No",""
"51-35-95-32","Pulses, legumes, nuts, seeds",1,"No","No","No","No","Yes","No","No","No","No","No",""
"51-35-95-32","Oil/fats- oil, fat, butter, ghee, etc",6,"No","No","No","No","Yes","No","No","No","No","No",""
"51-35-95-32","Sugar and sweets- sugar, honey, sweets, desserts",7,"No","No","No","No","Yes","No","No","No","No","No",""
"51-35-95-32","Miscellaneous- tea, coffee, beverages, condiments, spices",7,"No","No","No","No","Yes","No","No","No","No","No",""
"32-54-58-03","Cereals- rice, maize, chapatti, wheat, sorghum, bread, etc",7,"Yes","No","No","No","No","No","No","No","No","No",""
"32-54-58-03","Roots and tubers- potato, sweet potato, cassava, arrow roots, cooking banana",3,"Yes","No","No","No","No","No","No","No","No","No",""
"32-54-58-03","Vegetables- spinach, pumpkin, cabbage, tomato, onion",7,"Yes","No","No","No","No","No","No","No","No","No",""
"32-54-58-03","Meat, poultry, organ meat- goat, sheep, cow, chicken, liver, kidney, intestines",2,"No","No","No","No","Yes","No","No","No","No","No",""
"32-54-58-03","Fish and seafood (dried or fresh)- sardines, dagaa/omena",3,"No","No","No","No","Yes","No","No","No","No","No",""
"32-54-58-03","Pulses, legumes, nuts, seeds",4,"Yes","No","No","No","No","No","No","No","No","No",""
"32-54-58-03","Oil/fats- oil, fat, butter, ghee, etc",7,"No","No","No","No","Yes","No","No","No","No","No",""
"32-54-58-03","Sugar and sweets- sugar, honey, sweets, desserts",3,"Yes","No","No","No","No","No","No","No","No","No",""
"32-54-58-03","Miscellaneous- tea, coffee, beverages, condiments, spices",3,"Yes","No","No","No","No","No","No","No","No","No",""
"45-15-07-99","Cereals- rice, maize, chapatti, wheat, sorghum, bread, etc",7,"Yes","No","No","No","Yes","No","No","No","No","No",""
"45-15-07-99","Roots and tubers- potato, sweet potato, cassava, arrow roots, cooking banana",3,"No","No","No","No","Yes","No","No","No","No","No",""
"45-15-07-99","Vegetables- spinach, pumpkin, cabbage, tomato, onion",6,"No","No","No","No","Yes","No","No","No","No","No",""
"45-15-07-99","Meat, poultry, organ meat- goat, sheep, cow, chicken, liver, kidney, intestines",2,"No","No","No","No","Yes","No","No","No","No","No",""
"45-15-07-99","Fish and seafood (dried or fresh)- sardines, dagaa/omena",4,"No","No","No","No","Yes","No","No","No","No","No",""
"45-15-07-99","Pulses, legumes, nuts, seeds",2,"No","No","No","No","Yes","No","No","No","No","No",""
"45-15-07-99","Milk and milk products- fresh, powdered, yogurt, cheese, etc",2,"No","No","No","No","Yes","No","No","No","No","No",""
"45-15-07-99","Sugar and sweets- sugar, honey, sweets, desserts",5,"No","No","No","No","Yes","No","No","No","No","No",""
"45-15-07-99","Miscellaneous- tea, coffee, beverages, condiments, spices",5,"No","No","No","No","Yes","No","No","No","No","No",""
"59-16-11-16","Cereals- rice, maize, chapatti, wheat, sorghum, bread, etc",7,"Yes","No","No","No","Yes","No","No","No","No","No",""
"59-16-11-16","Vegetables- spinach, pumpkin, cabbage, tomato, onion",7,"Yes","No","No","No","Yes","No","No","No","No","No",""
"59-16-11-16","Meat, poultry, organ meat- goat, sheep, cow, chicken, liver, kidney, intestines",1,"No","No","No","No","Yes","No","No","No","No","No",""
"59-16-11-16","Eggs",1,"Yes","No","No","No","No","No","No","No","No","No",""
"59-16-11-16","Fish and seafood (dried or fresh)- sardines, dagaa/omena",4,"No","No","No","No","Yes","No","No","No","No","No",""
"59-16-11-16","Pulses, legumes, nuts, seeds",1,"No","No","No","No","Yes","No","No","No","No","No",""
"59-16-11-16","Oil/fats- oil, fat, butter, ghee, etc",7,"No","No","No","No","Yes","No","No","No","No","No",""
"59-16-11-16","Sugar and sweets- sugar, honey, sweets, desserts",7,"No","No","No","No","Yes","No","No","No","No","No",""
"59-16-11-16","Miscellaneous- tea, coffee, beverages, condiments, spices",7,"No","No","No","No","Yes","No","No","No","No","No",""
"78-92-27-80","Cereals- rice, maize, chapatti, wheat, sorghum, bread, etc",7,"Yes","No","No","No","Yes","No","No","No","No","No",""
"78-92-27-80","Vegetables- spinach, pumpkin, cabbage, tomato, onion",7,"No","No","No","No","Yes","No","No","No","No","No",""
"78-92-27-80","Fruits- orange, mango, guava, rice paw paw/papaya, pineapple, etc",1,"No","No","No","No","Yes","No","No","No","No","No",""
"78-92-27-80","Meat, poultry, organ meat- goat, sheep, cow, chicken, liver, kidney, intestines",1,"No","No","No","No","Yes","No","No","No","No","No",""
"78-92-27-80","Pulses, legumes, nuts, seeds",3,"No","No","No","No","Yes","No","No","No","No","No",""
"78-92-27-80","Oil/fats- oil, fat, butter, ghee, etc",7,"No","No","No","No","Yes","No","No","No","No","No",""
"78-92-27-80","Sugar and sweets- sugar, honey, sweets, desserts",7,"No","No","No","No","Yes","No","No","No","No","No",""
"24-78-22-03","Cereals- rice, maize, chapatti, wheat, sorghum, bread, etc",7,"Yes","No","No","No","Yes","No","No","No","No","No",""
"24-78-22-03","Roots and tubers- potato, sweet potato, cassava, arrow roots, cooking banana",4,"No","No","No","No","Yes","No","No","No","No","No",""
"24-78-22-03","Vegetables- spinach, pumpkin, cabbage, tomato, onion",7,"Yes","No","No","No","Yes","No","No","No","No","No",""
"24-78-22-03","Meat, poultry, organ meat- goat, sheep, cow, chicken, liver, kidney, intestines",3,"No","No","No","No","Yes","No","No","No","No","No",""
"24-78-22-03","Fish and seafood (dried or fresh)- sardines, dagaa/omena",4,"No","No","No","No","Yes","No","No","No","No","No",""
"24-78-22-03","Pulses, legumes, nuts, seeds",3,"Yes","No","No","No","No","No","No","No","No","No",""
"24-78-22-03","Oil/fats- oil, fat, butter, ghee, etc",7,"No","No","No","No","Yes","No","No","No","No","No",""
"24-78-22-03","Sugar and sweets- sugar, honey, sweets, desserts",7,"No","No","No","No","Yes","No","No","No","No","No",""
"24-78-22-03","Miscellaneous- tea, coffee, beverages, condiments, spices",7,"No","No","No","No","Yes","No","No","No","No","No",""
"61-90-23-18","Cereals- rice, maize, chapatti, wheat, sorghum, bread, etc",7,"Yes","No","No","No","Yes","No","No","No","No","No",""
"61-90-23-18","Roots and tubers- potato, sweet potato, cassava, arrow roots, cooking banana",2,"No","No","No","No","Yes","No","No","No","No","No",""
"61-90-23-18","Vegetables- spinach, pumpkin, cabbage, tomato, onion",7,"Yes","No","No","No","Yes","No","No","No","No","No",""
"61-90-23-18","Fruits- orange, mango, guava, rice paw paw/papaya, pineapple, etc",4,"No","No","No","No","Yes","No","No","No","No","No",""
"61-90-23-18","Meat, poultry, organ meat- goat, sheep, cow, chicken, liver, kidney, intestines",3,"No","No","No","No","Yes","No","No","No","No","No",""
"61-90-23-18","Eggs",1,"Yes","No","No","No","No","No","No","No","No","No",""
"61-90-23-18","Fish and seafood (dried or fresh)- sardines, dagaa/omena",3,"No","No","No","No","Yes","No","No","No","No","No",""
"61-90-23-18","Pulses, legumes, nuts, seeds",2,"No","No","No","No","Yes","No","No","No","No","No",""
"61-90-23-18","Milk and milk products- fresh, powdered, yogurt, cheese, etc",2,"No","No","No","No","Yes","No","No","No","No","No",""
"61-90-23-18","Oil/fats- oil, fat, butter, ghee, etc",7,"No","No","No","No","Yes","No","No","No","No","No",""
"61-90-23-18","Sugar and sweets- sugar, honey, sweets, desserts",7,"No","No","No","No","Yes","No","No","No","No","No",""
"61-90-23-18","Miscellaneous- tea, coffee, beverages, condiments, spices",7,"No","No","No","No","Yes","No","No","No","No","No",""
"36-41-14-75","Cereals- rice, maize, chapatti, wheat, sorghum, bread, etc",7,"Yes","No","No","No","Yes","No","No","No","No","No",""
"36-41-14-75","Vegetables- spinach, pumpkin, cabbage, tomato, onion",2,"No","No","No","No","Yes","No","No","No","No","No",""
"36-41-14-75","Fruits- orange, mango, guava, rice paw paw/papaya, pineapple, etc",1,"No","No","No","No","Yes","No","No","No","No","No",""
"36-41-14-75","Pulses, legumes, nuts, seeds",1,"No","No","No","No","Yes","No","No","No","No","No",""
"36-41-14-75","Sugar and sweets- sugar, honey, sweets, desserts",7,"No","No","No","No","Yes","No","No","No","No","No",""
"36-41-14-75","Miscellaneous- tea, coffee, beverages, condiments, spices",7,"No","No","No","No","Yes","No","No","No","No","No",""
"15-24-20-62","Cereals- rice, maize, chapatti, wheat, sorghum, bread, etc",7,"Yes","No","No","No","No","No","No","No","No","No",""
"15-24-20-62","Roots and tubers- potato, sweet potato, cassava, arrow roots, cooking banana",2,"No","No","No","No","Yes","No","No","No","No","No",""
"15-24-20-62","Vegetables- spinach, pumpkin, cabbage, tomato, onion",5,"Yes","No","No","No","Yes","No","No","No","No","No",""
"15-24-20-62","Fruits- orange, mango, guava, rice paw paw/papaya, pineapple, etc",1,"No","No","No","No","Yes","No","No","No","No","No",""
"15-24-20-62","Meat, poultry, organ meat- goat, sheep, cow, chicken, liver, kidney, intestines",1,"No","No","No","No","Yes","No","No","No","No","No",""
"15-24-20-62","Fish and seafood (dried or fresh)- sardines, dagaa/omena",3,"No","No","No","No","Yes","No","No","No","No","No",""
"15-24-20-62","Milk and milk products- fresh, powdered, yogurt, cheese, etc",1,"No","No","No","No","Yes","No","No","No","No","No",""
"15-24-20-62","Oil/fats- oil, fat, butter, ghee, etc",7,"No","No","No","No","Yes","No","No","No","No","No",""
"15-24-20-62","Sugar and sweets- sugar, honey, sweets, desserts",7,"No","No","No","No","Yes","No","No","No","No","No",""
"15-24-20-62","Miscellaneous- tea, coffee, beverages, condiments, spices",7,"No","No","No","No","Yes","No","No","No","No","No",""
"13-30-97-65","Cereals- rice, maize, chapatti, wheat, sorghum, bread, etc",5,"Yes","No","No","No","No","No","No","No","No","No",""
"13-30-97-65","Vegetables- spinach, pumpkin, cabbage, tomato, onion",3,"Yes","No","No","No","No","No","No","No","No","No",""
"13-30-97-65","Fruits- orange, mango, guava, rice paw paw/papaya, pineapple, etc",3,"Yes","No","No","No","No","No","No","No","No","No",""
"13-30-97-65","Meat, poultry, organ meat- goat, sheep, cow, chicken, liver, kidney, intestines",1,"No","No","No","No","Yes","No","No","No","No","No",""
"13-30-97-65","Fish and seafood (dried or fresh)- sardines, dagaa/omena",3,"No","No","No","No","Yes","No","No","No","No","No",""
"13-30-97-65","Pulses, legumes, nuts, seeds",3,"Yes","No","No","No","No","No","No","No","No","No",""
"13-30-97-65","Oil/fats- oil, fat, butter, ghee, etc",4,"No","No","No","No","Yes","No","No","No","No","No",""
"62-39-49-91","Cereals- rice, maize, chapatti, wheat, sorghum, bread, etc",7,"Yes","No","No","No","Yes","No","No","No","No","No",""
"62-39-49-91","Vegetables- spinach, pumpkin, cabbage, tomato, onion",7,"Yes","No","No","No","Yes","No","No","No","No","No",""
"62-39-49-91","Meat, poultry, organ meat- goat, sheep, cow, chicken, liver, kidney, intestines",3,"No","No","No","No","Yes","No","No","No","No","No",""
"62-39-49-91","Eggs",4,"Yes","No","No","No","No","No","No","No","No","No",""
"62-39-49-91","Fish and seafood (dried or fresh)- sardines, dagaa/omena",4,"No","Yes","No","No","No","No","No","No","No","No",""
"62-39-49-91","Milk and milk products- fresh, powdered, yogurt, cheese, etc",2,"No","No","No","No","Yes","No","No","No","No","No",""
"62-39-49-91","Oil/fats- oil, fat, butter, ghee, etc",7,"No","No","No","No","Yes","No","No","No","No","No",""
"62-39-49-91","Sugar and sweets- sugar, honey, sweets, desserts",4,"No","No","No","No","Yes","No","No","No","No","No",""
"62-39-49-91","Miscellaneous- tea, coffee, beverages, condiments, spices",4,"No","No","No","No","Yes","No","No","No","No","No",""
"37-93-31-47","Cereals- rice, maize, chapatti, wheat, sorghum, bread, etc",7,"Yes","No","No","No","Yes","No","No","No","No","No",""
"37-93-31-47","Vegetables- spinach, pumpkin, cabbage, tomato, onion",2,"No","No","No","No","Yes","No","No","No","No","No",""
"37-93-31-47","Fruits- orange, mango, guava, rice paw paw/papaya, pineapple, etc",1,"No","No","No","No","Yes","No","No","No","No","No",""
"37-93-31-47","Meat, poultry, organ meat- goat, sheep, cow, chicken, liver, kidney, intestines",2,"No","No","No","No","Yes","No","No","No","No","No",""
"37-93-31-47","Fish and seafood (dried or fresh)- sardines, dagaa/omena",1,"No","No","No","No","Yes","No","No","No","No","No",""
"37-93-31-47","Milk and milk products- fresh, powdered, yogurt, cheese, etc",1,"No","No","No","No","Yes","No","No","No","No","No",""
"37-93-31-47","Oil/fats- oil, fat, butter, ghee, etc",7,"No","No","No","No","Yes","No","No","No","No","No",""
"37-93-31-47","Sugar and sweets- sugar, honey, sweets, desserts",7,"No","No","No","No","Yes","No","No","No","No","No",""
"37-93-31-47","Miscellaneous- tea, coffee, beverages, condiments, spices",7,"No","No","No","No","Yes","No","No","No","No","No",""
"41-29-34-43","Cereals- rice, maize, chapatti, wheat, sorghum, bread, etc",7,"Yes","No","No","No","Yes","No","No","No","No","No",""
"41-29-34-43","Vegetables- spinach, pumpkin, cabbage, tomato, onion",7,"No","No","No","No","Yes","No","No","No","No","No",""
"41-29-34-43","Meat, poultry, organ meat- goat, sheep, cow, chicken, liver, kidney, intestines",2,"No","No","No","No","Yes","No","No","No","No","No",""
"41-29-34-43","Fish and seafood (dried or fresh)- sardines, dagaa/omena",2,"No","No","No","No","Yes","No","No","No","No","No",""
"41-29-34-43","Pulses, legumes, nuts, seeds",1,"No","No","No","No","Yes","No","No","No","No","No",""
"41-29-34-43","Oil/fats- oil, fat, butter, ghee, etc",7,"No","No","No","No","Yes","No","No","No","No","No",""
"41-29-34-43","Miscellaneous- tea, coffee, beverages, condiments, spices",1,"No","No","No","No","Yes","No","No","No","No","No",""
"24-91-36-31","Cereals- rice, maize, chapatti, wheat, sorghum, bread, etc",7,"Yes","No","No","No","Yes","No","No","No","No","No",""
"24-91-36-31","Roots and tubers- potato, sweet potato, cassava, arrow roots, cooking banana",2,"No","No","No","No","Yes","No","No","No","No","No",""
"24-91-36-31","Vegetables- spinach, pumpkin, cabbage, tomato, onion",6,"Yes","No","No","No","Yes","No","No","No","No","No",""
"24-91-36-31","Fruits- orange, mango, guava, rice paw paw/papaya, pineapple, etc",2,"No","No","No","No","Yes","No","No","No","No","No",""
"24-91-36-31","Fish and seafood (dried or fresh)- sardines, dagaa/omena",3,"No","No","No","No","Yes","No","No","No","No","No",""
"24-91-36-31","Pulses, legumes, nuts, seeds",1,"No","No","No","No","Yes","No","No","No","No","No",""
"24-91-36-31","Oil/fats- oil, fat, butter, ghee, etc",7,"No","No","No","No","Yes","No","No","No","No","No",""
"85-94-51-81","Cereals- rice, maize, chapatti, wheat, sorghum, bread, etc",7,"Yes","No","No","No","Yes","No","No","No","No","No",""
"85-94-51-81","Vegetables- spinach, pumpkin, cabbage, tomato, onion",3,"Yes","No","No","No","Yes","No","No","No","No","No",""
"85-94-51-81","Meat, poultry, organ meat- goat, sheep, cow, chicken, liver, kidney, intestines",2,"No","No","No","No","Yes","No","No","No","No","No",""
"85-94-51-81","Fish and seafood (dried or fresh)- sardines, dagaa/omena",3,"No","No","No","No","Yes","No","No","No","No","No",""
"85-94-51-81","Pulses, legumes, nuts, seeds",4,"No","No","No","No","Yes","No","No","No","No","No",""
"85-94-51-81","Oil/fats- oil, fat, butter, ghee, etc",7,"No","No","No","No","Yes","No","No","No","No","No",""
"85-94-51-81","Sugar and sweets- sugar, honey, sweets, desserts",7,"No","No","No","No","Yes","No","No","No","No","No",""
"85-94-51-81","Miscellaneous- tea, coffee, beverages, condiments, spices",7,"No","No","No","No","Yes","No","No","No","No","No",""
"05-53-82-60","Cereals- rice, maize, chapatti, wheat, sorghum, bread, etc",3,"Yes","No","No","No","No","No","No","No","No","No",""
"05-53-82-60","Roots and tubers- potato, sweet potato, cassava, arrow roots, cooking banana",3,"No","No","No","No","Yes","No","No","No","No","No",""
"05-53-82-60","Vegetables- spinach, pumpkin, cabbage, tomato, onion",5,"No","No","No","No","Yes","No","No","No","No","No",""
"05-53-82-60","Fruits- orange, mango, guava, rice paw paw/papaya, pineapple, etc",3,"No","No","No","No","Yes","No","No","No","No","No",""
"05-53-82-60","Meat, poultry, organ meat- goat, sheep, cow, chicken, liver, kidney, intestines",1,"No","No","No","No","Yes","No","No","No","No","No",""
"05-53-82-60","Fish and seafood (dried or fresh)- sardines, dagaa/omena",5,"No","No","No","No","Yes","No","No","No","No","No",""
"05-53-82-60","Pulses, legumes, nuts, seeds",3,"No","No","No","No","Yes","No","No","No","No","No",""
"05-53-82-60","Oil/fats- oil, fat, butter, ghee, etc",7,"No","No","No","No","Yes","No","No","No","No","No",""
"05-53-82-60","Sugar and sweets- sugar, honey, sweets, desserts",7,"No","No","No","No","Yes","No","No","No","No","No",""
"05-53-82-60","Miscellaneous- tea, coffee, beverages, condiments, spices",7,"No","No","No","No","Yes","No","No","No","No","No",""
"79-66-45-07","Cereals- rice, maize, chapatti, wheat, sorghum, bread, etc",7,"Yes","No","No","No","Yes","No","No","No","No","No",""
"79-66-45-07","Vegetables- spinach, pumpkin, cabbage, tomato, onion",7,"No","No","No","No","Yes","No","No","No","No","No",""
"79-66-45-07","Fruits- orange, mango, guava, rice paw paw/papaya, pineapple, etc",3,"No","No","No","No","Yes","No","No","No","No","No",""
"79-66-45-07","Fish and seafood (dried or fresh)- sardines, dagaa/omena",2,"No","No","No","No","Yes","No","No","No","No","No",""
"79-66-45-07","Milk and milk products- fresh, powdered, yogurt, cheese, etc",3,"No","No","No","No","Yes","No","No","No","No","No",""
"79-66-45-07","Oil/fats- oil, fat, butter, ghee, etc",7,"No","No","No","No","Yes","No","No","No","No","No",""
"79-66-45-07","Sugar and sweets- sugar, honey, sweets, desserts",7,"No","No","No","No","Yes","No","No","No","No","No",""
"79-66-45-07","Miscellaneous- tea, coffee, beverages, condiments, spices",7,"No","No","No","No","Yes","No","No","No","No","No",""
"78-15-69-36","Cereals- rice, maize, chapatti, wheat, sorghum, bread, etc",7,"Yes","No","No","No","Yes","No","No","Yes","No","No",""
"78-15-69-36","Roots and tubers- potato, sweet potato, cassava, arrow roots, cooking banana",3,"No","No","No","No","No","No","No","Yes","No","No",""
"78-15-69-36","Vegetables- spinach, pumpkin, cabbage, tomato, onion",7,"No","No","No","No","No","No","No","Yes","No","No",""
"78-15-69-36","Pulses, legumes, nuts, seeds",4,"No","No","No","No","Yes","No","No","Yes","No","No",""
"78-15-69-36","Oil/fats- oil, fat, butter, ghee, etc",5,"No","No","No","No","Yes","No","No","Yes","No","No",""
"53-49-72-57","Cereals- rice, maize, chapatti, wheat, sorghum, bread, etc",7,"Yes","No","No","No","Yes","No","No","No","No","No",""
"53-49-72-57","Roots and tubers- potato, sweet potato, cassava, arrow roots, cooking banana",2,"Yes","No","No","No","No","No","No","No","No","No",""
"53-49-72-57","Vegetables- spinach, pumpkin, cabbage, tomato, onion",7,"Yes","No","No","No","Yes","No","No","No","No","No",""
"53-49-72-57","Meat, poultry, organ meat- goat, sheep, cow, chicken, liver, kidney, intestines",1,"No","No","No","No","Yes","No","No","No","No","No",""
"53-49-72-57","Fish and seafood (dried or fresh)- sardines, dagaa/omena",3,"No","No","No","No","Yes","No","No","No","No","No",""
"53-49-72-57","Pulses, legumes, nuts, seeds",2,"Yes","No","No","No","No","No","No","No","No","No",""
"53-49-72-57","Oil/fats- oil, fat, butter, ghee, etc",7,"No","No","No","No","Yes","No","No","No","No","No",""
"53-49-72-57","Sugar and sweets- sugar, honey, sweets, desserts",7,"No","No","No","No","Yes","No","No","No","No","No",""
"53-49-72-57","Miscellaneous- tea, coffee, beverages, condiments, spices",7,"No","No","No","No","Yes","No","No","No","No","No",""
"66-30-66-08","Cereals- rice, maize, chapatti, wheat, sorghum, bread, etc",7,"Yes","No","No","No","No","No","No","No","No","No",""
"66-30-66-08","Vegetables- spinach, pumpkin, cabbage, tomato, onion",7,"No","No","No","No","Yes","No","No","No","No","No",""
"66-30-66-08","Oil/fats- oil, fat, butter, ghee, etc",7,"No","No","No","No","No","No","No","Yes","No","No",""
"66-30-66-08","Miscellaneous- tea, coffee, beverages, condiments, spices",5,"No","No","No","No","Yes","No","No","No","No","No",""
"36-62-86-65","Cereals- rice, maize, chapatti, wheat, sorghum, bread, etc",7,"Yes","No","No","No","Yes","No","No","No","No","No",""
"36-62-86-65","Roots and tubers- potato, sweet potato, cassava, arrow roots, cooking banana",1,"No","No","No","No","Yes","No","No","No","No","No",""
"36-62-86-65","Vegetables- spinach, pumpkin, cabbage, tomato, onion",2,"Yes","No","No","No","No","No","No","No","No","No",""
"36-62-86-65","Fruits- orange, mango, guava, rice paw paw/papaya, pineapple, etc",2,"Yes","No","No","No","No","No","No","No","No","No",""
"36-62-86-65","Meat, poultry, organ meat- goat, sheep, cow, chicken, liver, kidney, intestines",2,"No","No","No","No","Yes","No","No","No","No","No",""
"36-62-86-65","Pulses, legumes, nuts, seeds",1,"No","No","No","No","Yes","No","No","No","No","No",""
"36-62-86-65","Oil/fats- oil, fat, butter, ghee, etc",7,"No","No","No","No","Yes","No","No","No","No","No",""
"36-62-86-65","Sugar and sweets- sugar, honey, sweets, desserts",2,"Yes","No","No","No","No","No","No","No","No","No",""
"36-62-86-65","Miscellaneous- tea, coffee, beverages, condiments, spices",2,"Yes","No","No","No","No","No","No","No","No","No",""
"93-72-05-88","Cereals- rice, maize, chapatti, wheat, sorghum, bread, etc",7,"Yes","No","No","Yes","Yes","No","No","No","No","No",""
"93-72-05-88","Roots and tubers- potato, sweet potato, cassava, arrow roots, cooking banana",1,"No","No","No","No","Yes","No","No","No","No","No",""
"93-72-05-88","Vegetables- spinach, pumpkin, cabbage, tomato, onion",7,"No","No","No","No","Yes","No","No","No","No","No",""
"93-72-05-88","Fruits- orange, mango, guava, rice paw paw/papaya, pineapple, etc",4,"No","No","No","No","Yes","No","No","No","No","No",""
"93-72-05-88","Meat, poultry, organ meat- goat, sheep, cow, chicken, liver, kidney, intestines",1,"No","No","No","No","Yes","No","No","No","No","No",""
"93-72-05-88","Fish and seafood (dried or fresh)- sardines, dagaa/omena",1,"No","No","No","No","Yes","No","No","No","No","No",""
"93-72-05-88","Oil/fats- oil, fat, butter, ghee, etc",7,"No","No","No","Yes","Yes","No","No","No","No","No",""
"64-59-07-31","Cereals- rice, maize, chapatti, wheat, sorghum, bread, etc",7,"Yes","No","No","No","No","No","No","No","No","No",""
"64-59-07-31","Roots and tubers- potato, sweet potato, cassava, arrow roots, cooking banana",1,"No","No","No","No","Yes","No","No","No","No","No",""
"64-59-07-31","Vegetables- spinach, pumpkin, cabbage, tomato, onion",7,"Yes","No","No","No","Yes","No","No","No","No","No",""
"64-59-07-31","Fruits- orange, mango, guava, rice paw paw/papaya, pineapple, etc",3,"No","No","No","No","Yes","No","No","No","No","No",""
"64-59-07-31","Oil/fats- oil, fat, butter, ghee, etc",7,"No","No","No","No","Yes","No","No","No","No","No",""
"64-59-07-31","Sugar and sweets- sugar, honey, sweets, desserts",4,"No","No","No","No","Yes","No","No","No","No","No",""
"64-59-07-31","Miscellaneous- tea, coffee, beverages, condiments, spices",4,"No","No","No","No","Yes","No","No","No","No","No",""
"14-20-80-15","Cereals- rice, maize, chapatti, wheat, sorghum, bread, etc",7,"Yes","No","No","No","No","No","No","No","No","No",""
"14-20-80-15","Vegetables- spinach, pumpkin, cabbage, tomato, onion",5,"No","No","No","No","Yes","No","No","Yes","No","No",""
"14-20-80-15","Meat, poultry, organ meat- goat, sheep, cow, chicken, liver, kidney, intestines",2,"No","No","No","No","Yes","No","No","No","No","No",""
"14-20-80-15","Fish and seafood (dried or fresh)- sardines, dagaa/omena",2,"No","No","No","No","Yes","No","No","No","No","No",""
"14-20-80-15","Oil/fats- oil, fat, butter, ghee, etc",7,"No","No","No","No","Yes","No","No","No","No","No",""
"14-20-80-15","Miscellaneous- tea, coffee, beverages, condiments, spices",7,"No","No","No","No","Yes","No","No","No","No","No",""
"78-03-04-37","Cereals- rice, maize, chapatti, wheat, sorghum, bread, etc",7,"Yes","No","No","No","No","No","No","No","No","No",""
"78-03-04-37","Roots and tubers- potato, sweet potato, cassava, arrow roots, cooking banana",5,"Yes","No","No","No","Yes","No","No","No","No","No",""
"78-03-04-37","Vegetables- spinach, pumpkin, cabbage, tomato, onion",7,"Yes","No","No","No","Yes","No","No","No","No","No",""
"78-03-04-37","Oil/fats- oil, fat, butter, ghee, etc",7,"No","No","No","No","Yes","No","No","No","No","No",""
"78-03-04-37","Sugar and sweets- sugar, honey, sweets, desserts",7,"No","No","No","No","Yes","No","No","No","No","No",""
"78-03-04-37","Miscellaneous- tea, coffee, beverages, condiments, spices",2,"No","No","No","No","Yes","No","No","No","No","No",""
"56-24-05-48","Cereals- rice, maize, chapatti, wheat, sorghum, bread, etc",7,"Yes","No","No","No","No","No","No","No","No","No",""
"56-24-05-48","Vegetables- spinach, pumpkin, cabbage, tomato, onion",6,"No","No","No","No","Yes","No","No","No","No","No",""
"56-24-05-48","Meat, poultry, organ meat- goat, sheep, cow, chicken, liver, kidney, intestines",2,"No","No","No","No","Yes","No","No","No","No","No",""
"56-24-05-48","Pulses, legumes, nuts, seeds",1,"No","No","No","No","Yes","No","No","No","No","No",""
"56-24-05-48","Oil/fats- oil, fat, butter, ghee, etc",4,"No","No","No","No","Yes","No","No","No","No","No",""
"56-24-05-48","Miscellaneous- tea, coffee, beverages, condiments, spices",7,"No","No","No","No","Yes","No","No","No","No","No",""
"53-23-20-20","Cereals- rice, maize, chapatti, wheat, sorghum, bread, etc",7,"Yes","No","No","No","Yes","No","No","No","No","No",""
"53-23-20-20","Vegetables- spinach, pumpkin, cabbage, tomato, onion",5,"No","No","No","No","Yes","No","No","No","No","No",""
"53-23-20-20","Meat, poultry, organ meat- goat, sheep, cow, chicken, liver, kidney, intestines",2,"No","No","No","No","Yes","No","No","No","No","No",""
"53-23-20-20","Fish and seafood (dried or fresh)- sardines, dagaa/omena",1,"No","No","No","No","Yes","No","No","No","No","No",""
"53-23-20-20","Oil/fats- oil, fat, butter, ghee, etc",7,"No","No","No","No","Yes","No","No","No","No","No",""
"53-23-20-20","Miscellaneous- tea, coffee, beverages, condiments, spices",7,"No","No","No","No","Yes","No","No","No","No","No",""
"52-44-39-84","Cereals- rice, maize, chapatti, wheat, sorghum, bread, etc",7,"Yes","No","No","No","Yes","No","No","No","No","No",""
"52-44-39-84","Vegetables- spinach, pumpkin, cabbage, tomato, onion",7,"No","No","No","No","Yes","No","No","No","No","No",""
"67-64-28-49","Cereals- rice, maize, chapatti, wheat, sorghum, bread, etc",7,"Yes","No","No","No","Yes","No","No","No","No","No",""
"67-64-28-49","Roots and tubers- potato, sweet potato, cassava, arrow roots, cooking banana",3,"No","No","No","No","Yes","No","No","No","No","No",""
"67-64-28-49","Vegetables- spinach, pumpkin, cabbage, tomato, onion",5,"No","No","No","No","Yes","No","No","No","No","No",""
"67-64-28-49","Fruits- orange, mango, guava, rice paw paw/papaya, pineapple, etc",2,"No","No","No","No","Yes","No","No","No","No","No",""
"67-64-28-49","Meat, poultry, organ meat- goat, sheep, cow, chicken, liver, kidney, intestines",4,"No","No","No","No","Yes","No","No","No","No","No",""
"67-64-28-49","Fish and seafood (dried or fresh)- sardines, dagaa/omena",2,"No","No","No","No","Yes","No","No","No","No","No",""
"67-64-28-49","Pulses, legumes, nuts, seeds",1,"No","No","No","No","Yes","No","No","No","No","No",""
"67-64-28-49","Milk and milk products- fresh, powdered, yogurt, cheese, etc",4,"No","No","No","No","Yes","No","No","No","No","No",""
"67-64-28-49","Oil/fats- oil, fat, butter, ghee, etc",7,"No","No","No","No","Yes","No","No","No","No","No",""
"67-64-28-49","Sugar and sweets- sugar, honey, sweets, desserts",7,"No","No","No","No","Yes","No","No","No","No","No",""
"67-64-28-49","Miscellaneous- tea, coffee, beverages, condiments, spices",7,"No","No","No","No","Yes","No","No","No","No","No",""
"75-72-38-92","Cereals- rice, maize, chapatti, wheat, sorghum, bread, etc",7,"Yes","No","No","No","No","No","No","No","No","No",""
"75-72-38-92","Vegetables- spinach, pumpkin, cabbage, tomato, onion",1,"No","No","No","No","Yes","No","No","No","No","No",""
"75-72-38-92","Fruits- orange, mango, guava, rice paw paw/papaya, pineapple, etc",1,"No","No","No","No","Yes","No","No","No","No","No",""
"75-72-38-92","Fish and seafood (dried or fresh)- sardines, dagaa/omena",7,"No","No","No","No","Yes","No","No","No","No","No",""
"75-72-38-92","Pulses, legumes, nuts, seeds",2,"No","No","No","No","Yes","No","No","No","No","No",""
"75-72-38-92","Oil/fats- oil, fat, butter, ghee, etc",7,"No","No","No","No","Yes","No","No","No","No","No",""
"37-95-25-26","Cereals- rice, maize, chapatti, wheat, sorghum, bread, etc",7,"Yes","No","No","No","No","No","No","No","No","No",""
"37-95-25-26","Roots and tubers- potato, sweet potato, cassava, arrow roots, cooking banana",4,"Yes","No","No","No","No","No","No","No","No","No",""
"37-95-25-26","Vegetables- spinach, pumpkin, cabbage, tomato, onion",7,"Yes","No","No","No","No","No","No","No","No","No",""
"37-95-25-26","Fruits- orange, mango, guava, rice paw paw/papaya, pineapple, etc",3,"No","No","No","No","Yes","No","No","No","No","No",""
"37-95-25-26","Eggs",2,"Yes","No","No","No","No","No","No","No","No","No",""
"37-95-25-26","Fish and seafood (dried or fresh)- sardines, dagaa/omena",2,"No","No","No","No","Yes","No","No","No","No","No",""
"37-95-25-26","Pulses, legumes, nuts, seeds",3,"No","No","No","No","No","No","No","Yes","No","No",""
"37-95-25-26","Oil/fats- oil, fat, butter, ghee, etc",7,"No","No","No","No","Yes","No","No","No","No","No",""
"37-95-25-26","Sugar and sweets- sugar, honey, sweets, desserts",2,"No","No","No","No","Yes","No","No","No","No","No",""
"37-95-25-26","Miscellaneous- tea, coffee, beverages, condiments, spices",2,"Yes","No","No","No","Yes","No","No","No","No","No",""
"16-25-25-05","Cereals- rice, maize, chapatti, wheat, sorghum, bread, etc",7,"Yes","No","No","No","Yes","No","No","No","No","No",""
"16-25-25-05","Roots and tubers- potato, sweet potato, cassava, arrow roots, cooking banana",3,"No","No","No","No","Yes","No","No","No","No","No",""
"16-25-25-05","Vegetables- spinach, pumpkin, cabbage, tomato, onion",7,"No","No","No","No","Yes","No","No","No","No","No",""
"16-25-25-05","Fruits- orange, mango, guava, rice paw paw/papaya, pineapple, etc",2,"Yes","No","No","No","No","No","No","No","No","No",""
"16-25-25-05","Meat, poultry, organ meat- goat, sheep, cow, chicken, liver, kidney, intestines",1,"No","No","No","No","Yes","No","No","No","No","No",""
"16-25-25-05","Fish and seafood (dried or fresh)- sardines, dagaa/omena",1,"No","No","No","No","Yes","No","No","No","No","No",""
"16-25-25-05","Pulses, legumes, nuts, seeds",2,"No","No","No","No","Yes","No","No","No","No","No",""
"16-25-25-05","Milk and milk products- fresh, powdered, yogurt, cheese, etc",1,"No","No","No","No","Yes","No","No","No","No","No",""
"61-27-42-98","Cereals- rice, maize, chapatti, wheat, sorghum, bread, etc",7,"Yes","No","No","No","No","No","No","No","No","No",""
"61-27-42-98","Vegetables- spinach, pumpkin, cabbage, tomato, onion",7,"Yes","No","No","No","No","No","No","No","No","No",""
"61-27-42-98","Fish and seafood (dried or fresh)- sardines, dagaa/omena",3,"No","No","No","No","Yes","No","No","No","No","No",""
"61-27-42-98","Oil/fats- oil, fat, butter, ghee, etc",7,"No","No","No","No","Yes","No","No","No","No","No",""
"61-27-42-98","Sugar and sweets- sugar, honey, sweets, desserts",4,"No","No","No","No","Yes","No","Yes","No","No","No",""
"47-23-15-41","Cereals- rice, maize, chapatti, wheat, sorghum, bread, etc",7,"Yes","No","No","No","Yes","No","No","No","No","No",""
"47-23-15-41","Roots and tubers- potato, sweet potato, cassava, arrow roots, cooking banana",3,"No","No","No","No","Yes","No","No","No","No","No",""
"47-23-15-41","Vegetables- spinach, pumpkin, cabbage, tomato, onion",5,"No","No","No","No","Yes","No","No","No","No","No",""
"47-23-15-41","Milk and milk products- fresh, powdered, yogurt, cheese, etc",3,"No","No","No","No","Yes","No","No","No","No","No",""
"47-23-15-41","Oil/fats- oil, fat, butter, ghee, etc",7,"No","No","No","No","Yes","No","No","No","No","No",""
"47-23-15-41","Miscellaneous- tea, coffee, beverages, condiments, spices",7,"No","No","No","No","Yes","No","No","No","No","No",""
"19-28-77-73","Cereals- rice, maize, chapatti, wheat, sorghum, bread, etc",7,"Yes","No","No","No","Yes","No","No","No","No","No",""
"19-28-77-73","Roots and tubers- potato, sweet potato, cassava, arrow roots, cooking banana",2,"No","No","No","No","Yes","No","No","No","No","No",""
"19-28-77-73","Vegetables- spinach, pumpkin, cabbage, tomato, onion",7,"No","No","No","No","Yes","No","No","No","No","No",""
"68-18-94-35","Cereals- rice, maize, chapatti, wheat, sorghum, bread, etc",7,"Yes","No","No","No","Yes","No","No","No","No","No",""
"68-18-94-35","Roots and tubers- potato, sweet potato, cassava, arrow roots, cooking banana",2,"Yes","No","No","No","No","No","No","No","No","No",""
"68-18-94-35","Vegetables- spinach, pumpkin, cabbage, tomato, onion",5,"Yes","No","No","No","Yes","No","No","No","No","No",""
"68-18-94-35","Fruits- orange, mango, guava, rice paw paw/papaya, pineapple, etc",4,"No","No","No","No","Yes","No","No","No","No","No",""
"68-18-94-35","Meat, poultry, organ meat- goat, sheep, cow, chicken, liver, kidney, intestines",2,"No","No","No","No","Yes","No","No","No","No","No",""
"68-18-94-35","Eggs",1,"No","No","No","No","Yes","No","No","No","No","No",""
"68-18-94-35","Fish and seafood (dried or fresh)- sardines, dagaa/omena",3,"No","No","No","No","Yes","No","No","No","No","No",""
"68-18-94-35","Pulses, legumes, nuts, seeds",2,"No","No","No","No","Yes","No","No","No","No","No",""
"68-18-94-35","Oil/fats- oil, fat, butter, ghee, etc",7,"No","No","No","No","Yes","No","No","No","No","No",""
"68-18-94-35","Sugar and sweets- sugar, honey, sweets, desserts",5,"No","No","No","No","Yes","No","No","No","No","No",""
"93-17-92-46","Cereals- rice, maize, chapatti, wheat, sorghum, bread, etc",7,"Yes","No","No","No","No","No","No","No","No","No",""
"93-17-92-46","Vegetables- spinach, pumpkin, cabbage, tomato, onion",7,"No","No","No","No","Yes","No","No","No","No","No",""
"93-17-92-46","Fruits- orange, mango, guava, rice paw paw/papaya, pineapple, etc",3,"No","No","Yes","No","No","No","No","No","No","No",""
"93-17-92-46","Miscellaneous- tea, coffee, beverages, condiments, spices",7,"No","No","No","No","Yes","No","No","No","No","No",""
"93-76-84-35","Cereals- rice, maize, chapatti, wheat, sorghum, bread, etc",7,"Yes","No","No","No","Yes","No","No","No","No","No",""
"93-76-84-35","Roots and tubers- potato, sweet potato, cassava, arrow roots, cooking banana",1,"No","No","No","No","No","No","No","Yes","No","No",""
"93-76-84-35","Vegetables- spinach, pumpkin, cabbage, tomato, onion",7,"Yes","No","No","No","Yes","No","No","No","No","No",""
"93-76-84-35","Fish and seafood (dried or fresh)- sardines, dagaa/omena",1,"No","No","No","No","Yes","No","No","No","No","No",""
"93-76-84-35","Pulses, legumes, nuts, seeds",2,"Yes","No","No","No","No","No","No","No","No","No",""
"93-76-84-35","Oil/fats- oil, fat, butter, ghee, etc",7,"Yes","No","No","No","No","No","No","No","No","No",""
"44-86-19-68","Cereals- rice, maize, chapatti, wheat, sorghum, bread, etc",7,"Yes","No","No","No","Yes","No","No","No","No","No",""
"44-86-19-68","Roots and tubers- potato, sweet potato, cassava, arrow roots, cooking banana",1,"No","No","No","No","Yes","No","No","No","No","No",""
"44-86-19-68","Vegetables- spinach, pumpkin, cabbage, tomato, onion",7,"Yes","No","No","No","Yes","No","No","No","No","No",""
"44-86-19-68","Meat, poultry, organ meat- goat, sheep, cow, chicken, liver, kidney, intestines",1,"No","No","No","No","Yes","No","No","No","No","No",""
"44-86-19-68","Fish and seafood (dried or fresh)- sardines, dagaa/omena",2,"No","No","No","No","Yes","No","No","No","No","No",""
"44-86-19-68","Pulses, legumes, nuts, seeds",2,"No","No","No","No","Yes","No","No","No","No","No",""
"44-86-19-68","Oil/fats- oil, fat, butter, ghee, etc",7,"No","No","No","No","Yes","No","No","No","No","No",""
"44-86-19-68","Sugar and sweets- sugar, honey, sweets, desserts",7,"No","No","No","No","Yes","No","No","No","No","No",""
"44-86-19-68","Miscellaneous- tea, coffee, beverages, condiments, spices",7,"No","No","No","No","Yes","No","No","No","No","No",""
"99-24-36-43","Cereals- rice, maize, chapatti, wheat, sorghum, bread, etc",7,"Yes","No","No","No","Yes","No","No","No","No","No",""
"99-24-36-43","Vegetables- spinach, pumpkin, cabbage, tomato, onion",7,"No","No","No","No","Yes","No","No","No","No","No",""
"99-24-36-43","Fruits- orange, mango, guava, rice paw paw/papaya, pineapple, etc",1,"No","No","No","No","Yes","No","No","No","No","No",""
"99-24-36-43","Meat, poultry, organ meat- goat, sheep, cow, chicken, liver, kidney, intestines",1,"No","No","No","No","Yes","No","No","No","No","No",""
"99-24-36-43","Oil/fats- oil, fat, butter, ghee, etc",7,"No","No","No","No","Yes","No","No","No","No","No",""
"18-82-63-90","Cereals- rice, maize, chapatti, wheat, sorghum, bread, etc",7,"Yes","No","No","No","Yes","No","No","No","No","No",""
"18-82-63-90","Roots and tubers- potato, sweet potato, cassava, arrow roots, cooking banana",2,"Yes","No","No","No","Yes","No","No","No","No","No",""
"18-82-63-90","Vegetables- spinach, pumpkin, cabbage, tomato, onion",7,"Yes","No","No","No","No","No","No","No","No","No",""
"18-82-63-90","Fish and seafood (dried or fresh)- sardines, dagaa/omena",1,"No","No","No","No","Yes","No","No","No","No","No",""
"18-82-63-90","Pulses, legumes, nuts, seeds",3,"Yes","No","No","No","No","No","No","No","No","No",""
"18-82-63-90","Oil/fats- oil, fat, butter, ghee, etc",7,"No","No","No","No","Yes","No","No","No","No","No",""
"18-82-63-90","Sugar and sweets- sugar, honey, sweets, desserts",7,"No","No","No","No","Yes","No","No","No","No","No",""
"18-82-63-90","Miscellaneous- tea, coffee, beverages, condiments, spices",3,"No","No","No","No","Yes","No","No","No","No","No",""
"86-57-20-12","Cereals- rice, maize, chapatti, wheat, sorghum, bread, etc",7,"Yes","No","No","No","Yes","No","No","No","No","No",""
"86-57-20-12","Roots and tubers- potato, sweet potato, cassava, arrow roots, cooking banana",2,"Yes","No","No","No","No","No","No","No","No","No",""
"86-57-20-12","Vegetables- spinach, pumpkin, cabbage, tomato, onion",7,"Yes","No","No","No","Yes","No","No","No","No","No",""
"86-57-20-12","Eggs",1,"No","No","No","No","Yes","No","No","No","No","No",""
"86-57-20-12","Oil/fats- oil, fat, butter, ghee, etc",7,"No","No","No","No","Yes","No","No","No","No","No",""
"38-84-93-57","Cereals- rice, maize, chapatti, wheat, sorghum, bread, etc",7,"Yes","No","No","No","No","No","No","No","No","No",""
"38-84-93-57","Roots and tubers- potato, sweet potato, cassava, arrow roots, cooking banana",2,"Yes","No","No","No","No","No","No","No","No","No",""
"38-84-93-57","Vegetables- spinach, pumpkin, cabbage, tomato, onion",7,"Yes","No","No","No","No","No","No","No","No","No",""
"38-84-93-57","Fruits- orange, mango, guava, rice paw paw/papaya, pineapple, etc",3,"Yes","No","No","No","No","No","No","No","No","No",""
"38-84-93-57","Meat, poultry, organ meat- goat, sheep, cow, chicken, liver, kidney, intestines",4,"No","No","No","No","Yes","No","No","No","No","No",""
"38-84-93-57","Eggs",2,"Yes","No","No","No","No","No","No","No","No","No",""
"38-84-93-57","Pulses, legumes, nuts, seeds",2,"Yes","No","No","No","No","No","No","No","No","No",""
"38-84-93-57","Oil/fats- oil, fat, butter, ghee, etc",7,"Yes","No","No","No","No","No","No","No","No","No",""
"38-84-93-57","Sugar and sweets- sugar, honey, sweets, desserts",2,"No","No","No","No","Yes","No","No","No","No","No",""
"38-84-93-57","Miscellaneous- tea, coffee, beverages, condiments, spices",5,"No","No","No","No","Yes","No","No","No","No","No",""
"27-07-91-33","Cereals- rice, maize, chapatti, wheat, sorghum, bread, etc",4,"Yes","No","No","No","No","No","No","No","No","No",""
"27-07-91-33","Vegetables- spinach, pumpkin, cabbage, tomato, onion",7,"Yes","No","No","No","No","No","No","No","No","No",""
"27-07-91-33","Meat, poultry, organ meat- goat, sheep, cow, chicken, liver, kidney, intestines",2,"No","No","No","No","Yes","No","No","No","No","No",""
"27-07-91-33","Fish and seafood (dried or fresh)- sardines, dagaa/omena",1,"No","No","No","No","Yes","No","No","No","No","No",""
"27-07-91-33","Pulses, legumes, nuts, seeds",1,"No","No","No","No","Yes","No","No","No","No","No",""
"27-07-91-33","Oil/fats- oil, fat, butter, ghee, etc",7,"No","No","No","No","No","No","No","Yes","No","No",""
"27-07-91-33","Sugar and sweets- sugar, honey, sweets, desserts",3,"No","No","No","No","Yes","No","No","No","No","No",""
"27-07-91-33","Miscellaneous- tea, coffee, beverages, condiments, spices",2,"Yes","No","No","No","No","No","No","No","No","No",""
"50-08-65-68","Cereals- rice, maize, chapatti, wheat, sorghum, bread, etc",7,"Yes","No","No","No","Yes","No","No","No","No","No",""
"50-08-65-68","Roots and tubers- potato, sweet potato, cassava, arrow roots, cooking banana",3,"Yes","No","No","No","Yes","No","No","No","No","No",""
"50-08-65-68","Vegetables- spinach, pumpkin, cabbage, tomato, onion",7,"Yes","No","No","No","Yes","No","No","No","No","No",""
"50-08-65-68","Fish and seafood (dried or fresh)- sardines, dagaa/omena",2,"No","No","No","No","Yes","No","No","No","No","No",""
"50-08-65-68","Milk and milk products- fresh, powdered, yogurt, cheese, etc",1,"No","No","No","No","Yes","No","No","No","No","No",""
"50-08-65-68","Oil/fats- oil, fat, butter, ghee, etc",7,"No","No","No","No","Yes","No","No","No","No","No",""
"50-08-65-68","Sugar and sweets- sugar, honey, sweets, desserts",5,"No","No","No","No","Yes","No","No","No","No","No",""
"50-08-65-68","Miscellaneous- tea, coffee, beverages, condiments, spices",2,"No","No","No","No","Yes","No","No","No","No","No",""
"78-04-92-62","Cereals- rice, maize, chapatti, wheat, sorghum, bread, etc",7,"No","No","No","No","Yes","No","No","No","No","No",""
"78-04-92-62","Vegetables- spinach, pumpkin, cabbage, tomato, onion",7,"No","No","No","No","Yes","No","No","No","No","No",""
"78-04-92-62","Fruits- orange, mango, guava, rice paw paw/papaya, pineapple, etc",3,"No","No","No","No","Yes","No","No","No","No","No",""
"78-04-92-62","Meat, poultry, organ meat- goat, sheep, cow, chicken, liver, kidney, intestines",2,"No","No","No","No","Yes","No","No","No","No","No",""
"78-04-92-62","Oil/fats- oil, fat, butter, ghee, etc",7,"No","No","No","No","Yes","No","No","No","No","No",""
"78-04-92-62","Sugar and sweets- sugar, honey, sweets, desserts",7,"No","No","No","No","Yes","No","No","No","No","No",""
"52-85-47-82","Cereals- rice, maize, chapatti, wheat, sorghum, bread, etc",7,"Yes","No","No","No","Yes","No","No","No","No","No",""
"52-85-47-82","Vegetables- spinach, pumpkin, cabbage, tomato, onion",7,"Yes","No","No","No","No","No","No","No","No","No",""
"52-85-47-82","Meat, poultry, organ meat- goat, sheep, cow, chicken, liver, kidney, intestines",3,"No","No","No","No","Yes","No","No","No","No","No",""
"52-85-47-82","Fish and seafood (dried or fresh)- sardines, dagaa/omena",5,"No","No","No","No","Yes","No","No","No","No","No",""
"52-85-47-82","Pulses, legumes, nuts, seeds",5,"Yes","No","No","No","No","No","No","No","No","No",""
"52-85-47-82","Oil/fats- oil, fat, butter, ghee, etc",7,"No","No","No","No","Yes","No","No","No","No","No",""
"52-85-47-82","Sugar and sweets- sugar, honey, sweets, desserts",7,"No","No","No","No","Yes","No","No","No","No","No",""
"52-85-47-82","Miscellaneous- tea, coffee, beverages, condiments, spices",7,"No","No","No","No","Yes","No","No","No","No","No",""
"19-35-88-74","Cereals- rice, maize, chapatti, wheat, sorghum, bread, etc",7,"Yes","No","No","No","Yes","No","No","No","No","No",""
"19-35-88-74","Vegetables- spinach, pumpkin, cabbage, tomato, onion",7,"No","No","No","No","Yes","No","No","No","No","No",""
"19-35-88-74","Meat, poultry, organ meat- goat, sheep, cow, chicken, liver, kidney, intestines",2,"No","No","No","No","Yes","No","No","No","No","No",""
"19-35-88-74","Milk and milk products- fresh, powdered, yogurt, cheese, etc",5,"No","No","No","No","Yes","No","No","No","No","No",""
"19-35-88-74","Oil/fats- oil, fat, butter, ghee, etc",7,"No","No","No","No","Yes","No","No","No","No","No",""
"59-09-71-58","Cereals- rice, maize, chapatti, wheat, sorghum, bread, etc",7,"No","No","No","No","No","No","No","Yes","No","No",""
"59-09-71-58","Roots and tubers- potato, sweet potato, cassava, arrow roots, cooking banana",2,"No","No","No","No","Yes","No","No","No","No","No",""
"59-09-71-58","Vegetables- spinach, pumpkin, cabbage, tomato, onion",7,"No","No","No","No","Yes","No","No","No","No","No",""
"59-09-71-58","Fruits- orange, mango, guava, rice paw paw/papaya, pineapple, etc",5,"No","No","No","No","No","No","No","Yes","No","No",""
"59-09-71-58","Pulses, legumes, nuts, seeds",2,"No","No","No","No","No","No","No","Yes","No","No",""
"59-09-71-58","Oil/fats- oil, fat, butter, ghee, etc",5,"No","No","No","No","No","No","No","Yes","No","No",""
"74-51-37-03","Cereals- rice, maize, chapatti, wheat, sorghum, bread, etc",7,"No","No","No","No","Yes","No","No","No","No","No",""
"74-51-37-03","Vegetables- spinach, pumpkin, cabbage, tomato, onion",7,"No","No","No","No","Yes","No","No","No","No","No",""
"74-51-37-03","Fruits- orange, mango, guava, rice paw paw/papaya, pineapple, etc",2,"No","No","No","No","Yes","No","No","No","No","No",""
"74-51-37-03","Meat, poultry, organ meat- goat, sheep, cow, chicken, liver, kidney, intestines",1,"No","No","No","No","Yes","No","No","No","No","No",""
"74-51-37-03","Oil/fats- oil, fat, butter, ghee, etc",7,"No","No","No","No","Yes","No","No","No","No","No",""
"75-11-11-88","Cereals- rice, maize, chapatti, wheat, sorghum, bread, etc",7,"Yes","No","No","No","No","No","No","No","No","No",""
"75-11-11-88","Vegetables- spinach, pumpkin, cabbage, tomato, onion",7,"Yes","No","No","No","No","No","No","No","No","No",""
"75-11-11-88","Fruits- orange, mango, guava, rice paw paw/papaya, pineapple, etc",2,"No","No","Yes","No","No","No","No","No","No","No",""
"75-11-11-88","Eggs",2,"Yes","No","No","No","No","No","No","No","No","No",""
"75-11-11-88","Oil/fats- oil, fat, butter, ghee, etc",7,"No","No","No","No","Yes","No","No","No","No","No",""
"75-11-11-88","Sugar and sweets- sugar, honey, sweets, desserts",3,"No","No","No","No","Yes","No","No","No","No","No",""
"22-78-28-40","Cereals- rice, maize, chapatti, wheat, sorghum, bread, etc",7,"Yes","No","No","No","No","No","No","No","No","No",""
"22-78-28-40","Vegetables- spinach, pumpkin, cabbage, tomato, onion",7,"No","No","No","No","Yes","No","No","Yes","No","No",""
"22-78-28-40","Oil/fats- oil, fat, butter, ghee, etc",7,"No","No","No","No","Yes","No","No","No","No","No",""
"25-98-64-43","Cereals- rice, maize, chapatti, wheat, sorghum, bread, etc",7,"Yes","No","No","No","No","No","No","No","No","No",""
"25-98-64-43","Vegetables- spinach, pumpkin, cabbage, tomato, onion",7,"No","No","No","No","Yes","No","No","No","No","No",""
"25-98-64-43","Oil/fats- oil, fat, butter, ghee, etc",7,"No","No","No","No","Yes","No","No","No","No","No",""
"56-29-47-60","Cereals- rice, maize, chapatti, wheat, sorghum, bread, etc",7,"Yes","No","No","No","Yes","No","No","No","No","No",""
"56-29-47-60","Vegetables- spinach, pumpkin, cabbage, tomato, onion",7,"No","No","No","No","Yes","No","No","No","No","No",""
"56-29-47-60","Fruits- orange, mango, guava, rice paw paw/papaya, pineapple, etc",2,"No","No","No","No","Yes","No","No","No","No","No",""
"56-29-47-60","Meat, poultry, organ meat- goat, sheep, cow, chicken, liver, kidney, intestines",3,"No","No","No","No","Yes","No","No","No","No","No",""
"56-29-47-60","Fish and seafood (dried or fresh)- sardines, dagaa/omena",1,"No","No","No","No","Yes","No","No","No","No","No",""
"56-29-47-60","Oil/fats- oil, fat, butter, ghee, etc",7,"No","No","No","No","Yes","No","No","No","No","No",""
"82-22-01-30","Cereals- rice, maize, chapatti, wheat, sorghum, bread, etc",7,"Yes","No","No","No","Yes","No","No","No","No","No",""
"82-22-01-30","Vegetables- spinach, pumpkin, cabbage, tomato, onion",7,"No","No","No","No","Yes","No","No","No","No","No",""
"82-22-01-30","Meat, poultry, organ meat- goat, sheep, cow, chicken, liver, kidney, intestines",4,"No","No","No","No","Yes","No","No","No","No","No",""
"82-22-01-30","Milk and milk products- fresh, powdered, yogurt, cheese, etc",7,"No","No","No","No","Yes","No","No","No","No","No",""
"82-22-01-30","Oil/fats- oil, fat, butter, ghee, etc",7,"No","No","No","No","Yes","No","No","No","No","No",""
"15-47-66-05","Cereals- rice, maize, chapatti, wheat, sorghum, bread, etc",7,"Yes","No","No","No","Yes","No","No","No","No","No",""
"15-47-66-05","Roots and tubers- potato, sweet potato, cassava, arrow roots, cooking banana",1,"No","No","No","No","Yes","No","No","No","No","No",""
"15-47-66-05","Vegetables- spinach, pumpkin, cabbage, tomato, onion",3,"No","No","No","No","Yes","No","No","No","No","No",""
"15-47-66-05","Meat, poultry, organ meat- goat, sheep, cow, chicken, liver, kidney, intestines",3,"No","No","No","No","Yes","No","No","No","No","No",""
"15-47-66-05","Eggs",1,"No","No","No","No","Yes","No","No","No","No","No",""
"15-47-66-05","Fish and seafood (dried or fresh)- sardines, dagaa/omena",4,"No","No","No","No","Yes","No","No","No","No","No",""
"15-47-66-05","Pulses, legumes, nuts, seeds",4,"No","No","No","No","Yes","No","No","No","No","No",""
"15-47-66-05","Oil/fats- oil, fat, butter, ghee, etc",7,"No","No","No","No","Yes","No","No","No","No","No",""
"15-47-66-05","Miscellaneous- tea, coffee, beverages, condiments, spices",7,"No","No","No","No","Yes","No","No","No","No","No",""
"04-89-61-71","Cereals- rice, maize, chapatti, wheat, sorghum, bread, etc",7,"Yes","No","No","No","No","No","No","No","No","No",""
"04-89-61-71","Vegetables- spinach, pumpkin, cabbage, tomato, onion",7,"Yes","No","No","No","Yes","No","No","No","No","No",""
"04-89-61-71","Fruits- orange, mango, guava, rice paw paw/papaya, pineapple, etc",1,"No","No","No","No","Yes","No","No","No","No","No",""
"04-89-61-71","Eggs",1,"Yes","No","No","No","No","No","No","No","No","No",""
"04-89-61-71","Fish and seafood (dried or fresh)- sardines, dagaa/omena",2,"No","No","No","No","Yes","No","No","No","No","No",""
"04-89-61-71","Oil/fats- oil, fat, butter, ghee, etc",7,"No","No","No","No","Yes","No","No","No","No","No",""
"58-73-17-40","Cereals- rice, maize, chapatti, wheat, sorghum, bread, etc",7,"Yes","No","No","No","No","No","No","No","No","No",""
"58-73-17-40","Roots and tubers- potato, sweet potato, cassava, arrow roots, cooking banana",1,"No","No","No","No","No","No","No","Yes","No","No",""
"58-73-17-40","Vegetables- spinach, pumpkin, cabbage, tomato, onion",4,"Yes","No","No","No","No","No","No","No","No","No",""
"58-73-17-40","Eggs",1,"Yes","No","No","No","No","No","No","No","No","No",""
"58-73-17-40","Oil/fats- oil, fat, butter, ghee, etc",7,"No","No","No","No","Yes","No","No","No","No","No",""
"82-66-58-84","Cereals- rice, maize, chapatti, wheat, sorghum, bread, etc",7,"Yes","No","No","No","Yes","No","No","No","No","No",""
"82-66-58-84","Roots and tubers- potato, sweet potato, cassava, arrow roots, cooking banana",7,"Yes","No","No","No","Yes","No","No","No","No","No",""
"82-66-58-84","Vegetables- spinach, pumpkin, cabbage, tomato, onion",7,"Yes","No","No","No","No","No","No","No","No","No",""
"82-66-58-84","Fruits- orange, mango, guava, rice paw paw/papaya, pineapple, etc",1,"No","No","No","No","No","No","No","Yes","No","No",""
"82-66-58-84","Meat, poultry, organ meat- goat, sheep, cow, chicken, liver, kidney, intestines",1,"No","No","No","No","Yes","No","No","No","No","No",""
"82-66-58-84","Pulses, legumes, nuts, seeds",3,"No","No","No","No","Yes","No","No","No","No","No",""
"82-66-58-84","Oil/fats- oil, fat, butter, ghee, etc",7,"No","No","No","No","Yes","No","No","No","No","No",""
"82-66-58-84","Sugar and sweets- sugar, honey, sweets, desserts",4,"No","No","No","No","Yes","No","No","No","No","No",""
"82-66-58-84","Miscellaneous- tea, coffee, beverages, condiments, spices",7,"No","No","No","No","Yes","No","No","No","No","No",""
"40-67-36-34","Cereals- rice, maize, chapatti, wheat, sorghum, bread, etc",7,"Yes","No","No","No","Yes","No","No","No","No","No",""
"40-67-36-34","Vegetables- spinach, pumpkin, cabbage, tomato, onion",7,"No","No","No","No","Yes","No","No","No","No","No",""
"40-67-36-34","Fruits- orange, mango, guava, rice paw paw/papaya, pineapple, etc",1,"No","No","No","No","Yes","No","No","No","No","No",""
"40-67-36-34","Meat, poultry, organ meat- goat, sheep, cow, chicken, liver, kidney, intestines",2,"No","No","No","No","Yes","No","No","No","No","No",""
"40-67-36-34","Oil/fats- oil, fat, butter, ghee, etc",7,"No","No","No","No","Yes","No","No","No","No","No",""
"76-04-73-59","Cereals- rice, maize, chapatti, wheat, sorghum, bread, etc",7,"Yes","No","No","No","Yes","No","No","No","No","No",""
"76-04-73-59","Roots and tubers- potato, sweet potato, cassava, arrow roots, cooking banana",3,"No","No","No","No","Yes","No","No","No","No","No",""
"76-04-73-59","Vegetables- spinach, pumpkin, cabbage, tomato, onion",4,"No","No","No","No","Yes","No","No","No","No","No",""
"76-04-73-59","Fruits- orange, mango, guava, rice paw paw/papaya, pineapple, etc",3,"No","No","No","No","Yes","No","No","No","No","No",""
"76-04-73-59","Meat, poultry, organ meat- goat, sheep, cow, chicken, liver, kidney, intestines",1,"No","No","No","No","Yes","No","No","No","No","No",""
"76-04-73-59","Eggs",2,"Yes","No","No","No","No","No","No","No","No","No",""
"76-04-73-59","Fish and seafood (dried or fresh)- sardines, dagaa/omena",2,"No","No","No","No","Yes","No","No","No","No","No",""
"76-04-73-59","Oil/fats- oil, fat, butter, ghee, etc",7,"No","No","No","No","Yes","No","No","No","No","No",""
"76-04-73-59","Sugar and sweets- sugar, honey, sweets, desserts",7,"No","No","No","No","Yes","No","No","No","No","No",""
"76-04-73-59","Miscellaneous- tea, coffee, beverages, condiments, spices",7,"No","No","No","No","Yes","No","No","No","No","No",""
"84-25-35-86","Cereals- rice, maize, chapatti, wheat, sorghum, bread, etc",7,"Yes","No","No","No","No","No","No","No","No","No",""
"84-25-35-86","Roots and tubers- potato, sweet potato, cassava, arrow roots, cooking banana",1,"Yes","No","No","No","No","No","No","No","No","No",""
"84-25-35-86","Vegetables- spinach, pumpkin, cabbage, tomato, onion",7,"No","No","No","No","No","No","No","Yes","No","No",""
"84-25-35-86","Meat, poultry, organ meat- goat, sheep, cow, chicken, liver, kidney, intestines",1,"No","No","No","No","Yes","No","No","No","No","No",""
"84-25-35-86","Fish and seafood (dried or fresh)- sardines, dagaa/omena",1,"No","No","No","No","Yes","No","No","No","No","No",""
"84-25-35-86","Milk and milk products- fresh, powdered, yogurt, cheese, etc",1,"No","No","No","No","Yes","No","No","No","No","No",""
"84-25-35-86","Oil/fats- oil, fat, butter, ghee, etc",7,"No","No","No","No","Yes","No","No","No","No","No",""
"84-25-35-86","Miscellaneous- tea, coffee, beverages, condiments, spices",5,"No","No","No","No","Yes","No","No","No","No","No",""
"29-66-30-52","Cereals- rice, maize, chapatti, wheat, sorghum, bread, etc",7,"Yes","No","No","No","Yes","No","No","No","No","No",""
"29-66-30-52","Vegetables- spinach, pumpkin, cabbage, tomato, onion",7,"No","No","No","No","Yes","No","No","No","No","No",""
"29-66-30-52","Fruits- orange, mango, guava, rice paw paw/papaya, pineapple, etc",2,"No","No","No","No","Yes","No","No","No","No","No",""
"29-66-30-52","Meat, poultry, organ meat- goat, sheep, cow, chicken, liver, kidney, intestines",3,"No","No","No","No","Yes","No","No","No","No","No",""
"29-66-30-52","Milk and milk products- fresh, powdered, yogurt, cheese, etc",7,"No","No","No","No","Yes","No","No","No","No","No",""
"29-66-30-52","Oil/fats- oil, fat, butter, ghee, etc",7,"No","No","No","No","Yes","No","No","No","No","No",""
"50-37-18-88","Cereals- rice, maize, chapatti, wheat, sorghum, bread, etc",7,"Yes","No","No","No","Yes","No","No","No","No","No",""
"50-37-18-88","Vegetables- spinach, pumpkin, cabbage, tomato, onion",7,"Yes","No","No","No","Yes","No","No","No","No","No",""
"50-37-18-88","Milk and milk products- fresh, powdered, yogurt, cheese, etc",7,"Yes","No","No","No","No","No","No","No","No","No",""
"50-37-18-88","Oil/fats- oil, fat, butter, ghee, etc",7,"No","No","No","No","Yes","No","No","No","No","No",""
"62-42-00-50","Cereals- rice, maize, chapatti, wheat, sorghum, bread, etc",7,"Yes","No","No","No","Yes","No","No","No","No","No",""
"62-42-00-50","Vegetables- spinach, pumpkin, cabbage, tomato, onion",7,"Yes","No","No","No","Yes","No","No","No","No","No",""
"62-42-00-50","Fruits- orange, mango, guava, rice paw paw/papaya, pineapple, etc",3,"No","No","No","No","Yes","No","No","No","No","No",""
"62-42-00-50","Meat, poultry, organ meat- goat, sheep, cow, chicken, liver, kidney, intestines",2,"No","No","No","No","Yes","No","No","No","No","No",""
"62-42-00-50","Eggs",4,"Yes","No","No","No","No","No","No","No","No","No",""
"62-42-00-50","Fish and seafood (dried or fresh)- sardines, dagaa/omena",2,"No","No","No","No","Yes","No","No","No","No","No",""
"62-42-00-50","Milk and milk products- fresh, powdered, yogurt, cheese, etc",7,"Yes","No","No","No","No","No","No","No","No","No",""
"62-42-00-50","Oil/fats- oil, fat, butter, ghee, etc",7,"Yes","No","No","No","Yes","No","No","No","No","No",""
"62-42-00-50","Sugar and sweets- sugar, honey, sweets, desserts",2,"No","No","No","No","Yes","No","No","No","No","No",""
"62-42-00-50","Miscellaneous- tea, coffee, beverages, condiments, spices",2,"No","No","No","No","Yes","No","No","No","No","No",""
"94-15-10-76","Cereals- rice, maize, chapatti, wheat, sorghum, bread, etc",7,"Yes","No","No","No","Yes","No","No","No","No","No",""
"94-15-10-76","Vegetables- spinach, pumpkin, cabbage, tomato, onion",7,"No","No","No","No","Yes","No","No","No","No","No",""
"94-15-10-76","Fruits- orange, mango, guava, rice paw paw/papaya, pineapple, etc",3,"No","No","No","No","Yes","No","No","No","No","No",""
"94-15-10-76","Meat, poultry, organ meat- goat, sheep, cow, chicken, liver, kidney, intestines",2,"No","No","No","No","Yes","No","No","No","No","No",""
"94-15-10-76","Milk and milk products- fresh, powdered, yogurt, cheese, etc",7,"No","No","No","No","Yes","No","No","No","No","No",""
"94-15-10-76","Oil/fats- oil, fat, butter, ghee, etc",7,"No","No","No","No","Yes","No","No","No","No","No",""
"42-39-21-50","Cereals- rice, maize, chapatti, wheat, sorghum, bread, etc",7,"Yes","No","No","No","No","No","No","No","No","No",""
"42-39-21-50","Vegetables- spinach, pumpkin, cabbage, tomato, onion",7,"No","No","No","No","Yes","No","No","No","No","No",""
"42-39-21-50","Oil/fats- oil, fat, butter, ghee, etc",7,"No","No","No","No","Yes","No","No","No","No","No",""
"42-39-21-50","Sugar and sweets- sugar, honey, sweets, desserts",7,"No","No","No","No","Yes","No","No","No","No","No",""
"84-84-86-66","Cereals- rice, maize, chapatti, wheat, sorghum, bread, etc",7,"Yes","No","No","No","Yes","No","No","No","No","No",""
"84-84-86-66","Vegetables- spinach, pumpkin, cabbage, tomato, onion",7,"Yes","No","No","No","No","No","No","No","No","No",""
"84-84-86-66","Meat, poultry, organ meat- goat, sheep, cow, chicken, liver, kidney, intestines",1,"No","No","No","No","Yes","No","No","No","No","No",""
"84-84-86-66","Eggs",1,"Yes","No","No","No","No","No","No","No","No","No",""
"84-84-86-66","Fish and seafood (dried or fresh)- sardines, dagaa/omena",3,"No","No","No","No","Yes","No","No","No","No","No",""
"84-84-86-66","Pulses, legumes, nuts, seeds",5,"No","No","No","No","Yes","No","No","No","No","No",""
"84-84-86-66","Oil/fats- oil, fat, butter, ghee, etc",7,"No","No","No","No","Yes","No","No","No","No","No",""
"84-84-86-66","Sugar and sweets- sugar, honey, sweets, desserts",7,"No","No","No","No","Yes","No","No","No","No","No",""
"84-84-86-66","Miscellaneous- tea, coffee, beverages, condiments, spices",3,"No","No","No","No","Yes","No","No","No","No","No",""
"53-27-67-24","Cereals- rice, maize, chapatti, wheat, sorghum, bread, etc",7,"Yes","No","No","No","No","No","No","No","No","No",""
"53-27-67-24","Roots and tubers- potato, sweet potato, cassava, arrow roots, cooking banana",2,"Yes","No","No","No","No","No","No","No","No","No",""
"53-27-67-24","Vegetables- spinach, pumpkin, cabbage, tomato, onion",3,"Yes","No","No","No","No","No","No","No","No","No",""
"53-27-67-24","Meat, poultry, organ meat- goat, sheep, cow, chicken, liver, kidney, intestines",1,"No","No","No","No","Yes","No","No","No","No","No",""
"53-27-67-24","Pulses, legumes, nuts, seeds",4,"Yes","No","No","No","No","No","No","No","No","No",""
"53-27-67-24","Milk and milk products- fresh, powdered, yogurt, cheese, etc",4,"Yes","No","No","No","No","No","No","No","No","No",""
"53-27-67-24","Oil/fats- oil, fat, butter, ghee, etc",7,"No","No","No","No","Yes","No","No","No","No","No",""
"53-27-67-24","Sugar and sweets- sugar, honey, sweets, desserts",3,"No","No","No","No","Yes","No","No","No","No","No",""
"53-27-67-24","Miscellaneous- tea, coffee, beverages, condiments, spices",3,"Yes","No","No","No","No","No","No","No","No","No",""
"02-02-62-52","Cereals- rice, maize, chapatti, wheat, sorghum, bread, etc",7,"Yes","No","No","No","Yes","No","No","No","No","No",""
"02-02-62-52","Vegetables- spinach, pumpkin, cabbage, tomato, onion",7,"Yes","No","No","No","Yes","No","No","No","No","No",""
"02-02-62-52","Fish and seafood (dried or fresh)- sardines, dagaa/omena",2,"No","No","No","No","Yes","No","No","No","No","No",""
"02-02-62-52","Milk and milk products- fresh, powdered, yogurt, cheese, etc",2,"No","No","No","No","Yes","No","No","No","No","No",""
"02-02-62-52","Oil/fats- oil, fat, butter, ghee, etc",7,"No","No","No","No","Yes","No","No","No","No","No",""
"02-02-62-52","Sugar and sweets- sugar, honey, sweets, desserts",5,"No","No","No","No","Yes","No","No","No","No","No",""
"02-02-62-52","Miscellaneous- tea, coffee, beverages, condiments, spices",6,"No","No","No","No","Yes","No","No","No","No","No",""
"10-89-66-70","Cereals- rice, maize, chapatti, wheat, sorghum, bread, etc",7,"Yes","No","No","No","Yes","No","No","No","No","No",""
"10-89-66-70","Vegetables- spinach, pumpkin, cabbage, tomato, onion",7,"Yes","No","No","No","No","No","No","No","No","No",""
"10-89-66-70","Milk and milk products- fresh, powdered, yogurt, cheese, etc",4,"Yes","No","No","No","No","No","No","No","No","No",""
"10-89-66-70","Oil/fats- oil, fat, butter, ghee, etc",7,"No","No","No","No","Yes","No","No","Yes","No","No",""
"28-72-52-28","Cereals- rice, maize, chapatti, wheat, sorghum, bread, etc",7,"Yes","No","No","No","Yes","No","No","No","No","No",""
"28-72-52-28","Roots and tubers- potato, sweet potato, cassava, arrow roots, cooking banana",2,"No","No","No","No","Yes","No","No","No","No","No",""
"28-72-52-28","Vegetables- spinach, pumpkin, cabbage, tomato, onion",7,"Yes","No","No","No","Yes","No","No","No","No","No",""
"28-72-52-28","Fish and seafood (dried or fresh)- sardines, dagaa/omena",2,"No","No","No","No","Yes","No","No","No","No","No",""
"28-72-52-28","Oil/fats- oil, fat, butter, ghee, etc",7,"No","No","No","No","Yes","No","No","No","No","No",""
"28-72-52-28","Sugar and sweets- sugar, honey, sweets, desserts",5,"No","No","No","No","Yes","No","No","No","No","No",""
"28-72-52-28","Miscellaneous- tea, coffee, beverages, condiments, spices",5,"No","No","No","No","Yes","No","No","No","No","No",""
"89-15-58-91","Cereals- rice, maize, chapatti, wheat, sorghum, bread, etc",7,"Yes","No","No","No","Yes","No","No","No","No","No",""
"89-15-58-91","Vegetables- spinach, pumpkin, cabbage, tomato, onion",5,"No","No","No","No","Yes","No","No","No","No","No",""
"89-15-58-91","Meat, poultry, organ meat- goat, sheep, cow, chicken, liver, kidney, intestines",1,"No","No","No","No","Yes","No","No","No","No","No",""
"89-15-58-91","Fish and seafood (dried or fresh)- sardines, dagaa/omena",4,"No","No","No","No","Yes","No","No","No","No","No",""
"89-15-58-91","Pulses, legumes, nuts, seeds",1,"No","No","No","No","Yes","No","No","No","No","No",""
"89-15-58-91","Oil/fats- oil, fat, butter, ghee, etc",7,"No","No","No","No","Yes","No","No","No","No","No",""
"89-15-58-91","Sugar and sweets- sugar, honey, sweets, desserts",7,"No","No","No","No","Yes","No","No","No","No","No",""
"89-15-58-91","Miscellaneous- tea, coffee, beverages, condiments, spices",7,"Yes","No","No","No","Yes","No","No","No","No","No",""
"57-65-92-31","Cereals- rice, maize, chapatti, wheat, sorghum, bread, etc",7,"Yes","No","No","No","Yes","No","No","No","No","No",""
"57-65-92-31","Vegetables- spinach, pumpkin, cabbage, tomato, onion",7,"Yes","No","No","No","Yes","No","No","No","No","No",""
"57-65-92-31","Fish and seafood (dried or fresh)- sardines, dagaa/omena",3,"No","No","No","No","Yes","No","No","No","No","No",""
"57-65-92-31","Milk and milk products- fresh, powdered, yogurt, cheese, etc",2,"No","No","No","No","Yes","No","No","No","No","No",""
"57-65-92-31","Oil/fats- oil, fat, butter, ghee, etc",7,"Yes","No","No","No","No","No","No","No","No","No",""
"57-65-92-31","Sugar and sweets- sugar, honey, sweets, desserts",6,"No","No","No","No","Yes","No","No","No","No","No",""
"57-65-92-31","Miscellaneous- tea, coffee, beverages, condiments, spices",5,"No","No","No","No","Yes","No","No","No","No","No",""
"78-69-73-93","Cereals- rice, maize, chapatti, wheat, sorghum, bread, etc",7,"Yes","No","No","No","No","No","No","No","No","No",""
"78-69-73-93","Roots and tubers- potato, sweet potato, cassava, arrow roots, cooking banana",1,"No","No","No","No","Yes","No","No","No","No","No",""
"78-69-73-93","Vegetables- spinach, pumpkin, cabbage, tomato, onion",7,"No","No","No","No","Yes","No","No","No","No","No",""
"78-69-73-93","Meat, poultry, organ meat- goat, sheep, cow, chicken, liver, kidney, intestines",3,"No","No","No","No","Yes","No","No","No","No","No",""
"78-69-73-93","Pulses, legumes, nuts, seeds",1,"Yes","No","No","No","No","No","No","No","No","No",""
"78-69-73-93","Oil/fats- oil, fat, butter, ghee, etc",7,"No","No","No","No","No","No","No","Yes","No","No",""
"86-71-54-16","Cereals- rice, maize, chapatti, wheat, sorghum, bread, etc",7,"Yes","No","No","No","Yes","No","No","No","No","No",""
"86-71-54-16","Roots and tubers- potato, sweet potato, cassava, arrow roots, cooking banana",1,"No","No","No","No","Yes","No","No","No","No","No",""
"86-71-54-16","Vegetables- spinach, pumpkin, cabbage, tomato, onion",7,"No","No","No","No","Yes","No","No","No","No","No",""
"86-71-54-16","Fruits- orange, mango, guava, rice paw paw/papaya, pineapple, etc",2,"No","No","No","No","Yes","No","No","No","No","No",""
"86-71-54-16","Meat, poultry, organ meat- goat, sheep, cow, chicken, liver, kidney, intestines",1,"No","No","No","No","Yes","No","No","No","No","No",""
"86-71-54-16","Eggs",1,"No","No","No","No","Yes","No","No","No","No","No",""
"86-71-54-16","Fish and seafood (dried or fresh)- sardines, dagaa/omena",1,"No","No","No","No","Yes","No","No","No","No","No",""
"86-71-54-16","Pulses, legumes, nuts, seeds",1,"No","No","No","No","Yes","No","No","No","No","No",""
"86-71-54-16","Milk and milk products- fresh, powdered, yogurt, cheese, etc",1,"No","No","No","No","Yes","No","No","No","No","No",""
"86-71-54-16","Sugar and sweets- sugar, honey, sweets, desserts",4,"No","No","No","No","Yes","No","No","No","No","No",""
"86-71-54-16","Miscellaneous- tea, coffee, beverages, condiments, spices",4,"No","No","No","No","Yes","No","No","No","No","No",""
"49-00-37-24","Cereals- rice, maize, chapatti, wheat, sorghum, bread, etc",7,"Yes","No","No","No","No","No","No","No","No","No",""
"49-00-37-24","Vegetables- spinach, pumpkin, cabbage, tomato, onion",7,"No","No","No","No","No","No","No","Yes","No","No",""
"49-00-37-24","Pulses, legumes, nuts, seeds",7,"No","No","No","No","No","No","No","Yes","No","No",""
"49-00-37-24","Oil/fats- oil, fat, butter, ghee, etc",7,"No","No","No","No","Yes","No","No","No","No","No",""
"49-00-37-24","Sugar and sweets- sugar, honey, sweets, desserts",7,"No","No","No","No","Yes","No","No","No","No","No",""
"49-00-37-24","Miscellaneous- tea, coffee, beverages, condiments, spices",7,"Yes","No","No","No","No","No","No","No","No","No",""
"60-73-62-17","Cereals- rice, maize, chapatti, wheat, sorghum, bread, etc",7,"Yes","No","No","No","Yes","No","No","No","No","No",""
"60-73-62-17","Roots and tubers- potato, sweet potato, cassava, arrow roots, cooking banana",1,"No","No","No","No","Yes","No","No","No","No","No",""
"60-73-62-17","Vegetables- spinach, pumpkin, cabbage, tomato, onion",7,"No","No","No","No","Yes","No","No","No","No","No",""
"60-73-62-17","Fruits- orange, mango, guava, rice paw paw/papaya, pineapple, etc",4,"No","No","No","No","Yes","No","No","No","No","No",""
"60-73-62-17","Meat, poultry, organ meat- goat, sheep, cow, chicken, liver, kidney, intestines",7,"No","No","No","No","Yes","No","No","No","No","No",""
"60-73-62-17","Eggs",1,"No","No","No","No","Yes","No","No","No","No","No",""
"60-73-62-17","Fish and seafood (dried or fresh)- sardines, dagaa/omena",2,"No","No","No","No","Yes","No","No","No","No","No",""
"60-73-62-17","Pulses, legumes, nuts, seeds",7,"No","No","No","No","Yes","No","No","No","No","No",""
"60-73-62-17","Milk and milk products- fresh, powdered, yogurt, cheese, etc",1,"No","No","No","No","Yes","No","No","No","No","No",""
"60-73-62-17","Oil/fats- oil, fat, butter, ghee, etc",7,"No","No","No","No","Yes","No","No","No","No","No",""
"60-73-62-17","Sugar and sweets- sugar, honey, sweets, desserts",4,"No","No","No","No","Yes","No","No","No","No","No",""
"60-73-62-17","Miscellaneous- tea, coffee, beverages, condiments, spices",5,"No","No","No","No","Yes","No","No","No","No","No",""
"16-68-23-18","Cereals- rice, maize, chapatti, wheat, sorghum, bread, etc",7,"Yes","No","No","No","No","No","No","No","No","No",""
"16-68-23-18","Vegetables- spinach, pumpkin, cabbage, tomato, onion",5,"Yes","No","No","No","Yes","No","No","No","No","No",""
"16-68-23-18","Eggs",1,"No","No","No","No","No","No","No","Yes","No","No",""
"16-68-23-18","Pulses, legumes, nuts, seeds",2,"No","No","No","No","Yes","No","No","No","No","No",""
"16-68-23-18","Milk and milk products- fresh, powdered, yogurt, cheese, etc",1,"No","No","No","No","No","No","No","Yes","No","No",""
"16-68-23-18","Oil/fats- oil, fat, butter, ghee, etc",2,"No","No","No","No","Yes","No","No","No","No","No",""
"75-36-25-09","Cereals- rice, maize, chapatti, wheat, sorghum, bread, etc",7,"Yes","No","No","No","Yes","No","No","No","No","No",""
"75-36-25-09","Vegetables- spinach, pumpkin, cabbage, tomato, onion",7,"No","No","No","No","Yes","No","No","No","No","No",""
"75-36-25-09","Meat, poultry, organ meat- goat, sheep, cow, chicken, liver, kidney, intestines",1,"No","No","No","No","Yes","No","No","No","No","No",""
"75-36-25-09","Fish and seafood (dried or fresh)- sardines, dagaa/omena",2,"No","No","No","No","Yes","No","No","No","No","No",""
"92-13-03-64","Cereals- rice, maize, chapatti, wheat, sorghum, bread, etc",7,"Yes","No","No","No","Yes","No","No","No","No","No",""
"92-13-03-64","Roots and tubers- potato, sweet potato, cassava, arrow roots, cooking banana",3,"No","No","No","No","Yes","No","No","No","No","No",""
"92-13-03-64","Vegetables- spinach, pumpkin, cabbage, tomato, onion",6,"No","No","No","No","Yes","No","No","No","No","No",""
"92-13-03-64","Fruits- orange, mango, guava, rice paw paw/papaya, pineapple, etc",3,"No","No","No","No","Yes","No","No","No","No","No",""
"92-13-03-64","Meat, poultry, organ meat- goat, sheep, cow, chicken, liver, kidney, intestines",3,"No","No","No","No","Yes","No","No","No","No","No",""
"92-13-03-64","Fish and seafood (dried or fresh)- sardines, dagaa/omena",2,"No","No","No","No","Yes","No","No","No","No","No",""
"92-13-03-64","Pulses, legumes, nuts, seeds",3,"No","No","No","No","Yes","No","No","No","No","No",""
"92-13-03-64","Sugar and sweets- sugar, honey, sweets, desserts",7,"No","No","No","No","Yes","No","No","No","No","No",""
"92-13-03-64","Miscellaneous- tea, coffee, beverages, condiments, spices",7,"No","No","No","No","Yes","No","No","No","No","No",""
"32-53-28-17","Cereals- rice, maize, chapatti, wheat, sorghum, bread, etc",7,"No","No","No","No","Yes","No","No","No","No","No",""
"32-53-28-17","Roots and tubers- potato, sweet potato, cassava, arrow roots, cooking banana",2,"No","No","No","No","Yes","No","No","No","No","No",""
"32-53-28-17","Vegetables- spinach, pumpkin, cabbage, tomato, onion",7,"No","No","No","No","Yes","No","No","No","No","No",""
"32-53-28-17","Fruits- orange, mango, guava, rice paw paw/papaya, pineapple, etc",2,"No","No","No","No","Yes","No","No","No","No","No",""
"32-53-28-17","Meat, poultry, organ meat- goat, sheep, cow, chicken, liver, kidney, intestines",2,"No","No","No","No","Yes","No","No","No","No","No",""
"32-53-28-17","Oil/fats- oil, fat, butter, ghee, etc",7,"No","No","No","No","Yes","No","No","No","No","No",""
"32-53-28-17","Miscellaneous- tea, coffee, beverages, condiments, spices",7,"No","No","No","No","Yes","No","No","No","No","No",""
"18-06-29-93","Cereals- rice, maize, chapatti, wheat, sorghum, bread, etc",7,"Yes","No","No","No","Yes","No","No","No","No","No",""
"18-06-29-93","Vegetables- spinach, pumpkin, cabbage, tomato, onion",3,"No","No","No","No","Yes","No","No","No","No","No",""
"18-06-29-93","Fish and seafood (dried or fresh)- sardines, dagaa/omena",4,"No","No","No","No","Yes","No","No","No","No","No",""
"18-06-29-93","Oil/fats- oil, fat, butter, ghee, etc",7,"No","No","No","No","Yes","No","No","No","No","No",""
"18-06-29-93","Miscellaneous- tea, coffee, beverages, condiments, spices",7,"No","No","No","No","Yes","No","No","No","No","No",""
"86-17-31-91","Cereals- rice, maize, chapatti, wheat, sorghum, bread, etc",7,"Yes","No","No","No","No","No","No","No","No","No",""
"86-17-31-91","Roots and tubers- potato, sweet potato, cassava, arrow roots, cooking banana",3,"Yes","No","No","No","No","No","No","No","No","No",""
"86-17-31-91","Vegetables- spinach, pumpkin, cabbage, tomato, onion",4,"Yes","No","No","No","No","No","No","No","No","No",""
"86-17-31-91","Fruits- orange, mango, guava, rice paw paw/papaya, pineapple, etc",2,"No","No","No","No","Yes","No","No","No","No","No",""
"86-17-31-91","Pulses, legumes, nuts, seeds",7,"Yes","No","No","No","No","No","No","No","No","No",""
"86-17-31-91","Sugar and sweets- sugar, honey, sweets, desserts",7,"No","No","No","No","Yes","No","No","No","No","No",""
"86-17-31-91","Miscellaneous- tea, coffee, beverages, condiments, spices",7,"No","No","No","No","Yes","No","No","No","No","No",""
"34-05-05-84","Cereals- rice, maize, chapatti, wheat, sorghum, bread, etc",7,"Yes","No","No","No","No","No","No","No","No","No",""
"34-05-05-84","Vegetables- spinach, pumpkin, cabbage, tomato, onion",7,"Yes","No","No","No","No","No","No","No","No","No",""
"34-05-05-84","Fish and seafood (dried or fresh)- sardines, dagaa/omena",1,"No","No","No","No","Yes","No","No","No","No","No",""
"34-05-05-84","Oil/fats- oil, fat, butter, ghee, etc",7,"No","No","No","No","Yes","No","No","No","No","No",""
"24-72-79-56","Cereals- rice, maize, chapatti, wheat, sorghum, bread, etc",7,"Yes","No","No","No","Yes","No","No","No","No","No",""
"24-72-79-56","Roots and tubers- potato, sweet potato, cassava, arrow roots, cooking banana",3,"No","No","No","No","Yes","No","No","No","No","No",""
"24-72-79-56","Vegetables- spinach, pumpkin, cabbage, tomato, onion",7,"No","No","No","No","Yes","No","No","No","No","No",""
"24-72-79-56","Fruits- orange, mango, guava, rice paw paw/papaya, pineapple, etc",4,"No","No","No","No","Yes","No","No","No","No","No",""
"24-72-79-56","Fish and seafood (dried or fresh)- sardines, dagaa/omena",2,"No","No","No","No","Yes","No","No","No","No","No",""
"24-72-79-56","Oil/fats- oil, fat, butter, ghee, etc",7,"No","No","No","No","Yes","No","No","No","No","No",""
"24-72-79-56","Miscellaneous- tea, coffee, beverages, condiments, spices",7,"No","No","No","No","Yes","No","No","No","No","No",""
"56-10-85-53","Cereals- rice, maize, chapatti, wheat, sorghum, bread, etc",7,"Yes","No","No","No","Yes","No","No","No","No","No",""
"56-10-85-53","Roots and tubers- potato, sweet potato, cassava, arrow roots, cooking banana",3,"No","No","No","No","Yes","No","No","No","No","No",""
"56-10-85-53","Vegetables- spinach, pumpkin, cabbage, tomato, onion",7,"No","No","No","No","Yes","No","No","No","No","No",""
"56-10-85-53","Fruits- orange, mango, guava, rice paw paw/papaya, pineapple, etc",4,"No","No","No","No","Yes","No","No","No","No","No",""
"56-10-85-53","Fish and seafood (dried or fresh)- sardines, dagaa/omena",5,"No","No","No","No","Yes","No","No","No","No","No",""
"56-10-85-53","Oil/fats- oil, fat, butter, ghee, etc",7,"No","No","No","No","Yes","No","No","No","No","No",""
"56-10-85-53","Miscellaneous- tea, coffee, beverages, condiments, spices",7,"No","No","No","No","Yes","No","No","No","No","No",""
"65-86-13-71","Cereals- rice, maize, chapatti, wheat, sorghum, bread, etc",7,"Yes","No","No","No","Yes","No","No","No","No","No",""
"65-86-13-71","Roots and tubers- potato, sweet potato, cassava, arrow roots, cooking banana",2,"No","No","No","No","Yes","No","No","No","No","No",""
"65-86-13-71","Vegetables- spinach, pumpkin, cabbage, tomato, onion",7,"No","No","No","No","Yes","No","No","No","No","No",""
"65-86-13-71","Meat, poultry, organ meat- goat, sheep, cow, chicken, liver, kidney, intestines",2,"No","No","No","No","Yes","No","No","No","No","No",""
"65-86-13-71","Eggs",1,"Yes","No","No","No","No","No","No","No","No","No",""
"65-86-13-71","Fish and seafood (dried or fresh)- sardines, dagaa/omena",2,"No","No","No","No","Yes","No","No","No","No","No",""
"65-86-13-71","Pulses, legumes, nuts, seeds",1,"No","No","No","No","Yes","No","No","No","No","No",""
"65-86-13-71","Oil/fats- oil, fat, butter, ghee, etc",7,"No","No","No","No","Yes","No","No","No","No","No",""
"65-86-13-71","Sugar and sweets- sugar, honey, sweets, desserts",7,"No","No","No","No","Yes","No","No","No","No","No",""
"65-86-13-71","Miscellaneous- tea, coffee, beverages, condiments, spices",2,"No","No","No","No","Yes","No","No","No","No","No",""
"47-19-77-59","Cereals- rice, maize, chapatti, wheat, sorghum, bread, etc",7,"Yes","No","No","No","Yes","No","No","No","No","No",""
"47-19-77-59","Vegetables- spinach, pumpkin, cabbage, tomato, onion",7,"No","No","No","No","Yes","No","No","No","No","No",""
"47-19-77-59","Fish and seafood (dried or fresh)- sardines, dagaa/omena",7,"No","No","No","No","Yes","No","No","No","No","No",""
"47-19-77-59","Pulses, legumes, nuts, seeds",1,"No","No","No","No","Yes","No","No","No","No","No",""
"72-38-19-68","Cereals- rice, maize, chapatti, wheat, sorghum, bread, etc",7,"Yes","No","No","No","No","No","No","No","No","No",""
"72-38-19-68","Vegetables- spinach, pumpkin, cabbage, tomato, onion",7,"No","No","No","No","Yes","No","No","No","No","No",""
"72-38-19-68","Fish and seafood (dried or fresh)- sardines, dagaa/omena",2,"No","No","No","No","Yes","No","No","No","No","No",""
"72-38-19-68","Oil/fats- oil, fat, butter, ghee, etc",1,"No","No","No","No","Yes","No","No","No","No","No",""
"72-38-19-68","Miscellaneous- tea, coffee, beverages, condiments, spices",7,"No","No","No","No","Yes","No","No","No","No","No",""
"87-95-06-00","Cereals- rice, maize, chapatti, wheat, sorghum, bread, etc",7,"Yes","No","No","No","Yes","No","No","No","No","No",""
"87-95-06-00","Roots and tubers- potato, sweet potato, cassava, arrow roots, cooking banana",4,"Yes","No","No","No","No","No","No","No","No","No",""
"87-95-06-00","Vegetables- spinach, pumpkin, cabbage, tomato, onion",5,"Yes","No","No","No","Yes","No","No","No","No","No",""
"87-95-06-00","Meat, poultry, organ meat- goat, sheep, cow, chicken, liver, kidney, intestines",1,"No","No","No","No","Yes","No","No","No","No","No",""
"87-95-06-00","Milk and milk products- fresh, powdered, yogurt, cheese, etc",2,"Yes","No","No","No","No","No","No","No","No","No",""
"87-95-06-00","Oil/fats- oil, fat, butter, ghee, etc",7,"No","No","No","No","Yes","No","No","No","No","No",""
"87-95-06-00","Sugar and sweets- sugar, honey, sweets, desserts",7,"No","No","No","No","Yes","No","No","No","No","No",""
"87-95-06-00","Miscellaneous- tea, coffee, beverages, condiments, spices",7,"No","No","No","No","Yes","No","No","No","No","No",""
"27-03-96-63","Cereals- rice, maize, chapatti, wheat, sorghum, bread, etc",7,"Yes","No","No","No","No","No","No","No","No","No",""
"27-03-96-63","Vegetables- spinach, pumpkin, cabbage, tomato, onion",7,"Yes","No","No","No","Yes","No","No","No","No","No",""
"27-03-96-63","Fruits- orange, mango, guava, rice paw paw/papaya, pineapple, etc",2,"No","No","No","No","Yes","No","No","No","No","No",""
"27-03-96-63","Milk and milk products- fresh, powdered, yogurt, cheese, etc",7,"No","No","No","No","Yes","No","No","No","No","No",""
"27-03-96-63","Oil/fats- oil, fat, butter, ghee, etc",7,"No","No","No","No","Yes","No","No","No","No","No",""
"43-65-32-18","Cereals- rice, maize, chapatti, wheat, sorghum, bread, etc",7,"Yes","No","No","No","No","No","No","No","No","No",""
"43-65-32-18","Vegetables- spinach, pumpkin, cabbage, tomato, onion",7,"No","No","No","No","Yes","No","No","No","No","No",""
"43-65-32-18","Fish and seafood (dried or fresh)- sardines, dagaa/omena",3,"No","No","No","No","Yes","No","No","No","No","No",""
"43-65-32-18","Oil/fats- oil, fat, butter, ghee, etc",7,"No","No","No","No","Yes","No","No","No","No","No",""
"43-65-32-18","Sugar and sweets- sugar, honey, sweets, desserts",3,"No","No","No","No","Yes","No","No","No","No","No",""
"43-65-32-18","Miscellaneous- tea, coffee, beverages, condiments, spices",3,"No","No","No","No","No","No","No","Yes","No","No",""
"20-11-50-00","Cereals- rice, maize, chapatti, wheat, sorghum, bread, etc",7,"No","No","No","No","Yes","No","No","No","No","No",""
"20-11-50-00","Vegetables- spinach, pumpkin, cabbage, tomato, onion",7,"No","No","No","No","Yes","No","No","No","No","No",""
"20-11-50-00","Fish and seafood (dried or fresh)- sardines, dagaa/omena",1,"No","No","No","No","Yes","No","No","No","No","No",""
"93-65-33-33","Cereals- rice, maize, chapatti, wheat, sorghum, bread, etc",7,"Yes","No","No","No","Yes","No","No","No","No","No",""
"93-65-33-33","Vegetables- spinach, pumpkin, cabbage, tomato, onion",7,"No","No","No","No","Yes","No","No","No","No","No",""
"93-65-33-33","Fruits- orange, mango, guava, rice paw paw/papaya, pineapple, etc",3,"No","No","No","No","Yes","No","No","No","No","No",""
"93-65-33-33","Meat, poultry, organ meat- goat, sheep, cow, chicken, liver, kidney, intestines",1,"No","No","No","No","Yes","No","No","No","No","No",""
"93-65-33-33","Fish and seafood (dried or fresh)- sardines, dagaa/omena",1,"No","No","No","No","Yes","No","No","No","No","No",""
"93-65-33-33","Milk and milk products- fresh, powdered, yogurt, cheese, etc",5,"No","No","No","No","Yes","No","No","No","No","No",""
"93-65-33-33","Oil/fats- oil, fat, butter, ghee, etc",7,"Yes","No","No","No","No","No","No","No","No","No",""
"93-65-33-33","Sugar and sweets- sugar, honey, sweets, desserts",7,"No","No","No","No","Yes","No","No","No","No","No",""
"93-65-33-33","Miscellaneous- tea, coffee, beverages, condiments, spices",5,"No","No","No","No","Yes","No","No","No","No","No",""
"35-33-01-98","Cereals- rice, maize, chapatti, wheat, sorghum, bread, etc",7,"No","No","No","No","No","No","No","Yes","No","No",""
"35-33-01-98","Vegetables- spinach, pumpkin, cabbage, tomato, onion",7,"No","No","No","No","No","No","No","Yes","No","No",""
"35-33-01-98","Fruits- orange, mango, guava, rice paw paw/papaya, pineapple, etc",2,"No","No","No","No","No","No","No","Yes","No","No",""
"35-33-01-98","Fish and seafood (dried or fresh)- sardines, dagaa/omena",2,"No","No","No","No","No","No","No","Yes","No","No",""
"35-33-01-98","Milk and milk products- fresh, powdered, yogurt, cheese, etc",7,"No","No","No","No","No","No","No","Yes","No","No",""
"35-33-01-98","Oil/fats- oil, fat, butter, ghee, etc",7,"No","No","No","No","No","No","No","Yes","No","No",""
"52-85-83-28","Cereals- rice, maize, chapatti, wheat, sorghum, bread, etc",7,"Yes","No","No","No","Yes","No","No","No","No","No",""
"52-85-83-28","Vegetables- spinach, pumpkin, cabbage, tomato, onion",7,"No","No","No","No","Yes","No","No","No","No","No",""
"52-85-83-28","Fruits- orange, mango, guava, rice paw paw/papaya, pineapple, etc",1,"No","No","No","No","Yes","No","No","No","No","No",""
"52-85-83-28","Meat, poultry, organ meat- goat, sheep, cow, chicken, liver, kidney, intestines",1,"No","No","No","No","Yes","No","No","No","No","No",""
"52-85-83-28","Eggs",1,"Yes","No","No","No","No","No","No","No","No","No",""
"52-85-83-28","Fish and seafood (dried or fresh)- sardines, dagaa/omena",1,"No","No","No","No","Yes","No","No","No","No","No",""
"52-85-83-28","Milk and milk products- fresh, powdered, yogurt, cheese, etc",7,"Yes","No","No","No","Yes","No","No","No","No","No",""
"52-85-83-28","Oil/fats- oil, fat, butter, ghee, etc",7,"No","No","No","No","Yes","No","No","No","No","No",""
"83-02-65-23","Cereals- rice, maize, chapatti, wheat, sorghum, bread, etc",7,"Yes","No","No","No","Yes","No","No","No","No","No",""
"83-02-65-23","Roots and tubers- potato, sweet potato, cassava, arrow roots, cooking banana",3,"No","No","No","No","Yes","No","No","No","No","No",""
"83-02-65-23","Vegetables- spinach, pumpkin, cabbage, tomato, onion",7,"No","No","No","No","Yes","No","No","No","No","No",""
"83-02-65-23","Fruits- orange, mango, guava, rice paw paw/papaya, pineapple, etc",3,"No","No","No","No","Yes","No","No","No","No","No",""
"83-02-65-23","Meat, poultry, organ meat- goat, sheep, cow, chicken, liver, kidney, intestines",2,"No","No","No","No","Yes","No","No","No","No","No",""
"83-02-65-23","Fish and seafood (dried or fresh)- sardines, dagaa/omena",3,"No","No","No","No","Yes","No","No","No","No","No",""
"83-02-65-23","Oil/fats- oil, fat, butter, ghee, etc",7,"No","No","No","No","Yes","No","No","No","No","No",""
"83-02-65-23","Miscellaneous- tea, coffee, beverages, condiments, spices",7,"No","No","No","No","Yes","No","No","No","No","No",""
"56-88-41-02","Cereals- rice, maize, chapatti, wheat, sorghum, bread, etc",7,"Yes","No","No","No","No","No","No","No","No","No",""
"56-88-41-02","Vegetables- spinach, pumpkin, cabbage, tomato, onion",7,"Yes","No","No","No","Yes","No","No","No","No","No",""
"56-88-41-02","Fruits- orange, mango, guava, rice paw paw/papaya, pineapple, etc",3,"Yes","No","No","No","Yes","No","No","No","No","No",""
"56-88-41-02","Meat, poultry, organ meat- goat, sheep, cow, chicken, liver, kidney, intestines",1,"No","No","No","No","Yes","No","No","No","No","No",""
"56-88-41-02","Fish and seafood (dried or fresh)- sardines, dagaa/omena",1,"No","No","No","No","Yes","No","No","No","No","No",""
"56-88-41-02","Pulses, legumes, nuts, seeds",2,"No","No","No","No","No","No","No","Yes","No","No",""
"56-88-41-02","Oil/fats- oil, fat, butter, ghee, etc",6,"No","No","No","No","Yes","No","Yes","No","No","No",""
"56-88-41-02","Sugar and sweets- sugar, honey, sweets, desserts",5,"No","No","No","No","Yes","No","No","No","No","No",""
"56-88-41-02","Miscellaneous- tea, coffee, beverages, condiments, spices",2,"Yes","No","No","No","Yes","No","No","No","No","No",""
"29-73-97-20","Cereals- rice, maize, chapatti, wheat, sorghum, bread, etc",7,"Yes","No","No","No","Yes","No","No","No","No","No",""
"29-73-97-20","Roots and tubers- potato, sweet potato, cassava, arrow roots, cooking banana",3,"No","No","No","No","Yes","No","No","No","No","No",""
"29-73-97-20","Vegetables- spinach, pumpkin, cabbage, tomato, onion",7,"No","No","No","No","Yes","No","No","No","No","No",""
"29-73-97-20","Fruits- orange, mango, guava, rice paw paw/papaya, pineapple, etc",3,"No","No","No","No","Yes","No","No","No","No","No",""
"29-73-97-20","Oil/fats- oil, fat, butter, ghee, etc",7,"No","No","No","No","Yes","No","No","No","No","No",""
"29-73-97-20","Miscellaneous- tea, coffee, beverages, condiments, spices",7,"No","No","No","No","Yes","No","No","No","No","No",""
"67-06-10-95","Cereals- rice, maize, chapatti, wheat, sorghum, bread, etc",7,"Yes","No","No","No","Yes","No","No","No","No","No",""
"67-06-10-95","Vegetables- spinach, pumpkin, cabbage, tomato, onion",2,"No","No","No","No","Yes","No","No","No","No","No",""
"67-06-10-95","Fruits- orange, mango, guava, rice paw paw/papaya, pineapple, etc",2,"No","No","No","No","No","No","No","Yes","No","No",""
"67-06-10-95","Fish and seafood (dried or fresh)- sardines, dagaa/omena",2,"No","No","No","No","Yes","No","No","No","No","No",""
"67-06-10-95","Pulses, legumes, nuts, seeds",2,"No","No","No","No","Yes","No","No","No","No","No",""
"67-06-10-95","Oil/fats- oil, fat, butter, ghee, etc",7,"No","No","No","No","Yes","No","No","No","No","No",""
"67-06-10-95","Miscellaneous- tea, coffee, beverages, condiments, spices",7,"No","No","No","No","Yes","No","No","No","No","No",""
"96-49-31-22","Cereals- rice, maize, chapatti, wheat, sorghum, bread, etc",7,"Yes","No","No","No","No","No","No","No","No","No",""
"96-49-31-22","Roots and tubers- potato, sweet potato, cassava, arrow roots, cooking banana",2,"No","No","No","No","Yes","No","No","No","No","No",""
"96-49-31-22","Vegetables- spinach, pumpkin, cabbage, tomato, onion",3,"No","No","No","No","Yes","No","No","No","No","No",""
"96-49-31-22","Fruits- orange, mango, guava, rice paw paw/papaya, pineapple, etc",4,"No","No","No","No","Yes","No","No","No","No","No",""
"96-49-31-22","Meat, poultry, organ meat- goat, sheep, cow, chicken, liver, kidney, intestines",4,"No","No","No","No","Yes","No","No","No","No","No",""
"96-49-31-22","Fish and seafood (dried or fresh)- sardines, dagaa/omena",4,"No","No","No","No","Yes","No","No","No","No","No",""
"96-49-31-22","Pulses, legumes, nuts, seeds",2,"No","No","No","No","Yes","No","No","No","No","No",""
"96-49-31-22","Milk and milk products- fresh, powdered, yogurt, cheese, etc",2,"No","No","No","No","Yes","No","No","No","No","No",""
"96-49-31-22","Oil/fats- oil, fat, butter, ghee, etc",7,"No","No","No","No","Yes","No","No","No","No","No",""
"96-49-31-22","Sugar and sweets- sugar, honey, sweets, desserts",7,"No","No","No","No","Yes","No","No","No","No","No",""
"96-49-31-22","Miscellaneous- tea, coffee, beverages, condiments, spices",7,"No","No","No","No","Yes","No","No","No","No","No",""
"10-07-11-91","Cereals- rice, maize, chapatti, wheat, sorghum, bread, etc",7,"Yes","No","No","No","Yes","No","No","No","No","No",""
"10-07-11-91","Roots and tubers- potato, sweet potato, cassava, arrow roots, cooking banana",1,"No","No","No","No","Yes","No","No","No","No","No",""
"10-07-11-91","Vegetables- spinach, pumpkin, cabbage, tomato, onion",7,"Yes","No","No","No","No","No","No","No","No","No",""
"10-07-11-91","Fruits- orange, mango, guava, rice paw paw/papaya, pineapple, etc",7,"Yes","No","No","No","No","No","No","No","No","No",""
"10-07-11-91","Fish and seafood (dried or fresh)- sardines, dagaa/omena",2,"No","No","No","No","Yes","No","No","No","No","No",""
"10-07-11-91","Pulses, legumes, nuts, seeds",2,"No","No","No","No","Yes","No","No","No","No","No",""
"10-07-11-91","Oil/fats- oil, fat, butter, ghee, etc",7,"No","No","No","No","Yes","No","No","No","No","No",""
"10-07-11-91","Sugar and sweets- sugar, honey, sweets, desserts",7,"No","No","No","No","Yes","No","No","No","No","No",""
"10-07-11-91","Miscellaneous- tea, coffee, beverages, condiments, spices",7,"No","No","No","No","Yes","No","No","No","No","No",""
"13-05-66-13","Cereals- rice, maize, chapatti, wheat, sorghum, bread, etc",7,"No","No","No","No","Yes","No","No","No","No","No",""
"13-05-66-13","Vegetables- spinach, pumpkin, cabbage, tomato, onion",2,"No","No","No","No","Yes","No","No","No","No","No",""
"13-05-66-13","Fruits- orange, mango, guava, rice paw paw/papaya, pineapple, etc",1,"No","No","No","No","Yes","No","No","No","No","No",""
"13-05-66-13","Pulses, legumes, nuts, seeds",7,"No","No","No","No","Yes","No","No","No","No","No",""
"13-05-66-13","Sugar and sweets- sugar, honey, sweets, desserts",7,"No","No","No","No","Yes","No","No","No","No","No",""
"13-05-66-13","Miscellaneous- tea, coffee, beverages, condiments, spices",7,"No","No","No","No","Yes","No","No","No","No","No",""
"47-07-01-10","Cereals- rice, maize, chapatti, wheat, sorghum, bread, etc",7,"Yes","No","No","No","No","No","No","No","No","No",""
"47-07-01-10","Roots and tubers- potato, sweet potato, cassava, arrow roots, cooking banana",5,"No","No","No","No","Yes","No","No","No","No","No",""
"47-07-01-10","Vegetables- spinach, pumpkin, cabbage, tomato, onion",7,"No","No","No","No","Yes","No","No","No","No","No",""
"47-07-01-10","Meat, poultry, organ meat- goat, sheep, cow, chicken, liver, kidney, intestines",1,"No","No","No","No","Yes","No","No","No","No","No",""
"47-07-01-10","Fish and seafood (dried or fresh)- sardines, dagaa/omena",2,"No","No","No","No","Yes","No","No","No","No","No",""
"47-07-01-10","Pulses, legumes, nuts, seeds",5,"No","No","No","No","Yes","No","No","No","No","No",""
"47-07-01-10","Oil/fats- oil, fat, butter, ghee, etc",7,"No","No","No","No","Yes","No","No","No","No","No",""
"47-07-01-10","Sugar and sweets- sugar, honey, sweets, desserts",7,"No","No","No","No","Yes","No","No","No","No","No",""
"47-07-01-10","Miscellaneous- tea, coffee, beverages, condiments, spices",75,"No","No","No","No","Yes","No","No","No","No","No",""
"37-48-11-93","Cereals- rice, maize, chapatti, wheat, sorghum, bread, etc",7,"Yes","No","No","No","Yes","No","No","No","No","No",""
"37-48-11-93","Roots and tubers- potato, sweet potato, cassava, arrow roots, cooking banana",5,"No","No","No","No","Yes","No","No","No","No","No",""
"37-48-11-93","Vegetables- spinach, pumpkin, cabbage, tomato, onion",7,"No","No","No","No","Yes","No","No","No","No","No",""
"37-48-11-93","Fruits- orange, mango, guava, rice paw paw/papaya, pineapple, etc",1,"No","No","No","No","Yes","No","No","No","No","No",""
"37-48-11-93","Fish and seafood (dried or fresh)- sardines, dagaa/omena",2,"No","No","No","No","Yes","No","No","No","No","No",""
"37-48-11-93","Pulses, legumes, nuts, seeds",7,"No","No","No","No","Yes","No","No","No","No","No",""
"37-48-11-93","Oil/fats- oil, fat, butter, ghee, etc",7,"No","No","No","No","Yes","No","No","No","No","No",""
"67-06-61-48","Cereals- rice, maize, chapatti, wheat, sorghum, bread, etc",7,"Yes","No","No","No","Yes","No","No","No","No","No",""
"67-06-61-48","Roots and tubers- potato, sweet potato, cassava, arrow roots, cooking banana",2,"No","No","No","No","Yes","No","No","No","No","No",""
"67-06-61-48","Vegetables- spinach, pumpkin, cabbage, tomato, onion",7,"No","No","No","No","Yes","No","No","No","No","No",""
"67-06-61-48","Fruits- orange, mango, guava, rice paw paw/papaya, pineapple, etc",6,"No","No","No","No","Yes","No","No","No","No","No",""
"67-06-61-48","Fish and seafood (dried or fresh)- sardines, dagaa/omena",3,"No","No","No","No","Yes","No","No","No","No","No",""
"67-06-61-48","Pulses, legumes, nuts, seeds",1,"No","No","No","No","Yes","No","No","No","No","No",""
"67-06-61-48","Milk and milk products- fresh, powdered, yogurt, cheese, etc",1,"No","No","No","No","Yes","No","No","No","No","No",""
"67-06-61-48","Oil/fats- oil, fat, butter, ghee, etc",7,"No","No","No","No","Yes","No","No","No","No","No",""
"67-06-61-48","Sugar and sweets- sugar, honey, sweets, desserts",7,"No","No","No","No","Yes","No","No","No","No","No",""
"67-06-61-48","Miscellaneous- tea, coffee, beverages, condiments, spices",7,"No","No","No","No","Yes","No","No","No","No","No",""
"89-00-56-37","Cereals- rice, maize, chapatti, wheat, sorghum, bread, etc",7,"Yes","No","No","No","Yes","No","No","No","No","No",""
"89-00-56-37","Roots and tubers- potato, sweet potato, cassava, arrow roots, cooking banana",3,"No","No","No","No","Yes","No","No","No","No","No",""
"89-00-56-37","Vegetables- spinach, pumpkin, cabbage, tomato, onion",7,"No","No","No","No","Yes","No","No","No","No","No",""
"89-00-56-37","Fruits- orange, mango, guava, rice paw paw/papaya, pineapple, etc",7,"No","No","No","No","Yes","No","No","No","No","No",""
"89-00-56-37","Meat, poultry, organ meat- goat, sheep, cow, chicken, liver, kidney, intestines",2,"No","No","No","No","Yes","No","No","No","No","No",""
"89-00-56-37","Fish and seafood (dried or fresh)- sardines, dagaa/omena",4,"No","No","No","No","Yes","No","No","No","No","No",""
"89-00-56-37","Pulses, legumes, nuts, seeds",2,"No","No","No","No","Yes","No","No","No","No","No",""
"89-00-56-37","Oil/fats- oil, fat, butter, ghee, etc",7,"No","No","No","No","Yes","No","No","No","No","No",""
"89-00-56-37","Sugar and sweets- sugar, honey, sweets, desserts",7,"No","No","No","No","Yes","No","No","No","No","No",""
"89-00-56-37","Miscellaneous- tea, coffee, beverages, condiments, spices",7,"No","No","No","No","Yes","No","No","No","No","No",""
"28-16-54-68","Cereals- rice, maize, chapatti, wheat, sorghum, bread, etc",7,"Yes","No","No","No","No","No","No","No","No","No",""
"28-16-54-68","Roots and tubers- potato, sweet potato, cassava, arrow roots, cooking banana",3,"Yes","No","No","No","No","No","No","Yes","No","No",""
"28-16-54-68","Vegetables- spinach, pumpkin, cabbage, tomato, onion",6,"Yes","No","No","No","No","No","No","No","No","No",""
"28-16-54-68","Fruits- orange, mango, guava, rice paw paw/papaya, pineapple, etc",3,"No","No","Yes","No","No","No","No","No","No","No",""
"28-16-54-68","Meat, poultry, organ meat- goat, sheep, cow, chicken, liver, kidney, intestines",2,"No","No","No","No","Yes","No","No","No","No","No",""
"28-16-54-68","Eggs",2,"Yes","No","No","No","No","No","No","No","No","No",""
"28-16-54-68","Fish and seafood (dried or fresh)- sardines, dagaa/omena",3,"No","No","No","No","Yes","No","No","No","No","No",""
"28-16-54-68","Oil/fats- oil, fat, butter, ghee, etc",6,"No","No","No","No","Yes","No","No","No","No","No",""
"28-16-54-68","Sugar and sweets- sugar, honey, sweets, desserts",2,"No","No","No","No","Yes","No","No","No","No","No",""
"28-16-54-68","Miscellaneous- tea, coffee, beverages, condiments, spices",2,"Yes","No","No","No","Yes","No","No","No","No","No",""
"44-25-43-31","Cereals- rice, maize, chapatti, wheat, sorghum, bread, etc",7,"No","No","No","No","Yes","No","No","No","No","No",""
"44-25-43-31","Roots and tubers- potato, sweet potato, cassava, arrow roots, cooking banana",7,"No","No","No","No","Yes","No","No","No","No","No",""
"44-25-43-31","Vegetables- spinach, pumpkin, cabbage, tomato, onion",7,"No","No","No","No","Yes","No","No","No","No","No",""
"44-25-43-31","Fruits- orange, mango, guava, rice paw paw/papaya, pineapple, etc",6,"No","No","No","No","Yes","No","No","No","No","No",""
"44-25-43-31","Meat, poultry, organ meat- goat, sheep, cow, chicken, liver, kidney, intestines",2,"No","No","No","No","Yes","No","No","No","No","No",""
"44-25-43-31","Fish and seafood (dried or fresh)- sardines, dagaa/omena",4,"No","No","No","No","Yes","No","No","No","No","No",""
"44-25-43-31","Milk and milk products- fresh, powdered, yogurt, cheese, etc",7,"No","No","No","No","Yes","No","No","No","No","No",""
"44-25-43-31","Oil/fats- oil, fat, butter, ghee, etc",7,"No","No","No","No","Yes","No","No","No","No","No",""
"44-25-43-31","Sugar and sweets- sugar, honey, sweets, desserts",7,"No","No","No","No","Yes","No","No","No","No","No",""
"33-83-81-59","Cereals- rice, maize, chapatti, wheat, sorghum, bread, etc",7,"No","No","No","No","Yes","No","No","No","No","No",""
"33-83-81-59","Roots and tubers- potato, sweet potato, cassava, arrow roots, cooking banana",7,"No","No","No","No","Yes","No","No","No","No","No",""
"33-83-81-59","Vegetables- spinach, pumpkin, cabbage, tomato, onion",7,"Yes","No","No","No","Yes","No","No","No","No","No",""
"33-83-81-59","Fruits- orange, mango, guava, rice paw paw/papaya, pineapple, etc",2,"No","No","No","No","Yes","No","No","No","No","No",""
"33-83-81-59","Meat, poultry, organ meat- goat, sheep, cow, chicken, liver, kidney, intestines",3,"No","No","No","No","Yes","No","No","No","No","No",""
"33-83-81-59","Fish and seafood (dried or fresh)- sardines, dagaa/omena",3,"No","No","No","No","Yes","No","No","No","No","No",""
"33-83-81-59","Oil/fats- oil, fat, butter, ghee, etc",7,"No","No","No","No","Yes","No","No","No","No","No",""
"94-91-64-84","Cereals- rice, maize, chapatti, wheat, sorghum, bread, etc",7,"Yes","No","No","No","Yes","No","No","No","No","No",""
"94-91-64-84","Vegetables- spinach, pumpkin, cabbage, tomato, onion",2,"No","No","No","No","Yes","No","No","No","No","No",""
"94-91-64-84","Fruits- orange, mango, guava, rice paw paw/papaya, pineapple, etc",1,"No","No","No","No","Yes","No","No","No","No","No",""
"94-91-64-84","Fish and seafood (dried or fresh)- sardines, dagaa/omena",2,"No","No","No","No","Yes","No","No","No","No","No",""
"94-91-64-84","Pulses, legumes, nuts, seeds",2,"No","No","No","No","Yes","No","No","No","No","No",""
"94-91-64-84","Sugar and sweets- sugar, honey, sweets, desserts",1,"No","No","No","No","Yes","No","No","No","No","No",""
"94-91-64-84","Miscellaneous- tea, coffee, beverages, condiments, spices",1,"No","No","No","No","Yes","No","No","No","No","No",""
"58-84-03-84","Cereals- rice, maize, chapatti, wheat, sorghum, bread, etc",7,"No","No","No","No","Yes","No","No","No","No","No",""
"58-84-03-84","Vegetables- spinach, pumpkin, cabbage, tomato, onion",1,"No","No","No","No","Yes","No","No","No","No","No",""
"58-84-03-84","Pulses, legumes, nuts, seeds",3,"No","No","No","No","Yes","No","No","No","No","No",""
"58-84-03-84","Oil/fats- oil, fat, butter, ghee, etc",7,"No","No","No","No","Yes","No","No","No","No","No",""
"58-84-03-84","Sugar and sweets- sugar, honey, sweets, desserts",2,"No","No","No","No","Yes","No","No","No","No","No",""
"58-84-03-84","Miscellaneous- tea, coffee, beverages, condiments, spices",2,"Yes","No","No","No","No","No","No","No","No","No",""
"41-54-65-45","Cereals- rice, maize, chapatti, wheat, sorghum, bread, etc",7,"Yes","No","No","No","No","No","No","No","No","No",""
"41-54-65-45","Roots and tubers- potato, sweet potato, cassava, arrow roots, cooking banana",3,"No","No","No","No","Yes","No","No","No","No","No",""
"41-54-65-45","Vegetables- spinach, pumpkin, cabbage, tomato, onion",7,"Yes","No","No","No","Yes","No","No","No","No","No",""
"41-54-65-45","Meat, poultry, organ meat- goat, sheep, cow, chicken, liver, kidney, intestines",3,"No","No","No","No","Yes","No","No","No","No","No",""
"41-54-65-45","Fish and seafood (dried or fresh)- sardines, dagaa/omena",2,"No","No","No","No","Yes","No","No","No","No","No",""
"41-54-65-45","Oil/fats- oil, fat, butter, ghee, etc",7,"No","No","No","No","Yes","No","No","No","No","No",""
"55-68-02-17","Cereals- rice, maize, chapatti, wheat, sorghum, bread, etc",7,"No","No","No","No","Yes","No","No","No","No","No",""
"55-68-02-17","Roots and tubers- potato, sweet potato, cassava, arrow roots, cooking banana",3,"No","No","No","No","Yes","No","No","No","No","No",""
"55-68-02-17","Vegetables- spinach, pumpkin, cabbage, tomato, onion",7,"No","No","No","No","Yes","No","No","No","No","No",""
"55-68-02-17","Fruits- orange, mango, guava, rice paw paw/papaya, pineapple, etc",1,"No","No","No","No","Yes","No","No","No","No","No",""
"55-68-02-17","Fish and seafood (dried or fresh)- sardines, dagaa/omena",2,"No","No","No","No","Yes","No","No","No","No","No",""
"55-68-02-17","Oil/fats- oil, fat, butter, ghee, etc",7,"No","No","No","No","Yes","No","No","No","No","No",""
"55-68-02-17","Miscellaneous- tea, coffee, beverages, condiments, spices",7,"No","No","No","No","Yes","No","No","No","No","No",""
"14-43-79-24","Cereals- rice, maize, chapatti, wheat, sorghum, bread, etc",7,"No","No","No","No","Yes","No","No","No","No","No",""
"14-43-79-24","Roots and tubers- potato, sweet potato, cassava, arrow roots, cooking banana",3,"No","No","No","No","Yes","No","No","No","No","No",""
"14-43-79-24","Vegetables- spinach, pumpkin, cabbage, tomato, onion",7,"No","No","No","No","Yes","No","No","No","No","No",""
"14-43-79-24","Fruits- orange, mango, guava, rice paw paw/papaya, pineapple, etc",7,"No","No","No","No","Yes","No","No","No","No","No",""
"14-43-79-24","Meat, poultry, organ meat- goat, sheep, cow, chicken, liver, kidney, intestines",2,"No","No","No","No","Yes","No","No","No","No","No",""
"14-43-79-24","Fish and seafood (dried or fresh)- sardines, dagaa/omena",4,"No","No","No","No","Yes","No","No","No","No","No",""
"14-43-79-24","Milk and milk products- fresh, powdered, yogurt, cheese, etc",2,"No","No","No","No","Yes","No","No","No","No","No",""
"14-43-79-24","Oil/fats- oil, fat, butter, ghee, etc",7,"No","No","No","No","Yes","No","No","No","No","No",""
"14-43-79-24","Sugar and sweets- sugar, honey, sweets, desserts",7,"No","No","No","No","Yes","No","No","No","No","No",""
"14-43-79-24","Miscellaneous- tea, coffee, beverages, condiments, spices",7,"No","No","No","No","Yes","No","No","No","No","No",""
"06-98-04-04","Cereals- rice, maize, chapatti, wheat, sorghum, bread, etc",7,"Yes","No","No","No","No","No","No","No","No","No",""
"06-98-04-04","Roots and tubers- potato, sweet potato, cassava, arrow roots, cooking banana",5,"Yes","No","No","No","No","No","No","No","No","No",""
"06-98-04-04","Vegetables- spinach, pumpkin, cabbage, tomato, onion",7,"Yes","No","No","No","No","No","No","No","No","No",""
"06-98-04-04","Oil/fats- oil, fat, butter, ghee, etc",7,"No","No","No","No","Yes","No","No","No","No","No",""
"48-67-43-42","Cereals- rice, maize, chapatti, wheat, sorghum, bread, etc",7,"Yes","No","No","No","Yes","No","No","No","No","No",""
"48-67-43-42","Roots and tubers- potato, sweet potato, cassava, arrow roots, cooking banana",5,"No","No","No","No","Yes","No","No","No","No","No",""
"48-67-43-42","Vegetables- spinach, pumpkin, cabbage, tomato, onion",7,"No","No","No","No","Yes","No","No","No","No","No",""
"48-67-43-42","Fruits- orange, mango, guava, rice paw paw/papaya, pineapple, etc",4,"No","No","No","No","Yes","No","No","No","No","No",""
"48-67-43-42","Meat, poultry, organ meat- goat, sheep, cow, chicken, liver, kidney, intestines",3,"No","No","No","No","Yes","No","No","No","No","No",""
"48-67-43-42","Eggs",4,"No","No","No","No","Yes","No","No","No","No","No",""
"48-67-43-42","Fish and seafood (dried or fresh)- sardines, dagaa/omena",5,"No","No","No","No","Yes","No","No","No","No","No",""
"48-67-43-42","Pulses, legumes, nuts, seeds",2,"No","No","No","No","Yes","No","No","No","No","No",""
"48-67-43-42","Oil/fats- oil, fat, butter, ghee, etc",7,"No","No","No","No","Yes","No","No","No","No","No",""
"48-67-43-42","Sugar and sweets- sugar, honey, sweets, desserts",7,"No","No","No","No","Yes","No","No","No","No","No",""
"48-67-43-42","Miscellaneous- tea, coffee, beverages, condiments, spices",7,"No","No","No","No","Yes","No","No","No","No","No",""
"46-95-07-61","Cereals- rice, maize, chapatti, wheat, sorghum, bread, etc",7,"Yes","No","No","No","Yes","No","No","No","No","No",""
"46-95-07-61","Roots and tubers- potato, sweet potato, cassava, arrow roots, cooking banana",2,"No","No","No","No","Yes","No","No","No","No","No",""
"46-95-07-61","Vegetables- spinach, pumpkin, cabbage, tomato, onion",6,"No","No","No","No","Yes","No","No","No","No","No",""
"46-95-07-61","Meat, poultry, organ meat- goat, sheep, cow, chicken, liver, kidney, intestines",2,"No","No","No","No","Yes","No","No","No","No","No",""
"46-95-07-61","Eggs",2,"No","No","No","No","Yes","No","No","No","No","No",""
"46-95-07-61","Fish and seafood (dried or fresh)- sardines, dagaa/omena",2,"No","No","No","No","Yes","No","No","No","No","No",""
"46-95-07-61","Oil/fats- oil, fat, butter, ghee, etc",7,"No","No","No","No","Yes","No","No","No","No","No",""
"46-95-07-61","Sugar and sweets- sugar, honey, sweets, desserts",5,"No","No","No","No","Yes","No","No","No","No","No",""
"46-95-07-61","Miscellaneous- tea, coffee, beverages, condiments, spices",5,"No","No","No","No","Yes","No","No","No","No","No",""
"97-29-47-65","Cereals- rice, maize, chapatti, wheat, sorghum, bread, etc",7,"Yes","No","No","No","No","No","No","No","No","No",""
"97-29-47-65","Roots and tubers- potato, sweet potato, cassava, arrow roots, cooking banana",2,"No","No","No","No","Yes","No","No","No","No","No",""
"97-29-47-65","Vegetables- spinach, pumpkin, cabbage, tomato, onion",6,"No","No","No","No","Yes","No","No","No","No","No",""
"97-29-47-65","Fish and seafood (dried or fresh)- sardines, dagaa/omena",2,"No","No","No","No","Yes","No","No","No","No","No",""
"97-29-47-65","Oil/fats- oil, fat, butter, ghee, etc",7,"No","No","No","No","Yes","No","No","No","No","No",""
"97-29-47-65","Sugar and sweets- sugar, honey, sweets, desserts",7,"No","No","No","No","Yes","No","No","No","No","No",""
"97-29-47-65","Miscellaneous- tea, coffee, beverages, condiments, spices",7,"No","No","No","No","Yes","No","No","No","No","No",""
"74-85-56-04","Cereals- rice, maize, chapatti, wheat, sorghum, bread, etc",7,"Yes","No","No","No","Yes","No","No","No","No","No",""
"74-85-56-04","Vegetables- spinach, pumpkin, cabbage, tomato, onion",2,"No","No","No","No","Yes","No","No","No","No","No",""
"74-85-56-04","Fruits- orange, mango, guava, rice paw paw/papaya, pineapple, etc",2,"No","No","No","No","Yes","No","No","No","No","No",""
"74-85-56-04","Pulses, legumes, nuts, seeds",3,"No","No","No","No","Yes","No","No","No","No","No",""
"74-85-56-04","Oil/fats- oil, fat, butter, ghee, etc",7,"No","No","No","No","Yes","No","No","No","No","No",""
"74-85-56-04","Sugar and sweets- sugar, honey, sweets, desserts",7,"No","No","No","No","Yes","No","No","No","No","No",""
"74-85-56-04","Miscellaneous- tea, coffee, beverages, condiments, spices",7,"Yes","No","No","No","No","No","No","No","No","No",""
"50-63-58-49","Cereals- rice, maize, chapatti, wheat, sorghum, bread, etc",7,"Yes","No","No","No","Yes","No","No","No","No","No",""
"50-63-58-49","Roots and tubers- potato, sweet potato, cassava, arrow roots, cooking banana",7,"No","No","No","No","Yes","No","No","No","No","No",""
"50-63-58-49","Vegetables- spinach, pumpkin, cabbage, tomato, onion",7,"No","No","No","No","Yes","No","No","No","No","No",""
"50-63-58-49","Fruits- orange, mango, guava, rice paw paw/papaya, pineapple, etc",2,"No","No","No","No","Yes","No","No","No","No","No",""
"50-63-58-49","Fish and seafood (dried or fresh)- sardines, dagaa/omena",2,"No","No","No","No","Yes","No","No","No","No","No",""
"50-63-58-49","Oil/fats- oil, fat, butter, ghee, etc",7,"No","No","No","No","Yes","No","No","No","No","No",""
"50-63-58-49","Sugar and sweets- sugar, honey, sweets, desserts",6,"No","No","No","No","Yes","No","No","No","No","No",""
"37-89-69-52","Cereals- rice, maize, chapatti, wheat, sorghum, bread, etc",7,"Yes","No","No","No","No","No","No","No","No","No",""
"37-89-69-52","Roots and tubers- potato, sweet potato, cassava, arrow roots, cooking banana",3,"Yes","No","No","No","Yes","No","No","No","No","No",""
"37-89-69-52","Vegetables- spinach, pumpkin, cabbage, tomato, onion",7,"No","No","No","No","Yes","No","No","No","No","No",""
"37-89-69-52","Meat, poultry, organ meat- goat, sheep, cow, chicken, liver, kidney, intestines",2,"No","No","No","No","Yes","No","No","No","No","No",""
"37-89-69-52","Eggs",5,"Yes","No","No","No","No","No","No","No","No","No",""
"37-89-69-52","Fish and seafood (dried or fresh)- sardines, dagaa/omena",2,"No","No","No","No","Yes","No","No","No","No","No",""
"37-89-69-52","Milk and milk products- fresh, powdered, yogurt, cheese, etc",1,"No","No","No","No","Yes","No","No","No","No","No",""
"37-89-69-52","Oil/fats- oil, fat, butter, ghee, etc",7,"No","No","No","No","Yes","No","No","No","No","No",""
"37-89-69-52","Sugar and sweets- sugar, honey, sweets, desserts",5,"No","No","No","No","Yes","No","No","Yes","No","No",""
"37-89-69-52","Miscellaneous- tea, coffee, beverages, condiments, spices",5,"No","No","No","No","Yes","No","No","No","No","No",""
"29-36-47-57","Cereals- rice, maize, chapatti, wheat, sorghum, bread, etc",7,"No","No","No","No","Yes","No","No","No","No","No",""
"29-36-47-57","Roots and tubers- potato, sweet potato, cassava, arrow roots, cooking banana",2,"No","No","No","No","No","No","No","Yes","No","No",""
"29-36-47-57","Vegetables- spinach, pumpkin, cabbage, tomato, onion",7,"Yes","No","No","No","No","No","No","No","No","No",""
"29-36-47-57","Fruits- orange, mango, guava, rice paw paw/papaya, pineapple, etc",2,"No","No","No","No","Yes","No","No","No","No","No",""
"29-36-47-57","Fish and seafood (dried or fresh)- sardines, dagaa/omena",1,"No","No","No","No","Yes","No","No","No","No","No",""
"29-36-47-57","Milk and milk products- fresh, powdered, yogurt, cheese, etc",1,"No","No","No","No","Yes","No","No","No","No","No",""
"29-36-47-57","Oil/fats- oil, fat, butter, ghee, etc",3,"No","No","No","No","Yes","No","No","No","No","No",""
"96-44-22-62","Cereals- rice, maize, chapatti, wheat, sorghum, bread, etc",7,"Yes","No","No","No","Yes","No","No","No","No","No",""
"96-44-22-62","Roots and tubers- potato, sweet potato, cassava, arrow roots, cooking banana",5,"Yes","No","No","No","Yes","No","No","No","No","No",""
"96-44-22-62","Vegetables- spinach, pumpkin, cabbage, tomato, onion",7,"No","No","No","No","Yes","No","No","No","No","No",""
"96-44-22-62","Fruits- orange, mango, guava, rice paw paw/papaya, pineapple, etc",7,"No","No","No","No","Yes","No","No","Yes","No","No",""
"96-44-22-62","Meat, poultry, organ meat- goat, sheep, cow, chicken, liver, kidney, intestines",1,"No","No","No","No","Yes","No","No","No","No","No",""
"96-44-22-62","Eggs",3,"No","No","No","No","Yes","No","No","No","No","No",""
"96-44-22-62","Fish and seafood (dried or fresh)- sardines, dagaa/omena",3,"No","No","No","No","Yes","No","No","No","No","No",""
"96-44-22-62","Milk and milk products- fresh, powdered, yogurt, cheese, etc",1,"No","No","No","No","Yes","No","No","No","No","No",""
"96-44-22-62","Oil/fats- oil, fat, butter, ghee, etc",7,"No","No","No","No","Yes","No","No","No","No","No",""
"96-44-22-62","Sugar and sweets- sugar, honey, sweets, desserts",3,"Yes","No","No","No","Yes","No","No","No","No","No",""
"02-51-86-61","Cereals- rice, maize, chapatti, wheat, sorghum, bread, etc",7,"Yes","No","No","No","Yes","No","No","No","No","No",""
"02-51-86-61","Roots and tubers- potato, sweet potato, cassava, arrow roots, cooking banana",3,"No","No","No","No","Yes","No","No","No","No","No",""
"02-51-86-61","Vegetables- spinach, pumpkin, cabbage, tomato, onion",4,"No","No","No","No","Yes","No","No","No","No","No",""
"02-51-86-61","Fruits- orange, mango, guava, rice paw paw/papaya, pineapple, etc",4,"No","No","No","No","Yes","No","No","No","No","No",""
"02-51-86-61","Eggs",5,"No","No","No","No","Yes","No","No","No","No","No",""
"02-51-86-61","Fish and seafood (dried or fresh)- sardines, dagaa/omena",2,"No","No","No","No","Yes","No","No","No","No","No",""
"02-51-86-61","Oil/fats- oil, fat, butter, ghee, etc",7,"No","No","No","No","Yes","No","No","No","No","No",""
"02-51-86-61","Sugar and sweets- sugar, honey, sweets, desserts",7,"No","No","No","No","Yes","No","No","No","No","No",""
"18-39-49-03","Cereals- rice, maize, chapatti, wheat, sorghum, bread, etc",7,"Yes","No","No","No","Yes","No","No","No","No","No",""
"18-39-49-03","Roots and tubers- potato, sweet potato, cassava, arrow roots, cooking banana",2,"No","No","No","No","Yes","No","No","No","No","No",""
"18-39-49-03","Vegetables- spinach, pumpkin, cabbage, tomato, onion",5,"No","No","No","No","Yes","No","No","No","No","No",""
"18-39-49-03","Meat, poultry, organ meat- goat, sheep, cow, chicken, liver, kidney, intestines",1,"No","No","No","No","Yes","No","No","No","No","No",""
"18-39-49-03","Fish and seafood (dried or fresh)- sardines, dagaa/omena",3,"No","No","No","No","Yes","No","No","No","No","No",""
"18-39-49-03","Oil/fats- oil, fat, butter, ghee, etc",7,"Yes","No","No","No","No","No","No","No","No","No",""
"18-39-49-03","Sugar and sweets- sugar, honey, sweets, desserts",4,"No","No","No","No","Yes","No","No","No","No","No",""
"64-03-84-99","Cereals- rice, maize, chapatti, wheat, sorghum, bread, etc",7,"Yes","No","No","No","No","No","No","No","No","No",""
"64-03-84-99","Vegetables- spinach, pumpkin, cabbage, tomato, onion",6,"No","No","No","No","Yes","No","No","No","No","No",""
"64-03-84-99","Fruits- orange, mango, guava, rice paw paw/papaya, pineapple, etc",4,"No","No","Yes","No","Yes","No","No","No","No","No",""
"64-03-84-99","Eggs",2,"No","No","No","No","Yes","No","No","No","No","No",""
"64-03-84-99","Fish and seafood (dried or fresh)- sardines, dagaa/omena",3,"No","No","No","No","Yes","No","No","No","No","No",""
"64-03-84-99","Milk and milk products- fresh, powdered, yogurt, cheese, etc",1,"No","No","No","No","Yes","No","No","No","No","No",""
"64-03-84-99","Oil/fats- oil, fat, butter, ghee, etc",7,"Yes","No","No","No","No","No","No","No","No","No",""
"49-82-95-52","Cereals- rice, maize, chapatti, wheat, sorghum, bread, etc",7,"Yes","No","No","No","Yes","No","No","No","No","No",""
"49-82-95-52","Vegetables- spinach, pumpkin, cabbage, tomato, onion",3,"No","No","No","No","Yes","No","No","No","No","No",""
"49-82-95-52","Fruits- orange, mango, guava, rice paw paw/papaya, pineapple, etc",7,"No","No","No","No","No","No","No","Yes","No","No",""
"49-82-95-52","Meat, poultry, organ meat- goat, sheep, cow, chicken, liver, kidney, intestines",2,"No","No","No","No","Yes","No","No","No","No","No",""
"49-82-95-52","Eggs",3,"Yes","No","No","No","No","No","No","No","No","No",""
"49-82-95-52","Fish and seafood (dried or fresh)- sardines, dagaa/omena",4,"No","No","No","No","Yes","No","No","No","No","No",""
"49-82-95-52","Pulses, legumes, nuts, seeds",2,"No","No","No","No","Yes","No","No","No","No","No",""
"49-82-95-52","Oil/fats- oil, fat, butter, ghee, etc",7,"No","No","No","No","Yes","No","No","No","No","No",""
"49-82-95-52","Sugar and sweets- sugar, honey, sweets, desserts",7,"No","No","No","No","Yes","No","No","No","No","No",""
"49-82-95-52","Miscellaneous- tea, coffee, beverages, condiments, spices",7,"No","No","No","No","Yes","No","No","No","No","No",""
"59-52-11-34","Cereals- rice, maize, chapatti, wheat, sorghum, bread, etc",7,"No","No","No","No","Yes","No","No","No","No","No",""
"59-52-11-34","Roots and tubers- potato, sweet potato, cassava, arrow roots, cooking banana",7,"Yes","No","No","No","No","No","No","No","No","No",""
"59-52-11-34","Vegetables- spinach, pumpkin, cabbage, tomato, onion",7,"Yes","No","No","No","No","No","No","No","No","No",""
"59-52-11-34","Meat, poultry, organ meat- goat, sheep, cow, chicken, liver, kidney, intestines",1,"No","No","No","No","Yes","No","No","No","No","No",""
"59-52-11-34","Pulses, legumes, nuts, seeds",3,"No","No","No","No","Yes","No","No","No","No","No",""
"59-52-11-34","Oil/fats- oil, fat, butter, ghee, etc",7,"Yes","No","No","No","No","No","No","No","No","No",""
"59-52-11-34","Sugar and sweets- sugar, honey, sweets, desserts",7,"No","No","No","No","Yes","No","No","No","No","No",""
"59-52-11-34","Miscellaneous- tea, coffee, beverages, condiments, spices",7,"Yes","No","No","No","No","No","No","No","No","No",""
"59-43-90-91","Cereals- rice, maize, chapatti, wheat, sorghum, bread, etc",7,"No","No","No","No","Yes","No","No","No","No","No",""
"59-43-90-91","Roots and tubers- potato, sweet potato, cassava, arrow roots, cooking banana",1,"No","No","No","No","No","No","No","Yes","No","No",""
"59-43-90-91","Vegetables- spinach, pumpkin, cabbage, tomato, onion",7,"No","No","No","No","Yes","No","No","No","No","No",""
"59-43-90-91","Fruits- orange, mango, guava, rice paw paw/papaya, pineapple, etc",7,"No","No","No","No","Yes","No","No","No","No","No",""
"30-40-96-29","Cereals- rice, maize, chapatti, wheat, sorghum, bread, etc",7,"No","No","No","No","Yes","No","No","No","No","No",""
"30-40-96-29","Roots and tubers- potato, sweet potato, cassava, arrow roots, cooking banana",2,"No","No","No","No","Yes","No","No","No","No","No",""
"30-40-96-29","Vegetables- spinach, pumpkin, cabbage, tomato, onion",3,"No","No","No","No","Yes","No","No","No","No","No",""
"30-40-96-29","Fruits- orange, mango, guava, rice paw paw/papaya, pineapple, etc",7,"Yes","No","No","No","No","No","No","No","No","No",""
"30-40-96-29","Meat, poultry, organ meat- goat, sheep, cow, chicken, liver, kidney, intestines",2,"No","No","No","No","Yes","No","No","No","No","No",""
"30-40-96-29","Fish and seafood (dried or fresh)- sardines, dagaa/omena",2,"No","No","No","No","Yes","No","No","No","No","No",""
"30-40-96-29","Pulses, legumes, nuts, seeds",2,"No","No","No","No","Yes","No","No","No","No","No",""
"30-40-96-29","Oil/fats- oil, fat, butter, ghee, etc",7,"No","No","No","No","Yes","No","No","No","No","No",""
"30-40-96-29","Sugar and sweets- sugar, honey, sweets, desserts",7,"No","No","No","No","Yes","No","No","No","No","No",""
"30-40-96-29","Miscellaneous- tea, coffee, beverages, condiments, spices",7,"Yes","No","No","No","No","No","No","No","No","No",""
"57-67-24-08","Cereals- rice, maize, chapatti, wheat, sorghum, bread, etc",7,"Yes","No","No","No","Yes","No","No","No","No","No",""
"57-67-24-08","Roots and tubers- potato, sweet potato, cassava, arrow roots, cooking banana",2,"No","No","No","No","Yes","No","No","No","No","No",""
"57-67-24-08","Vegetables- spinach, pumpkin, cabbage, tomato, onion",7,"No","No","No","No","Yes","No","No","No","No","No",""
"57-67-24-08","Fruits- orange, mango, guava, rice paw paw/papaya, pineapple, etc",2,"No","No","No","No","Yes","No","No","No","No","No",""
"57-67-24-08","Fish and seafood (dried or fresh)- sardines, dagaa/omena",3,"No","No","No","No","Yes","No","No","No","No","No",""
"57-67-24-08","Pulses, legumes, nuts, seeds",4,"No","No","No","No","Yes","No","No","No","No","No",""
"57-67-24-08","Oil/fats- oil, fat, butter, ghee, etc",7,"No","No","No","No","Yes","No","No","No","No","No",""
"57-67-24-08","Sugar and sweets- sugar, honey, sweets, desserts",5,"No","No","No","No","Yes","No","No","No","No","No",""
"51-50-93-36","Cereals- rice, maize, chapatti, wheat, sorghum, bread, etc",7,"Yes","No","No","No","No","No","No","No","No","No",""
"51-50-93-36","Roots and tubers- potato, sweet potato, cassava, arrow roots, cooking banana",4,"No","No","No","No","Yes","No","No","No","No","No",""
"51-50-93-36","Vegetables- spinach, pumpkin, cabbage, tomato, onion",7,"Yes","No","No","No","Yes","No","No","No","No","No",""
"51-50-93-36","Meat, poultry, organ meat- goat, sheep, cow, chicken, liver, kidney, intestines",1,"No","No","No","No","Yes","No","No","No","No","No",""
"51-50-93-36","Fish and seafood (dried or fresh)- sardines, dagaa/omena",2,"No","No","No","No","Yes","No","No","No","No","No",""
"51-50-93-36","Oil/fats- oil, fat, butter, ghee, etc",7,"No","No","No","No","Yes","No","No","No","No","No",""
"90-76-57-66","Cereals- rice, maize, chapatti, wheat, sorghum, bread, etc",7,"Yes","No","No","No","No","No","No","No","No","No",""
"90-76-57-66","Roots and tubers- potato, sweet potato, cassava, arrow roots, cooking banana",2,"No","No","No","No","Yes","No","No","No","No","No",""
"90-76-57-66","Vegetables- spinach, pumpkin, cabbage, tomato, onion",5,"No","No","No","No","Yes","No","No","No","No","No",""
"90-76-57-66","Fish and seafood (dried or fresh)- sardines, dagaa/omena",3,"No","No","No","No","Yes","No","No","No","No","No",""
"90-76-57-66","Oil/fats- oil, fat, butter, ghee, etc",7,"No","No","No","No","Yes","No","No","No","No","No",""
"90-76-57-66","Sugar and sweets- sugar, honey, sweets, desserts",7,"No","No","No","No","Yes","No","No","No","No","No",""
"90-76-57-66","Miscellaneous- tea, coffee, beverages, condiments, spices",4,"No","No","No","No","Yes","No","No","No","No","No",""
"69-63-24-75","Cereals- rice, maize, chapatti, wheat, sorghum, bread, etc",7,"Yes","No","No","No","Yes","No","No","No","No","No",""
"69-63-24-75","Vegetables- spinach, pumpkin, cabbage, tomato, onion",2,"No","No","No","No","Yes","No","No","No","No","No",""
"69-63-24-75","Meat, poultry, organ meat- goat, sheep, cow, chicken, liver, kidney, intestines",1,"No","No","No","No","Yes","No","No","No","No","No",""
"69-63-24-75","Fish and seafood (dried or fresh)- sardines, dagaa/omena",2,"No","No","No","No","Yes","No","No","No","No","No",""
"69-63-24-75","Pulses, legumes, nuts, seeds",7,"No","No","No","No","Yes","No","No","No","No","No",""
"69-63-24-75","Oil/fats- oil, fat, butter, ghee, etc",7,"No","No","No","No","Yes","No","No","No","No","No",""
"98-67-98-63","Cereals- rice, maize, chapatti, wheat, sorghum, bread, etc",7,"Yes","No","No","No","Yes","No","No","No","No","No",""
"98-67-98-63","Roots and tubers- potato, sweet potato, cassava, arrow roots, cooking banana",1,"No","No","No","No","Yes","No","No","No","No","No",""
"98-67-98-63","Vegetables- spinach, pumpkin, cabbage, tomato, onion",7,"No","No","No","No","Yes","No","No","No","No","No",""
"98-67-98-63","Fruits- orange, mango, guava, rice paw paw/papaya, pineapple, etc",7,"Yes","No","No","No","Yes","No","No","No","No","No",""
"98-67-98-63","Fish and seafood (dried or fresh)- sardines, dagaa/omena",1,"No","No","No","No","Yes","No","No","No","No","No",""
"98-67-98-63","Pulses, legumes, nuts, seeds",1,"No","No","No","No","Yes","No","No","No","No","No",""
"98-67-98-63","Oil/fats- oil, fat, butter, ghee, etc",7,"No","No","No","No","Yes","No","No","No","No","No",""
"98-67-98-63","Sugar and sweets- sugar, honey, sweets, desserts",7,"No","No","No","No","Yes","No","No","No","No","No",""
"98-67-98-63","Miscellaneous- tea, coffee, beverages, condiments, spices",7,"No","No","No","No","Yes","No","No","No","No","No",""
"27-72-61-17","Cereals- rice, maize, chapatti, wheat, sorghum, bread, etc",7,"No","No","No","No","Yes","No","No","No","No","No",""
"27-72-61-17","Roots and tubers- potato, sweet potato, cassava, arrow roots, cooking banana",4,"No","No","No","No","Yes","No","No","No","No","No",""
"27-72-61-17","Vegetables- spinach, pumpkin, cabbage, tomato, onion",6,"No","No","No","No","Yes","No","No","No","No","No",""
"27-72-61-17","Meat, poultry, organ meat- goat, sheep, cow, chicken, liver, kidney, intestines",2,"No","No","No","No","Yes","No","No","No","No","No",""
"27-72-61-17","Fish and seafood (dried or fresh)- sardines, dagaa/omena",3,"No","No","No","No","Yes","No","No","No","No","No",""
"27-72-61-17","Pulses, legumes, nuts, seeds",6,"No","No","No","No","Yes","No","No","No","No","No",""
"27-72-61-17","Oil/fats- oil, fat, butter, ghee, etc",7,"No","No","No","No","Yes","No","No","No","No","No",""
"27-72-61-17","Sugar and sweets- sugar, honey, sweets, desserts",7,"No","No","No","No","Yes","No","No","No","No","No",""
"27-72-61-17","Miscellaneous- tea, coffee, beverages, condiments, spices",7,"No","No","No","No","Yes","No","No","No","No","No",""
"37-84-88-65","Cereals- rice, maize, chapatti, wheat, sorghum, bread, etc",7,"No","No","No","No","Yes","No","No","No","No","No",""
"37-84-88-65","Roots and tubers- potato, sweet potato, cassava, arrow roots, cooking banana",3,"No","No","No","No","Yes","No","No","No","No","No",""
"37-84-88-65","Vegetables- spinach, pumpkin, cabbage, tomato, onion",6,"No","No","No","No","Yes","No","No","No","No","No",""
"37-84-88-65","Fruits- orange, mango, guava, rice paw paw/papaya, pineapple, etc",2,"No","No","No","No","Yes","No","No","No","No","No",""
"37-84-88-65","Fish and seafood (dried or fresh)- sardines, dagaa/omena",2,"No","No","No","No","Yes","No","No","No","No","No",""
"37-84-88-65","Pulses, legumes, nuts, seeds",4,"No","No","No","No","Yes","No","No","No","No","No",""
"37-84-88-65","Sugar and sweets- sugar, honey, sweets, desserts",1,"No","No","No","No","Yes","No","No","No","No","No",""
"37-84-88-65","Miscellaneous- tea, coffee, beverages, condiments, spices",1,"No","No","No","No","Yes","No","No","No","No","No",""
"14-81-03-80","Cereals- rice, maize, chapatti, wheat, sorghum, bread, etc",7,"No","No","No","No","Yes","No","No","No","No","No",""
"14-81-03-80","Roots and tubers- potato, sweet potato, cassava, arrow roots, cooking banana",2,"No","No","No","No","Yes","No","No","No","No","No",""
"14-81-03-80","Vegetables- spinach, pumpkin, cabbage, tomato, onion",1,"No","No","No","No","Yes","No","No","No","No","No",""
"14-81-03-80","Fruits- orange, mango, guava, rice paw paw/papaya, pineapple, etc",5,"No","No","No","No","Yes","No","No","No","No","No",""
"14-81-03-80","Fish and seafood (dried or fresh)- sardines, dagaa/omena",1,"No","No","No","No","Yes","No","No","No","No","No",""
"14-81-03-80","Pulses, legumes, nuts, seeds",3,"No","No","No","No","Yes","No","No","No","No","No",""
"53-19-96-03","Cereals- rice, maize, chapatti, wheat, sorghum, bread, etc",7,"Yes","No","No","No","Yes","No","No","No","No","No",""
"53-19-96-03","Roots and tubers- potato, sweet potato, cassava, arrow roots, cooking banana",7,"Yes","No","No","No","No","No","No","No","No","No",""
"53-19-96-03","Vegetables- spinach, pumpkin, cabbage, tomato, onion",7,"Yes","No","No","No","Yes","No","No","No","No","No",""
"53-19-96-03","Fruits- orange, mango, guava, rice paw paw/papaya, pineapple, etc",7,"Yes","No","No","No","No","No","No","No","No","No",""
"53-19-96-03","Fish and seafood (dried or fresh)- sardines, dagaa/omena",4,"No","No","No","No","Yes","No","No","No","No","No",""
"53-19-96-03","Pulses, legumes, nuts, seeds",3,"No","No","No","No","Yes","No","No","No","No","No",""
"53-19-96-03","Oil/fats- oil, fat, butter, ghee, etc",7,"No","No","No","No","Yes","No","No","No","No","No",""
"53-19-96-03","Sugar and sweets- sugar, honey, sweets, desserts",7,"No","No","No","No","Yes","No","No","No","No","No",""
"53-19-96-03","Miscellaneous- tea, coffee, beverages, condiments, spices",7,"Yes","No","No","No","Yes","No","No","No","No","No",""
"83-97-00-24","Cereals- rice, maize, chapatti, wheat, sorghum, bread, etc",7,"Yes","No","No","No","Yes","No","No","No","No","No",""
"83-97-00-24","Roots and tubers- potato, sweet potato, cassava, arrow roots, cooking banana",2,"No","No","No","No","No","No","No","Yes","No","No",""
"83-97-00-24","Vegetables- spinach, pumpkin, cabbage, tomato, onion",5,"No","No","No","No","Yes","No","No","No","No","No",""
"83-97-00-24","Fish and seafood (dried or fresh)- sardines, dagaa/omena",1,"No","No","No","No","Yes","No","No","No","No","No",""
"83-97-00-24","Pulses, legumes, nuts, seeds",3,"No","No","No","No","Yes","No","No","No","No","No",""
"83-97-00-24","Oil/fats- oil, fat, butter, ghee, etc",7,"No","No","No","No","Yes","No","No","No","No","No",""
"46-19-90-07","Cereals- rice, maize, chapatti, wheat, sorghum, bread, etc",7,"Yes","No","No","No","Yes","No","No","No","No","No",""
"46-19-90-07","Vegetables- spinach, pumpkin, cabbage, tomato, onion",7,"No","No","No","No","Yes","No","No","No","No","No",""
"46-19-90-07","Fruits- orange, mango, guava, rice paw paw/papaya, pineapple, etc",5,"No","No","No","No","Yes","No","No","No","No","No",""
"46-19-90-07","Meat, poultry, organ meat- goat, sheep, cow, chicken, liver, kidney, intestines",2,"No","No","No","No","Yes","No","No","No","No","No",""
"46-19-90-07","Oil/fats- oil, fat, butter, ghee, etc",7,"No","No","No","No","Yes","No","No","No","No","No",""
"46-19-90-07","Sugar and sweets- sugar, honey, sweets, desserts",7,"No","No","No","No","Yes","No","No","No","No","No",""
"46-19-90-07","Miscellaneous- tea, coffee, beverages, condiments, spices",7,"No","No","No","No","Yes","No","No","No","No","No",""
"92-29-31-08","Cereals- rice, maize, chapatti, wheat, sorghum, bread, etc",7,"Yes","No","No","No","No","No","No","No","No","No",""
"92-29-31-08","Roots and tubers- potato, sweet potato, cassava, arrow roots, cooking banana",3,"No","No","No","No","Yes","No","No","No","No","No",""
"92-29-31-08","Vegetables- spinach, pumpkin, cabbage, tomato, onion",5,"No","No","No","No","Yes","No","No","No","No","No",""
"92-29-31-08","Fruits- orange, mango, guava, rice paw paw/papaya, pineapple, etc",6,"Yes","No","Yes","No","No","No","No","Yes","No","No",""
"92-29-31-08","Meat, poultry, organ meat- goat, sheep, cow, chicken, liver, kidney, intestines",1,"No","No","No","No","Yes","No","No","No","No","No",""
"92-29-31-08","Fish and seafood (dried or fresh)- sardines, dagaa/omena",2,"No","No","No","No","Yes","No","No","No","No","No",""
"92-29-31-08","Pulses, legumes, nuts, seeds",1,"No","No","No","No","Yes","No","No","No","No","No",""
"92-29-31-08","Oil/fats- oil, fat, butter, ghee, etc",7,"No","No","No","No","Yes","No","No","No","No","No",""
"92-29-31-08","Sugar and sweets- sugar, honey, sweets, desserts",4,"No","No","No","No","Yes","No","No","No","No","No",""
"17-42-40-28","Cereals- rice, maize, chapatti, wheat, sorghum, bread, etc",7,"No","No","No","No","Yes","No","No","No","No","No",""
"17-42-40-28","Roots and tubers- potato, sweet potato, cassava, arrow roots, cooking banana",6,"No","No","No","No","Yes","No","No","No","No","No",""
"17-42-40-28","Vegetables- spinach, pumpkin, cabbage, tomato, onion",7,"Yes","No","No","No","Yes","No","No","No","No","No",""
"17-42-40-28","Fish and seafood (dried or fresh)- sardines, dagaa/omena",3,"No","No","No","No","Yes","No","No","No","No","No",""
"17-42-40-28","Oil/fats- oil, fat, butter, ghee, etc",7,"No","No","No","No","Yes","No","No","No","No","No",""
"45-79-64-22","Cereals- rice, maize, chapatti, wheat, sorghum, bread, etc",7,"No","No","No","No","Yes","No","No","No","No","No",""
"45-79-64-22","Roots and tubers- potato, sweet potato, cassava, arrow roots, cooking banana",3,"No","No","No","No","Yes","No","No","No","No","No",""
"45-79-64-22","Vegetables- spinach, pumpkin, cabbage, tomato, onion",3,"No","No","No","No","Yes","No","No","No","No","No",""
"45-79-64-22","Fruits- orange, mango, guava, rice paw paw/papaya, pineapple, etc",1,"No","No","No","No","Yes","No","No","No","No","No",""
"45-79-64-22","Fish and seafood (dried or fresh)- sardines, dagaa/omena",4,"No","No","No","No","Yes","No","No","No","No","No",""
"45-79-64-22","Oil/fats- oil, fat, butter, ghee, etc",4,"No","No","No","No","Yes","No","No","No","No","No",""
"13-96-72-87","Cereals- rice, maize, chapatti, wheat, sorghum, bread, etc",7,"Yes","No","No","No","Yes","No","No","No","No","No",""
"13-96-72-87","Roots and tubers- potato, sweet potato, cassava, arrow roots, cooking banana",4,"No","No","No","No","Yes","No","No","No","No","No",""
"13-96-72-87","Vegetables- spinach, pumpkin, cabbage, tomato, onion",5,"No","No","No","No","Yes","No","No","No","No","No",""
"13-96-72-87","Fruits- orange, mango, guava, rice paw paw/papaya, pineapple, etc",3,"No","No","No","No","Yes","No","No","No","No","No",""
"13-96-72-87","Meat, poultry, organ meat- goat, sheep, cow, chicken, liver, kidney, intestines",3,"No","No","No","No","Yes","No","No","No","No","No",""
"13-96-72-87","Fish and seafood (dried or fresh)- sardines, dagaa/omena",3,"No","No","No","No","Yes","No","No","No","No","No",""
"13-96-72-87","Pulses, legumes, nuts, seeds",3,"No","No","No","No","Yes","No","No","No","No","No",""
"13-96-72-87","Oil/fats- oil, fat, butter, ghee, etc",7,"No","No","No","No","Yes","No","No","No","No","No",""
"13-96-72-87","Sugar and sweets- sugar, honey, sweets, desserts",7,"No","No","No","No","Yes","No","No","No","No","No",""
"13-96-72-87","Miscellaneous- tea, coffee, beverages, condiments, spices",7,"No","No","No","No","Yes","No","No","No","No","No",""
"19-29-74-86","Cereals- rice, maize, chapatti, wheat, sorghum, bread, etc",7,"Yes","No","No","No","No","No","No","No","No","No",""
"19-29-74-86","Roots and tubers- potato, sweet potato, cassava, arrow roots, cooking banana",3,"No","No","No","No","Yes","No","No","No","No","No",""
"19-29-74-86","Vegetables- spinach, pumpkin, cabbage, tomato, onion",7,"Yes","No","No","No","Yes","No","No","No","No","No",""
"19-29-74-86","Fruits- orange, mango, guava, rice paw paw/papaya, pineapple, etc",5,"No","No","No","No","Yes","No","No","No","No","No",""
"19-29-74-86","Eggs",7,"No","No","No","No","Yes","No","No","No","No","No",""
"19-29-74-86","Fish and seafood (dried or fresh)- sardines, dagaa/omena",4,"No","No","No","No","Yes","No","No","No","No","No",""
"19-29-74-86","Pulses, legumes, nuts, seeds",1,"No","No","No","No","Yes","No","No","No","No","No",""
"19-29-74-86","Oil/fats- oil, fat, butter, ghee, etc",7,"No","No","No","No","Yes","No","No","No","No","No",""
"19-29-74-86","Sugar and sweets- sugar, honey, sweets, desserts",4,"No","No","No","No","Yes","No","No","No","No","No",""
"19-29-74-86","Miscellaneous- tea, coffee, beverages, condiments, spices",4,"No","No","No","No","Yes","No","No","No","No","No",""
"35-00-29-50","Cereals- rice, maize, chapatti, wheat, sorghum, bread, etc",7,"Yes","No","No","No","Yes","No","No","No","No","No",""
"35-00-29-50","Roots and tubers- potato, sweet potato, cassava, arrow roots, cooking banana",3,"Yes","No","No","No","Yes","No","No","No","No","No",""
"35-00-29-50","Vegetables- spinach, pumpkin, cabbage, tomato, onion",7,"Yes","No","No","No","Yes","No","No","No","No","No",""
"35-00-29-50","Fruits- orange, mango, guava, rice paw paw/papaya, pineapple, etc",7,"Yes","No","No","No","No","No","No","No","No","No",""
"35-00-29-50","Meat, poultry, organ meat- goat, sheep, cow, chicken, liver, kidney, intestines",3,"No","No","No","No","Yes","No","No","No","No","No",""
"35-00-29-50","Fish and seafood (dried or fresh)- sardines, dagaa/omena",2,"No","No","No","No","Yes","No","No","No","No","No",""
"35-00-29-50","Pulses, legumes, nuts, seeds",3,"No","No","No","No","Yes","No","No","No","No","No",""
"35-00-29-50","Oil/fats- oil, fat, butter, ghee, etc",7,"No","No","No","No","Yes","No","No","No","No","No",""
"35-00-29-50","Sugar and sweets- sugar, honey, sweets, desserts",3,"No","No","No","No","Yes","No","No","No","No","No",""
"35-00-29-50","Miscellaneous- tea, coffee, beverages, condiments, spices",3,"No","No","No","No","Yes","No","No","No","No","No",""
"59-86-12-12","Cereals- rice, maize, chapatti, wheat, sorghum, bread, etc",7,"Yes","No","No","No","Yes","No","No","No","No","No",""
"59-86-12-12","Roots and tubers- potato, sweet potato, cassava, arrow roots, cooking banana",1,"No","No","No","No","Yes","No","No","No","No","No",""
"59-86-12-12","Vegetables- spinach, pumpkin, cabbage, tomato, onion",7,"No","No","No","No","Yes","No","No","No","No","No",""
"59-86-12-12","Fruits- orange, mango, guava, rice paw paw/papaya, pineapple, etc",7,"No","No","No","No","No","No","No","Yes","No","No",""
"59-86-12-12","Meat, poultry, organ meat- goat, sheep, cow, chicken, liver, kidney, intestines",2,"No","No","No","No","Yes","No","No","No","No","No",""
"59-86-12-12","Fish and seafood (dried or fresh)- sardines, dagaa/omena",3,"No","No","No","No","Yes","No","No","No","No","No",""
"59-86-12-12","Oil/fats- oil, fat, butter, ghee, etc",7,"No","No","No","No","Yes","No","No","No","No","No",""
"59-86-12-12","Sugar and sweets- sugar, honey, sweets, desserts",7,"No","No","No","No","Yes","No","No","No","No","No",""
"59-86-12-12","Miscellaneous- tea, coffee, beverages, condiments, spices",7,"No","No","No","No","Yes","No","No","No","No","No",""
"76-11-26-21","Cereals- rice, maize, chapatti, wheat, sorghum, bread, etc",7,"Yes","No","No","No","No","No","No","No","No","No",""
"76-11-26-21","Vegetables- spinach, pumpkin, cabbage, tomato, onion",2,"No","No","No","No","Yes","No","No","No","No","No",""
"76-11-26-21","Fruits- orange, mango, guava, rice paw paw/papaya, pineapple, etc",2,"No","No","No","No","No","No","No","Yes","No","No",""
"76-11-26-21","Eggs",1,"Yes","No","No","No","No","No","No","No","No","No",""
"76-11-26-21","Fish and seafood (dried or fresh)- sardines, dagaa/omena",7,"No","Yes","No","No","No","No","No","No","No","No",""
"76-11-26-21","Oil/fats- oil, fat, butter, ghee, etc",7,"No","No","No","No","Yes","No","No","No","No","No",""
"62-32-74-83","Cereals- rice, maize, chapatti, wheat, sorghum, bread, etc",7,"Yes","No","No","No","No","No","No","No","No","No",""
"62-32-74-83","Roots and tubers- potato, sweet potato, cassava, arrow roots, cooking banana",1,"No","No","No","No","No","No","No","Yes","No","No",""
"62-32-74-83","Vegetables- spinach, pumpkin, cabbage, tomato, onion",7,"Yes","No","No","No","Yes","No","No","No","No","No",""
"62-32-74-83","Fish and seafood (dried or fresh)- sardines, dagaa/omena",6,"Yes","No","No","No","Yes","No","No","No","No","No",""
"38-96-93-13","Cereals- rice, maize, chapatti, wheat, sorghum, bread, etc",7,"No","No","No","No","No","No","No","Yes","No","No",""
"38-96-93-13","Roots and tubers- potato, sweet potato, cassava, arrow roots, cooking banana",2,"No","No","No","No","Yes","No","No","Yes","No","No",""
"38-96-93-13","Vegetables- spinach, pumpkin, cabbage, tomato, onion",4,"No","No","No","No","Yes","No","No","Yes","No","No",""
"38-96-93-13","Fruits- orange, mango, guava, rice paw paw/papaya, pineapple, etc",3,"Yes","No","No","No","No","No","No","Yes","No","No",""
"38-96-93-13","Fish and seafood (dried or fresh)- sardines, dagaa/omena",3,"No","No","No","No","No","No","No","Yes","No","No",""
"38-96-93-13","Pulses, legumes, nuts, seeds",2,"No","No","No","No","No","No","No","No","Yes","No",""
"38-96-93-13","Oil/fats- oil, fat, butter, ghee, etc",7,"No","No","No","No","No","No","No","Yes","No","No",""
"38-96-93-13","Sugar and sweets- sugar, honey, sweets, desserts",7,"No","No","No","No","No","No","No","Yes","No","No",""
"38-96-93-13","Miscellaneous- tea, coffee, beverages, condiments, spices",7,"No","No","No","No","Yes","No","No","Yes","No","No",""
"29-68-16-29","Cereals- rice, maize, chapatti, wheat, sorghum, bread, etc",7,"Yes","No","No","No","Yes","No","No","No","No","No",""
"29-68-16-29","Vegetables- spinach, pumpkin, cabbage, tomato, onion",4,"Yes","No","No","No","Yes","No","No","No","No","No",""
"29-68-16-29","Fruits- orange, mango, guava, rice paw paw/papaya, pineapple, etc",2,"No","No","No","No","Yes","No","No","No","No","No",""
"29-68-16-29","Meat, poultry, organ meat- goat, sheep, cow, chicken, liver, kidney, intestines",3,"No","No","No","No","Yes","No","No","No","No","No",""
"29-68-16-29","Fish and seafood (dried or fresh)- sardines, dagaa/omena",1,"No","No","No","No","Yes","No","No","No","No","No",""
"29-68-16-29","Oil/fats- oil, fat, butter, ghee, etc",7,"No","No","No","No","Yes","No","No","No","No","No",""
"81-19-19-51","Cereals- rice, maize, chapatti, wheat, sorghum, bread, etc",7,"Yes","No","No","No","No","No","No","No","No","No",""
"81-19-19-51","Vegetables- spinach, pumpkin, cabbage, tomato, onion",3,"Yes","No","No","No","Yes","No","No","No","No","No",""
"81-19-19-51","Fruits- orange, mango, guava, rice paw paw/papaya, pineapple, etc",1,"No","No","No","No","Yes","No","No","No","No","No",""
"81-19-19-51","Eggs",1,"Yes","No","No","No","No","No","No","No","No","No",""
"81-19-19-51","Fish and seafood (dried or fresh)- sardines, dagaa/omena",4,"No","No","No","No","Yes","No","No","No","No","No",""
"81-19-19-51","Pulses, legumes, nuts, seeds",2,"Yes","No","No","No","Yes","No","No","No","No","No",""
"81-19-19-51","Oil/fats- oil, fat, butter, ghee, etc",7,"Yes","No","No","No","No","No","No","No","No","No",""
"81-19-19-51","Sugar and sweets- sugar, honey, sweets, desserts",2,"No","No","No","No","Yes","No","No","No","No","No",""
"81-19-19-51","Miscellaneous- tea, coffee, beverages, condiments, spices",5,"Yes","No","No","No","No","No","No","No","No","No",""
"66-94-31-99","Cereals- rice, maize, chapatti, wheat, sorghum, bread, etc",7,"Yes","No","No","No","Yes","No","No","No","No","No",""
"66-94-31-99","Roots and tubers- potato, sweet potato, cassava, arrow roots, cooking banana",1,"No","No","No","No","Yes","No","No","No","No","No",""
"66-94-31-99","Vegetables- spinach, pumpkin, cabbage, tomato, onion",5,"No","No","No","No","Yes","No","No","No","No","No",""
"66-94-31-99","Fruits- orange, mango, guava, rice paw paw/papaya, pineapple, etc",7,"Yes","No","No","No","No","No","No","No","No","No",""
"66-94-31-99","Fish and seafood (dried or fresh)- sardines, dagaa/omena",3,"No","No","No","No","Yes","No","No","No","No","No",""
"66-94-31-99","Pulses, legumes, nuts, seeds",2,"No","No","No","No","Yes","No","No","No","No","No",""
"66-94-31-99","Oil/fats- oil, fat, butter, ghee, etc",7,"No","No","No","No","Yes","No","No","No","No","No",""
"66-94-31-99","Sugar and sweets- sugar, honey, sweets, desserts",5,"No","No","No","No","Yes","No","No","No","No","No",""
"66-94-31-99","Miscellaneous- tea, coffee, beverages, condiments, spices",5,"No","No","No","No","Yes","No","No","No","No","No",""
"49-37-92-04","Cereals- rice, maize, chapatti, wheat, sorghum, bread, etc",7,"Yes","No","No","No","No","No","No","No","No","No",""
"49-37-92-04","Roots and tubers- potato, sweet potato, cassava, arrow roots, cooking banana",3,"Yes","No","No","No","No","No","No","No","No","No",""
"49-37-92-04","Vegetables- spinach, pumpkin, cabbage, tomato, onion",7,"No","No","No","No","Yes","No","No","No","No","No",""
"49-37-92-04","Fruits- orange, mango, guava, rice paw paw/papaya, pineapple, etc",2,"Yes","No","No","No","No","No","No","No","No","No",""
"49-37-92-04","Eggs",1,"Yes","No","No","No","No","No","No","No","No","No",""
"49-37-92-04","Fish and seafood (dried or fresh)- sardines, dagaa/omena",5,"No","No","No","No","No","No","Yes","No","No","No",""
"49-37-92-04","Oil/fats- oil, fat, butter, ghee, etc",7,"Yes","No","No","No","No","No","No","No","No","No",""
"49-37-92-04","Sugar and sweets- sugar, honey, sweets, desserts",7,"No","No","No","No","Yes","No","No","No","No","No",""
"21-55-58-12","Cereals- rice, maize, chapatti, wheat, sorghum, bread, etc",7,"Yes","No","No","No","Yes","No","No","No","No","No",""
"21-55-58-12","Roots and tubers- potato, sweet potato, cassava, arrow roots, cooking banana",2,"No","No","No","No","No","No","No","Yes","No","No",""
"21-55-58-12","Vegetables- spinach, pumpkin, cabbage, tomato, onion",4,"No","No","No","No","Yes","No","No","No","No","No",""
"21-55-58-12","Fruits- orange, mango, guava, rice paw paw/papaya, pineapple, etc",7,"No","No","No","No","Yes","No","No","Yes","No","No",""
"21-55-58-12","Meat, poultry, organ meat- goat, sheep, cow, chicken, liver, kidney, intestines",2,"No","No","No","No","Yes","No","No","No","No","No",""
"21-55-58-12","Fish and seafood (dried or fresh)- sardines, dagaa/omena",2,"No","No","No","No","Yes","No","No","No","No","No",""
"21-55-58-12","Oil/fats- oil, fat, butter, ghee, etc",7,"No","No","No","No","Yes","No","No","No","No","No",""
"21-55-58-12","Sugar and sweets- sugar, honey, sweets, desserts",7,"No","No","No","No","Yes","No","No","No","No","No",""
"21-55-58-12","Miscellaneous- tea, coffee, beverages, condiments, spices",7,"No","No","No","No","Yes","No","No","No","No","No",""
"12-96-07-43","Cereals- rice, maize, chapatti, wheat, sorghum, bread, etc",7,"Yes","No","No","No","Yes","No","No","No","No","No",""
"12-96-07-43","Roots and tubers- potato, sweet potato, cassava, arrow roots, cooking banana",2,"No","No","No","No","Yes","No","No","No","No","No",""
"12-96-07-43","Vegetables- spinach, pumpkin, cabbage, tomato, onion",7,"No","No","No","No","Yes","No","No","No","No","No",""
"12-96-07-43","Fruits- orange, mango, guava, rice paw paw/papaya, pineapple, etc",7,"No","No","No","No","No","No","No","Yes","No","No",""
"12-96-07-43","Meat, poultry, organ meat- goat, sheep, cow, chicken, liver, kidney, intestines",1,"No","No","No","No","Yes","No","No","No","No","No",""
"12-96-07-43","Fish and seafood (dried or fresh)- sardines, dagaa/omena",6,"No","No","No","No","Yes","No","No","No","No","No",""
"12-96-07-43","Pulses, legumes, nuts, seeds",3,"No","No","No","No","Yes","No","No","No","No","No",""
"12-96-07-43","Oil/fats- oil, fat, butter, ghee, etc",7,"No","No","No","No","Yes","No","No","No","No","No",""
"12-96-07-43","Sugar and sweets- sugar, honey, sweets, desserts",7,"No","No","No","No","Yes","No","No","No","No","No",""
"12-96-07-43","Miscellaneous- tea, coffee, beverages, condiments, spices",7,"No","No","No","No","Yes","No","No","No","No","No",""
"93-06-19-65","Cereals- rice, maize, chapatti, wheat, sorghum, bread, etc",7,"Yes","No","No","No","Yes","No","No","No","No","No",""
"93-06-19-65","Roots and tubers- potato, sweet potato, cassava, arrow roots, cooking banana",1,"No","No","No","No","Yes","No","No","No","No","No",""
"93-06-19-65","Vegetables- spinach, pumpkin, cabbage, tomato, onion",3,"No","No","No","No","Yes","No","No","No","No","No",""
"93-06-19-65","Fruits- orange, mango, guava, rice paw paw/papaya, pineapple, etc",7,"No","No","No","No","Yes","No","No","No","No","No",""
"93-06-19-65","Meat, poultry, organ meat- goat, sheep, cow, chicken, liver, kidney, intestines",1,"No","No","No","No","Yes","No","No","No","No","No",""
"93-06-19-65","Fish and seafood (dried or fresh)- sardines, dagaa/omena",7,"No","No","No","No","Yes","No","No","No","No","No",""
"93-06-19-65","Pulses, legumes, nuts, seeds",1,"No","No","No","No","Yes","No","No","No","No","No",""
"93-06-19-65","Milk and milk products- fresh, powdered, yogurt, cheese, etc",2,"No","No","No","No","Yes","No","No","No","No","No",""
"93-06-19-65","Sugar and sweets- sugar, honey, sweets, desserts",2,"No","No","No","No","Yes","No","No","No","No","No",""
"93-06-19-65","Miscellaneous- tea, coffee, beverages, condiments, spices",2,"No","No","No","No","Yes","No","No","No","No","No",""
"11-66-34-17","Cereals- rice, maize, chapatti, wheat, sorghum, bread, etc",7,"Yes","No","No","No","Yes","No","No","No","No","No",""
"11-66-34-17","Roots and tubers- potato, sweet potato, cassava, arrow roots, cooking banana",1,"No","No","No","No","Yes","No","No","No","No","No",""
"11-66-34-17","Vegetables- spinach, pumpkin, cabbage, tomato, onion",3,"No","No","No","No","Yes","No","No","No","No","No",""
"11-66-34-17","Fruits- orange, mango, guava, rice paw paw/papaya, pineapple, etc",3,"Yes","No","No","No","No","No","No","Yes","No","No",""
"11-66-34-17","Meat, poultry, organ meat- goat, sheep, cow, chicken, liver, kidney, intestines",2,"No","No","No","No","Yes","No","No","No","No","No",""
"11-66-34-17","Eggs",2,"No","No","No","No","Yes","No","No","No","No","No",""
"11-66-34-17","Fish and seafood (dried or fresh)- sardines, dagaa/omena",2,"No","No","No","No","Yes","No","No","No","No","No",""
"11-66-34-17","Pulses, legumes, nuts, seeds",1,"No","No","No","No","Yes","No","No","No","No","No",""
"11-66-34-17","Milk and milk products- fresh, powdered, yogurt, cheese, etc",2,"No","No","No","No","Yes","No","No","No","No","No",""
"11-66-34-17","Oil/fats- oil, fat, butter, ghee, etc",7,"No","No","No","No","Yes","No","No","No","No","No",""
"11-66-34-17","Sugar and sweets- sugar, honey, sweets, desserts",7,"No","No","No","No","Yes","No","No","No","No","No",""
"11-66-34-17","Miscellaneous- tea, coffee, beverages, condiments, spices",6,"No","No","No","No","Yes","No","No","No","No","No",""
"56-59-99-19","Cereals- rice, maize, chapatti, wheat, sorghum, bread, etc",7,"Yes","No","No","No","Yes","No","No","No","No","No",""
"56-59-99-19","Roots and tubers- potato, sweet potato, cassava, arrow roots, cooking banana",7,"No","No","No","No","Yes","No","No","No","No","No",""
"56-59-99-19","Vegetables- spinach, pumpkin, cabbage, tomato, onion",3,"No","No","No","No","Yes","No","No","No","No","No",""
"56-59-99-19","Fruits- orange, mango, guava, rice paw paw/papaya, pineapple, etc",5,"No","No","No","No","Yes","No","No","No","No","No",""
"56-59-99-19","Meat, poultry, organ meat- goat, sheep, cow, chicken, liver, kidney, intestines",3,"No","No","No","No","Yes","No","No","No","No","No",""
"56-59-99-19","Fish and seafood (dried or fresh)- sardines, dagaa/omena",7,"No","No","No","No","Yes","No","No","No","No","No",""
"56-59-99-19","Pulses, legumes, nuts, seeds",2,"No","No","No","No","Yes","No","No","No","No","No",""
"56-59-99-19","Oil/fats- oil, fat, butter, ghee, etc",7,"No","No","No","No","Yes","No","No","No","No","No",""
"56-59-99-19","Sugar and sweets- sugar, honey, sweets, desserts",7,"No","No","No","No","Yes","No","No","No","No","No",""
"56-59-99-19","Miscellaneous- tea, coffee, beverages, condiments, spices",7,"No","No","No","No","Yes","No","No","No","No","No",""
"31-05-57-57","Cereals- rice, maize, chapatti, wheat, sorghum, bread, etc",7,"No","No","No","No","Yes","No","No","Yes","No","No",""
"31-05-57-57","Roots and tubers- potato, sweet potato, cassava, arrow roots, cooking banana",2,"No","No","No","No","Yes","No","No","No","No","No",""
"31-05-57-57","Vegetables- spinach, pumpkin, cabbage, tomato, onion",3,"No","No","No","No","Yes","No","No","No","No","No",""
"31-05-57-57","Fish and seafood (dried or fresh)- sardines, dagaa/omena",2,"No","No","No","No","Yes","No","No","No","No","No",""
"31-05-57-57","Pulses, legumes, nuts, seeds",2,"No","No","No","No","Yes","No","No","No","No","No",""
"31-05-57-57","Oil/fats- oil, fat, butter, ghee, etc",7,"Yes","No","No","No","No","No","No","No","No","No",""
"31-05-57-57","Miscellaneous- tea, coffee, beverages, condiments, spices",7,"No","No","No","No","Yes","No","No","No","No","No",""
"10-22-42-13","Cereals- rice, maize, chapatti, wheat, sorghum, bread, etc",7,"Yes","No","No","No","Yes","No","No","No","No","No",""
"10-22-42-13","Vegetables- spinach, pumpkin, cabbage, tomato, onion",2,"No","No","No","No","Yes","No","No","No","No","No",""
"10-22-42-13","Fish and seafood (dried or fresh)- sardines, dagaa/omena",6,"No","No","No","No","Yes","No","No","No","No","No",""
"10-22-42-13","Oil/fats- oil, fat, butter, ghee, etc",7,"No","No","No","No","Yes","No","No","No","No","No",""
"78-11-12-15","Cereals- rice, maize, chapatti, wheat, sorghum, bread, etc",7,"Yes","No","No","No","Yes","No","No","No","No","No",""
"78-11-12-15","Roots and tubers- potato, sweet potato, cassava, arrow roots, cooking banana",2,"No","No","No","No","Yes","No","No","No","No","No",""
"78-11-12-15","Vegetables- spinach, pumpkin, cabbage, tomato, onion",2,"No","No","No","No","Yes","No","No","No","No","No",""
"78-11-12-15","Fruits- orange, mango, guava, rice paw paw/papaya, pineapple, etc",3,"No","No","No","No","Yes","No","No","No","No","No",""
"78-11-12-15","Meat, poultry, organ meat- goat, sheep, cow, chicken, liver, kidney, intestines",1,"No","No","No","No","Yes","No","No","No","No","No",""
"78-11-12-15","Fish and seafood (dried or fresh)- sardines, dagaa/omena",1,"No","No","No","No","Yes","No","No","No","No","No",""
"78-11-12-15","Oil/fats- oil, fat, butter, ghee, etc",7,"No","No","No","No","Yes","No","No","No","No","No",""
"78-11-12-15","Sugar and sweets- sugar, honey, sweets, desserts",7,"No","No","No","No","Yes","No","No","No","No","No",""
"78-11-12-15","Miscellaneous- tea, coffee, beverages, condiments, spices",7,"No","No","No","No","Yes","No","No","No","No","No",""
"46-31-75-02","Cereals- rice, maize, chapatti, wheat, sorghum, bread, etc",7,"Yes","No","No","No","Yes","No","No","No","No","No",""
"46-31-75-02","Roots and tubers- potato, sweet potato, cassava, arrow roots, cooking banana",2,"No","No","No","No","Yes","No","No","No","No","No",""
"46-31-75-02","Vegetables- spinach, pumpkin, cabbage, tomato, onion",2,"No","No","No","No","Yes","No","No","No","No","No",""
"46-31-75-02","Fruits- orange, mango, guava, rice paw paw/papaya, pineapple, etc",4,"No","No","No","No","Yes","No","No","No","No","No",""
"46-31-75-02","Fish and seafood (dried or fresh)- sardines, dagaa/omena",5,"No","No","No","No","Yes","No","No","No","No","No",""
"46-31-75-02","Sugar and sweets- sugar, honey, sweets, desserts",7,"No","No","No","No","Yes","No","No","No","No","No",""
"46-31-75-02","Miscellaneous- tea, coffee, beverages, condiments, spices",7,"No","No","No","No","Yes","No","No","No","No","No",""
"08-59-45-61","Cereals- rice, maize, chapatti, wheat, sorghum, bread, etc",7,"No","No","No","No","Yes","No","No","Yes","No","No",""
"08-59-45-61","Vegetables- spinach, pumpkin, cabbage, tomato, onion",2,"No","No","No","No","Yes","No","No","No","No","No",""
"08-59-45-61","Oil/fats- oil, fat, butter, ghee, etc",7,"No","No","No","No","Yes","No","No","No","No","No",""
"08-59-45-61","Miscellaneous- tea, coffee, beverages, condiments, spices",7,"No","No","No","No","Yes","No","No","No","No","No",""
"44-58-66-87","Cereals- rice, maize, chapatti, wheat, sorghum, bread, etc",7,"No","No","No","No","Yes","No","No","No","No","No",""
"44-58-66-87","Vegetables- spinach, pumpkin, cabbage, tomato, onion",1,"Yes","No","No","No","Yes","No","No","No","No","No",""
"44-58-66-87","Fruits- orange, mango, guava, rice paw paw/papaya, pineapple, etc",3,"No","No","No","No","Yes","No","No","No","No","No",""
"44-58-66-87","Fish and seafood (dried or fresh)- sardines, dagaa/omena",7,"No","No","No","No","Yes","No","No","No","No","No",""
"44-58-66-87","Oil/fats- oil, fat, butter, ghee, etc",7,"No","No","No","No","Yes","No","No","No","No","No",""
"44-58-66-87","Sugar and sweets- sugar, honey, sweets, desserts",7,"No","No","No","No","Yes","No","No","No","No","No",""
"61-83-81-67","Cereals- rice, maize, chapatti, wheat, sorghum, bread, etc",7,"Yes","No","No","No","No","No","No","No","No","No",""
"61-83-81-67","Vegetables- spinach, pumpkin, cabbage, tomato, onion",7,"No","No","No","No","Yes","No","No","No","No","No",""
"61-83-81-67","Fruits- orange, mango, guava, rice paw paw/papaya, pineapple, etc",7,"No","No","No","No","Yes","No","No","No","No","No",""
"61-83-81-67","Meat, poultry, organ meat- goat, sheep, cow, chicken, liver, kidney, intestines",3,"No","No","No","No","Yes","No","No","No","No","No",""
"61-83-81-67","Fish and seafood (dried or fresh)- sardines, dagaa/omena",2,"No","No","No","No","Yes","No","No","No","No","No",""
"61-83-81-67","Oil/fats- oil, fat, butter, ghee, etc",7,"No","No","No","No","Yes","No","No","No","No","No",""
"05-38-54-18","Cereals- rice, maize, chapatti, wheat, sorghum, bread, etc",7,"Yes","No","No","No","No","No","No","No","No","No",""
"05-38-54-18","Roots and tubers- potato, sweet potato, cassava, arrow roots, cooking banana",3,"Yes","No","No","No","Yes","No","No","No","No","No",""
"05-38-54-18","Vegetables- spinach, pumpkin, cabbage, tomato, onion",7,"Yes","No","No","No","No","No","No","No","No","No",""
"05-38-54-18","Fruits- orange, mango, guava, rice paw paw/papaya, pineapple, etc",2,"No","No","No","No","Yes","No","No","No","No","No",""
"05-38-54-18","Eggs",1,"Yes","No","No","No","No","No","No","No","No","No",""
"05-38-54-18","Fish and seafood (dried or fresh)- sardines, dagaa/omena",4,"No","No","No","No","Yes","No","No","No","No","No",""
"05-38-54-18","Pulses, legumes, nuts, seeds",2,"No","No","No","No","Yes","No","No","Yes","No","No",""
"05-38-54-18","Oil/fats- oil, fat, butter, ghee, etc",7,"No","No","No","No","Yes","No","No","No","No","No",""
"05-38-54-18","Sugar and sweets- sugar, honey, sweets, desserts",5,"No","No","No","No","Yes","No","No","No","No","No",""
"05-38-54-18","Miscellaneous- tea, coffee, beverages, condiments, spices",7,"No","No","No","No","Yes","No","No","No","No","No",""
"83-79-00-11","Cereals- rice, maize, chapatti, wheat, sorghum, bread, etc",7,"Yes","No","No","No","Yes","No","No","No","No","No",""
"83-79-00-11","Roots and tubers- potato, sweet potato, cassava, arrow roots, cooking banana",7,"No","No","No","No","Yes","No","No","No","No","No",""
"83-79-00-11","Vegetables- spinach, pumpkin, cabbage, tomato, onion",5,"No","No","No","No","Yes","No","No","No","No","No",""
"83-79-00-11","Fruits- orange, mango, guava, rice paw paw/papaya, pineapple, etc",3,"No","No","No","No","Yes","No","No","No","No","No",""
"83-79-00-11","Fish and seafood (dried or fresh)- sardines, dagaa/omena",2,"No","No","No","No","Yes","No","No","No","No","No",""
"83-79-00-11","Oil/fats- oil, fat, butter, ghee, etc",7,"No","No","No","No","Yes","No","No","No","No","No",""
"01-37-46-42","Cereals- rice, maize, chapatti, wheat, sorghum, bread, etc",7,"Yes","No","No","No","No","No","No","No","No","No",""
"01-37-46-42","Vegetables- spinach, pumpkin, cabbage, tomato, onion",7,"No","No","No","No","Yes","No","No","No","No","No",""
"01-37-46-42","Fruits- orange, mango, guava, rice paw paw/papaya, pineapple, etc",2,"No","No","No","No","Yes","No","No","No","No","No",""
"01-37-46-42","Meat, poultry, organ meat- goat, sheep, cow, chicken, liver, kidney, intestines",1,"No","No","No","No","Yes","No","No","No","No","No",""
"01-37-46-42","Fish and seafood (dried or fresh)- sardines, dagaa/omena",1,"No","No","No","No","Yes","No","No","No","No","No",""
"01-37-46-42","Oil/fats- oil, fat, butter, ghee, etc",7,"No","No","No","No","Yes","No","No","No","No","No",""
"12-21-05-43","Cereals- rice, maize, chapatti, wheat, sorghum, bread, etc",7,"Yes","No","No","No","No","No","No","No","No","No",""
"12-21-05-43","Vegetables- spinach, pumpkin, cabbage, tomato, onion",2,"No","No","No","No","Yes","No","No","No","No","No",""
"12-21-05-43","Fruits- orange, mango, guava, rice paw paw/papaya, pineapple, etc",3,"No","No","No","No","Yes","No","No","No","No","No",""
"12-21-05-43","Eggs",1,"No","No","No","No","Yes","No","No","No","No","No",""
"12-21-05-43","Fish and seafood (dried or fresh)- sardines, dagaa/omena",2,"No","No","No","No","Yes","No","No","No","No","No",""
"12-21-05-43","Oil/fats- oil, fat, butter, ghee, etc",7,"No","No","No","No","Yes","No","No","No","No","No",""
"12-21-05-43","Miscellaneous- tea, coffee, beverages, condiments, spices",7,"No","No","No","No","Yes","No","No","No","No","No",""
"91-17-37-47","Cereals- rice, maize, chapatti, wheat, sorghum, bread, etc",7,"Yes","No","No","No","Yes","No","No","No","No","No",""
"91-17-37-47","Roots and tubers- potato, sweet potato, cassava, arrow roots, cooking banana",2,"No","No","No","No","Yes","No","No","No","No","No",""
"91-17-37-47","Vegetables- spinach, pumpkin, cabbage, tomato, onion",7,"No","No","No","No","Yes","No","No","No","No","No",""
"91-17-37-47","Fish and seafood (dried or fresh)- sardines, dagaa/omena",4,"No","No","No","No","Yes","No","No","No","No","No",""
"91-17-37-47","Pulses, legumes, nuts, seeds",3,"No","No","No","No","Yes","No","No","No","No","No",""
"91-17-37-47","Oil/fats- oil, fat, butter, ghee, etc",7,"No","No","No","No","Yes","No","No","No","No","No",""
"91-17-37-47","Miscellaneous- tea, coffee, beverages, condiments, spices",7,"No","No","No","No","Yes","No","No","No","No","No",""
"78-30-57-92","Cereals- rice, maize, chapatti, wheat, sorghum, bread, etc",7,"Yes","No","No","No","No","No","No","No","No","No",""
"78-30-57-92","Roots and tubers- potato, sweet potato, cassava, arrow roots, cooking banana",5,"No","No","No","No","Yes","No","No","No","No","No",""
"78-30-57-92","Vegetables- spinach, pumpkin, cabbage, tomato, onion",7,"No","No","No","No","Yes","No","No","No","No","No",""
"78-30-57-92","Fruits- orange, mango, guava, rice paw paw/papaya, pineapple, etc",7,"No","No","No","No","Yes","No","No","Yes","No","No",""
"78-30-57-92","Eggs",2,"No","No","No","No","Yes","No","No","No","No","No",""
"78-30-57-92","Fish and seafood (dried or fresh)- sardines, dagaa/omena",2,"No","No","No","No","Yes","No","No","No","No","No",""
"78-30-57-92","Oil/fats- oil, fat, butter, ghee, etc",7,"No","No","No","No","Yes","No","No","No","No","No",""
"78-30-57-92","Miscellaneous- tea, coffee, beverages, condiments, spices",7,"No","No","No","No","Yes","No","No","Yes","No","No",""
"46-37-91-60","Cereals- rice, maize, chapatti, wheat, sorghum, bread, etc",7,"Yes","No","No","No","Yes","No","No","No","No","No",""
"46-37-91-60","Roots and tubers- potato, sweet potato, cassava, arrow roots, cooking banana",2,"Yes","No","No","No","No","No","No","No","No","No",""
"46-37-91-60","Vegetables- spinach, pumpkin, cabbage, tomato, onion",1,"No","No","No","No","No","No","No","Yes","No","No",""
"46-37-91-60","Fruits- orange, mango, guava, rice paw paw/papaya, pineapple, etc",7,"Yes","No","No","No","No","No","No","No","No","No",""
"46-37-91-60","Meat, poultry, organ meat- goat, sheep, cow, chicken, liver, kidney, intestines",2,"No","No","No","No","No","No","No","Yes","No","No",""
"46-37-91-60","Fish and seafood (dried or fresh)- sardines, dagaa/omena",7,"No","No","No","No","Yes","No","No","No","No","No",""
"46-37-91-60","Pulses, legumes, nuts, seeds",1,"No","No","No","No","Yes","No","No","No","No","No",""
"46-37-91-60","Oil/fats- oil, fat, butter, ghee, etc",7,"No","No","No","No","Yes","No","No","No","No","No",""
"46-37-91-60","Sugar and sweets- sugar, honey, sweets, desserts",7,"No","No","No","No","Yes","No","No","Yes","No","No",""
"46-37-91-60","Miscellaneous- tea, coffee, beverages, condiments, spices",7,"No","No","No","No","Yes","No","No","No","No","No",""
"21-41-06-23","Cereals- rice, maize, chapatti, wheat, sorghum, bread, etc",7,"Yes","No","No","No","Yes","No","No","No","No","No",""
"21-41-06-23","Roots and tubers- potato, sweet potato, cassava, arrow roots, cooking banana",2,"No","No","No","No","Yes","No","No","No","No","No",""
"21-41-06-23","Vegetables- spinach, pumpkin, cabbage, tomato, onion",2,"Yes","No","No","No","No","No","No","No","No","No",""
"21-41-06-23","Fish and seafood (dried or fresh)- sardines, dagaa/omena",5,"Yes","No","No","No","No","No","No","No","No","No",""
"21-41-06-23","Pulses, legumes, nuts, seeds",1,"No","No","No","No","Yes","No","No","No","No","No",""
"21-41-06-23","Oil/fats- oil, fat, butter, ghee, etc",7,"No","No","No","No","Yes","No","No","No","No","No",""
"72-86-62-61","Cereals- rice, maize, chapatti, wheat, sorghum, bread, etc",7,"Yes","No","No","No","No","No","No","No","No","No",""
"72-86-62-61","Roots and tubers- potato, sweet potato, cassava, arrow roots, cooking banana",4,"Yes","No","No","No","Yes","No","No","No","No","No",""
"72-86-62-61","Vegetables- spinach, pumpkin, cabbage, tomato, onion",6,"Yes","No","No","No","No","No","No","No","No","No",""
"72-86-62-61","Fruits- orange, mango, guava, rice paw paw/papaya, pineapple, etc",4,"Yes","No","No","No","Yes","No","No","No","No","No",""
"72-86-62-61","Fish and seafood (dried or fresh)- sardines, dagaa/omena",6,"No","No","No","No","Yes","No","No","No","No","No",""
"72-86-62-61","Oil/fats- oil, fat, butter, ghee, etc",7,"No","No","No","No","Yes","No","No","No","No","No",""
"72-86-62-61","Sugar and sweets- sugar, honey, sweets, desserts",5,"Yes","No","No","No","Yes","No","No","No","No","No",""
"72-86-62-61","Miscellaneous- tea, coffee, beverages, condiments, spices",4,"No","No","No","No","Yes","No","No","Yes","No","No",""
"10-25-72-61","Cereals- rice, maize, chapatti, wheat, sorghum, bread, etc",7,"Yes","No","No","No","No","No","No","No","No","No",""
"10-25-72-61","Roots and tubers- potato, sweet potato, cassava, arrow roots, cooking banana",2,"No","No","No","No","Yes","No","No","No","No","No",""
"10-25-72-61","Vegetables- spinach, pumpkin, cabbage, tomato, onion",7,"Yes","No","No","No","No","No","No","No","No","No",""
"10-25-72-61","Fruits- orange, mango, guava, rice paw paw/papaya, pineapple, etc",5,"No","No","No","No","Yes","No","No","No","No","No",""
"10-25-72-61","Meat, poultry, organ meat- goat, sheep, cow, chicken, liver, kidney, intestines",1,"No","No","No","No","Yes","No","No","No","No","No",""
"10-25-72-61","Eggs",2,"Yes","No","No","No","No","No","No","No","No","No",""
"10-25-72-61","Fish and seafood (dried or fresh)- sardines, dagaa/omena",6,"No","No","No","No","Yes","No","No","No","No","No",""
"10-25-72-61","Pulses, legumes, nuts, seeds",4,"No","No","No","No","Yes","No","No","Yes","No","No",""
"10-25-72-61","Oil/fats- oil, fat, butter, ghee, etc",7,"No","No","No","No","Yes","No","No","No","No","No",""
"10-25-72-61","Sugar and sweets- sugar, honey, sweets, desserts",2,"No","No","No","No","Yes","No","No","No","No","No",""
"10-25-72-61","Miscellaneous- tea, coffee, beverages, condiments, spices",5,"Yes","No","No","No","Yes","No","No","No","No","No",""
"09-97-42-13","Cereals- rice, maize, chapatti, wheat, sorghum, bread, etc",7,"Yes","No","No","No","Yes","No","No","No","No","No",""
"09-97-42-13","Roots and tubers- potato, sweet potato, cassava, arrow roots, cooking banana",3,"Yes","No","No","No","No","No","No","No","No","No",""
"09-97-42-13","Vegetables- spinach, pumpkin, cabbage, tomato, onion",6,"No","No","No","No","Yes","No","No","No","No","No",""
"09-97-42-13","Fruits- orange, mango, guava, rice paw paw/papaya, pineapple, etc",6,"Yes","No","Yes","No","Yes","No","No","No","No","No",""
"09-97-42-13","Fish and seafood (dried or fresh)- sardines, dagaa/omena",3,"No","No","No","No","Yes","No","No","No","No","No",""
"09-97-42-13","Pulses, legumes, nuts, seeds",1,"No","No","No","No","Yes","No","No","No","No","No",""
"09-97-42-13","Oil/fats- oil, fat, butter, ghee, etc",7,"No","No","No","No","Yes","No","No","No","No","No",""
"40-84-03-01","Cereals- rice, maize, chapatti, wheat, sorghum, bread, etc",7,"Yes","No","No","No","Yes","No","No","No","No","No",""
"40-84-03-01","Roots and tubers- potato, sweet potato, cassava, arrow roots, cooking banana",3,"No","No","No","No","Yes","No","No","No","No","No",""
"40-84-03-01","Vegetables- spinach, pumpkin, cabbage, tomato, onion",3,"No","No","No","No","Yes","No","No","No","No","No",""
"40-84-03-01","Fruits- orange, mango, guava, rice paw paw/papaya, pineapple, etc",1,"No","No","No","No","Yes","No","No","No","No","No",""
"40-84-03-01","Meat, poultry, organ meat- goat, sheep, cow, chicken, liver, kidney, intestines",2,"No","No","No","No","Yes","No","No","No","No","No",""
"40-84-03-01","Fish and seafood (dried or fresh)- sardines, dagaa/omena",7,"No","No","No","No","Yes","No","No","No","No","No",""
"40-84-03-01","Pulses, legumes, nuts, seeds",4,"No","No","No","No","Yes","No","No","No","No","No",""
"40-84-03-01","Oil/fats- oil, fat, butter, ghee, etc",7,"No","No","No","No","Yes","No","No","No","No","No",""
"40-84-03-01","Sugar and sweets- sugar, honey, sweets, desserts",7,"No","No","No","No","Yes","No","No","No","No","No",""
"40-84-03-01","Miscellaneous- tea, coffee, beverages, condiments, spices",7,"No","No","No","No","Yes","No","No","No","No","No",""
"67-68-95-71","Cereals- rice, maize, chapatti, wheat, sorghum, bread, etc",7,"Yes","No","No","No","Yes","No","No","No","No","No",""
"67-68-95-71","Roots and tubers- potato, sweet potato, cassava, arrow roots, cooking banana",4,"No","No","No","No","Yes","No","No","No","No","No",""
"67-68-95-71","Vegetables- spinach, pumpkin, cabbage, tomato, onion",3,"No","No","No","No","Yes","No","No","No","No","No",""
"67-68-95-71","Fruits- orange, mango, guava, rice paw paw/papaya, pineapple, etc",7,"No","No","No","No","Yes","No","No","No","No","No",""
"67-68-95-71","Meat, poultry, organ meat- goat, sheep, cow, chicken, liver, kidney, intestines",1,"No","No","No","No","Yes","No","No","No","No","No",""
"67-68-95-71","Fish and seafood (dried or fresh)- sardines, dagaa/omena",7,"No","No","No","No","Yes","No","No","No","No","No",""
"67-68-95-71","Pulses, legumes, nuts, seeds",2,"No","No","No","No","Yes","No","No","No","No","No",""
"67-68-95-71","Sugar and sweets- sugar, honey, sweets, desserts",3,"No","No","No","No","Yes","No","No","No","No","No",""
"67-68-95-71","Miscellaneous- tea, coffee, beverages, condiments, spices",3,"No","No","No","No","Yes","No","No","No","No","No",""
"40-87-67-76","Cereals- rice, maize, chapatti, wheat, sorghum, bread, etc",7,"Yes","No","No","No","No","No","No","No","No","No",""
"40-87-67-76","Roots and tubers- potato, sweet potato, cassava, arrow roots, cooking banana",2,"No","No","No","No","Yes","No","No","No","No","No",""
"40-87-67-76","Vegetables- spinach, pumpkin, cabbage, tomato, onion",7,"No","No","No","No","Yes","No","No","No","No","No",""
"40-87-67-76","Fruits- orange, mango, guava, rice paw paw/papaya, pineapple, etc",7,"No","No","No","No","Yes","No","No","No","No","No",""
"40-87-67-76","Meat, poultry, organ meat- goat, sheep, cow, chicken, liver, kidney, intestines",2,"No","No","No","No","Yes","No","No","No","No","No",""
"40-87-67-76","Fish and seafood (dried or fresh)- sardines, dagaa/omena",7,"No","No","No","No","Yes","No","No","No","No","No",""
"40-87-67-76","Pulses, legumes, nuts, seeds",3,"No","No","No","No","Yes","No","No","No","No","No",""
"40-87-67-76","Oil/fats- oil, fat, butter, ghee, etc",7,"No","No","No","No","Yes","No","No","No","No","No",""
"40-87-67-76","Sugar and sweets- sugar, honey, sweets, desserts",7,"No","No","No","No","Yes","No","No","No","No","No",""
"40-87-67-76","Miscellaneous- tea, coffee, beverages, condiments, spices",7,"No","No","No","No","Yes","No","No","No","No","No",""
"53-06-55-30","Cereals- rice, maize, chapatti, wheat, sorghum, bread, etc",7,"Yes","No","No","No","No","No","No","No","No","No",""
"53-06-55-30","Vegetables- spinach, pumpkin, cabbage, tomato, onion",7,"Yes","No","No","No","Yes","No","No","No","No","No",""
"53-06-55-30","Fish and seafood (dried or fresh)- sardines, dagaa/omena",5,"No","No","No","No","Yes","No","No","No","No","No",""
"53-06-55-30","Oil/fats- oil, fat, butter, ghee, etc",7,"No","No","No","No","Yes","No","No","No","No","No",""
"53-06-55-30","Sugar and sweets- sugar, honey, sweets, desserts",5,"No","No","No","No","Yes","No","No","No","No","No",""
"53-06-55-30","Miscellaneous- tea, coffee, beverages, condiments, spices",5,"No","No","No","No","Yes","No","No","No","No","No",""
"27-68-03-52","Cereals- rice, maize, chapatti, wheat, sorghum, bread, etc",6,"Yes","No","No","No","Yes","No","No","No","No","No",""
"27-68-03-52","Roots and tubers- potato, sweet potato, cassava, arrow roots, cooking banana",1,"No","No","No","No","Yes","No","No","No","No","No",""
"27-68-03-52","Vegetables- spinach, pumpkin, cabbage, tomato, onion",3,"No","No","No","No","Yes","No","No","No","No","No",""
"27-68-03-52","Fruits- orange, mango, guava, rice paw paw/papaya, pineapple, etc",5,"No","No","No","No","Yes","No","No","No","No","No",""
"27-68-03-52","Eggs",2,"No","No","No","No","Yes","No","No","No","No","No",""
"27-68-03-52","Fish and seafood (dried or fresh)- sardines, dagaa/omena",4,"No","No","No","No","Yes","No","No","No","No","No",""
"27-68-03-52","Pulses, legumes, nuts, seeds",1,"No","No","No","No","Yes","No","No","No","No","No",""
"27-68-03-52","Oil/fats- oil, fat, butter, ghee, etc",7,"No","No","No","No","Yes","No","No","No","No","No",""
"27-68-03-52","Sugar and sweets- sugar, honey, sweets, desserts",7,"No","No","No","No","Yes","No","No","No","No","No",""
"27-68-03-52","Miscellaneous- tea, coffee, beverages, condiments, spices",7,"No","No","No","No","Yes","No","No","No","No","No",""
"31-09-93-80","Cereals- rice, maize, chapatti, wheat, sorghum, bread, etc",7,"Yes","No","No","No","No","No","No","No","No","No",""
"31-09-93-80","Roots and tubers- potato, sweet potato, cassava, arrow roots, cooking banana",4,"No","No","No","No","Yes","No","No","No","No","No",""
"31-09-93-80","Vegetables- spinach, pumpkin, cabbage, tomato, onion",7,"No","No","No","No","Yes","No","No","No","No","No",""
"31-09-93-80","Fruits- orange, mango, guava, rice paw paw/papaya, pineapple, etc",4,"No","No","No","No","Yes","No","No","No","No","No",""
"31-09-93-80","Meat, poultry, organ meat- goat, sheep, cow, chicken, liver, kidney, intestines",2,"No","No","No","No","Yes","No","No","No","No","No",""
"31-09-93-80","Fish and seafood (dried or fresh)- sardines, dagaa/omena",2,"No","No","No","No","Yes","No","No","No","No","No",""
"31-09-93-80","Pulses, legumes, nuts, seeds",1,"No","No","No","No","Yes","No","No","No","No","No",""
"31-09-93-80","Oil/fats- oil, fat, butter, ghee, etc",7,"No","No","No","No","Yes","No","No","No","No","No",""
"31-09-93-80","Sugar and sweets- sugar, honey, sweets, desserts",6,"No","No","No","No","Yes","No","No","No","No","No",""
"31-09-93-80","Miscellaneous- tea, coffee, beverages, condiments, spices",6,"No","No","No","No","Yes","No","No","No","No","No",""
"99-42-64-05","Cereals- rice, maize, chapatti, wheat, sorghum, bread, etc",7,"Yes","No","No","No","No","No","No","No","No","No",""
"99-42-64-05","Roots and tubers- potato, sweet potato, cassava, arrow roots, cooking banana",2,"Yes","No","No","No","No","No","No","No","No","No",""
"99-42-64-05","Vegetables- spinach, pumpkin, cabbage, tomato, onion",7,"Yes","No","No","No","No","No","No","No","No","No",""
"99-42-64-05","Fruits- orange, mango, guava, rice paw paw/papaya, pineapple, etc",2,"Yes","No","No","No","No","No","No","No","No","No",""
"99-42-64-05","Pulses, legumes, nuts, seeds",4,"No","No","No","No","Yes","No","No","No","No","No",""
"99-42-64-05","Oil/fats- oil, fat, butter, ghee, etc",7,"No","No","No","No","Yes","No","No","No","No","No",""
"50-99-25-24","Cereals- rice, maize, chapatti, wheat, sorghum, bread, etc",5,"Yes","No","No","No","Yes","No","No","No","No","No",""
"50-99-25-24","Roots and tubers- potato, sweet potato, cassava, arrow roots, cooking banana",5,"No","No","No","No","Yes","No","No","No","No","No",""
"50-99-25-24","Vegetables- spinach, pumpkin, cabbage, tomato, onion",5,"No","No","No","No","Yes","No","No","No","No","No",""
"50-99-25-24","Fruits- orange, mango, guava, rice paw paw/papaya, pineapple, etc",2,"No","No","No","No","Yes","No","No","No","No","No",""
"50-99-25-24","Meat, poultry, organ meat- goat, sheep, cow, chicken, liver, kidney, intestines",1,"No","No","No","No","Yes","No","No","No","No","No",""
"50-99-25-24","Eggs",1,"No","No","No","No","Yes","No","No","No","No","No",""
"50-99-25-24","Fish and seafood (dried or fresh)- sardines, dagaa/omena",7,"No","No","No","No","Yes","No","No","No","No","No",""
"50-99-25-24","Pulses, legumes, nuts, seeds",3,"No","No","No","No","Yes","No","No","No","No","No",""
"50-99-25-24","Milk and milk products- fresh, powdered, yogurt, cheese, etc",2,"No","No","No","No","Yes","No","No","No","No","No",""
"50-99-25-24","Oil/fats- oil, fat, butter, ghee, etc",7,"No","No","No","No","Yes","No","No","No","No","No",""
"50-99-25-24","Sugar and sweets- sugar, honey, sweets, desserts",1,"No","No","No","No","Yes","No","No","No","No","No",""
"50-99-25-24","Miscellaneous- tea, coffee, beverages, condiments, spices",1,"No","No","No","No","Yes","No","No","No","No","No",""
"43-58-14-96","Cereals- rice, maize, chapatti, wheat, sorghum, bread, etc",7,"No","No","No","No","Yes","No","No","No","No","No",""
"43-58-14-96","Vegetables- spinach, pumpkin, cabbage, tomato, onion",7,"No","No","No","No","Yes","No","No","No","No","No",""
"43-58-14-96","Fruits- orange, mango, guava, rice paw paw/papaya, pineapple, etc",2,"No","No","No","No","Yes","No","No","No","No","No",""
"43-58-14-96","Fish and seafood (dried or fresh)- sardines, dagaa/omena",2,"No","No","No","No","Yes","No","No","No","No","No",""
"43-58-14-96","Oil/fats- oil, fat, butter, ghee, etc",7,"No","No","No","No","Yes","No","No","No","No","No",""
"20-64-96-32","Cereals- rice, maize, chapatti, wheat, sorghum, bread, etc",7,"Yes","No","No","No","Yes","No","No","No","No","No",""
"20-64-96-32","Roots and tubers- potato, sweet potato, cassava, arrow roots, cooking banana",2,"No","No","No","No","Yes","No","No","No","No","No",""
"20-64-96-32","Vegetables- spinach, pumpkin, cabbage, tomato, onion",7,"No","No","No","No","Yes","No","No","No","No","No",""
"20-64-96-32","Fruits- orange, mango, guava, rice paw paw/papaya, pineapple, etc",6,"No","No","No","No","Yes","No","No","Yes","No","No",""
"20-64-96-32","Meat, poultry, organ meat- goat, sheep, cow, chicken, liver, kidney, intestines",2,"No","No","No","No","Yes","No","No","No","No","No",""
"20-64-96-32","Eggs",2,"No","No","No","No","Yes","No","No","No","No","No",""
"20-64-96-32","Fish and seafood (dried or fresh)- sardines, dagaa/omena",4,"No","No","No","No","Yes","No","No","No","No","No",""
"20-64-96-32","Oil/fats- oil, fat, butter, ghee, etc",7,"No","No","No","No","Yes","No","No","No","No","No",""
"05-63-81-75","Cereals- rice, maize, chapatti, wheat, sorghum, bread, etc",7,"Yes","No","No","No","No","No","No","No","No","No",""
"05-63-81-75","Vegetables- spinach, pumpkin, cabbage, tomato, onion",7,"No","No","No","No","Yes","No","No","No","No","No",""
"05-63-81-75","Fruits- orange, mango, guava, rice paw paw/papaya, pineapple, etc",3,"No","No","No","No","Yes","No","No","No","No","No",""
"05-63-81-75","Fish and seafood (dried or fresh)- sardines, dagaa/omena",2,"No","No","No","No","Yes","No","No","No","No","No",""
"05-63-81-75","Pulses, legumes, nuts, seeds",7,"No","No","No","No","Yes","No","No","No","No","No",""
"05-63-81-75","Oil/fats- oil, fat, butter, ghee, etc",7,"No","No","No","No","Yes","No","No","No","No","No",""
"05-63-81-75","Sugar and sweets- sugar, honey, sweets, desserts",7,"No","No","No","No","Yes","No","No","No","No","No",""
"05-63-81-75","Miscellaneous- tea, coffee, beverages, condiments, spices",7,"No","No","No","No","Yes","No","No","No","No","No",""
"30-58-59-34","Cereals- rice, maize, chapatti, wheat, sorghum, bread, etc",7,"Yes","No","No","No","Yes","No","No","No","No","No",""
"30-58-59-34","Roots and tubers- potato, sweet potato, cassava, arrow roots, cooking banana",1,"Yes","No","No","No","No","No","No","No","No","No",""
"30-58-59-34","Vegetables- spinach, pumpkin, cabbage, tomato, onion",6,"Yes","No","No","No","No","No","No","No","No","No",""
"30-58-59-34","Fruits- orange, mango, guava, rice paw paw/papaya, pineapple, etc",3,"Yes","No","No","No","No","No","No","No","No","No",""
"30-58-59-34","Fish and seafood (dried or fresh)- sardines, dagaa/omena",3,"No","No","No","No","Yes","No","No","No","No","No",""
"30-58-59-34","Pulses, legumes, nuts, seeds",5,"No","No","No","No","Yes","No","No","No","No","No",""
"30-58-59-34","Oil/fats- oil, fat, butter, ghee, etc",7,"No","No","No","No","Yes","No","No","No","No","No",""
"30-58-59-34","Sugar and sweets- sugar, honey, sweets, desserts",7,"No","No","No","No","Yes","No","No","No","No","No",""
"30-58-59-34","Miscellaneous- tea, coffee, beverages, condiments, spices",7,"No","No","No","No","Yes","No","No","No","No","No",""
"37-78-49-16","Cereals- rice, maize, chapatti, wheat, sorghum, bread, etc",7,"No","No","No","No","Yes","No","No","No","No","No",""
"37-78-49-16","Roots and tubers- potato, sweet potato, cassava, arrow roots, cooking banana",6,"No","No","No","No","Yes","No","No","No","No","No",""
"37-78-49-16","Vegetables- spinach, pumpkin, cabbage, tomato, onion",3,"No","No","No","No","Yes","No","No","No","No","No",""
"37-78-49-16","Fish and seafood (dried or fresh)- sardines, dagaa/omena",3,"No","No","No","No","Yes","No","No","No","No","No",""
"37-78-49-16","Pulses, legumes, nuts, seeds",4,"No","No","No","No","Yes","No","No","No","No","No",""
"37-78-49-16","Sugar and sweets- sugar, honey, sweets, desserts",3,"No","No","No","No","Yes","No","No","No","No","No",""
"37-78-49-16","Miscellaneous- tea, coffee, beverages, condiments, spices",3,"No","No","No","No","Yes","No","No","No","No","No",""
"52-38-96-08","Cereals- rice, maize, chapatti, wheat, sorghum, bread, etc",7,"Yes","No","No","No","No","No","No","No","No","No",""
"52-38-96-08","Roots and tubers- potato, sweet potato, cassava, arrow roots, cooking banana",3,"Yes","No","No","No","Yes","No","No","No","No","No",""
"52-38-96-08","Vegetables- spinach, pumpkin, cabbage, tomato, onion",6,"Yes","No","No","No","Yes","No","No","No","No","No",""
"52-38-96-08","Fruits- orange, mango, guava, rice paw paw/papaya, pineapple, etc",2,"No","No","No","No","Yes","No","No","No","No","No",""
"52-38-96-08","Fish and seafood (dried or fresh)- sardines, dagaa/omena",4,"No","No","No","No","Yes","No","No","No","No","No",""
"52-38-96-08","Oil/fats- oil, fat, butter, ghee, etc",7,"No","No","No","No","Yes","No","No","No","No","No",""
"52-38-96-08","Miscellaneous- tea, coffee, beverages, condiments, spices",4,"Yes","No","No","No","Yes","No","No","No","No","No",""
"74-41-82-14","Cereals- rice, maize, chapatti, wheat, sorghum, bread, etc",7,"No","No","No","No","Yes","No","No","Yes","No","No",""
"74-41-82-14","Roots and tubers- potato, sweet potato, cassava, arrow roots, cooking banana",4,"No","No","No","No","Yes","No","No","No","No","No",""
"74-41-82-14","Vegetables- spinach, pumpkin, cabbage, tomato, onion",7,"No","No","No","No","Yes","No","No","No","No","No",""
"74-41-82-14","Fish and seafood (dried or fresh)- sardines, dagaa/omena",3,"No","No","No","No","Yes","No","No","No","No","No",""
"74-41-82-14","Pulses, legumes, nuts, seeds",3,"No","No","No","No","Yes","No","No","No","No","No",""
"74-41-82-14","Sugar and sweets- sugar, honey, sweets, desserts",2,"No","No","No","No","Yes","No","No","No","No","No",""
"74-41-82-14","Miscellaneous- tea, coffee, beverages, condiments, spices",2,"No","No","No","No","Yes","No","No","No","No","No",""
"39-49-23-24","Cereals- rice, maize, chapatti, wheat, sorghum, bread, etc",7,"Yes","No","No","No","Yes","No","No","No","No","No",""
"39-49-23-24","Vegetables- spinach, pumpkin, cabbage, tomato, onion",7,"Yes","No","No","No","Yes","No","No","No","No","No",""
"39-49-23-24","Fish and seafood (dried or fresh)- sardines, dagaa/omena",3,"No","No","No","No","Yes","No","No","No","No","No",""
"39-49-23-24","Pulses, legumes, nuts, seeds",2,"No","No","No","No","Yes","No","No","No","No","No",""
"39-49-23-24","Oil/fats- oil, fat, butter, ghee, etc",4,"No","No","No","No","Yes","No","No","No","No","No",""
"39-49-23-24","Sugar and sweets- sugar, honey, sweets, desserts",2,"No","No","No","No","Yes","No","No","No","No","No",""
"39-49-23-24","Miscellaneous- tea, coffee, beverages, condiments, spices",2,"No","No","No","No","Yes","No","No","No","No","No",""
"01-07-36-19","Cereals- rice, maize, chapatti, wheat, sorghum, bread, etc",7,"No","No","No","No","Yes","No","No","No","No","No",""
"01-07-36-19","Roots and tubers- potato, sweet potato, cassava, arrow roots, cooking banana",2,"No","No","No","No","Yes","No","No","No","No","No",""
"01-07-36-19","Vegetables- spinach, pumpkin, cabbage, tomato, onion",4,"No","No","No","No","Yes","No","No","No","No","No",""
"01-07-36-19","Fish and seafood (dried or fresh)- sardines, dagaa/omena",7,"No","No","No","No","Yes","No","No","No","No","No",""
"01-07-36-19","Pulses, legumes, nuts, seeds",3,"No","No","No","No","Yes","No","No","No","No","No",""
"01-07-36-19","Sugar and sweets- sugar, honey, sweets, desserts",4,"No","No","No","No","Yes","No","No","No","No","No",""
"01-07-36-19","Miscellaneous- tea, coffee, beverages, condiments, spices",4,"No","No","No","No","Yes","No","No","No","No","No",""
"18-35-86-78","Cereals- rice, maize, chapatti, wheat, sorghum, bread, etc",7,"Yes","No","No","No","Yes","No","No","No","No","No",""
"18-35-86-78","Vegetables- spinach, pumpkin, cabbage, tomato, onion",3,"No","No","No","No","Yes","No","No","No","No","No",""
"18-35-86-78","Fruits- orange, mango, guava, rice paw paw/papaya, pineapple, etc",3,"No","No","No","No","Yes","No","No","No","No","No",""
"18-35-86-78","Fish and seafood (dried or fresh)- sardines, dagaa/omena",2,"No","No","No","No","Yes","No","No","No","No","No",""
"18-35-86-78","Oil/fats- oil, fat, butter, ghee, etc",7,"No","No","No","No","Yes","No","No","No","No","No",""
"18-35-86-78","Sugar and sweets- sugar, honey, sweets, desserts",7,"No","No","No","No","Yes","No","No","No","No","No",""
"18-35-86-78","Miscellaneous- tea, coffee, beverages, condiments, spices",7,"No","No","No","No","Yes","No","No","No","No","No",""
"48-62-04-43","Cereals- rice, maize, chapatti, wheat, sorghum, bread, etc",7,"Yes","No","No","No","Yes","No","No","No","No","No",""
"48-62-04-43","Roots and tubers- potato, sweet potato, cassava, arrow roots, cooking banana",7,"No","No","No","No","Yes","No","No","No","No","No",""
"48-62-04-43","Vegetables- spinach, pumpkin, cabbage, tomato, onion",7,"No","No","No","No","Yes","No","No","No","No","No",""
"48-62-04-43","Fruits- orange, mango, guava, rice paw paw/papaya, pineapple, etc",2,"No","No","No","No","Yes","No","No","No","No","No",""
"48-62-04-43","Meat, poultry, organ meat- goat, sheep, cow, chicken, liver, kidney, intestines",1,"No","No","No","No","Yes","No","No","No","No","No",""
"48-62-04-43","Fish and seafood (dried or fresh)- sardines, dagaa/omena",3,"No","No","No","No","Yes","No","No","No","No","No",""
"48-62-04-43","Milk and milk products- fresh, powdered, yogurt, cheese, etc",7,"No","No","No","No","Yes","No","No","No","No","No",""
"48-62-04-43","Oil/fats- oil, fat, butter, ghee, etc",7,"No","No","No","No","Yes","No","No","No","No","No",""
"37-36-66-29","Cereals- rice, maize, chapatti, wheat, sorghum, bread, etc",7,"Yes","No","No","No","No","No","No","No","No","No",""
"37-36-66-29","Roots and tubers- potato, sweet potato, cassava, arrow roots, cooking banana",2,"No","No","No","No","Yes","No","No","Yes","No","No",""
"37-36-66-29","Vegetables- spinach, pumpkin, cabbage, tomato, onion",7,"No","No","No","No","Yes","No","No","No","No","No",""
"37-36-66-29","Fruits- orange, mango, guava, rice paw paw/papaya, pineapple, etc",3,"No","No","No","No","Yes","No","No","No","No","No",""
"37-36-66-29","Oil/fats- oil, fat, butter, ghee, etc",7,"No","No","No","No","Yes","No","No","No","No","No",""
"37-36-66-29","Miscellaneous- tea, coffee, beverages, condiments, spices",7,"No","No","No","No","Yes","No","No","No","No","No",""
"23-98-09-79","Cereals- rice, maize, chapatti, wheat, sorghum, bread, etc",7,"Yes","No","No","No","Yes","No","No","No","No","No",""
"23-98-09-79","Vegetables- spinach, pumpkin, cabbage, tomato, onion",7,"No","No","No","No","Yes","No","No","No","No","No",""
"23-98-09-79","Fruits- orange, mango, guava, rice paw paw/papaya, pineapple, etc",2,"No","No","No","No","Yes","No","No","No","No","No",""
"23-98-09-79","Meat, poultry, organ meat- goat, sheep, cow, chicken, liver, kidney, intestines",2,"No","No","No","No","Yes","No","No","No","No","No",""
"23-98-09-79","Fish and seafood (dried or fresh)- sardines, dagaa/omena",5,"No","No","No","No","Yes","No","No","No","No","No",""
"23-98-09-79","Oil/fats- oil, fat, butter, ghee, etc",7,"No","No","No","No","Yes","No","No","No","No","No",""
"17-40-48-73","Cereals- rice, maize, chapatti, wheat, sorghum, bread, etc",7,"Yes","No","No","No","Yes","No","No","No","No","No",""
"17-40-48-73","Vegetables- spinach, pumpkin, cabbage, tomato, onion",7,"No","No","No","No","Yes","No","No","No","No","No",""
"17-40-48-73","Fish and seafood (dried or fresh)- sardines, dagaa/omena",3,"No","No","No","No","Yes","No","No","No","No","No",""
"17-40-48-73","Oil/fats- oil, fat, butter, ghee, etc",7,"No","No","No","No","Yes","No","No","No","No","No",""
"10-94-03-72","Cereals- rice, maize, chapatti, wheat, sorghum, bread, etc",7,"No","No","No","No","Yes","No","No","No","No","No",""
"10-94-03-72","Vegetables- spinach, pumpkin, cabbage, tomato, onion",7,"No","No","No","No","Yes","No","No","No","No","No",""
"10-94-03-72","Fruits- orange, mango, guava, rice paw paw/papaya, pineapple, etc",3,"Yes","No","No","No","No","No","No","No","No","No",""
"10-94-03-72","Eggs",1,"No","No","No","No","Yes","No","No","No","No","No",""
"10-94-03-72","Fish and seafood (dried or fresh)- sardines, dagaa/omena",2,"No","No","No","No","Yes","No","No","No","No","No",""
"10-94-03-72","Pulses, legumes, nuts, seeds",1,"No","No","No","No","Yes","No","No","No","No","No",""
"10-94-03-72","Oil/fats- oil, fat, butter, ghee, etc",7,"No","No","No","No","Yes","No","No","No","No","No",""
"10-94-03-72","Sugar and sweets- sugar, honey, sweets, desserts",7,"No","No","No","No","Yes","No","No","No","No","No",""
"10-94-03-72","Miscellaneous- tea, coffee, beverages, condiments, spices",7,"No","No","No","No","Yes","No","No","No","No","No",""
"99-02-51-45","Cereals- rice, maize, chapatti, wheat, sorghum, bread, etc",7,"Yes","No","No","No","No","No","No","No","No","No",""
"99-02-51-45","Roots and tubers- potato, sweet potato, cassava, arrow roots, cooking banana",7,"No","No","No","No","No","No","No","Yes","No","No",""
"99-02-51-45","Vegetables- spinach, pumpkin, cabbage, tomato, onion",7,"No","No","No","No","Yes","No","No","Yes","No","No",""
"99-02-51-45","Fruits- orange, mango, guava, rice paw paw/papaya, pineapple, etc",7,"No","No","No","No","Yes","No","No","No","No","No",""
"99-02-51-45","Fish and seafood (dried or fresh)- sardines, dagaa/omena",2,"No","No","No","No","No","No","No","Yes","No","No",""
"99-02-51-45","Oil/fats- oil, fat, butter, ghee, etc",7,"No","No","No","No","Yes","No","No","No","No","No",""
"99-02-51-45","Miscellaneous- tea, coffee, beverages, condiments, spices",2,"No","No","No","No","Yes","No","No","No","No","No",""
"80-26-66-95","Cereals- rice, maize, chapatti, wheat, sorghum, bread, etc",7,"Yes","No","No","No","Yes","No","No","No","No","No",""
"80-26-66-95","Roots and tubers- potato, sweet potato, cassava, arrow roots, cooking banana",7,"No","No","No","No","No","No","No","Yes","No","No",""
"80-26-66-95","Vegetables- spinach, pumpkin, cabbage, tomato, onion",7,"No","No","No","No","No","No","No","Yes","No","No",""
"80-26-66-95","Fruits- orange, mango, guava, rice paw paw/papaya, pineapple, etc",7,"Yes","No","No","No","No","No","No","No","No","No",""
"80-26-66-95","Fish and seafood (dried or fresh)- sardines, dagaa/omena",7,"No","No","No","No","Yes","No","No","No","No","No",""
"80-26-66-95","Oil/fats- oil, fat, butter, ghee, etc",7,"No","No","No","No","Yes","No","No","No","No","No",""
"80-26-66-95","Sugar and sweets- sugar, honey, sweets, desserts",7,"No","No","No","No","Yes","No","No","No","No","No",""
"80-26-66-95","Miscellaneous- tea, coffee, beverages, condiments, spices",7,"Yes","No","No","No","No","No","No","No","No","No",""
"83-04-04-09","Cereals- rice, maize, chapatti, wheat, sorghum, bread, etc",7,"Yes","No","No","No","Yes","No","No","No","No","No",""
"83-04-04-09","Vegetables- spinach, pumpkin, cabbage, tomato, onion",3,"No","No","No","No","Yes","No","No","No","No","No",""
"83-04-04-09","Meat, poultry, organ meat- goat, sheep, cow, chicken, liver, kidney, intestines",1,"No","No","No","No","Yes","No","No","No","No","No",""
"83-04-04-09","Pulses, legumes, nuts, seeds",3,"No","No","No","No","Yes","No","No","No","No","No",""
"83-04-04-09","Oil/fats- oil, fat, butter, ghee, etc",7,"No","No","No","No","Yes","No","No","No","No","No",""
"83-04-04-09","Miscellaneous- tea, coffee, beverages, condiments, spices",7,"No","No","No","No","Yes","No","No","No","No","No",""
"90-43-64-15","Cereals- rice, maize, chapatti, wheat, sorghum, bread, etc",7,"Yes","No","No","No","Yes","No","No","No","No","No",""
"90-43-64-15","Roots and tubers- potato, sweet potato, cassava, arrow roots, cooking banana",3,"No","No","No","No","Yes","No","No","No","No","No",""
"90-43-64-15","Vegetables- spinach, pumpkin, cabbage, tomato, onion",7,"No","No","No","No","Yes","No","No","No","No","No",""
"90-43-64-15","Fruits- orange, mango, guava, rice paw paw/papaya, pineapple, etc",4,"No","No","No","No","Yes","No","No","No","No","No",""
"90-43-64-15","Meat, poultry, organ meat- goat, sheep, cow, chicken, liver, kidney, intestines",3,"No","No","No","No","Yes","No","No","No","No","No",""
"90-43-64-15","Eggs",2,"No","No","No","No","Yes","No","No","No","No","No",""
"90-43-64-15","Fish and seafood (dried or fresh)- sardines, dagaa/omena",6,"No","No","No","No","Yes","No","No","No","No","No",""
"90-43-64-15","Pulses, legumes, nuts, seeds",3,"No","No","No","No","Yes","No","No","No","No","No",""
"90-43-64-15","Oil/fats- oil, fat, butter, ghee, etc",7,"No","No","No","No","Yes","No","No","No","No","No",""
"90-43-64-15","Sugar and sweets- sugar, honey, sweets, desserts",7,"No","No","No","No","Yes","No","No","No","No","No",""
"90-43-64-15","Miscellaneous- tea, coffee, beverages, condiments, spices",7,"No","No","No","No","Yes","No","No","No","No","No",""
"07-17-03-20","Cereals- rice, maize, chapatti, wheat, sorghum, bread, etc",7,"Yes","No","No","No","Yes","No","No","No","No","No",""
"07-17-03-20","Roots and tubers- potato, sweet potato, cassava, arrow roots, cooking banana",2,"No","No","No","No","Yes","No","No","No","No","No",""
"07-17-03-20","Vegetables- spinach, pumpkin, cabbage, tomato, onion",5,"No","No","No","No","Yes","No","No","No","No","No",""
"07-17-03-20","Meat, poultry, organ meat- goat, sheep, cow, chicken, liver, kidney, intestines",1,"No","No","No","No","Yes","No","No","No","No","No",""
"07-17-03-20","Fish and seafood (dried or fresh)- sardines, dagaa/omena",4,"No","No","No","No","Yes","No","No","No","No","No",""
"07-17-03-20","Pulses, legumes, nuts, seeds",2,"No","No","No","No","Yes","No","No","No","No","No",""
"07-17-03-20","Oil/fats- oil, fat, butter, ghee, etc",7,"No","No","No","No","Yes","No","No","No","No","No",""
"83-78-16-55","Cereals- rice, maize, chapatti, wheat, sorghum, bread, etc",7,"Yes","No","No","No","Yes","No","No","No","No","No",""
"83-78-16-55","Vegetables- spinach, pumpkin, cabbage, tomato, onion",2,"No","No","No","No","Yes","No","No","No","No","No",""
"83-78-16-55","Fruits- orange, mango, guava, rice paw paw/papaya, pineapple, etc",1,"No","No","No","No","No","No","No","Yes","No","No",""
"83-78-16-55","Meat, poultry, organ meat- goat, sheep, cow, chicken, liver, kidney, intestines",1,"No","No","No","No","Yes","No","No","No","No","No",""
"83-78-16-55","Pulses, legumes, nuts, seeds",3,"No","No","No","No","Yes","No","No","No","No","No",""
"83-78-16-55","Oil/fats- oil, fat, butter, ghee, etc",7,"No","No","No","No","Yes","No","No","No","No","No",""
"83-78-16-55","Sugar and sweets- sugar, honey, sweets, desserts",1,"No","No","No","No","Yes","No","No","No","No","No",""
"83-78-16-55","Miscellaneous- tea, coffee, beverages, condiments, spices",1,"No","No","No","No","Yes","No","No","No","No","No",""
"82-41-37-73","Cereals- rice, maize, chapatti, wheat, sorghum, bread, etc",7,"Yes","No","No","No","Yes","No","No","No","No","No",""
"82-41-37-73","Vegetables- spinach, pumpkin, cabbage, tomato, onion",2,"No","No","No","No","Yes","No","No","No","No","No",""
"82-41-37-73","Fruits- orange, mango, guava, rice paw paw/papaya, pineapple, etc",3,"No","No","No","No","Yes","No","No","No","No","No",""
"82-41-37-73","Meat, poultry, organ meat- goat, sheep, cow, chicken, liver, kidney, intestines",2,"No","No","No","No","Yes","No","No","No","No","No",""
"82-41-37-73","Fish and seafood (dried or fresh)- sardines, dagaa/omena",1,"No","No","No","No","Yes","No","No","No","No","No",""
"82-41-37-73","Pulses, legumes, nuts, seeds",3,"No","No","No","No","Yes","No","No","No","No","No",""
"82-41-37-73","Oil/fats- oil, fat, butter, ghee, etc",7,"No","No","No","No","Yes","No","No","No","No","No",""
"82-41-37-73","Sugar and sweets- sugar, honey, sweets, desserts",2,"No","No","No","No","Yes","No","No","No","No","No",""
"82-41-37-73","Miscellaneous- tea, coffee, beverages, condiments, spices",7,"No","No","No","No","Yes","No","No","No","No","No",""
"57-66-78-32","Cereals- rice, maize, chapatti, wheat, sorghum, bread, etc",7,"Yes","No","No","No","No","No","No","No","No","No",""
"57-66-78-32","Vegetables- spinach, pumpkin, cabbage, tomato, onion",7,"No","No","No","No","Yes","No","No","No","No","No",""
"57-66-78-32","Fish and seafood (dried or fresh)- sardines, dagaa/omena",2,"No","No","No","No","Yes","No","No","No","No","No",""
"57-66-78-32","Pulses, legumes, nuts, seeds",4,"No","No","No","No","Yes","No","No","No","No","No",""
"57-66-78-32","Oil/fats- oil, fat, butter, ghee, etc",7,"No","No","No","No","Yes","No","No","No","No","No",""
"57-66-78-32","Sugar and sweets- sugar, honey, sweets, desserts",2,"No","No","No","No","Yes","No","No","No","No","No",""
"57-66-78-32","Miscellaneous- tea, coffee, beverages, condiments, spices",7,"No","No","No","No","Yes","No","No","No","No","No",""
"19-38-64-11","Cereals- rice, maize, chapatti, wheat, sorghum, bread, etc",7,"Yes","No","No","No","No","No","No","No","No","No",""
"19-38-64-11","Vegetables- spinach, pumpkin, cabbage, tomato, onion",5,"Yes","No","No","No","Yes","No","No","No","No","No",""
"19-38-64-11","Meat, poultry, organ meat- goat, sheep, cow, chicken, liver, kidney, intestines",1,"No","No","No","No","Yes","No","No","No","No","No",""
"19-38-64-11","Fish and seafood (dried or fresh)- sardines, dagaa/omena",5,"No","No","No","No","Yes","No","No","No","No","No",""
"19-38-64-11","Pulses, legumes, nuts, seeds",4,"No","No","No","No","Yes","No","No","No","No","No",""
"19-38-64-11","Oil/fats- oil, fat, butter, ghee, etc",7,"No","No","No","No","Yes","No","No","No","No","No",""
"19-38-64-11","Sugar and sweets- sugar, honey, sweets, desserts",7,"No","No","No","No","Yes","No","No","No","No","No",""
"19-38-64-11","Miscellaneous- tea, coffee, beverages, condiments, spices",4,"No","No","No","No","Yes","No","No","No","No","No",""
"09-79-30-27","Cereals- rice, maize, chapatti, wheat, sorghum, bread, etc",7,"Yes","No","No","No","No","No","No","No","No","No",""
"09-79-30-27","Vegetables- spinach, pumpkin, cabbage, tomato, onion",2,"No","No","No","No","Yes","No","No","No","No","No",""
"09-79-30-27","Fish and seafood (dried or fresh)- sardines, dagaa/omena",5,"No","No","No","No","Yes","No","No","No","No","No",""
"09-79-30-27","Oil/fats- oil, fat, butter, ghee, etc",7,"No","No","No","No","Yes","No","No","Yes","No","No",""
"09-79-30-27","Miscellaneous- tea, coffee, beverages, condiments, spices",7,"No","No","No","No","Yes","No","No","No","No","No",""
"16-36-46-03","Cereals- rice, maize, chapatti, wheat, sorghum, bread, etc",7,"Yes","No","No","No","Yes","No","No","No","No","No",""
"16-36-46-03","Vegetables- spinach, pumpkin, cabbage, tomato, onion",3,"No","No","No","No","Yes","No","No","No","No","No",""
"16-36-46-03","Fruits- orange, mango, guava, rice paw paw/papaya, pineapple, etc",3,"No","No","No","No","Yes","No","No","Yes","No","No",""
"16-36-46-03","Meat, poultry, organ meat- goat, sheep, cow, chicken, liver, kidney, intestines",3,"No","No","No","No","Yes","No","No","No","No","No",""
"16-36-46-03","Fish and seafood (dried or fresh)- sardines, dagaa/omena",4,"No","No","No","No","Yes","No","No","No","No","No",""
"16-36-46-03","Oil/fats- oil, fat, butter, ghee, etc",7,"No","No","No","No","Yes","No","No","No","No","No",""
"16-36-46-03","Sugar and sweets- sugar, honey, sweets, desserts",7,"No","No","No","No","Yes","No","No","No","No","No",""
"16-36-46-03","Miscellaneous- tea, coffee, beverages, condiments, spices",7,"No","No","No","No","Yes","No","No","No","No","No",""
"29-33-47-98","Cereals- rice, maize, chapatti, wheat, sorghum, bread, etc",7,"Yes","No","No","No","No","No","No","No","No","No",""
"29-33-47-98","Roots and tubers- potato, sweet potato, cassava, arrow roots, cooking banana",5,"No","No","No","No","Yes","No","No","No","No","No",""
"29-33-47-98","Vegetables- spinach, pumpkin, cabbage, tomato, onion",7,"No","No","No","No","Yes","No","No","No","No","No",""
"29-33-47-98","Fruits- orange, mango, guava, rice paw paw/papaya, pineapple, etc",2,"No","No","No","No","No","No","No","Yes","No","No",""
"29-33-47-98","Fish and seafood (dried or fresh)- sardines, dagaa/omena",3,"No","No","No","No","Yes","No","No","No","No","No",""
"29-33-47-98","Oil/fats- oil, fat, butter, ghee, etc",7,"No","No","No","No","Yes","No","No","No","No","No",""
"29-33-47-98","Miscellaneous- tea, coffee, beverages, condiments, spices",7,"No","No","No","No","Yes","No","No","No","No","No",""
"71-36-42-24","Cereals- rice, maize, chapatti, wheat, sorghum, bread, etc",7,"No","No","No","No","Yes","No","No","No","No","No",""
"71-36-42-24","Vegetables- spinach, pumpkin, cabbage, tomato, onion",7,"No","No","No","No","Yes","No","No","No","No","No",""
"71-36-42-24","Fish and seafood (dried or fresh)- sardines, dagaa/omena",2,"No","No","No","No","Yes","No","No","No","No","No",""
"71-36-42-24","Oil/fats- oil, fat, butter, ghee, etc",7,"No","No","No","No","Yes","No","No","No","No","No",""
"71-36-42-24","Sugar and sweets- sugar, honey, sweets, desserts",3,"No","No","No","No","Yes","No","No","No","No","No",""
"71-36-42-24","Miscellaneous- tea, coffee, beverages, condiments, spices",7,"No","No","No","No","Yes","No","No","No","No","No",""
"53-26-25-13","Cereals- rice, maize, chapatti, wheat, sorghum, bread, etc",7,"Yes","No","No","No","Yes","No","No","No","No","No",""
"53-26-25-13","Roots and tubers- potato, sweet potato, cassava, arrow roots, cooking banana",3,"No","No","No","No","Yes","No","No","No","No","No",""
"53-26-25-13","Vegetables- spinach, pumpkin, cabbage, tomato, onion",7,"No","No","No","No","Yes","No","No","No","No","No",""
"53-26-25-13","Fruits- orange, mango, guava, rice paw paw/papaya, pineapple, etc",7,"Yes","No","No","No","No","No","No","No","No","No",""
"53-26-25-13","Meat, poultry, organ meat- goat, sheep, cow, chicken, liver, kidney, intestines",3,"No","No","No","No","Yes","No","No","No","No","No",""
"53-26-25-13","Eggs",2,"No","No","No","No","Yes","No","No","No","No","No",""
"53-26-25-13","Fish and seafood (dried or fresh)- sardines, dagaa/omena",2,"No","No","No","No","Yes","No","No","No","No","No",""
"53-26-25-13","Pulses, legumes, nuts, seeds",5,"No","No","No","No","Yes","No","No","No","No","No",""
"53-26-25-13","Milk and milk products- fresh, powdered, yogurt, cheese, etc",1,"No","No","No","No","Yes","No","No","No","No","No",""
"53-26-25-13","Oil/fats- oil, fat, butter, ghee, etc",7,"No","No","No","No","Yes","No","No","No","No","No",""
"53-26-25-13","Sugar and sweets- sugar, honey, sweets, desserts",7,"No","No","No","No","Yes","No","No","No","No","No",""
"53-26-25-13","Miscellaneous- tea, coffee, beverages, condiments, spices",7,"No","No","Yes","No","Yes","No","No","No","No","No",""
"73-14-84-43","Cereals- rice, maize, chapatti, wheat, sorghum, bread, etc",7,"No","No","No","No","Yes","No","No","No","No","No",""
"73-14-84-43","Roots and tubers- potato, sweet potato, cassava, arrow roots, cooking banana",3,"No","No","No","No","Yes","No","No","No","No","No",""
"73-14-84-43","Vegetables- spinach, pumpkin, cabbage, tomato, onion",2,"No","No","No","No","Yes","No","No","No","No","No",""
"73-14-84-43","Fruits- orange, mango, guava, rice paw paw/papaya, pineapple, etc",2,"No","No","No","No","Yes","No","No","No","No","No",""
"73-14-84-43","Fish and seafood (dried or fresh)- sardines, dagaa/omena",3,"No","No","No","No","Yes","No","No","No","No","No",""
"73-14-84-43","Pulses, legumes, nuts, seeds",2,"No","No","No","No","Yes","No","No","No","No","No",""
"73-14-84-43","Milk and milk products- fresh, powdered, yogurt, cheese, etc",6,"No","No","No","No","Yes","No","No","No","No","No",""
"73-14-84-43","Oil/fats- oil, fat, butter, ghee, etc",7,"No","No","No","No","Yes","No","No","No","No","No",""
"73-14-84-43","Sugar and sweets- sugar, honey, sweets, desserts",7,"No","No","No","No","Yes","No","No","No","No","No",""
"73-14-84-43","Miscellaneous- tea, coffee, beverages, condiments, spices",7,"Yes","No","No","No","No","No","No","No","No","No",""
"37-05-61-84","Cereals- rice, maize, chapatti, wheat, sorghum, bread, etc",7,"No","No","No","No","Yes","No","No","No","No","No",""
"37-05-61-84","Vegetables- spinach, pumpkin, cabbage, tomato, onion",7,"No","No","No","No","Yes","No","No","No","No","No",""
"10-79-21-80","Cereals- rice, maize, chapatti, wheat, sorghum, bread, etc",7,"Yes","No","No","No","Yes","No","No","No","No","No",""
"10-79-21-80","Roots and tubers- potato, sweet potato, cassava, arrow roots, cooking banana",2,"No","No","No","No","Yes","No","No","No","No","No",""
"10-79-21-80","Vegetables- spinach, pumpkin, cabbage, tomato, onion",6,"Yes","No","No","No","Yes","No","No","No","No","No",""
"10-79-21-80","Fruits- orange, mango, guava, rice paw paw/papaya, pineapple, etc",4,"No","No","No","No","Yes","No","No","No","No","No",""
"10-79-21-80","Meat, poultry, organ meat- goat, sheep, cow, chicken, liver, kidney, intestines",1,"No","No","No","No","Yes","No","No","No","No","No",""
"10-79-21-80","Fish and seafood (dried or fresh)- sardines, dagaa/omena",2,"No","No","No","No","Yes","No","No","No","No","No",""
"10-79-21-80","Pulses, legumes, nuts, seeds",1,"No","No","No","No","Yes","No","No","No","No","No",""
"10-79-21-80","Oil/fats- oil, fat, butter, ghee, etc",7,"No","No","No","No","Yes","No","No","No","No","No",""
"10-79-21-80","Sugar and sweets- sugar, honey, sweets, desserts",7,"No","No","No","No","Yes","No","No","No","No","No",""
"10-79-21-80","Miscellaneous- tea, coffee, beverages, condiments, spices",7,"No","No","No","No","Yes","No","No","No","No","No",""
"71-25-75-41","Cereals- rice, maize, chapatti, wheat, sorghum, bread, etc",7,"Yes","No","No","No","Yes","No","No","No","No","No",""
"71-25-75-41","Roots and tubers- potato, sweet potato, cassava, arrow roots, cooking banana",3,"No","No","No","No","Yes","No","No","No","No","No",""
"71-25-75-41","Vegetables- spinach, pumpkin, cabbage, tomato, onion",7,"No","No","No","No","Yes","No","No","No","No","No",""
"71-25-75-41","Fruits- orange, mango, guava, rice paw paw/papaya, pineapple, etc",2,"No","No","No","No","Yes","No","No","No","No","No",""
"71-25-75-41","Fish and seafood (dried or fresh)- sardines, dagaa/omena",3,"No","No","No","No","Yes","No","No","No","No","No",""
"71-25-75-41","Pulses, legumes, nuts, seeds",2,"No","No","No","No","Yes","No","No","No","No","No",""
"71-25-75-41","Oil/fats- oil, fat, butter, ghee, etc",7,"No","No","No","No","Yes","No","No","No","No","No",""
"71-25-75-41","Sugar and sweets- sugar, honey, sweets, desserts",7,"No","No","No","No","Yes","No","No","No","No","No",""
"71-25-75-41","Miscellaneous- tea, coffee, beverages, condiments, spices",7,"No","No","No","No","Yes","No","No","No","No","No",""
"07-05-98-97","Cereals- rice, maize, chapatti, wheat, sorghum, bread, etc",7,"Yes","No","No","No","Yes","No","No","No","No","No",""
"07-05-98-97","Roots and tubers- potato, sweet potato, cassava, arrow roots, cooking banana",5,"Yes","No","No","No","No","No","No","No","No","No",""
"07-05-98-97","Vegetables- spinach, pumpkin, cabbage, tomato, onion",7,"No","No","No","No","Yes","No","No","No","No","No",""
"07-05-98-97","Pulses, legumes, nuts, seeds",3,"Yes","No","No","No","Yes","No","No","No","No","No",""
"07-05-98-97","Oil/fats- oil, fat, butter, ghee, etc",3,"No","No","No","No","Yes","No","No","No","No","No",""
"07-05-98-97","Sugar and sweets- sugar, honey, sweets, desserts",2,"No","No","No","No","Yes","No","No","No","No","No",""
"07-05-98-97","Miscellaneous- tea, coffee, beverages, condiments, spices",2,"No","No","No","No","Yes","No","No","No","No","No",""
"10-73-90-09","Cereals- rice, maize, chapatti, wheat, sorghum, bread, etc",7,"Yes","No","No","No","Yes","No","No","No","No","No",""
"10-73-90-09","Roots and tubers- potato, sweet potato, cassava, arrow roots, cooking banana",3,"No","No","No","No","Yes","No","No","No","No","No",""
"10-73-90-09","Vegetables- spinach, pumpkin, cabbage, tomato, onion",7,"No","No","No","No","Yes","No","No","No","No","No",""
"10-73-90-09","Fruits- orange, mango, guava, rice paw paw/papaya, pineapple, etc",2,"No","No","No","No","Yes","No","No","No","No","No",""
"10-73-90-09","Meat, poultry, organ meat- goat, sheep, cow, chicken, liver, kidney, intestines",2,"No","No","No","No","Yes","No","No","No","No","No",""
"10-73-90-09","Fish and seafood (dried or fresh)- sardines, dagaa/omena",4,"No","No","No","No","Yes","No","No","No","No","No",""
"10-73-90-09","Oil/fats- oil, fat, butter, ghee, etc",7,"No","No","No","No","Yes","No","No","No","No","No",""
"10-73-90-09","Sugar and sweets- sugar, honey, sweets, desserts",7,"No","No","No","No","Yes","No","No","No","No","No",""
"10-73-90-09","Miscellaneous- tea, coffee, beverages, condiments, spices",7,"No","No","No","No","Yes","No","No","No","No","No",""
"84-88-48-48","Cereals- rice, maize, chapatti, wheat, sorghum, bread, etc",7,"Yes","No","No","No","Yes","No","No","No","No","No",""
"84-88-48-48","Roots and tubers- potato, sweet potato, cassava, arrow roots, cooking banana",5,"No","No","No","No","Yes","No","No","No","No","No",""
"84-88-48-48","Vegetables- spinach, pumpkin, cabbage, tomato, onion",7,"No","No","No","No","Yes","No","No","No","No","No",""
"84-88-48-48","Fruits- orange, mango, guava, rice paw paw/papaya, pineapple, etc",7,"No","No","No","No","Yes","No","No","No","No","No",""
"84-88-48-48","Fish and seafood (dried or fresh)- sardines, dagaa/omena",7,"No","No","No","No","Yes","No","No","No","No","No",""
"84-88-48-48","Oil/fats- oil, fat, butter, ghee, etc",7,"No","No","No","No","Yes","No","No","No","No","No",""
"84-88-48-48","Sugar and sweets- sugar, honey, sweets, desserts",7,"No","No","No","No","Yes","No","No","No","No","No",""
"84-88-48-48","Miscellaneous- tea, coffee, beverages, condiments, spices",7,"No","No","No","No","Yes","No","No","No","No","No",""
"54-31-68-36","Cereals- rice, maize, chapatti, wheat, sorghum, bread, etc",7,"Yes","No","No","No","Yes","No","No","No","No","No",""
"54-31-68-36","Roots and tubers- potato, sweet potato, cassava, arrow roots, cooking banana",3,"No","No","No","No","Yes","No","No","No","No","No",""
"54-31-68-36","Vegetables- spinach, pumpkin, cabbage, tomato, onion",7,"No","No","No","No","Yes","No","No","No","No","No",""
"54-31-68-36","Meat, poultry, organ meat- goat, sheep, cow, chicken, liver, kidney, intestines",1,"No","No","No","No","Yes","No","No","No","No","No",""
"54-31-68-36","Eggs",1,"No","No","No","No","Yes","No","No","No","No","No",""
"54-31-68-36","Fish and seafood (dried or fresh)- sardines, dagaa/omena",5,"No","No","No","No","Yes","No","No","No","No","No",""
"54-31-68-36","Pulses, legumes, nuts, seeds",2,"No","No","No","No","Yes","No","No","No","No","No",""
"54-31-68-36","Sugar and sweets- sugar, honey, sweets, desserts",7,"No","No","No","No","Yes","No","No","No","No","No",""
"54-31-68-36","Miscellaneous- tea, coffee, beverages, condiments, spices",7,"No","No","No","No","Yes","No","No","No","No","No",""
"45-71-98-33","Cereals- rice, maize, chapatti, wheat, sorghum, bread, etc",7,"No","No","No","No","Yes","No","No","No","No","No",""
"45-71-98-33","Vegetables- spinach, pumpkin, cabbage, tomato, onion",7,"No","No","Yes","No","Yes","No","No","No","No","No",""
"45-71-98-33","Fish and seafood (dried or fresh)- sardines, dagaa/omena",4,"No","No","No","No","Yes","No","No","No","No","No",""
"45-71-98-33","Oil/fats- oil, fat, butter, ghee, etc",5,"No","No","No","No","Yes","No","No","No","No","No",""
"27-11-46-19","Cereals- rice, maize, chapatti, wheat, sorghum, bread, etc",7,"No","No","No","No","Yes","No","No","No","No","No",""
"27-11-46-19","Roots and tubers- potato, sweet potato, cassava, arrow roots, cooking banana",3,"No","No","No","No","Yes","No","No","No","No","No",""
"27-11-46-19","Vegetables- spinach, pumpkin, cabbage, tomato, onion",7,"No","No","No","No","Yes","No","No","No","No","No",""
"27-11-46-19","Fish and seafood (dried or fresh)- sardines, dagaa/omena",5,"No","No","No","No","Yes","No","No","No","No","No",""
"27-11-46-19","Pulses, legumes, nuts, seeds",1,"No","No","No","No","Yes","No","No","No","No","No",""
"27-11-46-19","Milk and milk products- fresh, powdered, yogurt, cheese, etc",1,"No","No","No","No","Yes","No","No","No","No","No",""
"27-11-46-19","Sugar and sweets- sugar, honey, sweets, desserts",7,"No","No","No","No","Yes","No","No","No","No","No",""
"27-11-46-19","Miscellaneous- tea, coffee, beverages, condiments, spices",7,"No","No","No","No","Yes","No","No","No","No","No",""
"42-55-71-95","Cereals- rice, maize, chapatti, wheat, sorghum, bread, etc",7,"Yes","No","No","No","Yes","No","No","No","No","No",""
"42-55-71-95","Vegetables- spinach, pumpkin, cabbage, tomato, onion",7,"No","No","No","No","Yes","No","No","No","No","No",""
"42-55-71-95","Fruits- orange, mango, guava, rice paw paw/papaya, pineapple, etc",7,"No","No","No","No","Yes","No","No","No","No","No",""
"42-55-71-95","Meat, poultry, organ meat- goat, sheep, cow, chicken, liver, kidney, intestines",2,"No","No","No","No","Yes","No","No","No","No","No",""
"42-55-71-95","Fish and seafood (dried or fresh)- sardines, dagaa/omena",5,"No","No","No","No","Yes","No","No","No","No","No",""
"42-55-71-95","Milk and milk products- fresh, powdered, yogurt, cheese, etc",3,"No","No","No","No","Yes","No","No","No","No","No",""
"42-55-71-95","Oil/fats- oil, fat, butter, ghee, etc",7,"No","No","No","No","Yes","No","No","No","No","No",""
"42-55-71-95","Sugar and sweets- sugar, honey, sweets, desserts",7,"No","No","No","No","Yes","No","No","No","No","No",""
"53-10-63-62","Cereals- rice, maize, chapatti, wheat, sorghum, bread, etc",7,"Yes","No","No","No","No","No","No","No","No","No",""
"53-10-63-62","Roots and tubers- potato, sweet potato, cassava, arrow roots, cooking banana",7,"No","No","No","No","No","No","No","Yes","No","No",""
"53-10-63-62","Vegetables- spinach, pumpkin, cabbage, tomato, onion",7,"No","No","No","No","No","No","No","Yes","No","No",""
"53-10-63-62","Meat, poultry, organ meat- goat, sheep, cow, chicken, liver, kidney, intestines",3,"Yes","No","No","No","No","No","No","No","No","No",""
"53-10-63-62","Fish and seafood (dried or fresh)- sardines, dagaa/omena",2,"No","No","No","No","Yes","No","No","No","No","No",""
"53-10-63-62","Oil/fats- oil, fat, butter, ghee, etc",7,"No","No","No","No","Yes","No","No","No","No","No",""
"53-10-63-62","Miscellaneous- tea, coffee, beverages, condiments, spices",7,"No","No","No","No","Yes","No","No","No","No","No",""
"75-46-17-40","Cereals- rice, maize, chapatti, wheat, sorghum, bread, etc",7,"No","No","No","No","Yes","No","No","No","No","No",""
"75-46-17-40","Roots and tubers- potato, sweet potato, cassava, arrow roots, cooking banana",1,"No","No","No","No","Yes","No","No","No","No","No",""
"75-46-17-40","Vegetables- spinach, pumpkin, cabbage, tomato, onion",5,"No","No","No","No","Yes","No","No","No","No","No",""
"75-46-17-40","Fruits- orange, mango, guava, rice paw paw/papaya, pineapple, etc",7,"Yes","No","No","No","No","No","No","Yes","No","No",""
"75-46-17-40","Pulses, legumes, nuts, seeds",7,"No","No","No","No","Yes","No","No","No","No","No",""
"75-46-17-40","Oil/fats- oil, fat, butter, ghee, etc",7,"No","No","No","No","Yes","No","No","No","No","No",""
"75-46-17-40","Sugar and sweets- sugar, honey, sweets, desserts",7,"No","No","No","No","Yes","No","No","No","No","No",""
"75-46-17-40","Miscellaneous- tea, coffee, beverages, condiments, spices",7,"No","No","No","No","Yes","No","No","No","No","No",""
"65-21-97-07","Cereals- rice, maize, chapatti, wheat, sorghum, bread, etc",7,"Yes","No","No","No","Yes","No","No","No","No","No",""
"65-21-97-07","Vegetables- spinach, pumpkin, cabbage, tomato, onion",5,"No","No","No","No","Yes","No","No","No","No","No",""
"65-21-97-07","Fruits- orange, mango, guava, rice paw paw/papaya, pineapple, etc",5,"Yes","No","No","No","No","No","No","No","No","No",""
"65-21-97-07","Eggs",7,"Yes","No","No","No","No","No","No","No","No","No",""
"65-21-97-07","Fish and seafood (dried or fresh)- sardines, dagaa/omena",5,"No","No","No","No","Yes","No","No","No","No","No",""
"65-21-97-07","Pulses, legumes, nuts, seeds",1,"No","No","No","No","Yes","No","No","No","No","No",""
"65-21-97-07","Oil/fats- oil, fat, butter, ghee, etc",7,"No","No","No","No","Yes","No","No","No","No","No",""
"65-21-97-07","Sugar and sweets- sugar, honey, sweets, desserts",7,"No","No","No","No","Yes","No","No","No","No","No",""
"65-21-97-07","Miscellaneous- tea, coffee, beverages, condiments, spices",7,"No","No","No","No","Yes","No","No","No","No","No",""
"71-15-20-71","Cereals- rice, maize, chapatti, wheat, sorghum, bread, etc",7,"Yes","No","No","No","No","No","No","No","No","No",""
"71-15-20-71","Vegetables- spinach, pumpkin, cabbage, tomato, onion",7,"Yes","No","No","No","No","No","No","No","No","No",""
"71-15-20-71","Fish and seafood (dried or fresh)- sardines, dagaa/omena",3,"No","No","No","No","Yes","No","No","No","No","No",""
"71-15-20-71","Pulses, legumes, nuts, seeds",4,"No","No","No","No","Yes","No","No","No","No","No",""
"71-15-20-71","Oil/fats- oil, fat, butter, ghee, etc",7,"No","No","No","No","Yes","No","No","No","No","No",""
"45-78-55-42","Cereals- rice, maize, chapatti, wheat, sorghum, bread, etc",7,"Yes","No","No","No","Yes","No","No","No","No","No",""
"45-78-55-42","Roots and tubers- potato, sweet potato, cassava, arrow roots, cooking banana",3,"No","No","No","No","Yes","No","No","No","No","No",""
"45-78-55-42","Vegetables- spinach, pumpkin, cabbage, tomato, onion",4,"No","No","No","No","Yes","No","No","No","No","No",""
"45-78-55-42","Fruits- orange, mango, guava, rice paw paw/papaya, pineapple, etc",1,"No","No","No","No","Yes","No","No","No","No","No",""
"45-78-55-42","Oil/fats- oil, fat, butter, ghee, etc",7,"No","No","No","No","Yes","No","No","No","No","No",""
"45-78-55-42","Sugar and sweets- sugar, honey, sweets, desserts",7,"No","No","No","No","Yes","No","No","No","No","No",""
"45-78-55-42","Miscellaneous- tea, coffee, beverages, condiments, spices",7,"No","No","No","No","Yes","No","No","No","No","No",""
"79-58-56-71","Cereals- rice, maize, chapatti, wheat, sorghum, bread, etc",7,"Yes","No","No","No","No","No","No","No","No","No",""
"79-58-56-71","Roots and tubers- potato, sweet potato, cassava, arrow roots, cooking banana",7,"Yes","No","No","No","Yes","No","No","No","No","No",""
"79-58-56-71","Vegetables- spinach, pumpkin, cabbage, tomato, onion",3,"No","No","No","No","Yes","No","No","No","No","No",""
"79-58-56-71","Fish and seafood (dried or fresh)- sardines, dagaa/omena",2,"No","No","No","No","Yes","No","No","No","No","No",""
"79-58-56-71","Pulses, legumes, nuts, seeds",7,"No","No","No","No","Yes","No","No","No","No","No",""
"79-58-56-71","Oil/fats- oil, fat, butter, ghee, etc",7,"No","No","No","No","Yes","No","No","No","No","No",""
"79-58-56-71","Sugar and sweets- sugar, honey, sweets, desserts",6,"No","No","No","No","Yes","No","No","No","No","No",""
"03-48-58-80","Cereals- rice, maize, chapatti, wheat, sorghum, bread, etc",7,"Yes","No","No","No","Yes","No","No","No","No","No",""
"03-48-58-80","Roots and tubers- potato, sweet potato, cassava, arrow roots, cooking banana",2,"No","No","No","No","Yes","No","No","No","No","No",""
"03-48-58-80","Vegetables- spinach, pumpkin, cabbage, tomato, onion",1,"No","No","No","No","No","No","No","Yes","No","No",""
"03-48-58-80","Fruits- orange, mango, guava, rice paw paw/papaya, pineapple, etc",2,"No","No","No","No","Yes","No","No","No","No","No",""
"03-48-58-80","Meat, poultry, organ meat- goat, sheep, cow, chicken, liver, kidney, intestines",1,"No","No","No","No","Yes","No","No","No","No","No",""
"03-48-58-80","Fish and seafood (dried or fresh)- sardines, dagaa/omena",2,"No","No","No","No","Yes","No","No","No","No","No",""
"03-48-58-80","Pulses, legumes, nuts, seeds",3,"No","No","No","No","Yes","No","No","No","No","No",""
"03-48-58-80","Oil/fats- oil, fat, butter, ghee, etc",7,"No","No","No","No","Yes","No","No","No","No","No",""
"03-48-58-80","Miscellaneous- tea, coffee, beverages, condiments, spices",7,"No","No","No","No","Yes","No","No","No","No","No",""
"27-44-99-33","Cereals- rice, maize, chapatti, wheat, sorghum, bread, etc",7,"Yes","No","No","No","Yes","No","No","No","No","No",""
"27-44-99-33","Roots and tubers- potato, sweet potato, cassava, arrow roots, cooking banana",3,"No","No","No","No","Yes","No","No","No","No","No",""
"27-44-99-33","Vegetables- spinach, pumpkin, cabbage, tomato, onion",3,"No","No","No","No","Yes","No","No","No","No","No",""
"27-44-99-33","Fruits- orange, mango, guava, rice paw paw/papaya, pineapple, etc",2,"No","No","No","No","Yes","No","No","No","No","No",""
"27-44-99-33","Fish and seafood (dried or fresh)- sardines, dagaa/omena",7,"No","No","No","No","Yes","No","No","No","No","No",""
"27-44-99-33","Oil/fats- oil, fat, butter, ghee, etc",7,"No","No","No","No","Yes","No","No","No","No","No",""
"27-44-99-33","Sugar and sweets- sugar, honey, sweets, desserts",7,"No","No","No","No","Yes","No","No","No","No","No",""
"27-44-99-33","Miscellaneous- tea, coffee, beverages, condiments, spices",7,"No","No","No","No","Yes","No","No","No","No","No",""
"36-68-49-71","Cereals- rice, maize, chapatti, wheat, sorghum, bread, etc",7,"Yes","No","No","No","Yes","No","No","No","No","No",""
"36-68-49-71","Roots and tubers- potato, sweet potato, cassava, arrow roots, cooking banana",3,"No","No","No","No","Yes","No","No","No","No","No",""
"36-68-49-71","Vegetables- spinach, pumpkin, cabbage, tomato, onion",4,"No","No","No","No","Yes","No","No","No","No","No",""
"36-68-49-71","Pulses, legumes, nuts, seeds",3,"No","No","No","No","Yes","No","No","No","No","No",""
"36-68-49-71","Oil/fats- oil, fat, butter, ghee, etc",7,"No","No","No","No","Yes","No","No","No","No","No",""
"36-68-49-71","Sugar and sweets- sugar, honey, sweets, desserts",7,"No","No","No","No","Yes","No","No","No","No","No",""
"36-68-49-71","Miscellaneous- tea, coffee, beverages, condiments, spices",7,"No","No","No","No","Yes","No","No","No","No","No",""
"68-16-01-33","Cereals- rice, maize, chapatti, wheat, sorghum, bread, etc",7,"Yes","No","No","No","No","No","No","No","No","No",""
"68-16-01-33","Roots and tubers- potato, sweet potato, cassava, arrow roots, cooking banana",4,"Yes","No","No","No","Yes","No","No","No","No","No",""
"68-16-01-33","Vegetables- spinach, pumpkin, cabbage, tomato, onion",4,"No","No","No","No","Yes","No","No","No","No","No",""
"68-16-01-33","Fruits- orange, mango, guava, rice paw paw/papaya, pineapple, etc",2,"No","No","No","No","Yes","No","No","No","No","No",""
"68-16-01-33","Fish and seafood (dried or fresh)- sardines, dagaa/omena",3,"No","No","No","No","Yes","No","No","No","No","No",""
"68-16-01-33","Pulses, legumes, nuts, seeds",2,"No","No","No","No","Yes","No","No","No","No","No",""
"68-16-01-33","Oil/fats- oil, fat, butter, ghee, etc",7,"No","No","No","No","Yes","No","No","No","No","No",""
"68-16-01-33","Sugar and sweets- sugar, honey, sweets, desserts",7,"No","No","No","No","Yes","No","No","No","No","No",""
"68-16-01-33","Miscellaneous- tea, coffee, beverages, condiments, spices",7,"No","No","No","No","Yes","No","No","No","No","No",""
"61-84-87-27","Cereals- rice, maize, chapatti, wheat, sorghum, bread, etc",7,"Yes","No","No","No","Yes","No","No","No","No","No",""
"61-84-87-27","Roots and tubers- potato, sweet potato, cassava, arrow roots, cooking banana",3,"No","No","No","No","Yes","No","No","No","No","No",""
"61-84-87-27","Vegetables- spinach, pumpkin, cabbage, tomato, onion",7,"No","No","No","No","Yes","No","No","No","No","No",""
"61-84-87-27","Fruits- orange, mango, guava, rice paw paw/papaya, pineapple, etc",3,"No","No","No","No","Yes","No","No","No","No","No",""
"61-84-87-27","Meat, poultry, organ meat- goat, sheep, cow, chicken, liver, kidney, intestines",2,"No","No","No","No","Yes","No","No","No","No","No",""
"61-84-87-27","Eggs",1,"Yes","No","No","No","No","No","No","No","No","No",""
"61-84-87-27","Fish and seafood (dried or fresh)- sardines, dagaa/omena",4,"No","No","No","No","Yes","No","No","No","No","No",""
"61-84-87-27","Pulses, legumes, nuts, seeds",2,"No","No","No","No","Yes","No","No","No","No","No",""
"61-84-87-27","Sugar and sweets- sugar, honey, sweets, desserts",7,"No","No","No","No","Yes","No","No","No","No","No",""
"61-84-87-27","Miscellaneous- tea, coffee, beverages, condiments, spices",7,"No","No","No","No","Yes","No","No","No","No","No",""
"52-39-81-92","Cereals- rice, maize, chapatti, wheat, sorghum, bread, etc",7,"Yes","No","No","No","No","No","No","No","No","No",""
"52-39-81-92","Roots and tubers- potato, sweet potato, cassava, arrow roots, cooking banana",3,"Yes","No","No","No","Yes","No","No","No","No","No",""
"52-39-81-92","Vegetables- spinach, pumpkin, cabbage, tomato, onion",1,"No","No","No","No","Yes","No","No","No","No","No",""
"52-39-81-92","Fruits- orange, mango, guava, rice paw paw/papaya, pineapple, etc",3,"No","No","No","No","Yes","No","No","No","No","No",""
"52-39-81-92","Fish and seafood (dried or fresh)- sardines, dagaa/omena",7,"No","No","No","No","Yes","No","No","No","No","No",""
"52-39-81-92","Oil/fats- oil, fat, butter, ghee, etc",7,"No","No","No","No","Yes","No","No","No","No","No",""
"52-39-81-92","Sugar and sweets- sugar, honey, sweets, desserts",7,"No","No","No","No","Yes","No","No","No","No","No",""
"52-39-81-92","Miscellaneous- tea, coffee, beverages, condiments, spices",7,"No","No","No","No","Yes","No","No","No","No","No",""
"53-10-37-83","Cereals- rice, maize, chapatti, wheat, sorghum, bread, etc",7,"Yes","No","No","No","Yes","No","No","No","No","No",""
"53-10-37-83","Vegetables- spinach, pumpkin, cabbage, tomato, onion",7,"No","No","No","No","Yes","No","No","No","No","No",""
"53-10-37-83","Fruits- orange, mango, guava, rice paw paw/papaya, pineapple, etc",1,"No","No","No","No","Yes","No","No","No","No","No",""
"53-10-37-83","Fish and seafood (dried or fresh)- sardines, dagaa/omena",7,"No","No","No","No","Yes","No","No","No","No","No",""
"53-10-37-83","Oil/fats- oil, fat, butter, ghee, etc",7,"No","No","No","No","Yes","No","No","No","No","No",""
"53-10-37-83","Miscellaneous- tea, coffee, beverages, condiments, spices",7,"No","No","No","No","Yes","No","No","No","No","No",""
"20-43-08-03","Cereals- rice, maize, chapatti, wheat, sorghum, bread, etc",7,"Yes","No","No","No","Yes","No","No","No","No","No",""
"20-43-08-03","Roots and tubers- potato, sweet potato, cassava, arrow roots, cooking banana",1,"No","No","No","No","Yes","No","No","No","No","No",""
"20-43-08-03","Vegetables- spinach, pumpkin, cabbage, tomato, onion",5,"No","No","No","No","Yes","No","No","No","No","No",""
"20-43-08-03","Meat, poultry, organ meat- goat, sheep, cow, chicken, liver, kidney, intestines",3,"No","No","No","No","Yes","No","No","No","No","No",""
"20-43-08-03","Fish and seafood (dried or fresh)- sardines, dagaa/omena",3,"No","No","No","No","Yes","No","No","No","No","No",""
"20-43-08-03","Milk and milk products- fresh, powdered, yogurt, cheese, etc",4,"Yes","No","No","No","No","No","No","No","No","No",""
"20-43-08-03","Oil/fats- oil, fat, butter, ghee, etc",7,"No","No","No","No","Yes","No","No","No","No","No",""
"20-43-08-03","Sugar and sweets- sugar, honey, sweets, desserts",7,"No","No","No","No","Yes","No","No","No","No","No",""
"20-43-08-03","Miscellaneous- tea, coffee, beverages, condiments, spices",2,"No","No","No","No","Yes","No","No","No","No","No",""
"82-59-96-75","Cereals- rice, maize, chapatti, wheat, sorghum, bread, etc",7,"Yes","No","No","No","Yes","No","No","No","No","No",""
"82-59-96-75","Roots and tubers- potato, sweet potato, cassava, arrow roots, cooking banana",1,"No","No","No","No","Yes","No","No","No","No","No",""
"82-59-96-75","Vegetables- spinach, pumpkin, cabbage, tomato, onion",4,"No","No","No","No","Yes","No","No","No","No","No",""
"82-59-96-75","Fruits- orange, mango, guava, rice paw paw/papaya, pineapple, etc",3,"No","No","No","No","Yes","No","No","No","No","No",""
"82-59-96-75","Meat, poultry, organ meat- goat, sheep, cow, chicken, liver, kidney, intestines",1,"No","No","No","No","Yes","No","No","No","No","No",""
"82-59-96-75","Fish and seafood (dried or fresh)- sardines, dagaa/omena",5,"No","No","No","No","Yes","No","No","No","No","No",""
"82-59-96-75","Pulses, legumes, nuts, seeds",1,"No","No","No","No","Yes","No","No","No","No","No",""
"82-59-96-75","Oil/fats- oil, fat, butter, ghee, etc",7,"No","No","No","No","Yes","No","No","No","No","No",""
"82-59-96-75","Sugar and sweets- sugar, honey, sweets, desserts",5,"No","No","No","No","Yes","No","No","No","No","No",""
"82-59-96-75","Miscellaneous- tea, coffee, beverages, condiments, spices",5,"No","No","No","No","Yes","No","No","No","No","No",""
"00-90-86-19","Cereals- rice, maize, chapatti, wheat, sorghum, bread, etc",7,"Yes","No","No","No","Yes","No","No","No","No","No",""
"00-90-86-19","Roots and tubers- potato, sweet potato, cassava, arrow roots, cooking banana",1,"No","No","No","No","Yes","No","No","No","No","No",""
"00-90-86-19","Vegetables- spinach, pumpkin, cabbage, tomato, onion",7,"Yes","No","No","No","No","No","No","No","No","No",""
"00-90-86-19","Fruits- orange, mango, guava, rice paw paw/papaya, pineapple, etc",7,"No","No","No","No","Yes","No","No","No","No","No",""
"00-90-86-19","Oil/fats- oil, fat, butter, ghee, etc",7,"Yes","No","No","No","No","No","No","No","No","No",""
"00-90-86-19","Sugar and sweets- sugar, honey, sweets, desserts",1,"No","No","No","No","Yes","No","No","No","No","No",""
"00-90-86-19","Miscellaneous- tea, coffee, beverages, condiments, spices",1,"Yes","No","No","No","No","No","No","No","No","No",""
"49-39-09-00","Cereals- rice, maize, chapatti, wheat, sorghum, bread, etc",7,"Yes","No","No","No","No","No","No","No","No","No",""
"49-39-09-00","Roots and tubers- potato, sweet potato, cassava, arrow roots, cooking banana",4,"Yes","No","No","No","Yes","No","No","No","No","No",""
"49-39-09-00","Vegetables- spinach, pumpkin, cabbage, tomato, onion",5,"Yes","No","No","No","No","No","No","No","No","No",""
"49-39-09-00","Fruits- orange, mango, guava, rice paw paw/papaya, pineapple, etc",7,"Yes","No","No","No","No","No","No","No","No","No",""
"49-39-09-00","Fish and seafood (dried or fresh)- sardines, dagaa/omena",5,"No","No","No","No","Yes","No","No","No","No","No",""
"49-39-09-00","Oil/fats- oil, fat, butter, ghee, etc",7,"No","No","No","No","Yes","No","No","No","No","No",""
"49-39-09-00","Sugar and sweets- sugar, honey, sweets, desserts",4,"No","No","No","No","Yes","No","Yes","No","No","No",""
"49-39-09-00","Miscellaneous- tea, coffee, beverages, condiments, spices",5,"No","No","No","No","Yes","No","No","Yes","No","No",""
"72-52-50-05","Cereals- rice, maize, chapatti, wheat, sorghum, bread, etc",7,"Yes","No","No","No","No","No","No","No","No","No",""
"72-52-50-05","Roots and tubers- potato, sweet potato, cassava, arrow roots, cooking banana",5,"Yes","No","No","No","No","No","No","No","No","No",""
"72-52-50-05","Vegetables- spinach, pumpkin, cabbage, tomato, onion",7,"Yes","No","No","No","No","No","No","No","No","No",""
"72-52-50-05","Fish and seafood (dried or fresh)- sardines, dagaa/omena",2,"No","No","No","No","Yes","No","No","No","No","No",""
"72-52-50-05","Pulses, legumes, nuts, seeds",1,"No","No","No","No","Yes","No","No","No","No","No",""
"72-52-50-05","Oil/fats- oil, fat, butter, ghee, etc",7,"No","No","No","No","Yes","No","No","No","No","No",""
"55-72-94-92","Cereals- rice, maize, chapatti, wheat, sorghum, bread, etc",7,"No","No","No","No","Yes","No","No","No","No","No",""
"55-72-94-92","Vegetables- spinach, pumpkin, cabbage, tomato, onion",7,"No","No","No","No","Yes","No","No","No","No","No",""
"55-72-94-92","Fruits- orange, mango, guava, rice paw paw/papaya, pineapple, etc",2,"No","No","No","No","Yes","No","No","No","No","No",""
"55-72-94-92","Eggs",4,"No","Yes","No","No","No","No","No","No","No","No",""
"58-19-75-80","Cereals- rice, maize, chapatti, wheat, sorghum, bread, etc",7,"Yes","No","No","No","Yes","No","No","No","No","No",""
"58-19-75-80","Vegetables- spinach, pumpkin, cabbage, tomato, onion",2,"No","No","No","No","Yes","No","No","No","No","No",""
"58-19-75-80","Fruits- orange, mango, guava, rice paw paw/papaya, pineapple, etc",6,"No","No","No","No","Yes","No","No","No","No","No",""
"58-19-75-80","Meat, poultry, organ meat- goat, sheep, cow, chicken, liver, kidney, intestines",2,"No","No","No","No","Yes","No","No","No","No","No",""
"58-19-75-80","Fish and seafood (dried or fresh)- sardines, dagaa/omena",3,"No","No","No","No","Yes","No","No","No","No","No",""
"58-19-75-80","Pulses, legumes, nuts, seeds",1,"No","No","No","No","Yes","No","No","No","No","No",""
"58-19-75-80","Milk and milk products- fresh, powdered, yogurt, cheese, etc",3,"No","No","No","No","Yes","No","No","No","No","No",""
"58-19-75-80","Oil/fats- oil, fat, butter, ghee, etc",7,"No","No","No","No","Yes","No","No","No","No","No",""
"58-19-75-80","Sugar and sweets- sugar, honey, sweets, desserts",5,"No","No","No","No","Yes","No","No","No","No","No",""
"29-86-85-66","Cereals- rice, maize, chapatti, wheat, sorghum, bread, etc",7,"Yes","No","No","No","Yes","No","No","No","No","No",""
"29-86-85-66","Vegetables- spinach, pumpkin, cabbage, tomato, onion",7,"Yes","No","No","No","No","No","No","No","No","No",""
"29-86-85-66","Fruits- orange, mango, guava, rice paw paw/papaya, pineapple, etc",6,"Yes","No","No","No","Yes","No","No","No","No","No",""
"29-86-85-66","Oil/fats- oil, fat, butter, ghee, etc",7,"No","No","No","No","Yes","No","No","No","No","No",""
"29-86-85-66","Sugar and sweets- sugar, honey, sweets, desserts",7,"No","No","No","No","Yes","No","No","No","No","No",""
"75-69-40-10","Cereals- rice, maize, chapatti, wheat, sorghum, bread, etc",7,"Yes","No","No","No","No","No","No","No","No","No",""
"75-69-40-10","Roots and tubers- potato, sweet potato, cassava, arrow roots, cooking banana",7,"Yes","No","No","No","No","No","No","Yes","No","No",""
"75-69-40-10","Vegetables- spinach, pumpkin, cabbage, tomato, onion",7,"No","No","No","No","Yes","No","No","No","No","No",""
"75-69-40-10","Fruits- orange, mango, guava, rice paw paw/papaya, pineapple, etc",3,"No","No","No","No","Yes","No","No","No","No","No",""
"75-69-40-10","Meat, poultry, organ meat- goat, sheep, cow, chicken, liver, kidney, intestines",2,"No","No","No","No","Yes","No","No","No","No","No",""
"75-69-40-10","Fish and seafood (dried or fresh)- sardines, dagaa/omena",5,"No","No","No","No","Yes","No","No","No","No","No",""
"75-69-40-10","Oil/fats- oil, fat, butter, ghee, etc",7,"No","No","No","No","Yes","No","No","No","No","No",""
"75-69-40-10","Miscellaneous- tea, coffee, beverages, condiments, spices",7,"No","No","No","No","Yes","No","No","No","No","No",""
"44-12-79-34","Cereals- rice, maize, chapatti, wheat, sorghum, bread, etc",7,"Yes","No","No","No","Yes","No","No","No","No","No",""
"44-12-79-34","Vegetables- spinach, pumpkin, cabbage, tomato, onion",7,"Yes","No","No","No","Yes","No","No","No","No","No",""
"44-12-79-34","Fruits- orange, mango, guava, rice paw paw/papaya, pineapple, etc",1,"No","No","No","No","Yes","No","No","No","No","No",""
"44-12-79-34","Fish and seafood (dried or fresh)- sardines, dagaa/omena",2,"No","No","No","No","Yes","No","No","No","No","No",""
"44-12-79-34","Oil/fats- oil, fat, butter, ghee, etc",7,"No","No","No","No","Yes","No","No","No","No","No",""
"44-12-79-34","Sugar and sweets- sugar, honey, sweets, desserts",7,"No","No","No","No","Yes","No","No","No","No","No",""
"91-78-46-88","Cereals- rice, maize, chapatti, wheat, sorghum, bread, etc",7,"Yes","No","No","No","No","No","No","No","No","No",""
"91-78-46-88","Roots and tubers- potato, sweet potato, cassava, arrow roots, cooking banana",7,"Yes","No","No","No","Yes","No","No","No","No","No",""
"91-78-46-88","Vegetables- spinach, pumpkin, cabbage, tomato, onion",7,"No","No","No","No","Yes","No","No","No","No","No",""
"91-78-46-88","Fruits- orange, mango, guava, rice paw paw/papaya, pineapple, etc",4,"Yes","No","No","No","Yes","No","No","No","No","No",""
"91-78-46-88","Fish and seafood (dried or fresh)- sardines, dagaa/omena",2,"No","No","No","No","Yes","No","No","No","No","No",""
"91-78-46-88","Oil/fats- oil, fat, butter, ghee, etc",7,"No","No","No","No","Yes","No","No","No","No","No",""
"91-78-46-88","Sugar and sweets- sugar, honey, sweets, desserts",7,"No","No","No","No","Yes","No","No","No","No","No",""
"91-78-46-88","Miscellaneous- tea, coffee, beverages, condiments, spices",7,"No","No","No","No","Yes","No","No","No","No","No",""
"37-25-02-09","Cereals- rice, maize, chapatti, wheat, sorghum, bread, etc",7,"Yes","No","No","No","Yes","No","No","No","No","No",""
"37-25-02-09","Vegetables- spinach, pumpkin, cabbage, tomato, onion",4,"No","No","No","No","Yes","No","No","No","No","No",""
"37-25-02-09","Fruits- orange, mango, guava, rice paw paw/papaya, pineapple, etc",4,"No","No","No","No","Yes","No","No","No","No","No",""
"37-25-02-09","Meat, poultry, organ meat- goat, sheep, cow, chicken, liver, kidney, intestines",1,"No","No","No","No","Yes","No","No","No","No","No",""
"37-25-02-09","Pulses, legumes, nuts, seeds",7,"No","No","No","No","Yes","No","No","No","No","No",""
"37-25-02-09","Oil/fats- oil, fat, butter, ghee, etc",7,"No","No","No","No","Yes","No","No","No","No","No",""
"37-25-02-09","Sugar and sweets- sugar, honey, sweets, desserts",7,"No","No","No","No","Yes","No","No","No","No","No",""
"37-25-02-09","Miscellaneous- tea, coffee, beverages, condiments, spices",7,"No","No","No","No","Yes","No","No","No","No","No",""
"88-73-32-16","Cereals- rice, maize, chapatti, wheat, sorghum, bread, etc",7,"Yes","No","No","No","Yes","No","No","No","No","No",""
"88-73-32-16","Roots and tubers- potato, sweet potato, cassava, arrow roots, cooking banana",3,"No","No","No","No","Yes","No","No","No","No","No",""
"88-73-32-16","Vegetables- spinach, pumpkin, cabbage, tomato, onion",5,"No","No","No","No","Yes","No","No","No","No","No",""
"88-73-32-16","Meat, poultry, organ meat- goat, sheep, cow, chicken, liver, kidney, intestines",4,"No","No","No","No","Yes","No","No","No","No","No",""
"88-73-32-16","Fish and seafood (dried or fresh)- sardines, dagaa/omena",3,"No","No","No","No","Yes","No","No","No","No","No",""
"88-73-32-16","Pulses, legumes, nuts, seeds",1,"No","No","No","No","Yes","No","No","No","No","No",""
"88-73-32-16","Oil/fats- oil, fat, butter, ghee, etc",7,"No","No","No","No","Yes","No","No","No","No","No",""
"88-73-32-16","Sugar and sweets- sugar, honey, sweets, desserts",7,"No","No","No","No","Yes","No","No","No","No","No",""
"88-73-32-16","Miscellaneous- tea, coffee, beverages, condiments, spices",3,"No","No","No","No","Yes","No","No","No","No","No",""
"55-56-00-41","Cereals- rice, maize, chapatti, wheat, sorghum, bread, etc",7,"Yes","No","No","No","Yes","No","No","No","No","No",""
"55-56-00-41","Vegetables- spinach, pumpkin, cabbage, tomato, onion",7,"No","No","No","No","Yes","No","No","No","No","No",""
"55-56-00-41","Meat, poultry, organ meat- goat, sheep, cow, chicken, liver, kidney, intestines",1,"No","No","No","No","Yes","No","No","No","No","No",""
"55-56-00-41","Fish and seafood (dried or fresh)- sardines, dagaa/omena",2,"No","No","No","No","Yes","No","No","No","No","No",""
"55-56-00-41","Pulses, legumes, nuts, seeds",2,"No","No","No","No","Yes","No","No","No","No","No",""
"55-56-00-41","Oil/fats- oil, fat, butter, ghee, etc",7,"No","No","No","No","Yes","No","No","No","No","No",""
"55-56-00-41","Sugar and sweets- sugar, honey, sweets, desserts",7,"No","No","No","No","Yes","No","No","No","No","No",""
"55-56-00-41","Miscellaneous- tea, coffee, beverages, condiments, spices",7,"No","No","No","No","Yes","No","No","No","No","No",""
"34-77-61-74","Cereals- rice, maize, chapatti, wheat, sorghum, bread, etc",7,"Yes","No","No","No","Yes","No","No","No","No","No",""
"34-77-61-74","Roots and tubers- potato, sweet potato, cassava, arrow roots, cooking banana",1,"No","No","No","No","Yes","No","No","No","No","No",""
"34-77-61-74","Vegetables- spinach, pumpkin, cabbage, tomato, onion",5,"No","No","No","No","Yes","No","No","No","No","No",""
"34-77-61-74","Pulses, legumes, nuts, seeds",2,"No","No","No","No","Yes","No","No","No","No","No",""
"34-77-61-74","Oil/fats- oil, fat, butter, ghee, etc",7,"No","No","No","No","Yes","No","No","No","No","No",""
"34-77-61-74","Miscellaneous- tea, coffee, beverages, condiments, spices",7,"No","No","No","No","Yes","No","No","No","No","No",""
"33-67-48-86","Cereals- rice, maize, chapatti, wheat, sorghum, bread, etc",7,"Yes","No","No","No","No","No","No","No","No","No",""
"33-67-48-86","Vegetables- spinach, pumpkin, cabbage, tomato, onion",7,"No","No","No","No","Yes","No","No","No","No","No",""
"33-67-48-86","Meat, poultry, organ meat- goat, sheep, cow, chicken, liver, kidney, intestines",1,"No","No","No","No","Yes","No","No","No","No","No",""
"33-67-48-86","Oil/fats- oil, fat, butter, ghee, etc",7,"No","No","No","No","Yes","No","No","No","No","No",""
"94-42-36-98","Cereals- rice, maize, chapatti, wheat, sorghum, bread, etc",7,"Yes","No","No","No","No","No","No","No","No","No",""
"94-42-36-98","Roots and tubers- potato, sweet potato, cassava, arrow roots, cooking banana",2,"No","No","No","No","Yes","No","No","No","No","No",""
"94-42-36-98","Vegetables- spinach, pumpkin, cabbage, tomato, onion",5,"No","No","No","No","Yes","No","No","No","No","No",""
"94-42-36-98","Fish and seafood (dried or fresh)- sardines, dagaa/omena",2,"No","No","No","No","Yes","No","No","No","No","No",""
"94-42-36-98","Pulses, legumes, nuts, seeds",2,"No","No","No","No","Yes","No","No","No","No","No",""
"94-42-36-98","Oil/fats- oil, fat, butter, ghee, etc",7,"No","No","No","No","Yes","No","No","No","No","No",""
"94-42-36-98","Sugar and sweets- sugar, honey, sweets, desserts",1,"No","No","No","No","Yes","No","No","No","No","No",""
"94-42-36-98","Miscellaneous- tea, coffee, beverages, condiments, spices",1,"Yes","No","No","No","No","No","No","No","No","No",""
"76-40-74-03","Cereals- rice, maize, chapatti, wheat, sorghum, bread, etc",7,"Yes","No","No","No","Yes","No","No","No","No","No",""
"76-40-74-03","Roots and tubers- potato, sweet potato, cassava, arrow roots, cooking banana",7,"Yes","No","No","No","No","No","No","No","No","No",""
"76-40-74-03","Vegetables- spinach, pumpkin, cabbage, tomato, onion",7,"No","No","No","No","Yes","No","No","No","No","No",""
"76-40-74-03","Fruits- orange, mango, guava, rice paw paw/papaya, pineapple, etc",7,"No","No","No","No","Yes","No","No","No","No","No",""
"76-40-74-03","Oil/fats- oil, fat, butter, ghee, etc",7,"No","No","No","No","Yes","No","No","No","No","No",""
"76-40-74-03","Sugar and sweets- sugar, honey, sweets, desserts",7,"No","No","No","No","Yes","No","No","No","No","No",""
"06-67-72-60","Cereals- rice, maize, chapatti, wheat, sorghum, bread, etc",7,"Yes","No","No","No","No","No","No","No","No","No",""
"06-67-72-60","Roots and tubers- potato, sweet potato, cassava, arrow roots, cooking banana",7,"No","No","No","No","Yes","No","No","No","No","No",""
"06-67-72-60","Vegetables- spinach, pumpkin, cabbage, tomato, onion",4,"No","No","No","No","Yes","No","No","No","No","No",""
"06-67-72-60","Fruits- orange, mango, guava, rice paw paw/papaya, pineapple, etc",1,"No","No","No","No","Yes","No","No","No","No","No",""
"06-67-72-60","Oil/fats- oil, fat, butter, ghee, etc",7,"No","No","No","No","Yes","No","No","No","No","No",""
"28-69-62-69","Cereals- rice, maize, chapatti, wheat, sorghum, bread, etc",7,"Yes","No","No","No","No","No","No","No","No","No",""
"28-69-62-69","Vegetables- spinach, pumpkin, cabbage, tomato, onion",7,"No","No","No","No","Yes","No","No","No","No","No",""
"28-69-62-69","Fish and seafood (dried or fresh)- sardines, dagaa/omena",7,"No","No","No","Yes","Yes","No","No","No","No","No",""
"28-69-62-69","Oil/fats- oil, fat, butter, ghee, etc",7,"No","No","No","No","Yes","No","No","No","No","No",""
"49-95-19-41","Cereals- rice, maize, chapatti, wheat, sorghum, bread, etc",7,"No","No","No","No","Yes","No","No","No","No","No",""
"49-95-19-41","Vegetables- spinach, pumpkin, cabbage, tomato, onion",7,"No","No","No","No","Yes","No","No","No","No","No",""
"49-95-19-41","Fish and seafood (dried or fresh)- sardines, dagaa/omena",1,"No","No","No","No","Yes","No","No","No","No","No",""
"49-95-19-41","Pulses, legumes, nuts, seeds",7,"No","No","No","No","Yes","No","No","No","No","No",""
"75-71-59-88","Cereals- rice, maize, chapatti, wheat, sorghum, bread, etc",7,"Yes","No","No","No","Yes","No","No","No","No","No",""
"75-71-59-88","Roots and tubers- potato, sweet potato, cassava, arrow roots, cooking banana",4,"Yes","No","No","No","Yes","No","No","No","No","No",""
"75-71-59-88","Vegetables- spinach, pumpkin, cabbage, tomato, onion",5,"Yes","No","No","No","Yes","No","No","No","No","No",""
"75-71-59-88","Fruits- orange, mango, guava, rice paw paw/papaya, pineapple, etc",4,"No","No","No","No","Yes","No","No","No","No","No",""
"75-71-59-88","Meat, poultry, organ meat- goat, sheep, cow, chicken, liver, kidney, intestines",2,"No","No","No","No","Yes","No","No","No","No","No",""
"75-71-59-88","Fish and seafood (dried or fresh)- sardines, dagaa/omena",4,"No","No","No","No","Yes","No","No","No","No","No",""
"75-71-59-88","Pulses, legumes, nuts, seeds",1,"No","No","No","No","Yes","No","No","No","No","No",""
"75-71-59-88","Oil/fats- oil, fat, butter, ghee, etc",7,"No","No","No","No","Yes","No","No","No","No","No",""
"75-71-59-88","Sugar and sweets- sugar, honey, sweets, desserts",7,"No","No","No","No","Yes","No","No","No","No","No",""
"75-71-59-88","Miscellaneous- tea, coffee, beverages, condiments, spices",5,"No","No","No","No","Yes","No","No","No","No","No",""
"49-01-19-20","Cereals- rice, maize, chapatti, wheat, sorghum, bread, etc",7,"Yes","No","No","No","Yes","No","No","No","No","No",""
"49-01-19-20","Vegetables- spinach, pumpkin, cabbage, tomato, onion",2,"Yes","No","No","No","No","No","No","No","No","No",""
"49-01-19-20","Fish and seafood (dried or fresh)- sardines, dagaa/omena",7,"No","No","No","No","Yes","No","No","No","No","No",""
"49-01-19-20","Pulses, legumes, nuts, seeds",4,"No","No","No","No","Yes","No","No","No","No","No",""
"49-01-19-20","Oil/fats- oil, fat, butter, ghee, etc",7,"No","No","No","No","Yes","No","No","No","No","No",""
"49-01-19-20","Miscellaneous- tea, coffee, beverages, condiments, spices",7,"No","No","No","No","Yes","No","No","No","No","No",""
"06-30-46-81","Cereals- rice, maize, chapatti, wheat, sorghum, bread, etc",7,"Yes","No","No","No","Yes","No","No","No","No","No",""
"06-30-46-81","Roots and tubers- potato, sweet potato, cassava, arrow roots, cooking banana",3,"No","No","No","No","Yes","No","No","No","No","No",""
"06-30-46-81","Vegetables- spinach, pumpkin, cabbage, tomato, onion",3,"No","No","No","No","Yes","No","No","No","No","No",""
"06-30-46-81","Fish and seafood (dried or fresh)- sardines, dagaa/omena",7,"No","No","No","No","Yes","No","No","No","No","No",""
"06-30-46-81","Pulses, legumes, nuts, seeds",2,"No","No","No","No","Yes","No","No","No","No","No",""
"06-30-46-81","Oil/fats- oil, fat, butter, ghee, etc",7,"No","No","No","No","Yes","No","No","No","No","No",""
"06-30-46-81","Sugar and sweets- sugar, honey, sweets, desserts",7,"No","No","No","No","Yes","No","No","No","No","No",""
"06-30-46-81","Miscellaneous- tea, coffee, beverages, condiments, spices",7,"No","No","No","No","Yes","No","No","No","No","No",""
"05-55-74-03","Cereals- rice, maize, chapatti, wheat, sorghum, bread, etc",7,"Yes","No","No","No","Yes","No","No","No","No","No",""
"05-55-74-03","Roots and tubers- potato, sweet potato, cassava, arrow roots, cooking banana",3,"No","No","No","No","Yes","No","No","No","No","No",""
"05-55-74-03","Vegetables- spinach, pumpkin, cabbage, tomato, onion",5,"No","No","No","No","Yes","No","No","No","No","No",""
"05-55-74-03","Fruits- orange, mango, guava, rice paw paw/papaya, pineapple, etc",3,"No","No","No","No","Yes","No","No","No","No","No",""
"05-55-74-03","Meat, poultry, organ meat- goat, sheep, cow, chicken, liver, kidney, intestines",2,"Yes","No","No","No","Yes","No","No","No","No","No",""
"05-55-74-03","Eggs",2,"No","No","No","No","Yes","No","No","No","No","No",""
"05-55-74-03","Fish and seafood (dried or fresh)- sardines, dagaa/omena",7,"No","No","No","No","Yes","No","No","No","No","No",""
"05-55-74-03","Pulses, legumes, nuts, seeds",5,"No","No","No","No","Yes","No","No","No","No","No",""
"05-55-74-03","Milk and milk products- fresh, powdered, yogurt, cheese, etc",7,"Yes","No","No","No","No","No","No","No","No","No",""
"05-55-74-03","Oil/fats- oil, fat, butter, ghee, etc",7,"No","No","No","No","Yes","No","No","No","No","No",""
"05-55-74-03","Sugar and sweets- sugar, honey, sweets, desserts",7,"No","No","No","No","Yes","No","No","No","No","No",""
"05-55-74-03","Miscellaneous- tea, coffee, beverages, condiments, spices",7,"No","No","No","No","Yes","No","No","No","No","No",""
"56-78-80-92","Cereals- rice, maize, chapatti, wheat, sorghum, bread, etc",7,"Yes","No","No","No","Yes","No","No","No","No","No",""
"56-78-80-92","Roots and tubers- potato, sweet potato, cassava, arrow roots, cooking banana",3,"No","No","No","No","Yes","No","No","No","No","No",""
"56-78-80-92","Vegetables- spinach, pumpkin, cabbage, tomato, onion",7,"No","No","No","No","Yes","No","No","No","No","No",""
"56-78-80-92","Fruits- orange, mango, guava, rice paw paw/papaya, pineapple, etc",5,"No","No","No","No","Yes","No","No","No","No","No",""
"56-78-80-92","Oil/fats- oil, fat, butter, ghee, etc",7,"No","No","No","No","Yes","No","No","No","No","No",""
"56-78-80-92","Sugar and sweets- sugar, honey, sweets, desserts",7,"No","No","No","No","Yes","No","No","No","No","No",""
"56-78-80-92","Miscellaneous- tea, coffee, beverages, condiments, spices",7,"No","No","No","No","Yes","No","No","No","No","No",""
"25-17-27-31","Cereals- rice, maize, chapatti, wheat, sorghum, bread, etc",7,"Yes","No","No","No","No","No","No","No","No","No",""
"25-17-27-31","Roots and tubers- potato, sweet potato, cassava, arrow roots, cooking banana",4,"No","No","No","No","No","No","No","Yes","No","No",""
"25-17-27-31","Vegetables- spinach, pumpkin, cabbage, tomato, onion",7,"No","No","Yes","No","No","No","No","No","No","No",""
"25-17-27-31","Fruits- orange, mango, guava, rice paw paw/papaya, pineapple, etc",6,"No","No","Yes","No","No","No","No","No","No","No",""
"25-17-27-31","Fish and seafood (dried or fresh)- sardines, dagaa/omena",5,"No","No","No","No","Yes","No","No","No","No","No",""
"25-17-27-31","Oil/fats- oil, fat, butter, ghee, etc",7,"No","No","No","No","Yes","No","No","No","No","No",""
"25-17-27-31","Miscellaneous- tea, coffee, beverages, condiments, spices",7,"No","No","No","No","Yes","No","No","No","No","No",""
"96-39-63-39","Cereals- rice, maize, chapatti, wheat, sorghum, bread, etc",5,"No","No","No","No","Yes","No","No","No","No","No",""
"96-39-63-39","Roots and tubers- potato, sweet potato, cassava, arrow roots, cooking banana",2,"No","No","No","No","No","No","No","Yes","No","No",""
"96-39-63-39","Vegetables- spinach, pumpkin, cabbage, tomato, onion",7,"No","No","No","No","Yes","No","No","No","No","No",""
"96-39-63-39","Fruits- orange, mango, guava, rice paw paw/papaya, pineapple, etc",1,"No","No","No","No","Yes","No","No","No","No","No",""
"96-39-63-39","Fish and seafood (dried or fresh)- sardines, dagaa/omena",1,"No","No","No","No","Yes","No","No","No","No","No",""
"96-39-63-39","Oil/fats- oil, fat, butter, ghee, etc",7,"No","No","No","No","Yes","No","No","No","No","No",""
"81-42-10-54","Cereals- rice, maize, chapatti, wheat, sorghum, bread, etc",7,"Yes","No","No","No","No","No","No","No","No","No",""
"81-42-10-54","Roots and tubers- potato, sweet potato, cassava, arrow roots, cooking banana",2,"No","No","No","No","Yes","No","No","No","No","No",""
"81-42-10-54","Vegetables- spinach, pumpkin, cabbage, tomato, onion",6,"No","No","No","No","Yes","No","No","No","No","No",""
"81-42-10-54","Fruits- orange, mango, guava, rice paw paw/papaya, pineapple, etc",7,"No","No","No","No","Yes","No","No","No","No","No",""
"81-42-10-54","Meat, poultry, organ meat- goat, sheep, cow, chicken, liver, kidney, intestines",1,"No","No","No","No","Yes","No","No","No","No","No",""
"81-42-10-54","Eggs",1,"No","No","No","No","Yes","No","No","No","No","No",""
"81-42-10-54","Fish and seafood (dried or fresh)- sardines, dagaa/omena",5,"No","No","No","No","Yes","No","No","No","No","No",""
"81-42-10-54","Pulses, legumes, nuts, seeds",4,"No","No","No","No","Yes","No","No","No","No","No",""
"81-42-10-54","Milk and milk products- fresh, powdered, yogurt, cheese, etc",1,"No","No","No","No","Yes","No","No","No","No","No",""
"81-42-10-54","Oil/fats- oil, fat, butter, ghee, etc",7,"No","No","No","No","Yes","No","No","No","No","No",""
"81-42-10-54","Sugar and sweets- sugar, honey, sweets, desserts",7,"No","No","No","No","Yes","No","No","No","No","No",""
"81-42-10-54","Miscellaneous- tea, coffee, beverages, condiments, spices",7,"No","No","No","No","Yes","No","No","No","No","No",""
"81-46-38-58","Cereals- rice, maize, chapatti, wheat, sorghum, bread, etc",7,"Yes","No","No","No","No","No","No","Yes","No","No",""
"81-46-38-58","Roots and tubers- potato, sweet potato, cassava, arrow roots, cooking banana",5,"No","No","No","No","Yes","No","No","No","No","No",""
"81-46-38-58","Vegetables- spinach, pumpkin, cabbage, tomato, onion",7,"No","No","Yes","No","No","No","No","No","No","No",""
"81-46-38-58","Fruits- orange, mango, guava, rice paw paw/papaya, pineapple, etc",7,"Yes","No","No","No","No","No","No","No","No","No",""
"81-46-38-58","Meat, poultry, organ meat- goat, sheep, cow, chicken, liver, kidney, intestines",5,"No","No","No","No","No","No","No","Yes","No","No",""
"81-46-38-58","Fish and seafood (dried or fresh)- sardines, dagaa/omena",2,"No","No","No","No","No","No","No","Yes","No","No",""
"81-46-38-58","Miscellaneous- tea, coffee, beverages, condiments, spices",7,"No","No","No","No","Yes","No","No","No","No","No",""
"08-94-56-34","Cereals- rice, maize, chapatti, wheat, sorghum, bread, etc",7,"Yes","No","No","No","Yes","No","No","No","No","No",""
"08-94-56-34","Vegetables- spinach, pumpkin, cabbage, tomato, onion",7,"No","No","No","No","Yes","No","No","No","No","No",""
"08-94-56-34","Fish and seafood (dried or fresh)- sardines, dagaa/omena",2,"No","No","No","No","Yes","No","No","No","No","No",""
"08-94-56-34","Oil/fats- oil, fat, butter, ghee, etc",7,"Yes","No","No","No","No","No","No","No","No","No",""
"08-94-56-34","Miscellaneous- tea, coffee, beverages, condiments, spices",7,"No","No","No","No","Yes","No","No","No","No","No",""
"24-87-22-92","Cereals- rice, maize, chapatti, wheat, sorghum, bread, etc",7,"Yes","No","No","No","Yes","No","No","No","No","No",""
"24-87-22-92","Roots and tubers- potato, sweet potato, cassava, arrow roots, cooking banana",7,"No","No","No","No","Yes","No","No","No","No","No",""
"24-87-22-92","Vegetables- spinach, pumpkin, cabbage, tomato, onion",7,"No","No","No","No","Yes","No","No","No","No","No",""
"24-87-22-92","Fruits- orange, mango, guava, rice paw paw/papaya, pineapple, etc",1,"No","No","No","No","Yes","No","No","No","No","No",""
"24-87-22-92","Fish and seafood (dried or fresh)- sardines, dagaa/omena",2,"No","No","No","Yes","Yes","No","No","No","No","No",""
"24-87-22-92","Oil/fats- oil, fat, butter, ghee, etc",7,"No","No","No","Yes","Yes","No","No","No","No","No",""
"24-87-22-92","Sugar and sweets- sugar, honey, sweets, desserts",7,"No","No","No","No","Yes","No","No","No","No","No",""
"30-69-73-88","Cereals- rice, maize, chapatti, wheat, sorghum, bread, etc",7,"Yes","No","No","No","No","No","No","No","No","No",""
"30-69-73-88","Roots and tubers- potato, sweet potato, cassava, arrow roots, cooking banana",3,"Yes","No","No","No","Yes","No","No","No","No","No",""
"30-69-73-88","Vegetables- spinach, pumpkin, cabbage, tomato, onion",2,"No","No","No","No","Yes","No","No","No","No","No",""
"30-69-73-88","Fruits- orange, mango, guava, rice paw paw/papaya, pineapple, etc",1,"No","No","No","No","Yes","No","No","No","No","No",""
"30-69-73-88","Meat, poultry, organ meat- goat, sheep, cow, chicken, liver, kidney, intestines",1,"No","No","No","No","Yes","No","No","No","No","No",""
"30-69-73-88","Eggs",1,"Yes","No","No","No","No","No","No","No","No","No",""
"30-69-73-88","Fish and seafood (dried or fresh)- sardines, dagaa/omena",1,"No","No","No","No","Yes","No","No","No","No","No",""
"30-69-73-88","Pulses, legumes, nuts, seeds",1,"No","No","No","No","Yes","No","No","No","No","No",""
"30-69-73-88","Oil/fats- oil, fat, butter, ghee, etc",7,"No","No","No","No","Yes","No","No","No","No","No",""
"30-69-73-88","Sugar and sweets- sugar, honey, sweets, desserts",7,"No","No","No","No","Yes","No","No","No","No","No",""
"30-69-73-88","Miscellaneous- tea, coffee, beverages, condiments, spices",4,"No","No","No","No","Yes","No","No","No","No","No",""
"72-71-89-86","Cereals- rice, maize, chapatti, wheat, sorghum, bread, etc",7,"Yes","No","No","No","No","No","No","No","No","No",""
"72-71-89-86","Roots and tubers- potato, sweet potato, cassava, arrow roots, cooking banana",2,"No","No","No","No","Yes","No","No","No","No","No",""
"72-71-89-86","Vegetables- spinach, pumpkin, cabbage, tomato, onion",3,"Yes","No","No","No","No","No","No","No","No","No",""
"72-71-89-86","Fruits- orange, mango, guava, rice paw paw/papaya, pineapple, etc",3,"Yes","No","No","No","Yes","No","No","No","No","No",""
"72-71-89-86","Meat, poultry, organ meat- goat, sheep, cow, chicken, liver, kidney, intestines",1,"Yes","No","No","No","Yes","No","No","No","No","No",""
"72-71-89-86","Eggs",2,"Yes","No","No","No","No","No","No","No","No","No",""
"72-71-89-86","Fish and seafood (dried or fresh)- sardines, dagaa/omena",2,"No","No","No","No","Yes","No","No","No","No","No",""
"72-71-89-86","Pulses, legumes, nuts, seeds",5,"No","No","No","No","Yes","No","No","No","No","No",""
"72-71-89-86","Oil/fats- oil, fat, butter, ghee, etc",7,"No","No","No","No","Yes","No","No","No","No","No",""
"72-71-89-86","Sugar and sweets- sugar, honey, sweets, desserts",7,"No","No","No","No","Yes","No","No","No","No","No",""
"72-71-89-86","Miscellaneous- tea, coffee, beverages, condiments, spices",3,"No","No","No","No","Yes","No","No","No","No","No",""
"11-04-05-87","Cereals- rice, maize, chapatti, wheat, sorghum, bread, etc",7,"Yes","No","No","No","No","No","No","No","No","No",""
"11-04-05-87","Roots and tubers- potato, sweet potato, cassava, arrow roots, cooking banana",1,"Yes","No","No","No","No","No","No","No","No","No",""
"11-04-05-87","Vegetables- spinach, pumpkin, cabbage, tomato, onion",4,"Yes","No","No","No","Yes","No","No","No","No","No",""
"11-04-05-87","Fruits- orange, mango, guava, rice paw paw/papaya, pineapple, etc",2,"No","No","No","No","Yes","No","No","No","No","No",""
"11-04-05-87","Fish and seafood (dried or fresh)- sardines, dagaa/omena",2,"No","No","No","No","Yes","No","No","No","No","No",""
"11-04-05-87","Pulses, legumes, nuts, seeds",2,"No","No","No","No","Yes","No","No","No","No","No",""
"11-04-05-87","Oil/fats- oil, fat, butter, ghee, etc",7,"Yes","No","No","No","No","No","No","No","No","No",""
"11-04-05-87","Sugar and sweets- sugar, honey, sweets, desserts",4,"No","No","No","No","Yes","No","No","No","No","No",""
"11-04-05-87","Miscellaneous- tea, coffee, beverages, condiments, spices",7,"No","No","No","No","Yes","No","No","No","No","No",""
"69-48-65-88","Cereals- rice, maize, chapatti, wheat, sorghum, bread, etc",7,"Yes","No","No","No","Yes","No","No","No","No","No",""
"69-48-65-88","Vegetables- spinach, pumpkin, cabbage, tomato, onion",7,"No","No","No","No","Yes","No","No","No","No","No",""
"69-48-65-88","Fruits- orange, mango, guava, rice paw paw/papaya, pineapple, etc",3,"No","No","No","No","Yes","No","No","No","No","No",""
"69-48-65-88","Meat, poultry, organ meat- goat, sheep, cow, chicken, liver, kidney, intestines",1,"No","No","No","No","Yes","No","No","No","No","No",""
"69-48-65-88","Fish and seafood (dried or fresh)- sardines, dagaa/omena",1,"No","No","No","No","Yes","No","No","No","No","No",""
"69-48-65-88","Pulses, legumes, nuts, seeds",3,"No","No","No","No","Yes","No","No","No","No","No",""
"69-48-65-88","Milk and milk products- fresh, powdered, yogurt, cheese, etc",1,"No","No","No","No","Yes","No","No","No","No","No",""
"69-48-65-88","Oil/fats- oil, fat, butter, ghee, etc",7,"No","No","No","No","Yes","No","No","No","No","No",""
"69-48-65-88","Sugar and sweets- sugar, honey, sweets, desserts",7,"No","No","No","No","Yes","No","No","No","No","No",""
"69-48-65-88","Miscellaneous- tea, coffee, beverages, condiments, spices",7,"No","No","No","No","Yes","No","No","No","No","No",""
"18-22-43-52","Cereals- rice, maize, chapatti, wheat, sorghum, bread, etc",7,"Yes","No","No","No","Yes","No","No","No","No","No",""
"18-22-43-52","Roots and tubers- potato, sweet potato, cassava, arrow roots, cooking banana",3,"Yes","No","No","No","Yes","No","No","No","No","No",""
"18-22-43-52","Vegetables- spinach, pumpkin, cabbage, tomato, onion",7,"Yes","No","No","No","Yes","No","No","No","No","No",""
"18-22-43-52","Fruits- orange, mango, guava, rice paw paw/papaya, pineapple, etc",4,"Yes","No","No","No","No","No","No","No","No","No",""
"18-22-43-52","Meat, poultry, organ meat- goat, sheep, cow, chicken, liver, kidney, intestines",1,"No","No","No","No","Yes","No","No","No","No","No",""
"18-22-43-52","Fish and seafood (dried or fresh)- sardines, dagaa/omena",5,"No","No","No","No","Yes","No","No","No","No","No",""
"18-22-43-52","Pulses, legumes, nuts, seeds",4,"No","No","No","No","Yes","No","No","No","No","No",""
"18-22-43-52","Oil/fats- oil, fat, butter, ghee, etc",7,"No","No","No","No","Yes","No","No","No","No","No",""
"18-22-43-52","Sugar and sweets- sugar, honey, sweets, desserts",4,"No","No","No","No","Yes","No","No","No","No","No",""
"18-22-43-52","Miscellaneous- tea, coffee, beverages, condiments, spices",4,"No","No","No","No","Yes","No","No","No","No","No",""
"92-56-88-52","Cereals- rice, maize, chapatti, wheat, sorghum, bread, etc",7,"Yes","No","No","No","Yes","No","No","No","No","No",""
"92-56-88-52","Vegetables- spinach, pumpkin, cabbage, tomato, onion",7,"No","No","No","No","Yes","No","No","Yes","No","No",""
"92-56-88-52","Fish and seafood (dried or fresh)- sardines, dagaa/omena",7,"No","No","No","No","Yes","No","No","No","No","No",""
"92-56-88-52","Oil/fats- oil, fat, butter, ghee, etc",7,"No","No","No","No","Yes","No","No","No","No","No",""
"92-56-88-52","Miscellaneous- tea, coffee, beverages, condiments, spices",7,"No","No","No","No","Yes","No","No","No","No","No",""
"06-32-94-30","Cereals- rice, maize, chapatti, wheat, sorghum, bread, etc",7,"Yes","No","No","No","No","No","No","No","No","No",""
"06-32-94-30","Roots and tubers- potato, sweet potato, cassava, arrow roots, cooking banana",5,"No","No","No","No","Yes","No","No","No","No","No",""
"06-32-94-30","Vegetables- spinach, pumpkin, cabbage, tomato, onion",7,"No","No","No","No","Yes","No","No","No","No","No",""
"06-32-94-30","Fruits- orange, mango, guava, rice paw paw/papaya, pineapple, etc",5,"No","No","No","No","Yes","No","No","No","No","No",""
"06-32-94-30","Meat, poultry, organ meat- goat, sheep, cow, chicken, liver, kidney, intestines",3,"No","No","No","No","Yes","No","No","No","No","No",""
"06-32-94-30","Fish and seafood (dried or fresh)- sardines, dagaa/omena",5,"No","No","No","No","Yes","No","No","No","No","No",""
"06-32-94-30","Oil/fats- oil, fat, butter, ghee, etc",7,"No","No","No","No","Yes","No","No","No","No","No",""
"06-32-94-30","Miscellaneous- tea, coffee, beverages, condiments, spices",7,"No","No","No","No","Yes","No","No","No","No","No",""
"30-41-77-21","Cereals- rice, maize, chapatti, wheat, sorghum, bread, etc",7,"Yes","No","No","No","Yes","No","No","No","No","No",""
"30-41-77-21","Roots and tubers- potato, sweet potato, cassava, arrow roots, cooking banana",7,"No","No","No","No","Yes","No","No","No","No","No",""
"30-41-77-21","Vegetables- spinach, pumpkin, cabbage, tomato, onion",7,"No","No","No","No","Yes","No","No","No","No","No",""
"30-41-77-21","Fruits- orange, mango, guava, rice paw paw/papaya, pineapple, etc",3,"No","No","No","No","Yes","No","No","No","No","No",""
"30-41-77-21","Fish and seafood (dried or fresh)- sardines, dagaa/omena",3,"No","No","No","No","Yes","No","No","No","No","No",""
"30-41-77-21","Oil/fats- oil, fat, butter, ghee, etc",7,"No","No","No","No","Yes","No","No","No","No","No",""
"30-41-77-21","Sugar and sweets- sugar, honey, sweets, desserts",7,"No","No","No","No","Yes","No","No","No","No","No",""
"30-41-77-21","Miscellaneous- tea, coffee, beverages, condiments, spices",7,"No","No","No","No","Yes","No","No","No","No","No",""
"59-58-27-54","Cereals- rice, maize, chapatti, wheat, sorghum, bread, etc",7,"Yes","No","No","No","Yes","No","No","No","No","No",""
"59-58-27-54","Roots and tubers- potato, sweet potato, cassava, arrow roots, cooking banana",2,"Yes","No","No","No","No","No","No","No","No","No",""
"59-58-27-54","Vegetables- spinach, pumpkin, cabbage, tomato, onion",5,"Yes","No","No","No","Yes","No","No","No","No","No",""
"59-58-27-54","Fruits- orange, mango, guava, rice paw paw/papaya, pineapple, etc",2,"No","No","No","No","Yes","No","No","No","No","No",""
"59-58-27-54","Fish and seafood (dried or fresh)- sardines, dagaa/omena",2,"No","No","No","No","Yes","No","No","No","No","No",""
"59-58-27-54","Pulses, legumes, nuts, seeds",3,"No","No","No","No","Yes","No","No","No","No","No",""
"59-58-27-54","Oil/fats- oil, fat, butter, ghee, etc",7,"No","No","No","No","Yes","No","No","No","No","No",""
"13-48-51-56","Cereals- rice, maize, chapatti, wheat, sorghum, bread, etc",7,"Yes","No","No","No","No","No","No","No","No","No",""
"13-48-51-56","Roots and tubers- potato, sweet potato, cassava, arrow roots, cooking banana",3,"Yes","No","No","No","Yes","No","No","No","No","No",""
"13-48-51-56","Vegetables- spinach, pumpkin, cabbage, tomato, onion",7,"Yes","No","No","No","No","No","No","No","No","No",""
"13-48-51-56","Fruits- orange, mango, guava, rice paw paw/papaya, pineapple, etc",3,"No","No","No","Yes","Yes","No","No","No","No","No",""
"13-48-51-56","Eggs",2,"No","No","No","No","Yes","No","No","No","No","No",""
"13-48-51-56","Fish and seafood (dried or fresh)- sardines, dagaa/omena",2,"No","No","No","No","Yes","No","No","No","No","No",""
"13-48-51-56","Pulses, legumes, nuts, seeds",4,"Yes","No","No","No","Yes","No","No","No","No","No",""
"13-48-51-56","Oil/fats- oil, fat, butter, ghee, etc",7,"No","No","No","No","Yes","No","No","No","No","No",""
"13-48-51-56","Sugar and sweets- sugar, honey, sweets, desserts",3,"No","No","No","No","Yes","No","No","No","No","No",""
"13-48-51-56","Miscellaneous- tea, coffee, beverages, condiments, spices",3,"Yes","No","No","No","Yes","No","No","No","No","No",""
"13-03-04-40","Cereals- rice, maize, chapatti, wheat, sorghum, bread, etc",7,"Yes","No","No","No","Yes","No","No","No","No","No",""
"13-03-04-40","Roots and tubers- potato, sweet potato, cassava, arrow roots, cooking banana",4,"Yes","No","No","No","Yes","No","No","Yes","No","No",""
"13-03-04-40","Vegetables- spinach, pumpkin, cabbage, tomato, onion",7,"No","No","No","No","Yes","No","No","Yes","No","No",""
"13-03-04-40","Fruits- orange, mango, guava, rice paw paw/papaya, pineapple, etc",2,"No","No","Yes","No","No","No","No","No","No","No",""
"13-03-04-40","Meat, poultry, organ meat- goat, sheep, cow, chicken, liver, kidney, intestines",1,"No","No","No","No","Yes","No","No","No","No","No",""
"13-03-04-40","Eggs",1,"Yes","No","No","No","No","No","No","No","No","No",""
"13-03-04-40","Fish and seafood (dried or fresh)- sardines, dagaa/omena",3,"No","No","No","No","Yes","No","No","No","No","No",""
"13-03-04-40","Pulses, legumes, nuts, seeds",2,"No","No","No","No","Yes","No","No","No","No","No",""
"13-03-04-40","Oil/fats- oil, fat, butter, ghee, etc",7,"No","No","No","No","Yes","No","No","No","No","No",""
"13-03-04-40","Sugar and sweets- sugar, honey, sweets, desserts",3,"No","No","No","No","Yes","No","No","No","No","No",""
"13-03-04-40","Miscellaneous- tea, coffee, beverages, condiments, spices",7,"No","No","No","Yes","Yes","No","No","No","No","No",""
"48-62-05-19","Cereals- rice, maize, chapatti, wheat, sorghum, bread, etc",7,"Yes","No","No","No","Yes","No","No","No","No","No",""
"48-62-05-19","Vegetables- spinach, pumpkin, cabbage, tomato, onion",7,"No","No","No","No","Yes","No","No","No","No","No",""
"48-62-05-19","Fruits- orange, mango, guava, rice paw paw/papaya, pineapple, etc",4,"No","No","No","No","Yes","No","No","Yes","No","No",""
"76-11-97-07","Cereals- rice, maize, chapatti, wheat, sorghum, bread, etc",7,"No","No","No","No","Yes","No","No","No","No","No",""
"76-11-97-07","Roots and tubers- potato, sweet potato, cassava, arrow roots, cooking banana",3,"No","No","No","No","Yes","No","No","No","No","No",""
"76-11-97-07","Vegetables- spinach, pumpkin, cabbage, tomato, onion",7,"No","No","No","No","Yes","No","No","No","No","No",""
"76-11-97-07","Meat, poultry, organ meat- goat, sheep, cow, chicken, liver, kidney, intestines",1,"No","No","No","No","Yes","No","No","No","No","No",""
"76-11-97-07","Fish and seafood (dried or fresh)- sardines, dagaa/omena",4,"No","No","No","No","Yes","No","No","No","No","No",""
"76-11-97-07","Oil/fats- oil, fat, butter, ghee, etc",7,"No","No","No","No","Yes","No","No","No","No","No",""
"48-19-22-90","Cereals- rice, maize, chapatti, wheat, sorghum, bread, etc",7,"Yes","No","No","No","Yes","No","No","No","No","No",""
"48-19-22-90","Roots and tubers- potato, sweet potato, cassava, arrow roots, cooking banana",2,"No","No","No","No","No","No","No","Yes","No","No",""
"48-19-22-90","Vegetables- spinach, pumpkin, cabbage, tomato, onion",3,"No","No","No","No","Yes","No","No","No","No","No",""
"48-19-22-90","Fruits- orange, mango, guava, rice paw paw/papaya, pineapple, etc",5,"No","No","No","No","Yes","No","No","No","No","No",""
"48-19-22-90","Fish and seafood (dried or fresh)- sardines, dagaa/omena",4,"No","No","No","No","Yes","No","No","No","No","No",""
"48-19-22-90","Milk and milk products- fresh, powdered, yogurt, cheese, etc",3,"No","No","No","No","Yes","No","No","No","No","No",""
"48-19-22-90","Oil/fats- oil, fat, butter, ghee, etc",7,"No","No","No","No","Yes","No","No","No","No","No",""
"47-32-69-47","Cereals- rice, maize, chapatti, wheat, sorghum, bread, etc",7,"Yes","No","No","No","Yes","No","No","No","No","No",""
"47-32-69-47","Vegetables- spinach, pumpkin, cabbage, tomato, onion",3,"No","No","No","No","Yes","No","No","No","No","No",""
"47-32-69-47","Fruits- orange, mango, guava, rice paw paw/papaya, pineapple, etc",1,"No","No","No","No","Yes","No","No","No","No","No",""
"47-32-69-47","Meat, poultry, organ meat- goat, sheep, cow, chicken, liver, kidney, intestines",3,"No","No","No","No","Yes","No","No","No","No","No",""
"47-32-69-47","Eggs",2,"Yes","No","No","No","Yes","No","No","No","No","No",""
"47-32-69-47","Fish and seafood (dried or fresh)- sardines, dagaa/omena",1,"No","No","No","No","Yes","No","No","No","No","No",""
"47-32-69-47","Milk and milk products- fresh, powdered, yogurt, cheese, etc",2,"No","No","No","No","Yes","No","No","No","No","No",""
"47-32-69-47","Oil/fats- oil, fat, butter, ghee, etc",7,"No","No","No","No","Yes","No","No","No","No","No",""
"47-32-69-47","Sugar and sweets- sugar, honey, sweets, desserts",2,"No","No","No","No","Yes","No","No","No","No","No",""
"47-32-69-47","Miscellaneous- tea, coffee, beverages, condiments, spices",2,"Yes","No","No","No","No","No","No","No","No","No",""
"77-95-12-00","Cereals- rice, maize, chapatti, wheat, sorghum, bread, etc",7,"No","No","No","No","Yes","No","No","No","No","No",""
"77-95-12-00","Roots and tubers- potato, sweet potato, cassava, arrow roots, cooking banana",4,"No","No","No","No","Yes","No","No","No","No","No",""
"77-95-12-00","Vegetables- spinach, pumpkin, cabbage, tomato, onion",7,"No","No","No","No","Yes","No","No","No","No","No",""
"77-95-12-00","Fruits- orange, mango, guava, rice paw paw/papaya, pineapple, etc",3,"No","No","No","No","Yes","No","No","No","No","No",""
"77-95-12-00","Meat, poultry, organ meat- goat, sheep, cow, chicken, liver, kidney, intestines",1,"No","No","No","No","Yes","No","No","No","No","No",""
"77-95-12-00","Eggs",1,"No","No","No","No","Yes","No","No","No","No","No",""
"77-95-12-00","Fish and seafood (dried or fresh)- sardines, dagaa/omena",2,"No","No","No","No","Yes","No","No","No","No","No",""
"77-95-12-00","Pulses, legumes, nuts, seeds",1,"No","No","No","No","Yes","No","No","No","No","No",""
"77-95-12-00","Sugar and sweets- sugar, honey, sweets, desserts",7,"No","No","No","No","Yes","No","No","No","No","No",""
"77-95-12-00","Miscellaneous- tea, coffee, beverages, condiments, spices",7,"No","No","No","No","Yes","No","No","No","No","No",""
"04-93-15-62","Cereals- rice, maize, chapatti, wheat, sorghum, bread, etc",7,"Yes","No","No","No","Yes","No","No","No","No","No",""
"04-93-15-62","Roots and tubers- potato, sweet potato, cassava, arrow roots, cooking banana",2,"No","No","No","No","Yes","No","No","No","No","No",""
"04-93-15-62","Vegetables- spinach, pumpkin, cabbage, tomato, onion",5,"No","No","No","No","Yes","No","No","No","No","No",""
"04-93-15-62","Fish and seafood (dried or fresh)- sardines, dagaa/omena",2,"No","No","No","No","Yes","No","No","No","No","No",""
"04-93-15-62","Pulses, legumes, nuts, seeds",2,"No","No","No","No","Yes","No","No","No","No","No",""
"04-93-15-62","Oil/fats- oil, fat, butter, ghee, etc",7,"No","No","No","No","Yes","No","No","No","No","No",""
"40-11-92-91","Cereals- rice, maize, chapatti, wheat, sorghum, bread, etc",7,"Yes","No","No","No","Yes","No","No","No","No","No",""
"40-11-92-91","Roots and tubers- potato, sweet potato, cassava, arrow roots, cooking banana",4,"No","No","No","No","Yes","No","No","No","No","No",""
"40-11-92-91","Vegetables- spinach, pumpkin, cabbage, tomato, onion",3,"No","No","No","No","Yes","No","No","No","No","No",""
"40-11-92-91","Fruits- orange, mango, guava, rice paw paw/papaya, pineapple, etc",4,"No","No","No","No","Yes","No","No","No","No","No",""
"40-11-92-91","Meat, poultry, organ meat- goat, sheep, cow, chicken, liver, kidney, intestines",4,"No","No","No","No","Yes","No","No","No","No","No",""
"40-11-92-91","Fish and seafood (dried or fresh)- sardines, dagaa/omena",3,"No","No","No","No","Yes","No","No","No","No","No",""
"40-11-92-91","Pulses, legumes, nuts, seeds",1,"No","No","No","No","Yes","No","No","No","No","No",""
"40-11-92-91","Milk and milk products- fresh, powdered, yogurt, cheese, etc",1,"No","No","No","No","Yes","No","No","No","No","No",""
"40-11-92-91","Oil/fats- oil, fat, butter, ghee, etc",7,"No","No","No","No","Yes","No","No","No","No","No",""
"40-11-92-91","Sugar and sweets- sugar, honey, sweets, desserts",3,"No","No","No","No","Yes","No","No","No","No","No",""
"40-11-92-91","Miscellaneous- tea, coffee, beverages, condiments, spices",4,"No","No","No","No","Yes","No","No","No","No","No",""
"00-61-02-75","Cereals- rice, maize, chapatti, wheat, sorghum, bread, etc",7,"Yes","No","No","No","No","No","No","No","No","No",""
"00-61-02-75","Roots and tubers- potato, sweet potato, cassava, arrow roots, cooking banana",7,"Yes","No","No","No","Yes","No","No","No","No","No",""
"00-61-02-75","Vegetables- spinach, pumpkin, cabbage, tomato, onion",3,"Yes","No","No","No","Yes","No","No","No","No","No",""
"00-61-02-75","Fruits- orange, mango, guava, rice paw paw/papaya, pineapple, etc",7,"Yes","No","No","No","No","No","No","No","No","No",""
"00-61-02-75","Fish and seafood (dried or fresh)- sardines, dagaa/omena",3,"No","No","No","No","Yes","No","No","No","No","No",""
"00-61-02-75","Oil/fats- oil, fat, butter, ghee, etc",7,"No","No","No","No","Yes","No","No","No","No","No",""
"00-61-02-75","Sugar and sweets- sugar, honey, sweets, desserts",2,"No","No","No","No","Yes","No","No","No","No","No",""
"00-61-02-75","Miscellaneous- tea, coffee, beverages, condiments, spices",2,"No","No","No","No","Yes","No","No","No","No","No",""
"77-43-51-64","Cereals- rice, maize, chapatti, wheat, sorghum, bread, etc",7,"No","No","No","No","Yes","No","No","No","No","No",""
"77-43-51-64","Roots and tubers- potato, sweet potato, cassava, arrow roots, cooking banana",7,"No","No","No","No","Yes","No","No","No","No","No",""
"77-43-51-64","Vegetables- spinach, pumpkin, cabbage, tomato, onion",7,"No","No","No","No","Yes","No","No","No","No","No",""
"77-43-51-64","Fish and seafood (dried or fresh)- sardines, dagaa/omena",7,"No","No","No","No","Yes","No","No","No","No","No",""
"77-43-51-64","Oil/fats- oil, fat, butter, ghee, etc",7,"No","No","No","No","Yes","No","No","No","No","No",""
"77-43-51-64","Sugar and sweets- sugar, honey, sweets, desserts",7,"No","No","No","No","Yes","No","No","No","No","No",""
"75-26-65-92","Cereals- rice, maize, chapatti, wheat, sorghum, bread, etc",7,"Yes","No","No","No","No","No","No","No","No","No",""
"75-26-65-92","Roots and tubers- potato, sweet potato, cassava, arrow roots, cooking banana",3,"Yes","No","No","No","Yes","No","No","No","No","No",""
"75-26-65-92","Vegetables- spinach, pumpkin, cabbage, tomato, onion",5,"Yes","No","No","No","Yes","No","No","No","No","No",""
"75-26-65-92","Fruits- orange, mango, guava, rice paw paw/papaya, pineapple, etc",3,"Yes","No","Yes","No","Yes","No","No","No","No","No",""
"75-26-65-92","Meat, poultry, organ meat- goat, sheep, cow, chicken, liver, kidney, intestines",1,"Yes","No","No","No","No","No","No","No","No","No",""
"75-26-65-92","Fish and seafood (dried or fresh)- sardines, dagaa/omena",2,"No","No","No","No","Yes","No","No","No","No","No",""
"75-26-65-92","Pulses, legumes, nuts, seeds",1,"No","No","No","No","Yes","No","No","No","No","No",""
"75-26-65-92","Oil/fats- oil, fat, butter, ghee, etc",7,"No","No","No","No","Yes","No","No","No","No","No",""
"75-26-65-92","Sugar and sweets- sugar, honey, sweets, desserts",5,"No","No","No","No","Yes","No","No","No","No","No",""
"75-26-65-92","Miscellaneous- tea, coffee, beverages, condiments, spices",5,"No","No","No","No","Yes","No","No","No","No","No",""
"76-79-59-51","Cereals- rice, maize, chapatti, wheat, sorghum, bread, etc",7,"Yes","No","No","No","Yes","No","No","No","No","No",""
"76-79-59-51","Roots and tubers- potato, sweet potato, cassava, arrow roots, cooking banana",3,"No","No","No","No","Yes","No","No","No","No","No",""
"76-79-59-51","Vegetables- spinach, pumpkin, cabbage, tomato, onion",7,"No","No","No","No","Yes","No","No","No","No","No",""
"76-79-59-51","Fruits- orange, mango, guava, rice paw paw/papaya, pineapple, etc",7,"No","No","No","No","Yes","No","No","Yes","No","No",""
"76-79-59-51","Fish and seafood (dried or fresh)- sardines, dagaa/omena",4,"No","No","No","No","Yes","No","No","No","No","No",""
"76-79-59-51","Oil/fats- oil, fat, butter, ghee, etc",7,"No","No","No","No","Yes","No","No","No","No","No",""
"76-79-59-51","Sugar and sweets- sugar, honey, sweets, desserts",7,"No","No","No","No","Yes","No","No","No","No","No",""
"76-79-59-51","Miscellaneous- tea, coffee, beverages, condiments, spices",7,"No","No","No","No","Yes","No","No","No","No","No",""
"87-16-65-76","Cereals- rice, maize, chapatti, wheat, sorghum, bread, etc",7,"No","No","No","No","Yes","No","No","No","No","No",""
"87-16-65-76","Roots and tubers- potato, sweet potato, cassava, arrow roots, cooking banana",6,"No","No","No","No","Yes","No","No","No","No","No",""
"87-16-65-76","Vegetables- spinach, pumpkin, cabbage, tomato, onion",7,"No","No","No","No","Yes","No","No","No","No","No",""
"87-16-65-76","Fish and seafood (dried or fresh)- sardines, dagaa/omena",4,"No","No","No","No","Yes","No","No","No","No","No",""
"87-16-65-76","Oil/fats- oil, fat, butter, ghee, etc",7,"No","No","No","No","Yes","No","No","No","No","No",""
"87-16-65-76","Sugar and sweets- sugar, honey, sweets, desserts",7,"No","No","No","No","Yes","No","No","No","No","No",""
"06-40-10-58","Cereals- rice, maize, chapatti, wheat, sorghum, bread, etc",7,"Yes","No","No","No","No","No","No","No","No","No",""
"06-40-10-58","Roots and tubers- potato, sweet potato, cassava, arrow roots, cooking banana",7,"Yes","No","No","No","No","No","No","No","No","No",""
"06-40-10-58","Vegetables- spinach, pumpkin, cabbage, tomato, onion",7,"No","No","No","No","Yes","No","No","No","No","No",""
"06-40-10-58","Fruits- orange, mango, guava, rice paw paw/papaya, pineapple, etc",5,"No","No","No","No","Yes","No","No","No","No","No",""
"06-40-10-58","Fish and seafood (dried or fresh)- sardines, dagaa/omena",3,"No","No","No","No","Yes","No","No","No","No","No",""
"06-40-10-58","Oil/fats- oil, fat, butter, ghee, etc",7,"No","No","No","No","Yes","No","No","No","No","No",""
"40-73-60-05","Cereals- rice, maize, chapatti, wheat, sorghum, bread, etc",7,"Yes","No","No","No","No","No","No","No","No","No",""
"40-73-60-05","Roots and tubers- potato, sweet potato, cassava, arrow roots, cooking banana",2,"Yes","No","No","No","No","No","No","No","No","No",""
"40-73-60-05","Vegetables- spinach, pumpkin, cabbage, tomato, onion",7,"No","No","No","No","Yes","No","No","No","No","No",""
"40-73-60-05","Fruits- orange, mango, guava, rice paw paw/papaya, pineapple, etc",5,"No","No","No","No","Yes","No","No","No","No","No",""
"40-73-60-05","Meat, poultry, organ meat- goat, sheep, cow, chicken, liver, kidney, intestines",2,"No","No","No","No","Yes","No","No","No","No","No",""
"40-73-60-05","Eggs",2,"Yes","No","No","No","No","No","No","No","No","No",""
"40-73-60-05","Fish and seafood (dried or fresh)- sardines, dagaa/omena",5,"No","No","No","No","Yes","No","No","No","No","No",""
"40-73-60-05","Pulses, legumes, nuts, seeds",1,"Yes","No","No","No","No","No","No","No","No","No",""
"40-73-60-05","Oil/fats- oil, fat, butter, ghee, etc",7,"No","No","No","No","Yes","No","No","No","No","No",""
"40-73-60-05","Sugar and sweets- sugar, honey, sweets, desserts",7,"No","No","No","No","Yes","No","No","No","No","No",""
"40-73-60-05","Miscellaneous- tea, coffee, beverages, condiments, spices",7,"No","No","No","No","Yes","No","No","No","No","No",""
"64-68-41-59","Cereals- rice, maize, chapatti, wheat, sorghum, bread, etc",7,"Yes","No","No","No","No","No","No","No","No","No",""
"64-68-41-59","Roots and tubers- potato, sweet potato, cassava, arrow roots, cooking banana",1,"Yes","No","No","No","No","No","No","No","No","No",""
"64-68-41-59","Vegetables- spinach, pumpkin, cabbage, tomato, onion",2,"No","No","No","No","Yes","No","No","No","No","No",""
"64-68-41-59","Fruits- orange, mango, guava, rice paw paw/papaya, pineapple, etc",7,"Yes","No","No","No","No","No","No","No","No","No",""
"64-68-41-59","Meat, poultry, organ meat- goat, sheep, cow, chicken, liver, kidney, intestines",3,"No","No","No","No","Yes","No","No","No","No","No",""
"64-68-41-59","Fish and seafood (dried or fresh)- sardines, dagaa/omena",2,"No","No","No","No","Yes","No","No","No","No","No",""
"64-68-41-59","Pulses, legumes, nuts, seeds",2,"No","No","No","No","Yes","No","No","No","No","No",""
"64-68-41-59","Oil/fats- oil, fat, butter, ghee, etc",7,"No","No","No","No","Yes","No","No","No","No","No",""
"64-68-41-59","Sugar and sweets- sugar, honey, sweets, desserts",7,"Yes","No","No","No","No","No","No","No","No","No",""
"64-68-41-59","Miscellaneous- tea, coffee, beverages, condiments, spices",7,"Yes","No","No","No","No","No","No","No","No","No",""
"15-68-91-94","Cereals- rice, maize, chapatti, wheat, sorghum, bread, etc",7,"Yes","No","No","No","No","No","No","No","No","No",""
"15-68-91-94","Vegetables- spinach, pumpkin, cabbage, tomato, onion",2,"Yes","No","No","No","Yes","No","No","No","No","No",""
"15-68-91-94","Fruits- orange, mango, guava, rice paw paw/papaya, pineapple, etc",6,"Yes","No","No","No","Yes","No","No","Yes","No","No",""
"15-68-91-94","Meat, poultry, organ meat- goat, sheep, cow, chicken, liver, kidney, intestines",1,"No","No","No","No","Yes","No","No","No","No","No",""
"15-68-91-94","Fish and seafood (dried or fresh)- sardines, dagaa/omena",5,"No","No","No","No","Yes","No","No","No","No","No",""
"15-68-91-94","Pulses, legumes, nuts, seeds",2,"Yes","No","No","No","No","No","No","No","No","No",""
"15-68-91-94","Milk and milk products- fresh, powdered, yogurt, cheese, etc",2,"No","No","No","No","Yes","No","No","No","No","No",""
"15-68-91-94","Oil/fats- oil, fat, butter, ghee, etc",7,"No","No","No","No","Yes","No","No","No","No","No",""
"15-68-91-94","Sugar and sweets- sugar, honey, sweets, desserts",4,"Yes","No","No","No","Yes","No","No","No","No","No",""
"15-68-91-94","Miscellaneous- tea, coffee, beverages, condiments, spices",5,"Yes","No","No","No","Yes","No","No","No","No","No",""
"26-17-34-04","Cereals- rice, maize, chapatti, wheat, sorghum, bread, etc",7,"Yes","No","No","No","No","No","No","No","No","No",""
"26-17-34-04","Roots and tubers- potato, sweet potato, cassava, arrow roots, cooking banana",1,"No","No","No","No","Yes","No","No","No","No","No",""
"26-17-34-04","Vegetables- spinach, pumpkin, cabbage, tomato, onion",1,"Yes","No","No","No","No","No","No","No","No","No",""
"26-17-34-04","Fruits- orange, mango, guava, rice paw paw/papaya, pineapple, etc",2,"No","No","Yes","No","No","No","No","No","No","No",""
"26-17-34-04","Fish and seafood (dried or fresh)- sardines, dagaa/omena",7,"No","No","No","No","Yes","No","No","No","No","No",""
"26-17-34-04","Pulses, legumes, nuts, seeds",2,"No","No","No","No","Yes","No","No","No","No","No",""
"26-17-34-04","Oil/fats- oil, fat, butter, ghee, etc",7,"No","No","No","No","Yes","No","No","No","No","No",""
"26-17-34-04","Miscellaneous- tea, coffee, beverages, condiments, spices",1,"Yes","No","No","No","No","No","No","No","No","No",""
"76-41-72-83","Cereals- rice, maize, chapatti, wheat, sorghum, bread, etc",7,"Yes","No","No","No","No","No","No","No","No","No",""
"76-41-72-83","Roots and tubers- potato, sweet potato, cassava, arrow roots, cooking banana",2,"No","No","No","No","No","No","No","Yes","No","No",""
"76-41-72-83","Vegetables- spinach, pumpkin, cabbage, tomato, onion",3,"No","No","No","No","Yes","No","No","No","No","No",""
"76-41-72-83","Fruits- orange, mango, guava, rice paw paw/papaya, pineapple, etc",3,"Yes","No","No","No","No","No","No","No","No","No",""
"76-41-72-83","Fish and seafood (dried or fresh)- sardines, dagaa/omena",7,"No","No","No","No","Yes","No","No","No","No","No",""
"76-41-72-83","Milk and milk products- fresh, powdered, yogurt, cheese, etc",2,"No","No","No","No","Yes","No","No","No","No","No",""
"76-41-72-83","Oil/fats- oil, fat, butter, ghee, etc",7,"No","No","No","No","Yes","No","No","No","No","No",""
"76-41-72-83","Miscellaneous- tea, coffee, beverages, condiments, spices",7,"No","No","No","No","Yes","No","No","No","No","No",""
"29-97-06-38","Cereals- rice, maize, chapatti, wheat, sorghum, bread, etc",7,"Yes","No","No","No","Yes","No","No","No","No","No",""
"29-97-06-38","Roots and tubers- potato, sweet potato, cassava, arrow roots, cooking banana",4,"No","No","No","No","Yes","No","No","No","No","No",""
"29-97-06-38","Vegetables- spinach, pumpkin, cabbage, tomato, onion",6,"No","No","No","No","Yes","No","No","No","No","No",""
"29-97-06-38","Fruits- orange, mango, guava, rice paw paw/papaya, pineapple, etc",4,"Yes","No","No","No","No","No","No","Yes","No","No",""
"29-97-06-38","Meat, poultry, organ meat- goat, sheep, cow, chicken, liver, kidney, intestines",2,"No","No","No","No","Yes","No","No","No","No","No",""
"29-97-06-38","Fish and seafood (dried or fresh)- sardines, dagaa/omena",3,"No","No","No","No","Yes","No","No","No","No","No",""
"29-97-06-38","Milk and milk products- fresh, powdered, yogurt, cheese, etc",4,"No","No","No","No","Yes","No","No","No","No","No",""
"29-97-06-38","Oil/fats- oil, fat, butter, ghee, etc",7,"No","No","No","No","Yes","No","No","No","No","No",""
"29-97-06-38","Sugar and sweets- sugar, honey, sweets, desserts",1,"No","No","No","No","Yes","No","No","No","No","No",""
"46-55-47-04","Cereals- rice, maize, chapatti, wheat, sorghum, bread, etc",7,"Yes","No","No","No","Yes","No","No","No","No","No",""
"46-55-47-04","Roots and tubers- potato, sweet potato, cassava, arrow roots, cooking banana",2,"No","No","No","No","Yes","No","No","No","No","No",""
"46-55-47-04","Vegetables- spinach, pumpkin, cabbage, tomato, onion",6,"No","No","No","No","Yes","No","No","No","No","No",""
"46-55-47-04","Fruits- orange, mango, guava, rice paw paw/papaya, pineapple, etc",3,"No","No","No","No","Yes","No","No","No","No","No",""
"46-55-47-04","Meat, poultry, organ meat- goat, sheep, cow, chicken, liver, kidney, intestines",2,"No","No","No","No","Yes","No","No","No","No","No",""
"46-55-47-04","Fish and seafood (dried or fresh)- sardines, dagaa/omena",1,"No","No","No","No","Yes","No","No","No","No","No",""
"46-55-47-04","Pulses, legumes, nuts, seeds",2,"No","No","No","No","Yes","No","No","No","No","No",""
"46-55-47-04","Oil/fats- oil, fat, butter, ghee, etc",7,"No","No","No","No","Yes","No","No","No","No","No",""
"46-55-47-04","Sugar and sweets- sugar, honey, sweets, desserts",5,"No","No","No","No","Yes","No","No","No","No","No",""
"46-55-47-04","Miscellaneous- tea, coffee, beverages, condiments, spices",5,"No","No","No","No","Yes","No","No","No","No","No",""
"46-92-45-03","Cereals- rice, maize, chapatti, wheat, sorghum, bread, etc",7,"Yes","No","No","No","Yes","No","No","No","No","No",""
"46-92-45-03","Roots and tubers- potato, sweet potato, cassava, arrow roots, cooking banana",2,"No","No","No","No","Yes","No","No","No","No","No",""
"46-92-45-03","Vegetables- spinach, pumpkin, cabbage, tomato, onion",6,"No","No","No","No","Yes","No","No","No","No","No",""
"46-92-45-03","Fruits- orange, mango, guava, rice paw paw/papaya, pineapple, etc",2,"No","No","No","No","Yes","No","No","No","No","No",""
"46-92-45-03","Fish and seafood (dried or fresh)- sardines, dagaa/omena",3,"No","No","No","No","Yes","No","No","No","No","No",""
"46-92-45-03","Oil/fats- oil, fat, butter, ghee, etc",7,"No","No","No","No","Yes","No","No","No","No","No",""
"46-92-45-03","Miscellaneous- tea, coffee, beverages, condiments, spices",7,"No","No","No","No","Yes","No","No","No","No","No",""
"77-97-94-83","Cereals- rice, maize, chapatti, wheat, sorghum, bread, etc",7,"Yes","No","No","No","Yes","No","No","No","No","No",""
"77-97-94-83","Roots and tubers- potato, sweet potato, cassava, arrow roots, cooking banana",3,"No","No","No","No","Yes","No","No","No","No","No",""
"77-97-94-83","Vegetables- spinach, pumpkin, cabbage, tomato, onion",5,"Yes","No","No","No","Yes","No","No","No","No","No",""
"77-97-94-83","Fruits- orange, mango, guava, rice paw paw/papaya, pineapple, etc",1,"No","No","No","No","Yes","No","No","No","No","No",""
"77-97-94-83","Meat, poultry, organ meat- goat, sheep, cow, chicken, liver, kidney, intestines",1,"No","No","No","No","Yes","No","No","No","No","No",""
"77-97-94-83","Fish and seafood (dried or fresh)- sardines, dagaa/omena",5,"No","No","No","No","Yes","No","No","No","No","No",""
"77-97-94-83","Pulses, legumes, nuts, seeds",1,"No","No","No","No","Yes","No","No","No","No","No",""
"77-97-94-83","Oil/fats- oil, fat, butter, ghee, etc",7,"No","No","No","No","Yes","No","No","No","No","No",""
"77-97-94-83","Sugar and sweets- sugar, honey, sweets, desserts",7,"No","No","No","No","Yes","No","No","No","No","No",""
"77-97-94-83","Miscellaneous- tea, coffee, beverages, condiments, spices",2,"No","No","No","No","Yes","No","No","No","No","No",""
"44-20-73-48","Cereals- rice, maize, chapatti, wheat, sorghum, bread, etc",7,"No","No","No","No","Yes","No","No","No","No","No",""
"44-20-73-48","Vegetables- spinach, pumpkin, cabbage, tomato, onion",2,"No","No","No","No","Yes","No","No","No","No","No",""
"44-20-73-48","Fruits- orange, mango, guava, rice paw paw/papaya, pineapple, etc",3,"No","No","No","No","Yes","No","No","No","No","No",""
"44-20-73-48","Fish and seafood (dried or fresh)- sardines, dagaa/omena",7,"No","No","No","No","Yes","No","No","No","No","No",""
"44-20-73-48","Oil/fats- oil, fat, butter, ghee, etc",7,"No","No","No","No","Yes","No","No","No","No","No",""
"44-20-73-48","Sugar and sweets- sugar, honey, sweets, desserts",7,"No","No","No","No","Yes","No","No","No","No","No",""
"74-52-06-68","Cereals- rice, maize, chapatti, wheat, sorghum, bread, etc",7,"Yes","No","No","No","No","No","No","No","No","No",""
"74-52-06-68","Roots and tubers- potato, sweet potato, cassava, arrow roots, cooking banana",4,"Yes","No","No","No","No","No","No","No","No","No",""
"74-52-06-68","Vegetables- spinach, pumpkin, cabbage, tomato, onion",3,"Yes","No","No","No","Yes","No","No","No","No","No",""
"74-52-06-68","Fruits- orange, mango, guava, rice paw paw/papaya, pineapple, etc",3,"No","No","Yes","No","No","No","No","No","No","No",""
"74-52-06-68","Fish and seafood (dried or fresh)- sardines, dagaa/omena",2,"No","No","No","No","Yes","No","No","No","No","No",""
"74-52-06-68","Pulses, legumes, nuts, seeds",2,"No","No","No","No","Yes","No","No","No","No","No",""
"74-52-06-68","Oil/fats- oil, fat, butter, ghee, etc",7,"No","No","No","No","Yes","No","No","No","No","No",""
"74-52-06-68","Sugar and sweets- sugar, honey, sweets, desserts",5,"No","No","No","No","Yes","No","No","No","No","No",""
"74-52-06-68","Miscellaneous- tea, coffee, beverages, condiments, spices",4,"Yes","No","No","No","No","No","No","No","No","No",""
"35-89-93-14","Cereals- rice, maize, chapatti, wheat, sorghum, bread, etc",7,"Yes","No","No","No","Yes","No","No","No","No","No",""
"35-89-93-14","Roots and tubers- potato, sweet potato, cassava, arrow roots, cooking banana",3,"Yes","No","No","No","Yes","No","No","No","No","No",""
"35-89-93-14","Vegetables- spinach, pumpkin, cabbage, tomato, onion",7,"Yes","No","No","No","No","No","No","No","No","No",""
"35-89-93-14","Fruits- orange, mango, guava, rice paw paw/papaya, pineapple, etc",4,"Yes","No","No","No","No","No","No","No","No","No",""
"35-89-93-14","Fish and seafood (dried or fresh)- sardines, dagaa/omena",3,"No","No","No","No","Yes","No","No","No","No","No",""
"35-89-93-14","Pulses, legumes, nuts, seeds",2,"No","No","No","Yes","No","No","No","No","No","No",""
"35-89-93-14","Oil/fats- oil, fat, butter, ghee, etc",7,"No","No","No","No","Yes","No","No","Yes","No","No",""
"35-89-93-14","Sugar and sweets- sugar, honey, sweets, desserts",3,"No","No","No","No","Yes","No","No","No","No","No",""
"39-90-60-06","Cereals- rice, maize, chapatti, wheat, sorghum, bread, etc",7,"Yes","No","No","No","Yes","No","No","No","No","No",""
"39-90-60-06","Roots and tubers- potato, sweet potato, cassava, arrow roots, cooking banana",7,"No","No","No","No","Yes","No","No","No","No","No",""
"39-90-60-06","Vegetables- spinach, pumpkin, cabbage, tomato, onion",4,"No","No","No","No","Yes","No","No","No","No","No",""
"39-90-60-06","Fruits- orange, mango, guava, rice paw paw/papaya, pineapple, etc",2,"No","No","No","No","Yes","No","No","No","No","No",""
"39-90-60-06","Fish and seafood (dried or fresh)- sardines, dagaa/omena",3,"No","No","No","No","Yes","No","No","No","No","No",""
"39-90-60-06","Oil/fats- oil, fat, butter, ghee, etc",7,"No","No","No","No","Yes","No","No","No","No","No",""
"39-90-60-06","Sugar and sweets- sugar, honey, sweets, desserts",7,"No","No","No","No","Yes","No","No","No","No","No",""
"39-90-60-06","Miscellaneous- tea, coffee, beverages, condiments, spices",7,"No","No","No","No","Yes","No","No","No","No","No",""
"86-86-47-77","Cereals- rice, maize, chapatti, wheat, sorghum, bread, etc",7,"Yes","No","No","No","No","No","No","No","No","No",""
"86-86-47-77","Roots and tubers- potato, sweet potato, cassava, arrow roots, cooking banana",3,"No","No","No","No","Yes","No","No","No","No","No",""
"86-86-47-77","Vegetables- spinach, pumpkin, cabbage, tomato, onion",7,"Yes","No","No","No","No","No","No","No","No","No",""
"86-86-47-77","Fruits- orange, mango, guava, rice paw paw/papaya, pineapple, etc",7,"Yes","No","No","No","No","No","No","No","No","No",""
"86-86-47-77","Meat, poultry, organ meat- goat, sheep, cow, chicken, liver, kidney, intestines",2,"No","No","No","No","Yes","No","No","No","No","No",""
"86-86-47-77","Fish and seafood (dried or fresh)- sardines, dagaa/omena",3,"No","No","No","No","Yes","No","No","No","No","No",""
"86-86-47-77","Pulses, legumes, nuts, seeds",2,"No","No","No","No","Yes","No","No","No","No","No",""
"86-86-47-77","Oil/fats- oil, fat, butter, ghee, etc",7,"No","No","No","No","Yes","No","No","No","No","No",""
"86-86-47-77","Sugar and sweets- sugar, honey, sweets, desserts",7,"No","No","No","No","Yes","No","No","No","No","No",""
"86-86-47-77","Miscellaneous- tea, coffee, beverages, condiments, spices",7,"No","No","No","No","Yes","No","No","No","No","No",""
"61-98-86-86","Cereals- rice, maize, chapatti, wheat, sorghum, bread, etc",7,"Yes","No","No","No","Yes","No","No","No","No","No",""
"61-98-86-86","Vegetables- spinach, pumpkin, cabbage, tomato, onion",7,"No","No","No","No","Yes","No","No","No","No","No",""
"61-98-86-86","Fruits- orange, mango, guava, rice paw paw/papaya, pineapple, etc",2,"No","No","No","No","Yes","No","No","No","No","No",""
"61-98-86-86","Fish and seafood (dried or fresh)- sardines, dagaa/omena",1,"No","No","No","No","Yes","No","No","No","No","No",""
"61-98-86-86","Pulses, legumes, nuts, seeds",6,"No","No","No","No","Yes","No","No","No","No","No",""
"61-98-86-86","Oil/fats- oil, fat, butter, ghee, etc",7,"No","No","No","No","Yes","No","No","No","No","No",""
"61-87-19-25","Cereals- rice, maize, chapatti, wheat, sorghum, bread, etc",7,"Yes","No","No","No","Yes","No","No","No","No","No",""
"61-87-19-25","Vegetables- spinach, pumpkin, cabbage, tomato, onion",7,"No","No","No","No","Yes","No","No","No","No","No",""
"61-87-19-25","Fruits- orange, mango, guava, rice paw paw/papaya, pineapple, etc",4,"No","No","No","No","Yes","No","No","No","No","No",""
"61-87-19-25","Meat, poultry, organ meat- goat, sheep, cow, chicken, liver, kidney, intestines",2,"No","No","No","No","Yes","No","No","No","No","No",""
"61-87-19-25","Fish and seafood (dried or fresh)- sardines, dagaa/omena",4,"No","No","No","No","Yes","No","No","No","No","No",""
"61-87-19-25","Oil/fats- oil, fat, butter, ghee, etc",7,"No","No","No","No","Yes","No","No","No","No","No",""
"61-87-19-25","Sugar and sweets- sugar, honey, sweets, desserts",6,"No","No","No","No","Yes","No","No","No","No","No",""
"61-87-19-25","Miscellaneous- tea, coffee, beverages, condiments, spices",6,"No","No","No","No","Yes","No","No","No","No","No",""
"16-64-40-00","Cereals- rice, maize, chapatti, wheat, sorghum, bread, etc",7,"No","No","No","No","Yes","No","No","No","No","No",""
"16-64-40-00","Roots and tubers- potato, sweet potato, cassava, arrow roots, cooking banana",7,"No","No","No","No","Yes","No","No","No","No","No",""
"16-64-40-00","Vegetables- spinach, pumpkin, cabbage, tomato, onion",7,"No","No","No","No","Yes","No","No","No","No","No",""
"16-64-40-00","Fruits- orange, mango, guava, rice paw paw/papaya, pineapple, etc",1,"No","No","No","No","Yes","No","No","No","No","No",""
"16-64-40-00","Fish and seafood (dried or fresh)- sardines, dagaa/omena",2,"No","No","No","No","Yes","No","No","No","No","No",""
"16-64-40-00","Oil/fats- oil, fat, butter, ghee, etc",7,"No","No","No","No","Yes","No","No","No","No","No",""
"16-64-40-00","Sugar and sweets- sugar, honey, sweets, desserts",7,"No","No","No","No","Yes","No","No","No","No","No",""
"18-67-33-19","Cereals- rice, maize, chapatti, wheat, sorghum, bread, etc",7,"Yes","No","No","No","No","No","No","No","No","No",""
"18-67-33-19","Roots and tubers- potato, sweet potato, cassava, arrow roots, cooking banana",1,"No","No","No","No","Yes","No","No","No","No","No",""
"18-67-33-19","Vegetables- spinach, pumpkin, cabbage, tomato, onion",1,"No","No","No","No","Yes","No","No","No","No","No",""
"18-67-33-19","Fruits- orange, mango, guava, rice paw paw/papaya, pineapple, etc",1,"No","No","No","No","Yes","No","No","No","No","No",""
"18-67-33-19","Meat, poultry, organ meat- goat, sheep, cow, chicken, liver, kidney, intestines",5,"No","No","No","No","Yes","No","No","No","No","No",""
"18-67-33-19","Fish and seafood (dried or fresh)- sardines, dagaa/omena",2,"No","No","No","No","Yes","No","No","No","No","No",""
"18-67-33-19","Pulses, legumes, nuts, seeds",1,"No","No","No","No","Yes","No","No","No","No","No",""
"18-67-33-19","Oil/fats- oil, fat, butter, ghee, etc",7,"No","No","No","No","Yes","No","No","No","No","No",""
"18-67-33-19","Sugar and sweets- sugar, honey, sweets, desserts",7,"No","No","No","No","Yes","No","No","No","No","No",""
"18-67-33-19","Miscellaneous- tea, coffee, beverages, condiments, spices",7,"Yes","No","No","No","Yes","No","No","No","No","No",""
"14-75-52-28","Cereals- rice, maize, chapatti, wheat, sorghum, bread, etc",7,"Yes","No","No","No","No","No","No","No","No","No",""
"14-75-52-28","Vegetables- spinach, pumpkin, cabbage, tomato, onion",3,"No","No","No","No","Yes","No","No","No","No","No",""
"14-75-52-28","Fruits- orange, mango, guava, rice paw paw/papaya, pineapple, etc",2,"No","No","No","No","Yes","No","No","No","No","No",""
"14-75-52-28","Fish and seafood (dried or fresh)- sardines, dagaa/omena",4,"No","No","No","No","Yes","No","No","No","No","No",""
"14-75-52-28","Oil/fats- oil, fat, butter, ghee, etc",7,"No","No","No","No","Yes","No","No","No","No","No",""
"14-75-52-28","Sugar and sweets- sugar, honey, sweets, desserts",7,"No","No","No","No","Yes","No","No","No","No","No",""
"72-96-11-00","Cereals- rice, maize, chapatti, wheat, sorghum, bread, etc",7,"Yes","No","No","No","No","No","No","No","No","No",""
"72-96-11-00","Roots and tubers- potato, sweet potato, cassava, arrow roots, cooking banana",3,"Yes","No","No","No","No","No","No","No","No","No",""
"72-96-11-00","Vegetables- spinach, pumpkin, cabbage, tomato, onion",2,"No","No","No","No","Yes","No","No","No","No","No",""
"72-96-11-00","Fish and seafood (dried or fresh)- sardines, dagaa/omena",3,"No","No","No","No","Yes","No","No","No","No","No",""
"72-96-11-00","Pulses, legumes, nuts, seeds",1,"No","No","No","No","Yes","No","No","No","No","No",""
"72-96-11-00","Oil/fats- oil, fat, butter, ghee, etc",7,"No","No","No","No","Yes","No","No","No","No","No",""
"72-96-11-00","Sugar and sweets- sugar, honey, sweets, desserts",3,"No","No","No","No","Yes","No","No","No","No","No",""
"72-96-11-00","Miscellaneous- tea, coffee, beverages, condiments, spices",7,"No","No","No","No","Yes","No","No","No","No","No",""
"68-35-97-06","Cereals- rice, maize, chapatti, wheat, sorghum, bread, etc",7,"Yes","No","No","No","No","No","No","No","No","No",""
"68-35-97-06","Roots and tubers- potato, sweet potato, cassava, arrow roots, cooking banana",2,"Yes","No","No","No","Yes","No","No","No","No","No",""
"68-35-97-06","Vegetables- spinach, pumpkin, cabbage, tomato, onion",3,"No","No","No","No","Yes","No","No","No","No","No",""
"68-35-97-06","Fruits- orange, mango, guava, rice paw paw/papaya, pineapple, etc",2,"No","No","No","No","Yes","No","No","No","No","No",""
"68-35-97-06","Fish and seafood (dried or fresh)- sardines, dagaa/omena",3,"No","No","No","No","Yes","No","No","No","No","No",""
"68-35-97-06","Pulses, legumes, nuts, seeds",3,"No","No","No","No","Yes","No","No","No","No","No",""
"68-35-97-06","Oil/fats- oil, fat, butter, ghee, etc",7,"No","No","No","No","Yes","No","No","No","No","No",""
"68-35-97-06","Sugar and sweets- sugar, honey, sweets, desserts",7,"No","No","No","No","Yes","No","No","No","No","No",""
"68-35-97-06","Miscellaneous- tea, coffee, beverages, condiments, spices",7,"No","No","No","No","Yes","No","No","No","No","No",""
"00-22-25-11","Cereals- rice, maize, chapatti, wheat, sorghum, bread, etc",7,"Yes","No","No","No","Yes","No","No","No","No","No",""
"00-22-25-11","Roots and tubers- potato, sweet potato, cassava, arrow roots, cooking banana",1,"No","No","No","No","No","No","No","Yes","No","No",""
"00-22-25-11","Vegetables- spinach, pumpkin, cabbage, tomato, onion",4,"No","No","No","No","Yes","No","No","No","No","No",""
"00-22-25-11","Fruits- orange, mango, guava, rice paw paw/papaya, pineapple, etc",4,"No","No","No","No","Yes","No","No","No","No","No",""
"00-22-25-11","Meat, poultry, organ meat- goat, sheep, cow, chicken, liver, kidney, intestines",2,"No","No","No","No","Yes","No","No","No","No","No",""
"00-22-25-11","Eggs",2,"No","No","No","No","Yes","No","No","No","No","No",""
"00-22-25-11","Fish and seafood (dried or fresh)- sardines, dagaa/omena",6,"No","No","No","No","Yes","No","No","No","No","No",""
"00-22-25-11","Pulses, legumes, nuts, seeds",1,"No","No","No","No","Yes","No","No","No","No","No",""
"00-22-25-11","Sugar and sweets- sugar, honey, sweets, desserts",2,"No","No","No","No","Yes","No","No","No","No","No",""
"00-22-25-11","Miscellaneous- tea, coffee, beverages, condiments, spices",2,"No","No","No","No","Yes","No","No","No","No","No",""
"03-51-85-17","Cereals- rice, maize, chapatti, wheat, sorghum, bread, etc",7,"Yes","No","No","No","No","No","No","No","No","No",""
"03-51-85-17","Roots and tubers- potato, sweet potato, cassava, arrow roots, cooking banana",7,"No","No","No","No","No","No","No","Yes","No","No",""
"03-51-85-17","Vegetables- spinach, pumpkin, cabbage, tomato, onion",5,"No","No","No","No","No","No","No","Yes","No","No",""
"03-51-85-17","Fruits- orange, mango, guava, rice paw paw/papaya, pineapple, etc",2,"No","No","No","No","Yes","No","No","No","No","No",""
"03-51-85-17","Meat, poultry, organ meat- goat, sheep, cow, chicken, liver, kidney, intestines",5,"No","No","No","No","No","No","No","Yes","No","No",""
"03-51-85-17","Fish and seafood (dried or fresh)- sardines, dagaa/omena",5,"No","No","No","No","Yes","No","No","No","No","No",""
"03-51-85-17","Milk and milk products- fresh, powdered, yogurt, cheese, etc",2,"No","No","No","No","Yes","No","No","No","No","No",""
"03-51-85-17","Oil/fats- oil, fat, butter, ghee, etc",7,"No","No","No","No","Yes","No","No","No","No","No",""
"03-51-85-17","Miscellaneous- tea, coffee, beverages, condiments, spices",7,"No","No","No","No","Yes","No","No","No","No","No",""
"26-31-55-52","Cereals- rice, maize, chapatti, wheat, sorghum, bread, etc",7,"Yes","No","No","No","Yes","No","No","No","No","No",""
"26-31-55-52","Roots and tubers- potato, sweet potato, cassava, arrow roots, cooking banana",3,"No","No","No","No","Yes","No","No","No","No","No",""
"26-31-55-52","Vegetables- spinach, pumpkin, cabbage, tomato, onion",5,"No","No","No","No","Yes","No","No","No","No","No",""
"26-31-55-52","Fruits- orange, mango, guava, rice paw paw/papaya, pineapple, etc",5,"No","No","No","No","Yes","No","No","No","No","No",""
"26-31-55-52","Meat, poultry, organ meat- goat, sheep, cow, chicken, liver, kidney, intestines",2,"No","No","No","No","Yes","No","No","No","No","No",""
"26-31-55-52","Fish and seafood (dried or fresh)- sardines, dagaa/omena",4,"No","No","No","No","Yes","No","No","No","No","No",""
"26-31-55-52","Pulses, legumes, nuts, seeds",1,"No","No","No","No","Yes","No","No","No","No","No",""
"26-31-55-52","Milk and milk products- fresh, powdered, yogurt, cheese, etc",1,"No","No","No","No","Yes","No","No","No","No","No",""
"26-31-55-52","Oil/fats- oil, fat, butter, ghee, etc",7,"No","No","No","No","Yes","No","No","No","No","No",""
"26-31-55-52","Sugar and sweets- sugar, honey, sweets, desserts",5,"No","No","No","No","Yes","No","No","No","No","No",""
"26-31-55-52","Miscellaneous- tea, coffee, beverages, condiments, spices",5,"No","No","No","No","Yes","No","No","No","No","No",""
"82-96-57-24","Cereals- rice, maize, chapatti, wheat, sorghum, bread, etc",7,"Yes","No","No","No","No","No","No","No","No","No",""
"82-96-57-24","Vegetables- spinach, pumpkin, cabbage, tomato, onion",7,"Yes","No","No","No","Yes","No","No","No","No","No",""
"82-96-57-24","Pulses, legumes, nuts, seeds",2,"No","No","No","No","Yes","No","No","No","No","No",""
"82-96-57-24","Oil/fats- oil, fat, butter, ghee, etc",7,"No","No","No","No","Yes","No","No","No","No","No",""
"98-34-87-15","Cereals- rice, maize, chapatti, wheat, sorghum, bread, etc",7,"Yes","No","No","No","Yes","No","No","No","No","No",""
"98-34-87-15","Roots and tubers- potato, sweet potato, cassava, arrow roots, cooking banana",7,"No","No","No","No","Yes","No","No","No","No","No",""
"98-34-87-15","Vegetables- spinach, pumpkin, cabbage, tomato, onion",7,"No","No","No","No","Yes","No","No","No","No","No",""
"98-34-87-15","Pulses, legumes, nuts, seeds",7,"Yes","No","No","No","No","No","No","No","No","No",""
"20-44-39-67","Cereals- rice, maize, chapatti, wheat, sorghum, bread, etc",7,"Yes","No","No","No","No","No","No","No","No","No",""
"20-44-39-67","Roots and tubers- potato, sweet potato, cassava, arrow roots, cooking banana",3,"No","No","No","No","Yes","No","No","No","No","No",""
"20-44-39-67","Vegetables- spinach, pumpkin, cabbage, tomato, onion",7,"No","No","No","No","Yes","No","No","No","No","No",""
"20-44-39-67","Fruits- orange, mango, guava, rice paw paw/papaya, pineapple, etc",4,"No","No","No","No","Yes","No","No","No","No","No",""
"20-44-39-67","Eggs",4,"No","No","No","No","Yes","No","No","No","No","No",""
"20-44-39-67","Fish and seafood (dried or fresh)- sardines, dagaa/omena",3,"No","No","No","No","Yes","No","No","No","No","No",""
"20-44-39-67","Oil/fats- oil, fat, butter, ghee, etc",7,"No","No","No","No","Yes","No","No","No","No","No",""
"20-44-39-67","Sugar and sweets- sugar, honey, sweets, desserts",7,"No","No","No","No","Yes","No","No","No","No","No",""
"20-44-39-67","Miscellaneous- tea, coffee, beverages, condiments, spices",7,"No","No","No","No","Yes","No","No","No","No","No",""
"73-85-71-84","Cereals- rice, maize, chapatti, wheat, sorghum, bread, etc",7,"Yes","No","No","No","Yes","No","No","No","No","No",""
"73-85-71-84","Roots and tubers- potato, sweet potato, cassava, arrow roots, cooking banana",7,"No","No","No","No","Yes","No","No","No","No","No",""
"73-85-71-84","Vegetables- spinach, pumpkin, cabbage, tomato, onion",7,"No","No","No","No","Yes","No","No","No","No","No",""
"73-85-71-84","Meat, poultry, organ meat- goat, sheep, cow, chicken, liver, kidney, intestines",1,"No","No","No","No","Yes","No","No","No","No","No",""
"73-85-71-84","Oil/fats- oil, fat, butter, ghee, etc",7,"No","No","No","No","Yes","No","No","No","No","No",""
"73-85-71-84","Sugar and sweets- sugar, honey, sweets, desserts",7,"No","No","No","No","Yes","No","No","No","No","No",""
"57-10-23-73","Cereals- rice, maize, chapatti, wheat, sorghum, bread, etc",7,"Yes","No","No","No","No","No","No","No","No","No",""
"57-10-23-73","Roots and tubers- potato, sweet potato, cassava, arrow roots, cooking banana",2,"No","No","No","No","No","No","No","Yes","No","No",""
"57-10-23-73","Meat, poultry, organ meat- goat, sheep, cow, chicken, liver, kidney, intestines",1,"No","No","No","No","Yes","No","No","No","No","No",""
"57-10-23-73","Eggs",1,"No","No","No","No","Yes","No","No","No","No","No",""
"57-10-23-73","Fish and seafood (dried or fresh)- sardines, dagaa/omena",7,"No","No","No","No","Yes","No","No","No","No","No",""
"57-10-23-73","Oil/fats- oil, fat, butter, ghee, etc",7,"No","No","No","No","Yes","No","No","No","No","No",""
"57-10-23-73","Miscellaneous- tea, coffee, beverages, condiments, spices",7,"No","No","No","No","Yes","No","No","No","No","No",""
"27-45-94-38","Cereals- rice, maize, chapatti, wheat, sorghum, bread, etc",7,"Yes","No","No","No","Yes","No","No","No","No","No",""
"27-45-94-38","Roots and tubers- potato, sweet potato, cassava, arrow roots, cooking banana",3,"No","No","No","No","Yes","No","No","No","No","No",""
"27-45-94-38","Vegetables- spinach, pumpkin, cabbage, tomato, onion",7,"No","No","No","No","Yes","No","No","No","No","No",""
"27-45-94-38","Fruits- orange, mango, guava, rice paw paw/papaya, pineapple, etc",3,"No","No","No","No","Yes","No","No","No","No","No",""
"27-45-94-38","Fish and seafood (dried or fresh)- sardines, dagaa/omena",5,"No","No","No","No","Yes","No","No","No","No","No",""
"27-45-94-38","Oil/fats- oil, fat, butter, ghee, etc",7,"No","No","No","No","Yes","No","No","No","No","No",""
"27-45-94-38","Sugar and sweets- sugar, honey, sweets, desserts",7,"No","No","No","No","Yes","No","No","No","No","No",""
"27-45-94-38","Miscellaneous- tea, coffee, beverages, condiments, spices",7,"No","No","No","No","Yes","No","No","No","No","No",""
"07-14-85-97","Cereals- rice, maize, chapatti, wheat, sorghum, bread, etc",7,"Yes","No","No","No","No","No","No","No","No","No",""
"07-14-85-97","Roots and tubers- potato, sweet potato, cassava, arrow roots, cooking banana",2,"No","No","No","No","Yes","No","No","No","No","No",""
"07-14-85-97","Vegetables- spinach, pumpkin, cabbage, tomato, onion",7,"No","No","No","No","Yes","No","No","No","No","No",""
"07-14-85-97","Fruits- orange, mango, guava, rice paw paw/papaya, pineapple, etc",1,"No","No","No","No","Yes","No","No","No","No","No",""
"07-14-85-97","Meat, poultry, organ meat- goat, sheep, cow, chicken, liver, kidney, intestines",1,"No","No","No","No","Yes","No","No","No","No","No",""
"07-14-85-97","Fish and seafood (dried or fresh)- sardines, dagaa/omena",7,"No","No","No","No","Yes","No","No","No","No","No",""
"07-14-85-97","Pulses, legumes, nuts, seeds",3,"No","No","No","No","Yes","No","No","No","No","No",""
"07-14-85-97","Oil/fats- oil, fat, butter, ghee, etc",7,"No","No","No","No","Yes","No","No","No","No","No",""
"07-14-85-97","Sugar and sweets- sugar, honey, sweets, desserts",7,"No","No","No","No","Yes","No","No","No","No","No",""
"07-14-85-97","Miscellaneous- tea, coffee, beverages, condiments, spices",7,"No","No","No","No","Yes","No","No","No","No","No",""
"55-58-44-60","Cereals- rice, maize, chapatti, wheat, sorghum, bread, etc",7,"No","No","No","No","Yes","No","No","No","No","No",""
"55-58-44-60","Roots and tubers- potato, sweet potato, cassava, arrow roots, cooking banana",7,"Yes","No","No","No","Yes","No","No","No","No","No",""
"55-58-44-60","Vegetables- spinach, pumpkin, cabbage, tomato, onion",3,"No","No","No","No","Yes","No","No","No","No","No",""
"55-58-44-60","Fish and seafood (dried or fresh)- sardines, dagaa/omena",2,"No","No","No","No","Yes","No","No","No","No","No",""
"55-58-44-60","Pulses, legumes, nuts, seeds",1,"No","No","No","No","Yes","No","No","No","No","No",""
"54-97-37-44","Cereals- rice, maize, chapatti, wheat, sorghum, bread, etc",7,"No","No","No","No","Yes","No","No","No","No","No",""
"54-97-37-44","Roots and tubers- potato, sweet potato, cassava, arrow roots, cooking banana",4,"No","No","No","No","Yes","No","No","No","No","No",""
"54-97-37-44","Vegetables- spinach, pumpkin, cabbage, tomato, onion",7,"No","No","No","No","Yes","No","No","No","No","No",""
"54-97-37-44","Fruits- orange, mango, guava, rice paw paw/papaya, pineapple, etc",7,"Yes","No","No","No","No","No","No","No","No","No",""
"54-97-37-44","Meat, poultry, organ meat- goat, sheep, cow, chicken, liver, kidney, intestines",1,"No","No","No","No","Yes","No","No","No","No","No",""
"54-97-37-44","Fish and seafood (dried or fresh)- sardines, dagaa/omena",2,"No","No","No","No","Yes","No","No","No","No","No",""
"54-97-37-44","Pulses, legumes, nuts, seeds",3,"No","No","No","No","Yes","No","No","No","No","No",""
"54-97-37-44","Oil/fats- oil, fat, butter, ghee, etc",7,"No","No","No","No","Yes","No","No","No","No","No",""
"54-97-37-44","Sugar and sweets- sugar, honey, sweets, desserts",7,"No","No","No","No","Yes","No","No","No","No","No",""
"54-97-37-44","Miscellaneous- tea, coffee, beverages, condiments, spices",7,"No","No","No","No","Yes","No","No","No","No","No",""
"25-51-59-02","Cereals- rice, maize, chapatti, wheat, sorghum, bread, etc",3,"Yes","No","No","No","No","No","No","No","No","No",""
"25-51-59-02","Roots and tubers- potato, sweet potato, cassava, arrow roots, cooking banana",1,"No","No","No","No","Yes","No","No","No","No","No",""
"25-51-59-02","Vegetables- spinach, pumpkin, cabbage, tomato, onion",3,"No","No","No","No","Yes","No","No","No","No","No",""
"25-51-59-02","Fruits- orange, mango, guava, rice paw paw/papaya, pineapple, etc",1,"Yes","No","No","No","No","No","No","No","No","No",""
"25-51-59-02","Meat, poultry, organ meat- goat, sheep, cow, chicken, liver, kidney, intestines",2,"No","No","No","No","Yes","No","No","No","No","No",""
"25-51-59-02","Eggs",1,"No","No","No","No","Yes","No","No","No","No","No",""
"25-51-59-02","Fish and seafood (dried or fresh)- sardines, dagaa/omena",2,"No","No","No","No","Yes","No","No","No","No","No",""
"25-51-59-02","Pulses, legumes, nuts, seeds",1,"No","No","No","No","Yes","No","No","No","No","No",""
"25-51-59-02","Oil/fats- oil, fat, butter, ghee, etc",7,"No","No","No","No","Yes","No","No","No","No","No",""
"25-51-59-02","Sugar and sweets- sugar, honey, sweets, desserts",4,"No","No","No","No","Yes","No","No","No","No","No",""
"25-51-59-02","Miscellaneous- tea, coffee, beverages, condiments, spices",4,"Yes","No","No","No","No","No","No","No","No","No",""
"98-34-54-09","Cereals- rice, maize, chapatti, wheat, sorghum, bread, etc",7,"Yes","No","No","No","Yes","No","No","No","No","No",""
"98-34-54-09","Vegetables- spinach, pumpkin, cabbage, tomato, onion",7,"No","No","No","No","Yes","No","No","No","No","No",""
"98-34-54-09","Fruits- orange, mango, guava, rice paw paw/papaya, pineapple, etc",7,"Yes","No","No","No","No","No","No","No","No","No",""
"98-34-54-09","Fish and seafood (dried or fresh)- sardines, dagaa/omena",3,"No","No","No","No","Yes","No","No","No","No","No",""
"98-34-54-09","Oil/fats- oil, fat, butter, ghee, etc",7,"No","No","No","No","Yes","No","No","No","No","No",""
"98-34-54-09","Miscellaneous- tea, coffee, beverages, condiments, spices",7,"No","No","No","No","Yes","No","No","No","No","No",""
"69-46-62-21","Cereals- rice, maize, chapatti, wheat, sorghum, bread, etc",7,"Yes","No","No","No","No","No","No","No","No","No",""
"69-46-62-21","Roots and tubers- potato, sweet potato, cassava, arrow roots, cooking banana",1,"No","No","No","No","No","No","No","Yes","No","No",""
"69-46-62-21","Vegetables- spinach, pumpkin, cabbage, tomato, onion",7,"No","No","No","No","No","No","No","Yes","No","No",""
"69-46-62-21","Fish and seafood (dried or fresh)- sardines, dagaa/omena",1,"No","No","No","No","Yes","No","No","No","No","No",""
"69-46-62-21","Oil/fats- oil, fat, butter, ghee, etc",7,"No","No","No","No","Yes","No","No","No","No","No",""
"69-92-29-73","Cereals- rice, maize, chapatti, wheat, sorghum, bread, etc",7,"Yes","No","No","No","Yes","No","No","No","No","No",""
"69-92-29-73","Vegetables- spinach, pumpkin, cabbage, tomato, onion",7,"No","No","No","No","Yes","No","No","No","No","No",""
"69-92-29-73","Fruits- orange, mango, guava, rice paw paw/papaya, pineapple, etc",7,"Yes","No","No","No","No","No","No","No","No","No",""
"69-92-29-73","Fish and seafood (dried or fresh)- sardines, dagaa/omena",3,"No","No","No","No","Yes","No","No","No","No","No",""
"69-92-29-73","Oil/fats- oil, fat, butter, ghee, etc",7,"No","No","No","No","Yes","No","No","No","No","No",""
"69-92-29-73","Miscellaneous- tea, coffee, beverages, condiments, spices",7,"No","No","No","No","Yes","No","No","No","No","No",""
"37-17-48-58","Cereals- rice, maize, chapatti, wheat, sorghum, bread, etc",7,"Yes","No","No","No","Yes","No","No","No","No","No",""
"37-17-48-58","Roots and tubers- potato, sweet potato, cassava, arrow roots, cooking banana",2,"No","No","No","No","Yes","No","No","No","No","No",""
"37-17-48-58","Vegetables- spinach, pumpkin, cabbage, tomato, onion",7,"No","No","No","No","Yes","No","No","No","No","No",""
"37-17-48-58","Fruits- orange, mango, guava, rice paw paw/papaya, pineapple, etc",7,"No","No","No","No","Yes","No","No","No","No","No",""
"37-17-48-58","Meat, poultry, organ meat- goat, sheep, cow, chicken, liver, kidney, intestines",3,"No","No","No","No","Yes","No","No","No","No","No",""
"37-17-48-58","Eggs",1,"No","No","No","No","Yes","No","No","No","No","No",""
"37-17-48-58","Fish and seafood (dried or fresh)- sardines, dagaa/omena",3,"No","No","No","No","Yes","No","No","No","No","No",""
"37-17-48-58","Pulses, legumes, nuts, seeds",1,"No","No","No","No","Yes","No","No","No","No","No",""
"37-17-48-58","Milk and milk products- fresh, powdered, yogurt, cheese, etc",2,"No","No","No","No","Yes","No","No","No","No","No",""
"37-17-48-58","Oil/fats- oil, fat, butter, ghee, etc",7,"No","No","No","No","Yes","No","No","No","No","No",""
"37-17-48-58","Sugar and sweets- sugar, honey, sweets, desserts",7,"No","No","No","No","Yes","No","No","No","No","No",""
"37-17-48-58","Miscellaneous- tea, coffee, beverages, condiments, spices",2,"Yes","No","No","No","No","No","No","No","No","No",""
"85-72-34-53","Cereals- rice, maize, chapatti, wheat, sorghum, bread, etc",7,"Yes","No","No","No","No","No","No","No","No","No",""
"85-72-34-53","Roots and tubers- potato, sweet potato, cassava, arrow roots, cooking banana",5,"No","No","No","No","Yes","No","No","No","No","No",""
"85-72-34-53","Vegetables- spinach, pumpkin, cabbage, tomato, onion",5,"No","No","No","No","Yes","No","No","No","No","No",""
"85-72-34-53","Fish and seafood (dried or fresh)- sardines, dagaa/omena",2,"No","No","No","No","Yes","No","No","No","No","No",""
"85-72-34-53","Pulses, legumes, nuts, seeds",3,"No","No","No","No","Yes","No","No","No","No","No",""
"85-72-34-53","Oil/fats- oil, fat, butter, ghee, etc",7,"No","No","No","No","Yes","No","No","No","No","No",""
"73-56-72-00","Cereals- rice, maize, chapatti, wheat, sorghum, bread, etc",7,"Yes","No","No","No","Yes","No","No","No","No","No",""
"73-56-72-00","Vegetables- spinach, pumpkin, cabbage, tomato, onion",2,"No","No","No","No","Yes","No","No","No","No","No",""
"73-56-72-00","Pulses, legumes, nuts, seeds",2,"No","No","No","No","Yes","No","No","No","No","No",""
"73-56-72-00","Oil/fats- oil, fat, butter, ghee, etc",7,"Yes","No","No","No","No","No","No","No","No","No",""
"73-56-72-00","Sugar and sweets- sugar, honey, sweets, desserts",2,"No","No","No","No","Yes","No","No","No","No","No",""
"73-56-72-00","Miscellaneous- tea, coffee, beverages, condiments, spices",3,"No","No","No","No","Yes","No","No","No","No","No",""
"39-00-66-90","Cereals- rice, maize, chapatti, wheat, sorghum, bread, etc",7,"Yes","No","No","No","Yes","No","No","No","No","No",""
"39-00-66-90","Roots and tubers- potato, sweet potato, cassava, arrow roots, cooking banana",1,"Yes","No","No","No","No","No","No","No","No","No",""
"39-00-66-90","Vegetables- spinach, pumpkin, cabbage, tomato, onion",7,"No","No","No","No","Yes","No","No","No","No","No",""
"39-00-66-90","Eggs",2,"Yes","No","No","No","No","No","No","No","No","No",""
"39-00-66-90","Fish and seafood (dried or fresh)- sardines, dagaa/omena",4,"No","No","No","No","Yes","No","No","No","No","No",""
"39-00-66-90","Pulses, legumes, nuts, seeds",2,"No","No","No","No","Yes","No","No","No","No","No",""
"39-00-66-90","Oil/fats- oil, fat, butter, ghee, etc",7,"No","No","No","No","Yes","No","No","No","No","No",""
"52-72-83-96","Cereals- rice, maize, chapatti, wheat, sorghum, bread, etc",7,"Yes","No","No","No","No","No","No","No","No","No",""
"52-72-83-96","Roots and tubers- potato, sweet potato, cassava, arrow roots, cooking banana",7,"No","No","No","No","Yes","No","No","No","No","No",""
"52-72-83-96","Vegetables- spinach, pumpkin, cabbage, tomato, onion",7,"No","No","No","No","Yes","No","No","No","No","No",""
"52-72-83-96","Fruits- orange, mango, guava, rice paw paw/papaya, pineapple, etc",3,"No","No","No","No","Yes","No","No","No","No","No",""
"52-72-83-96","Fish and seafood (dried or fresh)- sardines, dagaa/omena",4,"No","No","No","No","Yes","No","No","No","No","No",""
"52-72-83-96","Oil/fats- oil, fat, butter, ghee, etc",7,"No","No","No","No","Yes","No","No","No","No","No",""
"52-72-83-96","Sugar and sweets- sugar, honey, sweets, desserts",7,"No","No","No","No","Yes","No","No","No","No","No",""
"27-89-15-08","Cereals- rice, maize, chapatti, wheat, sorghum, bread, etc",7,"Yes","No","No","No","Yes","No","No","No","No","No",""
"27-89-15-08","Roots and tubers- potato, sweet potato, cassava, arrow roots, cooking banana",1,"No","No","No","No","No","No","No","Yes","No","No",""
"27-89-15-08","Vegetables- spinach, pumpkin, cabbage, tomato, onion",5,"No","No","No","No","Yes","No","No","No","No","No",""
"27-89-15-08","Fruits- orange, mango, guava, rice paw paw/papaya, pineapple, etc",3,"No","No","No","No","Yes","No","No","No","No","No",""
"27-89-15-08","Meat, poultry, organ meat- goat, sheep, cow, chicken, liver, kidney, intestines",2,"No","No","No","No","Yes","No","No","No","No","No",""
"27-89-15-08","Fish and seafood (dried or fresh)- sardines, dagaa/omena",5,"No","Yes","No","No","Yes","No","No","No","No","No",""
"27-89-15-08","Pulses, legumes, nuts, seeds",1,"No","No","No","No","Yes","No","No","No","No","No",""
"27-89-15-08","Oil/fats- oil, fat, butter, ghee, etc",7,"No","No","No","No","Yes","No","No","No","No","No",""
"27-89-15-08","Miscellaneous- tea, coffee, beverages, condiments, spices",7,"No","No","No","No","Yes","No","No","No","No","No",""
"38-15-27-24","Cereals- rice, maize, chapatti, wheat, sorghum, bread, etc",7,"Yes","No","No","No","Yes","No","No","No","No","No",""
"38-15-27-24","Roots and tubers- potato, sweet potato, cassava, arrow roots, cooking banana",7,"Yes","No","No","No","No","No","No","No","No","No",""
"38-15-27-24","Vegetables- spinach, pumpkin, cabbage, tomato, onion",2,"No","No","No","No","Yes","No","No","No","No","No",""
"38-15-27-24","Fish and seafood (dried or fresh)- sardines, dagaa/omena",7,"No","No","No","No","Yes","No","No","No","No","No",""
"38-15-27-24","Sugar and sweets- sugar, honey, sweets, desserts",7,"No","No","No","No","Yes","No","No","No","No","No",""
"38-15-27-24","Miscellaneous- tea, coffee, beverages, condiments, spices",7,"No","No","No","No","Yes","No","No","No","No","No",""
"32-53-41-40","Cereals- rice, maize, chapatti, wheat, sorghum, bread, etc",7,"Yes","No","No","No","No","No","No","No","No","No",""
"32-53-41-40","Roots and tubers- potato, sweet potato, cassava, arrow roots, cooking banana",7,"Yes","No","No","No","No","No","No","No","No","No",""
"32-53-41-40","Vegetables- spinach, pumpkin, cabbage, tomato, onion",5,"No","No","No","No","Yes","No","No","No","No","No",""
"32-53-41-40","Fruits- orange, mango, guava, rice paw paw/papaya, pineapple, etc",7,"Yes","No","No","No","No","No","No","No","No","No",""
"32-53-41-40","Oil/fats- oil, fat, butter, ghee, etc",7,"Yes","No","No","No","No","No","No","No","No","No",""
"32-53-41-40","Sugar and sweets- sugar, honey, sweets, desserts",7,"No","No","No","No","Yes","No","No","No","No","No",""
"32-53-41-40","Miscellaneous- tea, coffee, beverages, condiments, spices",7,"Yes","No","No","No","No","No","No","No","No","No",""
"90-85-65-68","Cereals- rice, maize, chapatti, wheat, sorghum, bread, etc",7,"Yes","No","No","No","Yes","No","No","No","No","No",""
"90-85-65-68","Roots and tubers- potato, sweet potato, cassava, arrow roots, cooking banana",3,"No","No","No","No","Yes","No","No","No","No","No",""
"90-85-65-68","Vegetables- spinach, pumpkin, cabbage, tomato, onion",3,"No","No","No","No","Yes","No","No","No","No","No",""
"90-85-65-68","Fruits- orange, mango, guava, rice paw paw/papaya, pineapple, etc",5,"Yes","No","No","No","Yes","No","No","No","No","No",""
"90-85-65-68","Fish and seafood (dried or fresh)- sardines, dagaa/omena",4,"No","No","No","No","Yes","No","No","No","No","No",""
"90-85-65-68","Pulses, legumes, nuts, seeds",3,"Yes","No","No","No","Yes","No","No","No","No","No",""
"90-85-65-68","Oil/fats- oil, fat, butter, ghee, etc",7,"No","No","No","No","Yes","No","No","No","No","No",""
"90-85-65-68","Sugar and sweets- sugar, honey, sweets, desserts",5,"No","No","No","No","Yes","No","No","No","No","No",""
"90-85-65-68","Miscellaneous- tea, coffee, beverages, condiments, spices",5,"No","No","No","No","Yes","No","No","No","No","No",""
"07-04-06-31","Cereals- rice, maize, chapatti, wheat, sorghum, bread, etc",7,"No","No","No","No","Yes","No","No","No","No","No",""
"07-04-06-31","Roots and tubers- potato, sweet potato, cassava, arrow roots, cooking banana",2,"No","No","No","No","Yes","No","No","No","No","No",""
"07-04-06-31","Vegetables- spinach, pumpkin, cabbage, tomato, onion",7,"No","No","No","No","Yes","No","No","No","No","No",""
"07-04-06-31","Fruits- orange, mango, guava, rice paw paw/papaya, pineapple, etc",3,"No","No","No","No","Yes","No","No","No","No","No",""
"07-04-06-31","Meat, poultry, organ meat- goat, sheep, cow, chicken, liver, kidney, intestines",2,"No","No","No","No","Yes","No","No","No","No","No",""
"07-04-06-31","Fish and seafood (dried or fresh)- sardines, dagaa/omena",3,"No","No","No","No","Yes","No","No","No","No","No",""
"07-04-06-31","Pulses, legumes, nuts, seeds",4,"No","No","No","No","Yes","No","No","No","No","No",""
"07-04-06-31","Milk and milk products- fresh, powdered, yogurt, cheese, etc",2,"No","No","No","No","Yes","No","No","No","No","No",""
"07-04-06-31","Sugar and sweets- sugar, honey, sweets, desserts",7,"No","No","No","No","Yes","No","No","No","No","No",""
"07-04-06-31","Miscellaneous- tea, coffee, beverages, condiments, spices",7,"No","No","No","No","Yes","No","No","No","No","No",""
"00-51-21-96","Cereals- rice, maize, chapatti, wheat, sorghum, bread, etc",7,"Yes","No","No","No","No","No","No","No","No","No",""
"00-51-21-96","Roots and tubers- potato, sweet potato, cassava, arrow roots, cooking banana",7,"No","No","No","No","Yes","No","No","No","No","No",""
"00-51-21-96","Vegetables- spinach, pumpkin, cabbage, tomato, onion",7,"No","No","No","No","Yes","No","No","No","No","No",""
"00-51-21-96","Fruits- orange, mango, guava, rice paw paw/papaya, pineapple, etc",2,"Yes","No","No","No","Yes","No","No","No","No","No",""
"00-51-21-96","Fish and seafood (dried or fresh)- sardines, dagaa/omena",2,"No","No","No","No","Yes","No","No","No","No","No",""
"00-51-21-96","Oil/fats- oil, fat, butter, ghee, etc",7,"No","No","No","No","Yes","No","No","No","No","No",""
"00-51-21-96","Sugar and sweets- sugar, honey, sweets, desserts",7,"No","No","No","No","Yes","No","No","No","No","No",""
"29-09-67-77","Cereals- rice, maize, chapatti, wheat, sorghum, bread, etc",5,"No","No","No","No","Yes","No","No","No","No","No",""
"29-09-67-77","Roots and tubers- potato, sweet potato, cassava, arrow roots, cooking banana",7,"No","No","No","No","Yes","No","No","No","No","No",""
"29-09-67-77","Vegetables- spinach, pumpkin, cabbage, tomato, onion",7,"No","No","No","No","Yes","No","No","No","No","No",""
"29-09-67-77","Fish and seafood (dried or fresh)- sardines, dagaa/omena",3,"No","No","No","No","Yes","No","No","No","No","No",""
"29-09-67-77","Pulses, legumes, nuts, seeds",7,"No","No","No","No","Yes","No","No","No","No","No",""
"29-09-67-77","Milk and milk products- fresh, powdered, yogurt, cheese, etc",3,"No","No","No","No","Yes","No","No","No","No","No",""
"29-09-67-77","Oil/fats- oil, fat, butter, ghee, etc",7,"No","No","No","No","Yes","No","No","No","No","No",""
"29-09-67-77","Sugar and sweets- sugar, honey, sweets, desserts",7,"No","No","No","No","Yes","No","No","No","No","No",""
"29-09-67-77","Miscellaneous- tea, coffee, beverages, condiments, spices",7,"Yes","No","No","No","No","No","No","No","No","No",""
"18-57-30-30","Cereals- rice, maize, chapatti, wheat, sorghum, bread, etc",7,"Yes","No","No","No","Yes","No","No","No","No","No",""
"18-57-30-30","Roots and tubers- potato, sweet potato, cassava, arrow roots, cooking banana",5,"No","No","No","No","Yes","No","No","No","No","No",""
"18-57-30-30","Vegetables- spinach, pumpkin, cabbage, tomato, onion",7,"No","No","No","No","Yes","No","No","No","No","No",""
"18-57-30-30","Fruits- orange, mango, guava, rice paw paw/papaya, pineapple, etc",4,"No","No","No","No","Yes","No","No","No","No","No",""
"18-57-30-30","Meat, poultry, organ meat- goat, sheep, cow, chicken, liver, kidney, intestines",1,"No","No","No","No","Yes","No","No","No","No","No",""
"18-57-30-30","Fish and seafood (dried or fresh)- sardines, dagaa/omena",5,"No","No","No","No","Yes","No","No","No","No","No",""
"18-57-30-30","Pulses, legumes, nuts, seeds",3,"No","No","No","No","Yes","No","No","No","No","No",""
"18-57-30-30","Oil/fats- oil, fat, butter, ghee, etc",7,"Yes","No","No","No","Yes","No","No","No","No","No",""
"18-57-30-30","Sugar and sweets- sugar, honey, sweets, desserts",4,"No","No","No","No","Yes","No","No","No","No","No",""
"18-57-30-30","Miscellaneous- tea, coffee, beverages, condiments, spices",7,"No","No","No","No","Yes","No","No","No","No","No",""
"06-67-52-73","Cereals- rice, maize, chapatti, wheat, sorghum, bread, etc",7,"Yes","No","No","No","No","No","No","No","No","No",""
"06-67-52-73","Roots and tubers- potato, sweet potato, cassava, arrow roots, cooking banana",7,"No","No","No","No","Yes","No","No","No","No","No",""
"06-67-52-73","Vegetables- spinach, pumpkin, cabbage, tomato, onion",7,"No","No","No","No","Yes","No","No","No","No","No",""
"06-67-52-73","Fish and seafood (dried or fresh)- sardines, dagaa/omena",4,"No","No","No","No","Yes","No","No","No","No","No",""
"06-67-52-73","Pulses, legumes, nuts, seeds",5,"No","No","No","No","Yes","No","No","No","No","No",""
"06-67-52-73","Oil/fats- oil, fat, butter, ghee, etc",7,"No","No","No","No","Yes","No","No","No","No","No",""
"06-67-52-73","Sugar and sweets- sugar, honey, sweets, desserts",7,"Yes","No","No","No","No","No","No","No","No","No",""
"06-67-52-73","Miscellaneous- tea, coffee, beverages, condiments, spices",5,"Yes","No","No","No","No","No","No","No","No","No",""
"63-98-43-96","Cereals- rice, maize, chapatti, wheat, sorghum, bread, etc",7,"No","No","No","No","Yes","No","No","No","No","No",""
"63-98-43-96","Roots and tubers- potato, sweet potato, cassava, arrow roots, cooking banana",1,"No","No","No","No","No","No","No","Yes","No","No",""
"63-98-43-96","Vegetables- spinach, pumpkin, cabbage, tomato, onion",3,"No","No","No","No","Yes","No","No","No","No","No",""
"63-98-43-96","Pulses, legumes, nuts, seeds",1,"No","No","No","No","Yes","No","No","No","No","No",""
"63-98-43-96","Oil/fats- oil, fat, butter, ghee, etc",7,"No","No","No","No","Yes","No","No","No","No","No",""
"95-39-48-28","Cereals- rice, maize, chapatti, wheat, sorghum, bread, etc",7,"Yes","No","No","No","Yes","No","No","No","No","No",""
"95-39-48-28","Vegetables- spinach, pumpkin, cabbage, tomato, onion",5,"No","No","No","No","Yes","No","No","No","No","No",""
"95-39-48-28","Fruits- orange, mango, guava, rice paw paw/papaya, pineapple, etc",2,"Yes","No","No","No","Yes","No","No","No","No","No",""
"95-39-48-28","Fish and seafood (dried or fresh)- sardines, dagaa/omena",2,"No","No","No","No","Yes","No","No","No","No","No",""
"95-39-48-28","Pulses, legumes, nuts, seeds",5,"No","No","No","No","Yes","No","No","No","No","No",""
"95-39-48-28","Oil/fats- oil, fat, butter, ghee, etc",7,"No","No","No","No","Yes","No","No","No","No","No",""
"95-39-48-28","Miscellaneous- tea, coffee, beverages, condiments, spices",7,"No","No","No","No","Yes","No","No","No","No","No",""
"09-57-06-65","Cereals- rice, maize, chapatti, wheat, sorghum, bread, etc",7,"Yes","No","No","No","Yes","No","No","No","No","No",""
"09-57-06-65","Roots and tubers- potato, sweet potato, cassava, arrow roots, cooking banana",1,"Yes","No","No","No","No","No","No","No","No","No",""
"09-57-06-65","Vegetables- spinach, pumpkin, cabbage, tomato, onion",7,"Yes","No","No","No","No","No","No","No","No","No",""
"10-32-71-90","Cereals- rice, maize, chapatti, wheat, sorghum, bread, etc",7,"Yes","No","No","No","Yes","No","No","No","No","No",""
"10-32-71-90","Vegetables- spinach, pumpkin, cabbage, tomato, onion",7,"No","No","No","No","Yes","No","No","No","No","No",""
"10-32-71-90","Fruits- orange, mango, guava, rice paw paw/papaya, pineapple, etc",3,"No","No","No","No","Yes","No","No","No","No","No",""
"10-32-71-90","Fish and seafood (dried or fresh)- sardines, dagaa/omena",4,"No","No","No","No","Yes","No","No","No","No","No",""
"10-32-71-90","Oil/fats- oil, fat, butter, ghee, etc",7,"No","No","No","No","Yes","No","No","No","No","No",""
"10-32-71-90","Miscellaneous- tea, coffee, beverages, condiments, spices",7,"No","No","No","No","Yes","No","No","No","No","No",""
"91-48-09-94","Cereals- rice, maize, chapatti, wheat, sorghum, bread, etc",7,"Yes","No","No","No","No","No","No","No","No","No",""
"91-48-09-94","Roots and tubers- potato, sweet potato, cassava, arrow roots, cooking banana",7,"No","No","No","No","Yes","No","No","No","No","No",""
"91-48-09-94","Vegetables- spinach, pumpkin, cabbage, tomato, onion",7,"No","No","No","No","Yes","No","No","No","No","No",""
"91-48-09-94","Fruits- orange, mango, guava, rice paw paw/papaya, pineapple, etc",4,"No","No","No","No","Yes","No","No","No","No","No",""
"91-48-09-94","Meat, poultry, organ meat- goat, sheep, cow, chicken, liver, kidney, intestines",1,"No","No","No","No","Yes","No","No","No","No","No",""
"91-48-09-94","Fish and seafood (dried or fresh)- sardines, dagaa/omena",4,"No","No","No","No","Yes","No","No","No","No","No",""
"91-48-09-94","Oil/fats- oil, fat, butter, ghee, etc",7,"No","No","No","No","Yes","No","No","No","No","No",""
"91-48-09-94","Sugar and sweets- sugar, honey, sweets, desserts",7,"No","No","No","No","Yes","No","No","No","No","No",""
"20-98-55-75","Cereals- rice, maize, chapatti, wheat, sorghum, bread, etc",7,"Yes","No","No","No","Yes","No","No","Yes","No","No",""
"20-98-55-75","Roots and tubers- potato, sweet potato, cassava, arrow roots, cooking banana",3,"No","No","No","No","Yes","No","No","No","No","No",""
"20-98-55-75","Vegetables- spinach, pumpkin, cabbage, tomato, onion",6,"No","No","No","No","Yes","No","No","No","No","No",""
"20-98-55-75","Fruits- orange, mango, guava, rice paw paw/papaya, pineapple, etc",7,"Yes","No","No","No","No","No","No","No","No","No",""
"20-98-55-75","Meat, poultry, organ meat- goat, sheep, cow, chicken, liver, kidney, intestines",2,"No","No","No","No","Yes","No","No","No","No","No",""
"20-98-55-75","Fish and seafood (dried or fresh)- sardines, dagaa/omena",3,"No","No","No","No","Yes","No","No","No","No","No",""
"20-98-55-75","Oil/fats- oil, fat, butter, ghee, etc",7,"No","No","No","No","Yes","No","No","No","No","No",""
"20-98-55-75","Sugar and sweets- sugar, honey, sweets, desserts",6,"No","No","No","No","Yes","No","No","No","No","No",""
"60-93-12-22","Cereals- rice, maize, chapatti, wheat, sorghum, bread, etc",7,"Yes","No","No","No","Yes","No","No","No","No","No",""
"60-93-12-22","Vegetables- spinach, pumpkin, cabbage, tomato, onion",7,"No","No","No","No","Yes","No","No","No","No","No",""
"60-93-12-22","Fish and seafood (dried or fresh)- sardines, dagaa/omena",3,"No","No","No","No","Yes","No","No","No","No","No",""
"60-93-12-22","Oil/fats- oil, fat, butter, ghee, etc",7,"No","No","No","No","Yes","No","No","No","No","No",""
"60-93-12-22","Miscellaneous- tea, coffee, beverages, condiments, spices",7,"No","No","No","No","Yes","No","No","No","No","No",""
"08-84-40-54","Cereals- rice, maize, chapatti, wheat, sorghum, bread, etc",7,"Yes","No","No","No","Yes","No","No","No","No","No",""
"08-84-40-54","Roots and tubers- potato, sweet potato, cassava, arrow roots, cooking banana",7,"No","No","No","No","Yes","No","No","No","No","No",""
"08-84-40-54","Vegetables- spinach, pumpkin, cabbage, tomato, onion",7,"No","No","No","No","Yes","No","No","No","No","No",""
"08-84-40-54","Fruits- orange, mango, guava, rice paw paw/papaya, pineapple, etc",3,"No","No","No","No","Yes","No","No","No","No","No",""
"08-84-40-54","Fish and seafood (dried or fresh)- sardines, dagaa/omena",5,"No","No","No","No","Yes","No","No","No","No","No",""
"08-84-40-54","Oil/fats- oil, fat, butter, ghee, etc",7,"No","No","No","No","Yes","No","No","No","No","No",""
"08-84-40-54","Miscellaneous- tea, coffee, beverages, condiments, spices",7,"No","No","No","No","Yes","No","No","No","No","No",""
"19-25-10-78","Cereals- rice, maize, chapatti, wheat, sorghum, bread, etc",7,"Yes","No","No","No","Yes","No","No","No","No","No",""
"19-25-10-78","Vegetables- spinach, pumpkin, cabbage, tomato, onion",7,"Yes","No","No","No","Yes","No","No","No","No","No",""
"19-25-10-78","Fruits- orange, mango, guava, rice paw paw/papaya, pineapple, etc",5,"Yes","No","No","No","No","No","No","Yes","No","No",""
"19-25-10-78","Fish and seafood (dried or fresh)- sardines, dagaa/omena",3,"No","No","No","No","Yes","No","No","No","No","No",""
"19-25-10-78","Oil/fats- oil, fat, butter, ghee, etc",7,"Yes","No","No","No","Yes","No","No","No","No","No",""
"19-25-10-78","Miscellaneous- tea, coffee, beverages, condiments, spices",7,"No","No","No","No","Yes","No","No","No","No","No",""
"71-72-13-14","Cereals- rice, maize, chapatti, wheat, sorghum, bread, etc",7,"Yes","No","No","No","No","No","No","No","No","No",""
"71-72-13-14","Roots and tubers- potato, sweet potato, cassava, arrow roots, cooking banana",4,"Yes","No","No","No","No","No","No","No","No","No",""
"71-72-13-14","Vegetables- spinach, pumpkin, cabbage, tomato, onion",7,"Yes","No","No","No","No","No","No","No","No","No",""
"71-72-13-14","Fruits- orange, mango, guava, rice paw paw/papaya, pineapple, etc",5,"Yes","No","No","No","No","No","No","No","No","No",""
"71-72-13-14","Fish and seafood (dried or fresh)- sardines, dagaa/omena",5,"No","No","No","No","Yes","No","No","No","No","No",""
"71-72-13-14","Pulses, legumes, nuts, seeds",2,"No","No","No","No","Yes","No","No","No","No","No",""
"71-72-13-14","Oil/fats- oil, fat, butter, ghee, etc",7,"No","No","No","No","Yes","No","No","No","No","No",""
"03-15-75-14","Cereals- rice, maize, chapatti, wheat, sorghum, bread, etc",7,"Yes","No","No","No","No","No","No","No","No","No",""
"03-15-75-14","Roots and tubers- potato, sweet potato, cassava, arrow roots, cooking banana",7,"No","No","No","No","Yes","No","No","No","No","No",""
"03-15-75-14","Vegetables- spinach, pumpkin, cabbage, tomato, onion",7,"No","No","No","No","Yes","No","No","No","No","No",""
"03-15-75-14","Fruits- orange, mango, guava, rice paw paw/papaya, pineapple, etc",2,"No","No","No","No","Yes","No","No","No","No","No",""
"03-15-75-14","Fish and seafood (dried or fresh)- sardines, dagaa/omena",4,"No","No","No","Yes","Yes","No","No","No","No","No",""
"03-15-75-14","Oil/fats- oil, fat, butter, ghee, etc",7,"No","No","No","No","Yes","No","No","No","No","No",""
"03-15-75-14","Sugar and sweets- sugar, honey, sweets, desserts",7,"No","No","No","No","Yes","No","No","No","No","No",""
"44-83-75-40","Cereals- rice, maize, chapatti, wheat, sorghum, bread, etc",7,"Yes","No","No","No","No","No","No","No","No","No",""
"44-83-75-40","Roots and tubers- potato, sweet potato, cassava, arrow roots, cooking banana",4,"Yes","No","No","No","Yes","No","No","No","No","No",""
"44-83-75-40","Vegetables- spinach, pumpkin, cabbage, tomato, onion",7,"Yes","No","No","No","Yes","No","No","No","No","No",""
"44-83-75-40","Fruits- orange, mango, guava, rice paw paw/papaya, pineapple, etc",1,"Yes","No","No","No","Yes","No","No","No","No","No",""
"44-83-75-40","Pulses, legumes, nuts, seeds",4,"No","No","No","No","Yes","No","No","No","No","No",""
"44-83-75-40","Oil/fats- oil, fat, butter, ghee, etc",7,"No","No","No","No","Yes","No","No","No","No","No",""
"50-57-49-63","Cereals- rice, maize, chapatti, wheat, sorghum, bread, etc",7,"Yes","No","No","No","Yes","No","No","No","No","No",""
"50-57-49-63","Roots and tubers- potato, sweet potato, cassava, arrow roots, cooking banana",7,"Yes","No","No","No","No","No","No","No","No","No",""
"50-57-49-63","Vegetables- spinach, pumpkin, cabbage, tomato, onion",7,"No","No","No","No","Yes","No","No","No","No","No",""
"50-57-49-63","Fish and seafood (dried or fresh)- sardines, dagaa/omena",2,"No","No","No","No","Yes","No","No","No","No","No",""
"50-57-49-63","Pulses, legumes, nuts, seeds",1,"No","No","No","No","Yes","No","No","No","No","No",""
"50-57-49-63","Sugar and sweets- sugar, honey, sweets, desserts",7,"No","No","No","No","Yes","No","No","No","No","No",""
"50-57-49-63","Miscellaneous- tea, coffee, beverages, condiments, spices",7,"No","No","No","No","Yes","No","No","No","No","No",""
"70-71-45-76","Cereals- rice, maize, chapatti, wheat, sorghum, bread, etc",7,"Yes","No","No","No","No","No","No","No","No","No",""
"70-71-45-76","Roots and tubers- potato, sweet potato, cassava, arrow roots, cooking banana",7,"Yes","No","No","No","No","No","No","No","No","No",""
"70-71-45-76","Vegetables- spinach, pumpkin, cabbage, tomato, onion",7,"Yes","No","No","No","No","No","No","No","No","No",""
"70-71-45-76","Fruits- orange, mango, guava, rice paw paw/papaya, pineapple, etc",2,"Yes","No","No","No","Yes","No","No","No","No","No",""
"70-71-45-76","Pulses, legumes, nuts, seeds",2,"No","No","No","No","Yes","No","No","No","No","No",""
"60-32-51-97","Cereals- rice, maize, chapatti, wheat, sorghum, bread, etc",7,"Yes","No","No","No","Yes","No","No","No","No","No",""
"60-32-51-97","Roots and tubers- potato, sweet potato, cassava, arrow roots, cooking banana",4,"No","No","No","No","Yes","No","No","No","No","No",""
"60-32-51-97","Vegetables- spinach, pumpkin, cabbage, tomato, onion",7,"No","No","No","No","Yes","No","No","No","No","No",""
"60-32-51-97","Fruits- orange, mango, guava, rice paw paw/papaya, pineapple, etc",3,"No","No","No","No","Yes","No","No","No","No","No",""
"60-32-51-97","Fish and seafood (dried or fresh)- sardines, dagaa/omena",4,"No","No","No","No","Yes","No","No","No","No","No",""
"60-32-51-97","Oil/fats- oil, fat, butter, ghee, etc",7,"No","No","No","No","Yes","No","No","No","No","No",""
"60-32-51-97","Sugar and sweets- sugar, honey, sweets, desserts",7,"No","No","No","No","Yes","No","No","No","No","No",""
"60-32-51-97","Miscellaneous- tea, coffee, beverages, condiments, spices",7,"No","No","No","No","Yes","No","No","No","No","No",""
"52-97-46-11","Cereals- rice, maize, chapatti, wheat, sorghum, bread, etc",3,"Yes","No","No","No","Yes","No","No","No","No","No",""
"52-97-46-11","Vegetables- spinach, pumpkin, cabbage, tomato, onion",7,"No","No","No","No","Yes","No","No","No","No","No",""
"52-97-46-11","Fish and seafood (dried or fresh)- sardines, dagaa/omena",7,"No","No","No","No","Yes","No","No","No","No","No",""
"52-97-46-11","Pulses, legumes, nuts, seeds",2,"No","No","No","No","Yes","No","No","No","No","No",""
"52-97-46-11","Sugar and sweets- sugar, honey, sweets, desserts",3,"No","No","No","No","Yes","No","No","No","No","No",""
"52-97-46-11","Miscellaneous- tea, coffee, beverages, condiments, spices",3,"No","No","No","No","Yes","No","No","No","No","No",""
"57-86-44-24","Cereals- rice, maize, chapatti, wheat, sorghum, bread, etc",7,"Yes","No","No","No","Yes","No","No","No","No","No",""
"57-86-44-24","Roots and tubers- potato, sweet potato, cassava, arrow roots, cooking banana",4,"Yes","No","No","No","Yes","No","No","No","No","No",""
"57-86-44-24","Vegetables- spinach, pumpkin, cabbage, tomato, onion",5,"No","No","No","No","Yes","No","No","No","No","No",""
"57-86-44-24","Fruits- orange, mango, guava, rice paw paw/papaya, pineapple, etc",4,"No","No","No","No","Yes","No","No","No","No","No",""
"57-86-44-24","Meat, poultry, organ meat- goat, sheep, cow, chicken, liver, kidney, intestines",3,"No","No","No","No","Yes","No","No","No","No","No",""
"57-86-44-24","Eggs",6,"Yes","No","No","No","No","No","No","No","No","No",""
"57-86-44-24","Fish and seafood (dried or fresh)- sardines, dagaa/omena",2,"No","No","No","No","Yes","No","No","No","No","No",""
"57-86-44-24","Pulses, legumes, nuts, seeds",2,"No","No","No","No","Yes","No","No","No","No","No",""
"57-86-44-24","Oil/fats- oil, fat, butter, ghee, etc",7,"No","No","No","No","Yes","No","No","No","No","No",""
"57-86-44-24","Sugar and sweets- sugar, honey, sweets, desserts",7,"No","No","No","No","Yes","No","No","No","No","No",""
"57-86-44-24","Miscellaneous- tea, coffee, beverages, condiments, spices",5,"No","No","No","No","Yes","No","No","No","No","No",""
"32-33-62-20","Cereals- rice, maize, chapatti, wheat, sorghum, bread, etc",7,"No","No","No","No","Yes","No","No","No","No","No",""
"32-33-62-20","Vegetables- spinach, pumpkin, cabbage, tomato, onion",3,"No","No","No","No","Yes","No","No","No","No","No",""
"32-33-62-20","Pulses, legumes, nuts, seeds",2,"No","No","No","No","Yes","No","No","No","No","No",""
"36-53-13-35","Cereals- rice, maize, chapatti, wheat, sorghum, bread, etc",7,"Yes","No","No","No","Yes","No","No","No","No","No",""
"36-53-13-35","Roots and tubers- potato, sweet potato, cassava, arrow roots, cooking banana",4,"Yes","No","No","No","Yes","No","No","No","No","No",""
"36-53-13-35","Vegetables- spinach, pumpkin, cabbage, tomato, onion",7,"Yes","No","No","No","Yes","No","No","No","No","No",""
"36-53-13-35","Meat, poultry, organ meat- goat, sheep, cow, chicken, liver, kidney, intestines",1,"No","No","No","No","Yes","No","No","No","No","No",""
"36-53-13-35","Eggs",3,"Yes","No","No","No","No","No","No","No","No","No",""
"36-53-13-35","Fish and seafood (dried or fresh)- sardines, dagaa/omena",3,"No","No","No","No","Yes","No","No","No","No","No",""
"36-53-13-35","Pulses, legumes, nuts, seeds",4,"Yes","No","No","No","Yes","No","No","No","No","No",""
"36-53-13-35","Oil/fats- oil, fat, butter, ghee, etc",7,"No","No","No","No","Yes","No","No","No","No","No",""
"36-53-13-35","Sugar and sweets- sugar, honey, sweets, desserts",7,"No","No","No","No","Yes","No","No","No","No","No",""
"36-53-13-35","Miscellaneous- tea, coffee, beverages, condiments, spices",4,"No","No","No","No","Yes","No","No","No","No","No",""
"84-76-53-05","Cereals- rice, maize, chapatti, wheat, sorghum, bread, etc",7,"Yes","No","No","No","No","No","No","No","No","No",""
"84-76-53-05","Roots and tubers- potato, sweet potato, cassava, arrow roots, cooking banana",2,"No","No","No","No","Yes","No","No","No","No","No",""
"84-76-53-05","Vegetables- spinach, pumpkin, cabbage, tomato, onion",5,"No","No","No","No","Yes","No","No","No","No","No",""
"84-76-53-05","Fruits- orange, mango, guava, rice paw paw/papaya, pineapple, etc",6,"No","No","No","No","Yes","No","No","No","No","No",""
"84-76-53-05","Fish and seafood (dried or fresh)- sardines, dagaa/omena",2,"No","No","No","No","Yes","No","No","No","No","No",""
"84-76-53-05","Pulses, legumes, nuts, seeds",5,"No","No","No","No","Yes","No","No","No","No","No",""
"84-76-53-05","Oil/fats- oil, fat, butter, ghee, etc",7,"No","No","No","No","Yes","No","No","No","No","No",""
"84-76-53-05","Sugar and sweets- sugar, honey, sweets, desserts",4,"No","No","No","No","Yes","No","No","No","No","No",""
"43-02-03-01","Cereals- rice, maize, chapatti, wheat, sorghum, bread, etc",7,"No","No","No","No","Yes","No","No","No","No","No",""
"43-02-03-01","Roots and tubers- potato, sweet potato, cassava, arrow roots, cooking banana",7,"Yes","No","No","No","No","No","No","No","No","No",""
"43-02-03-01","Vegetables- spinach, pumpkin, cabbage, tomato, onion",7,"Yes","No","No","No","No","No","No","No","No","No",""
"43-02-03-01","Fruits- orange, mango, guava, rice paw paw/papaya, pineapple, etc",3,"No","No","No","No","Yes","No","No","No","No","No",""
"43-02-03-01","Fish and seafood (dried or fresh)- sardines, dagaa/omena",2,"No","No","No","No","Yes","No","No","No","No","No",""
"43-02-03-01","Oil/fats- oil, fat, butter, ghee, etc",1,"No","No","No","No","Yes","No","No","No","No","No",""
"43-02-03-01","Sugar and sweets- sugar, honey, sweets, desserts",3,"No","No","No","No","Yes","No","No","No","No","No",""
"43-02-03-01","Miscellaneous- tea, coffee, beverages, condiments, spices",7,"No","No","No","No","Yes","No","No","No","No","No",""
"11-80-97-44","Cereals- rice, maize, chapatti, wheat, sorghum, bread, etc",7,"Yes","No","No","No","Yes","No","No","No","No","No",""
"11-80-97-44","Roots and tubers- potato, sweet potato, cassava, arrow roots, cooking banana",3,"No","No","No","No","Yes","No","No","No","No","No",""
"11-80-97-44","Vegetables- spinach, pumpkin, cabbage, tomato, onion",7,"No","No","No","No","Yes","No","No","No","No","No",""
"11-80-97-44","Meat, poultry, organ meat- goat, sheep, cow, chicken, liver, kidney, intestines",1,"No","No","No","No","Yes","No","No","No","No","No",""
"11-80-97-44","Fish and seafood (dried or fresh)- sardines, dagaa/omena",3,"No","No","No","No","Yes","No","No","No","No","No",""
"11-80-97-44","Oil/fats- oil, fat, butter, ghee, etc",7,"No","No","No","No","Yes","No","No","No","No","No",""
"11-80-97-44","Sugar and sweets- sugar, honey, sweets, desserts",4,"No","No","No","No","Yes","No","No","No","No","No",""
"76-93-73-76","Cereals- rice, maize, chapatti, wheat, sorghum, bread, etc",7,"Yes","No","No","No","No","No","No","No","No","No",""
"76-93-73-76","Roots and tubers- potato, sweet potato, cassava, arrow roots, cooking banana",4,"Yes","No","No","No","Yes","No","No","No","No","No",""
"76-93-73-76","Vegetables- spinach, pumpkin, cabbage, tomato, onion",4,"No","No","No","No","Yes","No","No","No","No","No",""
"76-93-73-76","Fish and seafood (dried or fresh)- sardines, dagaa/omena",2,"No","No","No","No","Yes","No","No","No","No","No",""
"76-93-73-76","Pulses, legumes, nuts, seeds",3,"No","No","No","No","Yes","No","No","No","No","No",""
"76-93-73-76","Oil/fats- oil, fat, butter, ghee, etc",7,"No","No","No","No","Yes","No","No","No","No","No",""
"76-93-73-76","Sugar and sweets- sugar, honey, sweets, desserts",3,"No","No","No","No","Yes","No","No","No","No","No",""
"76-93-73-76","Miscellaneous- tea, coffee, beverages, condiments, spices",4,"No","No","No","No","Yes","No","No","No","No","No",""
"65-71-79-01","Cereals- rice, maize, chapatti, wheat, sorghum, bread, etc",7,"Yes","No","No","No","Yes","No","No","No","No","No",""
"65-71-79-01","Roots and tubers- potato, sweet potato, cassava, arrow roots, cooking banana",1,"No","No","No","No","Yes","No","No","No","No","No",""
"65-71-79-01","Vegetables- spinach, pumpkin, cabbage, tomato, onion",3,"Yes","No","No","No","Yes","No","No","No","No","No",""
"65-71-79-01","Fish and seafood (dried or fresh)- sardines, dagaa/omena",1,"No","No","No","No","Yes","No","No","No","No","No",""
"65-71-79-01","Pulses, legumes, nuts, seeds",5,"Yes","No","No","No","No","No","No","No","No","No",""
"65-71-79-01","Oil/fats- oil, fat, butter, ghee, etc",7,"No","No","No","No","Yes","No","No","Yes","No","No",""
"65-71-79-01","Miscellaneous- tea, coffee, beverages, condiments, spices",7,"No","No","No","No","Yes","No","No","No","No","No",""
"76-37-92-47","Cereals- rice, maize, chapatti, wheat, sorghum, bread, etc",7,"Yes","No","No","No","Yes","No","No","No","No","No",""
"76-37-92-47","Roots and tubers- potato, sweet potato, cassava, arrow roots, cooking banana",5,"Yes","No","No","No","Yes","No","No","No","No","No",""
"76-37-92-47","Vegetables- spinach, pumpkin, cabbage, tomato, onion",4,"No","No","No","No","Yes","No","No","No","No","No",""
"76-37-92-47","Pulses, legumes, nuts, seeds",3,"No","No","No","No","Yes","No","No","No","No","No",""
"76-37-92-47","Oil/fats- oil, fat, butter, ghee, etc",7,"No","No","No","No","Yes","No","No","No","No","No",""
"76-37-92-47","Sugar and sweets- sugar, honey, sweets, desserts",7,"No","No","No","No","Yes","No","No","No","No","No",""
"76-37-92-47","Miscellaneous- tea, coffee, beverages, condiments, spices",5,"No","No","No","No","Yes","No","No","No","No","No",""
"70-40-73-54","Cereals- rice, maize, chapatti, wheat, sorghum, bread, etc",7,"Yes","No","No","No","Yes","No","No","No","No","No",""
"70-40-73-54","Roots and tubers- potato, sweet potato, cassava, arrow roots, cooking banana",7,"Yes","No","No","No","No","No","No","No","No","No",""
"70-40-73-54","Vegetables- spinach, pumpkin, cabbage, tomato, onion",7,"No","No","No","No","Yes","No","No","No","No","No",""
"70-40-73-54","Fruits- orange, mango, guava, rice paw paw/papaya, pineapple, etc",3,"Yes","No","No","No","No","No","No","No","No","No",""
"70-40-73-54","Fish and seafood (dried or fresh)- sardines, dagaa/omena",3,"No","No","No","No","Yes","No","No","No","No","No",""
"70-40-73-54","Oil/fats- oil, fat, butter, ghee, etc",7,"No","No","No","No","Yes","No","No","No","No","No",""
"70-40-73-54","Miscellaneous- tea, coffee, beverages, condiments, spices",7,"No","No","No","No","Yes","No","No","No","No","No",""
"88-42-92-11","Cereals- rice, maize, chapatti, wheat, sorghum, bread, etc",7,"Yes","No","No","No","No","No","No","No","No","No",""
"88-42-92-11","Roots and tubers- potato, sweet potato, cassava, arrow roots, cooking banana",5,"Yes","No","No","No","No","No","No","No","No","No",""
"88-42-92-11","Vegetables- spinach, pumpkin, cabbage, tomato, onion",7,"Yes","No","No","No","Yes","No","No","No","No","No",""
"88-42-92-11","Eggs",2,"Yes","No","No","No","No","No","No","No","No","No",""
"88-42-92-11","Oil/fats- oil, fat, butter, ghee, etc",3,"No","No","No","No","Yes","No","No","No","No","No",""
"88-42-92-11","Sugar and sweets- sugar, honey, sweets, desserts",1,"No","No","No","No","Yes","No","No","No","No","No",""
"88-42-92-11","Miscellaneous- tea, coffee, beverages, condiments, spices",1,"No","No","No","No","Yes","No","No","No","No","No",""
"37-29-80-51","Cereals- rice, maize, chapatti, wheat, sorghum, bread, etc",7,"Yes","No","No","No","Yes","No","No","No","No","No",""
"37-29-80-51","Roots and tubers- potato, sweet potato, cassava, arrow roots, cooking banana",5,"Yes","No","No","No","No","No","No","No","No","No",""
"37-29-80-51","Vegetables- spinach, pumpkin, cabbage, tomato, onion",4,"Yes","No","No","No","Yes","No","No","No","No","No",""
"37-29-80-51","Pulses, legumes, nuts, seeds",3,"No","No","No","No","Yes","No","No","No","No","No",""
"37-29-80-51","Oil/fats- oil, fat, butter, ghee, etc",6,"No","No","No","No","Yes","No","No","No","No","No",""
"50-63-32-01","Cereals- rice, maize, chapatti, wheat, sorghum, bread, etc",7,"Yes","No","No","No","Yes","No","No","No","No","No",""
"50-63-32-01","Roots and tubers- potato, sweet potato, cassava, arrow roots, cooking banana",7,"Yes","No","No","No","Yes","No","No","No","No","No",""
"50-63-32-01","Vegetables- spinach, pumpkin, cabbage, tomato, onion",7,"No","No","No","No","Yes","No","No","No","No","No",""
"50-63-32-01","Fruits- orange, mango, guava, rice paw paw/papaya, pineapple, etc",2,"No","No","No","No","Yes","No","No","No","No","No",""
"50-63-32-01","Fish and seafood (dried or fresh)- sardines, dagaa/omena",3,"No","No","No","No","Yes","No","No","No","No","No",""
"50-63-32-01","Oil/fats- oil, fat, butter, ghee, etc",7,"No","No","No","No","Yes","No","No","No","No","No",""
"50-63-32-01","Sugar and sweets- sugar, honey, sweets, desserts",7,"No","No","No","No","Yes","No","No","No","No","No",""
"50-63-32-01","Miscellaneous- tea, coffee, beverages, condiments, spices",1,"Yes","No","No","No","No","No","No","No","No","No",""
"46-39-02-59","Cereals- rice, maize, chapatti, wheat, sorghum, bread, etc",7,"Yes","No","No","No","Yes","No","No","No","No","No",""
"46-39-02-59","Roots and tubers- potato, sweet potato, cassava, arrow roots, cooking banana",3,"Yes","No","No","No","No","No","No","No","No","No",""
"46-39-02-59","Vegetables- spinach, pumpkin, cabbage, tomato, onion",3,"No","No","No","No","Yes","No","No","No","No","No",""
"46-39-02-59","Meat, poultry, organ meat- goat, sheep, cow, chicken, liver, kidney, intestines",1,"Yes","No","No","No","No","No","No","No","No","No",""
"46-39-02-59","Fish and seafood (dried or fresh)- sardines, dagaa/omena",4,"Yes","No","No","No","No","No","No","No","No","No",""
"46-39-02-59","Pulses, legumes, nuts, seeds",2,"Yes","No","No","No","No","No","No","No","No","No",""
"46-39-02-59","Oil/fats- oil, fat, butter, ghee, etc",7,"Yes","No","No","No","No","No","No","No","No","No",""
"46-39-02-59","Sugar and sweets- sugar, honey, sweets, desserts",1,"No","No","No","No","Yes","No","No","No","No","No",""
"46-39-02-59","Miscellaneous- tea, coffee, beverages, condiments, spices",7,"No","No","No","No","Yes","No","No","No","No","No",""
"62-41-43-18","Cereals- rice, maize, chapatti, wheat, sorghum, bread, etc",7,"Yes","No","No","No","Yes","No","No","No","No","No",""
"62-41-43-18","Roots and tubers- potato, sweet potato, cassava, arrow roots, cooking banana",1,"Yes","No","No","No","Yes","No","No","No","No","No",""
"62-41-43-18","Vegetables- spinach, pumpkin, cabbage, tomato, onion",3,"No","No","No","No","Yes","No","No","No","No","No",""
"62-41-43-18","Fish and seafood (dried or fresh)- sardines, dagaa/omena",4,"No","Yes","No","No","Yes","No","No","No","No","No",""
"62-41-43-18","Pulses, legumes, nuts, seeds",5,"Yes","No","No","No","Yes","No","No","No","No","No",""
"62-41-43-18","Oil/fats- oil, fat, butter, ghee, etc",7,"No","No","No","No","Yes","No","No","No","No","No",""
"28-20-80-35","Cereals- rice, maize, chapatti, wheat, sorghum, bread, etc",7,"Yes","No","No","No","No","No","No","No","No","No",""
"28-20-80-35","Roots and tubers- potato, sweet potato, cassava, arrow roots, cooking banana",5,"No","No","Yes","No","No","No","No","Yes","No","No",""
"28-20-80-35","Vegetables- spinach, pumpkin, cabbage, tomato, onion",7,"No","No","Yes","No","Yes","No","No","No","No","No",""
"28-20-80-35","Fruits- orange, mango, guava, rice paw paw/papaya, pineapple, etc",2,"No","No","No","No","Yes","No","No","No","No","No",""
"28-20-80-35","Meat, poultry, organ meat- goat, sheep, cow, chicken, liver, kidney, intestines",3,"No","No","No","No","Yes","No","No","No","No","No",""
"28-20-80-35","Eggs",2,"No","No","No","No","Yes","No","No","No","No","No",""
"28-20-80-35","Fish and seafood (dried or fresh)- sardines, dagaa/omena",5,"No","No","No","No","Yes","No","No","No","No","No",""
"28-20-80-35","Oil/fats- oil, fat, butter, ghee, etc",7,"No","No","No","No","Yes","No","No","No","No","No",""
"28-20-80-35","Miscellaneous- tea, coffee, beverages, condiments, spices",7,"Yes","No","No","No","No","No","No","No","No","No",""
"56-49-64-65","Cereals- rice, maize, chapatti, wheat, sorghum, bread, etc",7,"Yes","No","No","No","Yes","No","No","No","No","No",""
"56-49-64-65","Roots and tubers- potato, sweet potato, cassava, arrow roots, cooking banana",4,"Yes","No","No","No","No","No","No","No","No","No",""
"56-49-64-65","Vegetables- spinach, pumpkin, cabbage, tomato, onion",7,"Yes","No","No","No","Yes","No","No","No","No","No",""
"56-49-64-65","Fruits- orange, mango, guava, rice paw paw/papaya, pineapple, etc",2,"Yes","No","No","No","No","No","No","No","No","No",""
"56-49-64-65","Meat, poultry, organ meat- goat, sheep, cow, chicken, liver, kidney, intestines",1,"No","No","No","No","Yes","No","No","No","No","No",""
"56-49-64-65","Fish and seafood (dried or fresh)- sardines, dagaa/omena",2,"No","No","No","No","Yes","No","No","No","No","No",""
"56-49-64-65","Pulses, legumes, nuts, seeds",3,"No","No","No","No","Yes","No","No","No","No","No",""
"56-49-64-65","Oil/fats- oil, fat, butter, ghee, etc",4,"No","No","No","No","Yes","No","No","No","No","No",""
"56-49-64-65","Sugar and sweets- sugar, honey, sweets, desserts",7,"No","No","No","No","Yes","No","No","No","No","No",""
"56-49-64-65","Miscellaneous- tea, coffee, beverages, condiments, spices",7,"No","No","No","No","Yes","No","No","No","No","No",""
"56-98-22-95","Cereals- rice, maize, chapatti, wheat, sorghum, bread, etc",7,"Yes","No","No","No","Yes","No","No","No","No","No",""
"56-98-22-95","Roots and tubers- potato, sweet potato, cassava, arrow roots, cooking banana",4,"No","No","No","No","Yes","No","No","No","No","No",""
"56-98-22-95","Vegetables- spinach, pumpkin, cabbage, tomato, onion",6,"No","No","No","No","Yes","No","No","No","No","No",""
"56-98-22-95","Fruits- orange, mango, guava, rice paw paw/papaya, pineapple, etc",4,"No","No","No","No","Yes","No","No","No","No","No",""
"56-98-22-95","Eggs",5,"Yes","No","No","No","No","No","No","No","No","No",""
"56-98-22-95","Fish and seafood (dried or fresh)- sardines, dagaa/omena",5,"No","No","No","No","Yes","No","No","No","No","No",""
"56-98-22-95","Pulses, legumes, nuts, seeds",1,"No","No","No","No","Yes","No","No","No","No","No",""
"56-98-22-95","Oil/fats- oil, fat, butter, ghee, etc",7,"No","No","No","No","Yes","No","No","No","No","No",""
"56-98-22-95","Sugar and sweets- sugar, honey, sweets, desserts",7,"No","No","No","No","Yes","No","No","No","No","No",""
"56-98-22-95","Miscellaneous- tea, coffee, beverages, condiments, spices",7,"No","No","No","No","Yes","No","No","No","No","No",""
"68-55-46-57","Cereals- rice, maize, chapatti, wheat, sorghum, bread, etc",7,"Yes","No","No","No","Yes","No","No","No","No","No",""
"68-55-46-57","Roots and tubers- potato, sweet potato, cassava, arrow roots, cooking banana",4,"Yes","No","No","No","No","No","No","No","No","No",""
"68-55-46-57","Vegetables- spinach, pumpkin, cabbage, tomato, onion",4,"No","No","No","No","Yes","No","No","No","No","No",""
"68-55-46-57","Meat, poultry, organ meat- goat, sheep, cow, chicken, liver, kidney, intestines",2,"No","No","No","No","Yes","No","No","No","No","No",""
"68-55-46-57","Fish and seafood (dried or fresh)- sardines, dagaa/omena",3,"No","No","No","No","Yes","No","No","No","No","No",""
"68-55-46-57","Pulses, legumes, nuts, seeds",2,"No","No","No","No","Yes","No","No","No","No","No",""
"68-55-46-57","Milk and milk products- fresh, powdered, yogurt, cheese, etc",2,"No","No","No","No","Yes","No","No","No","No","No",""
"68-55-46-57","Oil/fats- oil, fat, butter, ghee, etc",7,"No","No","No","No","Yes","No","No","No","No","No",""
"68-55-46-57","Sugar and sweets- sugar, honey, sweets, desserts",3,"No","No","No","No","Yes","No","No","No","No","No",""
"68-55-46-57","Miscellaneous- tea, coffee, beverages, condiments, spices",7,"No","No","No","No","Yes","No","No","No","No","No",""
"42-72-39-66","Cereals- rice, maize, chapatti, wheat, sorghum, bread, etc",7,"Yes","No","No","No","Yes","No","No","No","No","No",""
"42-72-39-66","Roots and tubers- potato, sweet potato, cassava, arrow roots, cooking banana",7,"No","No","No","No","Yes","No","No","No","No","No",""
"42-72-39-66","Vegetables- spinach, pumpkin, cabbage, tomato, onion",8,"No","No","No","No","Yes","No","No","No","No","No",""
"42-72-39-66","Fish and seafood (dried or fresh)- sardines, dagaa/omena",7,"Yes","No","No","No","No","No","No","No","No","No",""
"42-72-39-66","Oil/fats- oil, fat, butter, ghee, etc",7,"No","No","No","No","Yes","No","No","No","No","No",""
"42-72-39-66","Sugar and sweets- sugar, honey, sweets, desserts",7,"No","No","No","No","Yes","No","No","No","No","No",""
"92-09-40-22","Cereals- rice, maize, chapatti, wheat, sorghum, bread, etc",7,"No","No","No","No","Yes","No","No","No","No","No",""
"92-09-40-22","Roots and tubers- potato, sweet potato, cassava, arrow roots, cooking banana",3,"Yes","No","No","No","No","No","No","No","No","No",""
"92-09-40-22","Vegetables- spinach, pumpkin, cabbage, tomato, onion",7,"No","No","No","No","Yes","No","No","No","No","No",""
"92-09-40-22","Fruits- orange, mango, guava, rice paw paw/papaya, pineapple, etc",2,"No","No","No","No","No","No","No","Yes","No","No",""
"92-09-40-22","Pulses, legumes, nuts, seeds",1,"No","No","No","No","Yes","No","No","No","No","No",""
"95-71-61-75","Cereals- rice, maize, chapatti, wheat, sorghum, bread, etc",7,"Yes","No","No","No","No","No","No","No","No","No",""
"95-71-61-75","Roots and tubers- potato, sweet potato, cassava, arrow roots, cooking banana",4,"Yes","No","No","No","Yes","No","No","No","No","No",""
"95-71-61-75","Vegetables- spinach, pumpkin, cabbage, tomato, onion",7,"Yes","No","No","No","Yes","No","No","No","No","No",""
"95-71-61-75","Fruits- orange, mango, guava, rice paw paw/papaya, pineapple, etc",3,"No","No","No","No","Yes","No","No","No","No","No",""
"95-71-61-75","Fish and seafood (dried or fresh)- sardines, dagaa/omena",3,"No","No","No","No","Yes","No","No","No","No","No",""
"95-71-61-75","Oil/fats- oil, fat, butter, ghee, etc",7,"No","No","No","No","Yes","No","No","No","No","No",""
"95-71-61-75","Sugar and sweets- sugar, honey, sweets, desserts",4,"No","No","No","No","Yes","No","No","No","No","No",""
"78-85-83-34","Cereals- rice, maize, chapatti, wheat, sorghum, bread, etc",7,"Yes","No","No","No","Yes","No","No","No","No","No",""
"78-85-83-34","Roots and tubers- potato, sweet potato, cassava, arrow roots, cooking banana",2,"Yes","No","No","No","No","No","No","No","No","No",""
"78-85-83-34","Vegetables- spinach, pumpkin, cabbage, tomato, onion",7,"No","No","No","No","Yes","No","No","No","No","No",""
"78-85-83-34","Fruits- orange, mango, guava, rice paw paw/papaya, pineapple, etc",1,"No","No","No","No","No","No","No","Yes","No","No",""
"78-85-83-34","Fish and seafood (dried or fresh)- sardines, dagaa/omena",1,"No","No","No","No","Yes","No","No","No","No","No",""
"78-85-83-34","Pulses, legumes, nuts, seeds",3,"No","No","No","No","Yes","No","No","No","No","No",""
"78-85-83-34","Sugar and sweets- sugar, honey, sweets, desserts",3,"No","No","No","No","Yes","No","No","No","No","No",""
"78-85-83-34","Miscellaneous- tea, coffee, beverages, condiments, spices",3,"No","No","No","No","Yes","No","No","No","No","No",""
"88-65-02-29","Cereals- rice, maize, chapatti, wheat, sorghum, bread, etc",7,"Yes","No","No","No","Yes","No","No","No","No","No",""
"88-65-02-29","Roots and tubers- potato, sweet potato, cassava, arrow roots, cooking banana",3,"No","No","No","No","Yes","No","No","No","No","No",""
"88-65-02-29","Vegetables- spinach, pumpkin, cabbage, tomato, onion",6,"No","No","No","No","Yes","No","No","No","No","No",""
"88-65-02-29","Fish and seafood (dried or fresh)- sardines, dagaa/omena",3,"No","No","No","No","Yes","No","No","No","No","No",""
"88-65-02-29","Pulses, legumes, nuts, seeds",1,"No","No","No","No","Yes","No","No","No","No","No",""
"88-65-02-29","Oil/fats- oil, fat, butter, ghee, etc",7,"No","No","No","No","Yes","No","No","No","No","No",""
"88-65-02-29","Sugar and sweets- sugar, honey, sweets, desserts",5,"No","No","No","No","Yes","No","No","No","No","No",""
"88-65-02-29","Miscellaneous- tea, coffee, beverages, condiments, spices",5,"No","No","No","No","Yes","No","No","No","No","No",""
"04-34-31-80","Cereals- rice, maize, chapatti, wheat, sorghum, bread, etc",7,"Yes","No","No","No","Yes","No","No","No","No","No",""
"04-34-31-80","Vegetables- spinach, pumpkin, cabbage, tomato, onion",7,"Yes","No","No","No","No","No","No","No","No","No",""
"04-34-31-80","Oil/fats- oil, fat, butter, ghee, etc",7,"No","No","No","No","Yes","No","No","No","No","No",""
"91-55-85-33","Cereals- rice, maize, chapatti, wheat, sorghum, bread, etc",7,"No","No","No","No","Yes","No","No","No","No","No",""
"91-55-85-33","Roots and tubers- potato, sweet potato, cassava, arrow roots, cooking banana",7,"Yes","No","No","No","Yes","No","No","No","No","No",""
"91-55-85-33","Vegetables- spinach, pumpkin, cabbage, tomato, onion",7,"No","No","No","No","Yes","No","No","No","No","No",""
"91-55-85-33","Fruits- orange, mango, guava, rice paw paw/papaya, pineapple, etc",3,"Yes","No","No","No","No","No","No","No","No","No",""
"91-55-85-33","Eggs",2,"Yes","No","No","No","No","No","No","No","No","No",""
"91-55-85-33","Fish and seafood (dried or fresh)- sardines, dagaa/omena",2,"No","No","No","No","Yes","No","No","No","No","No",""
"91-55-85-33","Oil/fats- oil, fat, butter, ghee, etc",7,"No","No","No","No","Yes","No","No","No","No","No",""
"40-53-56-12","Cereals- rice, maize, chapatti, wheat, sorghum, bread, etc",7,"Yes","No","No","No","Yes","No","No","No","No","No",""
"40-53-56-12","Roots and tubers- potato, sweet potato, cassava, arrow roots, cooking banana",3,"Yes","No","No","No","No","No","No","No","No","No",""
"40-53-56-12","Vegetables- spinach, pumpkin, cabbage, tomato, onion",7,"Yes","No","No","No","Yes","No","No","Yes","No","No",""
"40-53-56-12","Fruits- orange, mango, guava, rice paw paw/papaya, pineapple, etc",7,"Yes","No","No","No","No","No","No","No","No","No",""
"40-53-56-12","Fish and seafood (dried or fresh)- sardines, dagaa/omena",2,"No","No","No","No","Yes","No","No","No","No","No",""
"40-53-56-12","Oil/fats- oil, fat, butter, ghee, etc",7,"No","No","No","No","Yes","No","No","No","No","No",""
"40-53-56-12","Miscellaneous- tea, coffee, beverages, condiments, spices",7,"No","No","No","No","Yes","No","No","No","No","No",""
"27-46-53-11","Cereals- rice, maize, chapatti, wheat, sorghum, bread, etc",7,"Yes","No","No","No","No","No","No","No","No","No",""
"27-46-53-11","Roots and tubers- potato, sweet potato, cassava, arrow roots, cooking banana",2,"No","No","No","No","Yes","No","No","No","No","No",""
"27-46-53-11","Vegetables- spinach, pumpkin, cabbage, tomato, onion",7,"Yes","No","No","No","No","No","No","No","No","No",""
"27-46-53-11","Fruits- orange, mango, guava, rice paw paw/papaya, pineapple, etc",6,"No","No","Yes","No","No","No","No","No","No","No",""
"27-46-53-11","Fish and seafood (dried or fresh)- sardines, dagaa/omena",4,"No","No","No","No","Yes","No","No","Yes","No","No",""
"27-46-53-11","Oil/fats- oil, fat, butter, ghee, etc",6,"No","No","No","No","Yes","Yes","No","No","No","No",""
"27-46-53-11","Sugar and sweets- sugar, honey, sweets, desserts",2,"No","No","No","No","Yes","No","No","No","No","No",""
"27-46-53-11","Miscellaneous- tea, coffee, beverages, condiments, spices",4,"No","No","No","No","Yes","No","No","No","No","No",""
"08-92-74-48","Cereals- rice, maize, chapatti, wheat, sorghum, bread, etc",7,"No","No","No","No","Yes","No","No","No","No","No",""
"08-92-74-48","Roots and tubers- potato, sweet potato, cassava, arrow roots, cooking banana",7,"No","No","No","No","Yes","No","No","No","No","No",""
"08-92-74-48","Vegetables- spinach, pumpkin, cabbage, tomato, onion",7,"No","No","No","No","Yes","No","No","No","No","No",""
"08-92-74-48","Fruits- orange, mango, guava, rice paw paw/papaya, pineapple, etc",3,"No","No","No","No","Yes","No","No","No","No","No",""
"08-92-74-48","Fish and seafood (dried or fresh)- sardines, dagaa/omena",3,"No","No","No","No","Yes","No","No","No","No","No",""
"08-92-74-48","Pulses, legumes, nuts, seeds",3,"No","No","No","No","Yes","No","No","No","No","No",""
"08-92-74-48","Oil/fats- oil, fat, butter, ghee, etc",7,"No","No","No","No","Yes","No","No","No","No","No",""
"08-92-74-48","Sugar and sweets- sugar, honey, sweets, desserts",4,"No","No","No","No","Yes","No","No","No","No","No",""
"08-92-74-48","Miscellaneous- tea, coffee, beverages, condiments, spices",3,"No","No","No","No","Yes","No","No","No","No","No",""
"59-22-70-12","Cereals- rice, maize, chapatti, wheat, sorghum, bread, etc",7,"Yes","No","No","No","Yes","No","No","No","No","No",""
"59-22-70-12","Roots and tubers- potato, sweet potato, cassava, arrow roots, cooking banana",7,"No","No","No","No","Yes","No","No","No","No","No",""
"59-22-70-12","Vegetables- spinach, pumpkin, cabbage, tomato, onion",7,"No","No","No","No","Yes","No","No","No","No","No",""
"59-22-70-12","Fruits- orange, mango, guava, rice paw paw/papaya, pineapple, etc",3,"No","No","No","No","Yes","No","No","No","No","No",""
"59-22-70-12","Fish and seafood (dried or fresh)- sardines, dagaa/omena",3,"No","No","No","No","Yes","No","No","No","No","No",""
"59-22-70-12","Oil/fats- oil, fat, butter, ghee, etc",7,"No","No","No","No","Yes","No","No","No","No","No",""
"59-22-70-12","Sugar and sweets- sugar, honey, sweets, desserts",7,"No","No","No","No","Yes","No","No","No","No","No",""
"02-60-78-89","Cereals- rice, maize, chapatti, wheat, sorghum, bread, etc",7,"Yes","No","No","No","Yes","No","No","No","No","No",""
"02-60-78-89","Vegetables- spinach, pumpkin, cabbage, tomato, onion",5,"No","No","No","No","Yes","No","No","No","No","No",""
"02-60-78-89","Fruits- orange, mango, guava, rice paw paw/papaya, pineapple, etc",5,"No","No","No","No","Yes","No","No","No","No","No",""
"02-60-78-89","Meat, poultry, organ meat- goat, sheep, cow, chicken, liver, kidney, intestines",1,"No","No","No","No","Yes","No","No","No","No","No",""
"02-60-78-89","Eggs",1,"No","No","No","No","Yes","No","No","No","No","No",""
"02-60-78-89","Fish and seafood (dried or fresh)- sardines, dagaa/omena",1,"No","No","No","No","Yes","No","No","No","No","No",""
"02-60-78-89","Oil/fats- oil, fat, butter, ghee, etc",7,"No","No","No","No","Yes","No","No","No","No","No",""
"02-60-78-89","Sugar and sweets- sugar, honey, sweets, desserts",7,"No","No","No","No","Yes","No","No","No","No","No",""
"02-60-78-89","Miscellaneous- tea, coffee, beverages, condiments, spices",4,"No","No","No","No","Yes","No","No","No","No","No",""
"16-17-09-10","Cereals- rice, maize, chapatti, wheat, sorghum, bread, etc",7,"Yes","No","No","No","No","No","No","No","No","No",""
"16-17-09-10","Roots and tubers- potato, sweet potato, cassava, arrow roots, cooking banana",5,"Yes","No","No","No","No","No","No","No","No","No",""
"16-17-09-10","Vegetables- spinach, pumpkin, cabbage, tomato, onion",4,"Yes","No","No","No","Yes","No","No","No","No","No",""
"16-17-09-10","Fruits- orange, mango, guava, rice paw paw/papaya, pineapple, etc",2,"No","No","No","No","Yes","No","No","No","No","No",""
"16-17-09-10","Eggs",1,"Yes","No","No","No","No","No","No","No","No","No",""
"16-17-09-10","Fish and seafood (dried or fresh)- sardines, dagaa/omena",3,"No","Yes","No","No","No","No","No","No","No","No",""
"16-17-09-10","Pulses, legumes, nuts, seeds",4,"Yes","No","No","No","No","No","No","No","No","No",""
"16-17-09-10","Oil/fats- oil, fat, butter, ghee, etc",7,"No","No","No","No","Yes","No","No","No","No","No",""
"16-17-09-10","Sugar and sweets- sugar, honey, sweets, desserts",2,"No","No","No","No","Yes","No","No","No","No","No",""
"16-17-09-10","Miscellaneous- tea, coffee, beverages, condiments, spices",1,"No","No","No","No","Yes","No","No","No","No","No",""
"04-43-83-44","Cereals- rice, maize, chapatti, wheat, sorghum, bread, etc",7,"Yes","No","No","No","No","No","No","No","No","No",""
"04-43-83-44","Roots and tubers- potato, sweet potato, cassava, arrow roots, cooking banana",3,"No","No","No","No","Yes","No","No","No","No","No",""
"04-43-83-44","Vegetables- spinach, pumpkin, cabbage, tomato, onion",7,"Yes","No","No","No","No","No","No","No","No","No",""
"04-43-83-44","Fruits- orange, mango, guava, rice paw paw/papaya, pineapple, etc",4,"No","No","Yes","No","Yes","No","No","No","No","No",""
"04-43-83-44","Fish and seafood (dried or fresh)- sardines, dagaa/omena",3,"No","No","No","No","Yes","No","No","No","No","No",""
"04-43-83-44","Oil/fats- oil, fat, butter, ghee, etc",4,"No","No","No","No","Yes","No","No","No","No","No",""
"04-43-83-44","Miscellaneous- tea, coffee, beverages, condiments, spices",7,"No","No","No","No","Yes","No","No","No","No","No",""
"35-46-63-78","Cereals- rice, maize, chapatti, wheat, sorghum, bread, etc",7,"Yes","No","No","No","No","No","No","No","No","No",""
"35-46-63-78","Roots and tubers- potato, sweet potato, cassava, arrow roots, cooking banana",3,"Yes","No","No","No","Yes","No","No","No","No","No",""
"35-46-63-78","Vegetables- spinach, pumpkin, cabbage, tomato, onion",5,"Yes","No","No","No","No","No","No","No","No","No",""
"35-46-63-78","Fruits- orange, mango, guava, rice paw paw/papaya, pineapple, etc",2,"No","No","No","No","Yes","No","No","No","No","No",""
"35-46-63-78","Meat, poultry, organ meat- goat, sheep, cow, chicken, liver, kidney, intestines",1,"Yes","No","No","No","No","No","No","No","No","No",""
"35-46-63-78","Fish and seafood (dried or fresh)- sardines, dagaa/omena",3,"No","No","No","No","Yes","No","No","No","No","No",""
"35-46-63-78","Milk and milk products- fresh, powdered, yogurt, cheese, etc",1,"No","No","No","No","Yes","No","No","No","No","No",""
"35-46-63-78","Oil/fats- oil, fat, butter, ghee, etc",7,"No","No","No","No","Yes","No","No","No","No","No",""
"35-46-63-78","Sugar and sweets- sugar, honey, sweets, desserts",4,"No","No","No","No","Yes","No","No","No","No","No",""
"35-46-63-78","Miscellaneous- tea, coffee, beverages, condiments, spices",4,"No","No","No","No","Yes","No","No","No","No","No",""
"78-47-97-25","Cereals- rice, maize, chapatti, wheat, sorghum, bread, etc",7,"Yes","No","No","No","No","No","No","No","No","No",""
"78-47-97-25","Roots and tubers- potato, sweet potato, cassava, arrow roots, cooking banana",4,"No","No","No","No","Yes","No","No","No","No","No",""
"78-47-97-25","Vegetables- spinach, pumpkin, cabbage, tomato, onion",7,"No","No","No","No","Yes","No","No","No","No","No",""
"78-47-97-25","Fish and seafood (dried or fresh)- sardines, dagaa/omena",2,"No","No","No","No","Yes","No","No","No","No","No",""
"78-47-97-25","Pulses, legumes, nuts, seeds",5,"No","No","No","No","Yes","No","No","No","No","No",""
"78-47-97-25","Oil/fats- oil, fat, butter, ghee, etc",7,"No","No","No","No","Yes","No","No","No","No","No",""
"78-47-97-25","Sugar and sweets- sugar, honey, sweets, desserts",3,"No","No","No","No","Yes","No","No","No","No","No",""
"78-47-97-25","Miscellaneous- tea, coffee, beverages, condiments, spices",3,"No","No","No","No","Yes","No","No","No","No","No",""
"19-28-85-33","Cereals- rice, maize, chapatti, wheat, sorghum, bread, etc",7,"Yes","No","No","No","No","No","No","No","No","No",""
"19-28-85-33","Roots and tubers- potato, sweet potato, cassava, arrow roots, cooking banana",4,"Yes","No","No","No","No","No","No","Yes","No","No",""
"19-28-85-33","Vegetables- spinach, pumpkin, cabbage, tomato, onion",5,"Yes","No","Yes","No","Yes","No","No","No","No","No",""
"19-28-85-33","Meat, poultry, organ meat- goat, sheep, cow, chicken, liver, kidney, intestines",1,"Yes","No","No","No","No","No","No","No","No","No",""
"19-28-85-33","Oil/fats- oil, fat, butter, ghee, etc",4,"No","No","No","No","Yes","No","No","No","No","No",""
"37-69-53-39","Cereals- rice, maize, chapatti, wheat, sorghum, bread, etc",7,"Yes","No","No","No","No","No","No","No","No","No",""
"37-69-53-39","Roots and tubers- potato, sweet potato, cassava, arrow roots, cooking banana",2,"No","No","No","No","Yes","No","No","No","No","No",""
"37-69-53-39","Vegetables- spinach, pumpkin, cabbage, tomato, onion",3,"Yes","No","No","No","Yes","No","No","No","No","No",""
"37-69-53-39","Fruits- orange, mango, guava, rice paw paw/papaya, pineapple, etc",2,"Yes","No","No","No","Yes","No","No","No","No","No",""
"37-69-53-39","Fish and seafood (dried or fresh)- sardines, dagaa/omena",3,"No","No","No","No","Yes","No","No","No","No","No",""
"37-69-53-39","Pulses, legumes, nuts, seeds",3,"Yes","No","No","No","Yes","No","No","No","No","No",""
"37-69-53-39","Oil/fats- oil, fat, butter, ghee, etc",7,"No","No","No","No","Yes","No","No","No","No","No",""
"37-69-53-39","Sugar and sweets- sugar, honey, sweets, desserts",5,"No","No","No","No","Yes","No","No","No","No","No",""
"37-69-53-39","Miscellaneous- tea, coffee, beverages, condiments, spices",7,"No","No","No","No","Yes","No","No","No","No","No",""
"34-87-20-64","Cereals- rice, maize, chapatti, wheat, sorghum, bread, etc",7,"Yes","No","No","No","No","No","No","No","No","No",""
"34-87-20-64","Vegetables- spinach, pumpkin, cabbage, tomato, onion",7,"No","No","Yes","No","No","No","No","Yes","No","No",""
"34-87-20-64","Fish and seafood (dried or fresh)- sardines, dagaa/omena",2,"No","No","No","No","Yes","No","No","No","No","No",""
"34-87-20-64","Oil/fats- oil, fat, butter, ghee, etc",7,"No","No","No","No","Yes","No","No","No","No","No",""
"36-80-61-02","Cereals- rice, maize, chapatti, wheat, sorghum, bread, etc",7,"Yes","No","No","No","Yes","No","No","No","No","No",""
"36-80-61-02","Roots and tubers- potato, sweet potato, cassava, arrow roots, cooking banana",3,"Yes","No","No","No","No","No","No","No","No","No",""
"36-80-61-02","Vegetables- spinach, pumpkin, cabbage, tomato, onion",7,"Yes","No","No","No","Yes","No","No","No","No","No",""
"36-80-61-02","Fruits- orange, mango, guava, rice paw paw/papaya, pineapple, etc",2,"No","No","No","No","Yes","No","No","No","No","No",""
"36-80-61-02","Eggs",1,"No","No","No","No","No","No","No","Yes","No","No",""
"36-80-61-02","Fish and seafood (dried or fresh)- sardines, dagaa/omena",1,"No","No","No","No","Yes","No","No","No","No","No",""
"36-80-61-02","Oil/fats- oil, fat, butter, ghee, etc",7,"No","No","No","No","Yes","No","No","No","No","No",""
"86-69-42-68","Cereals- rice, maize, chapatti, wheat, sorghum, bread, etc",7,"Yes","No","No","No","No","No","No","No","No","No",""
"86-69-42-68","Vegetables- spinach, pumpkin, cabbage, tomato, onion",4,"Yes","No","No","No","Yes","No","No","No","No","No",""
"86-69-42-68","Fruits- orange, mango, guava, rice paw paw/papaya, pineapple, etc",1,"No","No","No","No","Yes","No","No","No","No","No",""
"86-69-42-68","Fish and seafood (dried or fresh)- sardines, dagaa/omena",3,"No","No","No","No","Yes","No","No","No","No","No",""
"86-69-42-68","Pulses, legumes, nuts, seeds",2,"No","No","No","No","Yes","No","No","Yes","No","No",""
"86-69-42-68","Oil/fats- oil, fat, butter, ghee, etc",5,"No","No","No","No","Yes","No","No","No","No","No",""
"86-69-42-68","Sugar and sweets- sugar, honey, sweets, desserts",3,"No","No","No","No","Yes","No","No","No","No","No",""
"86-69-42-68","Miscellaneous- tea, coffee, beverages, condiments, spices",4,"Yes","No","No","No","Yes","No","No","No","No","No",""
"20-42-84-32","Cereals- rice, maize, chapatti, wheat, sorghum, bread, etc",7,"Yes","No","No","No","No","No","No","No","No","No",""
"20-42-84-32","Vegetables- spinach, pumpkin, cabbage, tomato, onion",7,"Yes","No","No","No","No","No","No","No","No","No",""
"20-42-84-32","Fruits- orange, mango, guava, rice paw paw/papaya, pineapple, etc",3,"No","No","Yes","No","No","No","No","No","No","No",""
"20-42-84-32","Fish and seafood (dried or fresh)- sardines, dagaa/omena",3,"No","No","No","No","Yes","No","No","No","No","No",""
"20-42-84-32","Oil/fats- oil, fat, butter, ghee, etc",5,"No","No","No","No","Yes","No","No","No","No","No",""
"20-42-84-32","Sugar and sweets- sugar, honey, sweets, desserts",2,"No","No","No","Yes","Yes","No","No","No","No","No",""
"80-28-03-90","Cereals- rice, maize, chapatti, wheat, sorghum, bread, etc",7,"Yes","No","No","No","No","No","No","No","No","No",""
"80-28-03-90","Roots and tubers- potato, sweet potato, cassava, arrow roots, cooking banana",7,"Yes","No","No","No","No","No","No","No","No","No",""
"80-28-03-90","Vegetables- spinach, pumpkin, cabbage, tomato, onion",5,"Yes","No","No","No","Yes","No","No","No","No","No",""
"80-28-03-90","Fruits- orange, mango, guava, rice paw paw/papaya, pineapple, etc",2,"No","No","No","No","Yes","No","No","No","No","No",""
"80-28-03-90","Meat, poultry, organ meat- goat, sheep, cow, chicken, liver, kidney, intestines",1,"No","No","No","No","Yes","No","No","No","No","No",""
"80-28-03-90","Pulses, legumes, nuts, seeds",4,"Yes","No","No","No","No","No","No","No","No","No",""
"80-28-03-90","Oil/fats- oil, fat, butter, ghee, etc",7,"No","No","No","No","Yes","No","No","No","No","No",""
"80-28-03-90","Sugar and sweets- sugar, honey, sweets, desserts",1,"No","No","No","No","Yes","No","No","No","No","No",""
"80-28-03-90","Miscellaneous- tea, coffee, beverages, condiments, spices",7,"No","No","No","No","Yes","No","No","No","No","No",""
"76-65-87-56","Cereals- rice, maize, chapatti, wheat, sorghum, bread, etc",7,"Yes","No","No","No","Yes","No","No","No","No","No",""
"76-65-87-56","Roots and tubers- potato, sweet potato, cassava, arrow roots, cooking banana",7,"No","No","No","No","Yes","No","No","No","No","No",""
"76-65-87-56","Vegetables- spinach, pumpkin, cabbage, tomato, onion",7,"No","No","No","No","Yes","No","No","No","No","No",""
"76-65-87-56","Fruits- orange, mango, guava, rice paw paw/papaya, pineapple, etc",1,"No","No","No","No","Yes","No","No","No","No","No",""
"76-65-87-56","Fish and seafood (dried or fresh)- sardines, dagaa/omena",3,"No","No","No","No","Yes","No","No","No","No","No",""
"76-65-87-56","Oil/fats- oil, fat, butter, ghee, etc",7,"No","No","No","No","Yes","No","No","No","No","No",""
"76-65-87-56","Sugar and sweets- sugar, honey, sweets, desserts",7,"No","No","No","No","Yes","No","No","No","No","No",""
"32-43-86-95","Cereals- rice, maize, chapatti, wheat, sorghum, bread, etc",7,"Yes","No","No","No","Yes","No","No","No","No","No",""
"32-43-86-95","Roots and tubers- potato, sweet potato, cassava, arrow roots, cooking banana",4,"No","No","No","No","Yes","No","No","No","No","No",""
"32-43-86-95","Vegetables- spinach, pumpkin, cabbage, tomato, onion",7,"No","No","No","No","Yes","No","No","No","No","No",""
"32-43-86-95","Fruits- orange, mango, guava, rice paw paw/papaya, pineapple, etc",7,"No","No","No","No","Yes","No","No","No","No","No",""
"32-43-86-95","Meat, poultry, organ meat- goat, sheep, cow, chicken, liver, kidney, intestines",1,"No","No","No","No","Yes","No","No","No","No","No",""
"32-43-86-95","Fish and seafood (dried or fresh)- sardines, dagaa/omena",1,"No","No","No","No","Yes","No","No","No","No","No",""
"32-43-86-95","Pulses, legumes, nuts, seeds",4,"No","No","No","No","Yes","No","No","No","No","No",""
"32-43-86-95","Oil/fats- oil, fat, butter, ghee, etc",7,"No","No","No","No","Yes","No","No","No","No","No",""
"32-43-86-95","Sugar and sweets- sugar, honey, sweets, desserts",3,"No","No","No","No","Yes","No","No","No","No","No",""
"32-43-86-95","Miscellaneous- tea, coffee, beverages, condiments, spices",4,"Yes","No","No","No","No","No","No","No","No","No",""
"88-70-65-41","Cereals- rice, maize, chapatti, wheat, sorghum, bread, etc",7,"Yes","No","No","No","No","No","No","No","No","No",""
"88-70-65-41","Vegetables- spinach, pumpkin, cabbage, tomato, onion",7,"No","No","Yes","No","Yes","No","No","No","No","No",""
"88-70-65-41","Fruits- orange, mango, guava, rice paw paw/papaya, pineapple, etc",4,"Yes","No","No","No","No","No","No","No","No","No",""
"88-70-65-41","Meat, poultry, organ meat- goat, sheep, cow, chicken, liver, kidney, intestines",2,"No","No","No","No","Yes","No","No","No","No","No",""
"88-70-65-41","Eggs",1,"No","No","No","No","Yes","No","No","No","No","No",""
"88-70-65-41","Fish and seafood (dried or fresh)- sardines, dagaa/omena",4,"No","No","No","No","Yes","No","No","No","No","No",""
"88-70-65-41","Oil/fats- oil, fat, butter, ghee, etc",7,"No","No","No","No","No","No","No","Yes","No","No",""
"88-70-65-41","Miscellaneous- tea, coffee, beverages, condiments, spices",5,"No","No","No","No","Yes","No","No","No","No","No",""
"76-49-57-67","Cereals- rice, maize, chapatti, wheat, sorghum, bread, etc",7,"Yes","No","No","No","No","No","No","No","No","No",""
"76-49-57-67","Roots and tubers- potato, sweet potato, cassava, arrow roots, cooking banana",2,"Yes","No","No","No","No","No","No","No","No","No",""
"76-49-57-67","Vegetables- spinach, pumpkin, cabbage, tomato, onion",7,"Yes","No","No","No","No","No","No","No","No","No",""
"76-49-57-67","Fruits- orange, mango, guava, rice paw paw/papaya, pineapple, etc",7,"Yes","No","No","No","No","No","No","No","No","No",""
"76-49-57-67","Fish and seafood (dried or fresh)- sardines, dagaa/omena",1,"No","No","No","No","Yes","No","No","No","No","No",""
"76-49-57-67","Oil/fats- oil, fat, butter, ghee, etc",7,"No","No","No","No","Yes","No","No","No","No","No",""
"76-49-57-67","Miscellaneous- tea, coffee, beverages, condiments, spices",7,"No","No","No","No","Yes","No","No","No","No","No",""
"79-79-17-52","Cereals- rice, maize, chapatti, wheat, sorghum, bread, etc",7,"Yes","No","No","No","Yes","No","No","No","No","No",""
"79-79-17-52","Roots and tubers- potato, sweet potato, cassava, arrow roots, cooking banana",2,"Yes","No","No","No","Yes","No","No","No","No","No",""
"79-79-17-52","Vegetables- spinach, pumpkin, cabbage, tomato, onion",7,"Yes","No","No","No","No","No","No","No","No","No",""
"79-79-17-52","Fruits- orange, mango, guava, rice paw paw/papaya, pineapple, etc",2,"No","No","Yes","No","No","No","No","No","No","No",""
"79-79-17-52","Pulses, legumes, nuts, seeds",3,"No","No","No","No","No","No","No","Yes","No","No",""
"79-79-17-52","Oil/fats- oil, fat, butter, ghee, etc",5,"No","No","No","No","No","No","No","Yes","No","No",""
"79-79-17-52","Miscellaneous- tea, coffee, beverages, condiments, spices",2,"Yes","No","No","No","No","No","No","No","No","No",""
"53-44-93-49","Cereals- rice, maize, chapatti, wheat, sorghum, bread, etc",7,"Yes","No","No","No","No","No","No","No","No","No",""
"53-44-93-49","Vegetables- spinach, pumpkin, cabbage, tomato, onion",7,"Yes","No","No","No","Yes","No","No","No","No","No",""
"53-44-93-49","Fish and seafood (dried or fresh)- sardines, dagaa/omena",1,"No","No","No","No","Yes","No","No","No","No","No",""
"53-44-93-49","Oil/fats- oil, fat, butter, ghee, etc",7,"No","No","No","No","Yes","No","No","No","No","No",""
"53-44-93-49","Miscellaneous- tea, coffee, beverages, condiments, spices",7,"No","No","No","No","Yes","No","No","No","No","No",""
"65-67-08-82","Cereals- rice, maize, chapatti, wheat, sorghum, bread, etc",7,"Yes","No","No","No","Yes","No","No","No","No","No",""
"65-67-08-82","Roots and tubers- potato, sweet potato, cassava, arrow roots, cooking banana",5,"Yes","No","No","No","No","No","No","No","No","No",""
"65-67-08-82","Vegetables- spinach, pumpkin, cabbage, tomato, onion",7,"No","No","No","No","Yes","No","No","No","No","No",""
"65-67-08-82","Fruits- orange, mango, guava, rice paw paw/papaya, pineapple, etc",7,"Yes","No","No","No","No","No","No","No","No","No",""
"65-67-08-82","Meat, poultry, organ meat- goat, sheep, cow, chicken, liver, kidney, intestines",2,"No","No","No","No","Yes","No","No","No","No","No",""
"65-67-08-82","Eggs",2,"Yes","No","No","No","No","No","No","No","No","No",""
"65-67-08-82","Fish and seafood (dried or fresh)- sardines, dagaa/omena",1,"No","No","No","No","Yes","No","No","No","No","No",""
"65-67-08-82","Pulses, legumes, nuts, seeds",1,"No","No","No","No","Yes","No","No","No","No","No",""
"65-67-08-82","Milk and milk products- fresh, powdered, yogurt, cheese, etc",1,"No","No","No","No","Yes","No","No","No","No","No",""
"65-67-08-82","Oil/fats- oil, fat, butter, ghee, etc",7,"No","No","No","No","Yes","No","No","No","No","No",""
"65-67-08-82","Sugar and sweets- sugar, honey, sweets, desserts",5,"No","No","No","No","Yes","No","No","No","No","No",""
"65-67-08-82","Miscellaneous- tea, coffee, beverages, condiments, spices",5,"No","No","No","No","Yes","No","No","No","No","No",""
"43-85-20-59","Cereals- rice, maize, chapatti, wheat, sorghum, bread, etc",7,"Yes","No","No","No","No","No","No","No","No","No",""
"43-85-20-59","Roots and tubers- potato, sweet potato, cassava, arrow roots, cooking banana",3,"No","No","No","No","No","No","No","Yes","No","No",""
"43-85-20-59","Vegetables- spinach, pumpkin, cabbage, tomato, onion",7,"No","No","No","No","Yes","No","No","No","No","No",""
"43-85-20-59","Fruits- orange, mango, guava, rice paw paw/papaya, pineapple, etc",3,"No","No","Yes","No","No","No","No","No","No","No",""
"43-85-20-59","Meat, poultry, organ meat- goat, sheep, cow, chicken, liver, kidney, intestines",2,"No","No","No","No","Yes","No","No","No","No","No",""
"43-85-20-59","Fish and seafood (dried or fresh)- sardines, dagaa/omena",3,"No","No","No","No","Yes","No","No","No","No","No",""
"43-85-20-59","Pulses, legumes, nuts, seeds",3,"No","No","No","No","Yes","No","No","No","No","No",""
"43-85-20-59","Oil/fats- oil, fat, butter, ghee, etc",7,"No","No","No","No","Yes","No","No","No","No","No",""
"43-85-20-59","Sugar and sweets- sugar, honey, sweets, desserts",7,"No","No","No","No","Yes","No","No","No","No","No",""
"43-85-20-59","Miscellaneous- tea, coffee, beverages, condiments, spices",7,"Yes","No","No","No","No","No","No","No","No","Yes","prepared ourselves"
"11-14-22-98","Cereals- rice, maize, chapatti, wheat, sorghum, bread, etc",7,"Yes","No","No","No","Yes","No","No","No","No","No",""
"11-14-22-98","Roots and tubers- potato, sweet potato, cassava, arrow roots, cooking banana",3,"No","No","No","No","Yes","No","No","No","No","No",""
"11-14-22-98","Vegetables- spinach, pumpkin, cabbage, tomato, onion",4,"No","No","No","No","Yes","No","No","No","No","No",""
"11-14-22-98","Fish and seafood (dried or fresh)- sardines, dagaa/omena",5,"No","No","No","No","Yes","No","No","No","No","No",""
"11-14-22-98","Oil/fats- oil, fat, butter, ghee, etc",7,"No","No","No","No","Yes","No","No","No","No","No",""
"11-14-22-98","Sugar and sweets- sugar, honey, sweets, desserts",7,"No","No","No","No","Yes","No","No","No","No","No",""
"11-14-22-98","Miscellaneous- tea, coffee, beverages, condiments, spices",7,"No","No","No","No","Yes","No","No","No","No","No",""
"31-06-08-24","Cereals- rice, maize, chapatti, wheat, sorghum, bread, etc",7,"Yes","No","No","No","Yes","No","No","No","No","No",""
"31-06-08-24","Vegetables- spinach, pumpkin, cabbage, tomato, onion",7,"Yes","No","No","No","Yes","No","No","No","No","No",""
"31-06-08-24","Fruits- orange, mango, guava, rice paw paw/papaya, pineapple, etc",1,"No","No","No","No","No","No","No","Yes","No","No",""
"31-06-08-24","Fish and seafood (dried or fresh)- sardines, dagaa/omena",4,"No","No","No","No","Yes","No","No","No","No","No",""
"31-06-08-24","Oil/fats- oil, fat, butter, ghee, etc",6,"No","No","No","No","Yes","No","No","No","No","No",""
"31-06-08-24","Sugar and sweets- sugar, honey, sweets, desserts",5,"No","No","No","No","Yes","No","No","Yes","No","No",""
"31-06-08-24","Miscellaneous- tea, coffee, beverages, condiments, spices",5,"No","No","No","No","Yes","No","Yes","No","No","No",""
"01-43-23-45","Cereals- rice, maize, chapatti, wheat, sorghum, bread, etc",7,"Yes","No","No","No","Yes","No","No","No","No","No",""
"01-43-23-45","Vegetables- spinach, pumpkin, cabbage, tomato, onion",7,"No","No","No","No","Yes","No","No","No","No","No",""
"01-43-23-45","Fruits- orange, mango, guava, rice paw paw/papaya, pineapple, etc",2,"No","No","No","No","Yes","No","No","No","No","No",""
"01-43-23-45","Fish and seafood (dried or fresh)- sardines, dagaa/omena",3,"No","No","No","No","Yes","No","No","No","No","No",""
"01-43-23-45","Pulses, legumes, nuts, seeds",3,"No","No","No","No","Yes","No","No","No","No","No",""
"01-43-23-45","Oil/fats- oil, fat, butter, ghee, etc",7,"No","No","No","No","Yes","No","No","No","No","No",""
"01-43-23-45","Sugar and sweets- sugar, honey, sweets, desserts",3,"No","No","No","No","Yes","No","No","No","No","No",""
"01-43-23-45","Miscellaneous- tea, coffee, beverages, condiments, spices",3,"No","No","No","No","Yes","No","No","No","No","No",""
"45-46-82-37","Cereals- rice, maize, chapatti, wheat, sorghum, bread, etc",3,"No","No","No","No","Yes","No","No","No","No","No",""
"45-46-82-37","Roots and tubers- potato, sweet potato, cassava, arrow roots, cooking banana",2,"No","No","No","No","Yes","No","No","No","No","No",""
"45-46-82-37","Vegetables- spinach, pumpkin, cabbage, tomato, onion",7,"No","No","Yes","No","No","No","No","No","No","No",""
"45-46-82-37","Fruits- orange, mango, guava, rice paw paw/papaya, pineapple, etc",7,"Yes","No","No","No","No","No","No","No","No","No",""
"45-46-82-37","Oil/fats- oil, fat, butter, ghee, etc",7,"Yes","No","No","No","Yes","No","No","No","No","No",""
"45-46-82-37","Miscellaneous- tea, coffee, beverages, condiments, spices",7,"No","No","No","No","Yes","No","No","No","No","No",""
"11-87-22-26","Cereals- rice, maize, chapatti, wheat, sorghum, bread, etc",7,"Yes","No","No","No","Yes","No","No","No","No","No",""
"11-87-22-26","Vegetables- spinach, pumpkin, cabbage, tomato, onion",7,"No","No","No","No","Yes","No","No","No","No","No",""
"11-87-22-26","Fish and seafood (dried or fresh)- sardines, dagaa/omena",7,"No","No","No","No","Yes","No","No","No","No","No",""
"13-55-89-83","Cereals- rice, maize, chapatti, wheat, sorghum, bread, etc",7,"No","No","No","No","Yes","No","No","No","No","No",""
"13-55-89-83","Roots and tubers- potato, sweet potato, cassava, arrow roots, cooking banana",7,"No","No","No","No","Yes","No","No","No","No","No",""
"13-55-89-83","Vegetables- spinach, pumpkin, cabbage, tomato, onion",7,"No","No","No","No","Yes","No","No","No","No","No",""
"13-55-89-83","Fruits- orange, mango, guava, rice paw paw/papaya, pineapple, etc",3,"No","No","No","No","Yes","No","No","No","No","No",""
"13-55-89-83","Meat, poultry, organ meat- goat, sheep, cow, chicken, liver, kidney, intestines",2,"No","No","No","No","Yes","No","No","No","No","No",""
"13-55-89-83","Fish and seafood (dried or fresh)- sardines, dagaa/omena",3,"No","No","No","No","Yes","No","No","No","No","No",""
"13-55-89-83","Pulses, legumes, nuts, seeds",4,"No","No","No","No","Yes","No","No","No","No","No",""
"13-55-89-83","Oil/fats- oil, fat, butter, ghee, etc",7,"No","No","No","No","Yes","No","No","No","No","No",""
"13-55-89-83","Sugar and sweets- sugar, honey, sweets, desserts",3,"No","No","No","No","Yes","No","No","No","No","No",""
"13-55-89-83","Miscellaneous- tea, coffee, beverages, condiments, spices",3,"Yes","No","No","No","No","No","No","No","No","No",""
"34-71-86-92","Cereals- rice, maize, chapatti, wheat, sorghum, bread, etc",7,"Yes","No","No","No","No","No","No","No","No","No",""
"34-71-86-92","Roots and tubers- potato, sweet potato, cassava, arrow roots, cooking banana",4,"No","No","No","No","Yes","No","No","No","No","No",""
"34-71-86-92","Vegetables- spinach, pumpkin, cabbage, tomato, onion",5,"No","No","No","No","Yes","No","No","No","No","No",""
"34-71-86-92","Fruits- orange, mango, guava, rice paw paw/papaya, pineapple, etc",2,"Yes","No","No","No","Yes","No","No","No","No","No",""
"34-71-86-92","Meat, poultry, organ meat- goat, sheep, cow, chicken, liver, kidney, intestines",1,"Yes","No","No","No","Yes","No","No","No","No","No",""
"34-71-86-92","Fish and seafood (dried or fresh)- sardines, dagaa/omena",2,"No","No","No","No","Yes","No","No","No","No","No",""
"34-71-86-92","Pulses, legumes, nuts, seeds",4,"Yes","No","No","No","No","No","No","No","No","No",""
"34-71-86-92","Oil/fats- oil, fat, butter, ghee, etc",7,"No","No","No","No","Yes","No","No","No","No","No",""
"34-71-86-92","Sugar and sweets- sugar, honey, sweets, desserts",7,"No","No","No","No","Yes","No","No","No","No","No",""
"34-71-86-92","Miscellaneous- tea, coffee, beverages, condiments, spices",7,"No","No","No","No","Yes","No","No","No","No","No",""
"59-34-02-76","Cereals- rice, maize, chapatti, wheat, sorghum, bread, etc",7,"Yes","No","No","No","Yes","No","No","No","No","No",""
"59-34-02-76","Roots and tubers- potato, sweet potato, cassava, arrow roots, cooking banana",1,"No","No","No","No","Yes","No","No","No","No","No",""
"59-34-02-76","Vegetables- spinach, pumpkin, cabbage, tomato, onion",7,"No","No","No","No","Yes","No","No","No","No","No",""
"59-34-02-76","Fruits- orange, mango, guava, rice paw paw/papaya, pineapple, etc",1,"No","No","No","No","Yes","No","No","No","No","No",""
"59-34-02-76","Fish and seafood (dried or fresh)- sardines, dagaa/omena",1,"No","No","No","No","Yes","No","No","No","No","No",""
"59-34-02-76","Pulses, legumes, nuts, seeds",3,"No","No","No","No","Yes","No","No","No","No","No",""
"59-34-02-76","Oil/fats- oil, fat, butter, ghee, etc",7,"No","No","No","No","Yes","No","No","No","No","No",""
"94-38-09-90","Cereals- rice, maize, chapatti, wheat, sorghum, bread, etc",7,"Yes","No","No","No","No","No","No","No","No","No",""
"94-38-09-90","Vegetables- spinach, pumpkin, cabbage, tomato, onion",3,"No","No","No","No","Yes","No","No","No","No","No",""
"94-38-09-90","Fish and seafood (dried or fresh)- sardines, dagaa/omena",2,"No","No","No","No","Yes","No","No","No","No","No",""
"94-38-09-90","Pulses, legumes, nuts, seeds",3,"No","No","No","No","Yes","No","No","No","No","No",""
"94-38-09-90","Oil/fats- oil, fat, butter, ghee, etc",3,"No","No","No","No","Yes","No","No","No","No","No",""
"78-25-48-01","Cereals- rice, maize, chapatti, wheat, sorghum, bread, etc",7,"Yes","No","No","No","Yes","No","No","No","No","No",""
"78-25-48-01","Roots and tubers- potato, sweet potato, cassava, arrow roots, cooking banana",2,"Yes","No","No","No","No","No","No","No","No","No",""
"78-25-48-01","Vegetables- spinach, pumpkin, cabbage, tomato, onion",7,"Yes","No","No","No","No","No","No","No","No","No",""
"78-25-48-01","Fruits- orange, mango, guava, rice paw paw/papaya, pineapple, etc",2,"No","No","No","No","Yes","No","No","No","No","No",""
"78-25-48-01","Fish and seafood (dried or fresh)- sardines, dagaa/omena",3,"No","No","No","No","Yes","No","No","No","No","No",""
"78-25-48-01","Oil/fats- oil, fat, butter, ghee, etc",6,"No","No","No","No","Yes","No","No","No","No","No",""
"78-25-48-01","Sugar and sweets- sugar, honey, sweets, desserts",2,"No","No","No","No","Yes","No","No","No","No","No",""
"78-25-48-01","Miscellaneous- tea, coffee, beverages, condiments, spices",3,"Yes","No","No","No","Yes","No","No","No","No","No",""
"46-93-32-00","Cereals- rice, maize, chapatti, wheat, sorghum, bread, etc",7,"Yes","No","No","No","Yes","No","No","No","No","No",""
"46-93-32-00","Roots and tubers- potato, sweet potato, cassava, arrow roots, cooking banana",4,"No","No","No","No","Yes","No","No","No","No","No",""
"46-93-32-00","Vegetables- spinach, pumpkin, cabbage, tomato, onion",5,"No","No","No","No","Yes","No","No","No","No","No",""
"46-93-32-00","Fish and seafood (dried or fresh)- sardines, dagaa/omena",4,"No","No","No","No","Yes","No","No","No","No","No",""
"46-93-32-00","Oil/fats- oil, fat, butter, ghee, etc",7,"No","No","No","No","Yes","No","No","No","No","No",""
"12-39-85-61","Cereals- rice, maize, chapatti, wheat, sorghum, bread, etc",7,"Yes","No","No","No","No","No","No","No","No","No",""
"12-39-85-61","Roots and tubers- potato, sweet potato, cassava, arrow roots, cooking banana",5,"Yes","No","No","No","No","No","No","No","No","No",""
"12-39-85-61","Vegetables- spinach, pumpkin, cabbage, tomato, onion",7,"Yes","No","No","No","Yes","No","No","No","No","No",""
"12-39-85-61","Fish and seafood (dried or fresh)- sardines, dagaa/omena",2,"No","No","No","No","Yes","No","No","No","No","No",""
"12-39-85-61","Pulses, legumes, nuts, seeds",4,"Yes","No","No","No","No","No","No","No","No","No",""
"12-39-85-61","Oil/fats- oil, fat, butter, ghee, etc",7,"No","No","No","No","Yes","No","No","No","No","No",""
"28-05-35-45","Cereals- rice, maize, chapatti, wheat, sorghum, bread, etc",7,"Yes","No","No","No","Yes","No","No","No","No","No",""
"28-05-35-45","Roots and tubers- potato, sweet potato, cassava, arrow roots, cooking banana",7,"No","No","No","No","No","No","No","Yes","No","No",""
"28-05-35-45","Vegetables- spinach, pumpkin, cabbage, tomato, onion",7,"Yes","No","No","No","Yes","No","No","No","No","No",""
"28-05-35-45","Fruits- orange, mango, guava, rice paw paw/papaya, pineapple, etc",1,"No","No","No","No","No","No","No","Yes","No","No",""
"28-05-35-45","Fish and seafood (dried or fresh)- sardines, dagaa/omena",4,"No","No","No","No","Yes","No","No","No","No","No",""
"28-05-35-45","Pulses, legumes, nuts, seeds",7,"Yes","No","No","No","Yes","No","No","No","No","No",""
"30-60-59-31","Cereals- rice, maize, chapatti, wheat, sorghum, bread, etc",7,"Yes","No","No","No","No","No","No","No","No","No",""
"30-60-59-31","Roots and tubers- potato, sweet potato, cassava, arrow roots, cooking banana",3,"No","No","No","No","Yes","No","No","No","No","No",""
"30-60-59-31","Vegetables- spinach, pumpkin, cabbage, tomato, onion",1,"No","No","No","No","Yes","No","No","No","No","No",""
"30-60-59-31","Fruits- orange, mango, guava, rice paw paw/papaya, pineapple, etc",5,"No","No","No","No","Yes","No","No","No","No","No",""
"30-60-59-31","Fish and seafood (dried or fresh)- sardines, dagaa/omena",3,"No","No","No","No","Yes","No","No","No","No","No",""
"30-60-59-31","Milk and milk products- fresh, powdered, yogurt, cheese, etc",1,"No","No","No","No","Yes","No","No","No","No","No",""
"30-60-59-31","Oil/fats- oil, fat, butter, ghee, etc",7,"No","No","No","No","Yes","No","No","No","No","No",""
"30-60-59-31","Sugar and sweets- sugar, honey, sweets, desserts",7,"No","No","No","No","Yes","No","No","No","No","No",""
"30-60-59-31","Miscellaneous- tea, coffee, beverages, condiments, spices",7,"Yes","No","No","No","No","No","No","No","No","No",""
"47-75-15-04","Cereals- rice, maize, chapatti, wheat, sorghum, bread, etc",7,"Yes","No","No","No","Yes","No","No","No","No","No",""
"47-75-15-04","Roots and tubers- potato, sweet potato, cassava, arrow roots, cooking banana",3,"No","No","No","No","Yes","No","No","No","No","No",""
"47-75-15-04","Vegetables- spinach, pumpkin, cabbage, tomato, onion",6,"No","No","No","No","Yes","No","No","No","No","No",""
"47-75-15-04","Fruits- orange, mango, guava, rice paw paw/papaya, pineapple, etc",5,"No","No","No","No","Yes","No","No","Yes","No","No",""
"47-75-15-04","Meat, poultry, organ meat- goat, sheep, cow, chicken, liver, kidney, intestines",1,"No","No","No","No","Yes","No","No","No","No","No",""
"47-75-15-04","Eggs",1,"Yes","No","No","No","No","No","No","No","No","No",""
"47-75-15-04","Fish and seafood (dried or fresh)- sardines, dagaa/omena",3,"No","No","No","No","Yes","No","No","No","No","No",""
"47-75-15-04","Pulses, legumes, nuts, seeds",1,"No","No","No","No","Yes","No","No","No","No","No",""
"47-75-15-04","Oil/fats- oil, fat, butter, ghee, etc",7,"No","No","No","No","Yes","No","No","No","No","No",""
"47-75-15-04","Sugar and sweets- sugar, honey, sweets, desserts",4,"No","No","No","No","Yes","No","No","No","No","No",""
"47-75-15-04","Miscellaneous- tea, coffee, beverages, condiments, spices",4,"No","No","No","No","Yes","No","No","No","No","No",""
"53-29-56-16","Cereals- rice, maize, chapatti, wheat, sorghum, bread, etc",7,"No","No","No","No","No","No","No","Yes","No","No",""
"53-29-56-16","Roots and tubers- potato, sweet potato, cassava, arrow roots, cooking banana",4,"No","No","No","No","No","No","No","Yes","No","No",""
"53-29-56-16","Vegetables- spinach, pumpkin, cabbage, tomato, onion",5,"No","No","No","No","No","No","No","Yes","No","No",""
"53-29-56-16","Fish and seafood (dried or fresh)- sardines, dagaa/omena",3,"No","No","No","No","No","No","No","Yes","No","No",""
"53-29-56-16","Pulses, legumes, nuts, seeds",5,"No","No","No","No","No","No","No","Yes","No","No",""
"53-29-56-16","Oil/fats- oil, fat, butter, ghee, etc",7,"No","No","No","No","No","No","No","Yes","No","No",""
"53-29-56-16","Miscellaneous- tea, coffee, beverages, condiments, spices",3,"No","No","No","No","No","No","No","Yes","No","No",""
"35-42-89-22","Cereals- rice, maize, chapatti, wheat, sorghum, bread, etc",7,"Yes","No","No","No","Yes","No","No","No","No","No",""
"35-42-89-22","Vegetables- spinach, pumpkin, cabbage, tomato, onion",7,"Yes","No","No","No","Yes","No","No","No","No","No",""
"35-42-89-22","Fruits- orange, mango, guava, rice paw paw/papaya, pineapple, etc",2,"No","No","No","No","No","No","No","Yes","No","No",""
"35-42-89-22","Fish and seafood (dried or fresh)- sardines, dagaa/omena",4,"No","No","No","No","Yes","No","No","No","No","No",""
"35-42-89-22","Oil/fats- oil, fat, butter, ghee, etc",4,"No","No","No","No","Yes","No","No","No","No","No",""
"35-42-89-22","Sugar and sweets- sugar, honey, sweets, desserts",3,"No","No","No","No","Yes","No","No","No","No","No",""
"35-42-89-22","Miscellaneous- tea, coffee, beverages, condiments, spices",2,"No","No","No","No","Yes","No","No","No","No","No",""
"88-29-43-39","Cereals- rice, maize, chapatti, wheat, sorghum, bread, etc",7,"Yes","No","No","No","No","No","No","No","No","No",""
"88-29-43-39","Vegetables- spinach, pumpkin, cabbage, tomato, onion",7,"Yes","No","Yes","No","No","No","No","No","No","No",""
"88-29-43-39","Oil/fats- oil, fat, butter, ghee, etc",6,"No","No","No","No","Yes","No","No","No","No","No",""
"59-28-36-67","Cereals- rice, maize, chapatti, wheat, sorghum, bread, etc",7,"Yes","No","No","No","No","No","No","No","No","No",""
"59-28-36-67","Roots and tubers- potato, sweet potato, cassava, arrow roots, cooking banana",2,"No","No","No","No","Yes","No","No","No","No","No",""
"59-28-36-67","Vegetables- spinach, pumpkin, cabbage, tomato, onion",3,"No","No","No","No","Yes","No","No","No","No","No",""
"59-28-36-67","Fish and seafood (dried or fresh)- sardines, dagaa/omena",3,"No","No","No","No","Yes","No","No","No","No","No",""
"59-28-36-67","Pulses, legumes, nuts, seeds",1,"No","No","No","No","Yes","No","No","No","No","No",""
"59-28-36-67","Oil/fats- oil, fat, butter, ghee, etc",7,"No","No","No","No","Yes","No","No","No","No","No",""
"59-28-36-67","Miscellaneous- tea, coffee, beverages, condiments, spices",7,"No","No","No","No","Yes","No","No","No","No","No",""
"86-03-36-52","Cereals- rice, maize, chapatti, wheat, sorghum, bread, etc",7,"Yes","No","No","No","No","No","No","No","No","No",""
"86-03-36-52","Roots and tubers- potato, sweet potato, cassava, arrow roots, cooking banana",1,"No","No","No","No","Yes","No","No","No","No","No",""
"86-03-36-52","Vegetables- spinach, pumpkin, cabbage, tomato, onion",7,"Yes","No","No","No","Yes","No","No","No","No","No",""
"86-03-36-52","Fish and seafood (dried or fresh)- sardines, dagaa/omena",1,"No","No","No","No","Yes","No","No","No","No","No",""
"86-03-36-52","Oil/fats- oil, fat, butter, ghee, etc",7,"No","No","No","No","Yes","No","No","No","No","No",""
"86-03-36-52","Sugar and sweets- sugar, honey, sweets, desserts",2,"No","No","No","No","Yes","No","No","No","No","No",""
"23-49-64-16","Cereals- rice, maize, chapatti, wheat, sorghum, bread, etc",7,"Yes","No","No","No","No","No","No","No","No","No",""
"23-49-64-16","Roots and tubers- potato, sweet potato, cassava, arrow roots, cooking banana",7,"No","No","No","No","Yes","No","No","No","No","No",""
"23-49-64-16","Vegetables- spinach, pumpkin, cabbage, tomato, onion",7,"No","No","No","No","Yes","No","No","No","No","No",""
"23-49-64-16","Fruits- orange, mango, guava, rice paw paw/papaya, pineapple, etc",2,"No","No","No","No","Yes","No","No","No","No","No",""
"23-49-64-16","Eggs",1,"Yes","No","No","No","No","No","No","No","No","No",""
"23-49-64-16","Oil/fats- oil, fat, butter, ghee, etc",7,"No","No","No","No","Yes","No","No","No","No","No",""
"23-49-64-16","Miscellaneous- tea, coffee, beverages, condiments, spices",7,"No","No","No","No","Yes","No","No","No","No","No",""
"08-79-12-23","Cereals- rice, maize, chapatti, wheat, sorghum, bread, etc",7,"Yes","No","No","No","Yes","No","No","No","No","No",""
"08-79-12-23","Roots and tubers- potato, sweet potato, cassava, arrow roots, cooking banana",7,"No","No","No","No","Yes","No","No","No","No","No",""
"08-79-12-23","Vegetables- spinach, pumpkin, cabbage, tomato, onion",4,"No","No","No","No","Yes","No","No","No","No","No",""
"08-79-12-23","Fruits- orange, mango, guava, rice paw paw/papaya, pineapple, etc",4,"No","No","No","No","Yes","No","No","No","No","No",""
"08-79-12-23","Meat, poultry, organ meat- goat, sheep, cow, chicken, liver, kidney, intestines",1,"No","No","No","No","Yes","No","No","No","No","No",""
"08-79-12-23","Fish and seafood (dried or fresh)- sardines, dagaa/omena",3,"No","No","No","No","Yes","No","No","No","No","No",""
"08-79-12-23","Pulses, legumes, nuts, seeds",3,"Yes","No","No","No","Yes","No","No","No","No","No",""
"08-79-12-23","Milk and milk products- fresh, powdered, yogurt, cheese, etc",2,"No","No","No","No","Yes","No","No","No","No","No",""
"08-79-12-23","Sugar and sweets- sugar, honey, sweets, desserts",7,"No","No","No","No","Yes","No","No","No","No","No",""
"08-79-12-23","Miscellaneous- tea, coffee, beverages, condiments, spices",7,"No","No","No","No","Yes","No","No","No","No","No",""
"26-41-89-58","Cereals- rice, maize, chapatti, wheat, sorghum, bread, etc",7,"Yes","No","No","No","Yes","No","No","No","No","No",""
"26-41-89-58","Roots and tubers- potato, sweet potato, cassava, arrow roots, cooking banana",2,"No","No","No","No","Yes","No","No","No","No","No",""
"26-41-89-58","Vegetables- spinach, pumpkin, cabbage, tomato, onion",6,"No","No","No","No","Yes","No","No","No","No","No",""
"26-41-89-58","Fruits- orange, mango, guava, rice paw paw/papaya, pineapple, etc",3,"No","No","No","No","Yes","No","No","No","No","No",""
"26-41-89-58","Meat, poultry, organ meat- goat, sheep, cow, chicken, liver, kidney, intestines",1,"No","No","No","No","Yes","No","No","No","No","No",""
"26-41-89-58","Milk and milk products- fresh, powdered, yogurt, cheese, etc",3,"No","No","No","No","Yes","No","No","No","No","No",""
"26-41-89-58","Oil/fats- oil, fat, butter, ghee, etc",7,"No","No","No","No","Yes","No","No","No","No","No",""
"26-41-89-58","Sugar and sweets- sugar, honey, sweets, desserts",7,"No","No","No","No","Yes","No","No","No","No","No",""
"68-77-96-37","Cereals- rice, maize, chapatti, wheat, sorghum, bread, etc",7,"Yes","No","No","No","Yes","No","No","No","No","No",""
"68-77-96-37","Roots and tubers- potato, sweet potato, cassava, arrow roots, cooking banana",2,"Yes","No","No","No","No","No","No","No","No","No",""
"68-77-96-37","Vegetables- spinach, pumpkin, cabbage, tomato, onion",7,"No","No","No","No","Yes","No","No","No","No","No",""
"68-77-96-37","Fruits- orange, mango, guava, rice paw paw/papaya, pineapple, etc",1,"No","No","No","No","Yes","No","No","No","No","No",""
"68-77-96-37","Fish and seafood (dried or fresh)- sardines, dagaa/omena",2,"No","No","No","No","Yes","No","No","No","No","No",""
"68-77-96-37","Pulses, legumes, nuts, seeds",3,"No","No","No","No","Yes","No","No","No","No","No",""
"52-83-38-94","Cereals- rice, maize, chapatti, wheat, sorghum, bread, etc",7,"Yes","No","No","No","No","No","No","No","No","No",""
"52-83-38-94","Roots and tubers- potato, sweet potato, cassava, arrow roots, cooking banana",1,"No","No","No","No","Yes","No","No","No","No","No",""
"52-83-38-94","Vegetables- spinach, pumpkin, cabbage, tomato, onion",3,"Yes","No","No","No","Yes","No","No","No","No","No",""
"52-83-38-94","Meat, poultry, organ meat- goat, sheep, cow, chicken, liver, kidney, intestines",1,"No","No","No","No","Yes","No","No","No","No","No",""
"52-83-38-94","Fish and seafood (dried or fresh)- sardines, dagaa/omena",2,"No","No","No","No","Yes","No","No","No","No","No",""
"52-83-38-94","Pulses, legumes, nuts, seeds",7,"No","No","No","No","Yes","No","No","No","No","No",""
"52-83-38-94","Oil/fats- oil, fat, butter, ghee, etc",7,"No","No","No","No","Yes","No","No","No","No","No",""
"52-83-38-94","Sugar and sweets- sugar, honey, sweets, desserts",1,"No","No","No","No","Yes","No","No","No","No","No",""
"52-83-38-94","Miscellaneous- tea, coffee, beverages, condiments, spices",3,"No","No","No","No","Yes","No","No","No","No","No",""
"67-08-14-84","Cereals- rice, maize, chapatti, wheat, sorghum, bread, etc",7,"Yes","No","No","No","Yes","No","No","No","No","No",""
"67-08-14-84","Roots and tubers- potato, sweet potato, cassava, arrow roots, cooking banana",3,"No","No","No","No","Yes","No","No","No","No","No",""
"67-08-14-84","Vegetables- spinach, pumpkin, cabbage, tomato, onion",6,"No","No","No","No","Yes","No","No","No","No","No",""
"67-08-14-84","Fruits- orange, mango, guava, rice paw paw/papaya, pineapple, etc",1,"No","No","No","No","Yes","No","No","No","No","No",""
"67-08-14-84","Eggs",1,"No","No","No","No","Yes","No","No","No","No","No",""
"67-08-14-84","Fish and seafood (dried or fresh)- sardines, dagaa/omena",3,"No","No","No","No","Yes","No","No","No","No","No",""
"67-08-14-84","Pulses, legumes, nuts, seeds",5,"No","No","No","No","Yes","No","No","No","No","No",""
"67-08-14-84","Milk and milk products- fresh, powdered, yogurt, cheese, etc",1,"No","No","No","No","Yes","No","No","No","No","No",""
"67-08-14-84","Oil/fats- oil, fat, butter, ghee, etc",7,"No","No","No","No","Yes","No","No","No","No","No",""
"67-08-14-84","Sugar and sweets- sugar, honey, sweets, desserts",6,"No","No","No","No","Yes","No","No","No","No","No",""
"67-08-14-84","Miscellaneous- tea, coffee, beverages, condiments, spices",5,"No","No","No","No","Yes","No","No","No","No","No",""
"43-44-83-36","Cereals- rice, maize, chapatti, wheat, sorghum, bread, etc",7,"No","No","No","No","Yes","No","No","No","No","No",""
"43-44-83-36","Vegetables- spinach, pumpkin, cabbage, tomato, onion",2,"No","No","No","No","Yes","No","No","No","No","No",""
"43-44-83-36","Pulses, legumes, nuts, seeds",7,"Yes","No","No","No","No","No","No","No","No","No",""
"97-03-37-68","Cereals- rice, maize, chapatti, wheat, sorghum, bread, etc",7,"Yes","No","No","No","Yes","No","No","No","No","No",""
"97-03-37-68","Roots and tubers- potato, sweet potato, cassava, arrow roots, cooking banana",7,"No","No","No","No","No","No","No","Yes","No","No",""
"97-03-37-68","Vegetables- spinach, pumpkin, cabbage, tomato, onion",7,"Yes","No","No","No","No","No","No","No","No","No",""
"97-03-37-68","Pulses, legumes, nuts, seeds",7,"No","No","No","No","No","No","No","Yes","No","No",""
"26-04-46-11","Cereals- rice, maize, chapatti, wheat, sorghum, bread, etc",7,"No","No","No","No","Yes","No","No","No","No","No",""
"26-04-46-11","Roots and tubers- potato, sweet potato, cassava, arrow roots, cooking banana",4,"No","No","No","No","Yes","No","No","No","No","No",""
"26-04-46-11","Vegetables- spinach, pumpkin, cabbage, tomato, onion",7,"No","No","No","No","Yes","No","No","No","No","No",""
"26-04-46-11","Fish and seafood (dried or fresh)- sardines, dagaa/omena",3,"No","No","No","No","Yes","No","No","No","No","No",""
"26-04-46-11","Oil/fats- oil, fat, butter, ghee, etc",7,"No","No","No","No","Yes","No","No","No","No","No",""
"26-04-46-11","Miscellaneous- tea, coffee, beverages, condiments, spices",7,"No","No","No","No","Yes","No","No","No","No","No",""
"64-89-33-44","Cereals- rice, maize, chapatti, wheat, sorghum, bread, etc",7,"Yes","No","No","No","No","No","No","No","No","No",""
"64-89-33-44","Roots and tubers- potato, sweet potato, cassava, arrow roots, cooking banana",1,"No","No","No","No","No","No","No","Yes","No","No",""
"64-89-33-44","Vegetables- spinach, pumpkin, cabbage, tomato, onion",7,"Yes","No","No","No","No","No","No","No","No","No",""
"64-89-33-44","Fish and seafood (dried or fresh)- sardines, dagaa/omena",1,"No","No","No","No","Yes","No","No","No","No","No",""
"64-89-33-44","Pulses, legumes, nuts, seeds",7,"Yes","No","No","No","No","No","No","No","No","No",""
"64-89-33-44","Oil/fats- oil, fat, butter, ghee, etc",7,"Yes","No","No","No","Yes","No","No","No","No","No",""
"09-37-28-22","Cereals- rice, maize, chapatti, wheat, sorghum, bread, etc",7,"Yes","No","No","No","Yes","No","No","No","No","No",""
"09-37-28-22","Roots and tubers- potato, sweet potato, cassava, arrow roots, cooking banana",4,"No","No","No","No","Yes","No","No","No","No","No",""
"09-37-28-22","Vegetables- spinach, pumpkin, cabbage, tomato, onion",7,"No","No","No","No","Yes","No","No","No","No","No",""
"09-37-28-22","Fruits- orange, mango, guava, rice paw paw/papaya, pineapple, etc",1,"No","No","No","No","Yes","No","No","No","No","No",""
"09-37-28-22","Eggs",2,"Yes","No","No","No","No","No","No","No","No","No",""
"09-37-28-22","Pulses, legumes, nuts, seeds",2,"No","No","No","No","Yes","No","No","No","No","No",""
"09-37-28-22","Oil/fats- oil, fat, butter, ghee, etc",7,"No","No","No","No","Yes","No","No","No","No","No",""
"11-87-63-69","Cereals- rice, maize, chapatti, wheat, sorghum, bread, etc",7,"Yes","No","No","No","Yes","No","No","No","No","No",""
"11-87-63-69","Roots and tubers- potato, sweet potato, cassava, arrow roots, cooking banana",3,"Yes","No","No","No","Yes","No","No","No","No","No",""
"11-87-63-69","Vegetables- spinach, pumpkin, cabbage, tomato, onion",7,"Yes","No","No","No","Yes","No","No","No","No","No",""
"11-87-63-69","Fruits- orange, mango, guava, rice paw paw/papaya, pineapple, etc",2,"Yes","No","No","No","No","No","No","No","No","No",""
"11-87-63-69","Fish and seafood (dried or fresh)- sardines, dagaa/omena",3,"No","No","No","No","Yes","No","No","No","No","No",""
"11-87-63-69","Pulses, legumes, nuts, seeds",1,"No","No","No","No","Yes","No","No","No","No","No",""
"11-87-63-69","Oil/fats- oil, fat, butter, ghee, etc",7,"No","No","No","No","Yes","No","No","No","No","No",""
"21-48-73-26","Cereals- rice, maize, chapatti, wheat, sorghum, bread, etc",7,"Yes","No","No","No","No","No","No","No","No","No",""
"21-48-73-26","Roots and tubers- potato, sweet potato, cassava, arrow roots, cooking banana",4,"Yes","No","No","No","Yes","No","No","No","No","No",""
"21-48-73-26","Vegetables- spinach, pumpkin, cabbage, tomato, onion",4,"No","No","No","No","Yes","No","No","No","No","No",""
"21-48-73-26","Fish and seafood (dried or fresh)- sardines, dagaa/omena",4,"No","No","No","No","Yes","No","No","No","No","No",""
"21-48-73-26","Pulses, legumes, nuts, seeds",5,"No","No","No","No","Yes","No","No","No","No","No",""
"21-48-73-26","Oil/fats- oil, fat, butter, ghee, etc",7,"No","No","No","No","Yes","No","No","No","No","No",""
"21-48-73-26","Miscellaneous- tea, coffee, beverages, condiments, spices",2,"No","No","No","No","Yes","No","No","No","No","No",""
"95-62-47-68","Cereals- rice, maize, chapatti, wheat, sorghum, bread, etc",7,"Yes","No","No","No","No","No","No","No","No","No",""
"95-62-47-68","Roots and tubers- potato, sweet potato, cassava, arrow roots, cooking banana",7,"Yes","No","No","No","No","No","No","No","No","No",""
"95-62-47-68","Vegetables- spinach, pumpkin, cabbage, tomato, onion",7,"Yes","No","No","No","No","No","No","No","No","No",""
"95-62-47-68","Fruits- orange, mango, guava, rice paw paw/papaya, pineapple, etc",2,"No","No","No","No","Yes","No","No","No","No","No",""
"95-62-47-68","Milk and milk products- fresh, powdered, yogurt, cheese, etc",3,"Yes","No","No","No","No","No","No","No","No","No",""
"22-57-11-64","Cereals- rice, maize, chapatti, wheat, sorghum, bread, etc",7,"Yes","No","No","No","Yes","No","No","No","No","No",""
"22-57-11-64","Roots and tubers- potato, sweet potato, cassava, arrow roots, cooking banana",3,"No","No","No","No","Yes","No","No","No","No","No",""
"22-57-11-64","Vegetables- spinach, pumpkin, cabbage, tomato, onion",7,"No","No","No","No","Yes","No","No","No","No","No",""
"22-57-11-64","Fish and seafood (dried or fresh)- sardines, dagaa/omena",4,"No","No","No","No","Yes","No","No","No","No","No",""
"22-57-11-64","Pulses, legumes, nuts, seeds",1,"No","No","No","No","Yes","No","No","No","No","No",""
"22-57-11-64","Oil/fats- oil, fat, butter, ghee, etc",7,"No","No","No","No","Yes","No","No","No","No","No",""
"16-16-37-56","Cereals- rice, maize, chapatti, wheat, sorghum, bread, etc",7,"No","No","No","No","Yes","No","No","No","No","No",""
"16-16-37-56","Roots and tubers- potato, sweet potato, cassava, arrow roots, cooking banana",5,"No","No","No","No","Yes","No","No","No","No","No",""
"16-16-37-56","Vegetables- spinach, pumpkin, cabbage, tomato, onion",7,"No","No","No","No","Yes","No","No","No","No","No",""
"16-16-37-56","Fruits- orange, mango, guava, rice paw paw/papaya, pineapple, etc",3,"No","No","No","No","Yes","No","No","No","No","No",""
"16-16-37-56","Meat, poultry, organ meat- goat, sheep, cow, chicken, liver, kidney, intestines",1,"No","No","No","No","Yes","No","No","No","No","No",""
"16-16-37-56","Fish and seafood (dried or fresh)- sardines, dagaa/omena",6,"No","No","No","No","Yes","No","No","No","No","No",""
"16-16-37-56","Pulses, legumes, nuts, seeds",2,"No","No","No","No","Yes","No","No","No","No","No",""
"16-16-37-56","Oil/fats- oil, fat, butter, ghee, etc",7,"No","No","No","No","Yes","No","No","No","No","No",""
"16-16-37-56","Sugar and sweets- sugar, honey, sweets, desserts",6,"No","No","No","No","Yes","No","No","No","No","No",""
"16-16-37-56","Miscellaneous- tea, coffee, beverages, condiments, spices",6,"No","No","No","No","Yes","No","No","No","No","No",""
"90-41-66-63","Cereals- rice, maize, chapatti, wheat, sorghum, bread, etc",7,"Yes","No","No","No","Yes","No","No","No","No","No",""
"90-41-66-63","Vegetables- spinach, pumpkin, cabbage, tomato, onion",7,"Yes","No","No","No","Yes","No","No","No","No","No",""
"90-41-66-63","Pulses, legumes, nuts, seeds",3,"Yes","No","No","No","No","No","No","No","No","No",""
"90-41-66-63","Oil/fats- oil, fat, butter, ghee, etc",5,"No","No","No","No","Yes","No","No","No","No","No",""
"86-61-37-71","Cereals- rice, maize, chapatti, wheat, sorghum, bread, etc",7,"Yes","No","No","No","Yes","No","No","No","No","No",""
"86-61-37-71","Roots and tubers- potato, sweet potato, cassava, arrow roots, cooking banana",1,"No","No","No","No","Yes","No","No","No","No","No",""
"86-61-37-71","Vegetables- spinach, pumpkin, cabbage, tomato, onion",7,"No","No","No","No","Yes","No","No","No","No","No",""
"86-61-37-71","Fruits- orange, mango, guava, rice paw paw/papaya, pineapple, etc",1,"No","No","No","No","Yes","No","No","No","No","No",""
"86-61-37-71","Meat, poultry, organ meat- goat, sheep, cow, chicken, liver, kidney, intestines",1,"No","No","No","No","Yes","No","No","No","No","No",""
"86-61-37-71","Fish and seafood (dried or fresh)- sardines, dagaa/omena",1,"No","No","No","No","Yes","No","No","No","No","No",""
"86-61-37-71","Pulses, legumes, nuts, seeds",7,"Yes","No","No","No","Yes","No","No","No","No","No",""
"86-61-37-71","Oil/fats- oil, fat, butter, ghee, etc",7,"No","No","No","No","Yes","No","No","No","No","No",""
"86-61-37-71","Miscellaneous- tea, coffee, beverages, condiments, spices",7,"No","No","No","No","Yes","No","No","No","No","No",""
"51-98-81-10","Cereals- rice, maize, chapatti, wheat, sorghum, bread, etc",7,"Yes","No","No","No","No","No","No","No","No","No",""
"51-98-81-10","Roots and tubers- potato, sweet potato, cassava, arrow roots, cooking banana",5,"Yes","No","No","No","No","No","No","No","No","No",""
"51-98-81-10","Vegetables- spinach, pumpkin, cabbage, tomato, onion",4,"No","No","No","No","Yes","No","No","No","No","No",""
"51-98-81-10","Fruits- orange, mango, guava, rice paw paw/papaya, pineapple, etc",2,"No","No","No","No","Yes","No","No","No","No","No",""
"51-98-81-10","Meat, poultry, organ meat- goat, sheep, cow, chicken, liver, kidney, intestines",2,"Yes","No","No","No","Yes","No","No","No","No","No",""
"51-98-81-10","Eggs",1,"Yes","No","No","No","No","No","No","No","No","No",""
"51-98-81-10","Fish and seafood (dried or fresh)- sardines, dagaa/omena",2,"No","No","No","No","Yes","No","No","No","No","No",""
"51-98-81-10","Pulses, legumes, nuts, seeds",2,"No","No","No","No","Yes","No","No","No","No","No",""
"51-98-81-10","Milk and milk products- fresh, powdered, yogurt, cheese, etc",1,"No","No","No","No","Yes","No","No","No","No","No",""
"51-98-81-10","Oil/fats- oil, fat, butter, ghee, etc",7,"No","No","No","No","Yes","No","No","No","No","No",""
"51-98-81-10","Sugar and sweets- sugar, honey, sweets, desserts",7,"No","No","No","No","Yes","No","No","No","No","No",""
"51-98-81-10","Miscellaneous- tea, coffee, beverages, condiments, spices",7,"No","No","No","No","Yes","No","No","No","No","No",""
"86-70-80-56","Cereals- rice, maize, chapatti, wheat, sorghum, bread, etc",7,"Yes","No","No","No","No","No","No","No","No","No",""
"86-70-80-56","Roots and tubers- potato, sweet potato, cassava, arrow roots, cooking banana",7,"No","No","No","No","Yes","No","No","No","No","No",""
"86-70-80-56","Vegetables- spinach, pumpkin, cabbage, tomato, onion",7,"No","No","No","No","Yes","No","No","No","No","No",""
"86-70-80-56","Fruits- orange, mango, guava, rice paw paw/papaya, pineapple, etc",2,"No","No","No","No","Yes","No","No","No","No","No",""
"86-70-80-56","Meat, poultry, organ meat- goat, sheep, cow, chicken, liver, kidney, intestines",1,"No","No","No","No","Yes","No","No","No","No","No",""
"86-70-80-56","Oil/fats- oil, fat, butter, ghee, etc",7,"No","No","No","No","Yes","No","No","No","No","No",""
"61-70-60-57","Cereals- rice, maize, chapatti, wheat, sorghum, bread, etc",7,"Yes","No","No","No","Yes","No","No","No","No","No",""
"61-70-60-57","Vegetables- spinach, pumpkin, cabbage, tomato, onion",5,"No","No","No","No","Yes","No","No","No","No","No",""
"61-70-60-57","Fruits- orange, mango, guava, rice paw paw/papaya, pineapple, etc",2,"No","No","No","No","Yes","No","No","No","No","No",""
"61-70-60-57","Meat, poultry, organ meat- goat, sheep, cow, chicken, liver, kidney, intestines",1,"No","No","No","No","Yes","No","No","No","No","No",""
"61-70-60-57","Fish and seafood (dried or fresh)- sardines, dagaa/omena",3,"No","No","No","No","Yes","No","No","No","No","No",""
"61-70-60-57","Oil/fats- oil, fat, butter, ghee, etc",7,"No","No","No","No","Yes","No","No","No","No","No",""
"61-70-60-57","Sugar and sweets- sugar, honey, sweets, desserts",7,"No","No","No","No","Yes","No","No","No","No","No",""
"61-70-60-57","Miscellaneous- tea, coffee, beverages, condiments, spices",7,"No","No","No","No","Yes","No","No","No","No","No",""
"28-51-95-56","Cereals- rice, maize, chapatti, wheat, sorghum, bread, etc",7,"Yes","No","No","No","No","No","No","No","No","No",""
"28-51-95-56","Roots and tubers- potato, sweet potato, cassava, arrow roots, cooking banana",7,"No","No","No","No","Yes","No","No","No","No","No",""
"28-51-95-56","Vegetables- spinach, pumpkin, cabbage, tomato, onion",3,"No","No","No","No","Yes","No","No","No","No","No",""
"28-51-95-56","Fish and seafood (dried or fresh)- sardines, dagaa/omena",3,"No","No","No","No","Yes","No","No","No","No","No",""
"28-51-95-56","Milk and milk products- fresh, powdered, yogurt, cheese, etc",2,"No","No","No","No","Yes","No","No","No","No","No",""
"28-51-95-56","Oil/fats- oil, fat, butter, ghee, etc",7,"No","No","No","No","Yes","No","No","No","No","No",""
"28-51-95-56","Miscellaneous- tea, coffee, beverages, condiments, spices",7,"No","No","No","No","Yes","No","No","No","No","No",""
"51-09-05-08","Cereals- rice, maize, chapatti, wheat, sorghum, bread, etc",7,"Yes","No","No","No","No","No","No","No","No","No",""
"51-09-05-08","Roots and tubers- potato, sweet potato, cassava, arrow roots, cooking banana",7,"No","No","No","No","No","No","No","Yes","No","No",""
"51-09-05-08","Vegetables- spinach, pumpkin, cabbage, tomato, onion",7,"No","No","No","No","Yes","No","No","No","No","No",""
"51-09-05-08","Fruits- orange, mango, guava, rice paw paw/papaya, pineapple, etc",3,"No","No","No","No","Yes","No","No","No","No","No",""
"51-09-05-08","Meat, poultry, organ meat- goat, sheep, cow, chicken, liver, kidney, intestines",1,"No","No","No","No","Yes","No","No","No","No","No",""
"51-09-05-08","Eggs",1,"Yes","No","No","No","No","No","No","No","No","No",""
"51-09-05-08","Fish and seafood (dried or fresh)- sardines, dagaa/omena",1,"No","No","No","No","Yes","No","No","No","No","No",""
"51-09-05-08","Pulses, legumes, nuts, seeds",1,"No","No","No","No","Yes","No","No","No","No","No",""
"51-09-05-08","Oil/fats- oil, fat, butter, ghee, etc",7,"No","No","No","No","Yes","No","No","No","No","No",""
"51-09-05-08","Sugar and sweets- sugar, honey, sweets, desserts",7,"No","No","No","No","Yes","No","No","No","No","No",""
"51-09-05-08","Miscellaneous- tea, coffee, beverages, condiments, spices",7,"Yes","No","No","No","No","No","No","No","No","No",""
"35-94-61-77","Cereals- rice, maize, chapatti, wheat, sorghum, bread, etc",7,"Yes","No","No","No","Yes","No","No","No","No","No",""
"35-94-61-77","Vegetables- spinach, pumpkin, cabbage, tomato, onion",7,"No","No","No","No","Yes","No","No","No","No","No",""
"35-94-61-77","Oil/fats- oil, fat, butter, ghee, etc",7,"No","No","No","No","Yes","No","No","No","No","No",""
"35-94-61-77","Miscellaneous- tea, coffee, beverages, condiments, spices",7,"No","No","No","No","Yes","No","No","No","No","No",""
"36-72-98-05","Cereals- rice, maize, chapatti, wheat, sorghum, bread, etc",7,"Yes","No","No","No","Yes","No","No","No","No","No",""
"36-72-98-05","Roots and tubers- potato, sweet potato, cassava, arrow roots, cooking banana",4,"Yes","No","No","No","No","No","No","No","No","No",""
"36-72-98-05","Vegetables- spinach, pumpkin, cabbage, tomato, onion",6,"No","No","No","No","Yes","No","No","No","No","No",""
"36-72-98-05","Fruits- orange, mango, guava, rice paw paw/papaya, pineapple, etc",2,"No","No","No","No","Yes","No","No","No","No","No",""
"36-72-98-05","Fish and seafood (dried or fresh)- sardines, dagaa/omena",4,"No","No","No","No","Yes","No","No","No","No","No",""
"36-72-98-05","Pulses, legumes, nuts, seeds",3,"Yes","No","No","No","No","No","No","No","No","No",""
"36-72-98-05","Milk and milk products- fresh, powdered, yogurt, cheese, etc",1,"No","No","No","No","Yes","No","No","No","No","No",""
"40-64-72-16","Cereals- rice, maize, chapatti, wheat, sorghum, bread, etc",7,"No","No","No","No","Yes","No","No","No","No","No",""
"40-64-72-16","Vegetables- spinach, pumpkin, cabbage, tomato, onion",7,"No","No","No","No","Yes","No","No","No","No","No",""
"40-64-72-16","Fish and seafood (dried or fresh)- sardines, dagaa/omena",5,"No","No","No","No","Yes","No","No","No","No","No",""
"40-64-72-16","Oil/fats- oil, fat, butter, ghee, etc",7,"No","No","No","No","Yes","No","No","No","No","No",""
"98-62-02-19","Cereals- rice, maize, chapatti, wheat, sorghum, bread, etc",7,"Yes","No","No","No","No","No","No","No","No","No",""
"98-62-02-19","Roots and tubers- potato, sweet potato, cassava, arrow roots, cooking banana",3,"Yes","No","No","No","No","No","No","No","No","No",""
"98-62-02-19","Vegetables- spinach, pumpkin, cabbage, tomato, onion",4,"No","No","No","No","Yes","No","No","No","No","No",""
"98-62-02-19","Fruits- orange, mango, guava, rice paw paw/papaya, pineapple, etc",2,"No","No","No","No","Yes","No","No","No","No","No",""
"98-62-02-19","Fish and seafood (dried or fresh)- sardines, dagaa/omena",2,"No","No","No","No","Yes","No","No","No","No","No",""
"98-62-02-19","Pulses, legumes, nuts, seeds",3,"No","No","No","No","Yes","No","No","No","No","No",""
"98-62-02-19","Oil/fats- oil, fat, butter, ghee, etc",7,"No","No","No","No","Yes","No","No","No","No","No",""
"98-62-02-19","Sugar and sweets- sugar, honey, sweets, desserts",3,"No","No","No","No","Yes","No","No","No","No","No",""
"98-62-02-19","Miscellaneous- tea, coffee, beverages, condiments, spices",7,"No","No","No","No","Yes","No","No","No","No","No",""
"23-24-36-18","Cereals- rice, maize, chapatti, wheat, sorghum, bread, etc",7,"Yes","No","No","No","Yes","No","No","No","No","No",""
"23-24-36-18","Roots and tubers- potato, sweet potato, cassava, arrow roots, cooking banana",5,"No","No","No","No","Yes","No","No","No","No","No",""
"23-24-36-18","Vegetables- spinach, pumpkin, cabbage, tomato, onion",3,"No","No","No","No","Yes","No","No","No","No","No",""
"23-24-36-18","Fruits- orange, mango, guava, rice paw paw/papaya, pineapple, etc",1,"No","No","No","No","No","No","No","Yes","No","No",""
"23-24-36-18","Fish and seafood (dried or fresh)- sardines, dagaa/omena",3,"No","No","No","No","Yes","No","No","No","No","No",""
"23-24-36-18","Pulses, legumes, nuts, seeds",4,"Yes","No","No","No","No","No","No","No","No","No",""
"23-24-36-18","Sugar and sweets- sugar, honey, sweets, desserts",3,"No","No","No","No","Yes","No","No","No","No","No",""
"23-24-36-18","Miscellaneous- tea, coffee, beverages, condiments, spices",3,"No","No","No","No","Yes","No","No","No","No","No",""
"88-50-89-00","Cereals- rice, maize, chapatti, wheat, sorghum, bread, etc",7,"Yes","No","No","No","No","No","No","No","No","No",""
"88-50-89-00","Vegetables- spinach, pumpkin, cabbage, tomato, onion",5,"No","No","Yes","No","No","No","No","No","No","No",""
"88-50-89-00","Fish and seafood (dried or fresh)- sardines, dagaa/omena",4,"No","Yes","No","No","No","No","No","Yes","No","No",""
"88-50-89-00","Oil/fats- oil, fat, butter, ghee, etc",7,"No","No","No","No","Yes","No","No","No","No","No",""
"25-45-17-13","Cereals- rice, maize, chapatti, wheat, sorghum, bread, etc",7,"Yes","No","No","No","No","No","No","No","No","No",""
"25-45-17-13","Vegetables- spinach, pumpkin, cabbage, tomato, onion",7,"No","No","No","No","Yes","No","No","No","No","No",""
"25-45-17-13","Fish and seafood (dried or fresh)- sardines, dagaa/omena",5,"No","Yes","No","No","No","No","No","No","No","No",""
"25-45-17-13","Oil/fats- oil, fat, butter, ghee, etc",7,"No","No","No","No","Yes","No","No","No","No","No",""
"83-60-66-04","Cereals- rice, maize, chapatti, wheat, sorghum, bread, etc",7,"Yes","No","No","No","Yes","No","No","No","No","No",""
"83-60-66-04","Roots and tubers- potato, sweet potato, cassava, arrow roots, cooking banana",3,"No","No","No","No","Yes","No","No","No","No","No",""
"83-60-66-04","Vegetables- spinach, pumpkin, cabbage, tomato, onion",7,"No","No","No","No","Yes","No","No","No","No","No",""
"83-60-66-04","Fruits- orange, mango, guava, rice paw paw/papaya, pineapple, etc",2,"No","No","No","No","Yes","No","No","No","No","No",""
"83-60-66-04","Fish and seafood (dried or fresh)- sardines, dagaa/omena",3,"No","No","No","No","Yes","No","No","No","No","No",""
"83-60-66-04","Oil/fats- oil, fat, butter, ghee, etc",7,"No","No","No","No","Yes","No","No","No","No","No",""
"20-14-81-13","Cereals- rice, maize, chapatti, wheat, sorghum, bread, etc",7,"Yes","No","No","No","Yes","No","No","No","No","No",""
"20-14-81-13","Roots and tubers- potato, sweet potato, cassava, arrow roots, cooking banana",4,"No","No","No","No","Yes","No","No","No","No","No",""
"20-14-81-13","Vegetables- spinach, pumpkin, cabbage, tomato, onion",5,"No","No","No","No","Yes","No","No","No","No","No",""
"20-14-81-13","Fruits- orange, mango, guava, rice paw paw/papaya, pineapple, etc",2,"No","No","No","No","Yes","No","No","No","No","No",""
"20-14-81-13","Meat, poultry, organ meat- goat, sheep, cow, chicken, liver, kidney, intestines",3,"No","No","No","No","Yes","No","No","No","No","No",""
"20-14-81-13","Fish and seafood (dried or fresh)- sardines, dagaa/omena",2,"No","No","No","No","Yes","No","No","No","No","No",""
"20-14-81-13","Oil/fats- oil, fat, butter, ghee, etc",7,"No","No","No","No","Yes","No","No","No","No","No",""
"20-14-81-13","Sugar and sweets- sugar, honey, sweets, desserts",7,"No","No","No","No","Yes","No","No","No","No","No",""
"20-14-81-13","Miscellaneous- tea, coffee, beverages, condiments, spices",7,"No","No","No","No","Yes","No","No","No","No","No",""
"97-46-80-41","Cereals- rice, maize, chapatti, wheat, sorghum, bread, etc",7,"Yes","No","No","No","No","No","No","No","No","No",""
"97-46-80-41","Roots and tubers- potato, sweet potato, cassava, arrow roots, cooking banana",5,"No","No","No","No","Yes","No","No","No","No","No",""
"97-46-80-41","Vegetables- spinach, pumpkin, cabbage, tomato, onion",7,"No","No","No","No","Yes","No","No","No","No","No",""
"97-46-80-41","Fruits- orange, mango, guava, rice paw paw/papaya, pineapple, etc",3,"No","No","No","No","Yes","No","No","No","No","No",""
"97-46-80-41","Fish and seafood (dried or fresh)- sardines, dagaa/omena",3,"No","No","No","No","Yes","No","No","No","No","No",""
"97-46-80-41","Milk and milk products- fresh, powdered, yogurt, cheese, etc",4,"No","No","No","No","Yes","No","No","No","No","No",""
"97-46-80-41","Oil/fats- oil, fat, butter, ghee, etc",7,"No","No","No","No","Yes","No","No","No","No","No",""
"97-46-80-41","Miscellaneous- tea, coffee, beverages, condiments, spices",3,"No","No","No","No","Yes","No","No","No","No","No",""
"65-11-27-59","Cereals- rice, maize, chapatti, wheat, sorghum, bread, etc",7,"Yes","No","No","No","No","No","No","No","No","No",""
"65-11-27-59","Roots and tubers- potato, sweet potato, cassava, arrow roots, cooking banana",3,"No","No","No","No","Yes","No","No","No","No","No",""
"65-11-27-59","Meat, poultry, organ meat- goat, sheep, cow, chicken, liver, kidney, intestines",2,"No","No","No","No","Yes","No","No","No","No","No",""
"65-11-27-59","Fish and seafood (dried or fresh)- sardines, dagaa/omena",2,"No","No","No","No","Yes","No","No","No","No","No",""
"65-11-27-59","Oil/fats- oil, fat, butter, ghee, etc",7,"No","No","No","No","Yes","No","No","No","No","No",""
"65-11-27-59","Sugar and sweets- sugar, honey, sweets, desserts",7,"No","No","No","No","Yes","No","No","No","No","No",""
"65-11-27-59","Miscellaneous- tea, coffee, beverages, condiments, spices",7,"No","No","No","No","Yes","No","No","No","No","No",""
"88-74-63-20","Cereals- rice, maize, chapatti, wheat, sorghum, bread, etc",7,"Yes","No","No","No","Yes","No","No","No","No","No",""
"88-74-63-20","Roots and tubers- potato, sweet potato, cassava, arrow roots, cooking banana",7,"Yes","No","No","No","No","No","No","No","No","No",""
"88-74-63-20","Vegetables- spinach, pumpkin, cabbage, tomato, onion",7,"No","No","No","No","Yes","No","No","No","No","No",""
"88-74-63-20","Fruits- orange, mango, guava, rice paw paw/papaya, pineapple, etc",3,"No","No","No","No","Yes","No","No","No","No","No",""
"88-74-63-20","Fish and seafood (dried or fresh)- sardines, dagaa/omena",1,"No","No","No","No","Yes","No","No","No","No","No",""
"88-74-63-20","Oil/fats- oil, fat, butter, ghee, etc",7,"No","No","No","No","Yes","No","No","No","No","No",""
"88-74-63-20","Sugar and sweets- sugar, honey, sweets, desserts",7,"No","No","No","No","Yes","No","No","No","No","No",""
"88-74-63-20","Miscellaneous- tea, coffee, beverages, condiments, spices",7,"No","No","No","No","Yes","No","No","No","No","No",""
"74-15-98-92","Cereals- rice, maize, chapatti, wheat, sorghum, bread, etc",7,"Yes","No","No","No","Yes","No","No","No","No","No",""
"74-15-98-92","Roots and tubers- potato, sweet potato, cassava, arrow roots, cooking banana",2,"No","No","No","No","Yes","No","No","No","No","No",""
"74-15-98-92","Vegetables- spinach, pumpkin, cabbage, tomato, onion",3,"No","No","No","No","Yes","No","No","No","No","No",""
"74-15-98-92","Fruits- orange, mango, guava, rice paw paw/papaya, pineapple, etc",2,"No","No","No","No","Yes","No","No","No","No","No",""
"74-15-98-92","Fish and seafood (dried or fresh)- sardines, dagaa/omena",3,"No","No","No","No","Yes","No","No","No","No","No",""
"74-15-98-92","Oil/fats- oil, fat, butter, ghee, etc",7,"No","No","No","No","Yes","No","No","No","No","No",""
"74-15-98-92","Sugar and sweets- sugar, honey, sweets, desserts",7,"No","No","No","No","Yes","No","No","No","No","No",""
"74-15-98-92","Miscellaneous- tea, coffee, beverages, condiments, spices",7,"No","No","No","No","Yes","No","No","No","No","No",""
"53-98-64-81","Cereals- rice, maize, chapatti, wheat, sorghum, bread, etc",7,"No","No","No","No","Yes","No","No","No","No","No",""
"53-98-64-81","Roots and tubers- potato, sweet potato, cassava, arrow roots, cooking banana",3,"No","No","No","No","Yes","No","No","No","No","No",""
"53-98-64-81","Fruits- orange, mango, guava, rice paw paw/papaya, pineapple, etc",1,"No","No","No","No","Yes","No","No","No","No","No",""
"53-98-64-81","Meat, poultry, organ meat- goat, sheep, cow, chicken, liver, kidney, intestines",1,"No","No","No","No","Yes","No","No","No","No","No",""
"53-98-64-81","Pulses, legumes, nuts, seeds",2,"No","No","No","No","Yes","No","No","No","No","No",""
"53-98-64-81","Oil/fats- oil, fat, butter, ghee, etc",7,"No","No","No","No","Yes","No","No","No","No","No",""
"79-94-33-31","Cereals- rice, maize, chapatti, wheat, sorghum, bread, etc",7,"Yes","No","No","No","No","No","No","No","No","No",""
"79-94-33-31","Vegetables- spinach, pumpkin, cabbage, tomato, onion",7,"No","No","No","No","Yes","No","No","No","No","No",""
"79-94-33-31","Fruits- orange, mango, guava, rice paw paw/papaya, pineapple, etc",7,"Yes","No","No","No","No","No","No","No","No","No",""
"79-94-33-31","Meat, poultry, organ meat- goat, sheep, cow, chicken, liver, kidney, intestines",3,"No","No","No","No","Yes","No","No","No","No","No",""
"79-94-33-31","Eggs",1,"No","No","No","No","Yes","No","No","No","No","No",""
"79-94-33-31","Fish and seafood (dried or fresh)- sardines, dagaa/omena",3,"No","No","No","No","Yes","No","No","No","No","No",""
"79-94-33-31","Pulses, legumes, nuts, seeds",4,"No","No","No","No","Yes","No","No","No","No","No",""
"79-94-33-31","Oil/fats- oil, fat, butter, ghee, etc",7,"No","No","No","No","Yes","No","No","No","No","No",""
"79-94-33-31","Sugar and sweets- sugar, honey, sweets, desserts",5,"No","No","No","No","Yes","No","No","No","No","No",""
"79-94-33-31","Miscellaneous- tea, coffee, beverages, condiments, spices",7,"No","No","No","No","Yes","No","No","No","No","No",""
"44-47-90-17","Cereals- rice, maize, chapatti, wheat, sorghum, bread, etc",7,"Yes","No","No","No","Yes","No","No","No","No","No",""
"44-47-90-17","Roots and tubers- potato, sweet potato, cassava, arrow roots, cooking banana",7,"Yes","No","No","No","Yes","No","No","Yes","No","No",""
"44-47-90-17","Vegetables- spinach, pumpkin, cabbage, tomato, onion",5,"No","No","No","No","Yes","No","No","No","No","No",""
"44-47-90-17","Fish and seafood (dried or fresh)- sardines, dagaa/omena",5,"No","No","No","No","Yes","No","No","No","No","No",""
"44-47-90-17","Oil/fats- oil, fat, butter, ghee, etc",7,"No","No","No","No","Yes","No","No","No","No","No",""
"44-47-90-17","Sugar and sweets- sugar, honey, sweets, desserts",7,"No","No","No","No","Yes","No","No","No","No","No",""
"44-47-90-17","Miscellaneous- tea, coffee, beverages, condiments, spices",7,"No","No","No","No","Yes","No","No","No","No","No",""
"29-83-03-47","Cereals- rice, maize, chapatti, wheat, sorghum, bread, etc",7,"Yes","No","No","No","Yes","No","No","No","No","No",""
"29-83-03-47","Roots and tubers- potato, sweet potato, cassava, arrow roots, cooking banana",3,"No","No","No","No","Yes","No","No","No","No","No",""
"29-83-03-47","Vegetables- spinach, pumpkin, cabbage, tomato, onion",6,"No","No","No","No","Yes","No","No","No","No","No",""
"29-83-03-47","Fruits- orange, mango, guava, rice paw paw/papaya, pineapple, etc",4,"No","No","No","No","Yes","No","No","No","No","No",""
"29-83-03-47","Fish and seafood (dried or fresh)- sardines, dagaa/omena",3,"No","No","No","No","Yes","No","No","No","No","No",""
"29-83-03-47","Pulses, legumes, nuts, seeds",1,"No","No","No","No","Yes","No","No","No","No","No",""
"29-83-03-47","Oil/fats- oil, fat, butter, ghee, etc",7,"No","No","No","No","Yes","No","No","No","No","No",""
"29-83-03-47","Sugar and sweets- sugar, honey, sweets, desserts",5,"No","No","No","No","Yes","No","No","No","No","No",""
"29-83-03-47","Miscellaneous- tea, coffee, beverages, condiments, spices",5,"No","No","No","No","Yes","No","No","No","No","No",""
"50-57-96-51","Cereals- rice, maize, chapatti, wheat, sorghum, bread, etc",7,"Yes","No","No","No","Yes","No","No","No","No","No",""
"50-57-96-51","Roots and tubers- potato, sweet potato, cassava, arrow roots, cooking banana",7,"No","No","No","No","Yes","No","No","No","No","No",""
"50-57-96-51","Vegetables- spinach, pumpkin, cabbage, tomato, onion",7,"No","No","No","No","Yes","No","No","Yes","No","No",""
"50-57-96-51","Fish and seafood (dried or fresh)- sardines, dagaa/omena",1,"No","No","No","No","Yes","No","No","No","No","No",""
"55-37-25-70","Cereals- rice, maize, chapatti, wheat, sorghum, bread, etc",7,"No","No","No","No","Yes","No","No","No","No","No",""
"55-37-25-70","Roots and tubers- potato, sweet potato, cassava, arrow roots, cooking banana",2,"No","No","No","No","Yes","No","No","No","No","No",""
"55-37-25-70","Vegetables- spinach, pumpkin, cabbage, tomato, onion",2,"No","No","No","No","Yes","No","No","No","No","No",""
"55-37-25-70","Fruits- orange, mango, guava, rice paw paw/papaya, pineapple, etc",2,"No","No","No","No","No","No","No","Yes","No","No",""
"55-37-25-70","Fish and seafood (dried or fresh)- sardines, dagaa/omena",7,"No","No","No","No","Yes","No","No","No","No","No",""
"55-37-25-70","Pulses, legumes, nuts, seeds",1,"No","No","No","No","Yes","No","No","No","No","No",""
"55-37-25-70","Oil/fats- oil, fat, butter, ghee, etc",7,"Yes","No","No","No","No","No","No","No","No","No",""
"55-37-25-70","Sugar and sweets- sugar, honey, sweets, desserts",7,"Yes","No","No","No","No","No","No","No","No","No",""
"55-37-25-70","Miscellaneous- tea, coffee, beverages, condiments, spices",7,"Yes","No","No","No","No","No","No","No","No","No",""
"71-34-06-10","Cereals- rice, maize, chapatti, wheat, sorghum, bread, etc",7,"Yes","No","No","No","Yes","No","No","No","No","No",""
"71-34-06-10","Roots and tubers- potato, sweet potato, cassava, arrow roots, cooking banana",4,"Yes","No","No","No","No","No","No","No","No","No",""
"71-34-06-10","Vegetables- spinach, pumpkin, cabbage, tomato, onion",2,"Yes","No","No","No","Yes","No","No","No","No","No",""
"71-34-06-10","Pulses, legumes, nuts, seeds",7,"Yes","No","No","No","Yes","No","No","No","No","No",""
"19-06-46-71","Cereals- rice, maize, chapatti, wheat, sorghum, bread, etc",7,"Yes","No","No","No","No","No","No","No","No","No",""
"19-06-46-71","Roots and tubers- potato, sweet potato, cassava, arrow roots, cooking banana",6,"No","No","No","No","No","No","No","Yes","No","No",""
"19-06-46-71","Vegetables- spinach, pumpkin, cabbage, tomato, onion",7,"No","No","Yes","No","No","No","No","No","No","No",""
"19-06-46-71","Fish and seafood (dried or fresh)- sardines, dagaa/omena",5,"No","No","No","No","Yes","No","No","No","No","No",""
"19-06-46-71","Oil/fats- oil, fat, butter, ghee, etc",7,"No","No","No","No","Yes","No","No","No","No","No",""
"38-40-25-06","Cereals- rice, maize, chapatti, wheat, sorghum, bread, etc",7,"No","No","No","No","Yes","No","No","Yes","No","No",""
"38-40-25-06","Roots and tubers- potato, sweet potato, cassava, arrow roots, cooking banana",5,"No","No","No","No","No","No","No","Yes","No","No",""
"38-40-25-06","Vegetables- spinach, pumpkin, cabbage, tomato, onion",4,"No","No","No","No","Yes","No","No","No","No","No",""
"38-40-25-06","Fish and seafood (dried or fresh)- sardines, dagaa/omena",3,"No","No","No","No","Yes","No","No","No","No","No",""
"38-40-25-06","Oil/fats- oil, fat, butter, ghee, etc",7,"No","No","No","No","Yes","No","No","No","No","No",""
"38-40-25-06","Sugar and sweets- sugar, honey, sweets, desserts",7,"No","No","No","No","Yes","No","No","No","No","No",""
"38-40-25-06","Miscellaneous- tea, coffee, beverages, condiments, spices",7,"No","No","No","No","Yes","No","No","No","No","No",""
"01-06-26-91","Cereals- rice, maize, chapatti, wheat, sorghum, bread, etc",7,"Yes","No","No","No","Yes","No","No","No","No","No",""
"01-06-26-91","Roots and tubers- potato, sweet potato, cassava, arrow roots, cooking banana",7,"No","No","No","No","Yes","No","No","No","No","No",""
"01-06-26-91","Vegetables- spinach, pumpkin, cabbage, tomato, onion",7,"No","No","No","No","Yes","No","No","No","No","No",""
"01-06-26-91","Fruits- orange, mango, guava, rice paw paw/papaya, pineapple, etc",3,"No","No","No","No","Yes","No","No","No","No","No",""
"01-06-26-91","Meat, poultry, organ meat- goat, sheep, cow, chicken, liver, kidney, intestines",2,"No","No","No","No","Yes","No","No","No","No","No",""
"01-06-26-91","Fish and seafood (dried or fresh)- sardines, dagaa/omena",2,"No","No","No","No","Yes","No","No","No","No","No",""
"01-06-26-91","Milk and milk products- fresh, powdered, yogurt, cheese, etc",1,"No","No","No","No","Yes","No","No","No","No","No",""
"01-06-26-91","Oil/fats- oil, fat, butter, ghee, etc",7,"No","No","No","No","Yes","No","No","No","No","No",""
"01-06-26-91","Miscellaneous- tea, coffee, beverages, condiments, spices",7,"No","No","No","No","Yes","No","No","No","No","No",""
"58-64-10-38","Cereals- rice, maize, chapatti, wheat, sorghum, bread, etc",7,"Yes","No","No","No","Yes","No","No","No","No","No",""
"58-64-10-38","Roots and tubers- potato, sweet potato, cassava, arrow roots, cooking banana",7,"Yes","No","No","No","Yes","No","No","No","No","No",""
"58-64-10-38","Vegetables- spinach, pumpkin, cabbage, tomato, onion",3,"No","No","No","No","Yes","No","No","No","No","No",""
"58-64-10-38","Fish and seafood (dried or fresh)- sardines, dagaa/omena",1,"No","No","No","No","Yes","No","No","No","No","No",""
"58-64-10-38","Pulses, legumes, nuts, seeds",3,"Yes","No","No","No","Yes","No","No","No","No","No",""
"58-64-10-38","Oil/fats- oil, fat, butter, ghee, etc",7,"No","No","No","No","Yes","No","No","No","No","No",""
"58-64-10-38","Miscellaneous- tea, coffee, beverages, condiments, spices",7,"No","No","No","No","Yes","No","No","No","No","No",""
"13-95-57-54","Cereals- rice, maize, chapatti, wheat, sorghum, bread, etc",7,"Yes","No","No","No","No","No","No","No","No","No",""
"13-95-57-54","Roots and tubers- potato, sweet potato, cassava, arrow roots, cooking banana",4,"No","No","No","No","Yes","No","No","No","No","No",""
"13-95-57-54","Vegetables- spinach, pumpkin, cabbage, tomato, onion",7,"No","No","No","No","Yes","No","No","No","No","No",""
"13-95-57-54","Fruits- orange, mango, guava, rice paw paw/papaya, pineapple, etc",3,"No","No","No","No","No","No","No","Yes","No","No",""
"13-95-57-54","Meat, poultry, organ meat- goat, sheep, cow, chicken, liver, kidney, intestines",1,"No","No","No","No","Yes","No","No","No","No","No",""
"13-95-57-54","Oil/fats- oil, fat, butter, ghee, etc",7,"No","No","No","No","Yes","No","No","No","No","No",""
"13-95-57-54","Sugar and sweets- sugar, honey, sweets, desserts",3,"No","No","No","No","Yes","No","No","No","No","No",""
"13-95-57-54","Miscellaneous- tea, coffee, beverages, condiments, spices",3,"No","No","No","No","Yes","No","No","No","No","No",""
"47-67-62-28","Cereals- rice, maize, chapatti, wheat, sorghum, bread, etc",7,"Yes","No","No","No","Yes","No","No","No","No","No",""
"47-67-62-28","Roots and tubers- potato, sweet potato, cassava, arrow roots, cooking banana",4,"Yes","No","No","No","No","No","No","No","No","No",""
"47-67-62-28","Vegetables- spinach, pumpkin, cabbage, tomato, onion",7,"Yes","No","No","No","Yes","No","No","No","No","No",""
"47-67-62-28","Fruits- orange, mango, guava, rice paw paw/papaya, pineapple, etc",4,"No","No","No","No","Yes","No","No","No","No","No",""
"47-67-62-28","Pulses, legumes, nuts, seeds",3,"No","No","No","No","Yes","No","No","No","No","No",""
"47-67-62-28","Oil/fats- oil, fat, butter, ghee, etc",5,"No","No","No","No","Yes","No","No","No","No","No",""
"47-67-62-28","Sugar and sweets- sugar, honey, sweets, desserts",5,"No","No","No","No","Yes","No","No","No","No","No",""
"47-67-62-28","Miscellaneous- tea, coffee, beverages, condiments, spices",5,"No","No","No","No","Yes","No","No","No","No","No",""
"96-80-22-06","Cereals- rice, maize, chapatti, wheat, sorghum, bread, etc",7,"Yes","No","No","No","Yes","No","No","No","No","No",""
"96-80-22-06","Roots and tubers- potato, sweet potato, cassava, arrow roots, cooking banana",3,"No","No","No","No","Yes","No","No","No","No","No",""
"96-80-22-06","Vegetables- spinach, pumpkin, cabbage, tomato, onion",5,"No","No","No","No","Yes","No","No","No","No","No",""
"96-80-22-06","Meat, poultry, organ meat- goat, sheep, cow, chicken, liver, kidney, intestines",2,"No","No","No","No","Yes","No","No","No","No","No",""
"96-80-22-06","Fish and seafood (dried or fresh)- sardines, dagaa/omena",3,"No","No","No","No","Yes","No","No","No","No","No",""
"96-80-22-06","Pulses, legumes, nuts, seeds",1,"No","No","No","No","Yes","No","No","No","No","No",""
"96-80-22-06","Oil/fats- oil, fat, butter, ghee, etc",7,"No","No","No","No","Yes","No","No","No","No","No",""
"96-80-22-06","Sugar and sweets- sugar, honey, sweets, desserts",3,"No","No","No","No","Yes","No","No","No","No","No",""
"11-11-66-21","Cereals- rice, maize, chapatti, wheat, sorghum, bread, etc",7,"No","No","No","No","Yes","No","No","No","No","No",""
"11-11-66-21","Roots and tubers- potato, sweet potato, cassava, arrow roots, cooking banana",4,"No","No","No","No","Yes","No","No","No","No","No",""
"11-11-66-21","Vegetables- spinach, pumpkin, cabbage, tomato, onion",7,"No","No","No","No","Yes","No","No","No","No","No",""
"11-11-66-21","Fruits- orange, mango, guava, rice paw paw/papaya, pineapple, etc",3,"No","No","No","No","Yes","No","No","No","No","No",""
"11-11-66-21","Fish and seafood (dried or fresh)- sardines, dagaa/omena",3,"Yes","No","No","No","No","No","No","No","No","No",""
"11-11-66-21","Oil/fats- oil, fat, butter, ghee, etc",7,"No","No","No","No","Yes","No","No","No","No","No",""
"62-90-81-91","Cereals- rice, maize, chapatti, wheat, sorghum, bread, etc",7,"Yes","No","No","No","No","No","No","No","No","No",""
"62-90-81-91","Roots and tubers- potato, sweet potato, cassava, arrow roots, cooking banana",7,"No","No","Yes","No","Yes","No","No","Yes","No","No",""
"62-90-81-91","Vegetables- spinach, pumpkin, cabbage, tomato, onion",7,"No","No","No","No","Yes","No","No","No","No","No",""
"62-90-81-91","Fruits- orange, mango, guava, rice paw paw/papaya, pineapple, etc",5,"No","No","Yes","No","No","No","No","No","No","No",""
"62-90-81-91","Fish and seafood (dried or fresh)- sardines, dagaa/omena",3,"No","No","No","No","Yes","No","No","Yes","No","No",""
"62-90-81-91","Oil/fats- oil, fat, butter, ghee, etc",7,"No","No","No","No","Yes","No","No","No","No","No",""
"62-90-81-91","Miscellaneous- tea, coffee, beverages, condiments, spices",7,"No","No","No","No","Yes","No","No","No","No","No",""
"61-58-38-15","Cereals- rice, maize, chapatti, wheat, sorghum, bread, etc",7,"Yes","No","No","No","Yes","No","No","No","No","No",""
"61-58-38-15","Roots and tubers- potato, sweet potato, cassava, arrow roots, cooking banana",5,"No","No","No","No","Yes","No","No","Yes","No","No",""
"61-58-38-15","Vegetables- spinach, pumpkin, cabbage, tomato, onion",3,"No","No","No","No","Yes","No","No","No","No","No",""
"61-58-38-15","Fruits- orange, mango, guava, rice paw paw/papaya, pineapple, etc",2,"No","No","No","No","Yes","No","No","No","No","No",""
"61-58-38-15","Fish and seafood (dried or fresh)- sardines, dagaa/omena",4,"No","No","No","No","Yes","No","No","No","No","No",""
"61-58-38-15","Oil/fats- oil, fat, butter, ghee, etc",7,"No","No","No","No","Yes","No","No","No","No","No",""
"61-58-38-15","Sugar and sweets- sugar, honey, sweets, desserts",7,"No","No","No","No","Yes","No","No","No","No","No",""
"61-58-38-15","Miscellaneous- tea, coffee, beverages, condiments, spices",7,"No","No","No","No","Yes","No","No","No","No","No",""
"60-05-03-82","Cereals- rice, maize, chapatti, wheat, sorghum, bread, etc",7,"No","No","No","No","No","No","No","Yes","No","No",""
"60-05-03-82","Roots and tubers- potato, sweet potato, cassava, arrow roots, cooking banana",7,"No","No","No","No","Yes","No","No","No","No","No",""
"60-05-03-82","Vegetables- spinach, pumpkin, cabbage, tomato, onion",7,"No","No","No","No","Yes","No","No","No","No","No",""
"60-05-03-82","Fish and seafood (dried or fresh)- sardines, dagaa/omena",2,"No","No","No","No","Yes","No","No","No","No","No",""
"60-05-03-82","Oil/fats- oil, fat, butter, ghee, etc",5,"No","No","No","No","Yes","No","No","No","No","No",""
"53-26-53-30","Cereals- rice, maize, chapatti, wheat, sorghum, bread, etc",7,"Yes","No","No","No","Yes","No","No","No","No","No",""
"53-26-53-30","Roots and tubers- potato, sweet potato, cassava, arrow roots, cooking banana",4,"No","No","No","No","Yes","No","No","No","No","No",""
"53-26-53-30","Vegetables- spinach, pumpkin, cabbage, tomato, onion",5,"No","No","No","No","Yes","No","No","No","No","No",""
"53-26-53-30","Fruits- orange, mango, guava, rice paw paw/papaya, pineapple, etc",5,"No","No","No","No","Yes","No","No","No","No","No",""
"53-26-53-30","Meat, poultry, organ meat- goat, sheep, cow, chicken, liver, kidney, intestines",2,"No","No","No","No","Yes","No","No","No","No","No",""
"53-26-53-30","Fish and seafood (dried or fresh)- sardines, dagaa/omena",4,"No","No","No","No","Yes","No","No","No","No","No",""
"53-26-53-30","Oil/fats- oil, fat, butter, ghee, etc",7,"No","No","No","No","Yes","No","No","No","No","No",""
"53-26-53-30","Sugar and sweets- sugar, honey, sweets, desserts",7,"No","No","No","No","Yes","No","No","No","No","No",""
"53-26-53-30","Miscellaneous- tea, coffee, beverages, condiments, spices",7,"No","No","No","No","Yes","No","No","No","No","No",""
"52-64-71-85","Cereals- rice, maize, chapatti, wheat, sorghum, bread, etc",7,"No","No","No","No","Yes","No","No","No","No","No",""
"52-64-71-85","Roots and tubers- potato, sweet potato, cassava, arrow roots, cooking banana",4,"No","No","No","No","Yes","No","No","No","No","No",""
"52-64-71-85","Vegetables- spinach, pumpkin, cabbage, tomato, onion",5,"No","No","No","No","Yes","No","No","No","No","No",""
"52-64-71-85","Fruits- orange, mango, guava, rice paw paw/papaya, pineapple, etc",4,"No","No","No","No","Yes","No","No","No","No","No",""
"52-64-71-85","Eggs",2,"No","No","No","No","Yes","No","No","No","No","No",""
"52-64-71-85","Fish and seafood (dried or fresh)- sardines, dagaa/omena",5,"No","No","No","No","Yes","No","No","No","No","No",""
"52-64-71-85","Pulses, legumes, nuts, seeds",7,"Yes","No","No","No","Yes","No","No","No","No","No",""
"52-64-71-85","Oil/fats- oil, fat, butter, ghee, etc",7,"No","No","No","No","Yes","No","No","No","No","No",""
"52-64-71-85","Sugar and sweets- sugar, honey, sweets, desserts",6,"No","No","No","No","Yes","No","No","No","No","No",""
"52-64-71-85","Miscellaneous- tea, coffee, beverages, condiments, spices",6,"No","No","No","No","Yes","No","No","No","No","No",""
"20-65-75-92","Cereals- rice, maize, chapatti, wheat, sorghum, bread, etc",7,"Yes","No","No","No","Yes","No","No","No","No","No",""
"20-65-75-92","Roots and tubers- potato, sweet potato, cassava, arrow roots, cooking banana",7,"No","No","No","No","Yes","No","No","No","No","No",""
"20-65-75-92","Vegetables- spinach, pumpkin, cabbage, tomato, onion",5,"No","No","No","No","Yes","No","No","No","No","No",""
"20-65-75-92","Fruits- orange, mango, guava, rice paw paw/papaya, pineapple, etc",3,"No","No","No","No","Yes","No","No","No","No","No",""
"20-65-75-92","Fish and seafood (dried or fresh)- sardines, dagaa/omena",3,"No","No","No","No","Yes","No","No","No","No","No",""
"20-65-75-92","Oil/fats- oil, fat, butter, ghee, etc",7,"No","No","No","No","Yes","No","No","No","No","No",""
"20-65-75-92","Miscellaneous- tea, coffee, beverages, condiments, spices",7,"No","No","No","No","Yes","No","No","No","No","No",""
"15-48-45-49","Cereals- rice, maize, chapatti, wheat, sorghum, bread, etc",7,"No","No","No","No","No","No","No","Yes","No","No",""
"15-48-45-49","Vegetables- spinach, pumpkin, cabbage, tomato, onion",6,"No","No","No","No","No","No","No","Yes","No","No",""
"15-48-45-49","Oil/fats- oil, fat, butter, ghee, etc",4,"No","No","No","No","Yes","No","No","Yes","No","No",""
"15-48-45-49","Miscellaneous- tea, coffee, beverages, condiments, spices",7,"No","No","No","No","Yes","No","No","No","No","No",""
"12-80-86-60","Cereals- rice, maize, chapatti, wheat, sorghum, bread, etc",7,"Yes","No","No","No","No","No","No","No","No","No",""
"12-80-86-60","Roots and tubers- potato, sweet potato, cassava, arrow roots, cooking banana",2,"No","No","No","No","Yes","No","No","No","No","No",""
"12-80-86-60","Vegetables- spinach, pumpkin, cabbage, tomato, onion",7,"No","No","No","No","Yes","No","No","No","No","No",""
"12-80-86-60","Oil/fats- oil, fat, butter, ghee, etc",7,"No","No","No","No","Yes","No","No","No","No","No",""
"12-80-86-60","Sugar and sweets- sugar, honey, sweets, desserts",2,"No","No","No","No","Yes","No","No","No","No","No",""
"79-49-70-48","Cereals- rice, maize, chapatti, wheat, sorghum, bread, etc",7,"Yes","No","No","No","Yes","No","No","No","No","No",""
"79-49-70-48","Roots and tubers- potato, sweet potato, cassava, arrow roots, cooking banana",7,"Yes","No","No","No","No","No","No","No","No","No",""
"79-49-70-48","Vegetables- spinach, pumpkin, cabbage, tomato, onion",7,"No","No","No","No","Yes","No","No","No","No","No",""
"79-49-70-48","Fruits- orange, mango, guava, rice paw paw/papaya, pineapple, etc",3,"No","No","No","No","Yes","No","No","No","No","No",""
"79-49-70-48","Fish and seafood (dried or fresh)- sardines, dagaa/omena",7,"No","No","No","No","Yes","No","No","No","No","No",""
"79-49-70-48","Oil/fats- oil, fat, butter, ghee, etc",7,"No","No","No","No","Yes","No","No","No","No","No",""
"79-49-70-48","Sugar and sweets- sugar, honey, sweets, desserts",3,"No","No","No","No","Yes","No","No","No","No","No",""
"79-49-70-48","Miscellaneous- tea, coffee, beverages, condiments, spices",7,"No","No","No","No","Yes","No","No","No","No","No",""
"17-50-60-85","Cereals- rice, maize, chapatti, wheat, sorghum, bread, etc",7,"No","No","No","No","Yes","No","No","No","No","No",""
"17-50-60-85","Roots and tubers- potato, sweet potato, cassava, arrow roots, cooking banana",4,"No","No","No","No","Yes","No","No","No","No","No",""
"17-50-60-85","Vegetables- spinach, pumpkin, cabbage, tomato, onion",5,"No","No","No","No","Yes","No","No","No","No","No",""
"17-50-60-85","Fruits- orange, mango, guava, rice paw paw/papaya, pineapple, etc",4,"No","No","No","No","Yes","No","No","No","No","No",""
"17-50-60-85","Fish and seafood (dried or fresh)- sardines, dagaa/omena",2,"No","No","No","No","Yes","No","No","No","No","No",""
"17-50-60-85","Pulses, legumes, nuts, seeds",2,"No","No","No","No","Yes","No","No","No","No","No",""
"17-50-60-85","Oil/fats- oil, fat, butter, ghee, etc",7,"No","No","No","No","Yes","No","No","No","No","No",""
"17-50-60-85","Sugar and sweets- sugar, honey, sweets, desserts",3,"No","No","No","No","Yes","No","No","No","No","No",""
"17-50-60-85","Miscellaneous- tea, coffee, beverages, condiments, spices",4,"Yes","No","No","No","No","No","No","No","No","No",""
"69-60-70-64","Cereals- rice, maize, chapatti, wheat, sorghum, bread, etc",7,"Yes","No","No","No","Yes","No","No","No","No","No",""
"69-60-70-64","Roots and tubers- potato, sweet potato, cassava, arrow roots, cooking banana",5,"No","No","No","No","Yes","No","No","No","No","No",""
"69-60-70-64","Vegetables- spinach, pumpkin, cabbage, tomato, onion",4,"No","No","No","No","Yes","No","No","No","No","No",""
"69-60-70-64","Fruits- orange, mango, guava, rice paw paw/papaya, pineapple, etc",2,"No","No","No","No","Yes","No","No","No","No","No",""
"69-60-70-64","Fish and seafood (dried or fresh)- sardines, dagaa/omena",5,"No","No","No","No","Yes","No","No","No","No","No",""
"69-60-70-64","Oil/fats- oil, fat, butter, ghee, etc",7,"No","No","No","No","Yes","No","No","No","No","No",""
"69-60-70-64","Sugar and sweets- sugar, honey, sweets, desserts",7,"No","No","No","No","Yes","No","No","No","No","No",""
"69-60-70-64","Miscellaneous- tea, coffee, beverages, condiments, spices",7,"No","No","No","No","Yes","No","No","No","No","No",""
"50-18-09-61","Cereals- rice, maize, chapatti, wheat, sorghum, bread, etc",7,"Yes","No","No","No","Yes","No","No","No","No","No",""
"50-18-09-61","Roots and tubers- potato, sweet potato, cassava, arrow roots, cooking banana",3,"No","No","No","No","Yes","No","No","No","No","No",""
"50-18-09-61","Vegetables- spinach, pumpkin, cabbage, tomato, onion",7,"No","No","No","No","Yes","No","No","No","No","No",""
"50-18-09-61","Fruits- orange, mango, guava, rice paw paw/papaya, pineapple, etc",2,"No","No","No","No","Yes","No","No","No","No","No",""
"50-18-09-61","Fish and seafood (dried or fresh)- sardines, dagaa/omena",3,"No","No","No","No","Yes","No","No","No","No","No",""
"50-18-09-61","Oil/fats- oil, fat, butter, ghee, etc",7,"No","No","No","No","Yes","No","No","No","No","No",""
"50-18-09-61","Sugar and sweets- sugar, honey, sweets, desserts",7,"No","No","No","No","Yes","No","No","No","No","No",""
"50-18-09-61","Miscellaneous- tea, coffee, beverages, condiments, spices",7,"No","No","No","No","Yes","No","No","No","No","No",""
"92-88-71-89","Cereals- rice, maize, chapatti, wheat, sorghum, bread, etc",7,"Yes","No","No","No","No","No","No","No","No","No",""
"92-88-71-89","Roots and tubers- potato, sweet potato, cassava, arrow roots, cooking banana",7,"No","No","No","No","Yes","No","No","No","No","No",""
"92-88-71-89","Vegetables- spinach, pumpkin, cabbage, tomato, onion",7,"No","No","No","No","Yes","No","No","No","No","No",""
"92-88-71-89","Fruits- orange, mango, guava, rice paw paw/papaya, pineapple, etc",2,"No","No","No","No","Yes","No","No","No","No","No",""
"92-88-71-89","Milk and milk products- fresh, powdered, yogurt, cheese, etc",6,"Yes","No","No","No","No","No","No","No","No","No",""
"92-88-71-89","Oil/fats- oil, fat, butter, ghee, etc",7,"No","No","No","No","Yes","No","No","No","No","No",""
"92-88-71-89","Miscellaneous- tea, coffee, beverages, condiments, spices",7,"Yes","No","No","No","No","No","No","No","No","No",""
"63-56-49-05","Cereals- rice, maize, chapatti, wheat, sorghum, bread, etc",7,"Yes","No","No","No","No","No","No","No","No","No",""
"63-56-49-05","Roots and tubers- potato, sweet potato, cassava, arrow roots, cooking banana",7,"No","No","No","No","Yes","No","No","No","No","No",""
"63-56-49-05","Vegetables- spinach, pumpkin, cabbage, tomato, onion",7,"No","No","No","No","No","No","No","Yes","No","No",""
"63-56-49-05","Pulses, legumes, nuts, seeds",1,"No","No","No","No","No","No","No","Yes","No","No",""
"35-15-30-36","Cereals- rice, maize, chapatti, wheat, sorghum, bread, etc",7,"Yes","No","No","No","Yes","No","No","No","No","No",""
"35-15-30-36","Roots and tubers- potato, sweet potato, cassava, arrow roots, cooking banana",7,"No","No","No","No","Yes","No","No","No","No","No",""
"35-15-30-36","Vegetables- spinach, pumpkin, cabbage, tomato, onion",2,"Yes","No","No","No","No","No","No","No","No","No",""
"35-15-30-36","Fish and seafood (dried or fresh)- sardines, dagaa/omena",3,"No","No","No","No","Yes","No","No","No","No","No",""
"35-15-30-36","Pulses, legumes, nuts, seeds",1,"No","No","No","No","Yes","No","No","No","No","No",""
"60-45-66-66","Cereals- rice, maize, chapatti, wheat, sorghum, bread, etc",4,"Yes","No","No","No","No","No","No","No","No","No",""
"60-45-66-66","Roots and tubers- potato, sweet potato, cassava, arrow roots, cooking banana",7,"No","No","No","No","Yes","No","No","No","No","No",""
"60-45-66-66","Vegetables- spinach, pumpkin, cabbage, tomato, onion",2,"No","No","No","No","No","No","No","Yes","No","No",""
"60-45-66-66","Fruits- orange, mango, guava, rice paw paw/papaya, pineapple, etc",3,"Yes","No","No","No","No","No","No","No","No","No",""
"60-45-66-66","Fish and seafood (dried or fresh)- sardines, dagaa/omena",4,"No","No","No","No","Yes","No","No","No","No","No",""
"60-45-66-66","Pulses, legumes, nuts, seeds",2,"No","No","No","No","Yes","No","No","No","No","No",""
"60-45-66-66","Oil/fats- oil, fat, butter, ghee, etc",7,"No","No","No","No","Yes","No","No","No","No","No",""
"60-45-66-66","Sugar and sweets- sugar, honey, sweets, desserts",7,"No","No","No","No","Yes","No","No","No","No","No",""
"60-45-66-66","Miscellaneous- tea, coffee, beverages, condiments, spices",7,"Yes","No","No","No","No","No","No","No","No","No",""
"27-04-54-49","Cereals- rice, maize, chapatti, wheat, sorghum, bread, etc",7,"Yes","No","No","No","No","No","No","No","No","No",""
"27-04-54-49","Roots and tubers- potato, sweet potato, cassava, arrow roots, cooking banana",4,"No","No","Yes","No","No","No","No","No","No","No",""
"27-04-54-49","Vegetables- spinach, pumpkin, cabbage, tomato, onion",3,"No","No","Yes","No","Yes","No","No","No","No","No",""
"27-04-54-49","Fruits- orange, mango, guava, rice paw paw/papaya, pineapple, etc",1,"No","No","Yes","No","No","No","No","No","No","No",""
"27-04-54-49","Meat, poultry, organ meat- goat, sheep, cow, chicken, liver, kidney, intestines",3,"No","No","No","No","Yes","No","No","No","No","No",""
"27-04-54-49","Eggs",2,"No","No","No","No","Yes","No","No","No","No","No",""
"27-04-54-49","Fish and seafood (dried or fresh)- sardines, dagaa/omena",7,"No","No","No","No","Yes","No","No","No","No","No",""
"27-04-54-49","Oil/fats- oil, fat, butter, ghee, etc",7,"Yes","No","No","No","No","No","No","No","No","No",""
"74-33-74-42","Cereals- rice, maize, chapatti, wheat, sorghum, bread, etc",7,"Yes","No","No","No","No","No","No","No","No","No",""
"74-33-74-42","Roots and tubers- potato, sweet potato, cassava, arrow roots, cooking banana",3,"No","No","No","No","Yes","No","No","No","No","No",""
"74-33-74-42","Vegetables- spinach, pumpkin, cabbage, tomato, onion",7,"No","No","No","No","Yes","No","No","No","No","No",""
"74-33-74-42","Fruits- orange, mango, guava, rice paw paw/papaya, pineapple, etc",3,"No","No","No","No","Yes","No","No","No","No","No",""
"74-33-74-42","Milk and milk products- fresh, powdered, yogurt, cheese, etc",6,"No","No","No","No","Yes","No","No","No","No","No",""
"74-33-74-42","Oil/fats- oil, fat, butter, ghee, etc",7,"No","No","No","No","Yes","No","No","No","No","No",""
"74-33-74-42","Sugar and sweets- sugar, honey, sweets, desserts",7,"No","No","No","No","Yes","No","No","No","No","No",""
"62-89-56-95","Cereals- rice, maize, chapatti, wheat, sorghum, bread, etc",7,"Yes","No","No","No","No","No","No","No","No","No",""
"62-89-56-95","Roots and tubers- potato, sweet potato, cassava, arrow roots, cooking banana",5,"Yes","No","No","No","Yes","No","No","No","No","No",""
"62-89-56-95","Vegetables- spinach, pumpkin, cabbage, tomato, onion",7,"Yes","No","No","No","No","No","No","No","No","No",""
"62-89-56-95","Fish and seafood (dried or fresh)- sardines, dagaa/omena",1,"No","No","No","No","Yes","No","No","No","No","No",""
"62-89-56-95","Pulses, legumes, nuts, seeds",5,"Yes","No","No","No","No","No","No","No","No","No",""
"62-89-56-95","Oil/fats- oil, fat, butter, ghee, etc",7,"No","No","No","No","Yes","No","No","No","No","No",""
"62-89-56-95","Miscellaneous- tea, coffee, beverages, condiments, spices",2,"No","No","No","No","Yes","No","No","No","No","No",""
"22-97-51-26","Cereals- rice, maize, chapatti, wheat, sorghum, bread, etc",7,"Yes","No","No","No","Yes","No","No","Yes","No","No",""
"22-97-51-26","Roots and tubers- potato, sweet potato, cassava, arrow roots, cooking banana",7,"Yes","No","No","No","No","No","No","No","No","No",""
"22-97-51-26","Vegetables- spinach, pumpkin, cabbage, tomato, onion",4,"No","No","No","No","Yes","No","No","No","No","No",""
"22-97-51-26","Fruits- orange, mango, guava, rice paw paw/papaya, pineapple, etc",3,"No","No","No","No","Yes","No","No","No","No","No",""
"22-97-51-26","Fish and seafood (dried or fresh)- sardines, dagaa/omena",5,"No","No","No","No","Yes","No","No","No","No","No",""
"22-97-51-26","Oil/fats- oil, fat, butter, ghee, etc",7,"No","No","No","No","Yes","No","No","No","No","No",""
"22-97-51-26","Sugar and sweets- sugar, honey, sweets, desserts",7,"No","No","No","No","Yes","No","No","No","No","No",""
"22-97-51-26","Miscellaneous- tea, coffee, beverages, condiments, spices",7,"No","No","No","No","Yes","No","No","No","No","No",""
"12-39-62-46","Cereals- rice, maize, chapatti, wheat, sorghum, bread, etc",7,"Yes","No","No","No","No","No","No","No","No","No",""
"12-39-62-46","Roots and tubers- potato, sweet potato, cassava, arrow roots, cooking banana",5,"No","No","No","No","Yes","No","No","No","No","No",""
"12-39-62-46","Vegetables- spinach, pumpkin, cabbage, tomato, onion",7,"Yes","No","No","No","Yes","No","No","No","No","No",""
"12-39-62-46","Fruits- orange, mango, guava, rice paw paw/papaya, pineapple, etc",2,"No","No","No","No","Yes","No","No","No","No","No",""
"12-39-62-46","Fish and seafood (dried or fresh)- sardines, dagaa/omena",4,"No","No","No","No","Yes","No","No","No","No","No",""
"12-39-62-46","Oil/fats- oil, fat, butter, ghee, etc",7,"No","No","No","No","Yes","No","No","No","No","No",""
"12-39-62-46","Sugar and sweets- sugar, honey, sweets, desserts",7,"No","No","No","No","Yes","No","No","No","No","No",""
"49-65-69-49","Cereals- rice, maize, chapatti, wheat, sorghum, bread, etc",7,"Yes","No","No","No","No","No","No","No","No","No",""
"49-65-69-49","Roots and tubers- potato, sweet potato, cassava, arrow roots, cooking banana",5,"No","No","No","No","Yes","No","No","No","No","No",""
"49-65-69-49","Vegetables- spinach, pumpkin, cabbage, tomato, onion",6,"No","No","No","No","Yes","No","No","No","No","No",""
"49-65-69-49","Fruits- orange, mango, guava, rice paw paw/papaya, pineapple, etc",2,"No","No","Yes","No","Yes","No","No","No","No","No",""
"49-65-69-49","Fish and seafood (dried or fresh)- sardines, dagaa/omena",5,"No","No","No","No","Yes","No","No","No","No","No",""
"49-65-69-49","Oil/fats- oil, fat, butter, ghee, etc",7,"No","No","No","No","Yes","No","No","No","No","No",""
"49-65-69-49","Miscellaneous- tea, coffee, beverages, condiments, spices",7,"Yes","No","No","No","No","No","No","No","No","No",""
"15-16-01-28","Cereals- rice, maize, chapatti, wheat, sorghum, bread, etc",7,"No","No","No","No","Yes","No","No","No","No","No",""
"15-16-01-28","Roots and tubers- potato, sweet potato, cassava, arrow roots, cooking banana",3,"No","No","No","No","Yes","No","No","No","No","No",""
"15-16-01-28","Vegetables- spinach, pumpkin, cabbage, tomato, onion",6,"No","No","No","No","Yes","No","No","No","No","No",""
"15-16-01-28","Fish and seafood (dried or fresh)- sardines, dagaa/omena",1,"No","No","No","No","Yes","No","No","No","No","No",""
"15-16-01-28","Pulses, legumes, nuts, seeds",5,"Yes","No","No","No","No","No","No","No","No","No",""
"12-72-22-77","Cereals- rice, maize, chapatti, wheat, sorghum, bread, etc",7,"Yes","No","No","No","Yes","No","No","No","No","No",""
"12-72-22-77","Roots and tubers- potato, sweet potato, cassava, arrow roots, cooking banana",4,"Yes","No","No","No","No","No","No","No","No","No",""
"12-72-22-77","Vegetables- spinach, pumpkin, cabbage, tomato, onion",3,"No","No","No","No","Yes","No","No","No","No","No",""
"12-72-22-77","Meat, poultry, organ meat- goat, sheep, cow, chicken, liver, kidney, intestines",1,"No","No","No","No","Yes","No","No","No","No","No",""
"12-72-22-77","Fish and seafood (dried or fresh)- sardines, dagaa/omena",2,"No","No","No","No","Yes","No","No","No","No","No",""
"12-72-22-77","Pulses, legumes, nuts, seeds",1,"No","No","No","No","Yes","No","No","No","No","No",""
"12-72-22-77","Oil/fats- oil, fat, butter, ghee, etc",7,"No","No","No","No","Yes","No","No","No","No","No",""
"12-72-22-77","Sugar and sweets- sugar, honey, sweets, desserts",2,"No","No","No","No","Yes","No","No","No","No","No",""
"12-72-22-77","Miscellaneous- tea, coffee, beverages, condiments, spices",2,"No","No","No","No","Yes","No","No","No","No","No",""
"08-25-51-14","Cereals- rice, maize, chapatti, wheat, sorghum, bread, etc",7,"Yes","No","No","No","Yes","No","No","No","No","No",""
"08-25-51-14","Roots and tubers- potato, sweet potato, cassava, arrow roots, cooking banana",4,"Yes","No","No","No","Yes","No","No","No","No","No",""
"08-25-51-14","Vegetables- spinach, pumpkin, cabbage, tomato, onion",5,"Yes","No","No","No","Yes","No","No","No","No","No",""
"08-25-51-14","Fruits- orange, mango, guava, rice paw paw/papaya, pineapple, etc",3,"Yes","No","No","No","Yes","No","No","No","No","No",""
"08-25-51-14","Meat, poultry, organ meat- goat, sheep, cow, chicken, liver, kidney, intestines",1,"No","No","No","No","Yes","No","No","No","No","No",""
"08-25-51-14","Fish and seafood (dried or fresh)- sardines, dagaa/omena",2,"No","No","No","No","Yes","No","No","No","No","No",""
"08-25-51-14","Pulses, legumes, nuts, seeds",3,"No","No","No","No","Yes","No","No","No","No","No",""
"08-25-51-14","Oil/fats- oil, fat, butter, ghee, etc",7,"No","No","No","No","Yes","No","No","No","No","No",""
"08-25-51-14","Sugar and sweets- sugar, honey, sweets, desserts",7,"No","No","No","No","Yes","No","No","No","No","No",""
"08-25-51-14","Miscellaneous- tea, coffee, beverages, condiments, spices",7,"No","No","No","No","Yes","No","No","No","No","No",""
"32-65-79-67","Cereals- rice, maize, chapatti, wheat, sorghum, bread, etc",7,"Yes","No","No","No","No","No","No","No","No","No",""
"32-65-79-67","Roots and tubers- potato, sweet potato, cassava, arrow roots, cooking banana",3,"Yes","No","No","No","Yes","No","No","No","No","No",""
"32-65-79-67","Vegetables- spinach, pumpkin, cabbage, tomato, onion",3,"Yes","No","No","No","Yes","No","No","No","No","No",""
"32-65-79-67","Fish and seafood (dried or fresh)- sardines, dagaa/omena",2,"No","No","No","No","Yes","No","No","No","No","No",""
"32-65-79-67","Pulses, legumes, nuts, seeds",3,"No","No","No","No","Yes","No","No","No","No","No",""
"32-65-79-67","Oil/fats- oil, fat, butter, ghee, etc",7,"No","No","No","No","Yes","No","No","No","No","No",""
"32-65-79-67","Sugar and sweets- sugar, honey, sweets, desserts",7,"No","No","No","No","Yes","No","No","No","No","No",""
"32-65-79-67","Miscellaneous- tea, coffee, beverages, condiments, spices",7,"No","No","No","No","Yes","No","No","No","No","No",""
"19-38-65-61","Cereals- rice, maize, chapatti, wheat, sorghum, bread, etc",7,"Yes","No","No","No","No","No","No","No","No","No",""
"19-38-65-61","Roots and tubers- potato, sweet potato, cassava, arrow roots, cooking banana",3,"No","No","Yes","No","No","No","No","No","No","No",""
"19-38-65-61","Vegetables- spinach, pumpkin, cabbage, tomato, onion",5,"No","No","No","No","Yes","No","No","No","No","No",""
"19-38-65-61","Meat, poultry, organ meat- goat, sheep, cow, chicken, liver, kidney, intestines",2,"No","No","No","No","Yes","No","No","No","No","No",""
"19-38-65-61","Fish and seafood (dried or fresh)- sardines, dagaa/omena",6,"No","Yes","No","No","No","No","No","No","No","No",""
"19-38-65-61","Milk and milk products- fresh, powdered, yogurt, cheese, etc",1,"No","No","No","No","Yes","No","No","No","No","No",""
"19-38-65-61","Oil/fats- oil, fat, butter, ghee, etc",7,"No","No","No","No","Yes","No","No","No","No","No",""
"17-45-14-15","Cereals- rice, maize, chapatti, wheat, sorghum, bread, etc",7,"Yes","No","No","No","Yes","No","No","Yes","No","No",""
"17-45-14-15","Roots and tubers- potato, sweet potato, cassava, arrow roots, cooking banana",3,"No","No","No","No","Yes","No","No","No","No","No",""
"17-45-14-15","Vegetables- spinach, pumpkin, cabbage, tomato, onion",5,"No","No","No","No","Yes","No","No","No","No","No",""
"17-45-14-15","Fruits- orange, mango, guava, rice paw paw/papaya, pineapple, etc",1,"No","No","No","No","Yes","No","No","No","No","No",""
"17-45-14-15","Fish and seafood (dried or fresh)- sardines, dagaa/omena",2,"No","No","No","No","Yes","No","No","No","No","No",""
"17-45-14-15","Oil/fats- oil, fat, butter, ghee, etc",7,"Yes","No","No","No","No","No","No","No","No","No",""
"17-45-14-15","Sugar and sweets- sugar, honey, sweets, desserts",7,"No","No","No","No","Yes","No","No","No","No","No",""
"17-45-14-15","Miscellaneous- tea, coffee, beverages, condiments, spices",7,"No","No","No","No","Yes","No","No","No","No","No",""
"44-89-53-23","Cereals- rice, maize, chapatti, wheat, sorghum, bread, etc",7,"Yes","No","No","No","No","No","No","No","No","No",""
"44-89-53-23","Roots and tubers- potato, sweet potato, cassava, arrow roots, cooking banana",5,"Yes","No","No","No","No","No","No","No","No","No",""
"44-89-53-23","Vegetables- spinach, pumpkin, cabbage, tomato, onion",7,"No","No","No","No","Yes","No","No","No","No","No",""
"44-89-53-23","Fruits- orange, mango, guava, rice paw paw/papaya, pineapple, etc",2,"No","No","No","No","Yes","No","No","No","No","No",""
"44-89-53-23","Milk and milk products- fresh, powdered, yogurt, cheese, etc",2,"No","No","No","No","Yes","No","No","No","No","No",""
"44-89-53-23","Oil/fats- oil, fat, butter, ghee, etc",7,"No","No","No","No","Yes","No","No","No","No","No",""
"44-89-53-23","Sugar and sweets- sugar, honey, sweets, desserts",1,"No","No","No","No","Yes","No","No","No","No","No",""
"44-89-53-23","Miscellaneous- tea, coffee, beverages, condiments, spices",1,"No","No","No","No","Yes","No","No","No","No","No",""
"18-93-14-98","Cereals- rice, maize, chapatti, wheat, sorghum, bread, etc",7,"Yes","No","No","No","Yes","No","No","No","No","No",""
"18-93-14-98","Roots and tubers- potato, sweet potato, cassava, arrow roots, cooking banana",5,"Yes","No","No","No","Yes","No","No","No","No","No",""
"18-93-14-98","Vegetables- spinach, pumpkin, cabbage, tomato, onion",7,"Yes","No","No","No","No","No","No","No","No","No",""
"18-93-14-98","Meat, poultry, organ meat- goat, sheep, cow, chicken, liver, kidney, intestines",1,"No","No","No","Yes","Yes","No","No","No","No","No",""
"18-93-14-98","Fish and seafood (dried or fresh)- sardines, dagaa/omena",6,"No","No","No","No","Yes","No","No","No","No","No",""
"18-93-14-98","Milk and milk products- fresh, powdered, yogurt, cheese, etc",3,"No","No","No","No","Yes","No","No","No","No","No",""
"18-93-14-98","Oil/fats- oil, fat, butter, ghee, etc",7,"No","No","No","No","Yes","No","No","No","No","No",""
"18-93-14-98","Sugar and sweets- sugar, honey, sweets, desserts",5,"No","No","No","No","Yes","No","No","No","No","No",""
"18-93-14-98","Miscellaneous- tea, coffee, beverages, condiments, spices",5,"Yes","No","No","No","No","No","No","Yes","No","No",""
"55-94-46-33","Cereals- rice, maize, chapatti, wheat, sorghum, bread, etc",7,"Yes","No","No","No","Yes","No","No","No","No","No",""
"55-94-46-33","Roots and tubers- potato, sweet potato, cassava, arrow roots, cooking banana",7,"No","No","No","No","Yes","No","No","No","No","No",""
"55-94-46-33","Vegetables- spinach, pumpkin, cabbage, tomato, onion",7,"No","No","No","No","Yes","No","No","No","No","No",""
"55-94-46-33","Fruits- orange, mango, guava, rice paw paw/papaya, pineapple, etc",3,"No","No","No","No","Yes","No","No","No","No","No",""
"55-94-46-33","Fish and seafood (dried or fresh)- sardines, dagaa/omena",3,"No","No","No","No","Yes","No","No","No","No","No",""
"55-94-46-33","Pulses, legumes, nuts, seeds",4,"No","No","No","No","Yes","No","No","No","No","No",""
"55-94-46-33","Milk and milk products- fresh, powdered, yogurt, cheese, etc",2,"No","No","No","No","Yes","No","No","No","No","No",""
"55-94-46-33","Oil/fats- oil, fat, butter, ghee, etc",7,"No","No","No","No","Yes","No","No","No","No","No",""
"55-94-46-33","Sugar and sweets- sugar, honey, sweets, desserts",7,"No","No","No","No","Yes","No","No","No","No","No",""
"55-94-46-33","Miscellaneous- tea, coffee, beverages, condiments, spices",7,"No","No","No","No","Yes","No","No","No","No","No",""
"34-96-75-45","Cereals- rice, maize, chapatti, wheat, sorghum, bread, etc",7,"Yes","No","No","No","No","No","No","No","No","No",""
"34-96-75-45","Vegetables- spinach, pumpkin, cabbage, tomato, onion",7,"No","No","No","No","Yes","No","No","No","No","No",""
"34-96-75-45","Meat, poultry, organ meat- goat, sheep, cow, chicken, liver, kidney, intestines",1,"No","No","No","No","Yes","No","No","No","No","No",""
"34-96-75-45","Eggs",1,"Yes","No","No","No","No","No","No","No","No","No",""
"34-96-75-45","Fish and seafood (dried or fresh)- sardines, dagaa/omena",2,"No","No","No","No","Yes","No","No","No","No","No",""
"34-96-75-45","Oil/fats- oil, fat, butter, ghee, etc",7,"No","No","No","No","Yes","No","No","No","No","No",""
"34-96-75-45","Sugar and sweets- sugar, honey, sweets, desserts",2,"No","No","No","No","Yes","No","No","No","No","No",""
"34-96-75-45","Miscellaneous- tea, coffee, beverages, condiments, spices",7,"No","No","No","No","Yes","No","No","No","No","No",""
"81-41-37-07","Cereals- rice, maize, chapatti, wheat, sorghum, bread, etc",7,"No","No","No","No","Yes","No","No","No","No","No",""
"81-41-37-07","Roots and tubers- potato, sweet potato, cassava, arrow roots, cooking banana",7,"No","No","No","No","No","No","No","Yes","No","No",""
"81-41-37-07","Vegetables- spinach, pumpkin, cabbage, tomato, onion",5,"No","No","Yes","No","No","No","No","No","No","No",""
"81-41-37-07","Fruits- orange, mango, guava, rice paw paw/papaya, pineapple, etc",2,"Yes","No","No","No","No","No","No","No","No","No",""
"81-41-37-07","Fish and seafood (dried or fresh)- sardines, dagaa/omena",5,"No","No","No","No","No","No","No","Yes","No","No",""
"81-41-37-07","Oil/fats- oil, fat, butter, ghee, etc",7,"No","No","No","No","Yes","No","No","No","No","No",""
"81-12-37-94","Cereals- rice, maize, chapatti, wheat, sorghum, bread, etc",7,"Yes","No","No","No","No","No","No","No","No","No",""
"81-12-37-94","Roots and tubers- potato, sweet potato, cassava, arrow roots, cooking banana",4,"No","No","No","No","Yes","No","No","No","No","No",""
"81-12-37-94","Vegetables- spinach, pumpkin, cabbage, tomato, onion",4,"No","No","No","No","Yes","No","No","No","No","No",""
"81-12-37-94","Pulses, legumes, nuts, seeds",3,"No","No","No","No","Yes","No","No","No","No","No",""
"81-12-37-94","Oil/fats- oil, fat, butter, ghee, etc",7,"No","No","No","No","Yes","No","No","No","No","No",""
"90-10-67-97","Cereals- rice, maize, chapatti, wheat, sorghum, bread, etc",7,"Yes","No","No","No","No","No","No","No","No","No",""
"90-10-67-97","Roots and tubers- potato, sweet potato, cassava, arrow roots, cooking banana",5,"No","No","Yes","No","No","No","No","No","No","No",""
"90-10-67-97","Vegetables- spinach, pumpkin, cabbage, tomato, onion",7,"No","No","Yes","No","Yes","No","No","No","No","No",""
"90-10-67-97","Fish and seafood (dried or fresh)- sardines, dagaa/omena",5,"No","No","No","No","Yes","No","No","No","No","No",""
"42-77-91-16","Cereals- rice, maize, chapatti, wheat, sorghum, bread, etc",7,"Yes","No","No","No","Yes","No","No","No","No","No",""
"42-77-91-16","Roots and tubers- potato, sweet potato, cassava, arrow roots, cooking banana",3,"Yes","No","No","No","No","No","No","No","No","No",""
"42-77-91-16","Vegetables- spinach, pumpkin, cabbage, tomato, onion",5,"Yes","No","No","No","Yes","No","No","No","No","No",""
"42-77-91-16","Fruits- orange, mango, guava, rice paw paw/papaya, pineapple, etc",3,"No","No","No","No","Yes","No","No","No","No","No",""
"42-77-91-16","Meat, poultry, organ meat- goat, sheep, cow, chicken, liver, kidney, intestines",4,"No","No","No","No","Yes","No","No","No","No","No",""
"42-77-91-16","Fish and seafood (dried or fresh)- sardines, dagaa/omena",4,"No","No","No","No","Yes","No","No","No","No","No",""
"42-77-91-16","Milk and milk products- fresh, powdered, yogurt, cheese, etc",7,"No","No","No","No","Yes","No","No","No","No","No",""
"42-77-91-16","Oil/fats- oil, fat, butter, ghee, etc",7,"No","No","No","No","Yes","No","No","No","No","No",""
"42-77-91-16","Sugar and sweets- sugar, honey, sweets, desserts",4,"No","No","No","No","Yes","No","No","No","No","No",""
"42-77-91-16","Miscellaneous- tea, coffee, beverages, condiments, spices",7,"No","No","No","No","Yes","No","No","No","No","No",""
"39-99-71-22","Cereals- rice, maize, chapatti, wheat, sorghum, bread, etc",7,"Yes","No","No","No","Yes","No","No","No","No","No",""
"39-99-71-22","Roots and tubers- potato, sweet potato, cassava, arrow roots, cooking banana",2,"Yes","No","No","No","Yes","No","No","No","No","No",""
"39-99-71-22","Vegetables- spinach, pumpkin, cabbage, tomato, onion",2,"Yes","No","No","No","Yes","No","No","No","No","No",""
"39-99-71-22","Fruits- orange, mango, guava, rice paw paw/papaya, pineapple, etc",1,"No","No","Yes","No","No","No","No","Yes","No","No",""
"39-99-71-22","Meat, poultry, organ meat- goat, sheep, cow, chicken, liver, kidney, intestines",1,"No","No","No","No","Yes","No","No","No","No","No",""
"39-99-71-22","Milk and milk products- fresh, powdered, yogurt, cheese, etc",1,"No","No","No","No","Yes","No","No","No","No","No",""
"39-99-71-22","Oil/fats- oil, fat, butter, ghee, etc",7,"No","No","No","No","Yes","No","No","No","No","No",""
"39-99-71-22","Miscellaneous- tea, coffee, beverages, condiments, spices",5,"Yes","No","No","No","No","No","No","No","No","No",""
"63-27-82-21","Cereals- rice, maize, chapatti, wheat, sorghum, bread, etc",7,"No","No","No","No","Yes","No","No","No","No","No",""
"63-27-82-21","Roots and tubers- potato, sweet potato, cassava, arrow roots, cooking banana",7,"No","No","No","No","Yes","No","No","No","No","No",""
"63-27-82-21","Vegetables- spinach, pumpkin, cabbage, tomato, onion",6,"No","No","No","No","Yes","No","No","No","No","No",""
"63-27-82-21","Fruits- orange, mango, guava, rice paw paw/papaya, pineapple, etc",2,"No","No","No","No","Yes","No","No","No","No","No",""
"63-27-82-21","Fish and seafood (dried or fresh)- sardines, dagaa/omena",4,"No","No","No","No","Yes","No","No","No","No","No",""
"63-27-82-21","Pulses, legumes, nuts, seeds",3,"No","No","No","No","Yes","No","No","No","No","No",""
"63-27-82-21","Oil/fats- oil, fat, butter, ghee, etc",7,"No","No","No","No","Yes","No","No","No","No","No",""
"63-27-82-21","Sugar and sweets- sugar, honey, sweets, desserts",7,"No","No","No","No","Yes","No","No","No","No","No",""
"63-27-82-21","Miscellaneous- tea, coffee, beverages, condiments, spices",7,"No","No","No","No","Yes","No","No","No","No","No",""
"12-57-09-17","Cereals- rice, maize, chapatti, wheat, sorghum, bread, etc",7,"Yes","No","No","No","Yes","No","No","No","No","No",""
"12-57-09-17","Roots and tubers- potato, sweet potato, cassava, arrow roots, cooking banana",3,"No","No","No","No","Yes","No","No","No","No","No",""
"12-57-09-17","Vegetables- spinach, pumpkin, cabbage, tomato, onion",6,"No","No","No","No","Yes","No","No","No","No","No",""
"12-57-09-17","Fruits- orange, mango, guava, rice paw paw/papaya, pineapple, etc",3,"No","No","No","No","Yes","No","No","No","No","No",""
"12-57-09-17","Fish and seafood (dried or fresh)- sardines, dagaa/omena",2,"No","No","No","No","Yes","No","No","No","No","No",""
"12-57-09-17","Oil/fats- oil, fat, butter, ghee, etc",7,"No","No","No","No","Yes","No","No","No","No","No",""
"12-57-09-17","Sugar and sweets- sugar, honey, sweets, desserts",7,"No","No","No","No","Yes","No","No","No","No","No",""
"12-57-09-17","Miscellaneous- tea, coffee, beverages, condiments, spices",7,"No","No","No","No","Yes","No","No","No","No","No",""
"48-80-14-71","Cereals- rice, maize, chapatti, wheat, sorghum, bread, etc",7,"Yes","No","No","No","No","No","No","No","No","No",""
"48-80-14-71","Vegetables- spinach, pumpkin, cabbage, tomato, onion",7,"No","No","No","No","Yes","No","No","No","No","No",""
"48-80-14-71","Fruits- orange, mango, guava, rice paw paw/papaya, pineapple, etc",2,"No","No","No","No","Yes","No","No","No","No","No",""
"48-80-14-71","Fish and seafood (dried or fresh)- sardines, dagaa/omena",3,"No","No","No","No","Yes","No","No","No","No","No",""
"48-80-14-71","Oil/fats- oil, fat, butter, ghee, etc",7,"No","No","No","No","Yes","No","No","No","No","No",""
"20-35-04-67","Cereals- rice, maize, chapatti, wheat, sorghum, bread, etc",7,"Yes","No","No","No","Yes","No","No","No","No","No",""
"20-35-04-67","Roots and tubers- potato, sweet potato, cassava, arrow roots, cooking banana",3,"No","No","No","No","Yes","No","No","No","No","No",""
"20-35-04-67","Vegetables- spinach, pumpkin, cabbage, tomato, onion",4,"No","No","No","No","Yes","No","No","No","No","No",""
"20-35-04-67","Fruits- orange, mango, guava, rice paw paw/papaya, pineapple, etc",2,"No","No","No","No","Yes","No","No","No","No","No",""
"20-35-04-67","Fish and seafood (dried or fresh)- sardines, dagaa/omena",4,"No","No","No","No","Yes","No","No","No","No","No",""
"20-35-04-67","Oil/fats- oil, fat, butter, ghee, etc",7,"No","No","No","No","Yes","No","No","No","No","No",""
"20-35-04-67","Sugar and sweets- sugar, honey, sweets, desserts",7,"No","No","No","No","Yes","No","No","No","No","No",""
"20-35-04-67","Miscellaneous- tea, coffee, beverages, condiments, spices",7,"No","No","No","No","Yes","No","No","No","No","No",""
"66-80-39-89","Cereals- rice, maize, chapatti, wheat, sorghum, bread, etc",7,"Yes","No","No","No","Yes","No","No","No","No","No",""
"66-80-39-89","Roots and tubers- potato, sweet potato, cassava, arrow roots, cooking banana",6,"No","No","No","No","Yes","No","No","No","No","No",""
"66-80-39-89","Vegetables- spinach, pumpkin, cabbage, tomato, onion",7,"No","No","No","No","Yes","No","No","No","No","No",""
"66-80-39-89","Fruits- orange, mango, guava, rice paw paw/papaya, pineapple, etc",4,"No","No","No","No","Yes","No","No","No","No","No",""
"66-80-39-89","Milk and milk products- fresh, powdered, yogurt, cheese, etc",7,"No","No","No","No","Yes","No","No","No","No","No",""
"66-80-39-89","Oil/fats- oil, fat, butter, ghee, etc",7,"No","No","No","No","Yes","No","No","No","No","No",""
"66-80-39-89","Miscellaneous- tea, coffee, beverages, condiments, spices",5,"Yes","No","No","No","No","No","No","No","No","No",""
"65-65-92-08","Cereals- rice, maize, chapatti, wheat, sorghum, bread, etc",7,"Yes","No","No","No","No","No","No","No","No","No",""
"65-65-92-08","Roots and tubers- potato, sweet potato, cassava, arrow roots, cooking banana",5,"Yes","No","No","No","Yes","No","No","No","No","No",""
"65-65-92-08","Vegetables- spinach, pumpkin, cabbage, tomato, onion",4,"Yes","No","No","No","Yes","No","No","No","No","No",""
"65-65-92-08","Fish and seafood (dried or fresh)- sardines, dagaa/omena",2,"No","No","No","No","Yes","No","No","No","No","No",""
"65-65-92-08","Pulses, legumes, nuts, seeds",3,"No","No","No","No","Yes","No","No","No","No","No",""
"65-65-92-08","Oil/fats- oil, fat, butter, ghee, etc",7,"No","No","No","No","Yes","No","No","No","No","No",""
"65-65-92-08","Miscellaneous- tea, coffee, beverages, condiments, spices",7,"No","No","No","No","Yes","No","No","No","No","No",""
"28-72-09-15","Cereals- rice, maize, chapatti, wheat, sorghum, bread, etc",7,"Yes","No","No","No","Yes","No","No","No","No","No",""
"28-72-09-15","Roots and tubers- potato, sweet potato, cassava, arrow roots, cooking banana",7,"Yes","No","No","No","No","No","No","No","No","No",""
"28-72-09-15","Vegetables- spinach, pumpkin, cabbage, tomato, onion",4,"Yes","No","No","No","No","No","No","No","No","No",""
"28-72-09-15","Fruits- orange, mango, guava, rice paw paw/papaya, pineapple, etc",2,"No","No","No","No","No","No","No","Yes","No","No",""
"28-72-09-15","Pulses, legumes, nuts, seeds",5,"Yes","No","No","No","No","No","No","No","No","No",""
"28-72-09-15","Sugar and sweets- sugar, honey, sweets, desserts",2,"No","No","No","No","Yes","No","No","No","No","No",""
"28-72-09-15","Miscellaneous- tea, coffee, beverages, condiments, spices",2,"No","No","No","No","Yes","No","No","No","No","No",""
"93-50-38-85","Cereals- rice, maize, chapatti, wheat, sorghum, bread, etc",7,"Yes","No","No","No","Yes","No","No","No","No","No",""
"93-50-38-85","Roots and tubers- potato, sweet potato, cassava, arrow roots, cooking banana",3,"No","No","No","No","Yes","No","No","No","No","No",""
"93-50-38-85","Vegetables- spinach, pumpkin, cabbage, tomato, onion",7,"No","No","No","No","Yes","No","No","No","No","No",""
"93-50-38-85","Fish and seafood (dried or fresh)- sardines, dagaa/omena",3,"No","No","No","No","Yes","No","No","No","No","No",""
"93-50-38-85","Oil/fats- oil, fat, butter, ghee, etc",7,"No","No","No","No","Yes","No","No","No","No","No",""
"93-50-38-85","Sugar and sweets- sugar, honey, sweets, desserts",4,"No","No","No","No","Yes","No","No","No","No","No",""
"93-50-38-85","Miscellaneous- tea, coffee, beverages, condiments, spices",3,"No","No","No","No","Yes","No","No","No","No","No",""
"54-94-37-06","Cereals- rice, maize, chapatti, wheat, sorghum, bread, etc",7,"No","No","No","No","Yes","No","No","No","No","No",""
"54-94-37-06","Roots and tubers- potato, sweet potato, cassava, arrow roots, cooking banana",7,"No","No","No","No","Yes","No","No","No","No","No",""
"54-94-37-06","Vegetables- spinach, pumpkin, cabbage, tomato, onion",7,"No","No","No","No","Yes","No","No","No","No","No",""
"54-94-37-06","Fruits- orange, mango, guava, rice paw paw/papaya, pineapple, etc",7,"No","No","No","No","Yes","No","No","No","No","No",""
"54-94-37-06","Meat, poultry, organ meat- goat, sheep, cow, chicken, liver, kidney, intestines",3,"No","No","No","No","Yes","No","No","No","No","No",""
"54-94-37-06","Fish and seafood (dried or fresh)- sardines, dagaa/omena",4,"No","No","No","No","Yes","No","No","No","No","No",""
"54-94-37-06","Pulses, legumes, nuts, seeds",2,"No","No","No","No","Yes","No","No","No","No","No",""
"54-94-37-06","Oil/fats- oil, fat, butter, ghee, etc",7,"No","No","No","No","Yes","No","No","No","No","No",""
"54-94-37-06","Sugar and sweets- sugar, honey, sweets, desserts",7,"No","No","No","No","Yes","No","No","No","No","No",""
"54-94-37-06","Miscellaneous- tea, coffee, beverages, condiments, spices",7,"No","No","No","No","Yes","No","No","No","No","No",""
"18-40-54-13","Cereals- rice, maize, chapatti, wheat, sorghum, bread, etc",7,"Yes","No","No","No","Yes","No","No","No","No","No",""
"18-40-54-13","Roots and tubers- potato, sweet potato, cassava, arrow roots, cooking banana",1,"No","No","No","No","No","No","No","Yes","No","No",""
"18-40-54-13","Fish and seafood (dried or fresh)- sardines, dagaa/omena",3,"No","No","No","No","Yes","No","No","No","No","No",""
"18-40-54-13","Pulses, legumes, nuts, seeds",4,"Yes","No","No","No","No","No","No","No","No","No",""
"86-74-30-03","Cereals- rice, maize, chapatti, wheat, sorghum, bread, etc",7,"Yes","No","No","No","Yes","No","No","No","No","No",""
"86-74-30-03","Vegetables- spinach, pumpkin, cabbage, tomato, onion",7,"Yes","No","No","No","No","No","No","No","No","No",""
"86-74-30-03","Meat, poultry, organ meat- goat, sheep, cow, chicken, liver, kidney, intestines",2,"No","No","No","No","Yes","No","No","No","No","No",""
"86-74-30-03","Fish and seafood (dried or fresh)- sardines, dagaa/omena",3,"No","No","No","No","Yes","No","No","No","No","No",""
"86-74-30-03","Oil/fats- oil, fat, butter, ghee, etc",5,"No","No","No","No","Yes","No","No","No","No","No",""
"86-74-30-03","Sugar and sweets- sugar, honey, sweets, desserts",5,"No","No","No","No","Yes","No","No","No","No","No",""
"86-74-30-03","Miscellaneous- tea, coffee, beverages, condiments, spices",7,"Yes","No","No","No","No","No","No","No","No","No",""
"42-16-79-97","Cereals- rice, maize, chapatti, wheat, sorghum, bread, etc",7,"Yes","No","No","No","Yes","No","No","No","No","No",""
"42-16-79-97","Roots and tubers- potato, sweet potato, cassava, arrow roots, cooking banana",7,"Yes","No","No","No","Yes","No","No","No","No","No",""
"42-16-79-97","Vegetables- spinach, pumpkin, cabbage, tomato, onion",7,"No","No","No","No","Yes","No","No","No","No","No",""
"42-16-79-97","Fruits- orange, mango, guava, rice paw paw/papaya, pineapple, etc",3,"Yes","No","No","No","Yes","No","No","No","No","No",""
"42-16-79-97","Fish and seafood (dried or fresh)- sardines, dagaa/omena",4,"No","No","No","No","Yes","No","No","No","No","No",""
"42-16-79-97","Pulses, legumes, nuts, seeds",3,"Yes","No","No","No","Yes","No","No","No","No","No",""
"42-16-79-97","Oil/fats- oil, fat, butter, ghee, etc",7,"No","No","No","No","Yes","No","No","No","No","No",""
"42-16-79-97","Sugar and sweets- sugar, honey, sweets, desserts",2,"No","No","No","No","Yes","No","No","No","No","No",""
"42-16-79-97","Miscellaneous- tea, coffee, beverages, condiments, spices",7,"No","No","No","No","Yes","No","No","No","No","No",""
"40-03-97-68","Cereals- rice, maize, chapatti, wheat, sorghum, bread, etc",7,"Yes","No","No","No","Yes","No","No","No","No","No",""
"40-03-97-68","Roots and tubers- potato, sweet potato, cassava, arrow roots, cooking banana",3,"No","No","No","No","No","No","No","Yes","No","No",""
"40-03-97-68","Vegetables- spinach, pumpkin, cabbage, tomato, onion",6,"No","No","No","No","No","No","No","Yes","No","No",""
"40-03-97-68","Fish and seafood (dried or fresh)- sardines, dagaa/omena",4,"No","No","No","No","Yes","No","No","No","No","No",""
"40-03-97-68","Oil/fats- oil, fat, butter, ghee, etc",7,"No","No","No","No","Yes","No","No","No","No","No",""
"29-78-34-46","Cereals- rice, maize, chapatti, wheat, sorghum, bread, etc",7,"Yes","No","No","No","No","No","No","No","No","No",""
"29-78-34-46","Roots and tubers- potato, sweet potato, cassava, arrow roots, cooking banana",4,"No","No","No","No","Yes","No","No","No","No","No",""
"29-78-34-46","Vegetables- spinach, pumpkin, cabbage, tomato, onion",7,"No","No","No","No","Yes","No","No","No","No","No",""
"29-78-34-46","Eggs",2,"Yes","No","No","No","No","No","No","No","No","No",""
"29-78-34-46","Fish and seafood (dried or fresh)- sardines, dagaa/omena",3,"No","No","No","No","Yes","No","No","No","No","No",""
"29-78-34-46","Pulses, legumes, nuts, seeds",4,"No","No","No","No","Yes","No","No","No","No","No",""
"29-78-34-46","Oil/fats- oil, fat, butter, ghee, etc",7,"No","No","No","No","Yes","No","No","No","No","No",""
"29-78-34-46","Miscellaneous- tea, coffee, beverages, condiments, spices",7,"No","No","No","No","Yes","No","No","No","No","No",""
"80-80-63-46","Cereals- rice, maize, chapatti, wheat, sorghum, bread, etc",7,"Yes","No","No","No","Yes","No","No","No","No","No",""
"80-80-63-46","Roots and tubers- potato, sweet potato, cassava, arrow roots, cooking banana",3,"No","No","No","No","Yes","No","No","No","No","No",""
"80-80-63-46","Vegetables- spinach, pumpkin, cabbage, tomato, onion",5,"No","No","No","No","Yes","No","No","No","No","No",""
"80-80-63-46","Fruits- orange, mango, guava, rice paw paw/papaya, pineapple, etc",3,"No","No","No","No","Yes","No","No","No","No","No",""
"80-80-63-46","Fish and seafood (dried or fresh)- sardines, dagaa/omena",3,"No","No","No","No","Yes","No","No","No","No","No",""
"80-80-63-46","Milk and milk products- fresh, powdered, yogurt, cheese, etc",3,"No","No","No","No","Yes","No","No","No","No","No",""
"80-80-63-46","Oil/fats- oil, fat, butter, ghee, etc",7,"No","No","No","No","Yes","No","No","No","No","No",""
"82-00-06-77","Cereals- rice, maize, chapatti, wheat, sorghum, bread, etc",7,"No","No","No","No","Yes","No","No","No","No","No",""
"82-00-06-77","Roots and tubers- potato, sweet potato, cassava, arrow roots, cooking banana",2,"No","No","No","No","Yes","No","No","No","No","No",""
"82-00-06-77","Vegetables- spinach, pumpkin, cabbage, tomato, onion",3,"No","No","No","No","Yes","No","No","No","No","No",""
"82-00-06-77","Fruits- orange, mango, guava, rice paw paw/papaya, pineapple, etc",4,"No","No","No","No","Yes","No","No","No","No","No",""
"82-00-06-77","Fish and seafood (dried or fresh)- sardines, dagaa/omena",1,"No","No","No","No","Yes","No","No","No","No","No",""
"82-00-06-77","Pulses, legumes, nuts, seeds",2,"No","No","No","No","Yes","No","No","No","No","No",""
"82-00-06-77","Milk and milk products- fresh, powdered, yogurt, cheese, etc",2,"No","No","No","No","Yes","No","No","No","No","No",""
"82-00-06-77","Oil/fats- oil, fat, butter, ghee, etc",7,"No","No","No","No","Yes","No","No","No","No","No",""
"82-00-06-77","Miscellaneous- tea, coffee, beverages, condiments, spices",7,"No","No","No","No","Yes","No","No","No","No","No",""
"39-18-34-69","Cereals- rice, maize, chapatti, wheat, sorghum, bread, etc",7,"Yes","No","No","No","No","No","No","No","No","No",""
"39-18-34-69","Roots and tubers- potato, sweet potato, cassava, arrow roots, cooking banana",1,"No","No","No","No","Yes","No","No","No","No","No",""
"39-18-34-69","Vegetables- spinach, pumpkin, cabbage, tomato, onion",5,"No","No","No","No","Yes","No","No","No","No","No",""
"39-18-34-69","Meat, poultry, organ meat- goat, sheep, cow, chicken, liver, kidney, intestines",2,"No","No","No","No","Yes","No","No","No","No","Yes","on ceremony"
"39-18-34-69","Eggs",1,"No","No","No","No","Yes","No","No","No","No","Yes","on ceremony"
"39-18-34-69","Fish and seafood (dried or fresh)- sardines, dagaa/omena",4,"No","No","No","No","Yes","No","No","No","No","No",""
"39-18-34-69","Milk and milk products- fresh, powdered, yogurt, cheese, etc",1,"No","No","No","No","Yes","No","No","No","No","No",""
"39-18-34-69","Oil/fats- oil, fat, butter, ghee, etc",7,"No","No","No","No","Yes","No","No","No","No","No",""
"39-18-34-69","Sugar and sweets- sugar, honey, sweets, desserts",4,"No","No","No","No","Yes","No","No","No","No","No",""
"06-74-60-98","Cereals- rice, maize, chapatti, wheat, sorghum, bread, etc",7,"Yes","No","No","No","No","No","No","No","No","No",""
"06-74-60-98","Roots and tubers- potato, sweet potato, cassava, arrow roots, cooking banana",3,"No","No","No","No","Yes","No","No","No","No","No",""
"06-74-60-98","Vegetables- spinach, pumpkin, cabbage, tomato, onion",5,"No","No","No","No","Yes","No","No","No","No","No",""
"06-74-60-98","Fish and seafood (dried or fresh)- sardines, dagaa/omena",4,"No","No","No","No","Yes","No","No","No","No","No",""
"06-74-60-98","Oil/fats- oil, fat, butter, ghee, etc",7,"No","No","No","No","Yes","No","No","No","No","No",""
"06-74-60-98","Sugar and sweets- sugar, honey, sweets, desserts",6,"No","No","No","No","Yes","No","No","No","No","No",""
"06-74-60-98","Miscellaneous- tea, coffee, beverages, condiments, spices",6,"No","No","No","No","Yes","No","No","No","No","No",""
"96-59-50-58","Cereals- rice, maize, chapatti, wheat, sorghum, bread, etc",7,"Yes","No","No","No","No","No","No","No","No","No",""
"96-59-50-58","Roots and tubers- potato, sweet potato, cassava, arrow roots, cooking banana",7,"Yes","No","No","No","Yes","No","No","No","No","No",""
"96-59-50-58","Vegetables- spinach, pumpkin, cabbage, tomato, onion",4,"No","No","No","No","Yes","No","No","No","No","No",""
"96-59-50-58","Fish and seafood (dried or fresh)- sardines, dagaa/omena",3,"No","No","No","No","Yes","No","No","No","No","No",""
"96-59-50-58","Pulses, legumes, nuts, seeds",5,"No","No","No","No","Yes","No","No","No","No","No",""
"96-59-50-58","Oil/fats- oil, fat, butter, ghee, etc",7,"No","No","No","No","Yes","No","No","No","No","No",""
"96-59-50-58","Miscellaneous- tea, coffee, beverages, condiments, spices",7,"No","No","No","No","Yes","No","No","No","No","No",""
"31-14-26-53","Cereals- rice, maize, chapatti, wheat, sorghum, bread, etc",7,"Yes","No","No","No","Yes","No","No","No","No","No",""
"31-14-26-53","Roots and tubers- potato, sweet potato, cassava, arrow roots, cooking banana",3,"No","No","No","No","Yes","No","No","No","No","No",""
"31-14-26-53","Vegetables- spinach, pumpkin, cabbage, tomato, onion",4,"No","No","No","No","Yes","No","No","No","No","No",""
"31-14-26-53","Pulses, legumes, nuts, seeds",2,"Yes","No","No","No","Yes","No","No","No","No","No",""
"31-14-26-53","Oil/fats- oil, fat, butter, ghee, etc",7,"No","No","No","No","Yes","No","No","No","No","No",""
"31-14-26-53","Miscellaneous- tea, coffee, beverages, condiments, spices",7,"No","No","No","No","Yes","No","No","No","No","No",""
"96-00-21-83","Cereals- rice, maize, chapatti, wheat, sorghum, bread, etc",7,"Yes","No","No","No","No","No","No","No","No","No",""
"96-00-21-83","Roots and tubers- potato, sweet potato, cassava, arrow roots, cooking banana",5,"No","No","Yes","No","Yes","No","No","No","No","No",""
"96-00-21-83","Vegetables- spinach, pumpkin, cabbage, tomato, onion",2,"No","No","No","No","Yes","No","No","No","No","No",""
"96-00-21-83","Fruits- orange, mango, guava, rice paw paw/papaya, pineapple, etc",2,"No","No","Yes","No","No","No","No","No","No","No",""
"96-00-21-83","Meat, poultry, organ meat- goat, sheep, cow, chicken, liver, kidney, intestines",1,"No","No","No","No","Yes","No","Yes","No","No","No",""
"96-00-21-83","Fish and seafood (dried or fresh)- sardines, dagaa/omena",6,"No","No","No","No","Yes","No","No","No","No","No",""
"96-00-21-83","Oil/fats- oil, fat, butter, ghee, etc",7,"No","No","No","No","Yes","No","No","No","No","No",""
