interview__key,r_members__id,food_special,food_groups__1,food_groups__2,food_groups__3,food_groups__4,food_groups__5,food_groups__6,food_groups__7,food_groups__8,food_groups__9,food_groups__10,food_groups__11,food_groups__12,food_groups__13,food_groups__14,food_groups__15,food_groups__16
"15-76-60-42",1,"No","Yes","Yes","Yes","Yes","Yes","No","No","No","Yes","No","No","Yes","No","Yes","Yes","No"
"15-76-60-42",2,,,,,,,,,,,,,,,,,
"31-41-38-46",1,,,,,,,,,,,,,,,,,
"31-41-38-46",2,"No","Yes","No","Yes","Yes","Yes","No","No","No","No","No","No","No","No","Yes","No","No"
"01-03-25-84",1,"No","Yes","No","Yes","No","Yes","No","No","No","Yes","No","No","No","Yes","Yes","Yes","No"
"31-13-18-39",1,"No","Yes","No","No","No","Yes","No","No","No","No","Yes","No","No","No","No","Yes","Yes"
"49-33-75-72",1,"No","Yes","Yes","Yes","No","Yes","No","No","No","No","Yes","Yes","Yes","No","Yes","No","Yes"
"49-33-75-72",2,"No","Yes","No","Yes","No","Yes","No","No","No","No","Yes","No","No","No","Yes","No","Yes"
"72-79-79-86",1,"No","Yes","No","No","No","Yes","No","No","No","No","No","Yes","No","No","Yes","No","No"
"86-17-23-69",1,"No","Yes","No","No","No","No","No","Yes","No","No","Yes","No","Yes","No","Yes","No","Yes"
"86-17-23-69",2,"No","Yes","No","Yes","No","No","No","Yes","No","No","No","No","No","No","Yes","No","Yes"
"35-55-11-33",1,"No","Yes","No","Yes","No","Yes","No","No","No","No","No","Yes","Yes","No","Yes","No","Yes"
"74-41-75-97",1,"No","Yes","No","Yes","No","No","No","No","No","No","No","No","Yes","No","No","No","No"
"75-64-48-24",1,"No","Yes","Yes","Yes","Yes","Yes","No","No","No","No","No","No","No","Yes","Yes","No","No"
"75-64-48-24",2,"No","Yes","No","Yes","Yes","Yes","No","No","No","No","No","No","No","No","Yes","Yes","No"
"46-90-31-29",1,"No","Yes","No","No","No","Yes","No","No","No","No","No","No","No","No","No","No","Yes"
"32-45-37-94",1,"No","Yes","No","No","No","No","No","No","No","No","No","No","Yes","No","No","No","Yes"
"29-06-99-56",1,"No","Yes","No","Yes","No","No","No","No","No","No","No","No","No","No","No","No","No"
"29-06-99-56",2,"No","Yes","No","Yes","No","No","No","No","No","No","No","No","No","No","No","No","No"
"86-92-94-72",1,"No","Yes","Yes","No","Yes","No","No","No","No","No","No","No","Yes","No","No","No","No"
"95-96-07-01",1,"No","Yes","Yes","Yes","Yes","Yes","No","No","No","No","Yes","Yes","No","No","Yes","Yes","No"
"95-96-07-01",2,"No","Yes","Yes","No","Yes","Yes","No","No","No","Yes","No","No","No","No","Yes","Yes","Yes"
"56-10-42-62",1,"No","Yes","Yes","No","No","No","No","No","No","No","No","No","Yes","No","No","Yes","No"
"56-10-42-62",2,"No","Yes","Yes","No","No","No","No","No","No","No","No","No","Yes","No","No","No","No"
"39-85-42-75",1,"No","Yes","No","Yes","No","No","No","No","No","No","No","No","No","No","Yes","No","No"
"39-85-42-75",2,"No","Yes","No","Yes","No","No","No","No","No","No","No","No","No","No","Yes","No","No"
"51-15-10-63",1,"No","Yes","No","No","No","No","No","No","No","No","No","No","No","Yes","Yes","No","Yes"
"51-15-10-63",2,"No","Yes","No","Yes","No","No","No","No","No","No","No","No","Yes","Yes","Yes","Yes","Yes"
"81-75-45-31",1,"No","Yes","No","Yes","No","Yes","No","No","No","No","Yes","No","Yes","No","Yes","Yes","No"
"81-75-45-31",2,"No","Yes","No","Yes","No","No","Yes","No","No","No","Yes","No","No","No","Yes","Yes","No"
"57-29-61-37",1,"No","Yes","No","Yes","No","No","No","No","No","No","No","Yes","No","No","No","No","No"
"57-29-61-37",2,"No","Yes","Yes","Yes","No","No","No","No","No","No","No","Yes","No","No","No","No","No"
"92-19-38-79",2,"No","Yes","Yes","No","Yes","Yes","No","No","Yes","No","No","No","No","No","Yes","No","Yes"
"92-19-38-79",3,"No","Yes","Yes","No","Yes","Yes","No","No","Yes","No","No","No","No","No","Yes","No","Yes"
"51-61-36-83",1,"No","Yes","No","Yes","No","Yes","No","No","No","No","No","No","Yes","No","Yes","Yes","Yes"
"51-61-36-83",2,"No","Yes","No","Yes","No","Yes","No","No","No","No","No","No","No","No","Yes","Yes","Yes"
"26-90-05-49",1,"No","Yes","Yes","Yes","No","No","No","No","No","No","Yes","No","Yes","No","Yes","Yes","Yes"
"26-90-05-49",4,"No","Yes","Yes","Yes","Yes","No","Yes","Yes","No","Yes","Yes","No","Yes","Yes","Yes","Yes","Yes"
"66-97-67-27",1,"No","Yes","Yes","Yes","No","No","Yes","No","No","No","No","No","Yes","No","No","Yes","Yes"
"66-97-67-27",2,"No","Yes","Yes","Yes","No","No","Yes","No","No","No","No","No","Yes","No","No","Yes","Yes"
"78-48-49-89",1,"No","Yes","No","Yes","No","No","Yes","No","No","No","No","No","No","No","No","No","No"
"78-48-49-89",2,"No","Yes","No","Yes","No","No","Yes","No","No","No","No","No","No","No","No","No","No"
"98-05-66-83",1,"No","Yes","No","Yes","No","No","No","No","No","No","No","No","Yes","No","No","No","No"
"98-05-66-83",2,"No","Yes","No","Yes","No","No","No","No","No","No","No","No","No","No","No","No","Yes"
"78-17-71-31",1,"No","Yes","No","Yes","Yes","No","No","No","No","Yes","No","No","No","No","Yes","No","Yes"
"35-97-55-04",1,"No","Yes","Yes","No","No","Yes","No","No","No","Yes","No","No","Yes","No","Yes","Yes","No"
"35-97-55-04",2,"No","Yes","Yes","No","No","Yes","No","No","No","Yes","No","No","Yes","No","Yes","Yes","No"
"01-00-08-00",1,"No","Yes","Yes","Yes","No","Yes","No","No","No","No","No","No","No","No","Yes","Yes","Yes"
"23-16-40-98",1,"No","Yes","No","Yes","No","Yes","No","No","No","No","No","No","No","No","Yes","Yes","Yes"
"23-16-40-98",2,"No","Yes","No","Yes","No","Yes","No","No","No","Yes","No","Yes","Yes","No","Yes","Yes","Yes"
"33-60-15-24",1,"No","Yes","No","Yes","No","Yes","No","No","No","No","No","No","Yes","No","Yes","Yes","Yes"
"83-29-00-04",1,"Yes","Yes","No","Yes","No","Yes","No","No","No","No","No","No","No","No","No","No","Yes"
"83-29-00-04",2,"No","Yes","No","Yes","No","Yes","No","No","No","No","No","No","Yes","No","No","No","No"
"39-46-43-34",1,"No","Yes","No","Yes","No","No","No","No","No","No","Yes","Yes","Yes","No","No","No","Yes"
"39-46-43-34",3,"No","Yes","No","Yes","No","No","No","No","No","No","Yes","No","Yes","No","No","No","No"
"83-88-85-49",1,"No","Yes","No","Yes","No","Yes","No","No","No","Yes","No","No","Yes","No","Yes","No","No"
"86-33-34-77",1,"No","Yes","No","Yes","No","Yes","No","No","No","No","No","No","Yes","No","Yes","Yes","Yes"
"85-40-54-06",1,"No","Yes","No","Yes","No","Yes","Yes","No","No","No","No","No","No","No","Yes","No","No"
"99-20-43-65",1,"No","Yes","No","Yes","No","Yes","No","No","No","No","No","No","No","Yes","No","No","No"
"84-47-44-08",1,"No","Yes","Yes","Yes","Yes","Yes","No","No","No","No","No","Yes","Yes","No","Yes","Yes","Yes"
"95-71-45-18",2,"No","Yes","No","No","No","Yes","No","No","No","Yes","No","No","Yes","No","Yes","Yes","No"
"43-23-29-59",1,"No","Yes","No","Yes","No","No","No","No","No","No","No","No","No","No","No","No","Yes"
"65-07-52-31",1,"No","Yes","No","Yes","Yes","Yes","No","No","No","No","No","No","Yes","No","Yes","Yes","Yes"
"65-07-52-31",2,"No","Yes","No","Yes","Yes","Yes","No","No","No","Yes","No","No","Yes","No","Yes","Yes","Yes"
"24-72-94-40",1,"No","Yes","No","Yes","No","No","No","No","No","No","No","No","Yes","No","No","No","No"
"24-72-94-40",2,"No","Yes","No","Yes","No","No","No","No","No","No","No","No","Yes","No","No","No","No"
"27-52-71-52",2,"No","Yes","No","Yes","No","Yes","No","No","No","No","No","No","No","Yes","Yes","No","No"
"21-67-72-81",2,"No","Yes","No","Yes","Yes","Yes","No","No","No","No","No","No","No","No","Yes","Yes","Yes"
"21-67-72-81",3,"No","Yes","No","Yes","Yes","Yes","No","No","No","No","No","Yes","Yes","No","Yes","Yes","Yes"
"40-08-15-69",1,"No","Yes","No","Yes","Yes","Yes","No","No","No","Yes","No","No","No","No","Yes","Yes","Yes"
"40-08-15-69",2,"No","Yes","No","Yes","Yes","Yes","No","Yes","No","Yes","No","No","No","No","Yes","Yes","Yes"
"40-09-03-46",1,"No","Yes","No","Yes","Yes","Yes","No","No","No","No","No","No","No","No","No","No","Yes"
"88-78-79-65",1,"No","Yes","No","Yes","No","Yes","No","No","No","No","No","No","Yes","No","Yes","Yes","Yes"
"88-78-79-65",2,"No","Yes","No","Yes","No","Yes","No","No","No","No","No","No","Yes","No","Yes","Yes","Yes"
"72-36-26-24",1,"No","Yes","No","Yes","No","No","No","No","No","No","No","No","No","No","No","No","No"
"07-13-49-69",1,"No","Yes","No","Yes","No","Yes","No","No","No","Yes","No","No","No","No","Yes","Yes","Yes"
"07-13-49-69",2,"No","Yes","No","Yes","Yes","Yes","No","No","No","Yes","No","No","Yes","No","Yes","Yes","Yes"
"02-58-47-09",1,"No","Yes","No","Yes","Yes","Yes","No","No","No","Yes","No","No","No","No","Yes","No","No"
"02-58-47-09",2,"No","Yes","No","Yes","Yes","Yes","No","No","No","Yes","No","No","No","No","Yes","No","No"
"22-68-37-41",1,"No","Yes","No","Yes","No","No","Yes","No","No","No","No","No","Yes","No","Yes","No","Yes"
"22-68-37-41",2,"No","Yes","No","Yes","No","Yes","No","No","No","No","No","No","No","No","No","Yes","Yes"
"75-57-77-41",1,"No","Yes","No","Yes","No","Yes","No","No","No","No","No","No","No","No","No","No","No"
"04-02-68-66",1,"No","Yes","No","Yes","No","Yes","No","No","No","No","No","No","No","No","Yes","No","No"
"04-02-68-66",2,"No","Yes","No","Yes","No","Yes","No","No","No","No","No","No","No","No","Yes","No","No"
"02-25-96-16",2,"No","Yes","No","Yes","No","Yes","No","No","No","No","No","No","No","No","Yes","No","No"
"02-25-96-16",6,"No","Yes","No","Yes","No","Yes","No","No","No","No","No","No","No","No","No","No","No"
"48-71-75-24",1,"No","Yes","No","Yes","Yes","No","No","No","No","Yes","No","No","Yes","No","Yes","Yes","Yes"
"48-71-75-24",2,"No","Yes","No","Yes","Yes","No","No","No","No","No","No","No","Yes","No","Yes","No","No"
"81-80-02-23",1,"No","Yes","No","Yes","No","No","No","Yes","No","Yes","No","No","Yes","No","No","Yes","Yes"
"81-80-02-23",2,"No","Yes","No","Yes","No","No","No","No","No","No","No","No","No","No","Yes","No","No"
"42-14-73-23",1,"No","Yes","No","No","No","Yes","No","No","No","No","No","No","No","No","Yes","No","No"
"42-14-73-23",2,"No","Yes","No","No","No","Yes","No","No","No","No","No","No","No","No","Yes","No","No"
"76-93-41-01",1,"No","Yes","No","Yes","No","Yes","No","No","No","No","No","No","No","No","No","No","No"
"95-12-78-81",1,"No","Yes","No","Yes","No","No","No","Yes","No","No","No","No","Yes","No","Yes","Yes","Yes"
"95-12-78-81",2,"No","Yes","No","Yes","No","No","No","No","No","Yes","No","Yes","Yes","No","Yes","Yes","Yes"
"20-49-21-26",1,"No","Yes","No","Yes","No","No","No","No","No","No","No","Yes","Yes","Yes","Yes","No","No"
"20-49-21-26",2,"No","Yes","No","Yes","No","No","No","No","No","No","No","Yes","Yes","No","Yes","Yes","No"
"93-19-03-86",1,"No","Yes","No","Yes","No","Yes","No","No","No","No","No","No","No","No","Yes","No","No"
"83-16-53-05",1,"No","Yes","Yes","Yes","No","Yes","No","No","No","No","No","No","No","No","Yes","No","Yes"
"83-16-53-05",2,"No","Yes","No","Yes","No","Yes","No","No","No","No","No","No","No","No","Yes","No","Yes"
"96-79-62-23",1,"No","Yes","No","Yes","No","No","No","No","No","No","No","No","Yes","No","Yes","Yes","Yes"
"96-79-62-23",2,"No","Yes","Yes","Yes","No","No","No","No","No","No","No","No","Yes","No","Yes","Yes","Yes"
"45-89-04-52",1,"No","Yes","No","Yes","No","No","No","No","No","No","No","No","No","Yes","Yes","No","No"
"45-89-04-52",2,"No","Yes","No","Yes","No","No","No","No","No","No","No","No","No","Yes","Yes","No","No"
"12-50-51-44",1,"No","Yes","No","Yes","No","No","No","No","No","No","No","No","Yes","No","No","No","No"
"12-50-51-44",2,"No","Yes","No","Yes","No","No","No","No","No","No","No","No","Yes","No","No","No","No"
"64-36-21-26",1,"No","Yes","No","Yes","No","Yes","No","No","No","No","No","Yes","Yes","No","Yes","Yes","Yes"
"64-36-21-26",3,"No","Yes","No","Yes","No","No","No","No","No","No","Yes","No","Yes","No","Yes","Yes","Yes"
"78-84-99-05",1,"No","Yes","No","No","No","Yes","No","No","No","No","No","No","Yes","No","Yes","No","No"
"37-66-37-12",1,"No","Yes","No","Yes","No","Yes","No","No","No","No","No","No","No","No","No","No","Yes"
"37-66-37-12",2,"No","Yes","No","Yes","No","Yes","No","No","No","No","No","No","No","No","Yes","No","No"
"52-54-55-08",1,"No","Yes","No","Yes","No","Yes","No","No","No","No","No","Yes","Yes","No","Yes","Yes","Yes"
"52-54-55-08",2,"No","Yes","No","Yes","Yes","Yes","No","No","No","No","No","Yes","Yes","No","Yes","Yes","Yes"
"32-13-89-08",1,"No","Yes","No","Yes","Yes","No","No","No","No","No","No","No","No","No","No","Yes","Yes"
"32-13-89-08",2,"No","Yes","No","Yes","Yes","No","No","Yes","No","Yes","No","No","No","No","No","No","No"
"85-25-22-09",1,"No","Yes","Yes","Yes","No","No","No","No","No","No","No","No","No","No","No","No","No"
"85-25-22-09",2,"No","Yes","Yes","Yes","No","No","No","No","No","No","No","No","Yes","No","No","No","No"
"72-82-24-11",1,"No","Yes","No","Yes","No","No","No","No","No","No","No","No","Yes","No","No","Yes","Yes"
"72-82-24-11",2,"No","Yes","No","No","No","No","No","No","No","No","No","No","Yes","No","No","Yes","Yes"
"36-18-65-12",1,"No","Yes","Yes","No","Yes","Yes","Yes","No","No","No","No","No","Yes","No","Yes","Yes","Yes"
"42-45-66-86",1,"No","Yes","No","Yes","Yes","Yes","No","No","No","Yes","No","Yes","Yes","No","Yes","Yes","Yes"
"44-14-86-31",1,"No","Yes","Yes","Yes","Yes","No","No","No","No","Yes","Yes","Yes","No","Yes","Yes","Yes","No"
"44-14-86-31",2,"No","Yes","No","Yes","No","Yes","No","No","No","No","No","No","Yes","No","No","No","No"
"84-19-29-35",1,"No","Yes","No","Yes","No","No","No","No","No","No","No","No","Yes","No","No","No","No"
"84-19-29-35",2,"No","Yes","No","Yes","No","No","No","No","No","No","No","No","No","No","No","No","No"
"39-19-67-67",1,"No","Yes","No","Yes","Yes","Yes","No","No","No","No","No","No","Yes","No","Yes","Yes","Yes"
"39-19-67-67",2,"No","Yes","No","Yes","Yes","Yes","No","No","No","No","No","No","Yes","No","Yes","Yes","Yes"
"43-82-97-85",1,"No","Yes","No","Yes","No","No","No","No","No","Yes","No","No","Yes","No","No","Yes","Yes"
"43-82-97-85",2,"No","Yes","No","Yes","No","No","No","No","No","Yes","No","No","Yes","No","No","Yes","Yes"
"91-14-48-53",2,"No","Yes","No","Yes","Yes","Yes","No","No","No","No","No","Yes","Yes","No","Yes","Yes","Yes"
"20-26-28-94",1,"No","Yes","Yes","No","No","Yes","No","No","No","No","No","Yes","No","No","Yes","No","Yes"
"20-26-28-94",2,"No","Yes","Yes","No","No","Yes","No","No","No","No","No","Yes","No","No","Yes","Yes","Yes"
"23-89-23-81",1,"No","Yes","No","Yes","Yes","Yes","No","No","No","No","No","No","Yes","Yes","Yes","Yes","Yes"
"23-89-23-81",2,"No","Yes","No","Yes","Yes","Yes","No","No","No","No","No","No","Yes","No","Yes","Yes","Yes"
"52-40-25-11",1,"No","Yes","No","Yes","No","Yes","No","No","No","No","No","No","Yes","No","No","No","No"
"52-40-25-11",2,"No","Yes","No","Yes","No","Yes","No","No","No","No","No","No","Yes","Yes","Yes","No","No"
"58-44-00-29",1,"No","Yes","No","Yes","No","No","No","No","No","Yes","Yes","No","Yes","No","Yes","Yes","Yes"
"58-44-00-29",2,"No","Yes","No","Yes","No","No","Yes","Yes","No","No","No","No","Yes","Yes","Yes","Yes","Yes"
"94-81-60-01",1,"No","Yes","No","Yes","No","Yes","No","No","No","No","No","No","No","No","Yes","No","No"
"00-76-76-29",1,"No","Yes","Yes","Yes","Yes","Yes","Yes","No","No","Yes","No","No","Yes","No","Yes","Yes","Yes"
"00-76-76-29",2,"No","Yes","Yes","Yes","Yes","Yes","No","No","No","Yes","No","No","Yes","No","Yes","Yes","Yes"
"30-24-92-73",2,"No","Yes","Yes","Yes","No","No","No","No","No","No","No","No","No","No","Yes","No","No"
"23-53-41-46",1,"No","Yes","No","No","No","Yes","No","No","No","No","No","No","Yes","No","Yes","No","No"
"62-55-13-64",1,"No","Yes","No","No","No","No","No","No","No","No","No","No","Yes","No","No","No","No"
"62-55-13-64",2,"No","Yes","No","No","No","No","No","No","No","No","No","No","Yes","No","No","No","No"
"42-85-64-91",1,"No","Yes","No","Yes","No","No","No","No","No","Yes","No","Yes","Yes","No","Yes","Yes","Yes"
"42-85-64-91",2,"No","Yes","No","Yes","No","No","No","No","No","Yes","No","No","Yes","No","Yes","Yes","Yes"
"90-50-65-07",1,"No","Yes","Yes","Yes","Yes","No","No","No","No","Yes","Yes","Yes","No","Yes","Yes","Yes","Yes"
"90-50-65-07",2,"No","Yes","Yes","Yes","Yes","No","No","Yes","No","No","Yes","No","No","No","Yes","No","Yes"
"54-70-24-21",1,"No","Yes","No","Yes","No","Yes","No","No","No","No","No","No","No","No","Yes","No","No"
"54-70-24-21",2,"No","Yes","No","Yes","No","Yes","No","No","No","No","No","No","No","No","Yes","No","No"
"38-66-21-90",1,"No","Yes","No","Yes","Yes","Yes","No","No","No","Yes","No","No","No","Yes","Yes","No","Yes"
"32-53-90-85",2,"No","Yes","No","Yes","Yes","No","No","No","No","No","No","No","Yes","No","Yes","Yes","No"
"67-43-43-96",1,"No","Yes","No","Yes","No","Yes","No","No","No","Yes","No","No","No","No","Yes","No","No"
"67-43-43-96",2,"No","Yes","No","Yes","No","Yes","No","No","No","Yes","No","No","No","No","Yes","No","No"
"30-12-86-30",1,"No","Yes","No","Yes","Yes","No","No","No","No","Yes","No","No","Yes","No","Yes","No","Yes"
"30-12-86-30",2,"No","Yes","No","Yes","No","No","Yes","No","Yes","No","No","No","No","No","Yes","No","Yes"
"18-64-04-51",1,"No","Yes","Yes","Yes","No","Yes","No","No","No","No","No","No","No","No","Yes","No","Yes"
"18-64-04-51",2,"No","Yes","Yes","Yes","No","No","No","No","No","No","No","No","No","No","Yes","No","Yes"
"44-00-42-23",1,"No","Yes","No","Yes","No","No","No","No","No","No","No","No","Yes","No","Yes","No","No"
"44-00-42-23",2,"No","Yes","No","Yes","No","No","No","No","No","No","Yes","No","No","No","Yes","No","No"
"49-30-59-44",2,"No","Yes","No","Yes","No","No","No","No","No","No","No","No","Yes","No","No","Yes","No"
"08-14-33-80",1,"No","Yes","No","Yes","No","No","No","No","No","No","No","No","Yes","No","No","No","No"
"08-14-33-80",2,"No","Yes","No","Yes","No","No","No","No","No","No","No","No","No","No","No","No","No"
"03-68-26-31",1,"No","Yes","No","Yes","No","No","No","No","No","No","No","No","No","No","No","No","Yes"
"76-88-86-20",1,"No","Yes","Yes","No","No","Yes","No","No","No","Yes","Yes","Yes","No","No","Yes","Yes","Yes"
"76-88-86-20",2,"No","Yes","No","No","No","No","No","No","No","Yes","No","No","No","No","No","Yes","Yes"
"41-48-09-97",1,"No","Yes","No","Yes","Yes","No","No","No","No","No","No","No","Yes","No","Yes","No","Yes"
"41-48-09-97",2,"No","Yes","No","Yes","Yes","No","No","No","No","No","No","No","Yes","No","Yes","Yes","Yes"
"21-76-07-53",1,"No","Yes","Yes","Yes","No","Yes","No","No","No","No","No","No","Yes","No","No","Yes","Yes"
"01-41-01-54",1,"No","Yes","No","No","No","No","No","No","No","No","No","No","Yes","No","Yes","Yes","Yes"
"01-41-01-54",2,"No","Yes","No","No","No","No","No","No","No","No","No","No","Yes","No","Yes","Yes","No"
"13-11-49-85",1,"No","Yes","No","No","No","No","No","No","No","Yes","No","No","Yes","No","No","Yes","Yes"
"13-11-49-85",2,"No","Yes","No","No","No","No","No","No","No","Yes","No","No","Yes","No","No","Yes","Yes"
"72-37-75-96",1,"No","Yes","No","Yes","No","Yes","No","No","No","No","No","Yes","No","No","Yes","Yes","Yes"
"72-37-75-96",2,"No","Yes","No","Yes","No","Yes","No","No","No","No","No","No","Yes","No","Yes","No","Yes"
"71-85-96-60",1,"No","Yes","No","Yes","No","No","No","No","No","No","No","No","No","No","No","No","Yes"
"92-03-64-77",1,"No","Yes","No","Yes","No","Yes","No","No","No","Yes","No","No","No","No","Yes","Yes","Yes"
"92-03-64-77",2,"No","Yes","No","Yes","No","Yes","No","No","No","Yes","No","No","No","No","Yes","Yes","Yes"
"33-40-16-02",1,"No","Yes","No","Yes","Yes","Yes","No","No","No","No","No","No","Yes","No","Yes","No","Yes"
"33-40-16-02",2,"No","Yes","No","Yes","No","Yes","No","No","No","No","No","No","Yes","No","Yes","No","Yes"
"55-06-75-57",1,"No","Yes","No","No","Yes","Yes","No","No","No","Yes","No","Yes","No","No","Yes","Yes","Yes"
"55-06-75-57",2,"No","Yes","No","No","Yes","Yes","No","No","No","Yes","No","Yes","No","No","Yes","Yes","Yes"
"01-05-06-43",1,"No","Yes","Yes","Yes","No","No","No","No","No","Yes","No","No","No","No","No","Yes","Yes"
"01-05-06-43",2,"No","Yes","Yes","Yes","No","Yes","No","No","No","Yes","No","No","No","No","No","No","No"
"12-46-80-99",1,"No","Yes","No","Yes","No","Yes","Yes","No","No","Yes","No","No","No","No","Yes","No","No"
"12-46-80-99",2,"No","Yes","No","Yes","No","Yes","No","No","No","No","No","No","No","No","Yes","No","No"
"34-76-42-19",1,"No","Yes","No","Yes","No","Yes","No","No","No","Yes","No","No","No","No","No","No","No"
"62-44-56-00",1,"No","Yes","No","Yes","No","No","No","No","No","No","No","No","No","No","No","Yes","Yes"
"62-44-56-00",2,"No","Yes","No","Yes","No","No","No","No","No","No","No","No","No","No","No","Yes","Yes"
"35-05-05-79",1,"No","Yes","No","Yes","Yes","Yes","Yes","No","Yes","Yes","No","No","Yes","No","Yes","Yes","Yes"
"35-05-05-79",2,"No","Yes","No","Yes","Yes","Yes","No","No","Yes","Yes","No","No","Yes","No","Yes","Yes","Yes"
"00-88-32-67",1,"No","Yes","No","Yes","No","No","No","No","No","Yes","No","No","Yes","No","Yes","Yes","Yes"
"65-77-01-81",1,"No","Yes","No","Yes","No","Yes","No","No","No","No","No","No","No","No","No","No","No"
"65-77-01-81",2,"No","Yes","No","No","No","Yes","No","No","No","Yes","No","No","No","No","Yes","No","No"
"68-46-66-56",1,"No","Yes","No","Yes","No","Yes","No","No","No","No","No","No","No","No","No","Yes","Yes"
"68-46-66-56",2,"No","Yes","No","Yes","No","Yes","No","No","No","No","No","No","No","No","No","Yes","Yes"
"30-46-23-21",1,"No","Yes","No","Yes","No","Yes","No","No","No","No","No","No","No","No","Yes","Yes","No"
"13-17-41-36",1,"No","Yes","No","Yes","No","Yes","No","No","No","Yes","No","No","Yes","No","Yes","Yes","Yes"
"13-17-41-36",3,"No","Yes","Yes","Yes","Yes","Yes","No","No","No","Yes","No","No","Yes","Yes","Yes","Yes","Yes"
"99-55-34-47",1,"No","Yes","No","Yes","No","No","No","No","No","No","No","No","No","No","No","Yes","Yes"
"99-55-34-47",2,"No","Yes","No","Yes","No","No","No","No","No","No","No","No","No","No","No","Yes","Yes"
"82-90-83-43",1,"No","Yes","No","Yes","No","No","No","No","No","No","No","No","No","No","No","Yes","Yes"
"82-90-83-43",2,"No","Yes","No","Yes","No","No","No","No","No","No","No","No","No","No","No","Yes","Yes"
"98-51-51-03",1,"No","Yes","No","Yes","No","No","No","No","No","No","No","No","No","No","Yes","Yes","Yes"
"10-71-84-42",1,"No","Yes","No","Yes","No","Yes","No","No","No","Yes","No","No","Yes","No","Yes","No","No"
"10-71-84-42",2,"No","Yes","No","Yes","No","Yes","No","No","No","Yes","No","No","Yes","No","Yes","No","No"
"49-18-02-61",1,"No","Yes","No","Yes","Yes","No","Yes","No","No","No","No","No","Yes","No","Yes","Yes","Yes"
"58-97-08-64",1,"No","Yes","No","Yes","No","No","No","No","No","No","No","No","No","No","No","No","No"
"58-97-08-64",2,"No","Yes","No","Yes","No","No","No","No","No","No","No","No","No","No","No","No","No"
"61-93-54-26",1,"No","Yes","No","Yes","No","Yes","No","No","No","No","No","No","No","No","Yes","No","Yes"
"51-95-58-91",1,"No","Yes","No","Yes","No","Yes","No","No","No","No","No","Yes","Yes","Yes","Yes","Yes","Yes"
"51-95-58-91",2,"No","Yes","No","Yes","No","Yes","No","No","No","No","No","Yes","Yes","Yes","Yes","Yes","Yes"
"32-49-75-13",1,"No","Yes","No","Yes","Yes","No","No","No","No","Yes","No","Yes","Yes","No","Yes","Yes","Yes"
"32-49-75-13",2,"No","Yes","No","Yes","Yes","No","No","No","No","Yes","No","Yes","Yes","No","Yes","Yes","Yes"
"68-39-51-63",1,"No","Yes","No","Yes","No","Yes","No","No","No","No","No","No","No","No","Yes","No","No"
"46-13-75-58",2,"No","Yes","No","Yes","No","No","No","No","Yes","No","No","No","Yes","No","Yes","Yes","Yes"
"46-13-75-58",3,"No","Yes","No","Yes","No","Yes","No","No","No","No","No","No","No","No","Yes","Yes","No"
"40-78-00-02",1,"No","Yes","No","Yes","Yes","No","No","No","No","No","No","No","Yes","No","Yes","Yes","Yes"
"40-78-00-02",2,"No","Yes","No","Yes","No","Yes","No","Yes","No","Yes","No","No","No","No","Yes","No","No"
"69-63-50-52",1,"No","Yes","No","Yes","No","Yes","No","No","No","Yes","No","Yes","No","No","Yes","Yes","Yes"
"20-96-52-92",1,"No","Yes","Yes","No","No","Yes","No","No","No","No","No","No","Yes","Yes","Yes","No","Yes"
"37-33-23-29",1,"No","Yes","No","Yes","No","No","No","No","No","No","No","Yes","Yes","No","Yes","Yes","Yes"
"37-33-23-29",2,"No","Yes","Yes","Yes","No","Yes","No","No","No","No","No","No","Yes","No","Yes","Yes","Yes"
"55-09-60-79",1,"No","Yes","No","Yes","Yes","Yes","No","No","No","No","No","Yes","Yes","No","Yes","No","Yes"
"13-88-02-80",1,"No","Yes","No","Yes","No","No","No","No","No","No","No","No","Yes","No","Yes","Yes","Yes"
"50-55-09-07",1,"No","Yes","No","No","No","No","No","No","No","No","No","No","No","No","No","No","No"
"85-93-95-50",1,"No","Yes","No","Yes","No","No","No","No","No","No","No","No","Yes","Yes","No","No","No"
"85-93-95-50",2,"No","Yes","No","No","No","No","No","No","No","No","No","No","Yes","Yes","No","No","No"
"97-19-27-00",1,"No","Yes","No","Yes","No","Yes","No","No","No","No","No","No","Yes","No","Yes","No","Yes"
"97-19-27-00",2,"No","Yes","No","No","No","Yes","No","No","No","No","No","Yes","No","No","Yes","Yes","Yes"
"60-48-30-05",1,"No","Yes","No","Yes","No","Yes","No","No","No","No","No","No","No","No","No","No","No"
"80-01-40-08",1,"No","Yes","No","Yes","No","Yes","No","No","No","No","No","Yes","No","No","No","No","No"
"29-52-09-79",1,"No","Yes","No","Yes","No","Yes","No","No","No","No","No","No","No","No","Yes","No","No"
"29-52-09-79",5,"No","Yes","No","Yes","No","Yes","No","No","No","No","No","No","No","No","Yes","No","Yes"
"07-76-06-35",1,"No","Yes","No","Yes","No","Yes","No","No","No","No","No","No","No","No","Yes","No","Yes"
"07-76-06-35",2,"No","Yes","No","Yes","No","Yes","No","No","Yes","No","No","Yes","Yes","No","Yes","No","Yes"
"73-75-27-37",1,"No","Yes","No","Yes","Yes","Yes","No","No","No","Yes","No","No","Yes","No","Yes","No","Yes"
"73-75-27-37",2,"No","Yes","No","Yes","Yes","Yes","No","No","No","Yes","No","No","Yes","No","Yes","Yes","Yes"
"99-26-76-45",1,"No","Yes","No","Yes","No","No","No","No","No","No","No","No","No","No","Yes","No","Yes"
"91-46-41-86",2,"No","Yes","No","Yes","No","Yes","No","No","No","No","No","No","Yes","No","Yes","No","No"
"91-46-41-86",4,"No","Yes","No","Yes","No","Yes","No","No","No","No","No","No","Yes","No","Yes","No","No"
"67-86-22-06",1,"No","Yes","No","Yes","No","Yes","No","No","No","No","No","No","No","No","Yes","No","No"
"98-64-51-77",1,"No","Yes","No","Yes","No","No","No","Yes","No","No","Yes","No","No","No","Yes","No","No"
"83-59-27-80",1,"No","Yes","No","Yes","No","Yes","No","No","No","No","No","No","No","No","Yes","No","No"
"83-59-27-80",2,"No","Yes","No","Yes","No","Yes","No","No","No","No","No","No","No","No","Yes","No","No"
"12-54-62-85",1,"No","Yes","No","Yes","Yes","Yes","No","No","No","No","No","Yes","No","No","Yes","Yes","Yes"
"47-32-93-31",1,"No","Yes","No","Yes","No","No","No","No","No","No","No","No","Yes","No","Yes","No","Yes"
"45-06-90-36",1,"No","Yes","No","Yes","Yes","Yes","No","No","No","No","No","No","No","No","No","No","No"
"45-06-90-36",2,"No","Yes","Yes","Yes","Yes","Yes","No","No","No","No","No","No","No","No","No","No","No"
"24-42-82-26",1,"No","Yes","No","Yes","Yes","Yes","No","No","No","Yes","No","No","Yes","No","Yes","Yes","Yes"
"24-42-82-26",2,"No","Yes","No","Yes","Yes","Yes","No","No","No","Yes","No","No","Yes","No","Yes","Yes","Yes"
"22-27-70-86",1,"No","Yes","No","Yes","No","No","No","No","No","No","No","Yes","No","No","Yes","Yes","Yes"
"22-27-70-86",2,"No","Yes","No","Yes","No","Yes","Yes","No","Yes","Yes","Yes","No","No","No","No","No","No"
"04-24-78-04",1,"No","Yes","No","Yes","No","Yes","No","No","No","No","No","Yes","No","No","Yes","No","Yes"
"83-44-01-42",1,"No","Yes","No","Yes","No","Yes","No","No","No","Yes","No","No","Yes","No","Yes","No","Yes"
"83-44-01-42",2,"No","Yes","No","Yes","No","Yes","No","No","No","Yes","No","No","Yes","No","No","No","Yes"
"55-32-62-10",1,"No","Yes","No","No","No","Yes","No","No","No","No","No","Yes","Yes","No","Yes","Yes","Yes"
"55-32-62-10",2,"No","Yes","No","Yes","No","Yes","No","No","No","No","No","No","No","No","No","Yes","Yes"
"16-97-28-87",1,"No","Yes","No","Yes","Yes","Yes","No","No","No","No","No","No","Yes","No","Yes","Yes","Yes"
"79-79-53-26",1,"No","Yes","No","Yes","No","Yes","No","No","No","No","No","No","No","No","Yes","No","Yes"
"79-79-53-26",2,"No","Yes","No","Yes","No","Yes","No","No","No","No","No","No","No","No","Yes","No","Yes"
"86-05-40-89",1,"No","Yes","No","Yes","No","Yes","No","No","No","No","No","No","No","No","Yes","No","Yes"
"06-02-25-50",1,"No","Yes","No","Yes","No","No","No","Yes","No","No","No","Yes","Yes","No","Yes","No","Yes"
"07-64-12-97",1,"No","Yes","No","Yes","No","Yes","No","No","No","No","No","No","Yes","No","Yes","No","No"
"67-73-53-75",1,"No","Yes","No","Yes","No","Yes","No","No","No","Yes","No","No","No","Yes","Yes","No","Yes"
"67-73-53-75",2,"No","Yes","No","Yes","No","No","No","No","No","Yes","No","No","Yes","No","Yes","No","Yes"
"96-07-74-28",1,"No","Yes","No","Yes","No","No","No","No","No","Yes","No","Yes","Yes","No","Yes","No","Yes"
"96-07-74-28",2,"No","Yes","No","Yes","No","Yes","No","No","No","No","No","Yes","No","No","Yes","No","No"
"13-42-68-56",1,"No","Yes","Yes","Yes","Yes","Yes","No","No","No","No","Yes","No","Yes","No","Yes","Yes","Yes"
"78-89-03-74",1,"No","Yes","No","Yes","No","No","Yes","No","No","No","No","Yes","No","No","Yes","Yes","Yes"
"78-89-03-74",2,"No","Yes","No","Yes","Yes","No","No","No","No","No","No","No","No","No","Yes","Yes","Yes"
"29-15-86-87",1,"No","Yes","Yes","Yes","No","Yes","No","No","No","No","No","No","No","No","Yes","Yes","Yes"
"29-15-86-87",2,"No","Yes","Yes","Yes","No","Yes","No","No","No","No","No","No","No","No","Yes","Yes","Yes"
"83-15-50-69",1,"No","Yes","No","Yes","No","Yes","No","No","No","No","No","Yes","No","No","Yes","Yes","Yes"
"96-73-61-56",1,"No","Yes","No","Yes","No","Yes","No","No","No","No","No","Yes","No","No","Yes","Yes","Yes"
"96-73-61-56",2,"No","Yes","No","Yes","No","Yes","No","No","No","No","No","Yes","No","No","Yes","Yes","Yes"
"68-46-53-43",1,"No","Yes","No","Yes","No","Yes","No","No","No","No","No","No","No","No","Yes","No","No"
"68-46-53-43",2,"No","Yes","No","Yes","No","Yes","No","No","No","No","No","No","No","No","Yes","No","No"
"65-84-91-55",1,"No","Yes","No","Yes","No","No","No","No","No","No","No","No","Yes","No","Yes","No","Yes"
"79-25-63-35",1,"No","Yes","No","Yes","No","Yes","No","No","No","No","No","No","No","No","Yes","No","No"
"80-29-04-22",1,"No","Yes","Yes","Yes","No","Yes","No","No","No","No","No","No","No","No","Yes","No","No"
"80-29-04-22",2,"No","Yes","No","Yes","No","Yes","No","No","No","No","No","No","No","No","Yes","No","No"
"15-34-92-71",1,"No","Yes","No","Yes","No","Yes","No","No","No","No","No","No","Yes","No","Yes","No","No"
"28-29-76-59",1,"No","Yes","Yes","Yes","Yes","No","No","No","No","No","No","No","Yes","No","Yes","Yes","Yes"
"28-29-76-59",2,"No","Yes","Yes","Yes","Yes","Yes","No","No","No","No","No","No","No","No","Yes","Yes","Yes"
"26-01-09-21",1,"No","Yes","No","Yes","No","Yes","No","No","No","No","No","No","No","No","Yes","No","Yes"
"26-01-09-21",2,"No","Yes","No","Yes","No","Yes","No","No","No","No","No","No","No","No","Yes","No","Yes"
"29-37-06-51",1,"No","Yes","Yes","No","Yes","Yes","No","No","No","No","No","No","Yes","No","No","No","Yes"
"29-37-06-51",2,"No","Yes","Yes","No","Yes","Yes","No","No","No","No","No","No","Yes","No","No","No","Yes"
"81-06-47-80",1,"No","Yes","No","Yes","Yes","Yes","No","No","No","No","No","No","No","No","Yes","No","Yes"
"65-79-07-96",1,"No","Yes","No","Yes","No","Yes","No","No","No","No","No","No","Yes","No","Yes","No","No"
"65-79-07-96",2,"No","No","No","No","No","No","No","No","No","Yes","No","No","No","No","Yes","No","Yes"
"10-31-70-66",1,"No","Yes","No","Yes","No","Yes","No","No","No","No","No","No","No","No","Yes","No","No"
"10-31-70-66",2,"No","Yes","No","Yes","No","Yes","No","No","No","No","No","No","No","No","Yes","No","No"
"32-61-55-41",1,"No","Yes","No","Yes","No","No","No","No","No","No","No","No","No","No","Yes","No","No"
"32-61-55-41",2,"No","Yes","No","Yes","No","No","No","No","No","No","No","No","No","No","Yes","No","No"
"33-65-05-28",1,"No","Yes","No","Yes","No","Yes","No","No","No","No","No","No","Yes","No","Yes","Yes","Yes"
"33-65-05-28",2,"No","Yes","No","Yes","No","Yes","No","No","No","No","No","No","Yes","No","Yes","Yes","Yes"
"37-31-29-27",1,"No","Yes","No","Yes","No","Yes","No","No","No","No","No","No","No","No","Yes","No","No"
"37-31-29-27",2,"No","Yes","No","Yes","No","Yes","No","No","No","No","No","No","No","No","Yes","No","No"
"13-98-20-22",1,"No","Yes","Yes","Yes","Yes","Yes","No","No","No","No","No","No","No","No","Yes","Yes","Yes"
"04-80-94-39",1,"No","Yes","No","Yes","Yes","Yes","No","No","No","No","No","No","No","No","Yes","Yes","Yes"
"04-80-94-39",2,"No","Yes","No","Yes","Yes","Yes","No","No","No","No","No","No","No","No","Yes","Yes","Yes"
"28-75-01-80",1,"No","Yes","No","Yes","No","Yes","No","No","No","No","No","No","No","No","Yes","No","No"
"28-75-01-80",2,"No","Yes","No","Yes","No","Yes","No","No","No","No","No","No","No","No","Yes","No","No"
"30-19-51-31",1,"No","Yes","No","Yes","No","Yes","No","No","No","No","No","No","No","No","No","No","Yes"
"30-19-51-31",2,"No","Yes","No","Yes","No","Yes","No","No","No","No","No","No","No","No","No","No","No"
"29-29-81-12",1,"No","Yes","No","Yes","No","Yes","No","No","No","No","No","No","No","No","Yes","Yes","Yes"
"83-66-69-06",1,"No","Yes","No","Yes","No","Yes","No","No","No","No","No","No","No","No","No","No","No"
"26-43-59-91",1,"No","Yes","No","Yes","No","Yes","No","No","No","No","No","Yes","No","No","Yes","No","No"
"26-43-59-91",2,"No","Yes","No","Yes","No","Yes","No","No","No","Yes","No","No","No","No","No","No","No"
"97-96-91-38",1,"No","Yes","No","Yes","No","Yes","No","No","No","No","No","Yes","No","No","Yes","No","Yes"
"97-96-91-38",2,"No","Yes","No","Yes","No","No","No","No","No","No","No","No","No","No","Yes","No","Yes"
"27-34-90-31",1,"No","Yes","No","Yes","Yes","No","No","No","No","No","No","Yes","No","No","Yes","No","Yes"
"23-72-17-40",1,"No","Yes","No","Yes","Yes","Yes","No","No","No","No","No","No","No","No","No","No","No"
"23-72-17-40",2,"No","Yes","No","Yes","Yes","Yes","No","No","No","Yes","No","No","No","No","Yes","Yes","Yes"
"39-58-22-39",1,"No","Yes","No","Yes","No","Yes","No","No","No","No","No","No","Yes","No","Yes","No","Yes"
"39-58-22-39",2,"No","Yes","No","Yes","No","Yes","No","No","No","No","No","No","Yes","No","Yes","Yes","Yes"
"97-79-33-71",1,"No","Yes","Yes","Yes","Yes","Yes","No","No","No","Yes","No","Yes","No","Yes","Yes","No","Yes"
"69-57-31-01",1,"No","Yes","No","Yes","No","Yes","No","No","No","No","No","No","Yes","No","Yes","Yes","Yes"
"69-57-31-01",2,"No","Yes","No","Yes","No","Yes","No","No","No","No","No","No","Yes","No","Yes","No","Yes"
"60-54-64-58",1,"No","Yes","Yes","No","No","Yes","No","No","No","No","No","Yes","Yes","Yes","Yes","No","Yes"
"60-54-64-58",2,"No","Yes","Yes","No","No","Yes","No","No","No","No","No","Yes","Yes","No","Yes","Yes","Yes"
"89-99-48-67",1,"No","Yes","No","Yes","No","No","No","No","No","Yes","No","No","Yes","No","No","Yes","Yes"
"89-99-48-67",2,"No","Yes","No","Yes","No","No","No","No","No","Yes","No","No","Yes","No","No","Yes","Yes"
"44-61-50-65",1,"No","Yes","No","Yes","No","No","No","No","No","No","No","No","No","No","No","Yes","Yes"
"12-80-78-48",1,"No","Yes","No","No","No","No","No","No","No","No","No","Yes","Yes","No","No","No","No"
"12-80-78-48",2,"No","Yes","No","No","No","No","No","No","No","No","No","Yes","Yes","No","No","No","No"
"28-02-97-48",1,"No","Yes","No","Yes","Yes","No","No","No","No","No","No","Yes","No","Yes","Yes","Yes","Yes"
"28-02-97-48",2,"No","Yes","No","Yes","Yes","Yes","No","No","No","Yes","No","No","No","No","Yes","Yes","Yes"
"70-19-76-68",1,"No","Yes","No","Yes","No","Yes","No","No","No","No","No","No","No","No","Yes","No","No"
"70-19-76-68",2,"No","Yes","No","Yes","No","Yes","Yes","No","No","No","No","No","No","No","Yes","No","No"
"46-78-87-50",1,"No","Yes","Yes","Yes","No","Yes","No","No","No","No","No","Yes","No","No","Yes","Yes","Yes"
"46-78-87-50",2,"No","Yes","Yes","Yes","No","Yes","No","No","No","No","No","Yes","Yes","No","Yes","Yes","Yes"
"18-43-40-98",1,"No","Yes","No","Yes","No","No","No","No","No","No","No","No","No","No","Yes","Yes","Yes"
"50-39-55-52",1,"No","Yes","No","Yes","No","Yes","No","No","No","No","No","No","No","No","Yes","Yes","Yes"
"82-64-50-66",1,"No","Yes","No","Yes","Yes","Yes","No","No","No","No","No","No","Yes","No","Yes","No","No"
"82-64-50-66",2,"No","Yes","Yes","Yes","No","Yes","No","No","No","No","No","No","Yes","No","Yes","Yes","Yes"
"46-02-32-25",1,"No","Yes","No","Yes","No","Yes","No","No","No","No","No","No","Yes","No","Yes","No","Yes"
"51-99-40-78",1,"No","Yes","No","Yes","No","Yes","No","No","No","No","No","No","No","No","Yes","No","Yes"
"45-83-32-93",1,"No","Yes","No","Yes","No","Yes","No","No","No","No","No","Yes","Yes","No","Yes","No","Yes"
"45-83-32-93",2,"No","Yes","No","Yes","No","Yes","No","No","No","No","No","No","Yes","No","Yes","No","Yes"
"33-22-63-71",1,"No","Yes","No","Yes","Yes","Yes","No","No","No","No","No","Yes","No","No","Yes","Yes","Yes"
"33-22-63-71",2,"No","Yes","No","Yes","Yes","Yes","No","No","No","No","No","Yes","No","No","Yes","Yes","Yes"
"95-96-92-75",1,"No","Yes","Yes","No","No","Yes","No","No","No","No","No","Yes","Yes","No","Yes","Yes","Yes"
"19-37-18-76",1,"No","Yes","No","Yes","Yes","Yes","No","No","No","No","No","No","Yes","No","Yes","No","No"
"74-28-59-17",1,"No","Yes","No","Yes","No","Yes","No","No","No","No","No","No","No","No","Yes","No","No"
"74-28-59-17",2,"No","Yes","No","Yes","No","Yes","No","No","No","No","No","No","No","No","Yes","No","No"
"48-48-94-57",1,"No","Yes","No","Yes","No","No","No","No","No","Yes","No","Yes","Yes","No","No","No","No"
"48-48-94-57",2,"No","Yes","No","Yes","No","No","No","No","No","Yes","No","Yes","Yes","No","No","No","No"
"03-43-60-42",1,"No","Yes","No","Yes","No","Yes","No","No","No","No","No","No","No","No","Yes","Yes","Yes"
"58-75-54-61",1,"No","Yes","No","Yes","No","Yes","No","No","No","No","No","Yes","Yes","No","Yes","Yes","Yes"
"58-75-54-61",4,"No","Yes","No","Yes","No","Yes","No","No","Yes","No","No","No","Yes","No","Yes","Yes","Yes"
"49-89-37-09",1,"No","Yes","No","Yes","Yes","Yes","No","No","No","No","No","Yes","No","No","Yes","Yes","Yes"
"76-49-10-53",1,"No","Yes","Yes","Yes","Yes","Yes","No","No","No","Yes","No","Yes","Yes","No","Yes","Yes","Yes"
"76-49-10-53",2,"No","No","No","No","No","No","Yes","No","No","No","No","No","No","No","No","No","No"
"76-59-40-83",1,"No","Yes","No","No","No","Yes","No","No","No","No","No","Yes","Yes","No","Yes","Yes","Yes"
"32-82-77-77",1,"No","Yes","No","No","No","Yes","No","No","No","No","No","Yes","No","No","Yes","Yes","Yes"
"32-82-77-77",2,"No","Yes","No","No","No","Yes","No","No","No","No","No","Yes","No","No","Yes","Yes","Yes"
"83-91-87-26",1,"No","Yes","No","Yes","No","Yes","No","No","No","Yes","No","No","Yes","No","Yes","Yes","Yes"
"51-80-93-49",1,"No","Yes","No","Yes","Yes","Yes","No","No","No","No","No","No","Yes","No","Yes","No","Yes"
"29-06-51-62",1,"No","Yes","No","No","No","Yes","No","No","No","No","No","Yes","No","No","Yes","No","No"
"47-99-10-89",1,"No","Yes","No","No","Yes","Yes","No","No","No","No","No","Yes","No","No","Yes","Yes","Yes"
"81-41-75-01",2,"No","Yes","No","No","No","No","No","No","No","Yes","No","No","No","No","Yes","No","No"
"81-41-75-01",3,"No","Yes","No","No","No","Yes","No","No","No","Yes","No","No","No","No","Yes","Yes","No"
"76-68-21-05",1,"No","Yes","No","Yes","No","Yes","No","No","No","No","No","No","Yes","No","Yes","Yes","No"
"76-68-21-05",2,"No","Yes","No","Yes","No","Yes","No","No","No","No","No","No","Yes","No","Yes","Yes","Yes"
"47-73-43-68",1,"No","Yes","Yes","Yes","No","Yes","No","No","No","No","No","Yes","Yes","Yes","Yes","Yes","Yes"
"47-73-43-68",2,"No","Yes","Yes","Yes","No","Yes","No","No","No","No","No","Yes","Yes","Yes","Yes","Yes","Yes"
"51-60-71-39",1,"No","Yes","No","Yes","No","No","No","No","No","No","No","No","Yes","No","No","No","No"
"51-60-71-39",2,"No","Yes","No","Yes","No","No","No","No","No","No","No","No","Yes","No","No","Yes","Yes"
"10-22-07-48",1,"No","Yes","No","Yes","No","Yes","No","No","No","No","No","No","No","No","Yes","Yes","No"
"10-22-07-48",2,"No","Yes","No","Yes","No","Yes","No","No","No","No","No","No","No","No","Yes","Yes","No"
"36-41-17-07",1,"No","Yes","Yes","Yes","No","Yes","No","No","No","No","No","No","Yes","No","Yes","Yes","Yes"
"52-56-02-56",2,"No","Yes","No","Yes","No","Yes","No","No","No","No","No","No","Yes","No","Yes","Yes","No"
"32-96-32-91",1,"No","Yes","No","Yes","No","Yes","No","No","No","No","No","No","Yes","Yes","Yes","Yes","Yes"
"54-77-99-69",1,"No","Yes","No","Yes","No","Yes","No","No","No","No","No","No","Yes","No","Yes","No","Yes"
"54-77-99-69",3,"No","Yes","No","Yes","No","Yes","No","No","No","No","No","No","No","No","Yes","No","Yes"
"10-69-04-21",1,"No","Yes","No","Yes","No","Yes","No","No","No","Yes","No","No","No","No","Yes","Yes","No"
"10-69-04-21",2,"No","Yes","No","Yes","No","Yes","No","No","No","Yes","No","No","No","No","Yes","Yes","No"
"25-34-66-08",1,"No","Yes","Yes","No","No","No","No","No","No","No","No","Yes","Yes","No","No","Yes","Yes"
"25-34-66-08",2,"No","Yes","Yes","No","No","No","No","No","No","No","No","Yes","Yes","No","No","Yes","Yes"
"29-70-97-81",1,"No","Yes","Yes","Yes","No","Yes","No","No","No","No","No","Yes","No","No","Yes","Yes","Yes"
"29-70-97-81",2,"No","Yes","Yes","Yes","No","Yes","No","No","No","No","No","Yes","No","No","Yes","Yes","Yes"
"16-38-85-69",1,"Yes","Yes","No","Yes","Yes","No","No","No","No","Yes","No","No","No","No","Yes","Yes","Yes"
"16-38-85-69",2,"No","Yes","No","Yes","Yes","Yes","No","No","No","Yes","No","No","No","No","Yes","Yes","Yes"
"34-85-34-32",3,"No","Yes","Yes","Yes","No","Yes","No","No","No","No","No","No","No","No","Yes","No","Yes"
"87-75-27-62",1,"No","Yes","No","Yes","No","Yes","No","No","No","Yes","No","Yes","Yes","No","Yes","Yes","Yes"
"03-56-68-20",1,"No","Yes","No","Yes","No","No","No","No","No","No","No","Yes","No","No","Yes","No","No"
"96-99-31-77",1,"No","Yes","No","Yes","Yes","Yes","No","No","No","Yes","No","No","Yes","No","Yes","Yes","Yes"
"96-99-31-77",2,"No","Yes","No","Yes","Yes","Yes","Yes","No","No","No","No","No","Yes","No","Yes","Yes","Yes"
"43-76-23-18",1,"No","Yes","Yes","Yes","No","Yes","No","No","No","Yes","No","Yes","No","No","Yes","No","Yes"
"43-76-23-18",2,"No","Yes","Yes","Yes","No","No","No","No","No","No","No","No","No","No","Yes","No","Yes"
"47-55-12-39",1,"No","Yes","No","No","No","Yes","No","No","No","No","No","Yes","Yes","No","Yes","No","Yes"
"47-55-12-39",2,"No","Yes","No","Yes","No","Yes","No","No","No","No","No","Yes","Yes","No","Yes","No","Yes"
"26-14-45-15",1,"No","Yes","No","Yes","No","Yes","No","No","No","Yes","No","Yes","Yes","No","Yes","Yes","Yes"
"26-14-45-15",2,"No","Yes","No","Yes","No","Yes","No","No","No","Yes","No","Yes","Yes","No","Yes","Yes","Yes"
"92-21-19-80",1,"Yes","Yes","No","No","No","Yes","No","No","No","No","No","Yes","No","No","Yes","Yes","Yes"
"92-21-19-80",2,"No","Yes","No","No","No","Yes","No","No","No","No","No","Yes","No","No","Yes","Yes","Yes"
"69-22-78-98",1,"No","Yes","No","Yes","No","Yes","No","No","No","No","No","No","No","No","No","Yes","Yes"
"69-22-78-98",2,"No","Yes","No","Yes","No","Yes","No","No","No","No","No","No","No","No","Yes","Yes","Yes"
"72-81-88-52",1,"No","Yes","No","Yes","No","Yes","No","No","No","No","No","No","No","No","Yes","Yes","No"
"99-60-35-75",1,"No","Yes","No","Yes","No","Yes","No","No","No","No","No","No","Yes","No","Yes","No","Yes"
"99-60-35-75",2,"No","Yes","No","Yes","No","Yes","No","No","No","No","No","Yes","Yes","No","Yes","Yes","Yes"
"22-09-50-57",1,"No","Yes","Yes","Yes","No","No","No","No","No","No","No","Yes","No","No","No","Yes","Yes"
"22-09-50-57",2,"No","Yes","Yes","Yes","No","No","No","No","No","No","No","Yes","No","No","No","Yes","Yes"
"88-99-86-73",1,"No","Yes","No","Yes","No","Yes","Yes","No","No","Yes","No","Yes","No","No","Yes","Yes","Yes"
"71-42-32-14",1,"No","Yes","Yes","Yes","Yes","Yes","No","Yes","No","Yes","No","Yes","Yes","Yes","Yes","Yes","Yes"
"71-42-32-14",2,"No","Yes","No","No","Yes","Yes","No","No","No","No","No","Yes","No","No","Yes","Yes","Yes"
"30-04-61-14",1,"No","Yes","No","Yes","No","Yes","No","No","No","No","No","No","No","No","Yes","No","No"
"30-04-61-14",2,"No","Yes","No","Yes","No","Yes","No","No","No","No","No","No","No","No","Yes","No","No"
"67-60-72-31",1,"No","Yes","No","Yes","No","Yes","No","No","No","No","No","No","No","No","Yes","No","No"
"32-10-01-18",1,"No","Yes","No","Yes","No","Yes","No","No","No","No","No","Yes","No","No","Yes","No","Yes"
"32-10-01-18",2,"No","Yes","No","Yes","No","Yes","No","No","No","No","No","Yes","Yes","No","Yes","Yes","Yes"
"22-48-15-22",1,"No","Yes","No","Yes","No","Yes","No","No","No","Yes","No","No","No","No","Yes","No","No"
"22-48-15-22",2,"No","Yes","No","Yes","No","Yes","No","No","No","Yes","No","No","No","No","Yes","No","No"
"06-04-90-02",1,"Yes","Yes","No","Yes","No","Yes","No","No","No","No","No","No","No","No","Yes","Yes","No"
"06-04-90-02",2,"No","Yes","No","Yes","No","Yes","No","No","No","No","No","No","No","No","Yes","Yes","No"
"89-93-26-33",1,"Yes","Yes","No","Yes","No","Yes","No","No","No","Yes","No","No","Yes","No","Yes","Yes","Yes"
"16-51-24-24",1,"No","Yes","No","Yes","No","No","No","No","No","No","No","No","Yes","No","No","Yes","Yes"
"16-51-24-24",2,"No","Yes","No","Yes","No","No","No","No","No","No","No","No","Yes","No","No","Yes","Yes"
"85-00-63-86",1,"No","Yes","No","Yes","No","Yes","No","No","No","Yes","No","No","No","No","Yes","Yes","Yes"
"85-00-63-86",2,"Yes","Yes","No","Yes","No","Yes","No","No","No","Yes","No","No","No","No","Yes","Yes","Yes"
"24-74-06-95",1,"No","Yes","No","Yes","No","Yes","No","No","No","Yes","No","No","Yes","No","Yes","No","Yes"
"24-74-06-95",2,"No","Yes","No","Yes","No","Yes","No","No","No","No","No","No","Yes","No","Yes","No","Yes"
"76-24-30-21",2,"No","Yes","No","No","Yes","Yes","No","No","No","No","No","No","Yes","No","Yes","No","Yes"
"56-71-52-33",1,"No","Yes","No","Yes","No","Yes","No","No","No","No","No","No","No","No","Yes","Yes","Yes"
"56-71-52-33",2,"No","Yes","No","Yes","No","Yes","No","No","No","No","No","No","No","No","Yes","Yes","Yes"
"27-56-82-36",1,"No","Yes","No","Yes","No","No","No","No","No","No","No","No","Yes","No","Yes","No","No"
"98-24-74-63",1,"No","Yes","No","No","No","No","No","No","No","Yes","No","No","Yes","No","No","Yes","Yes"
"98-24-74-63",2,"No","Yes","No","No","No","No","No","No","No","Yes","No","No","Yes","No","No","Yes","Yes"
"33-63-66-85",1,"No","Yes","No","Yes","No","Yes","No","No","No","Yes","No","No","No","No","Yes","Yes","No"
"33-63-66-85",2,"No","Yes","No","Yes","No","Yes","No","No","No","Yes","No","No","No","No","Yes","Yes","No"
"36-81-79-37",1,"No","Yes","Yes","Yes","No","No","No","No","No","Yes","No","No","Yes","No","Yes","Yes","Yes"
"36-81-79-37",2,"No","Yes","Yes","Yes","No","Yes","No","No","No","Yes","No","No","Yes","No","Yes","Yes","Yes"
"98-23-40-44",1,"No","Yes","No","Yes","No","Yes","No","No","No","No","No","No","Yes","No","Yes","Yes","No"
"98-23-40-44",2,"No","Yes","No","Yes","No","Yes","No","No","No","No","No","No","No","No","Yes","No","No"
"37-22-37-99",1,"No","Yes","No","Yes","No","Yes","No","No","No","No","No","No","No","No","Yes","No","Yes"
"00-67-21-61",1,"No","Yes","No","Yes","Yes","No","Yes","No","Yes","No","No","No","No","No","No","No","No"
"00-67-21-61",2,"No","Yes","Yes","Yes","Yes","Yes","Yes","Yes","No","Yes","No","No","Yes","Yes","Yes","Yes","Yes"
"51-87-88-69",1,"No","Yes","No","Yes","No","Yes","No","No","No","No","No","No","No","No","Yes","No","Yes"
"00-01-36-74",1,"No","Yes","No","Yes","Yes","Yes","Yes","No","No","No","No","No","No","No","Yes","Yes","Yes"
"07-23-47-52",1,"No","Yes","No","Yes","No","Yes","No","No","No","No","No","Yes","Yes","No","Yes","Yes","Yes"
"07-42-94-81",1,"No","Yes","No","Yes","No","Yes","No","No","No","No","No","No","No","No","Yes","No","No"
"23-53-17-58",1,"No","Yes","No","Yes","No","Yes","No","No","No","No","No","Yes","No","Yes","Yes","Yes","Yes"
"23-53-17-58",2,"No","Yes","No","Yes","No","Yes","No","No","No","No","No","Yes","No","Yes","Yes","Yes","Yes"
"36-44-48-22",1,"No","Yes","No","Yes","No","Yes","No","No","No","Yes","No","No","No","No","Yes","No","No"
"66-23-65-75",1,"No","Yes","No","Yes","Yes","Yes","No","No","No","Yes","No","No","Yes","No","Yes","Yes","Yes"
"94-52-36-12",2,"No","Yes","No","Yes","No","No","No","No","No","No","No","Yes","Yes","No","Yes","Yes","Yes"
"34-33-60-75",1,"No","Yes","Yes","Yes","No","No","No","No","No","No","No","No","No","No","Yes","No","Yes"
"94-14-40-52",1,"No","Yes","No","Yes","No","No","No","No","No","No","No","No","Yes","No","Yes","No","Yes"
"94-14-40-52",2,"No","Yes","No","Yes","Yes","Yes","No","No","No","No","No","No","Yes","No","Yes","No","Yes"
"85-43-64-12",1,"No","Yes","No","Yes","No","Yes","No","No","No","No","No","No","Yes","No","Yes","Yes","Yes"
"48-73-27-78",1,"No","Yes","No","Yes","No","Yes","No","No","No","No","No","No","No","No","Yes","Yes","Yes"
"95-30-04-02",1,"No","Yes","No","Yes","No","Yes","No","No","No","No","No","No","Yes","No","Yes","Yes","Yes"
"95-30-04-02",2,"No","Yes","No","Yes","No","Yes","No","No","No","No","No","No","Yes","No","Yes","Yes","Yes"
"92-70-85-41",1,"No","Yes","No","Yes","No","No","No","No","No","No","No","No","Yes","No","No","Yes","Yes"
"92-70-85-41",2,"No","Yes","No","Yes","No","No","No","No","No","No","No","No","Yes","No","No","Yes","Yes"
"48-49-97-86",1,"No","Yes","No","Yes","No","Yes","No","No","No","No","No","No","No","No","Yes","No","Yes"
"84-79-52-42",1,"No","Yes","No","No","No","No","No","No","No","No","No","No","Yes","No","Yes","No","No"
"84-79-52-42",2,"No","Yes","No","No","No","No","No","No","No","No","No","No","Yes","No","Yes","No","No"
"49-71-84-27",1,"No","Yes","No","Yes","No","No","No","No","No","No","No","No","Yes","No","Yes","No","Yes"
"49-71-84-27",2,"No","Yes","No","Yes","No","Yes","No","No","No","No","No","No","No","No","Yes","No","Yes"
"62-50-68-38",2,"No","Yes","No","Yes","No","Yes","No","No","No","No","No","Yes","No","Yes","Yes","Yes","Yes"
"27-08-48-72",1,"No","Yes","No","Yes","Yes","Yes","No","No","No","No","No","No","Yes","No","No","Yes","Yes"
"77-27-65-41",2,"No","Yes","Yes","No","No","No","No","No","No","Yes","No","No","Yes","Yes","Yes","Yes","Yes"
"70-31-22-22",1,"No","Yes","No","Yes","No","Yes","No","No","No","Yes","No","No","No","No","Yes","No","Yes"
"70-31-22-22",2,"No","Yes","No","Yes","No","Yes","No","No","No","Yes","No","No","No","No","Yes","No","Yes"
"94-42-67-72",1,"No","Yes","No","Yes","No","Yes","No","No","No","No","No","No","Yes","Yes","Yes","Yes","Yes"
"44-03-12-81",2,"No","Yes","Yes","Yes","Yes","Yes","No","No","Yes","Yes","No","Yes","Yes","No","Yes","Yes","Yes"
"44-03-12-81",3,"No","Yes","Yes","Yes","Yes","Yes","No","No","Yes","Yes","No","Yes","Yes","No","Yes","Yes","Yes"
"02-54-15-71",1,"No","Yes","No","Yes","No","Yes","Yes","No","No","No","No","Yes","No","No","Yes","No","No"
"02-54-15-71",2,"No","Yes","No","Yes","No","Yes","No","No","No","No","No","Yes","No","No","Yes","No","Yes"
"62-99-04-33",1,"No","Yes","No","Yes","No","No","No","No","No","Yes","No","Yes","Yes","No","Yes","No","Yes"
"62-99-04-33",2,"No","Yes","No","Yes","No","Yes","No","No","No","Yes","No","Yes","Yes","No","Yes","Yes","Yes"
"42-85-59-02",1,"No","Yes","No","Yes","No","No","No","No","No","No","No","No","Yes","No","Yes","Yes","Yes"
"42-85-59-02",4,"No","Yes","Yes","Yes","No","Yes","No","No","No","No","No","No","Yes","No","Yes","Yes","Yes"
"02-53-80-77",1,"No","Yes","Yes","Yes","Yes","No","No","No","No","Yes","No","No","No","No","No","Yes","Yes"
"02-53-80-77",2,"No","Yes","Yes","Yes","Yes","No","No","No","No","Yes","No","No","No","No","No","Yes","Yes"
"50-80-96-28",1,"No","Yes","No","Yes","No","Yes","No","No","No","No","No","Yes","No","Yes","Yes","Yes","Yes"
"11-91-04-75",1,"No","Yes","No","No","No","No","No","No","No","No","No","No","Yes","No","Yes","No","Yes"
"11-91-04-75",2,"No","Yes","No","No","No","No","No","No","No","No","No","No","Yes","No","Yes","No","Yes"
"25-18-28-61",1,"No","Yes","No","Yes","No","Yes","No","No","No","No","No","No","No","No","Yes","Yes","Yes"
"25-18-28-61",2,"No","Yes","Yes","Yes","No","Yes","No","No","No","No","No","No","No","No","Yes","Yes","Yes"
"59-58-64-54",1,"No","Yes","No","Yes","No","Yes","No","No","No","No","No","No","Yes","No","Yes","Yes","Yes"
"59-58-64-54",2,"No","Yes","No","Yes","No","No","No","No","No","No","No","No","Yes","No","Yes","Yes","Yes"
"68-47-48-14",1,"No","Yes","No","No","Yes","Yes","No","No","No","No","No","Yes","No","No","Yes","Yes","Yes"
"68-47-48-14",2,"No","Yes","No","No","Yes","Yes","No","No","No","No","No","Yes","No","No","Yes","Yes","Yes"
"64-84-94-47",1,"No","Yes","No","Yes","No","Yes","No","No","No","No","No","No","No","No","Yes","Yes","Yes"
"47-86-51-93",1,"No","Yes","No","Yes","No","Yes","No","No","No","No","No","No","No","No","Yes","No","Yes"
"89-64-71-91",1,"No","Yes","No","Yes","No","Yes","No","No","No","No","No","No","Yes","No","Yes","No","Yes"
"89-64-71-91",2,"No","Yes","No","Yes","No","Yes","No","No","No","No","No","No","Yes","No","Yes","No","Yes"
"32-24-09-18",1,"No","Yes","No","Yes","Yes","Yes","No","No","No","Yes","No","No","Yes","No","Yes","No","Yes"
"32-24-09-18",2,"No","Yes","No","Yes","Yes","Yes","No","No","No","Yes","No","No","Yes","No","Yes","No","Yes"
"54-13-98-82",1,"No","Yes","No","Yes","No","Yes","No","No","No","No","No","No","No","No","Yes","Yes","No"
"54-13-98-82",2,"No","Yes","No","Yes","No","Yes","No","No","No","No","No","No","No","No","Yes","No","No"
"21-11-21-29",1,"No","Yes","No","Yes","No","Yes","No","No","No","No","No","No","Yes","No","Yes","Yes","Yes"
"21-11-21-29",2,"No","Yes","No","Yes","No","Yes","No","No","No","No","No","No","Yes","No","Yes","Yes","Yes"
"81-55-77-74",1,"No","Yes","No","Yes","No","Yes","No","No","No","No","No","Yes","No","No","Yes","Yes","Yes"
"81-55-77-74",2,"No","Yes","No","No","No","Yes","No","No","No","No","No","Yes","No","No","Yes","Yes","Yes"
"23-00-40-40",1,"No","Yes","No","Yes","No","Yes","No","No","No","No","No","Yes","Yes","No","Yes","No","Yes"
"23-00-40-40",2,"No","Yes","No","Yes","No","Yes","No","No","No","No","No","Yes","Yes","No","Yes","No","Yes"
"17-59-86-59",1,"No","Yes","No","Yes","No","No","No","No","No","No","No","Yes","No","No","No","No","No"
"89-73-28-02",1,"No","Yes","No","Yes","No","No","No","No","No","No","No","No","Yes","No","No","Yes","Yes"
"89-73-28-02",2,"No","Yes","No","Yes","No","No","No","No","No","No","No","No","Yes","No","No","Yes","Yes"
"14-55-50-79",1,"No","Yes","No","Yes","No","Yes","No","No","No","No","No","No","No","No","Yes","Yes","Yes"
"60-36-21-40",1,"No","Yes","No","Yes","No","No","No","No","No","No","No","Yes","Yes","No","No","Yes","Yes"
"60-36-21-40",2,"No","Yes","No","Yes","No","No","No","No","No","No","No","Yes","Yes","No","No","Yes","Yes"
"57-25-85-63",1,"No","Yes","Yes","Yes","Yes","Yes","No","No","No","No","No","No","Yes","No","Yes","No","Yes"
"57-25-85-63",2,"No","Yes","Yes","Yes","Yes","Yes","No","No","No","No","No","Yes","Yes","No","Yes","No","Yes"
"80-36-08-51",1,"No","Yes","No","Yes","No","Yes","No","No","No","No","No","No","Yes","No","Yes","No","Yes"
"80-36-08-51",2,"No","Yes","No","Yes","No","Yes","No","No","No","No","No","No","Yes","No","Yes","No","Yes"
"73-98-72-78",2,"No","Yes","No","Yes","No","No","No","No","No","No","No","No","No","No","Yes","Yes","Yes"
"48-58-14-95",2,"No","Yes","Yes","Yes","Yes","Yes","No","No","No","Yes","No","No","No","No","Yes","Yes","Yes"
"48-58-14-95",3,"No","Yes","No","Yes","Yes","Yes","No","No","No","Yes","No","No","No","No","Yes","Yes","Yes"
"08-00-46-02",1,"No","Yes","No","No","No","No","No","No","No","No","No","No","No","No","No","Yes","Yes"
"45-96-62-88",2,"No","Yes","Yes","Yes","No","Yes","No","No","No","No","No","No","No","No","Yes","No","Yes"
"58-44-41-63",1,"No","Yes","No","Yes","No","Yes","No","No","No","No","Yes","Yes","Yes","No","Yes","No","Yes"
"58-44-41-63",2,"No","Yes","No","Yes","No","No","No","No","No","No","No","No","Yes","No","Yes","No","No"
"36-02-91-03",1,"No","Yes","Yes","No","Yes","Yes","No","No","No","Yes","No","Yes","No","No","Yes","Yes","Yes"
"36-02-91-03",2,"No","Yes","Yes","No","No","No","No","No","No","No","No","Yes","Yes","No","Yes","Yes","Yes"
"29-24-40-33",1,"No","Yes","Yes","Yes","No","No","No","No","No","No","No","No","No","Yes","No","Yes","Yes"
"29-24-40-33",2,"No","Yes","Yes","Yes","No","No","No","No","No","No","No","No","No","Yes","No","Yes","Yes"
"64-42-73-18",1,"No","Yes","No","Yes","No","No","No","No","No","No","No","Yes","No","No","No","No","No"
"56-97-76-00",1,"No","Yes","No","Yes","Yes","Yes","No","No","No","Yes","No","No","Yes","No","Yes","Yes","Yes"
"37-93-28-73",1,"No","Yes","No","No","Yes","Yes","No","No","No","Yes","No","No","No","No","Yes","No","Yes"
"37-93-28-73",2,"No","Yes","No","No","Yes","Yes","No","No","No","Yes","No","No","No","No","Yes","Yes","Yes"
"03-58-95-42",1,"No","Yes","No","Yes","No","Yes","No","No","No","No","No","No","No","No","Yes","No","No"
"03-58-95-42",2,"No","Yes","No","Yes","No","Yes","No","No","No","No","No","No","No","No","Yes","No","No"
"15-23-04-89",1,"No","Yes","No","Yes","No","Yes","No","No","No","No","No","No","Yes","No","Yes","No","No"
"15-23-04-89",2,"No","Yes","No","Yes","No","Yes","No","No","No","No","No","No","Yes","No","Yes","No","No"
"51-35-95-32",2,"No","Yes","Yes","No","No","Yes","No","No","No","Yes","No","No","No","No","No","Yes","Yes"
"32-54-58-03",1,"No","Yes","No","Yes","No","Yes","No","No","No","No","No","No","No","Yes","Yes","No","No"
"32-54-58-03",2,"No","Yes","Yes","No","Yes","No","No","No","No","Yes","No","No","No","No","No","No","No"
"45-15-07-99",1,"No","Yes","No","Yes","No","No","No","No","No","Yes","No","No","Yes","Yes","No","No","No"
"45-15-07-99",2,"No","Yes","No","Yes","No","No","No","No","No","No","No","No","Yes","No","No","Yes","Yes"
"59-16-11-16",1,"No","Yes","No","Yes","No","Yes","No","No","No","No","No","Yes","No","No","Yes","Yes","No"
"59-16-11-16",2,"No","Yes","No","Yes","No","Yes","No","No","No","No","No","Yes","No","No","Yes","Yes","No"
"78-92-27-80",1,"No","Yes","No","Yes","No","Yes","No","No","No","Yes","No","No","No","No","Yes","Yes","Yes"
"24-78-22-03",1,"No","Yes","No","Yes","No","Yes","No","No","No","No","No","Yes","Yes","No","Yes","Yes","Yes"
"24-78-22-03",2,"No","Yes","No","Yes","No","Yes","No","No","No","No","No","Yes","Yes","No","Yes","Yes","Yes"
"61-90-23-18",2,"No","Yes","Yes","Yes","No","Yes","No","No","No","No","No","No","No","No","Yes","Yes","Yes"
"36-41-14-75",1,"No","Yes","No","No","No","No","No","No","No","No","No","Yes","No","No","No","Yes","Yes"
"15-24-20-62",2,"No","Yes","No","Yes","No","Yes","No","No","No","No","No","Yes","Yes","No","Yes","Yes","Yes"
"13-30-97-65",1,"No","Yes","No","No","Yes","Yes","No","No","No","No","No","Yes","Yes","No","Yes","No","Yes"
"13-30-97-65",2,"No","Yes","No","Yes","Yes","Yes","No","No","No","No","No","Yes","Yes","No","Yes","No","Yes"
"62-39-49-91",1,"No","Yes","No","No","No","Yes","No","No","No","No","No","No","No","No","Yes","No","No"
"37-93-31-47",2,"No","Yes","No","No","No","Yes","No","No","No","No","No","Yes","No","No","Yes","Yes","Yes"
"41-29-34-43",1,"No","Yes","No","Yes","No","Yes","No","No","No","No","No","No","No","No","Yes","No","Yes"
"41-29-34-43",2,"No","Yes","No","Yes","No","Yes","No","No","No","No","No","No","No","No","Yes","No","Yes"
"24-91-36-31",1,"No","Yes","No","Yes","No","Yes","No","No","No","No","No","Yes","No","No","Yes","No","No"
"24-91-36-31",2,"No","Yes","No","Yes","No","Yes","No","No","No","No","No","Yes","No","No","Yes","No","No"
"85-94-51-81",1,"No","Yes","No","Yes","No","Yes","No","No","No","No","No","No","Yes","No","Yes","Yes","Yes"
"85-94-51-81",2,"No","Yes","No","Yes","No","Yes","No","No","No","No","No","No","Yes","No","Yes","Yes","Yes"
"05-53-82-60",1,"No","Yes","No","Yes","No","No","No","No","No","No","No","Yes","No","No","Yes","Yes","Yes"
"05-53-82-60",2,"No","Yes","No","Yes","No","No","No","No","No","No","No","Yes","No","No","Yes","Yes","No"
"79-66-45-07",1,"No","Yes","No","Yes","Yes","No","No","No","No","No","No","No","Yes","No","Yes","Yes","Yes"
"79-66-45-07",2,"No","Yes","No","Yes","Yes","No","No","No","No","No","No","No","Yes","No","Yes","Yes","Yes"
"78-15-69-36",1,"No","Yes","No","Yes","No","Yes","No","No","No","No","No","No","No","No","Yes","No","No"
"53-49-72-57",1,"No","Yes","No","Yes","No","Yes","No","No","No","No","No","Yes","No","No","Yes","Yes","Yes"
"53-49-72-57",2,"No","Yes","No","Yes","No","Yes","No","No","No","No","No","Yes","No","No","Yes","Yes","Yes"
"66-30-66-08",1,"No","Yes","No","Yes","No","Yes","No","No","No","No","No","No","Yes","No","Yes","Yes","No"
"36-62-86-65",1,"No","Yes","No","Yes","No","Yes","No","No","Yes","No","No","No","No","No","Yes","No","Yes"
"93-72-05-88",1,"No","Yes","No","Yes","Yes","Yes","No","No","No","No","No","No","No","No","Yes","No","No"
"64-59-07-31",1,"No","Yes","No","Yes","No","Yes","No","No","No","No","No","No","No","No","Yes","Yes","Yes"
"64-59-07-31",2,"No","Yes","No","Yes","No","Yes","No","No","No","No","No","No","No","No","Yes","Yes","Yes"
"14-20-80-15",1,"No","Yes","No","Yes","No","Yes","No","No","No","No","No","No","No","No","Yes","No","Yes"
"14-20-80-15",2,"No","Yes","No","Yes","No","Yes","No","No","No","No","No","No","No","No","Yes","No","Yes"
"78-03-04-37",1,"No","Yes","No","Yes","No","Yes","No","No","No","No","No","No","Yes","No","Yes","Yes","Yes"
"56-24-05-48",1,"No","Yes","No","No","No","Yes","No","No","No","No","No","No","Yes","No","Yes","No","Yes"
"53-23-20-20",1,"No","Yes","No","Yes","No","Yes","No","No","No","Yes","No","No","No","No","Yes","No","Yes"
"53-23-20-20",2,"No","Yes","No","No","No","Yes","No","No","No","Yes","No","No","No","No","Yes","No","Yes"
"52-44-39-84",1,"No","Yes","No","Yes","No","No","No","No","No","No","No","No","No","No","No","No","No"
"67-64-28-49",1,"No","Yes","Yes","Yes","No","Yes","Yes","No","No","Yes","No","No","No","Yes","Yes","Yes","Yes"
"67-64-28-49",2,"No","Yes","Yes","Yes","No","Yes","Yes","No","No","Yes","No","No","No","Yes","Yes","Yes","Yes"
"75-72-38-92",1,"No","Yes","No","No","No","No","No","No","No","No","No","Yes","Yes","No","Yes","No","Yes"
"75-72-38-92",2,"No","Yes","No","No","No","No","No","No","No","No","No","Yes","Yes","No","Yes","No","Yes"
"37-95-25-26",1,"No","Yes","Yes","Yes","Yes","Yes","No","No","No","No","No","Yes","Yes","No","Yes","No","No"
"37-95-25-26",2,"No","Yes","No","Yes","No","Yes","No","No","No","No","Yes","Yes","No","No","Yes","Yes","No"
"16-25-25-05",1,"No","Yes","No","Yes","No","No","No","No","No","No","No","No","No","No","No","No","No"
"61-27-42-98",1,"No","Yes","No","No","No","No","No","No","No","No","No","No","Yes","No","Yes","No","Yes"
"47-23-15-41",1,"No","Yes","Yes","Yes","No","Yes","No","No","No","No","No","No","No","Yes","Yes","No","Yes"
"47-23-15-41",2,"No","Yes","Yes","Yes","No","Yes","No","No","No","No","No","No","No","Yes","Yes","No","Yes"
"19-28-77-73",1,"No","Yes","No","Yes","No","No","No","No","No","No","No","No","No","No","No","No","No"
"19-28-77-73",2,"No","Yes","No","Yes","No","No","No","No","No","No","No","No","No","No","No","No","No"
"68-18-94-35",1,"No","Yes","No","Yes","No","Yes","No","No","No","No","No","Yes","No","No","Yes","Yes","Yes"
"68-18-94-35",2,"No","Yes","No","Yes","No","Yes","No","No","No","No","No","Yes","No","No","Yes","Yes","Yes"
"93-17-92-46",1,"No","Yes","No","Yes","No","No","No","No","No","No","No","No","No","No","No","No","Yes"
"93-76-84-35",1,"No","Yes","No","Yes","No","Yes","No","No","No","No","No","No","No","No","No","No","No"
"44-86-19-68",1,"No","Yes","No","Yes","No","Yes","No","No","No","No","No","Yes","No","No","Yes","Yes","Yes"
"44-86-19-68",2,"No","Yes","No","Yes","No","Yes","No","No","No","No","No","Yes","No","No","Yes","Yes","Yes"
"99-24-36-43",1,"No","Yes","No","Yes","No","Yes","No","No","No","No","No","No","No","No","Yes","Yes","No"
"18-82-63-90",1,"No","Yes","Yes","Yes","No","Yes","No","No","No","No","No","No","Yes","No","Yes","Yes","Yes"
"18-82-63-90",2,"No","Yes","Yes","Yes","No","Yes","No","No","No","No","No","No","Yes","No","Yes","Yes","Yes"
"86-57-20-12",1,"No","Yes","No","Yes","No","Yes","No","No","No","No","No","No","No","No","Yes","No","No"
"86-57-20-12",2,"No","Yes","No","Yes","No","Yes","No","No","No","No","No","No","No","No","Yes","No","No"
"38-84-93-57",1,"No","Yes","No","Yes","No","Yes","No","No","No","Yes","No","No","Yes","No","Yes","Yes","Yes"
"38-84-93-57",2,"No","Yes","No","Yes","No","Yes","No","No","No","Yes","No","No","No","No","Yes","Yes","Yes"
"27-07-91-33",1,"No","Yes","No","Yes","No","Yes","No","No","No","Yes","No","No","No","No","Yes","No","Yes"
"27-07-91-33",2,"No","Yes","No","Yes","No","Yes","No","No","No","Yes","No","No","No","No","Yes","No","No"
"50-08-65-68",1,"No","Yes","Yes","Yes","No","Yes","No","No","No","No","No","No","No","No","Yes","Yes","Yes"
"78-04-92-62",1,"No","Yes","No","Yes","Yes","Yes","No","No","No","Yes","No","No","No","No","Yes","Yes","Yes"
"78-04-92-62",2,"No","Yes","No","Yes","Yes","Yes","No","No","No","Yes","No","No","No","No","Yes","Yes","Yes"
"52-85-47-82",1,"No","Yes","No","Yes","No","Yes","No","No","No","Yes","No","Yes","No","No","Yes","Yes","Yes"
"19-35-88-74",1,"No","Yes","No","Yes","No","Yes","No","No","No","No","No","No","No","Yes","Yes","No","No"
"19-35-88-74",2,"No","Yes","No","Yes","No","Yes","No","No","No","No","No","No","No","Yes","Yes","No","No"
"59-09-71-58",1,"No","Yes","No","Yes","No","No","No","No","No","No","No","No","No","No","Yes","No","Yes"
"74-51-37-03",1,"No","Yes","No","Yes","No","Yes","Yes","No","No","No","No","No","No","No","Yes","No","No"
"74-51-37-03",2,"No","Yes","No","Yes","No","Yes","Yes","No","No","No","No","No","No","No","Yes","No","No"
"75-11-11-88",5,"No","Yes","No","Yes","No","No","No","No","No","No","Yes","No","No","No","Yes","Yes","No"
"22-78-28-40",1,"No","Yes","No","Yes","No","No","No","No","No","No","No","No","No","No","Yes","No","No"
"25-98-64-43",1,"No","Yes","No","Yes","No","Yes","No","No","No","No","No","No","No","No","Yes","No","No"
"25-98-64-43",2,"No","Yes","No","Yes","No","Yes","No","No","No","No","No","No","No","No","Yes","No","No"
"56-29-47-60",1,"No","Yes","No","Yes","Yes","Yes","No","No","No","Yes","No","Yes","No","No","Yes","No","No"
"82-22-01-30",1,"No","Yes","No","Yes","No","Yes","No","No","No","No","Yes","No","No","No","Yes","No","No"
"15-47-66-05",1,"No","Yes","No","Yes","No","Yes","No","No","No","Yes","No","No","No","No","Yes","No","Yes"
"15-47-66-05",2,"No","Yes","No","Yes","No","Yes","No","No","No","Yes","No","No","No","No","Yes","No","Yes"
"04-89-61-71",1,"No","Yes","No","Yes","No","Yes","No","No","No","No","No","No","No","No","Yes","No","No"
"04-89-61-71",2,"No","Yes","No","Yes","No","Yes","No","No","No","No","No","No","No","No","Yes","No","No"
"58-73-17-40",1,"No","Yes","No","No","No","Yes","No","No","No","No","No","No","Yes","No","Yes","No","No"
"58-73-17-40",2,"No","Yes","No","No","No","Yes","No","No","No","No","No","No","Yes","No","Yes","No","No"
"82-66-58-84",1,"No","Yes","Yes","Yes","No","Yes","No","No","No","No","No","No","Yes","No","Yes","Yes","Yes"
"40-67-36-34",1,"No","Yes","No","Yes","No","Yes","No","No","No","Yes","No","No","No","No","Yes","No","No"
"40-67-36-34",2,"No","Yes","No","Yes","No","Yes","No","No","No","No","No","No","No","No","Yes","No","No"
"76-04-73-59",1,"No","Yes","No","Yes","No","Yes","No","No","No","Yes","No","No","No","No","Yes","Yes","Yes"
"76-04-73-59",2,"No","Yes","No","Yes","No","Yes","No","No","No","Yes","No","No","No","No","Yes","No","Yes"
"84-25-35-86",1,"No","Yes","No","No","No","Yes","No","No","No","No","No","Yes","No","No","Yes","No","Yes"
"84-25-35-86",2,"No","Yes","No","No","No","Yes","No","No","No","No","No","Yes","No","No","Yes","No","Yes"
"29-66-30-52",1,"No","Yes","No","Yes","No","Yes","No","No","No","Yes","No","No","No","Yes","Yes","No","No"
"50-37-18-88",1,"No","Yes","No","Yes","No","Yes","No","No","No","No","No","No","No","Yes","No","No","No"
"50-37-18-88",3,"No","Yes","No","Yes","No","Yes","No","No","No","No","No","No","No","Yes","Yes","No","No"
"62-42-00-50",1,"No","Yes","No","Yes","No","Yes","No","No","No","No","No","No","No","Yes","Yes","Yes","Yes"
"62-42-00-50",2,"No","Yes","No","Yes","No","Yes","No","No","No","No","No","No","No","Yes","Yes","Yes","Yes"
"94-15-10-76",1,"No","Yes","No","Yes","No","Yes","No","No","No","Yes","No","No","No","No","Yes","Yes","No"
"94-15-10-76",8,"No","Yes","No","Yes","No","Yes","No","No","No","Yes","No","No","No","Yes","Yes","No","No"
"42-39-21-50",1,"No","Yes","No","Yes","No","Yes","No","No","No","No","No","No","No","No","Yes","Yes","No"
"84-84-86-66",1,"No","Yes","No","Yes","No","Yes","No","No","No","No","No","Yes","No","No","Yes","Yes","Yes"
"84-84-86-66",2,"No","Yes","No","Yes","No","Yes","No","No","No","No","No","No","No","No","Yes","No","No"
"53-27-67-24",1,"No","Yes","No","Yes","No","Yes","No","No","No","Yes","No","No","No","Yes","Yes","No","Yes"
"53-27-67-24",2,"No","Yes","No","Yes","No","Yes","No","No","No","Yes","No","No","No","Yes","Yes","No","No"
"02-02-62-52",1,"No","Yes","No","No","No","Yes","No","No","No","No","No","Yes","No","No","Yes","No","Yes"
"10-89-66-70",1,"No","Yes","No","Yes","No","Yes","No","No","No","No","No","No","No","Yes","Yes","No","No"
"10-89-66-70",2,"No","Yes","No","Yes","No","Yes","No","No","No","No","No","No","No","Yes","Yes","No","No"
"28-72-52-28",1,"No","Yes","No","Yes","No","Yes","No","No","No","No","No","No","Yes","No","Yes","No","No"
"28-72-52-28",2,"No","Yes","No","Yes","No","Yes","No","No","No","No","No","No","Yes","No","Yes","Yes","Yes"
"89-15-58-91",1,"No","Yes","No","Yes","No","Yes","No","No","No","No","No","Yes","No","No","Yes","Yes","Yes"
"57-65-92-31",1,"No","Yes","No","Yes","No","Yes","No","No","No","No","No","No","No","No","Yes","Yes","Yes"
"57-65-92-31",2,"No","Yes","No","Yes","No","Yes","No","No","No","No","No","No","No","No","Yes","Yes","Yes"
"78-69-73-93",1,"Yes","Yes","No","Yes","No","No","No","No","No","No","No","No","No","No","Yes","No","Yes"
"86-71-54-16",1,"No","Yes","Yes","Yes","Yes","No","No","No","No","No","No","Yes","No","No","No","Yes","Yes"
"86-71-54-16",2,"No","Yes","Yes","Yes","Yes","No","No","No","No","No","No","Yes","No","No","No","Yes","Yes"
"49-00-37-24",1,"No","Yes","No","Yes","No","Yes","No","No","No","No","No","No","Yes","No","Yes","Yes","Yes"
"60-73-62-17",1,"No","Yes","Yes","Yes","No","Yes","No","No","No","Yes","No","No","No","No","Yes","Yes","Yes"
"60-73-62-17",2,"No","Yes","No","Yes","No","Yes","No","No","No","Yes","No","Yes","Yes","No","Yes","Yes","Yes"
"16-68-23-18",1,"No","Yes","No","Yes","No","Yes","No","No","No","No","No","No","No","Yes","Yes","No","No"
"16-68-23-18",2,"No","Yes","No","Yes","No","Yes","No","No","No","No","No","No","No","Yes","Yes","No","No"
"75-36-25-09",1,"No","Yes","No","Yes","No","No","No","No","No","Yes","No","No","No","No","No","No","No"
"75-36-25-09",2,"No","Yes","No","Yes","No","No","No","No","No","Yes","No","No","No","No","No","No","No"
"92-13-03-64",1,"No","Yes","Yes","No","No","No","No","No","No","Yes","No","No","No","No","No","Yes","Yes"
"32-53-28-17",1,"No","Yes","No","Yes","No","Yes","No","No","No","No","No","No","No","No","Yes","No","Yes"
"32-53-28-17",2,"No","Yes","No","Yes","No","Yes","No","No","No","No","No","No","No","No","Yes","No","Yes"
"18-06-29-93",2,"No","Yes","No","No","No","Yes","No","No","No","No","No","Yes","No","No","Yes","No","Yes"
"86-17-31-91",2,"No","Yes","No","No","No","No","No","No","No","No","No","No","Yes","No","No","Yes","Yes"
"86-17-31-91",3,"No","Yes","No","No","No","No","No","No","No","No","No","No","Yes","No","No","Yes","Yes"
"34-05-05-84",1,"No","Yes","No","Yes","No","Yes","No","No","No","No","No","No","No","No","Yes","No","Yes"
"34-05-05-84",2,"No","Yes","No","Yes","No","Yes","No","No","No","No","No","No","No","No","Yes","No","Yes"
"24-72-79-56",1,"No","Yes","Yes","Yes","Yes","Yes","No","No","No","No","No","No","Yes","No","Yes","No","Yes"
"56-10-85-53",1,"No","Yes","No","Yes","Yes","Yes","No","No","No","No","No","Yes","No","No","Yes","No","Yes"
"65-86-13-71",2,"No","Yes","No","Yes","No","Yes","No","No","No","No","No","No","No","No","Yes","Yes","Yes"
"47-19-77-59",1,"No","Yes","No","Yes","No","No","No","No","No","No","No","Yes","No","No","No","No","No"
"47-19-77-59",2,"No","Yes","No","Yes","No","No","No","No","No","No","No","Yes","No","No","No","No","No"
"72-38-19-68",1,"No","Yes","No","Yes","No","Yes","No","No","No","No","No","No","No","No","No","No","Yes"
"87-95-06-00",1,"No","Yes","Yes","No","No","Yes","No","No","No","No","No","No","Yes","No","Yes","Yes","Yes"
"27-03-96-63",1,"No","Yes","No","Yes","No","Yes","No","No","No","No","No","No","No","Yes","Yes","No","No"
"43-65-32-18",1,"No","Yes","No","Yes","No","Yes","No","No","No","No","No","No","Yes","No","Yes","No","No"
"43-65-32-18",7,"No","Yes","No","Yes","No","Yes","No","No","No","No","No","No","Yes","No","Yes","No","No"
"20-11-50-00",1,"No","Yes","No","Yes","No","No","No","No","No","No","No","No","No","No","No","No","No"
"93-65-33-33",1,"No","Yes","No","Yes","No","Yes","No","No","No","No","No","No","Yes","Yes","Yes","Yes","Yes"
"35-33-01-98",1,"No","Yes","No","Yes","No","Yes","No","No","No","No","No","No","No","Yes","Yes","No","No"
"52-85-83-28",1,"No","Yes","No","Yes","No","Yes","No","No","No","No","No","No","No","Yes","Yes","No","No"
"52-85-83-28",2,"No","Yes","No","Yes","No","Yes","No","No","No","No","No","No","No","Yes","Yes","No","No"
"83-02-65-23",1,"No","Yes","Yes","Yes","Yes","Yes","No","No","No","No","No","Yes","No","No","Yes","No","Yes"
"83-02-65-23",2,"No","Yes","Yes","Yes","Yes","Yes","No","No","No","No","No","Yes","No","No","Yes","No","Yes"
"56-88-41-02",1,"No","Yes","No","Yes","Yes","Yes","No","Yes","No","No","No","No","Yes","No","Yes","Yes","Yes"
"56-88-41-02",2,"No","Yes","No","Yes","Yes","Yes","No","No","No","Yes","No","No","No","No","Yes","Yes","Yes"
"67-06-10-95",2,"No","Yes","No","No","Yes","Yes","No","No","No","No","No","No","Yes","No","Yes","No","Yes"
"67-06-10-95",7,"No","Yes","No","No","Yes","Yes","No","No","No","No","No","No","Yes","No","Yes","No","Yes"
"96-49-31-22",1,"No","Yes","No","No","Yes","No","Yes","No","No","No","No","No","Yes","No","No","No","No"
"96-49-31-22",2,"No","Yes","No","Yes","No","Yes","No","No","No","No","No","No","Yes","No","Yes","Yes","No"
"10-07-11-91",1,"No","Yes","No","Yes","Yes","Yes","No","No","No","No","No","Yes","No","No","Yes","Yes","Yes"
"10-07-11-91",2,"No","Yes","No","Yes","Yes","Yes","No","No","No","No","No","Yes","No","No","Yes","Yes","Yes"
"13-05-66-13",1,"No","Yes","No","No","No","No","No","No","No","No","No","No","Yes","No","No","Yes","Yes"
"47-07-01-10",1,"No","Yes","Yes","No","No","Yes","No","No","No","No","No","No","Yes","No","Yes","No","Yes"
"47-07-01-10",2,"No","Yes","Yes","No","No","Yes","No","No","No","No","No","No","Yes","No","Yes","Yes","Yes"
"37-48-11-93",1,"No","Yes","Yes","Yes","No","Yes","No","No","No","No","No","No","Yes","No","Yes","No","Yes"
"67-06-61-48",1,"No","Yes","No","Yes","No","No","No","No","No","No","No","Yes","No","No","No","Yes","Yes"
"67-06-61-48",2,"No","Yes","No","Yes","No","No","No","No","No","No","No","Yes","No","No","No","Yes","Yes"
"89-00-56-37",2,"No","Yes","Yes","Yes","Yes","Yes","No","No","No","Yes","No","Yes","No","No","Yes","Yes","Yes"
"28-16-54-68",1,"No","Yes","Yes","Yes","Yes","Yes","No","No","No","Yes","No","No","No","No","Yes","Yes","Yes"
"44-25-43-31",1,"No","Yes","Yes","No","No","Yes","No","No","No","No","No","Yes","No","No","Yes","No","No"
"44-25-43-31",2,"No","Yes","Yes","No","No","No","No","No","No","No","No","Yes","No","No","Yes","No","No"
"33-83-81-59",1,"No","Yes","No","Yes","No","Yes","No","No","No","No","No","No","No","No","Yes","No","No"
"94-91-64-84",1,"No","Yes","No","No","No","No","No","No","No","No","No","No","Yes","No","No","Yes","Yes"
"58-84-03-84",1,"No","Yes","No","No","No","Yes","No","No","No","No","No","No","Yes","No","Yes","Yes","Yes"
"58-84-03-84",2,"No","Yes","No","No","No","Yes","No","No","No","No","No","No","Yes","No","Yes","Yes","Yes"
"41-54-65-45",1,"No","Yes","Yes","Yes","Yes","Yes","No","No","No","Yes","No","No","No","No","Yes","Yes","Yes"
"41-54-65-45",4,"No","Yes","No","Yes","Yes","Yes","No","No","No","No","No","Yes","Yes","No","Yes","Yes","Yes"
"55-68-02-17",1,"No","Yes","No","Yes","Yes","Yes","No","No","No","No","No","No","Yes","No","Yes","No","Yes"
"55-68-02-17",2,"No","Yes","No","Yes","No","Yes","No","No","No","No","No","No","Yes","No","Yes","No","Yes"
"14-43-79-24",1,"No","Yes","No","Yes","Yes","Yes","No","No","No","No","No","Yes","No","No","Yes","Yes","Yes"
"14-43-79-24",2,"No","Yes","Yes","Yes","Yes","Yes","No","No","No","No","No","Yes","Yes","Yes","Yes","Yes","Yes"
"06-98-04-04",1,"No","Yes","No","Yes","No","Yes","No","No","No","No","No","No","No","No","Yes","No","No"
"48-67-43-42",2,"No","Yes","No","No","No","No","No","No","No","No","No","Yes","Yes","No","Yes","Yes","Yes"
"46-95-07-61",1,"No","Yes","Yes","Yes","No","Yes","No","No","No","No","No","No","Yes","No","Yes","Yes","Yes"
"46-95-07-61",2,"No","Yes","Yes","Yes","No","Yes","No","No","No","No","No","No","Yes","No","Yes","Yes","Yes"
"97-29-47-65",2,"No","Yes","Yes","Yes","No","Yes","No","No","No","No","No","No","Yes","No","Yes","Yes","Yes"
"97-29-47-65",3,"No","Yes","Yes","Yes","No","Yes","No","No","No","No","No","No","Yes","No","Yes","Yes","Yes"
"74-85-56-04",1,"No","Yes","No","Yes","No","No","No","No","No","No","No","No","No","No","Yes","Yes","Yes"
"74-85-56-04",2,"No","Yes","No","Yes","No","Yes","No","No","No","No","No","No","No","No","Yes","Yes","Yes"
"50-63-58-49",1,"No","Yes","Yes","Yes","No","Yes","No","No","No","No","No","No","No","No","No","No","No"
"50-63-58-49",2,"No","Yes","Yes","Yes","No","Yes","No","No","No","No","No","No","No","No","Yes","No","No"
"37-89-69-52",1,"Yes","Yes","Yes","Yes","No","Yes","No","No","No","No","No","Yes","Yes","No","Yes","Yes","Yes"
"37-89-69-52",2,"No","Yes","Yes","Yes","No","Yes","No","No","No","No","No","Yes","Yes","No","Yes","Yes","Yes"
"29-36-47-57",1,"No","Yes","No","Yes","No","Yes","No","No","No","No","No","No","No","No","No","No","No"
"96-44-22-62",1,"No","Yes","No","Yes","No","No","No","No","No","No","No","Yes","Yes","No","Yes","No","No"
"96-44-22-62",2,"No","Yes","Yes","Yes","Yes","Yes","No","No","No","Yes","No","Yes","No","No","Yes","No","No"
"02-51-86-61",2,"Yes","Yes","No","No","No","Yes","No","No","No","No","No","Yes","No","No","Yes","Yes","No"
"18-39-49-03",2,"No","Yes","Yes","Yes","No","Yes","No","No","No","Yes","No","Yes","No","No","Yes","Yes","No"
"64-03-84-99",1,"No","Yes","No","Yes","No","Yes","No","No","No","No","No","Yes","No","No","Yes","No","No"
"64-03-84-99",2,"No","Yes","No","Yes","No","Yes","No","No","No","No","No","Yes","No","No","Yes","No","No"
"49-82-95-52",1,"No","Yes","No","Yes","Yes","Yes","No","No","No","No","No","Yes","No","No","Yes","Yes","Yes"
"49-82-95-52",2,"No","Yes","No","Yes","No","Yes","Yes","No","No","No","No","Yes","No","No","No","No","No"
"59-52-11-34",1,"No","Yes","Yes","No","No","Yes","No","No","No","No","No","No","Yes","No","No","Yes","Yes"
"59-52-11-34",2,"No","Yes","Yes","No","No","Yes","No","No","No","No","No","No","Yes","No","Yes","Yes","Yes"
"59-43-90-91",1,"No","Yes","No","Yes","No","No","No","No","No","No","No","No","No","No","No","No","No"
"59-43-90-91",2,"No","Yes","No","Yes","No","No","No","No","No","No","No","No","No","No","No","No","No"
"30-40-96-29",1,"No","Yes","Yes","Yes","Yes","Yes","No","No","No","No","No","No","No","No","Yes","Yes","Yes"
"30-40-96-29",2,"No","Yes","Yes","Yes","Yes","Yes","No","No","No","No","No","No","No","No","Yes","Yes","Yes"
"57-67-24-08",1,"No","Yes","No","Yes","No","Yes","No","No","No","No","No","No","Yes","No","No","Yes","Yes"
"57-67-24-08",2,"No","Yes","No","Yes","No","Yes","No","No","No","No","No","No","Yes","No","Yes","Yes","Yes"
"51-50-93-36",1,"No","Yes","No","Yes","No","Yes","No","No","No","No","No","No","No","No","Yes","No","Yes"
"90-76-57-66",2,"No","Yes","No","Yes","No","Yes","No","No","No","No","No","No","No","No","Yes","Yes","Yes"
"69-63-24-75",2,"No","Yes","No","No","No","Yes","No","No","No","Yes","No","Yes","No","No","Yes","No","Yes"
"98-67-98-63",1,"No","Yes","No","Yes","No","Yes","No","No","No","No","No","No","No","No","Yes","Yes","Yes"
"27-72-61-17",1,"No","Yes","No","Yes","No","Yes","No","No","No","No","No","No","Yes","No","Yes","Yes","Yes"
"27-72-61-17",2,"No","Yes","No","Yes","No","Yes","No","No","No","No","No","No","Yes","No","Yes","Yes","Yes"
"37-84-88-65",1,"No","Yes","Yes","No","No","No","No","No","No","No","No","Yes","Yes","No","No","No","No"
"37-84-88-65",2,"No","Yes","Yes","No","No","No","No","No","No","No","No","Yes","Yes","No","No","No","No"
"14-81-03-80",1,"No","Yes","No","No","No","No","No","No","No","No","No","No","Yes","No","No","No","No"
"14-81-03-80",2,"No","Yes","No","No","No","No","No","No","No","No","No","Yes","No","No","No","No","No"
"53-19-96-03",1,"No","Yes","Yes","Yes","Yes","Yes","Yes","No","No","No","No","Yes","Yes","No","Yes","Yes","Yes"
"53-19-96-03",2,"No","Yes","Yes","Yes","Yes","Yes","Yes","No","No","No","No","Yes","Yes","No","Yes","Yes","Yes"
"83-97-00-24",1,"No","Yes","Yes","Yes","No","Yes","No","No","No","No","No","Yes","No","No","Yes","No","Yes"
"46-19-90-07",1,"No","Yes","No","Yes","Yes","Yes","No","No","No","No","No","No","Yes","No","Yes","Yes","Yes"
"92-29-31-08",1,"No","Yes","No","Yes","Yes","Yes","No","No","No","Yes","No","No","No","No","Yes","Yes","No"
"92-29-31-08",2,"No","Yes","Yes","Yes","Yes","Yes","No","No","No","Yes","No","No","No","No","Yes","No","No"
"17-42-40-28",1,"No","Yes","No","Yes","No","Yes","No","No","No","No","No","No","No","No","Yes","No","No"
"17-42-40-28",2,"No","Yes","No","Yes","No","Yes","No","No","No","No","No","Yes","No","No","Yes","No","No"
"45-79-64-22",1,"No","Yes","No","Yes","No","Yes","No","No","No","No","No","No","No","No","Yes","Yes","Yes"
"45-79-64-22",2,"No","Yes","No","Yes","Yes","Yes","No","No","No","No","No","No","No","No","Yes","Yes","Yes"
"13-96-72-87",2,"No","Yes","Yes","Yes","Yes","Yes","No","No","No","Yes","No","Yes","Yes","No","Yes","Yes","Yes"
"19-29-74-86",1,"No","Yes","Yes","Yes","No","Yes","No","No","No","No","No","Yes","No","No","Yes","Yes","Yes"
"35-00-29-50",1,"No","Yes","No","No","Yes","Yes","No","No","No","No","No","Yes","No","No","Yes","Yes","Yes"
"35-00-29-50",2,"No","Yes","No","Yes","No","Yes","No","No","No","No","No","Yes","No","No","Yes","Yes","Yes"
"59-86-12-12",1,"No","Yes","No","Yes","Yes","Yes","No","No","No","No","No","Yes","Yes","No","Yes","No","Yes"
"59-86-12-12",2,"No","Yes","No","Yes","Yes","Yes","No","No","No","No","No","Yes","Yes","No","Yes","Yes","Yes"
"76-11-26-21",1,"No","Yes","No","No","Yes","Yes","No","No","No","No","No","Yes","Yes","No","Yes","No","No"
"76-11-26-21",2,"No","Yes","No","No","Yes","Yes","No","No","No","No","No","No","Yes","No","Yes","No","No"
"62-32-74-83",2,"No","Yes","No","Yes","No","No","No","No","No","No","No","Yes","No","No","Yes","Yes","Yes"
"62-32-74-83",3,"No","Yes","No","Yes","No","No","No","No","No","No","No","Yes","No","No","No","No","No"
"38-96-93-13",1,"No","Yes","Yes","Yes","Yes","Yes","No","No","No","No","No","No","Yes","No","Yes","Yes","Yes"
"29-68-16-29",1,"No","Yes","Yes","No","No","Yes","No","No","No","No","No","Yes","No","No","Yes","No","No"
"29-68-16-29",2,"No","Yes","Yes","No","No","Yes","No","No","No","No","No","Yes","No","No","Yes","No","No"
"81-19-19-51",1,"No","Yes","No","No","No","Yes","No","No","No","No","No","Yes","No","No","Yes","No","No"
"81-19-19-51",2,"No","Yes","No","No","No","No","No","No","No","No","No","Yes","Yes","No","Yes","Yes","Yes"
"66-94-31-99",2,"No","Yes","No","Yes","Yes","No","No","No","No","No","No","Yes","No","No","Yes","No","No"
"49-37-92-04",1,"No","Yes","Yes","Yes","No","Yes","No","No","No","No","No","No","No","No","Yes","Yes","Yes"
"49-37-92-04",2,"No","Yes","Yes","Yes","No","Yes","No","No","No","No","No","No","No","No","Yes","Yes","Yes"
"21-55-58-12",1,"No","Yes","No","Yes","Yes","Yes","No","No","No","No","No","No","Yes","No","Yes","Yes","Yes"
"21-55-58-12",2,"No","Yes","No","Yes","Yes","Yes","No","No","No","Yes","No","No","Yes","No","Yes","No","Yes"
"12-96-07-43",2,"No","Yes","Yes","Yes","Yes","Yes","No","No","No","No","No","No","Yes","No","Yes","Yes","Yes"
"93-06-19-65",1,"No","Yes","Yes","No","Yes","No","No","No","No","No","No","No","Yes","No","No","Yes","Yes"
"93-06-19-65",2,"No","Yes","Yes","Yes","Yes","No","No","No","No","No","No","No","Yes","No","No","Yes","Yes"
"11-66-34-17",1,"No","Yes","No","No","No","Yes","No","No","No","No","No","No","Yes","No","Yes","No","Yes"
"11-66-34-17",2,"No","Yes","No","No","No","Yes","No","No","No","No","No","No","Yes","No","Yes","Yes","Yes"
"56-59-99-19",1,"No","Yes","Yes","No","No","Yes","No","No","No","No","No","Yes","No","No","Yes","No","Yes"
"56-59-99-19",2,"No","Yes","Yes","No","No","Yes","No","No","No","No","No","Yes","Yes","No","Yes","Yes","Yes"
"31-05-57-57",1,"No","Yes","No","Yes","No","Yes","No","No","No","No","No","Yes","No","No","Yes","No","Yes"
"31-05-57-57",2,"No","Yes","No","Yes","No","Yes","No","No","No","No","No","Yes","No","No","Yes","No","Yes"
"10-22-42-13",1,"No","Yes","No","No","No","Yes","No","No","No","No","No","Yes","No","No","Yes","No","No"
"78-11-12-15",1,"No","Yes","No","Yes","Yes","Yes","No","No","No","No","No","No","Yes","No","Yes","No","Yes"
"78-11-12-15",2,"No","Yes","No","Yes","Yes","Yes","No","No","No","No","No","No","Yes","No","Yes","Yes","Yes"
"46-31-75-02",1,"No","Yes","Yes","No","Yes","No","No","No","No","No","No","Yes","No","No","No","Yes","Yes"
"08-59-45-61",1,"No","Yes","No","No","No","No","No","No","No","No","No","No","Yes","No","Yes","No","Yes"
"44-58-66-87",1,"No","Yes","No","Yes","Yes","Yes","No","No","No","No","No","No","No","No","Yes","Yes","Yes"
"44-58-66-87",2,"No","Yes","No","Yes","Yes","Yes","No","No","No","No","No","No","Yes","No","Yes","Yes","Yes"
"61-83-81-67",1,"No","Yes","No","Yes","Yes","Yes","No","No","No","No","No","No","No","No","Yes","No","No"
"05-38-54-18",1,"No","Yes","No","Yes","Yes","Yes","No","No","No","No","No","Yes","Yes","No","Yes","Yes","Yes"
"83-79-00-11",1,"No","Yes","No","Yes","No","Yes","No","No","No","No","No","No","No","No","Yes","No","No"
"83-79-00-11",2,"No","Yes","No","Yes","No","Yes","No","No","No","No","No","No","No","No","Yes","No","No"
"01-37-46-42",1,"No","Yes","No","Yes","No","Yes","No","No","No","No","No","No","No","No","Yes","No","No"
"12-21-05-43",1,"No","Yes","No","No","No","Yes","No","No","No","No","No","Yes","No","No","Yes","No","Yes"
"12-21-05-43",2,"No","Yes","No","No","No","Yes","No","No","No","No","No","Yes","No","No","Yes","No","No"
"91-17-37-47",1,"No","Yes","Yes","Yes","No","Yes","No","No","No","No","No","Yes","No","No","Yes","No","Yes"
"91-17-37-47",2,"No","Yes","Yes","Yes","No","Yes","No","No","No","No","No","Yes","No","No","Yes","No","Yes"
"78-30-57-92",1,"No","Yes","Yes","Yes","Yes","Yes","No","No","No","No","No","No","Yes","No","Yes","No","Yes"
"78-30-57-92",2,"No","Yes","Yes","Yes","Yes","Yes","No","No","No","No","No","No","Yes","No","Yes","No","Yes"
"46-37-91-60",1,"No","Yes","No","No","Yes","Yes","No","No","No","Yes","No","Yes","No","No","Yes","Yes","Yes"
"46-37-91-60",2,"No","Yes","No","Yes","Yes","Yes","No","No","No","Yes","No","Yes","No","No","Yes","Yes","Yes"
"21-41-06-23",1,"No","Yes","Yes","Yes","No","Yes","No","No","No","No","No","Yes","Yes","No","Yes","No","Yes"
"21-41-06-23",3,"No","Yes","Yes","Yes","No","Yes","No","No","No","No","No","Yes","No","No","Yes","No","Yes"
"72-86-62-61",1,"No","Yes","Yes","Yes","Yes","Yes","No","No","No","No","No","Yes","Yes","No","Yes","Yes","Yes"
"10-25-72-61",1,"No","Yes","Yes","Yes","No","Yes","No","No","No","No","No","Yes","No","No","Yes","Yes","Yes"
"10-25-72-61",2,"No","Yes","No","Yes","Yes","Yes","No","No","No","No","No","No","Yes","No","Yes","No","Yes"
"09-97-42-13",1,"Yes","Yes","No","Yes","Yes","Yes","No","No","No","No","No","No","No","No","Yes","No","No"
"09-97-42-13",2,"No","Yes","No","Yes","Yes","Yes","No","No","No","No","No","No","No","No","Yes","No","No"
"40-84-03-01",1,"No","Yes","Yes","No","Yes","Yes","No","No","No","No","No","Yes","No","No","Yes","Yes","Yes"
"67-68-95-71",1,"No","Yes","Yes","No","Yes","No","Yes","No","No","No","No","Yes","Yes","No","No","Yes","Yes"
"67-68-95-71",2,"No","Yes","Yes","Yes","Yes","No","Yes","No","No","No","No","Yes","Yes","No","No","Yes","Yes"
"40-87-67-76",2,"No","Yes","No","Yes","Yes","Yes","No","No","No","Yes","No","Yes","No","No","Yes","Yes","Yes"
"53-06-55-30",1,"No","Yes","No","Yes","No","Yes","No","No","No","No","No","Yes","No","No","Yes","No","No"
"27-68-03-52",2,"Yes","Yes","Yes","Yes","Yes","Yes","No","No","No","No","No","Yes","No","No","Yes","Yes","Yes"
"31-09-93-80",1,"No","Yes","Yes","Yes","No","Yes","No","No","No","No","No","Yes","No","No","Yes","Yes","Yes"
"31-09-93-80",2,"No","Yes","Yes","Yes","Yes","Yes","No","No","No","No","No","Yes","No","No","Yes","Yes","Yes"
"99-42-64-05",2,"No","Yes","No","Yes","No","Yes","No","No","No","No","No","No","Yes","No","Yes","No","Yes"
"50-99-25-24",1,"No","Yes","No","Yes","No","Yes","No","No","No","Yes","No","Yes","No","No","Yes","No","Yes"
"43-58-14-96",2,"No","Yes","No","Yes","No","Yes","No","No","No","No","No","No","No","No","Yes","No","No"
"20-64-96-32",1,"No","Yes","Yes","Yes","Yes","Yes","No","No","No","No","No","No","No","No","Yes","No","No"
"20-64-96-32",2,"No","Yes","Yes","Yes","Yes","Yes","No","No","No","No","No","No","No","No","Yes","Yes","No"
"05-63-81-75",1,"No","Yes","No","Yes","Yes","Yes","No","No","No","No","No","No","Yes","No","Yes","Yes","Yes"
"05-63-81-75",2,"No","Yes","No","Yes","Yes","Yes","No","No","No","No","No","No","Yes","No","Yes","Yes","Yes"
"30-58-59-34",1,"No","Yes","No","Yes","Yes","Yes","Yes","No","No","No","No","Yes","No","No","Yes","No","Yes"
"37-78-49-16",1,"No","Yes","No","Yes","No","No","No","No","No","No","No","Yes","Yes","No","No","Yes","Yes"
"37-78-49-16",2,"No","Yes","No","Yes","No","No","No","No","No","No","No","Yes","Yes","No","No","Yes","Yes"
"52-38-96-08",1,"No","Yes","Yes","Yes","Yes","Yes","No","No","No","No","No","Yes","No","No","Yes","No","Yes"
"74-41-82-14",1,"No","Yes","Yes","Yes","No","No","No","No","No","No","No","No","No","No","No","No","No"
"74-41-82-14",2,"No","Yes","Yes","Yes","No","No","No","No","No","No","No","No","No","No","No","No","No"
"39-49-23-24",1,"No","Yes","No","Yes","No","Yes","No","No","No","No","No","No","Yes","No","Yes","No","Yes"
"39-49-23-24",2,"No","Yes","No","Yes","No","Yes","No","No","No","No","No","Yes","Yes","No","Yes","No","No"
"01-07-36-19",1,"No","Yes","No","Yes","No","No","No","No","No","No","No","Yes","Yes","No","No","Yes","Yes"
"01-07-36-19",2,"No","Yes","Yes","Yes","No","No","No","No","No","No","No","Yes","No","No","No","No","No"
"18-35-86-78",1,"No","Yes","No","Yes","Yes","No","No","No","No","No","No","Yes","Yes","No","Yes","No","Yes"
"48-62-04-43",1,"No","Yes","Yes","Yes","No","Yes","No","No","No","No","No","Yes","No","No","Yes","No","No"
"37-36-66-29",1,"No","Yes","No","Yes","No","Yes","No","No","No","No","No","No","Yes","No","Yes","No","No"
"37-36-66-29",2,"No","Yes","No","Yes","No","Yes","No","No","No","No","No","No","Yes","No","Yes","No","No"
"23-98-09-79",2,"No","Yes","No","No","No","Yes","No","No","No","Yes","No","No","No","No","Yes","No","No"
"17-40-48-73",1,"No","Yes","No","No","No","Yes","No","No","No","No","No","Yes","No","No","Yes","No","No"
"17-40-48-73",2,"No","Yes","No","No","No","Yes","No","No","No","No","No","Yes","No","No","Yes","No","No"
"10-94-03-72",1,"No","Yes","No","Yes","No","Yes","No","No","No","No","No","No","No","No","Yes","Yes","Yes"
"99-02-51-45",1,"No","Yes","No","No","No","No","No","No","No","No","No","Yes","No","No","Yes","No","Yes"
"80-26-66-95",1,"No","Yes","Yes","Yes","Yes","Yes","No","No","No","No","No","Yes","Yes","No","Yes","Yes","Yes"
"83-04-04-09",1,"No","Yes","No","No","No","Yes","No","No","No","Yes","No","No","No","No","Yes","No","Yes"
"83-04-04-09",2,"No","Yes","No","No","No","Yes","No","No","No","Yes","No","No","No","No","Yes","No","Yes"
"90-43-64-15",2,"No","Yes","Yes","Yes","Yes","Yes","Yes","No","No","No","No","No","Yes","No","Yes","Yes","Yes"
"07-17-03-20",2,"No","Yes","No","Yes","No","Yes","No","No","No","No","No","Yes","Yes","No","Yes","Yes","Yes"
"07-17-03-20",3,"No","Yes","No","Yes","No","Yes","No","No","No","No","No","Yes","Yes","No","Yes","No","Yes"
"83-78-16-55",1,"No","Yes","No","No","No","Yes","No","No","No","No","No","No","Yes","No","Yes","No","No"
"83-78-16-55",2,"No","Yes","No","No","No","Yes","No","No","No","No","No","No","Yes","No","Yes","Yes","Yes"
"82-41-37-73",1,"No","Yes","No","No","No","Yes","No","No","No","No","No","No","Yes","No","Yes","No","Yes"
"57-66-78-32",2,"No","Yes","No","Yes","No","Yes","No","No","No","No","No","No","No","No","Yes","No","Yes"
"19-38-64-11",1,"No","Yes","No","No","No","Yes","No","No","No","No","No","No","Yes","No","Yes","Yes","Yes"
"19-38-64-11",2,"No","Yes","No","No","No","Yes","No","No","No","No","No","No","Yes","No","Yes","Yes","Yes"
"09-79-30-27",1,"No","Yes","No","No","No","Yes","No","No","No","No","No","Yes","No","No","Yes","No","Yes"
"16-36-46-03",1,"No","Yes","No","Yes","No","Yes","No","No","No","No","No","Yes","Yes","No","Yes","No","Yes"
"16-36-46-03",2,"No","Yes","No","Yes","No","Yes","No","No","No","No","No","Yes","Yes","No","Yes","No","Yes"
"29-33-47-98",1,"No","Yes","Yes","Yes","No","Yes","No","No","No","No","No","No","Yes","No","Yes","No","Yes"
"71-36-42-24",1,"No","Yes","No","Yes","No","No","No","No","No","No","No","No","Yes","No","Yes","No","Yes"
"53-26-25-13",1,"No","Yes","Yes","Yes","Yes","Yes","Yes","No","No","No","No","No","Yes","No","Yes","Yes","Yes"
"53-26-25-13",2,"No","Yes","Yes","Yes","Yes","Yes","Yes","No","No","No","No","Yes","Yes","No","Yes","Yes","Yes"
"73-14-84-43",1,"No","Yes","Yes","Yes","Yes","Yes","No","No","No","No","No","Yes","Yes","Yes","Yes","Yes","Yes"
"73-14-84-43",2,"No","Yes","Yes","Yes","Yes","Yes","No","No","No","No","No","Yes","Yes","Yes","Yes","Yes","Yes"
"37-05-61-84",1,"No","No","Yes","No","No","No","No","No","No","No","No","No","No","No","No","No","No"
"37-05-61-84",2,"No","Yes","Yes","Yes","No","No","No","No","No","No","No","No","No","No","No","No","No"
"10-79-21-80",1,"No","Yes","No","Yes","Yes","Yes","No","No","No","No","No","Yes","No","No","Yes","Yes","Yes"
"10-79-21-80",2,"No","Yes","No","Yes","Yes","Yes","No","No","No","No","No","Yes","No","No","Yes","Yes","Yes"
"71-25-75-41",1,"No","Yes","No","Yes","No","No","No","No","No","No","No","No","Yes","No","Yes","Yes","Yes"
"71-25-75-41",2,"No","Yes","No","Yes","No","No","No","No","No","No","No","No","Yes","No","Yes","Yes","Yes"
"07-05-98-97",1,"No","Yes","No","Yes","No","Yes","No","No","No","No","No","No","Yes","No","No","No","No"
"07-05-98-97",2,"No","Yes","Yes","Yes","No","No","No","No","No","No","No","Yes","Yes","No","No","No","No"
"10-73-90-09",1,"No","Yes","No","Yes","No","Yes","No","No","No","No","No","No","Yes","No","Yes","Yes","Yes"
"10-73-90-09",2,"No","Yes","No","Yes","Yes","No","No","No","No","Yes","No","No","Yes","No","Yes","No","Yes"
"84-88-48-48",1,"No","Yes","No","Yes","Yes","Yes","No","No","No","No","No","Yes","Yes","No","Yes","Yes","Yes"
"84-88-48-48",3,"No","Yes","No","Yes","Yes","Yes","No","No","No","No","No","Yes","No","No","Yes","Yes","Yes"
"54-31-68-36",1,"No","Yes","No","Yes","No","No","No","No","No","No","No","Yes","No","No","No","Yes","Yes"
"54-31-68-36",2,"No","Yes","Yes","Yes","No","No","No","No","No","No","No","Yes","Yes","No","No","Yes","Yes"
"45-71-98-33",2,"No","Yes","No","Yes","No","No","No","No","No","No","No","No","No","No","No","No","No"
"27-11-46-19",1,"No","Yes","Yes","Yes","No","No","No","No","No","No","No","No","Yes","No","No","Yes","Yes"
"42-55-71-95",1,"No","Yes","No","Yes","No","Yes","No","No","No","Yes","No","No","No","No","Yes","Yes","No"
"42-55-71-95",2,"No","Yes","No","Yes","No","Yes","No","No","No","Yes","No","No","No","No","Yes","Yes","No"
"53-10-63-62",1,"No","Yes","Yes","Yes","No","Yes","No","No","No","Yes","No","No","No","No","Yes","No","Yes"
"53-10-63-62",2,"No","Yes","Yes","Yes","No","Yes","No","No","No","Yes","No","No","No","No","Yes","No","Yes"
"75-46-17-40",1,"No","Yes","No","Yes","Yes","Yes","No","No","No","No","No","No","No","No","Yes","No","Yes"
"75-46-17-40",2,"No","Yes","No","Yes","Yes","Yes","No","No","No","No","No","No","Yes","No","Yes","No","Yes"
"65-21-97-07",2,"No","Yes","No","Yes","No","Yes","No","No","No","No","No","No","Yes","No","Yes","Yes","Yes"
"71-15-20-71",1,"No","Yes","No","Yes","No","Yes","No","No","No","No","No","No","Yes","No","Yes","No","Yes"
"45-78-55-42",2,"No","Yes","Yes","Yes","No","Yes","No","No","No","No","No","No","No","No","Yes","Yes","Yes"
"79-58-56-71",1,"No","Yes","Yes","No","No","Yes","No","No","No","No","No","Yes","No","No","Yes","Yes","Yes"
"03-48-58-80",2,"No","Yes","Yes","No","No","Yes","No","No","No","Yes","No","No","Yes","No","Yes","No","Yes"
"27-44-99-33",1,"No","Yes","No","No","No","Yes","No","No","No","No","No","Yes","No","No","Yes","Yes","Yes"
"36-68-49-71",2,"No","Yes","Yes","Yes","No","No","No","No","No","Yes","No","No","No","No","Yes","Yes","Yes"
"36-68-49-71",3,"No","Yes","Yes","Yes","No","Yes","No","No","No","No","No","No","No","No","Yes","Yes","Yes"
"68-16-01-33",1,"No","Yes","Yes","No","Yes","Yes","No","No","No","No","No","Yes","No","No","Yes","No","Yes"
"68-16-01-33",3,"No","Yes","No","No","No","Yes","No","No","No","No","No","Yes","No","No","Yes","Yes","Yes"
"61-84-87-27",1,"No","Yes","Yes","Yes","Yes","No","No","No","No","No","Yes","No","No","No","No","Yes","Yes"
"61-84-87-27",2,"No","Yes","Yes","Yes","Yes","No","No","No","No","No","Yes","No","No","No","No","Yes","Yes"
"52-39-81-92",1,"No","Yes","Yes","Yes","No","Yes","No","No","No","No","No","Yes","No","No","Yes","No","No"
"53-10-37-83",1,"No","Yes","No","Yes","No","No","No","No","No","No","No","No","Yes","No","Yes","No","Yes"
"53-10-37-83",2,"No","Yes","No","Yes","No","No","No","No","No","No","No","No","Yes","No","Yes","No","Yes"
"20-43-08-03",2,"No","Yes","Yes","Yes","Yes","Yes","No","No","No","No","No","Yes","No","No","Yes","Yes","Yes"
"20-43-08-03",3,"No","Yes","Yes","Yes","Yes","Yes","No","No","No","No","No","No","No","No","Yes","Yes","Yes"
"82-59-96-75",2,"No","Yes","No","No","Yes","Yes","No","No","No","No","No","No","Yes","No","Yes","Yes","Yes"
"82-59-96-75",4,"No","Yes","No","Yes","No","Yes","No","No","No","No","No","No","Yes","No","Yes","No","No"
"00-90-86-19",1,"No","Yes","Yes","Yes","No","Yes","No","No","No","No","No","No","No","No","Yes","Yes","Yes"
"00-90-86-19",2,"No","Yes","Yes","Yes","Yes","Yes","No","No","No","No","No","No","No","No","Yes","Yes","Yes"
"49-39-09-00",1,"No","Yes","No","Yes","Yes","Yes","Yes","No","No","No","No","Yes","No","No","Yes","No","No"
"72-52-50-05",1,"No","Yes","Yes","Yes","No","Yes","No","No","No","No","No","No","No","No","Yes","No","Yes"
"72-52-50-05",2,"No","Yes","Yes","Yes","No","Yes","No","No","No","No","No","No","No","No","Yes","No","Yes"
"55-72-94-92",1,"No","Yes","No","Yes","Yes","No","No","No","No","No","Yes","No","No","No","No","No","No"
"55-72-94-92",2,"No","Yes","No","Yes","Yes","No","No","No","No","No","Yes","No","No","No","No","No","No"
"58-19-75-80",1,"No","Yes","No","Yes","Yes","Yes","No","No","No","No","No","Yes","No","No","Yes","No","No"
"58-19-75-80",2,"No","Yes","No","Yes","No","Yes","No","No","No","No","No","Yes","No","No","Yes","No","No"
"29-86-85-66",1,"No","Yes","No","Yes","No","Yes","No","No","No","No","No","No","No","No","Yes","Yes","No"
"29-86-85-66",2,"No","Yes","No","Yes","No","Yes","No","No","No","No","No","No","No","No","Yes","Yes","No"
"75-69-40-10",1,"No","Yes","Yes","Yes","Yes","Yes","No","No","No","No","No","Yes","No","No","Yes","No","Yes"
"75-69-40-10",2,"No","Yes","Yes","Yes","Yes","Yes","No","No","No","No","No","Yes","No","No","Yes","No","Yes"
"44-12-79-34",1,"No","Yes","No","Yes","No","Yes","No","No","No","No","No","No","No","No","Yes","Yes","No"
"44-12-79-34",2,"No","Yes","No","Yes","No","Yes","No","No","No","No","No","No","No","No","Yes","Yes","No"
"91-78-46-88",1,"No","No","Yes","Yes","No","Yes","No","No","No","No","No","Yes","No","No","Yes","Yes","Yes"
"37-25-02-09",1,"No","Yes","No","No","No","Yes","No","No","No","Yes","No","No","Yes","No","Yes","Yes","Yes"
"37-25-02-09",2,"No","Yes","No","No","Yes","Yes","No","No","No","Yes","No","No","Yes","No","Yes","Yes","Yes"
"88-73-32-16",1,"No","Yes","Yes","Yes","No","Yes","No","No","No","Yes","No","No","Yes","No","Yes","Yes","No"
"88-73-32-16",2,"No","Yes","Yes","No","No","Yes","No","No","No","Yes","No","No","Yes","No","Yes","Yes","No"
"55-56-00-41",1,"No","Yes","No","Yes","No","Yes","No","No","No","No","No","No","Yes","No","Yes","Yes","Yes"
"55-56-00-41",2,"No","Yes","No","Yes","No","No","No","No","No","No","No","No","Yes","No","Yes","Yes","Yes"
"34-77-61-74",1,"No","Yes","No","Yes","No","Yes","No","No","No","No","No","No","No","No","Yes","No","Yes"
"33-67-48-86",1,"No","Yes","No","Yes","No","Yes","No","No","No","No","No","No","No","No","Yes","No","Yes"
"33-67-48-86",2,"No","Yes","No","Yes","No","No","No","No","No","No","No","No","Yes","No","Yes","No","Yes"
"94-42-36-98",1,"No","Yes","No","Yes","Yes","Yes","No","No","No","No","No","No","No","No","Yes","No","No"
"94-42-36-98",2,"No","Yes","No","Yes","Yes","Yes","No","No","No","No","No","No","No","No","Yes","No","No"
"76-40-74-03",2,"No","Yes","Yes","Yes","No","Yes","No","No","No","No","No","No","No","No","Yes","Yes","No"
"06-67-72-60",1,"No","Yes","No","Yes","Yes","Yes","No","No","No","No","No","No","No","No","Yes","No","Yes"
"28-69-62-69",1,"No","Yes","No","Yes","No","Yes","No","No","No","No","No","No","No","No","Yes","No","No"
"28-69-62-69",2,"No","Yes","No","Yes","No","Yes","No","No","No","No","No","No","No","No","Yes","No","No"
"49-95-19-41",1,"No","Yes","No","Yes","No","No","No","No","No","No","No","No","Yes","No","No","No","No"
"49-95-19-41",2,"No","Yes","No","Yes","No","No","No","No","No","No","No","No","Yes","No","No","No","No"
"75-71-59-88",1,"No","Yes","No","Yes","Yes","Yes","No","No","No","No","No","Yes","No","No","Yes","Yes","No"
"75-71-59-88",2,"No","Yes","No","Yes","Yes","Yes","No","No","No","No","No","Yes","No","No","Yes","Yes","No"
"49-01-19-20",1,"No","Yes","No","No","No","Yes","No","No","No","No","No","Yes","No","No","Yes","No","Yes"
"49-01-19-20",2,"No","Yes","No","No","No","Yes","No","No","No","No","No","Yes","No","No","Yes","No","Yes"
"06-30-46-81",1,"No","Yes","No","Yes","No","No","No","No","No","No","No","Yes","No","No","Yes","Yes","Yes"
"06-30-46-81",2,"No","Yes","No","Yes","No","Yes","No","No","No","No","No","Yes","No","No","Yes","No","No"
"05-55-74-03",1,"No","Yes","No","No","No","Yes","No","No","No","No","No","Yes","Yes","Yes","Yes","Yes","Yes"
"05-55-74-03",2,"No","Yes","No","No","No","Yes","No","No","No","No","No","Yes","Yes","No","Yes","Yes","Yes"
"56-78-80-92",1,"No","Yes","Yes","Yes","Yes","Yes","No","No","No","No","No","No","Yes","No","Yes","Yes","Yes"
"25-17-27-31",1,"No","Yes","No","Yes","Yes","Yes","No","No","No","No","No","Yes","Yes","No","Yes","No","Yes"
"96-39-63-39",1,"No","Yes","No","Yes","Yes","Yes","No","No","No","No","No","Yes","No","No","Yes","No","No"
"96-39-63-39",2,"No","Yes","No","Yes","No","Yes","No","No","No","No","No","Yes","No","No","Yes","No","Yes"
"81-42-10-54",2,"No","Yes","No","No","Yes","Yes","No","No","No","No","No","Yes","Yes","No","Yes","Yes","Yes"
"81-46-38-58",1,"No","Yes","No","Yes","Yes","No","No","No","No","No","No","No","Yes","No","Yes","No","No"
"08-94-56-34",1,"No","Yes","No","Yes","No","Yes","No","No","No","No","No","No","No","No","Yes","No","Yes"
"24-87-22-92",1,"No","Yes","Yes","Yes","No","Yes","No","No","No","No","No","No","No","No","Yes","Yes","No"
"24-87-22-92",2,"No","Yes","Yes","Yes","No","Yes","No","No","No","No","No","No","No","No","Yes","Yes","No"
"30-69-73-88",1,"No","Yes","Yes","Yes","No","Yes","No","No","No","No","No","No","No","No","Yes","Yes","Yes"
"30-69-73-88",2,"No","Yes","Yes","Yes","No","Yes","No","No","No","No","No","No","No","No","Yes","Yes","Yes"
"72-71-89-86",1,"No","Yes","Yes","No","No","No","No","No","No","No","No","No","Yes","No","Yes","Yes","Yes"
"72-71-89-86",2,"No","Yes","Yes","No","No","No","No","No","No","No","No","No","Yes","No","Yes","Yes","Yes"
"11-04-05-87",2,"No","Yes","No","Yes","No","Yes","No","No","No","No","No","No","Yes","No","Yes","No","Yes"
"69-48-65-88",1,"No","Yes","No","Yes","No","No","No","No","No","Yes","No","Yes","Yes","No","Yes","Yes","Yes"
"18-22-43-52",1,"No","Yes","Yes","No","Yes","No","No","No","No","No","No","No","Yes","No","Yes","Yes","Yes"
"18-22-43-52",2,"No","Yes","Yes","No","Yes","Yes","No","No","No","No","No","Yes","Yes","No","Yes","No","Yes"
"92-56-88-52",1,"No","Yes","No","Yes","No","Yes","No","No","No","No","No","Yes","No","No","Yes","No","Yes"
"06-32-94-30",1,"No","Yes","No","Yes","Yes","Yes","Yes","No","No","No","No","Yes","No","No","Yes","No","Yes"
"06-32-94-30",2,"No","Yes","No","Yes","Yes","Yes","Yes","No","No","No","No","Yes","Yes","No","Yes","No","Yes"
"30-41-77-21",1,"No","Yes","No","Yes","No","Yes","No","No","No","No","No","Yes","Yes","No","Yes","No","Yes"
"30-41-77-21",2,"No","Yes","No","Yes","No","Yes","No","No","No","No","No","Yes","No","No","Yes","No","Yes"
"59-58-27-54",1,"No","Yes","No","No","No","Yes","No","No","No","No","No","No","Yes","No","Yes","No","No"
"59-58-27-54",2,"No","Yes","No","No","No","Yes","No","No","No","No","No","No","Yes","No","Yes","No","No"
"13-48-51-56",1,"No","Yes","Yes","Yes","Yes","Yes","No","No","No","No","Yes","Yes","Yes","No","Yes","Yes","Yes"
"13-03-04-40",1,"No","Yes","Yes","Yes","No","Yes","No","No","No","No","No","No","No","No","Yes","Yes","Yes"
"13-03-04-40",2,"No","Yes","Yes","Yes","Yes","Yes","No","No","Yes","No","No","Yes","No","No","Yes","Yes","Yes"
"48-62-05-19",1,"No","Yes","No","Yes","Yes","Yes","No","No","No","No","No","No","No","No","No","No","No"
"76-11-97-07",1,"No","Yes","No","Yes","Yes","Yes","No","No","No","No","No","No","No","No","Yes","No","Yes"
"48-19-22-90",1,"No","Yes","Yes","Yes","Yes","Yes","No","No","No","No","No","No","No","No","Yes","No","No"
"47-32-69-47",1,"No","Yes","No","Yes","No","No","No","No","No","No","No","No","No","No","Yes","Yes","Yes"
"77-95-12-00",1,"No","Yes","No","Yes","Yes","No","No","No","No","No","Yes","Yes","Yes","No","No","Yes","Yes"
"04-93-15-62",2,"No","Yes","No","No","No","Yes","No","No","No","No","No","Yes","Yes","No","Yes","No","No"
"40-11-92-91",2,"No","Yes","Yes","Yes","Yes","Yes","No","No","No","No","No","No","Yes","No","Yes","Yes","Yes"
"00-61-02-75",1,"No","Yes","Yes","Yes","Yes","Yes","No","No","No","No","No","Yes","Yes","No","Yes","No","No"
"00-61-02-75",2,"No","Yes","Yes","No","Yes","Yes","No","No","No","No","No","Yes","No","No","Yes","Yes","No"
"77-43-51-64",1,"No","Yes","Yes","Yes","No","Yes","No","No","No","No","No","No","No","No","Yes","Yes","No"
"75-26-65-92",1,"No","Yes","Yes","Yes","Yes","Yes","No","No","No","No","No","Yes","Yes","No","No","Yes","No"
"76-79-59-51",1,"No","Yes","No","Yes","Yes","Yes","No","No","No","No","No","Yes","Yes","No","Yes","No","Yes"
"76-79-59-51",2,"No","Yes","No","Yes","Yes","Yes","No","No","No","No","No","Yes","Yes","No","Yes","Yes","Yes"
"87-16-65-76",1,"No","Yes","Yes","No","No","Yes","No","No","No","No","No","Yes","No","No","Yes","Yes","No"
"87-16-65-76",2,"No","Yes","Yes","No","No","Yes","No","No","No","No","No","Yes","No","No","Yes","Yes","No"
"06-40-10-58",1,"No","Yes","Yes","Yes","No","Yes","No","No","No","No","No","Yes","No","No","Yes","No","No"
"06-40-10-58",2,"No","Yes","Yes","Yes","No","Yes","No","No","No","No","No","Yes","No","No","Yes","No","No"
"40-73-60-05",1,"No","Yes","Yes","Yes","Yes","Yes","No","No","No","Yes","No","No","No","No","Yes","No","Yes"
"64-68-41-59",1,"No","Yes","No","Yes","Yes","Yes","No","No","No","Yes","No","Yes","No","No","Yes","Yes","Yes"
"15-68-91-94",1,"No","Yes","No","Yes","Yes","Yes","No","No","No","No","No","Yes","No","Yes","Yes","No","No"
"15-68-91-94",2,"No","Yes","No","Yes","Yes","Yes","No","No","No","No","No","Yes","Yes","No","Yes","Yes","No"
"26-17-34-04",1,"No","Yes","No","No","Yes","No","Yes","No","No","No","No","No","No","No","Yes","No","Yes"
"26-17-34-04",2,"No","Yes","Yes","Yes","Yes","No","No","No","No","No","No","Yes","No","No","Yes","No","Yes"
"76-41-72-83",1,"No","Yes","Yes","No","No","Yes","Yes","No","No","No","No","Yes","Yes","No","Yes","No","Yes"
"76-41-72-83",2,"No","Yes","Yes","No","Yes","Yes","Yes","No","No","No","No","Yes","Yes","No","Yes","No","Yes"
"29-97-06-38",1,"Yes","Yes","Yes","Yes","Yes","Yes","No","No","No","Yes","No","No","No","No","Yes","No","No"
"46-55-47-04",1,"No","Yes","No","Yes","No","Yes","No","No","No","No","No","Yes","Yes","No","Yes","Yes","Yes"
"46-92-45-03",1,"No","Yes","Yes","Yes","No","Yes","No","No","No","No","No","Yes","No","No","Yes","No","Yes"
"46-92-45-03",2,"No","Yes","No","Yes","No","No","No","No","No","No","No","Yes","Yes","No","Yes","No","Yes"
"77-97-94-83",1,"No","Yes","No","Yes","No","Yes","No","No","No","Yes","No","No","No","No","Yes","No","Yes"
"44-20-73-48",1,"No","Yes","No","Yes","No","Yes","No","No","No","No","No","Yes","No","No","Yes","Yes","No"
"74-52-06-68",1,"No","Yes","Yes","Yes","Yes","Yes","Yes","No","No","No","No","Yes","Yes","No","Yes","Yes","Yes"
"74-52-06-68",2,"No","Yes","Yes","Yes","Yes","Yes","Yes","No","No","No","No","Yes","No","No","Yes","Yes","Yes"
"35-89-93-14",1,"No","Yes","No","Yes","No","Yes","No","No","No","No","No","No","Yes","No","Yes","Yes","No"
"35-89-93-14",2,"No","Yes","Yes","No","Yes","Yes","No","No","No","No","No","Yes","Yes","No","Yes","Yes","No"
"39-90-60-06",1,"No","Yes","No","Yes","No","No","No","No","No","No","No","No","Yes","No","Yes","No","Yes"
"39-90-60-06",2,"No","Yes","No","Yes","No","No","No","No","No","No","No","No","Yes","No","Yes","No","Yes"
"86-86-47-77",2,"No","Yes","No","Yes","Yes","Yes","No","No","No","No","No","Yes","No","No","Yes","Yes","Yes"
"61-98-86-86",1,"No","Yes","No","Yes","No","Yes","No","No","No","No","No","No","Yes","No","Yes","No","No"
"61-98-86-86",3,"No","Yes","No","Yes","No","Yes","No","No","No","No","No","No","Yes","No","Yes","No","No"
"61-87-19-25",3,"No","Yes","No","Yes","No","Yes","No","Yes","No","Yes","No","No","Yes","No","Yes","No","No"
"16-64-40-00",1,"No","Yes","Yes","Yes","No","Yes","No","No","No","No","No","No","No","No","Yes","Yes","No"
"16-64-40-00",2,"No","Yes","Yes","Yes","No","Yes","No","No","No","No","No","No","No","No","Yes","Yes","No"
"18-67-33-19",1,"No","Yes","Yes","Yes","Yes","Yes","No","No","Yes","No","No","Yes","Yes","No","Yes","Yes","Yes"
"18-67-33-19",2,"No","Yes","No","Yes","No","Yes","No","No","No","No","No","Yes","No","No","Yes","Yes","Yes"
"14-75-52-28",1,"No","Yes","No","Yes","No","Yes","No","No","No","No","No","Yes","No","No","Yes","Yes","No"
"72-96-11-00",2,"No","Yes","Yes","No","No","Yes","No","No","No","No","No","Yes","Yes","No","Yes","No","Yes"
"68-35-97-06",2,"No","Yes","Yes","Yes","No","Yes","No","No","No","No","No","No","No","No","Yes","Yes","Yes"
"00-22-25-11",1,"No","Yes","Yes","Yes","Yes","No","No","No","No","No","No","No","Yes","No","No","Yes","Yes"
"00-22-25-11",2,"No","Yes","Yes","Yes","Yes","No","No","No","No","No","No","No","Yes","No","No","Yes","Yes"
"03-51-85-17",1,"No","Yes","No","No","No","Yes","No","No","No","No","No","Yes","No","No","Yes","No","No"
"03-51-85-17",2,"No","Yes","No","No","No","Yes","No","No","No","No","No","Yes","No","No","Yes","No","No"
"26-31-55-52",1,"Yes","Yes","No","Yes","Yes","Yes","No","No","No","Yes","No","No","No","No","Yes","Yes","Yes"
"26-31-55-52",2,"No","Yes","Yes","Yes","Yes","Yes","No","No","No","Yes","No","No","No","No","Yes","Yes","Yes"
"82-96-57-24",1,"No","Yes","No","Yes","No","Yes","No","Yes","No","No","No","No","No","No","Yes","No","Yes"
"98-34-87-15",1,"No","Yes","No","Yes","No","No","No","No","No","No","No","No","Yes","No","No","No","No"
"20-44-39-67",1,"No","Yes","Yes","Yes","Yes","Yes","No","No","No","No","No","No","Yes","No","Yes","Yes","Yes"
"20-44-39-67",2,"No","Yes","Yes","Yes","Yes","Yes","No","No","No","No","No","No","Yes","No","Yes","Yes","Yes"
"73-85-71-84",1,"No","Yes","Yes","Yes","No","Yes","No","No","No","No","No","No","No","No","Yes","Yes","No"
"73-85-71-84",2,"No","Yes","Yes","Yes","No","Yes","No","No","No","No","No","No","No","No","Yes","Yes","No"
"57-10-23-73",1,"No","Yes","Yes","No","No","Yes","No","No","No","No","No","Yes","No","No","Yes","No","Yes"
"57-10-23-73",2,"No","Yes","Yes","No","No","Yes","No","No","No","No","No","Yes","No","No","Yes","No","Yes"
"27-45-94-38",1,"No","Yes","Yes","Yes","Yes","Yes","No","No","No","No","No","No","No","No","Yes","No","Yes"
"27-45-94-38",2,"No","Yes","Yes","Yes","Yes","Yes","No","No","No","No","No","No","No","No","Yes","No","Yes"
"07-14-85-97",1,"No","Yes","Yes","Yes","No","Yes","No","No","No","No","No","Yes","No","No","Yes","Yes","Yes"
"55-58-44-60",1,"No","Yes","Yes","Yes","No","No","No","No","No","No","No","No","Yes","No","No","No","No"
"54-97-37-44",1,"No","Yes","No","No","Yes","Yes","No","No","No","No","No","Yes","Yes","No","Yes","Yes","Yes"
"25-51-59-02",1,"No","Yes","No","Yes","No","Yes","No","No","No","No","No","No","No","No","Yes","No","Yes"
"98-34-54-09",1,"No","Yes","No","Yes","Yes","Yes","No","No","No","No","No","Yes","No","No","Yes","No","Yes"
"98-34-54-09",2,"No","Yes","No","Yes","Yes","Yes","No","No","No","No","No","Yes","Yes","No","Yes","No","Yes"
"69-46-62-21",1,"No","Yes","No","Yes","No","Yes","No","No","No","No","No","No","No","No","Yes","No","No"
"69-46-62-21",3,"No","Yes","No","Yes","No","Yes","No","No","No","No","No","No","Yes","No","Yes","No","Yes"
"69-92-29-73",1,"No","Yes","No","Yes","Yes","Yes","No","No","No","No","No","No","No","No","Yes","No","Yes"
"37-17-48-58",1,"No","No","Yes","Yes","Yes","Yes","No","Yes","No","No","No","No","No","No","Yes","Yes","Yes"
"85-72-34-53",2,"No","Yes","No","No","No","Yes","No","No","No","No","No","No","Yes","No","Yes","No","No"
"73-56-72-00",1,"No","Yes","No","Yes","No","Yes","No","No","No","No","No","No","Yes","No","Yes","No","Yes"
"39-00-66-90",1,"No","Yes","Yes","Yes","No","Yes","No","No","No","No","No","Yes","No","No","Yes","No","Yes"
"39-00-66-90",2,"No","Yes","No","Yes","Yes","Yes","No","No","No","No","No","Yes","No","No","Yes","No","Yes"
"52-72-83-96",1,"No","Yes","Yes","Yes","No","Yes","No","No","No","No","No","No","No","No","Yes","Yes","No"
"27-89-15-08",2,"No","Yes","No","No","Yes","Yes","Yes","No","No","No","No","Yes","Yes","No","Yes","No","Yes"
"38-15-27-24",1,"No","Yes","Yes","Yes","No","No","No","No","No","No","No","Yes","No","No","No","Yes","Yes"
"38-15-27-24",2,"No","Yes","Yes","Yes","No","No","No","No","No","No","No","Yes","Yes","No","No","Yes","Yes"
"32-53-41-40",1,"No","Yes","Yes","Yes","Yes","Yes","No","No","No","No","No","No","No","No","Yes","Yes","Yes"
"32-53-41-40",2,"No","Yes","Yes","Yes","Yes","Yes","No","No","No","Yes","No","Yes","Yes","No","Yes","Yes","Yes"
"90-85-65-68",1,"No","Yes","Yes","Yes","No","Yes","No","No","No","No","No","Yes","No","No","Yes","Yes","Yes"
"90-85-65-68",2,"No","Yes","Yes","Yes","No","Yes","No","No","No","No","No","Yes","No","No","Yes","Yes","Yes"
"07-04-06-31",1,"No","Yes","No","Yes","Yes","No","No","No","No","No","No","No","Yes","No","No","Yes","Yes"
"00-51-21-96",2,"No","Yes","Yes","Yes","No","Yes","No","No","No","No","No","No","No","No","Yes","Yes","No"
"29-09-67-77",1,"No","Yes","Yes","Yes","No","Yes","No","No","No","No","No","Yes","Yes","Yes","Yes","No","Yes"
"18-57-30-30",1,"No","Yes","Yes","Yes","Yes","Yes","Yes","No","No","No","No","Yes","No","No","Yes","No","Yes"
"06-67-52-73",1,"No","Yes","Yes","Yes","No","Yes","No","No","Yes","No","No","Yes","No","No","Yes","Yes","Yes"
"06-67-52-73",2,"No","Yes","Yes","Yes","No","Yes","No","No","No","No","No","Yes","No","No","Yes","Yes","Yes"
"63-98-43-96",2,"No","Yes","No","Yes","No","Yes","No","No","No","No","No","No","No","No","Yes","No","No"
"95-39-48-28",1,"No","Yes","No","No","Yes","Yes","Yes","No","No","No","No","No","Yes","No","Yes","No","Yes"
"95-39-48-28",2,"No","Yes","No","No","Yes","Yes","Yes","No","No","No","No","No","Yes","No","Yes","No","Yes"
"09-57-06-65",1,"No","Yes","Yes","Yes","No","No","No","No","No","No","No","No","No","No","No","No","No"
"09-57-06-65",2,"No","Yes","Yes","Yes","No","No","No","No","No","No","No","No","No","No","No","No","No"
"10-32-71-90",1,"No","Yes","No","Yes","Yes","Yes","No","No","No","No","No","Yes","No","No","Yes","No","Yes"
"10-32-71-90",2,"No","Yes","No","Yes","Yes","Yes","No","No","No","No","No","Yes","No","No","Yes","No","Yes"
"91-48-09-94",1,"No","Yes","Yes","Yes","No","Yes","No","No","No","No","No","No","No","No","Yes","Yes","No"
"20-98-55-75",1,"No","Yes","No","Yes","No","Yes","No","No","No","No","No","Yes","No","No","Yes","No","No"
"20-98-55-75",2,"No","Yes","No","Yes","No","Yes","No","No","No","No","No","Yes","No","No","Yes","No","No"
"60-93-12-22",1,"No","Yes","No","Yes","No","Yes","No","No","No","No","No","Yes","Yes","No","Yes","No","Yes"
"60-93-12-22",2,"No","Yes","No","Yes","No","Yes","No","No","No","No","No","Yes","No","No","Yes","No","Yes"
"08-84-40-54",1,"No","Yes","Yes","Yes","No","Yes","No","No","No","No","No","No","Yes","No","Yes","No","Yes"
"19-25-10-78",1,"No","Yes","No","Yes","Yes","Yes","No","No","No","No","No","Yes","No","No","Yes","No","Yes"
"71-72-13-14",1,"No","Yes","No","Yes","No","Yes","No","No","No","No","No","Yes","No","No","Yes","Yes","Yes"
"71-72-13-14",2,"No","Yes","No","Yes","No","Yes","No","No","No","No","No","Yes","No","No","No","Yes","Yes"
"03-15-75-14",1,"No","Yes","No","Yes","No","Yes","No","No","No","No","No","Yes","No","No","Yes","Yes","No"
"44-83-75-40",1,"No","Yes","No","Yes","Yes","No","No","No","No","No","No","No","No","No","Yes","No","Yes"
"50-57-49-63",1,"No","Yes","Yes","Yes","No","No","No","No","No","No","No","No","Yes","No","No","Yes","Yes"
"50-57-49-63",2,"No","Yes","Yes","Yes","No","No","No","No","No","No","No","No","Yes","No","No","Yes","Yes"
"70-71-45-76",1,"No","Yes","Yes","No","Yes","No","No","No","No","No","No","No","No","No","Yes","No","No"
"60-32-51-97",1,"No","Yes","Yes","Yes","Yes","Yes","No","No","No","No","No","Yes","No","No","Yes","Yes","Yes"
"60-32-51-97",2,"No","Yes","Yes","Yes","Yes","Yes","No","No","No","No","No","Yes","No","Yes","Yes","Yes","Yes"
"52-97-46-11",1,"No","Yes","No","Yes","No","No","No","No","No","No","No","Yes","No","No","No","No","No"
"52-97-46-11",2,"No","Yes","No","Yes","No","No","No","No","No","No","No","Yes","No","No","No","No","No"
"57-86-44-24",1,"No","Yes","Yes","Yes","No","Yes","No","No","No","No","No","Yes","No","No","Yes","Yes","Yes"
"57-86-44-24",2,"No","Yes","Yes","Yes","No","Yes","No","No","No","No","No","No","Yes","No","Yes","Yes","Yes"
"32-33-62-20",1,"No","Yes","No","No","No","Yes","No","No","No","No","No","No","Yes","No","No","No","No"
"32-33-62-20",2,"No","Yes","No","No","No","No","No","No","No","No","No","No","Yes","No","No","No","No"
"36-53-13-35",1,"No","Yes","Yes","Yes","No","Yes","No","No","No","No","No","No","Yes","No","Yes","Yes","Yes"
"36-53-13-35",2,"No","Yes","Yes","Yes","No","Yes","No","No","No","No","No","No","Yes","No","Yes","Yes","Yes"
"84-76-53-05",1,"Yes","Yes","Yes","Yes","Yes","Yes","No","No","No","No","No","No","No","No","Yes","Yes","No"
"43-02-03-01",1,"No","Yes","Yes","Yes","No","Yes","No","No","No","No","No","No","No","No","Yes","Yes","Yes"
"43-02-03-01",2,"No","Yes","Yes","Yes","No","Yes","No","No","No","No","No","No","No","No","Yes","Yes","Yes"
"11-80-97-44",1,"No","Yes","Yes","Yes","No","Yes","No","No","No","No","No","No","No","No","Yes","Yes","No"
"11-80-97-44",4,"No","Yes","Yes","Yes","No","Yes","No","No","No","No","No","No","No","No","Yes","Yes","No"
"76-93-73-76",1,"No","Yes","Yes","No","No","No","No","No","No","No","No","No","Yes","No","Yes","Yes","Yes"
"76-93-73-76",2,"No","Yes","Yes","No","No","No","No","No","No","No","No","No","Yes","No","No","No","Yes"
"65-71-79-01",1,"No","Yes","No","No","No","Yes","No","No","No","No","No","No","Yes","No","Yes","No","Yes"
"65-71-79-01",2,"No","Yes","No","No","No","Yes","No","No","No","No","No","No","Yes","No","Yes","No","Yes"
"76-37-92-47",1,"No","Yes","Yes","Yes","No","Yes","No","No","No","No","No","No","No","No","Yes","Yes","Yes"
"70-40-73-54",1,"No","Yes","Yes","Yes","No","Yes","No","No","No","No","No","No","Yes","No","Yes","Yes","Yes"
"70-40-73-54",2,"No","Yes","Yes","Yes","Yes","Yes","No","No","No","No","No","No","Yes","No","Yes","Yes","Yes"
"88-42-92-11",1,"No","Yes","No","Yes","No","No","No","No","No","No","No","No","No","No","No","No","No"
"88-42-92-11",2,"No","Yes","No","Yes","No","No","No","No","No","No","No","No","No","No","No","No","No"
"37-29-80-51",1,"No","Yes","Yes","Yes","No","Yes","No","No","No","No","No","No","No","No","Yes","No","No"
"37-29-80-51",2,"No","Yes","Yes","Yes","No","Yes","No","No","No","No","No","No","No","No","Yes","No","No"
"50-63-32-01",2,"No","Yes","Yes","Yes","Yes","Yes","No","No","No","No","No","Yes","No","No","Yes","Yes","No"
"46-39-02-59",2,"No","Yes","Yes","No","No","No","No","No","No","No","No","No","No","No","No","Yes","No"
"62-41-43-18",1,"No","Yes","No","Yes","No","Yes","No","No","No","No","No","Yes","No","No","Yes","No","Yes"
"62-41-43-18",2,"No","Yes","No","Yes","No","Yes","No","No","No","No","No","Yes","No","No","Yes","No","Yes"
"28-20-80-35",1,"No","Yes","Yes","Yes","Yes","Yes","No","No","No","No","No","No","Yes","No","Yes","No","Yes"
"28-20-80-35",2,"No","Yes","Yes","Yes","Yes","Yes","No","No","No","No","No","No","Yes","No","Yes","No","Yes"
"56-49-64-65",1,"No","Yes","Yes","Yes","No","Yes","No","No","Yes","No","No","No","No","No","Yes","No","Yes"
"56-49-64-65",2,"No","Yes","Yes","Yes","Yes","Yes","No","No","Yes","No","No","No","No","No","Yes","Yes","Yes"
"56-98-22-95",1,"No","Yes","Yes","Yes","Yes","Yes","No","No","No","No","No","Yes","No","No","Yes","Yes","Yes"
"56-98-22-95",2,"No","Yes","Yes","Yes","Yes","Yes","No","No","No","No","No","Yes","No","No","Yes","Yes","Yes"
"68-55-46-57",1,"No","Yes","Yes","Yes","No","Yes","No","No","No","No","No","No","Yes","No","Yes","No","Yes"
"42-72-39-66",1,"No","Yes","Yes","Yes","No","Yes","No","No","No","No","No","No","No","No","Yes","Yes","No"
"92-09-40-22",1,"No","Yes","No","Yes","No","No","No","No","No","No","No","No","No","No","No","No","No"
"92-09-40-22",2,"No","Yes","No","Yes","No","No","No","No","No","No","No","No","No","No","No","No","No"
"95-71-61-75",1,"No","Yes","Yes","Yes","Yes","Yes","No","No","No","No","No","No","Yes","No","Yes","Yes","No"
"95-71-61-75",2,"No","Yes","Yes","Yes","Yes","Yes","No","No","No","No","No","No","Yes","No","Yes","Yes","No"
"78-85-83-34",1,"No","Yes","Yes","Yes","No","No","No","No","No","No","No","No","No","No","No","Yes","Yes"
"78-85-83-34",2,"No","Yes","Yes","Yes","No","No","No","No","No","No","No","No","No","No","No","Yes","Yes"
"88-65-02-29",1,"Yes","Yes","Yes","Yes","No","Yes","No","No","No","No","No","No","Yes","No","Yes","No","No"
"04-34-31-80",1,"No","Yes","No","Yes","No","Yes","No","No","No","No","No","No","No","No","Yes","No","No"
"91-55-85-33",1,"No","Yes","No","Yes","Yes","Yes","No","No","No","No","No","Yes","No","No","No","No","No"
"40-53-56-12",2,"No","Yes","Yes","Yes","Yes","Yes","No","No","No","No","No","No","No","No","Yes","No","Yes"
"27-46-53-11",1,"No","Yes","No","Yes","Yes","Yes","Yes","Yes","No","No","No","No","No","No","Yes","No","No"
"27-46-53-11",2,"No","Yes","No","Yes","Yes","Yes","Yes","No","No","No","No","No","No","No","Yes","Yes","No"
"08-92-74-48",1,"No","Yes","Yes","Yes","Yes","Yes","No","No","No","No","No","Yes","No","No","Yes","Yes","Yes"
"08-92-74-48",2,"No","Yes","Yes","Yes","Yes","Yes","No","No","No","No","No","Yes","No","No","Yes","Yes","Yes"
"59-22-70-12",1,"No","Yes","Yes","Yes","Yes","Yes","No","No","No","No","No","No","No","No","Yes","Yes","No"
"59-22-70-12",2,"No","Yes","Yes","Yes","Yes","Yes","No","No","No","No","No","No","No","No","Yes","Yes","No"
"02-60-78-89",1,"No","Yes","No","Yes","Yes","Yes","No","No","No","No","No","No","No","No","Yes","No","No"
"02-60-78-89",2,"No","Yes","No","Yes","Yes","Yes","No","No","No","No","No","No","No","No","Yes","Yes","No"
"16-17-09-10",1,"No","Yes","Yes","Yes","No","Yes","No","No","No","No","No","No","Yes","No","Yes","Yes","Yes"
"16-17-09-10",2,"No","Yes","Yes","Yes","No","Yes","No","No","No","No","No","No","Yes","No","Yes","Yes","Yes"
"04-43-83-44",1,"No","Yes","Yes","Yes","Yes","Yes","Yes","No","No","No","No","Yes","No","No","Yes","No","Yes"
"04-43-83-44",2,"No","Yes","Yes","Yes","Yes","Yes","No","No","No","No","No","Yes","No","No","Yes","No","No"
"35-46-63-78",2,"No","Yes","No","Yes","No","Yes","No","No","No","No","No","No","No","No","Yes","Yes","Yes"
"78-47-97-25",1,"No","Yes","No","No","No","Yes","No","No","No","No","No","Yes","Yes","No","Yes","Yes","Yes"
"78-47-97-25",2,"No","Yes","No","No","No","Yes","No","No","No","No","No","Yes","Yes","No","Yes","Yes","Yes"
"19-28-85-33",1,"No","Yes","No","Yes","No","Yes","No","No","No","No","No","No","No","No","Yes","No","No"
"19-28-85-33",2,"No","Yes","No","Yes","No","Yes","No","No","No","No","No","No","No","No","Yes","No","No"
"37-69-53-39",1,"No","Yes","No","No","Yes","Yes","No","No","No","No","No","No","Yes","No","Yes","No","Yes"
"37-69-53-39",2,"No","Yes","No","No","Yes","Yes","No","No","No","No","No","No","Yes","No","Yes","Yes","Yes"
"34-87-20-64",2,"No","Yes","No","Yes","No","Yes","No","No","No","No","No","No","No","No","No","No","No"
"36-80-61-02",1,"No","Yes","Yes","Yes","No","No","No","No","No","No","No","No","No","No","Yes","No","Yes"
"86-69-42-68",1,"No","Yes","No","Yes","No","Yes","No","No","No","No","No","Yes","Yes","No","Yes","No","Yes"
"86-69-42-68",2,"No","Yes","No","Yes","Yes","Yes","Yes","No","No","No","No","Yes","Yes","No","Yes","Yes","No"
"20-42-84-32",1,"No","Yes","No","Yes","Yes","Yes","Yes","Yes","No","No","No","No","Yes","No","Yes","No","No"
"20-42-84-32",2,"No","Yes","No","Yes","Yes","Yes","Yes","No","No","No","No","Yes","No","No","Yes","Yes","No"
"80-28-03-90",2,"No","Yes","Yes","Yes","Yes","Yes","No","No","No","No","No","No","Yes","No","Yes","No","Yes"
"80-28-03-90",5,"No","Yes","Yes","Yes","Yes","Yes","No","No","No","No","No","No","Yes","No","Yes","No","Yes"
"76-65-87-56",1,"No","Yes","Yes","Yes","No","Yes","No","No","No","No","No","No","No","No","Yes","Yes","No"
"76-65-87-56",2,"No","Yes","Yes","Yes","Yes","Yes","No","No","No","No","No","No","No","No","Yes","Yes","No"
"32-43-86-95",1,"No","Yes","No","Yes","No","No","No","No","No","No","No","No","Yes","No","Yes","No","No"
"32-43-86-95",2,"No","Yes","No","No","No","Yes","No","No","No","No","No","Yes","Yes","No","Yes","Yes","Yes"
"88-70-65-41",1,"No","Yes","No","Yes","Yes","Yes","No","No","No","No","No","No","Yes","No","Yes","No","Yes"
"88-70-65-41",2,"No","Yes","No","Yes","Yes","Yes","Yes","No","No","No","No","No","No","No","Yes","No","Yes"
"76-49-57-67",1,"No","Yes","No","Yes","Yes","Yes","No","No","No","No","No","No","No","No","Yes","No","Yes"
"79-79-17-52",1,"No","Yes","No","Yes","No","No","No","No","No","No","No","Yes","No","No","Yes","No","Yes"
"79-79-17-52",3,"No","Yes","Yes","Yes","No","Yes","No","No","No","Yes","No","Yes","No","No","Yes","Yes","No"
"53-44-93-49",1,"No","Yes","No","Yes","No","Yes","No","No","No","No","No","No","No","No","Yes","No","Yes"
"65-67-08-82",1,"Yes","Yes","No","Yes","Yes","Yes","No","No","No","Yes","No","Yes","No","No","Yes","No","No"
"65-67-08-82",2,"No","Yes","No","Yes","Yes","Yes","No","No","No","Yes","No","Yes","No","No","Yes","No","No"
"43-85-20-59",1,"No","Yes","Yes","Yes","No","No","Yes","No","No","No","No","Yes","Yes","No","Yes","Yes","Yes"
"43-85-20-59",5,"No","Yes","Yes","Yes","No","No","No","No","No","No","No","Yes","No","No","Yes","No","No"
"11-14-22-98",1,"No","Yes","No","Yes","No","Yes","No","No","No","No","No","Yes","Yes","No","Yes","No","Yes"
"11-14-22-98",2,"No","Yes","Yes","Yes","No","Yes","No","No","No","No","No","Yes","Yes","No","Yes","No","Yes"
"31-06-08-24",1,"No","Yes","No","Yes","Yes","Yes","No","No","No","No","No","No","No","No","Yes","No","No"
"31-06-08-24",2,"No","Yes","No","Yes","No","No","No","No","No","No","No","No","No","No","Yes","No","Yes"
"01-43-23-45",2,"No","Yes","No","No","Yes","Yes","No","No","No","No","No","Yes","Yes","No","Yes","Yes","Yes"
"01-43-23-45",3,"No","Yes","No","No","No","Yes","No","No","No","No","No","Yes","No","No","Yes","Yes","Yes"
"45-46-82-37",1,"No","Yes","No","No","No","No","No","No","No","No","No","No","Yes","No","Yes","No","No"
"45-46-82-37",2,"No","Yes","No","No","No","No","No","No","No","No","No","No","Yes","No","Yes","No","No"
"11-87-22-26",1,"No","Yes","No","Yes","No","No","No","No","No","No","No","Yes","No","No","No","No","No"
"13-55-89-83",1,"No","Yes","Yes","Yes","No","Yes","No","No","No","Yes","No","Yes","No","No","Yes","Yes","Yes"
"13-55-89-83",2,"No","Yes","Yes","Yes","Yes","Yes","No","No","No","Yes","No","Yes","Yes","No","Yes","Yes","Yes"
"34-71-86-92",1,"No","Yes","Yes","Yes","No","Yes","No","No","No","No","No","Yes","No","No","Yes","Yes","Yes"
"34-71-86-92",2,"No","Yes","Yes","Yes","No","Yes","No","No","No","No","No","No","Yes","No","Yes","Yes","Yes"
"59-34-02-76",1,"No","Yes","No","Yes","No","Yes","No","No","No","No","No","No","No","No","Yes","No","No"
"59-34-02-76",4,"No","Yes","No","Yes","No","No","No","No","No","No","No","No","No","No","Yes","No","No"
"94-38-09-90",1,"No","Yes","No","Yes","No","No","No","No","No","No","No","Yes","Yes","No","Yes","No","No"
"94-38-09-90",2,"No","Yes","No","Yes","No","Yes","No","No","No","No","No","Yes","Yes","No","Yes","No","No"
"78-25-48-01",1,"No","Yes","No","Yes","Yes","Yes","No","No","No","No","No","Yes","Yes","No","Yes","Yes","Yes"
"46-93-32-00",1,"No","Yes","Yes","Yes","No","Yes","No","No","No","No","No","No","No","No","Yes","No","No"
"46-93-32-00",2,"No","Yes","Yes","Yes","No","Yes","No","No","No","No","No","No","No","No","Yes","No","No"
"12-39-85-61",1,"No","Yes","Yes","Yes","No","Yes","No","No","No","No","No","No","No","No","Yes","Yes","Yes"
"12-39-85-61",2,"No","Yes","Yes","Yes","No","Yes","No","No","No","No","No","No","No","No","Yes","Yes","Yes"
"28-05-35-45",1,"No","Yes","Yes","Yes","No","No","No","No","No","No","No","Yes","No","No","No","No","No"
"28-05-35-45",2,"No","Yes","Yes","Yes","No","No","No","No","No","No","No","Yes","No","No","No","No","No"
"30-60-59-31",1,"No","Yes","No","Yes","No","Yes","No","No","No","No","No","Yes","No","No","Yes","No","No"
"30-60-59-31",2,"No","Yes","No","Yes","Yes","Yes","No","No","No","Yes","No","Yes","No","No","Yes","No","Yes"
"47-75-15-04",1,"Yes","Yes","No","Yes","No","Yes","No","No","No","No","No","No","Yes","No","Yes","Yes","No"
"47-75-15-04",2,"No","Yes","No","Yes","No","Yes","No","No","No","No","No","No","Yes","No","Yes","No","No"
"53-29-56-16",1,"No","Yes","Yes","Yes","No","Yes","No","No","No","No","No","No","Yes","No","Yes","No","Yes"
"35-42-89-22",1,"No","Yes","No","No","No","Yes","No","No","No","No","No","Yes","No","No","Yes","No","Yes"
"35-42-89-22",2,"No","Yes","No","No","No","Yes","No","No","No","No","No","Yes","No","No","Yes","No","No"
"88-29-43-39",1,"No","Yes","Yes","No","No","No","No","No","No","No","No","No","No","No","No","No","No"
"59-28-36-67",1,"No","Yes","No","No","No","No","No","No","No","No","No","Yes","No","No","Yes","No","Yes"
"59-28-36-67",2,"No","Yes","No","No","No","No","No","No","No","No","No","Yes","No","No","Yes","No","Yes"
"86-03-36-52",1,"No","Yes","No","Yes","No","No","No","No","No","No","No","No","No","No","Yes","No","Yes"
"23-49-64-16",1,"No","Yes","Yes","Yes","No","Yes","No","No","No","No","No","No","No","No","Yes","No","Yes"
"23-49-64-16",2,"No","Yes","Yes","Yes","No","Yes","No","No","No","No","No","No","No","No","Yes","No","Yes"
"08-79-12-23",1,"No","Yes","Yes","No","Yes","No","No","No","No","No","No","Yes","Yes","No","No","Yes","Yes"
"08-79-12-23",2,"No","Yes","Yes","No","Yes","No","No","No","No","No","No","Yes","Yes","No","No","Yes","Yes"
"26-41-89-58",1,"No","Yes","Yes","Yes","No","Yes","No","No","No","No","No","No","No","No","Yes","Yes","No"
"26-41-89-58",2,"No","Yes","Yes","Yes","No","Yes","No","No","No","No","No","No","No","No","Yes","Yes","No"
"68-77-96-37",1,"No","Yes","No","Yes","No","No","No","No","No","No","No","Yes","No","No","No","No","No"
"68-77-96-37",2,"No","Yes","No","Yes","No","No","No","No","No","No","No","Yes","No","No","No","No","No"
"52-83-38-94",1,"No","Yes","Yes","Yes","No","Yes","No","No","No","No","No","Yes","Yes","No","Yes","Yes","Yes"
"52-83-38-94",2,"No","Yes","Yes","No","No","Yes","No","No","No","No","No","No","Yes","No","Yes","No","Yes"
"67-08-14-84",1,"No","Yes","Yes","Yes","Yes","Yes","No","No","No","No","No","No","Yes","No","Yes","Yes","Yes"
"67-08-14-84",2,"No","Yes","Yes","Yes","Yes","Yes","No","No","No","No","No","No","Yes","No","Yes","Yes","Yes"
"43-44-83-36",1,"No","Yes","No","No","No","No","No","No","No","No","No","No","Yes","No","No","No","No"
"43-44-83-36",2,"No","Yes","No","No","No","No","No","No","No","No","No","No","Yes","No","No","No","No"
"97-03-37-68",1,"No","Yes","Yes","Yes","No","No","No","No","No","No","No","No","Yes","No","No","No","No"
"26-04-46-11",1,"No","Yes","Yes","Yes","No","Yes","No","No","No","No","No","No","No","No","Yes","Yes","No"
"26-04-46-11",2,"No","Yes","Yes","Yes","No","Yes","No","No","No","No","No","No","No","Yes","Yes","No","No"
"64-89-33-44",1,"No","Yes","No","Yes","Yes","No","No","No","No","No","No","Yes","No","No","Yes","No","Yes"
"64-89-33-44",2,"No","Yes","Yes","Yes","No","No","No","No","No","No","No","Yes","No","No","Yes","No","No"
"09-37-28-22",2,"No","Yes","No","Yes","No","Yes","No","No","No","No","No","No","No","No","Yes","No","No"
"11-87-63-69",1,"No","Yes","Yes","Yes","No","Yes","No","No","No","No","No","No","No","No","Yes","No","No"
"11-87-63-69",3,"No","Yes","Yes","Yes","No","Yes","No","No","No","No","No","No","No","No","Yes","No","No"
"21-48-73-26",1,"No","Yes","Yes","Yes","No","Yes","No","No","No","No","No","Yes","Yes","No","Yes","No","Yes"
"21-48-73-26",7,"No","Yes","Yes","Yes","No","Yes","No","No","No","No","No","Yes","Yes","No","Yes","No","Yes"
"95-62-47-68",1,"No","Yes","Yes","Yes","No","Yes","No","No","No","No","No","No","No","Yes","Yes","No","No"
"95-62-47-68",2,"No","Yes","Yes","Yes","No","Yes","No","No","No","No","No","No","No","Yes","Yes","No","No"
"22-57-11-64",1,"No","Yes","No","Yes","No","Yes","No","No","No","No","No","No","No","No","Yes","No","No"
"22-57-11-64",2,"No","Yes","No","Yes","No","Yes","No","No","No","No","No","No","No","No","Yes","No","No"
"16-16-37-56",1,"No","Yes","Yes","Yes","No","Yes","No","No","No","No","No","No","Yes","No","Yes","Yes","Yes"
"16-16-37-56",2,"No","Yes","Yes","Yes","No","Yes","No","No","No","No","No","No","Yes","No","Yes","Yes","Yes"
"90-41-66-63",1,"No","Yes","No","No","No","Yes","No","No","No","No","No","No","Yes","No","Yes","No","No"
"90-41-66-63",4,"No","Yes","No","No","No","Yes","No","No","No","No","No","No","Yes","No","Yes","No","No"
"86-61-37-71",1,"No","Yes","No","Yes","No","Yes","No","No","No","No","No","Yes","Yes","No","Yes","No","Yes"
"86-61-37-71",3,"No","Yes","No","Yes","No","Yes","No","No","No","No","No","No","Yes","No","Yes","Yes","Yes"
"51-98-81-10",1,"No","Yes","Yes","No","Yes","Yes","No","No","No","No","No","Yes","Yes","No","Yes","Yes","Yes"
"86-70-80-56",1,"No","Yes","Yes","Yes","Yes","Yes","No","No","No","No","No","No","No","No","Yes","No","No"
"61-70-60-57",1,"No","Yes","No","Yes","No","Yes","No","No","No","No","No","Yes","No","No","Yes","Yes","Yes"
"61-70-60-57",2,"No","Yes","No","Yes","No","Yes","No","No","No","No","No","Yes","Yes","No","Yes","Yes","Yes"
"28-51-95-56",1,"No","Yes","Yes","Yes","No","Yes","No","No","No","No","No","No","Yes","Yes","Yes","No","Yes"
"28-51-95-56",2,"No","Yes","Yes","Yes","No","Yes","No","No","No","No","No","No","Yes","No","Yes","No","No"
"51-09-05-08",1,"No","No","Yes","Yes","Yes","Yes","No","No","No","Yes","No","No","No","No","Yes","No","Yes"
"35-94-61-77",1,"No","Yes","No","Yes","No","Yes","No","No","No","No","No","No","No","No","Yes","No","No"
"36-72-98-05",1,"No","Yes","No","No","No","No","No","No","No","No","No","Yes","Yes","No","No","No","No"
"36-72-98-05",2,"No","Yes","No","No","No","No","No","No","No","No","No","Yes","Yes","No","No","No","No"
"40-64-72-16",2,"No","Yes","No","Yes","No","Yes","No","No","No","No","No","No","No","No","Yes","No","No"
"40-64-72-16",3,"No","Yes","No","Yes","No","Yes","No","No","No","No","No","No","No","No","Yes","No","No"
"98-62-02-19",1,"No","Yes","No","No","No","Yes","No","No","No","No","No","No","Yes","Yes","Yes","Yes","Yes"
"23-24-36-18",1,"No","Yes","Yes","Yes","No","No","No","No","No","No","No","Yes","No","No","No","No","No"
"23-24-36-18",2,"No","Yes","Yes","Yes","No","No","No","No","No","No","No","Yes","No","No","No","No","No"
"88-50-89-00",1,"No","Yes","No","No","No","Yes","No","No","No","No","No","Yes","No","No","Yes","No","No"
"88-50-89-00",2,"No","Yes","No","No","No","Yes","No","No","No","No","No","Yes","No","No","Yes","No","No"
"25-45-17-13",1,"No","Yes","No","Yes","No","Yes","No","No","No","No","No","No","No","No","Yes","No","Yes"
"25-45-17-13",2,"No","Yes","No","Yes","No","Yes","No","No","No","No","No","No","No","No","Yes","No","No"
"83-60-66-04",1,"No","Yes","No","Yes","No","Yes","No","No","No","No","No","No","Yes","No","Yes","No","No"
"83-60-66-04",2,"No","Yes","No","Yes","No","Yes","No","No","No","No","No","No","Yes","No","Yes","No","No"
"20-14-81-13",1,"No","Yes","Yes","Yes","No","Yes","No","No","No","Yes","Yes","No","Yes","No","Yes","No","Yes"
"20-14-81-13",2,"No","Yes","Yes","Yes","No","Yes","No","No","No","Yes","No","No","Yes","No","Yes","Yes","Yes"
"97-46-80-41",1,"No","Yes","Yes","Yes","No","Yes","No","No","No","No","No","No","No","No","Yes","No","No"
"97-46-80-41",2,"No","Yes","Yes","Yes","No","Yes","No","No","No","No","No","No","No","No","Yes","No","No"
"65-11-27-59",1,"No","Yes","Yes","No","No","Yes","No","No","No","No","No","Yes","No","No","Yes","Yes","Yes"
"65-11-27-59",2,"No","Yes","Yes","No","No","Yes","No","No","No","No","No","Yes","No","No","Yes","Yes","Yes"
"88-74-63-20",1,"No","Yes","Yes","Yes","Yes","Yes","No","No","No","No","No","No","No","No","Yes","No","Yes"
"88-74-63-20",2,"No","Yes","Yes","Yes","No","Yes","No","No","No","No","No","No","No","No","Yes","No","Yes"
"74-15-98-92",1,"No","Yes","No","Yes","No","Yes","No","No","No","No","No","Yes","Yes","No","Yes","No","Yes"
"74-15-98-92",2,"No","Yes","No","Yes","No","Yes","No","No","No","No","No","Yes","Yes","No","Yes","No","Yes"
"53-98-64-81",2,"No","Yes","Yes","No","No","Yes","Yes","No","No","No","No","No","Yes","Yes","Yes","No","Yes"
"79-94-33-31",1,"No","Yes","No","No","Yes","Yes","No","No","No","No","Yes","No","Yes","No","Yes","Yes","Yes"
"44-47-90-17",1,"No","Yes","Yes","Yes","No","Yes","No","No","No","No","No","Yes","No","No","Yes","No","Yes"
"44-47-90-17",2,"No","Yes","Yes","Yes","No","Yes","No","No","No","No","No","Yes","No","No","Yes","No","Yes"
"29-83-03-47",1,"No","Yes","Yes","Yes","No","Yes","No","No","No","No","No","Yes","No","No","Yes","No","No"
"29-83-03-47",2,"No","Yes","Yes","Yes","No","Yes","No","No","No","No","No","Yes","No","No","Yes","Yes","Yes"
"50-57-96-51",1,"No","Yes","Yes","Yes","No","No","No","No","No","No","No","No","No","No","No","No","No"
"50-57-96-51",2,"No","Yes","Yes","Yes","No","No","No","No","No","No","No","No","No","No","No","No","No"
"55-37-25-70",2,"No","Yes","Yes","No","Yes","Yes","No","No","No","No","No","Yes","No","No","Yes","Yes","Yes"
"71-34-06-10",1,"No","Yes","No","Yes","No","No","No","No","No","No","No","No","Yes","No","No","No","No"
"71-34-06-10",2,"No","Yes","No","Yes","No","No","No","No","No","No","No","No","Yes","No","No","No","No"
"19-06-46-71",1,"No","Yes","No","Yes","No","No","No","No","No","No","No","No","No","No","Yes","No","No"
"38-40-25-06",3,"No","Yes","Yes","Yes","No","Yes","No","No","No","No","No","No","Yes","No","Yes","No","Yes"
"01-06-26-91",1,"No","Yes","Yes","Yes","Yes","Yes","No","No","No","No","No","No","No","No","Yes","No","No"
"01-06-26-91",2,"No","Yes","Yes","Yes","Yes","Yes","No","No","No","No","No","No","No","No","Yes","No","No"
"58-64-10-38",1,"No","Yes","Yes","Yes","No","Yes","No","No","No","No","No","Yes","No","No","Yes","No","Yes"
"58-64-10-38",2,"No","Yes","Yes","Yes","No","Yes","No","No","No","No","No","Yes","No","No","Yes","No","Yes"
"13-95-57-54",1,"No","Yes","Yes","Yes","Yes","Yes","No","No","No","No","No","Yes","No","No","Yes","No","No"
"47-67-62-28",1,"No","Yes","Yes","Yes","Yes","No","No","No","No","No","No","No","Yes","No","Yes","Yes","Yes"
"96-80-22-06",1,"No","Yes","Yes","No","No","Yes","No","No","No","No","No","Yes","No","No","Yes","No","No"
"96-80-22-06",2,"No","Yes","Yes","No","No","Yes","No","No","No","No","No","Yes","No","No","Yes","No","No"
"11-11-66-21",2,"No","Yes","No","Yes","No","Yes","No","No","No","No","No","Yes","No","No","Yes","Yes","No"
"62-90-81-91",2,"No","Yes","Yes","Yes","No","Yes","No","No","No","No","No","No","Yes","No","Yes","No","No"
"61-58-38-15",1,"No","Yes","No","Yes","Yes","Yes","No","No","No","No","No","Yes","No","No","Yes","Yes","Yes"
"61-58-38-15",2,"No","Yes","No","Yes","Yes","Yes","No","No","No","No","No","Yes","No","No","Yes","Yes","Yes"
"60-05-03-82",1,"No","Yes","Yes","Yes","No","Yes","No","No","No","No","No","Yes","No","No","Yes","No","No"
"53-26-53-30",1,"Yes","Yes","Yes","Yes","No","Yes","No","No","No","No","No","No","Yes","No","Yes","Yes","Yes"
"53-26-53-30",2,"No","Yes","Yes","Yes","No","Yes","No","No","No","No","No","No","Yes","No","Yes","Yes","Yes"
"52-64-71-85",1,"No","Yes","No","No","No","No","No","No","No","No","No","Yes","No","No","Yes","No","No"
"52-64-71-85",2,"No","Yes","No","No","No","No","No","No","No","No","No","No","Yes","No","Yes","No","No"
"20-65-75-92",1,"No","Yes","Yes","Yes","No","Yes","No","No","No","No","No","Yes","No","No","Yes","No","No"
"15-48-45-49",1,"No","Yes","No","No","No","Yes","No","No","No","No","No","No","No","No","No","No","Yes"
"12-80-86-60",1,"No","Yes","Yes","Yes","No","No","No","No","No","No","No","No","No","No","Yes","No","No"
"79-49-70-48",1,"No","Yes","No","Yes","No","Yes","No","No","No","No","No","Yes","No","No","Yes","No","Yes"
"79-49-70-48",2,"No","Yes","Yes","Yes","No","Yes","No","No","No","No","No","Yes","No","No","Yes","No","Yes"
"17-50-60-85",1,"No","Yes","Yes","Yes","Yes","Yes","No","No","No","No","No","Yes","No","No","Yes","Yes","Yes"
"17-50-60-85",2,"No","Yes","Yes","Yes","Yes","Yes","No","No","No","No","No","Yes","No","No","Yes","Yes","Yes"
"69-60-70-64",1,"No","Yes","No","Yes","No","Yes","No","No","No","No","No","Yes","No","No","Yes","No","Yes"
"69-60-70-64",2,"No","Yes","Yes","Yes","No","Yes","No","No","No","No","No","Yes","No","No","Yes","Yes","Yes"
"50-18-09-61",1,"No","Yes","No","Yes","No","Yes","No","No","No","No","No","Yes","No","No","Yes","No","Yes"
"50-18-09-61",2,"No","Yes","Yes","Yes","No","Yes","No","No","No","No","No","Yes","No","No","Yes","Yes","Yes"
"92-88-71-89",1,"No","Yes","Yes","Yes","No","Yes","No","No","No","No","No","No","No","No","Yes","Yes","No"
"92-88-71-89",3,"No","Yes","Yes","Yes","No","Yes","No","No","No","No","No","No","No","No","Yes","Yes","No"
"63-56-49-05",1,"No","Yes","Yes","Yes","No","No","No","No","No","No","No","No","No","No","No","No","No"
"35-15-30-36",1,"No","Yes","Yes","No","No","No","No","No","No","No","No","Yes","Yes","No","No","No","No"
"35-15-30-36",2,"No","Yes","Yes","No","No","No","No","No","No","No","No","Yes","Yes","No","No","No","No"
"60-45-66-66",1,"No","Yes","Yes","Yes","Yes","Yes","No","No","No","No","No","Yes","No","No","Yes","Yes","Yes"
"60-45-66-66",2,"No","Yes","Yes","Yes","Yes","Yes","No","No","No","Yes","No","No","No","No","Yes","Yes","Yes"
"27-04-54-49",1,"No","Yes","Yes","Yes","No","Yes","No","No","No","No","No","No","No","No","Yes","No","No"
"27-04-54-49",4,"No","Yes","Yes","Yes","Yes","Yes","No","No","No","No","No","No","No","No","Yes","No","No"
"74-33-74-42",1,"No","Yes","No","Yes","No","Yes","No","No","No","No","No","No","No","Yes","Yes","No","No"
"74-33-74-42",2,"No","Yes","No","Yes","No","Yes","No","No","No","No","No","No","No","Yes","Yes","No","No"
"62-89-56-95",1,"No","Yes","Yes","Yes","No","Yes","No","No","No","No","No","No","Yes","No","Yes","No","Yes"
"62-89-56-95",2,"No","Yes","Yes","Yes","No","Yes","No","No","No","No","No","No","Yes","No","No","No","Yes"
"22-97-51-26",1,"No","Yes","No","Yes","No","Yes","No","No","No","No","No","Yes","No","No","Yes","Yes","Yes"
"22-97-51-26",2,"No","Yes","Yes","Yes","No","Yes","No","No","No","No","No","Yes","Yes","No","Yes","Yes","Yes"
"12-39-62-46",2,"No","Yes","Yes","Yes","No","Yes","No","No","No","No","No","Yes","No","No","Yes","Yes","No"
"49-65-69-49",1,"No","Yes","No","Yes","No","Yes","Yes","No","No","No","No","No","Yes","No","Yes","No","Yes"
"49-65-69-49",2,"No","Yes","Yes","Yes","No","Yes","Yes","No","No","No","No","No","Yes","No","Yes","No","Yes"
"15-16-01-28",1,"No","Yes","Yes","No","No","No","No","No","No","No","No","Yes","Yes","No","No","No","No"
"15-16-01-28",2,"No","Yes","Yes","No","No","No","No","No","No","No","No","Yes","Yes","No","No","No","No"
"12-72-22-77",1,"No","Yes","Yes","Yes","No","No","No","No","No","No","No","Yes","Yes","No","Yes","Yes","Yes"
"12-72-22-77",2,"No","Yes","No","No","No","Yes","No","No","No","No","No","Yes","Yes","No","Yes","Yes","Yes"
"08-25-51-14",2,"No","Yes","Yes","Yes","Yes","Yes","No","No","No","No","No","No","Yes","No","Yes","Yes","Yes"
"32-65-79-67",1,"No","Yes","Yes","Yes","No","Yes","No","No","No","No","No","No","No","No","Yes","Yes","Yes"
"19-38-65-61",1,"No","Yes","Yes","Yes","No","Yes","No","No","No","No","No","No","No","No","Yes","No","No"
"19-38-65-61",2,"No","Yes","No","Yes","No","Yes","No","No","No","No","No","No","No","No","Yes","No","No"
"17-45-14-15",1,"No","Yes","Yes","Yes","No","Yes","No","No","No","No","No","No","Yes","No","Yes","No","Yes"
"44-89-53-23",1,"No","Yes","No","Yes","No","Yes","No","No","No","No","No","No","No","Yes","Yes","No","Yes"
"44-89-53-23",2,"No","Yes","Yes","Yes","No","Yes","No","No","No","No","Yes","No","No","Yes","Yes","No","Yes"
"18-93-14-98",1,"No","Yes","Yes","Yes","No","Yes","No","No","No","No","No","No","Yes","No","Yes","Yes","Yes"
"18-93-14-98",2,"No","Yes","No","Yes","No","No","No","No","No","No","No","No","Yes","No","Yes","Yes","Yes"
"55-94-46-33",1,"No","Yes","No","Yes","Yes","Yes","No","No","No","No","No","Yes","No","No","Yes","Yes","Yes"
"34-96-75-45",2,"No","Yes","No","No","No","Yes","No","No","No","No","No","Yes","No","No","No","No","Yes"
"81-41-37-07",1,"No","Yes","No","Yes","No","Yes","No","No","No","No","No","Yes","No","No","Yes","No","No"
"81-41-37-07",2,"No","Yes","No","Yes","No","Yes","No","No","No","No","No","Yes","No","No","Yes","No","No"
"81-12-37-94",1,"No","Yes","Yes","Yes","No","Yes","No","No","No","No","No","No","Yes","No","Yes","No","Yes"
"90-10-67-97",2,"No","Yes","Yes","Yes","No","Yes","No","No","No","No","No","Yes","No","No","Yes","No","No"
"90-10-67-97",5,"No","Yes","Yes","Yes","No","Yes","No","No","No","No","No","Yes","No","No","Yes","No","No"
"42-77-91-16",2,"No","Yes","No","Yes","No","Yes","No","No","No","No","No","Yes","No","Yes","Yes","Yes","Yes"
"39-99-71-22",1,"No","Yes","Yes","Yes","Yes","Yes","Yes","No","No","No","No","Yes","No","Yes","Yes","No","Yes"
"39-99-71-22",2,"No","Yes","Yes","Yes","Yes","Yes","Yes","No","No","No","Yes","Yes","Yes","Yes","Yes","No","Yes"
"63-27-82-21",2,"No","Yes","Yes","No","Yes","Yes","No","No","No","No","No","Yes","Yes","No","Yes","Yes","Yes"
"12-57-09-17",1,"No","Yes","No","Yes","Yes","Yes","No","No","No","No","No","Yes","No","No","Yes","Yes","Yes"
"48-80-14-71",1,"No","Yes","No","Yes","No","Yes","No","No","No","No","No","No","No","No","Yes","No","No"
"48-80-14-71",2,"No","Yes","No","Yes","No","Yes","No","No","No","No","No","No","No","No","Yes","No","No"
"20-35-04-67",1,"No","Yes","No","Yes","No","Yes","No","No","No","No","No","Yes","Yes","No","Yes","No","Yes"
"66-80-39-89",1,"No","Yes","No","Yes","Yes","Yes","No","No","No","No","No","No","No","Yes","Yes","No","No"
"66-80-39-89",2,"No","Yes","No","Yes","Yes","Yes","No","No","No","No","No","No","No","Yes","Yes","No","No"
"65-65-92-08",1,"No","Yes","Yes","Yes","No","Yes","No","No","No","No","No","No","Yes","No","Yes","No","Yes"
"65-65-92-08",2,"No","Yes","Yes","Yes","No","Yes","No","No","No","No","No","No","Yes","No","Yes","No","Yes"
"28-72-09-15",1,"No","Yes","Yes","Yes","No","No","No","No","No","No","No","No","Yes","No","No","No","No"
"28-72-09-15",2,"No","Yes","Yes","Yes","No","No","No","No","No","No","No","No","Yes","No","No","No","No"
"93-50-38-85",2,"No","Yes","No","Yes","No","Yes","No","No","No","No","No","Yes","No","No","Yes","Yes","Yes"
"93-50-38-85",3,"No","Yes","No","Yes","No","Yes","No","No","No","No","No","No","No","No","Yes","Yes","Yes"
"54-94-37-06",1,"Yes","Yes","Yes","Yes","Yes","Yes","No","No","No","No","No","Yes","Yes","No","No","No","No"
"54-94-37-06",2,"No","Yes","No","Yes","Yes","Yes","No","No","No","No","No","Yes","No","No","Yes","Yes","Yes"
"18-40-54-13",1,"No","Yes","No","No","No","No","No","No","No","No","No","No","Yes","No","No","No","No"
"18-40-54-13",2,"No","Yes","No","No","No","No","No","No","No","No","No","No","Yes","No","No","No","No"
"86-74-30-03",1,"No","Yes","No","Yes","No","No","No","No","No","No","No","Yes","Yes","No","Yes","Yes","Yes"
"86-74-30-03",2,"No","Yes","No","Yes","No","No","No","No","No","No","No","Yes","Yes","No","Yes","Yes","Yes"
"42-16-79-97",1,"No","Yes","Yes","Yes","Yes","Yes","No","No","No","No","No","Yes","No","No","Yes","No","Yes"
"40-03-97-68",1,"No","Yes","No","Yes","No","Yes","No","No","No","No","No","No","No","No","Yes","No","No"
"40-03-97-68",2,"No","Yes","No","No","No","Yes","No","No","No","No","No","Yes","No","No","Yes","No","No"
"29-78-34-46",1,"No","Yes","Yes","Yes","No","Yes","No","No","No","No","No","No","Yes","No","Yes","No","Yes"
"80-80-63-46",2,"No","Yes","No","Yes","No","Yes","No","No","No","No","No","Yes","No","No","Yes","No","No"
"82-00-06-77",1,"No","Yes","No","No","No","Yes","No","No","No","No","No","Yes","No","Yes","Yes","No","Yes"
"82-00-06-77",2,"No","Yes","No","No","No","Yes","No","No","No","No","No","Yes","No","Yes","Yes","No","Yes"
"39-18-34-69",1,"No","Yes","Yes","Yes","No","Yes","No","No","No","No","No","No","No","No","Yes","Yes","Yes"
"39-18-34-69",2,"Yes","Yes","Yes","Yes","No","Yes","No","No","Yes","No","No","Yes","Yes","No","Yes","No","Yes"
"06-74-60-98",1,"No","No","Yes","No","No","Yes","No","No","No","No","No","No","No","No","Yes","Yes","Yes"
"06-74-60-98",2,"No","Yes","Yes","Yes","No","Yes","No","No","No","No","No","Yes","No","No","Yes","Yes","Yes"
"96-59-50-58",1,"No","Yes","Yes","Yes","No","Yes","No","No","No","No","No","No","No","No","Yes","No","Yes"
"96-59-50-58",2,"No","Yes","Yes","Yes","No","No","No","No","No","No","No","No","No","No","Yes","No","Yes"
"31-14-26-53",1,"No","Yes","No","Yes","No","No","No","No","No","No","No","No","No","No","No","No","No"
"96-00-21-83",1,"No","Yes","Yes","Yes","Yes","Yes","No","No","No","No","No","No","No","No","Yes","No","No"
