interview__key,r_members__id,lbr13,Ibr13_1,Ibr13_2,Ibr13_3,Ibr13_4,Ibr13_5,Ibr13_6,Ibr13_8,Ibr13_9,years_exp_crp,Ibr13_10,Ibr13_11,Ibr13_12,Ibr13_13,years_exp_liv,onfarm_main_use__1,onfarm_main_use__2,onfarm_main_use__3,onfarm_main_use__4,onfarm_main_use__5,onfarm_main_use__6,onfarm_main_use__7,onfarm_main_use__96,onfarm_main_use_oth
"15-76-60-42",1,"Yes",3,3,6,8,3,3,6,8,8,7,5,7,2,4,0,1,3,0,2,0,0,0,""
"15-76-60-42",2,"Yes",7,5,6,10,7,5,6,10,8,7,5,7,2,4,0,3,2,0,1,0,0,0,""
"31-41-38-46",1,"Yes",0,0,,,0,0,,,30,0,0,,,30,0,1,2,3,0,0,0,0,""
"31-41-38-46",2,"Yes",6,4,6,8,6,4,6,8,30,6,5,7,2,30,0,1,2,3,0,0,0,0,""
"01-03-25-84",1,"Yes",5,1,6,6,5,1,6,6,24,5,5,7,3,3,1,2,3,0,0,0,0,0,""
"49-33-75-72",1,"Yes",7,5,4,10,7,0,6,10,30,0,0,,,0,0,1,0,0,2,0,0,0,""
"49-33-75-72",2,"Yes",3,0,7,8,3,0,7,8,20,7,5,7,2,20,2,1,0,0,0,0,0,0,""
"72-79-79-86",1,"Yes",4,2,6,7,4,2,6,7,32,0,0,,,0,0,1,0,2,0,0,0,0,""
"35-55-11-33",1,"Yes",6,6,6,6,3,3,6,5,34,0,0,,,0,0,2,1,3,0,0,0,0,""
"74-41-75-97",1,"Yes",6,5,6,6,6,5,6,8,20,0,0,,,14,0,1,0,2,0,0,0,0,""
"75-64-48-24",1,"Yes",0,0,,,6,2,4,10,28,0,0,,,0,0,1,0,0,0,0,0,0,""
"75-64-48-24",2,"Yes",0,0,,,7,5,4,8,19,0,0,,,0,0,1,0,0,0,0,0,0,""
"46-90-31-29",1,"Yes",7,5,0,,5,5,7,5,15,0,0,,,0,0,1,0,0,0,0,0,0,""
"46-90-31-29",2,"Yes",0,0,,,7,5,4,4,15,0,0,,,0,0,1,0,0,0,0,0,0,""
"32-45-37-94",1,"Yes",0,0,,,0,0,,,30,0,0,,,0,0,1,3,2,0,0,0,0,""
"29-06-99-56",1,"Yes",3,1,1,5,7,4,6,8,22,7,5,7,1,22,0,1,3,2,0,0,0,0,""
"29-06-99-56",2,"Yes",7,5,6,7,7,0,6,7,22,7,5,7,1,22,0,1,2,3,0,0,0,0,""
"29-06-99-56",3,"Yes",7,5,6,8,7,5,6,8,3,7,5,7,1,3,0,1,2,3,0,0,0,0,""
"86-92-94-72",1,"Yes",5,0,7,5,6,0,7,6,40,5,5,7,2,20,0,1,2,3,4,0,0,0,""
"95-96-07-01",1,"Yes",7,5,6,6,7,5,6,6,11,0,0,,,0,3,1,0,0,2,0,0,0,""
"95-96-07-01",2,"Yes",7,5,3,3,7,5,3,3,9,0,0,,,0,2,1,0,0,0,0,0,0,""
"56-10-42-62",1,"Yes",5,5,6,6,5,5,6,6,53,6,5,1,1,53,0,1,2,3,0,0,0,0,""
"56-10-42-62",2,"Yes",3,3,2,1,3,3,2,1,48,6,5,7,2,42,0,1,2,3,0,0,0,0,""
"39-85-42-75",1,"Yes",0,0,,,2,3,6,4,23,6,5,7,3,3,0,1,2,3,0,0,0,0,""
"39-85-42-75",2,"Yes",0,0,,,2,3,6,4,16,0,0,,,3,0,1,2,3,0,0,0,0,""
"51-15-10-63",1,"Yes",7,5,4,6,7,5,4,6,30,7,5,7,1,10,0,2,1,0,0,0,0,0,""
"51-15-10-63",2,"Yes",0,0,,,7,5,4,7,15,5,5,7,1,5,0,1,3,2,4,0,0,0,""
"81-75-45-31",1,"Yes",7,5,4,5,7,5,4,5,5,5,5,7,1,10,0,1,2,3,4,5,0,0,""
"81-75-45-31",2,"Yes",6,5,4,5,7,5,4,6,23,7,5,4,1,20,0,1,2,3,4,0,0,0,""
"57-29-61-37",1,"Yes",5,0,6,3,5,0,6,3,20,5,5,7,3,2,0,1,2,0,0,0,0,0,""
"57-29-61-37",2,"Yes",5,0,6,6,5,0,6,6,25,5,5,4,1,1,0,0,1,0,2,0,0,0,""
"57-29-61-37",3,"Yes",5,0,6,3,5,0,6,3,3,3,3,5,1,1,0,0,0,0,0,0,0,1,"Buying clothes for himself and his other necessities"
"92-19-38-79",1,"Yes",3,3,6,7,7,0,6,7,30,7,4,6,2,30,0,1,2,3,0,0,0,0,""
"92-19-38-79",3,"Yes",0,0,,,0,0,,,5,0,0,,,0,0,0,0,0,0,0,0,1,"nothing"
"51-61-36-83",1,"Yes",3,1,6,8,2,3,6,8,42,7,5,7,2,24,0,3,0,2,0,0,0,1,"buying agricultural  materials"
"51-61-36-83",2,"Yes",3,2,6,8,2,2,6,8,42,6,2,7,5,40,0,0,0,2,1,0,0,0,""
"51-61-36-83",3,"Yes",3,0,6,8,3,0,6,8,2,0,0,,,0,0,1,2,3,0,0,0,0,""
"26-90-05-49",1,"Yes",7,5,6,5,7,5,6,5,30,0,0,,,0,0,1,2,0,0,0,0,3,"savings for agriculture  in next session"
"66-97-67-27",1,"Yes",5,0,6,4,5,3,6,6,25,5,5,7,3,15,0,0,1,0,0,0,0,0,""
"66-97-67-27",2,"Yes",0,0,,,5,3,6,4,20,5,5,7,2,15,0,0,2,1,0,0,0,0,""
"66-97-67-27",3,"Yes",5,0,6,3,5,3,6,4,2,5,5,7,3,2,0,0,0,0,0,0,0,1,"He buys clothes"
"78-48-49-89",1,"Yes",0,0,,,4,0,6,6,15,5,5,7,3,4,0,2,1,0,0,0,0,0,""
"78-48-49-89",2,"Yes",0,0,,,5,1,6,6,20,5,5,7,2,1,0,1,0,0,0,0,0,0,""
"98-05-66-83",1,"Yes",5,4,6,6,6,3,6,6,38,7,5,5,7,15,0,1,2,3,0,0,0,0,""
"98-05-66-83",2,"Yes",7,4,6,6,7,4,6,5,33,7,5,5,7,15,0,1,2,3,0,0,0,0,""
"78-17-71-31",1,"Yes",4,4,6,4,3,4,6,6,28,0,0,,,0,0,1,2,3,0,0,0,0,""
"78-17-71-31",2,"Yes",0,0,,,6,5,4,6,45,0,15,6,2,10,0,1,2,3,0,4,0,0,""
"35-97-55-04",1,"Yes",4,3,3,4,7,3,7,4,52,7,5,7,8,51,0,1,0,0,0,0,0,2,"buying clothes"
"35-97-55-04",2,"Yes",4,3,3,4,7,3,7,4,41,7,5,7,7,5,0,1,0,0,0,0,0,0,""
"01-00-08-00",1,"Yes",3,1,6,6,3,1,6,6,30,5,5,7,1,10,0,1,0,2,0,3,0,0,""
"23-16-40-98",1,"Yes",2,1,5,8,5,3,5,8,40,4,3,5,4,40,0,3,1,2,0,0,0,0,""
"23-16-40-98",2,"Yes",7,3,6,8,5,4,6,8,30,4,5,6,4,30,5,3,1,2,4,0,0,0,""
"23-16-40-98",3,"Yes",4,3,6,8,5,4,6,8,5,0,0,,,4,0,2,1,0,0,0,0,0,""
"33-60-15-24",1,"Yes",0,0,,,6,2,6,5,60,0,0,,,0,1,0,0,0,0,0,0,0,""
"83-29-00-04",1,"Yes",3,1,1,4,4,2,7,4,5,7,5,7,1,5,1,2,0,3,4,0,0,0,""
"83-29-00-04",2,"Yes",3,1,5,6,5,2,7,6,15,7,5,7,8,20,1,2,0,3,4,0,0,0,""
"39-46-43-34",1,"Yes",0,0,,,5,2,6,5,43,0,0,,,0,0,1,0,0,0,0,0,0,""
"39-46-43-34",2,"Yes",0,0,,,5,1,1,6,3,0,0,,,0,0,1,0,0,0,0,0,0,""
"83-88-85-49",1,"Yes",0,0,,,7,4,4,4,18,7,5,7,1,18,0,0,1,0,0,0,0,2,"buying agricultural inputs"
"86-33-34-77",1,"Yes",0,0,,,4,2,5,7,30,5,1,7,.5,10,0,1,0,0,0,0,0,2,"hiring farm labours and buying agricultural inputs"
"85-40-54-06",1,"Yes",0,0,,,5,1,6,8,55,0,0,,,0,0,1,0,0,0,0,0,2,"buying agrucultural inputs"
"85-40-54-06",2,"Yes",0,0,,,5,1,6,8,20,0,0,,,0,0,1,0,0,0,0,0,2,"buying agrucultural inputs"
"99-20-43-65",1,"Yes",0,0,,,4,5,6,4,41,6,5,7,3,38,0,1,3,2,0,0,0,0,""
"84-47-44-08",1,"Yes",3,3,6,4,3,3,6,4,17,0,0,,,17,0,0,2,1,0,0,0,0,""
"84-47-44-08",8,"Yes",7,5,6,8,7,5,6,8,7,7,5,7,7,7,0,1,0,0,0,0,0,0,""
"95-71-45-18",2,"Yes",6,5,6,4,5,5,6,6,23,5,5,6,2,23,0,2,1,3,0,0,0,0,""
"95-71-45-18",8,"Yes",6,5,6,5,5,5,6,7,7,7,5,2,2,2,0,2,1,3,0,0,0,0,""
"43-23-29-59",1,"Yes",7,3,7,10,0,0,,,42,7,5,7,1,3,0,0,1,0,0,0,0,2,"purchase agricultural inputs"
"65-07-52-31",1,"Yes",5,5,6,8,5,5,6,8,40,7,5,7,5,30,0,1,0,0,0,0,0,0,""
"65-07-52-31",2,"Yes",5,5,6,8,5,5,6,8,40,7,5,7,5,35,0,1,0,0,0,0,0,0,""
"24-72-94-40",1,"Yes",0,0,,,5,4,6,5,25,5,5,5,3,15,0,1,2,0,3,0,0,0,""
"24-72-94-40",2,"Yes",0,0,,,5,5,6,4,19,5,5,7,2,7,0,2,4,3,1,0,0,0,""
"27-52-71-52",1,"Yes",7,5,3,1,7,5,3,1,13,7,5,7,1,18,1,2,4,3,5,6,0,0,""
"27-52-71-52",2,"Yes",5,3,6,4,7,5,6,4,5,7,5,7,2,5,4,1,2,3,0,0,0,0,""
"27-52-71-52",5,"Yes",7,5,6,4,7,5,6,4,1,7,5,6,8,1,0,0,0,0,0,0,0,1,"employed"
"21-67-72-81",1,"Yes",7,5,6,12,7,3,6,12,25,7,5,2,2,25,0,1,2,3,0,0,0,0,""
"21-67-72-81",2,"Yes",4,3,5,8,6,4,6,8,20,7,5,7,3,20,0,1,2,3,0,0,0,0,""
"21-67-72-81",3,"Yes",5,5,6,10,5,5,6,10,4,0,0,,,0,0,0,0,0,0,0,0,1,"he dont have any livestock"
"40-08-15-69",1,"Yes",0,0,,,5,1,1,4,47,0,0,,,0,0,1,0,0,0,0,0,0,""
"40-08-15-69",2,"Yes",0,0,,,5,1,6,4,30,0,0,,,0,0,1,0,0,0,0,0,0,""
"40-09-03-46",1,"Yes",6,2,6,6,6,2,6,6,50,0,0,,,0,0,1,0,2,0,0,0,0,""
"88-78-79-65",1,"No",,,,,,,,,,,,,,,,,,,,,,,""
"72-36-26-24",1,"Yes",0,0,,,5,0,6,6,30,5,5,7,2,10,0,1,0,0,0,0,0,0,""
"07-13-49-69",1,"Yes",3,1,5,8,3,1,5,8,30,5,5,7,2,2,0,1,2,4,0,3,0,0,""
"07-13-49-69",2,"Yes",0,0,,,5,1,5,8,28,0,0,,,0,0,1,0,0,0,0,0,0,""
"02-58-47-09",1,"Yes",0,5,4,8,7,0,2,8,35,7,5,7,1,35,0,1,2,3,0,0,0,0,""
"02-58-47-09",2,"Yes",0,5,4,8,7,5,2,8,30,7,5,7,1,30,0,1,3,2,0,0,0,0,""
"22-68-37-41",1,"Yes",0,0,,,3,3,6,8,20,5,4,7,2,3,0,2,1,3,0,0,0,0,""
"22-68-37-41",2,"Yes",4,5,0,,0,5,6,8,17,0,0,,,0,0,1,2,3,0,0,0,0,""
"75-57-77-41",1,"Yes",0,0,,,6,4,6,4,56,0,0,,,0,0,1,2,3,0,0,0,0,""
"04-02-68-66",2,"Yes",0,0,,,6,4,6,6,18,6,4,7,1,18,0,0,0,0,0,0,0,1,"they don't sell"
"02-25-96-16",2,"Yes",0,0,,,6,2,7,5,20,5,0,7,2,20,0,1,0,2,0,0,0,0,""
"02-25-96-16",6,"Yes",5,3,2,2,6,0,5,6,3,0,0,,,0,0,1,0,0,2,0,0,0,""
"48-71-75-24",1,"Yes",0,0,,,7,5,3,9,23,7,5,7,3,7,2,0,1,0,0,0,0,0,""
"48-71-75-24",2,"Yes",0,0,,,3,2,1,2,20,7,5,7,1,20,0,2,1,0,0,0,0,0,""
"81-80-02-23",1,"Yes",0,0,,,3,4,2,6,8,0,0,,,0,0,1,2,3,4,0,0,0,""
"81-80-02-23",2,"Yes",7,5,6,7,7,5,6,7,5,0,0,,,0,1,2,3,4,0,0,0,0,""
"42-14-73-23",1,"Yes",5,0,3,6,7,0,6,6,34,7,5,7,1,34,4,1,2,3,0,0,0,0,""
"42-14-73-23",2,"Yes",0,0,,,7,5,6,8,15,7,5,7,1,15,0,1,3,2,0,0,0,0,""
"42-14-73-23",3,"Yes",0,0,,,7,5,7,8,2,7,5,7,6,2,0,1,0,0,0,0,0,0,""
"42-14-73-23",4,"Yes",0,0,,,7,5,6,8,5,0,0,,,0,0,1,2,3,0,0,0,0,""
"76-93-41-01",1,"Yes",0,0,,,7,5,6,6,25,0,0,,,0,0,1,2,3,0,0,0,0,""
"95-12-78-81",3,"Yes",0,0,,,7,5,6,5,45,7,5,7,11,30,2,1,0,3,0,0,0,0,""
"95-12-78-81",6,"Yes",0,4,7,5,0,0,,,17,0,0,,,0,0,1,0,2,0,0,0,0,""
"95-12-78-81",7,"Yes",0,0,,,4,0,6,8,6,0,0,,,0,3,1,0,2,0,0,0,0,""
"95-12-78-81",8,"Yes",0,0,,,4,0,6,5,3,0,0,,,0,0,1,0,0,0,0,0,0,""
"20-49-21-26",2,"Yes",0,0,,,6,3,6,6,42,0,0,,,12,0,1,2,3,0,0,0,0,""
"20-49-21-26",3,"Yes",0,0,,,6,3,6,3,1,0,0,,,0,0,0,0,0,0,0,0,1,"She has not received any money yet"
"93-19-03-86",1,"Yes",7,2,7,6,0,0,,,35,0,0,,,0,1,2,0,0,0,0,0,0,""
"83-16-53-05",1,"Yes",0,0,,,4,2,6,1,30,1,2,7,2,5,0,1,0,0,0,0,0,0,""
"83-16-53-05",2,"No",,,,,,,,,,,,,,,,,,,,,,,""
"96-79-62-23",1,"Yes",5,5,6,8,5,5,6,8,22,5,5,7,2,4,0,1,2,0,0,0,0,0,""
"96-79-62-23",2,"Yes",5,0,5,6,5,0,5,6,20,5,5,7,1,4,0,1,0,0,0,0,0,0,""
"45-89-04-52",1,"Yes",5,3,3,6,3,2,4,5,12,0,0,,,0,1,2,0,0,0,0,0,0,""
"45-89-04-52",2,"Yes",0,0,,,4,1,3,6,3,6,5,7,1,2,0,1,0,0,0,0,0,0,""
"12-50-51-44",1,"Yes",0,0,,,5,0,6,6,10,5,5,7,2,5,0,1,0,0,2,0,0,0,""
"12-50-51-44",2,"Yes",0,0,,,5,0,6,6,5,5,5,7,4,2,0,0,0,0,1,0,0,0,""
"64-36-21-26",1,"Yes",3,0,5,5,4,3,5,5,20,0,0,,,0,0,1,0,0,2,0,0,0,""
"64-36-21-26",2,"Yes",3,0,5,5,4,3,5,5,20,0,0,,,0,0,1,0,0,0,0,0,0,""
"78-84-99-05",1,"Yes",4,1,6,7,4,1,6,7,5,0,0,,,2,2,1,0,0,0,0,0,0,""
"78-84-99-05",2,"Yes",4,0,6,6,4,0,6,6,2,0,0,,,3,2,1,0,0,0,0,0,0,""
"37-66-37-12",1,"Yes",0,0,,,3,0,4,4,50,7,5,7,1,10,0,1,0,0,0,0,0,0,""
"52-54-55-08",1,"Yes",5,1,6,7,5,1,6,7,29,6,5,7,2,3,0,1,0,0,0,0,0,0,""
"52-54-55-08",2,"No",,,,,,,,,,,,,,,,,,,,,,,""
"32-13-89-08",2,"Yes",0,0,,,6,5,6,2,14,4,0,7,1,4,0,1,2,3,0,0,0,0,""
"85-25-22-09",1,"Yes",0,0,,,5,0,6,6,30,5,5,7,2,10,0,0,1,0,0,0,0,0,""
"85-25-22-09",2,"Yes",0,0,,,5,0,6,4,30,5,5,7,1,5,0,1,0,0,0,0,0,0,""
"72-82-24-11",1,"Yes",0,0,,,5,0,6,7,40,5,5,7,2,20,0,1,0,0,2,0,0,0,""
"72-82-24-11",2,"Yes",0,0,,,5,0,6,4,25,5,5,7,1,20,0,1,2,0,3,0,0,0,""
"72-82-24-11",3,"No",,,,,,,,,,,,,,,,,,,,,,,""
"36-18-65-12",1,"Yes",0,0,,,6,0,7,6,10,0,0,,,0,0,1,0,0,0,0,0,0,""
"36-18-65-12",2,"Yes",0,0,,,6,0,6,7,7,0,0,,,0,0,1,0,0,0,0,0,0,""
"42-45-66-86",1,"Yes",0,0,,,7,5,4,5,52,6,5,7,1,52,0,1,3,2,0,0,0,0,""
"44-14-86-31",1,"Yes",0,0,,,7,5,6,6,5,0,2,7,2,3,0,1,0,0,0,0,0,0,""
"44-14-86-31",2,"Yes",0,0,,,7,5,6,10,17,0,2,7,2,3,0,1,3,2,0,0,0,0,""
"84-19-29-35",1,"Yes",0,0,,,7,2,7,5,49,7,5,7,.17,43,0,1,0,0,2,0,0,3,"buying clothes"
"84-19-29-35",2,"Yes",0,0,,,7,2,4,5,47,7,5,7,.3,43,0,1,0,0,0,0,0,0,""
"39-19-67-67",1,"Yes",7,5,6,8,7,5,6,8,40,7,5,7,8,40,0,2,1,3,4,5,0,0,""
"39-19-67-67",2,"Yes",7,5,6,8,7,5,6,8,30,7,5,7,10,30,0,3,1,2,4,5,0,0,""
"39-19-67-67",3,"Yes",3,2,2,6,3,2,2,6,3,2,2,3,6,3,0,0,1,0,0,0,0,0,""
"43-82-97-85",1,"Yes",5,0,6,6,5,5,3,5,30,5,5,7,3,6,0,2,0,0,1,0,0,0,""
"43-82-97-85",2,"No",,,,,,,,,,,,,,,,,,,,,,,""
"91-14-48-53",1,"Yes",0,3,7,6,6,2,6,6,10,7,5,7,1,6,0,1,0,0,0,0,0,0,""
"91-14-48-53",2,"Yes",0,3,6,7,6,4,6,8,10,7,5,7,1,6,0,1,2,0,0,0,0,0,""
"91-14-48-53",3,"Yes",2,4,7,7,0,0,,,1,0,0,,,0,0,0,0,0,0,0,0,1,"buying cloth"
"20-26-28-94",1,"Yes",0,0,,,5,2,6,8,25,5,5,7,2,3,0,1,0,0,0,0,0,0,""
"20-26-28-94",2,"Yes",0,0,,,5,1,6,7,23,5,5,7,2,5,0,1,0,0,0,0,0,0,""
"20-26-28-94",3,"Yes",0,0,,,5,2,6,7,5,0,0,,,3,0,1,0,0,0,0,0,0,""
"20-26-28-94",4,"Yes",0,0,,,5,2,6,8,3,0,0,,,0,0,1,0,0,0,0,0,0,""
"23-89-23-81",1,"Yes",7,5,6,8,7,5,6,8,40,7,5,2,2,40,0,1,0,2,0,0,0,0,""
"23-89-23-81",2,"Yes",7,5,6,8,7,5,6,8,40,7,5,7,10,40,0,1,2,3,0,0,0,0,""
"23-89-23-81",4,"Yes",7,3,4,8,6,3,6,8,10,7,5,7,8,10,0,2,0,1,0,0,0,0,""
"23-89-23-81",5,"Yes",7,5,6,10,5,5,6,10,4,7,5,3,2,4,0,2,0,0,1,0,0,0,""
"52-40-25-11",1,"Yes",5,5,6,7,3,3,6,7,20,7,5,7,7,3,0,1,0,0,0,0,0,0,""
"52-40-25-11",2,"Yes",0,0,,,2,1,3,5,7,7,5,7,7,3,0,1,0,0,0,0,0,0,""
"58-44-00-29",1,"Yes",7,5,5,6,7,5,5,6,40,7,5,7,1,40,0,2,1,0,0,0,0,0,""
"58-44-00-29",2,"Yes",0,0,,,7,5,7,7,40,7,5,7,1,40,2,0,1,3,0,0,0,0,""
"58-44-00-29",3,"Yes",7,5,7,9,7,5,7,8,20,0,0,,,0,1,0,0,2,0,0,0,0,""
"94-81-60-01",1,"Yes",4,0,3,6,6,2,6,6,35,7,5,7,.5,35,3,1,0,2,0,0,0,0,""
"00-76-76-29",1,"Yes",4,4,3,5,5,4,2,5,4,7,5,7,2,2,0,2,1,0,0,0,0,0,""
"00-76-76-29",2,"Yes",4,4,2,6,5,3,2,6,9,0,0,,,0,1,0,0,0,0,0,0,0,""
"30-24-92-73",1,"Yes",0,0,,,6,5,6,10,30,7,5,7,1,20,0,1,0,2,0,0,0,0,""
"30-24-92-73",2,"Yes",0,0,,,7,5,6,10,25,7,5,6,2,14,0,1,0,2,0,0,0,0,""
"30-24-92-73",3,"Yes",0,0,,,7,3,6,4,2,0,0,,,0,0,1,0,0,0,0,0,0,""
"30-24-92-73",4,"Yes",0,0,,,7,5,4,8,2,0,0,,,0,0,1,0,2,0,0,0,0,""
"23-53-41-46",1,"Yes",0,0,,,6,3,6,6,55,7,5,7,.5,40,0,0,0,0,0,0,0,1,"farming only food crops"
"62-55-13-64",1,"Yes",5,5,3,4,5,5,4,4,20,5,5,7,2,10,0,0,1,0,0,0,2,0,""
"62-55-13-64",2,"Yes",5,5,6,5,5,5,6,5,20,5,5,7,4,20,0,2,0,0,1,0,0,0,""
"42-85-64-91",1,"Yes",7,5,7,12,7,5,7,12,13,7,5,7,2,3,0,2,1,3,4,0,0,0,""
"42-85-64-91",2,"Yes",7,5,7,8,7,5,7,8,10,7,5,7,2,2,2,3,0,4,1,0,0,0,""
"90-50-65-07",1,"No",,,,,,,,,,,,,,,,,,,,,,,""
"90-50-65-07",2,"Yes",2,1,3,4,1,1,4,6,20,7,5,7,1,10,0,3,1,2,0,0,0,0,""
"54-70-24-21",1,"Yes",7,5,6,9,6,0,6,9,20,0,0,,,0,0,2,1,3,4,0,0,0,""
"54-70-24-21",2,"Yes",6,5,6,9,6,0,6,9,10,7,5,7,1,10,0,1,3,2,4,0,0,0,""
"38-66-21-90",1,"Yes",5,1,6,7,5,1,6,7,7,5,1,7,1,5,1,2,0,0,0,0,0,0,""
"32-53-90-85",1,"Yes",0,0,,,5,5,7,5,39,0,0,,,3,0,1,3,2,0,0,0,0,""
"32-53-90-85",2,"Yes",0,0,,,5,5,5,5,27,6,5,7,2,10,0,1,0,0,0,0,0,0,""
"67-43-43-96",1,"Yes",7,5,6,6,6,3,6,6,27,0,0,,,0,4,3,1,2,5,0,0,0,""
"67-43-43-96",2,"Yes",6,5,6,7,6,3,6,7,21,0,0,,,0,0,0,0,0,0,0,0,1,"none"
"67-43-43-96",3,"Yes",7,5,6,6,7,3,6,6,1,0,0,,,0,0,1,3,2,0,0,0,0,""
"30-12-86-30",1,"Yes",0,0,,,6,5,5,6,15,6,5,2,1,1,3,1,2,4,0,0,0,0,""
"30-12-86-30",2,"Yes",0,0,,,6,5,3,6,10,7,5,6,1,1,0,1,2,0,0,0,0,0,""
"18-64-04-51",1,"Yes",0,0,,,7,5,6,5,20,7,0,0,,5,1,0,0,0,0,0,0,0,""
"18-64-04-51",2,"Yes",0,0,,,7,5,6,8,20,7,5,7,5,2,0,0,0,0,0,0,0,1,"sell is done by household head And doesn't specify the use of the money"
"18-64-04-51",3,"Yes",0,0,,,7,5,6,7,5,0,0,,,0,0,1,0,0,0,0,0,0,""
"18-64-04-51",4,"Yes",4,4,6,4,0,0,,,1,0,0,,,0,1,0,0,0,0,0,0,2,"purchase of agricultural inputs"
"44-00-42-23",1,"Yes",0,0,,,7,3,4,10,35,0,0,,,3,0,1,2,3,0,0,0,0,""
"44-00-42-23",2,"Yes",0,0,,,7,5,6,10,45,0,0,,,3,0,1,0,0,0,0,0,0,""
"49-30-59-44",1,"Yes",4,3,3,5,5,4,3,4,12,7,5,7,2,5,0,2,1,0,0,0,0,0,""
"49-30-59-44",2,"Yes",7,5,3,5,7,5,4,5,5,7,5,7,1,5,0,1,2,3,0,0,0,0,""
"08-14-33-80",1,"Yes",0,0,,,7,3,5,6,30,0,0,,,0,0,1,0,0,0,0,0,0,""
"08-14-33-80",2,"Yes",0,0,,,7,3,5,5,16,0,0,,,0,0,1,0,0,0,0,0,0,""
"03-68-26-31",1,"Yes",5,4,2,2,5,4,2,2,50,0,0,,,40,0,1,0,0,0,0,0,0,""
"76-88-86-20",1,"Yes",7,5,6,5,7,5,6,5,40,0,0,,,0,4,1,2,3,0,0,0,0,""
"76-88-86-20",2,"Yes",5,5,4,7,7,5,4,7,15,7,5,7,2,5,0,1,2,3,0,0,0,0,""
"41-48-09-97",1,"Yes",0,0,,,7,3,3,9,20,7,0,4,.25,4,0,1,2,3,0,4,0,0,""
"41-48-09-97",2,"Yes",6,0,6,7,6,5,6,8,24,0,0,,,4,0,2,1,3,0,4,0,0,""
"21-76-07-53",1,"Yes",5,3,5,8,5,3,6,6,25,2,2,7,2,3,0,1,0,0,0,0,0,0,""
"21-76-07-53",2,"Yes",5,2,5,3,2,0,2,2,1,0,0,,,0,0,1,0,0,0,0,0,0,""
"01-41-01-54",1,"Yes",5,5,4,7,7,4,6,5,40,7,5,7,2,16,0,2,1,0,0,0,0,0,""
"01-41-01-54",2,"Yes",4,4,4,7,6,4,5,5,32,7,5,7,2,16,0,2,1,0,0,0,0,0,""
"13-11-49-85",1,"Yes",5,5,6,5,5,5,6,5,30,5,5,2,2,34,0,2,3,0,1,0,0,0,""
"13-11-49-85",2,"Yes",5,5,6,4,5,5,6,5,30,5,5,6,3,20,0,1,2,0,3,0,0,4,"Buying my necessities and my children's like clothes"
"13-11-49-85",3,"No",,,,,,,,,,,,,,,,,,,,,,,""
"13-11-49-85",4,"Yes",5,5,6,5,5,5,6,5,2,5,5,6,4,2,0,0,0,0,1,0,0,2,"Buying my own necessities"
"72-37-75-96",1,"Yes",0,0,,,5,1,6,7,50,5,5,7,1,6,0,1,2,3,0,0,0,0,""
"72-37-75-96",2,"Yes",0,0,,,5,1,6,7,45,5,5,7,1,6,0,1,2,3,0,0,0,0,""
"71-85-96-60",1,"Yes",0,0,,,7,3,2,3,50,0,0,,,50,0,1,0,0,0,0,0,0,""
"71-85-96-60",2,"Yes",4,3,3,5,4,3,3,5,5,0,0,,,0,0,1,0,0,0,0,0,0,""
"92-03-64-77",1,"Yes",4,4,3,6,5,2,3,6,6,7,5,0,,3,0,2,0,0,1,0,0,0,""
"92-03-64-77",2,"Yes",4,4,3,6,6,3,3,6,6,7,5,7,2,3,0,2,0,0,1,0,0,0,""
"33-40-16-02",1,"Yes",0,0,,,5,1,6,8,29,0,0,,,0,0,1,0,0,0,0,0,0,""
"33-40-16-02",2,"Yes",0,0,,,5,1,6,7,20,0,0,,,0,0,1,0,0,0,0,0,0,""
"55-06-75-57",1,"Yes",5,2,5,6,5,2,5,6,32,7,5,7,1,10,0,2,1,3,0,0,0,0,""
"55-06-75-57",2,"Yes",5,2,5,6,5,2,5,6,10,0,0,,,10,0,1,2,3,0,0,0,0,""
"01-05-06-43",1,"Yes",7,5,6,4,7,5,6,4,50,7,5,7,3,5,0,1,0,0,0,0,0,0,""
"01-05-06-43",2,"Yes",7,5,6,5,7,5,6,5,30,7,5,7,1,6,0,1,0,0,0,0,0,0,""
"12-46-80-99",1,"Yes",7,5,6,6,7,5,6,6,15,0,0,,,0,0,1,2,3,0,0,0,0,""
"12-46-80-99",2,"Yes",7,5,6,6,7,5,6,6,15,0,0,,,0,0,1,2,3,4,0,0,0,""
"34-76-42-19",1,"Yes",0,0,,,5,1,5,8,25,0,0,,,0,0,1,0,0,0,0,0,0,""
"34-76-42-19",2,"Yes",0,0,,,4,1,6,6,12,0,0,,,0,0,1,0,0,0,0,0,0,""
"62-44-56-00",1,"Yes",5,5,6,9,5,5,6,9,30,5,5,6,1,2,0,1,3,0,2,0,0,0,""
"62-44-56-00",2,"Yes",5,5,6,8,5,5,6,8,27,5,5,6,4,2,0,1,0,0,2,0,0,0,""
"62-44-56-00",3,"Yes",5,5,6,6,5,5,6,6,5,5,5,7,3,3,4,1,0,2,3,0,0,0,""
"35-05-05-79",1,"Yes",7,5,6,6,7,5,6,6,6,7,5,6,3,6,0,1,2,3,0,0,0,0,""
"35-05-05-79",2,"Yes",7,5,3,6,7,5,3,3,6,7,5,6,3,3,0,1,2,3,4,0,0,0,""
"00-88-32-67",1,"Yes",0,0,,,4,2,6,7,60,0,0,,,0,2,1,0,0,0,0,0,3,"Agriculture  activities"
"65-77-01-81",1,"Yes",7,0,6,6,7,0,6,8,20,7,5,7,1,20,1,2,3,4,0,0,0,0,""
"65-77-01-81",2,"Yes",7,5,6,6,6,5,6,6,8,0,0,,,0,1,2,3,4,0,0,0,0,""
"68-46-66-56",1,"Yes",6,5,6,6,6,5,6,6,10,7,5,0,,5,1,2,0,0,0,0,0,3,"other home necessities"
"68-46-66-56",2,"Yes",0,0,,,6,4,3,4,5,7,5,7,2,5,2,1,0,0,0,0,0,0,""
"30-46-23-21",1,"Yes",0,0,,,5,4,6,5,25,0,0,,,0,0,1,0,0,0,0,0,0,""
"13-17-41-36",1,"Yes",7,5,6,6,7,5,6,6,28,0,0,,,28,0,0,1,0,0,0,0,0,""
"13-17-41-36",2,"Yes",7,5,6,6,7,5,6,6,30,0,0,,,30,0,0,1,0,0,0,0,0,""
"13-17-41-36",3,"Yes",6,5,6,6,0,0,,,2,0,0,,,0,0,0,0,0,0,0,0,1,"household member never engaged in livestock  activities"
"13-17-41-36",4,"Yes",7,5,6,6,7,5,6,6,5,0,0,,,0,0,1,2,3,0,0,0,0,""
"13-17-41-36",7,"Yes",7,5,6,6,7,5,6,6,2,0,0,,,0,0,0,0,0,0,0,0,1,"no Livestock activities"
"99-55-34-47",1,"Yes",0,0,,,5,5,6,6,21,5,5,7,3,30,0,1,2,0,3,0,0,0,""
"99-55-34-47",2,"Yes",0,0,,,5,5,6,5,26,5,5,6,2,20,0,3,2,0,1,0,0,0,""
"82-90-83-43",1,"Yes",5,5,6,2,5,5,6,2,3,0,0,,,2,2,1,0,0,3,0,0,0,""
"82-90-83-43",2,"Yes",0,0,,,5,5,6,6,5,5,5,6,0,0,0,1,0,0,0,0,0,0,""
"98-51-51-03",1,"Yes",0,0,,,4,0,6,8,40,0,0,,,0,0,1,2,0,0,0,0,0,""
"10-71-84-42",1,"Yes",0,0,,,7,3,6,6,41,3,5,7,1,41,0,1,0,0,0,0,0,0,""
"10-71-84-42",2,"Yes",0,0,,,7,5,6,6,48,7,5,7,1,40,0,1,0,2,0,0,0,0,""
"10-71-84-42",3,"Yes",0,0,,,7,5,6,6,15,0,0,,,0,0,0,1,0,0,0,0,0,""
"10-71-84-42",4,"Yes",0,0,,,7,5,6,3,10,7,5,7,2,3,2,1,0,0,0,0,0,0,""
"49-18-02-61",1,"Yes",0,0,,,6,1,7,5,10,0,0,,,0,0,1,0,2,3,0,0,0,""
"58-97-08-64",1,"Yes",0,0,,,5,5,6,6,20,5,5,7,1,10,0,1,0,2,3,0,0,0,""
"58-97-08-64",2,"Yes",0,0,,,5,5,6,5,25,5,5,7,4,27,0,1,0,0,0,0,0,0,""
"61-93-54-26",1,"Yes",7,5,6,9,7,5,6,9,45,7,1,7,2,45,0,1,0,0,0,0,0,0,""
"61-93-54-26",2,"Yes",7,2,6,10,7,2,6,9,25,7,5,6,9,25,0,1,0,0,0,0,0,0,""
"61-93-54-26",3,"Yes",7,5,7,5,7,5,6,9,7,7,5,7,3,7,0,1,0,0,0,0,0,0,""
"51-95-58-91",1,"Yes",6,3,1,10,6,3,1,10,6,7,5,7,3,6,1,2,0,0,3,0,0,0,""
"51-95-58-91",2,"No",,,,,,,,,,,,,,,,,,,,,,,""
"32-49-75-13",1,"Yes",0,0,,,2,0,2,4,20,0,0,,,0,0,1,0,0,0,0,0,0,""
"32-49-75-13",2,"Yes",0,0,,,5,0,4,9,11,7,5,7,2,8,0,1,0,0,0,0,0,0,""
"68-39-51-63",1,"Yes",0,0,,,2,2,7,5,75,0,0,,,38,0,1,0,0,0,0,0,0,""
"46-13-75-58",1,"Yes",7,3,7,10,0,0,,,22,7,5,7,1,20,0,1,2,0,0,0,0,0,""
"46-13-75-58",2,"No",,,,,,,,,,,,,,,,,,,,,,,""
"40-78-00-02",1,"Yes",7,5,3,7,7,5,6,7,7,0,0,,,0,0,1,2,3,4,0,0,0,""
"40-78-00-02",2,"No",,,,,,,,,,,,,,,,,,,,,,,""
"69-63-50-52",1,"Yes",7,0,6,8,7,0,6,8,20,7,5,7,4,25,0,1,2,0,0,0,0,0,""
"20-96-52-92",1,"Yes",7,2,6,8,7,2,6,8,20,7,5,7,5,20,0,1,2,3,0,0,0,0,""
"37-33-23-29",1,"Yes",0,0,,,7,1,6,10,20,0,0,,,0,0,1,2,0,0,0,0,0,""
"37-33-23-29",2,"Yes",0,0,,,7,1,6,10,15,6,1,7,1,0,0,2,1,0,0,0,0,0,""
"55-09-60-79",1,"Yes",7,0,6,7,7,0,6,7,25,7,5,7,3,25,0,1,2,0,0,0,0,0,""
"13-88-02-80",1,"Yes",0,0,,,7,5,2,2,50,7,5,7,.5,3,0,1,2,3,0,0,0,0,""
"85-93-95-50",1,"Yes",0,0,,,6,4,6,5,3,7,5,7,7,2,0,1,2,3,0,0,0,0,""
"85-93-95-50",2,"Yes",0,0,,,7,5,6,8,25,0,0,,,0,0,1,2,3,0,0,0,0,""
"97-19-27-00",1,"Yes",0,0,,,5,1,6,8,20,5,5,7,1,4,0,1,0,0,0,0,0,0,""
"97-19-27-00",2,"Yes",0,0,,,5,1,6,7,10,5,5,7,1,5,0,1,2,0,0,0,0,0,""
"60-48-30-05",1,"Yes",0,0,,,7,2,7,5,60,0,0,,,0,0,1,0,0,0,0,0,0,""
"80-01-40-08",1,"Yes",0,0,,,7,5,6,6,60,7,5,7,1,50,0,1,0,0,0,0,0,0,""
"29-52-09-79",1,"Yes",0,0,,,5,3,6,3,4,7,5,7,1,4,0,1,0,0,0,0,0,0,""
"29-52-09-79",5,"Yes",0,0,,,4,3,5,4,10,0,0,,,0,2,1,0,0,0,0,0,0,""
"07-76-06-35",1,"Yes",0,0,,,2,3,6,6,33,7,5,7,8,13,0,2,1,3,0,0,0,0,""
"07-76-06-35",2,"Yes",0,0,,,2,5,6,6,28,7,5,7,2,3,0,1,2,0,0,0,0,0,""
"07-76-06-35",3,"Yes",0,0,,,2,3,6,6,9,0,0,,,0,0,1,2,0,0,0,0,0,""
"73-75-27-37",1,"Yes",0,0,,,5,1,6,8,5,0,0,,,0,0,1,0,0,0,0,0,0,""
"73-75-27-37",2,"Yes",0,0,,,2,1,5,4,3,0,0,,,0,0,1,0,0,0,0,0,0,""
"99-26-76-45",1,"Yes",7,5,6,7,7,5,6,7,30,0,0,,,0,0,0,0,0,0,0,0,1,"no livestock"
"91-46-41-86",1,"Yes",7,3,6,5,7,3,6,5,37,0,0,,,0,0,1,2,3,0,0,0,0,""
"91-46-41-86",2,"Yes",7,3,6,5,7,3,6,5,20,7,5,7,2,20,0,1,0,2,0,0,0,0,""
"91-46-41-86",3,"Yes",0,0,,,5,2,6,4,9,0,0,,,0,0,1,0,0,0,0,0,0,""
"91-46-41-86",4,"Yes",0,0,,,7,2,6,3,5,0,0,,,0,0,1,0,0,0,0,0,0,""
"67-86-22-06",1,"Yes",0,0,,,7,5,7,6,20,0,0,,,0,0,1,0,0,0,0,0,0,""
"98-64-51-77",1,"Yes",0,0,,,7,5,6,4,50,0,0,,,0,0,1,0,2,0,0,0,0,""
"83-59-27-80",1,"Yes",0,0,,,7,1,6,6,2,7,5,6,.5,1,0,1,2,3,0,0,0,0,""
"12-54-62-85",1,"Yes",7,3,6,5,7,3,6,5,24,0,0,,,23,0,1,0,0,0,0,0,0,""
"12-54-62-85",2,"Yes",7,3,6,5,7,3,6,5,4,0,0,,,3,0,1,2,0,0,0,0,0,""
"47-32-93-31",1,"Yes",0,0,,,4,1,6,8,39,5,5,7,1,3,0,1,2,0,0,0,0,0,""
"47-32-93-31",2,"Yes",0,0,,,4,1,6,7,5,0,0,,,0,0,1,0,0,0,0,0,0,""
"45-06-90-36",2,"Yes",0,0,,,7,5,3,3,50,7,5,7,.5,50,0,1,0,2,0,0,0,0,""
"24-42-82-26",1,"Yes",7,1,6,4,7,1,6,4,20,3,0,7,4,20,0,1,2,3,0,0,0,0,""
"24-42-82-26",2,"Yes",7,2,6,8,7,2,6,4,20,2,0,7,3,20,0,2,1,0,0,0,0,0,""
"22-27-70-86",1,"Yes",0,0,,,7,5,3,6,20,7,5,1,2,10,4,1,2,3,0,0,0,0,""
"22-27-70-86",2,"Yes",0,0,,,7,5,4,4,6,5,5,7,.5,10,4,1,2,3,5,0,0,0,""
"04-24-78-04",1,"Yes",0,0,,,7,5,6,4,43,7,5,7,.5,43,0,1,0,0,0,0,0,0,""
"83-44-01-42",1,"Yes",0,0,,,5,3,6,6,15,0,0,,,15,4,1,3,2,0,0,0,0,""
"83-44-01-42",2,"Yes",0,0,,,5,3,6,6,10,7,5,7,1,10,0,1,2,3,0,0,0,0,""
"55-32-62-10",1,"Yes",5,2,6,4,5,3,6,4,25,7,5,7,6,7,3,2,1,0,0,0,0,0,""
"55-32-62-10",2,"Yes",0,0,,,5,3,5,6,25,7,5,7,2,10,3,1,2,0,4,0,0,0,""
"55-32-62-10",3,"Yes",5,3,5,6,0,0,,,3,0,0,,,0,1,0,0,0,0,0,0,0,""
"55-32-62-10",6,"No",,,,,,,,,,,,,,,,,,,,,,,""
"16-97-28-87",1,"Yes",0,0,,,6,5,6,4,50,7,5,7,.5,20,0,1,0,2,0,0,0,0,""
"79-79-53-26",1,"Yes",0,0,,,7,5,5,6,24,7,5,7,.5,7,0,4,1,3,2,0,0,0,""
"79-79-53-26",2,"Yes",0,0,,,7,5,5,6,24,7,5,7,.5,24,0,1,2,3,4,0,0,0,""
"86-05-40-89",1,"Yes",0,0,,,7,5,6,8,5,0,0,,,0,0,1,2,3,0,0,0,0,""
"06-02-25-50",1,"Yes",0,0,,,7,5,7,5,40,0,0,,,0,0,1,0,0,0,0,0,0,""
"07-64-12-97",1,"Yes",0,0,,,7,2,6,4,55,7,5,7,1,55,0,1,0,0,0,0,0,0,""
"07-64-12-97",2,"Yes",0,0,,,3,2,6,2,15,0,0,,,0,0,1,0,0,0,0,0,0,""
"67-73-53-75",1,"Yes",0,0,,,7,5,7,12,11,0,0,,,0,0,1,3,2,0,0,0,0,""
"67-73-53-75",2,"Yes",0,0,,,7,5,6,8,11,0,0,,,0,0,1,2,3,0,0,0,0,""
"96-07-74-28",1,"Yes",0,0,,,5,2,6,6,8,0,0,,,0,2,1,3,4,0,0,0,0,""
"96-07-74-28",2,"Yes",0,0,,,4,3,7,6,9,0,0,,,0,0,1,0,2,0,0,0,0,""
"13-42-68-56",1,"Yes",7,5,6,10,7,5,6,10,40,0,0,,,0,0,0,0,0,0,0,0,1,"no livestock"
"78-89-03-74",1,"Yes",0,0,,,7,5,6,6,30,7,5,7,.5,15,4,1,3,2,0,0,0,0,""
"78-89-03-74",2,"Yes",0,0,,,7,5,6,6,15,7,5,7,.5,3,0,1,2,3,0,0,0,0,""
"29-15-86-87",1,"Yes",0,0,,,5,1,6,8,22,5,5,7,1,9,0,1,2,0,0,0,0,0,""
"29-15-86-87",2,"Yes",0,0,,,3,0,5,5,19,5,5,7,1,9,0,1,0,2,0,0,0,0,""
"83-15-50-69",1,"Yes",7,5,2,3,7,5,2,3,40,0,0,,,39,0,1,0,0,0,0,0,0,""
"83-15-50-69",2,"Yes",6,5,6,6,6,5,6,6,3,0,0,,,3,0,1,0,0,0,0,0,0,""
"96-73-61-56",1,"Yes",7,5,6,3,7,5,6,3,27,0,0,,,26,0,2,1,0,0,0,0,0,""
"96-73-61-56",2,"Yes",7,5,6,8,7,5,6,8,7,0,0,,,7,0,2,1,0,0,0,0,0,""
"68-46-53-43",1,"Yes",0,0,,,7,2,6,6,10,0,0,,,8,1,2,3,4,0,0,0,0,""
"68-46-53-43",2,"Yes",0,0,,,7,5,6,6,10,0,0,,,8,1,2,0,0,0,0,0,0,""
"65-84-91-55",1,"Yes",0,0,,,7,5,5,5,30,0,0,,,4,0,1,3,2,0,0,0,0,""
"79-25-63-35",1,"Yes",0,0,,,7,5,6,6,30,7,5,7,1,10,0,1,2,0,0,0,0,0,""
"79-25-63-35",2,"Yes",0,0,,,7,5,6,6,20,7,5,7,1,20,0,2,1,0,0,0,0,0,""
"80-29-04-22",1,"Yes",0,0,,,7,5,6,7,50,0,0,,,10,0,1,2,3,0,0,0,0,""
"80-29-04-22",2,"Yes",0,0,,,7,5,6,8,30,0,0,,,5,0,1,2,3,0,0,0,0,""
"28-29-76-59",1,"Yes",0,0,,,5,2,6,6,35,5,5,7,0,8,0,1,2,0,0,0,0,0,""
"28-29-76-59",2,"Yes",0,0,,,5,2,7,6,35,5,5,7,0,8,0,1,0,0,0,0,0,0,""
"26-01-09-21",1,"Yes",0,0,,,5,4,6,6,40,0,0,,,0,0,1,0,0,0,0,0,0,""
"26-01-09-21",2,"Yes",0,0,,,5,4,6,6,4,0,0,,,0,0,1,0,0,0,0,0,0,""
"29-37-06-51",1,"Yes",0,0,,,7,5,7,3,60,7,5,7,1,10,0,1,0,0,0,0,0,0,""
"29-37-06-51",2,"Yes",0,0,,,7,5,7,3,45,7,5,7,1,10,0,1,0,0,0,0,0,0,""
"81-06-47-80",1,"Yes",7,0,6,7,7,0,6,7,30,7,5,7,2,30,0,2,3,1,0,0,0,0,""
"65-79-07-96",1,"Yes",0,0,,,5,2,2,6,30,0,0,,,0,0,1,3,2,0,0,0,0,""
"65-79-07-96",2,"Yes",0,0,,,5,1,6,6,5,0,0,,,0,0,1,2,0,0,0,0,0,""
"10-31-70-66",1,"Yes",0,0,,,0,0,,,0,7,5,7,6,20,1,2,3,4,0,0,0,0,""
"10-31-70-66",2,"Yes",6,2,6,9,6,2,6,9,15,0,0,,,0,1,2,3,4,0,0,0,0,""
"32-61-55-41",1,"Yes",0,0,,,4,3,6,3,30,7,5,7,3,18,0,1,0,0,0,0,0,0,""
"32-61-55-41",2,"Yes",0,0,,,7,4,6,5,40,0,0,,,0,0,1,0,0,0,0,0,0,""
"32-61-55-41",3,"Yes",0,0,,,4,3,6,4,5,0,0,,,0,0,1,0,0,0,0,0,0,""
"33-65-05-28",1,"Yes",0,0,,,5,1,6,7,37,5,5,7,0,10,0,1,2,3,0,0,0,0,""
"33-65-05-28",2,"Yes",0,0,,,5,2,6,7,39,5,5,7,0,10,0,1,2,0,0,0,0,0,""
"37-31-29-27",1,"Yes",0,0,,,5,2,2,6,3,7,5,7,1,2,1,2,3,4,0,0,0,0,""
"37-31-29-27",2,"Yes",0,0,,,7,5,6,8,8,7,5,7,1,8,0,0,0,0,0,0,0,1,"none"
"13-98-20-22",1,"Yes",7,0,6,8,7,0,6,8,15,7,5,7,2,6,2,3,1,0,0,0,0,0,""
"13-98-20-22",2,"Yes",7,0,6,8,7,0,6,8,10,7,5,7,2,6,2,0,1,3,0,0,0,0,""
"04-80-94-39",1,"Yes",7,5,6,5,7,5,6,5,20,7,5,7,5,20,0,0,1,2,0,0,0,0,""
"04-80-94-39",2,"No",,,,,,,,,,,,,,,,,,,,,,,""
"28-75-01-80",1,"Yes",0,0,,,7,2,6,8,50,7,5,7,1,30,0,1,2,3,0,0,0,0,""
"28-75-01-80",2,"Yes",0,0,,,7,2,6,5,30,7,5,7,1,30,0,1,2,3,0,0,0,0,""
"30-19-51-31",1,"Yes",0,0,,,4,3,6,7,6,7,5,7,7,3,1,2,0,0,3,0,0,0,""
"30-19-51-31",2,"Yes",0,0,,,6,4,2,6,6,0,0,,,0,3,1,0,0,2,0,0,0,""
"83-66-69-06",1,"Yes",0,0,,,4,1,6,5,15,0,0,,,0,0,1,0,0,0,0,0,0,""
"83-66-69-06",2,"Yes",0,0,,,5,3,6,6,20,0,0,,,0,0,1,0,0,0,0,0,0,""
"26-43-59-91",1,"Yes",0,0,,,7,5,3,4,6,7,5,7,6,6,0,1,2,3,4,0,0,0,""
"26-43-59-91",2,"Yes",0,0,,,7,5,3,3,6,7,5,7,2,4,0,1,2,3,4,0,0,0,""
"97-96-91-38",1,"Yes",0,0,,,5,5,6,6,50,0,0,,,0,0,1,0,2,0,0,0,0,""
"97-96-91-38",2,"Yes",0,0,,,7,5,6,6,40,0,0,,,0,0,1,0,2,0,0,0,0,""
"27-34-90-31",1,"Yes",0,0,,,5,1,6,8,43,5,5,7,2,20,0,1,0,0,0,0,0,0,""
"23-72-17-40",1,"Yes",5,1,6,8,5,1,6,8,40,5,5,7,2,10,0,1,2,3,0,0,0,0,""
"23-72-17-40",2,"Yes",5,1,6,7,5,1,6,7,40,5,5,7,1,10,0,1,0,0,0,0,0,0,""
"23-72-17-40",3,"Yes",5,1,6,8,0,0,,,7,0,0,,,0,1,0,0,0,0,2,0,0,""
"39-58-22-39",1,"Yes",0,0,,,5,1,6,7,28,5,5,7,1,15,0,1,2,0,0,0,0,0,""
"39-58-22-39",2,"Yes",0,0,,,5,1,6,7,25,5,5,7,1,10,0,1,0,0,0,0,0,0,""
"97-79-33-71",1,"Yes",7,5,4,8,7,5,4,4,30,7,5,7,3,12,0,1,2,3,0,0,0,0,""
"69-57-31-01",1,"Yes",0,0,,,5,1,6,8,25,5,5,7,1,3,0,1,0,0,0,0,0,0,""
"69-57-31-01",2,"Yes",0,0,,,5,1,6,7,35,5,5,6,1,3,0,1,0,0,0,0,0,0,""
"60-54-64-58",1,"Yes",0,0,,,7,5,7,7,20,7,5,7,0,20,3,1,0,0,2,0,0,0,""
"60-54-64-58",2,"Yes",0,0,,,7,5,7,6,20,0,0,,,0,0,1,3,0,2,0,0,0,""
"89-99-48-67",1,"Yes",0,0,,,5,5,6,7,50,5,5,7,1,10,0,1,0,0,0,0,0,0,""
"89-99-48-67",2,"Yes",0,0,,,5,5,6,6,20,5,5,7,3,15,0,2,0,0,1,0,0,0,""
"44-61-50-65",1,"Yes",0,0,,,5,5,4,2,50,0,0,,,30,0,1,0,0,2,0,0,0,""
"12-80-78-48",2,"Yes",0,0,,,5,5,6,5,3,0,0,,,3,1,0,0,0,0,0,0,0,""
"28-02-97-48",1,"No",,,,,,,,,,,,,,,,,,,,,,,""
"70-19-76-68",1,"Yes",0,0,,,5,2,6,6,30,7,5,7,3,30,0,2,1,3,0,0,0,0,""
"46-78-87-50",1,"Yes",7,2,6,7,7,2,6,7,15,7,5,7,1,15,0,1,2,0,0,0,0,0,""
"46-78-87-50",2,"Yes",7,2,6,7,7,2,6,7,10,7,5,7,2,10,0,1,2,0,0,0,0,0,""
"18-43-40-98",1,"Yes",0,0,,,5,1,6,6,50,0,0,,,0,0,1,0,2,0,0,0,0,""
"50-39-55-52",1,"Yes",5,0,6,5,5,0,6,4,45,7,5,7,.5,3,0,1,0,0,0,0,0,0,""
"82-64-50-66",1,"Yes",7,5,2,1,0,0,,,20,0,0,,,4,0,3,2,0,0,0,0,1,"agri inputs"
"82-64-50-66",2,"Yes",7,5,7,6,0,0,,,24,7,5,7,.08,22,0,3,1,0,0,0,0,2,"agri inputs"
"46-02-32-25",1,"Yes",0,0,,,7,2,7,3,20,0,0,,,0,0,1,0,0,0,0,0,0,""
"51-99-40-78",1,"Yes",0,0,,,5,0,6,6,10,0,0,,,0,0,1,0,0,0,0,0,0,""
"45-83-32-93",1,"Yes",0,0,,,7,0,6,8,25,7,5,7,4,25,0,1,2,0,0,0,0,0,""
"45-83-32-93",2,"Yes",0,0,,,7,0,6,8,20,7,5,7,5,20,0,1,2,0,0,0,0,0,""
"45-83-32-93",4,"Yes",0,0,,,7,0,6,8,3,7,5,6,6,3,0,1,0,0,0,0,0,0,""
"33-22-63-71",1,"Yes",5,1,6,8,5,1,6,8,10,5,5,7,1,6,0,2,0,0,1,0,0,0,""
"33-22-63-71",2,"Yes",5,1,6,1,5,1,6,6,7,5,5,7,1,5,0,1,2,0,0,0,0,0,""
"95-96-92-75",1,"Yes",0,0,,,7,5,5,6,20,3,5,7,1,10,0,1,0,0,0,0,0,2,"buying household stuffs such as cloth"
"95-96-92-75",2,"Yes",0,0,,,7,5,5,6,3,3,5,7,1,3,0,1,0,0,0,0,0,0,""
"19-37-18-76",1,"Yes",0,0,,,3,4,6,4,35,0,0,,,0,0,1,2,3,0,0,0,0,""
"19-37-18-76",2,"Yes",0,0,,,3,4,6,4,22,7,5,7,1,22,0,1,2,3,0,0,0,0,""
"74-28-59-17",1,"Yes",4,0,6,6,6,3,6,6,35,7,5,7,5,35,0,1,2,3,0,0,0,0,""
"74-28-59-17",2,"Yes",6,3,6,6,6,3,6,6,22,0,0,,,15,0,1,2,3,0,0,0,0,""
"48-48-94-57",1,"Yes",0,0,,,5,5,6,4,3,5,5,7,2,20,0,1,0,0,0,0,0,0,""
"48-48-94-57",2,"No",,,,,,,,,,,,,,,,,,,,,,,""
"03-43-60-42",1,"Yes",0,0,,,5,1,6,7,24,5,5,5,1,6,0,1,2,0,0,0,0,0,""
"58-75-54-61",1,"Yes",0,0,,,5,1,6,8,8,5,5,7,1,2,0,1,2,0,0,0,0,0,""
"58-75-54-61",2,"Yes",0,0,,,5,1,6,6,40,0,0,,,10,0,1,0,0,0,0,0,0,""
"58-75-54-61",3,"Yes",0,0,,,5,1,6,8,3,5,5,7,1,5,0,1,0,0,0,2,0,0,""
"58-75-54-61",4,"Yes",0,0,,,5,1,6,8,3,5,5,7,1,2,0,1,0,0,0,0,0,0,""
"49-89-37-09",1,"Yes",7,2,6,5,7,2,6,5,50,7,5,7,1,50,0,1,0,0,0,0,0,0,""
"49-89-37-09",2,"Yes",7,2,6,7,7,2,6,7,40,7,5,7,1,40,0,1,0,0,0,0,0,0,""
"76-49-10-53",1,"Yes",1,5,6,10,1,5,6,10,10,0,0,,,0,2,1,3,4,5,0,0,0,""
"76-49-10-53",2,"Yes",7,0,5,8,7,0,5,8,30,0,0,,,0,0,3,1,2,4,0,0,0,""
"76-59-40-83",1,"Yes",0,0,,,5,0,7,5,3,0,0,,,0,0,1,0,0,0,0,0,0,""
"32-82-77-77",1,"Yes",0,0,,,7,5,6,6,2,0,0,,,0,0,1,2,3,0,0,0,0,""
"32-82-77-77",2,"Yes",0,0,,,7,5,6,6,10,0,0,,,0,0,1,3,2,0,0,0,0,""
"83-91-87-26",1,"Yes",6,0,3,3,0,0,,,4,7,5,7,1,15,0,1,2,3,0,0,0,0,""
"51-80-93-49",1,"Yes",0,0,,,5,1,6,5,45,5,5,7,1,5,0,1,2,0,0,0,0,0,""
"29-06-51-62",1,"Yes",0,0,,,6,0,6,6,60,0,0,,,50,0,1,0,2,0,0,0,0,""
"47-99-10-89",1,"No",,,,,,,,,,,,,,,,,,,,,,,""
"81-41-75-01",1,"Yes",1,0,3,7,4,1,6,8,40,7,5,7,6,2,0,2,1,0,0,0,0,0,""
"81-41-75-01",2,"Yes",4,0,6,11,5,2,6,10,20,7,3,7,2,2,0,2,1,0,0,0,0,0,""
"81-41-75-01",3,"No",,,,,,,,,,,,,,,,,,,,,,,""
"76-68-21-05",1,"Yes",0,0,,,5,2,6,5,37,0,0,,,0,0,1,0,0,0,0,0,0,""
"76-68-21-05",2,"Yes",0,0,,,7,2,6,6,3,0,0,,,0,0,1,0,0,0,0,0,0,""
"76-68-21-05",3,"Yes",0,0,,,7,2,6,4,2,0,0,,,0,0,1,0,0,0,0,0,0,""
"47-73-43-68",1,"Yes",0,0,,,6,5,6,10,47,0,0,,,0,0,1,2,3,0,0,0,0,""
"47-73-43-68",2,"Yes",0,0,,,5,3,6,10,10,7,5,7,1,30,0,1,0,0,0,0,0,0,""
"51-60-71-39",1,"Yes",5,5,6,8,5,5,6,8,34,5,5,6,3,30,1,2,3,0,0,0,0,0,""
"51-60-71-39",2,"Yes",5,5,6,6,5,5,6,6,28,5,5,7,3,20,0,1,2,3,4,0,0,0,""
"51-60-71-39",3,"No",,,,,,,,,,,,,,,,,,,,,,,""
"51-60-71-39",4,"No",,,,,,,,,,,,,,,,,,,,,,,""
"51-60-71-39",5,"Yes",5,5,6,6,5,5,6,6,3,5,5,7,4,3,0,1,0,0,0,0,0,2,"Buying my own necessities"
"10-22-07-48",1,"Yes",5,0,6,3,6,1,6,3,38,7,5,0,,1,0,1,2,3,0,0,0,0,""
"10-22-07-48",2,"Yes",5,0,6,5,6,1,6,3,40,0,0,,,0,0,2,1,3,0,0,0,0,""
"10-22-07-48",5,"Yes",0,0,,,0,0,,,0,7,5,7,8,1,0,0,0,0,0,0,0,1,"send to parents"
"36-41-17-07",1,"Yes",7,2,6,6,7,2,6,6,60,7,5,7,1,60,0,1,0,2,0,0,0,0,""
"36-41-17-07",2,"Yes",7,2,6,8,7,2,6,8,5,7,5,2,1,5,0,1,0,0,0,0,0,0,""
"36-41-17-07",3,"Yes",7,3,6,8,7,3,6,8,3,7,5,2,1,3,0,2,0,1,0,0,0,0,""
"52-56-02-56",1,"Yes",0,0,,,7,2,5,3,20,0,0,,,0,0,1,2,3,0,0,0,0,""
"52-56-02-56",2,"Yes",0,0,,,6,2,5,3,23,7,5,7,8,4,0,1,2,0,0,0,0,0,""
"52-56-02-56",3,"Yes",0,0,,,5,1,6,6,4,0,0,,,0,0,1,0,2,0,0,0,0,""
"32-96-32-91",1,"Yes",5,4,6,7,5,4,6,8,10,7,5,7,2,5,4,1,3,2,0,0,0,0,""
"32-96-32-91",2,"Yes",0,0,,,3,4,5,5,4,0,0,,,0,0,1,2,3,0,0,0,0,""
"32-96-32-91",6,"Yes",0,0,,,3,4,6,6,4,0,0,,,0,1,0,0,2,0,0,0,0,""
"54-77-99-69",3,"No",,,,,,,,,,,,,,,,,,,,,,,""
"54-77-99-69",4,"No",,,,,,,,,,,,,,,,,,,,,,,""
"10-69-04-21",1,"Yes",6,1,6,11,6,1,6,11,30,0,0,,,0,0,1,2,3,0,0,0,0,""
"10-69-04-21",2,"Yes",6,1,6,11,6,1,6,11,24,0,0,,,0,0,2,1,3,0,0,0,0,""
"25-34-66-08",1,"Yes",0,0,,,5,5,6,3,50,5,5,7,2,40,0,1,0,2,0,0,0,0,""
"25-34-66-08",2,"Yes",0,0,,,5,5,6,5,60,5,5,7,2,45,2,0,0,0,1,0,0,0,""
"29-70-97-81",1,"Yes",0,0,,,6,3,5,6,25,0,0,,,0,0,1,2,0,0,0,0,3,"clothing"
"29-70-97-81",2,"Yes",0,0,,,6,3,6,6,14,0,0,,,0,0,1,2,0,0,0,0,0,""
"16-38-85-69",1,"Yes",6,1,6,8,6,1,6,8,40,7,5,7,1,35,0,1,2,3,0,0,0,0,""
"16-38-85-69",2,"Yes",6,1,6,8,6,1,6,8,35,7,5,7,1,20,0,1,0,0,0,0,0,0,""
"16-38-85-69",3,"Yes",6,3,6,8,0,0,,,5,0,0,,,0,0,1,0,2,0,0,0,0,""
"34-85-34-32",1,"No",,,,,,,,,,,,,,,,,,,,,,,""
"87-75-27-62",1,"Yes",7,5,6,6,7,5,6,6,30,7,5,7,2,23,1,2,3,0,0,0,0,0,""
"87-75-27-62",2,"No",,,,,,,,,,,,,,,,,,,,,,,""
"03-56-68-20",1,"Yes",0,0,,,5,3,3,9,45,0,0,,,0,0,1,2,3,0,0,0,0,""
"96-99-31-77",1,"Yes",6,4,7,6,0,0,,,18,0,0,,,0,0,3,1,0,2,0,0,0,""
"96-99-31-77",2,"Yes",6,4,7,6,0,0,,,6,0,0,,,0,0,2,1,0,3,0,0,0,""
"43-76-23-18",1,"Yes",0,0,,,5,0,7,5,10,7,5,7,1,10,0,2,1,3,0,0,0,0,""
"47-55-12-39",1,"Yes",0,0,,,6,3,6,6,45,7,5,7,1,20,0,1,0,0,0,0,0,0,""
"47-55-12-39",2,"Yes",0,0,,,6,3,6,7,5,0,0,,,0,0,1,0,0,0,0,0,2,"to purchase agricultural inputs"
"47-55-12-39",3,"Yes",4,2,6,7,6,3,6,5,10,0,0,,,0,0,1,0,0,0,0,0,2,"1. buying agricultural inputs,"
"47-55-12-39",7,"Yes",4,0,4,5,6,2,3,6,12,0,0,,,0,0,2,0,0,0,0,0,1,"to buy fertiliser"
"26-14-45-15",1,"Yes",7,5,6,4,7,5,6,4,35,7,5,2,1,35,0,1,0,0,0,0,0,0,""
"26-14-45-15",2,"Yes",7,5,6,4,7,5,6,4,30,7,5,7,2,30,0,1,0,0,0,0,0,0,""
"92-21-19-80",1,"Yes",7,0,6,8,7,0,6,8,33,5,3,7,1,5,0,1,2,3,0,0,0,0,""
"92-21-19-80",2,"Yes",7,0,6,8,7,0,6,6,20,0,0,,,5,0,1,0,2,0,0,0,0,""
"69-22-78-98",1,"Yes",0,0,,,5,3,6,6,2,7,5,7,0,1,0,1,0,0,0,0,0,0,""
"69-22-78-98",2,"Yes",0,0,,,5,2,6,6,2,0,0,,,0,2,1,3,0,0,0,0,0,""
"72-81-88-52",1,"Yes",0,0,,,7,1,6,6,20,7,5,6,4,20,1,2,3,4,0,0,0,0,""
"99-60-35-75",1,"Yes",0,0,,,6,5,6,7,25,7,5,7,1,3,2,3,1,5,4,0,0,0,""
"99-60-35-75",2,"Yes",0,0,,,6,5,6,7,30,0,0,,,0,3,2,1,0,0,0,0,0,""
"22-09-50-57",1,"Yes",5,5,6,9,5,5,6,9,50,5,5,6,2,20,1,2,3,4,0,0,0,0,""
"22-09-50-57",2,"Yes",5,5,6,8,5,5,6,9,40,5,5,6,1,5,0,1,2,0,3,0,0,0,""
"22-09-50-57",3,"No",,,,,,,,,,,,,,,,,,,,,,,""
"88-99-86-73",1,"Yes",7,0,2,4,7,0,2,4,25,7,5,7,2,25,0,3,2,1,0,0,0,0,""
"88-99-86-73",2,"Yes",7,0,6,8,7,0,6,8,3,7,5,7,3,3,0,3,1,2,0,0,0,0,""
"71-42-32-14",1,"Yes",3,0,6,6,0,0,,,6,0,1,7,3,3,1,0,0,0,2,0,0,0,""
"71-42-32-14",2,"No",,,,,,,,,,,,,,,,,,,,,,,""
"30-04-61-14",1,"Yes",0,0,,,7,5,6,5,59,6,2,7,1,50,0,1,0,0,0,0,0,0,""
"30-04-61-14",2,"Yes",0,0,,,7,5,6,5,41,6,2,7,1,40,0,1,0,0,0,0,0,0,""
"30-04-61-14",3,"Yes",0,0,,,7,5,6,5,10,0,0,,,0,0,1,0,0,0,0,0,0,""
"30-04-61-14",4,"Yes",0,0,,,7,5,6,5,8,0,0,,,0,0,1,0,0,0,0,0,0,""
"67-60-72-31",1,"Yes",0,0,,,4,4,6,4,5,7,5,7,2,3,0,1,0,2,0,0,0,0,""
"32-10-01-18",1,"Yes",6,0,4,4,6,0,4,4,7,0,0,,,0,0,1,0,0,2,0,0,0,""
"32-10-01-18",2,"Yes",5,0,4,4,5,0,4,4,3,0,0,,,0,0,1,0,0,0,0,0,0,""
"22-48-15-22",1,"Yes",5,0,6,8,6,1,6,8,15,7,5,0,,7,4,1,2,3,0,0,0,0,""
"22-48-15-22",2,"Yes",5,0,6,8,6,1,6,8,15,7,5,0,,0,1,2,3,4,0,0,0,0,""
"06-04-90-02",1,"Yes",0,0,,,7,5,6,6,10,7,5,7,1,5,0,1,2,3,0,0,0,0,""
"06-04-90-02",2,"Yes",0,0,,,7,5,6,6,7,7,5,7,2,5,0,1,0,0,0,0,0,0,""
"89-93-26-33",1,"Yes",5,3,6,8,5,3,6,8,35,7,5,7,1,10,3,1,2,0,0,0,0,0,""
"16-51-24-24",1,"Yes",5,0,6,7,5,0,6,7,17,0,0,,,0,0,1,3,0,2,0,0,0,""
"16-51-24-24",2,"Yes",5,0,6,7,5,0,6,7,10,0,0,,,0,0,3,1,2,0,0,0,0,""
"85-00-63-86",1,"Yes",4,1,6,7,4,1,6,7,27,0,0,,,2,0,1,3,2,4,0,0,0,""
"85-00-63-86",2,"Yes",4,1,7,8,4,2,7,8,15,7,5,7,1,1,0,1,0,0,0,0,0,0,""
"24-74-06-95",1,"Yes",7,5,6,7,7,5,6,7,30,0,0,,,0,0,1,2,3,0,0,0,0,""
"24-74-06-95",2,"Yes",7,5,6,7,7,5,6,7,30,0,0,,,0,0,1,2,3,0,0,0,0,""
"76-24-30-21",1,"Yes",0,0,,,6,3,5,7,10,0,0,,,0,0,1,0,0,0,0,0,2,"agri inputs"
"76-24-30-21",2,"Yes",0,0,,,6,3,5,7,10,7,5,7,.16,4,0,1,0,0,0,0,0,2,"agri inputs"
"56-71-52-33",1,"Yes",0,0,,,7,5,6,9,50,7,5,7,1,50,0,1,0,0,0,0,0,0,""
"56-71-52-33",2,"Yes",0,0,,,7,5,6,9,50,7,5,7,1,25,0,1,0,2,0,0,0,0,""
"27-56-82-36",2,"Yes",7,1,6,7,7,1,6,7,15,0,0,,,0,0,1,2,3,0,0,0,0,""
"98-24-74-63",1,"Yes",5,5,6,8,5,5,6,8,60,5,5,6,3,6,0,1,3,2,0,0,0,0,""
"98-24-74-63",2,"Yes",5,5,6,6,5,5,6,6,20,5,5,6,1,10,0,1,0,0,0,0,0,0,""
"98-24-74-63",3,"Yes",5,5,6,8,5,5,8,9,5,0,0,,,0,1,0,0,0,0,0,0,0,""
"33-63-66-85",1,"Yes",6,0,0,,6,0,6,8,38,7,5,6,1,3,0,1,2,3,0,0,0,0,""
"33-63-66-85",2,"Yes",6,0,6,8,6,1,6,8,30,7,5,7,1,15,0,2,1,3,0,0,0,0,""
"36-81-79-37",1,"Yes",7,1,5,8,7,1,5,8,20,7,5,7,1,20,0,1,2,3,0,0,0,0,""
"36-81-79-37",2,"Yes",0,0,,,7,1,6,8,7,7,5,7,1,5,0,1,3,2,0,0,0,0,""
"98-23-40-44",1,"Yes",0,0,,,5,0,6,12,30,0,0,,,0,0,1,0,0,0,0,0,0,""
"98-23-40-44",2,"Yes",0,0,,,5,0,6,12,30,0,0,,,0,0,1,0,0,0,0,0,0,""
"37-22-37-99",1,"Yes",0,0,,,7,0,6,5,60,0,0,,,0,0,1,2,3,0,0,0,0,""
"00-67-21-61",1,"Yes",7,5,6,8,7,5,6,8,27,7,5,2,.5,18,0,1,2,3,0,0,0,0,""
"00-67-21-61",2,"Yes",7,5,6,8,7,5,6,8,18,7,5,7,1,18,0,1,2,3,4,0,0,0,""
"51-87-88-69",1,"Yes",0,0,,,5,3,6,5,50,7,5,7,1,30,3,1,0,2,0,0,0,0,""
"00-01-36-74",1,"Yes",0,0,,,7,5,4,7,15,0,0,,,3,4,1,2,3,0,0,0,0,""
"07-23-47-52",1,"Yes",7,0,5,9,7,0,5,9,30,7,5,7,1,30,0,1,3,2,0,0,0,0,""
"07-23-47-52",2,"Yes",7,0,7,8,0,0,,,4,0,0,,,0,0,0,0,0,1,0,0,0,""
"07-42-94-81",1,"Yes",0,0,,,5,1,2,8,25,0,0,,,0,0,1,2,3,0,0,0,0,""
"23-53-17-58",1,"Yes",7,0,6,6,7,0,6,6,30,7,5,7,3,30,0,1,2,3,0,0,0,0,""
"23-53-17-58",2,"Yes",7,0,6,6,7,0,6,6,20,7,5,7,2,20,0,1,2,3,0,0,0,0,""
"23-53-17-58",3,"Yes",7,0,6,4,7,0,6,5,4,0,0,,,0,0,0,0,0,0,0,0,1,"she is not engaging in livestock"
"23-53-17-58",8,"Yes",7,0,6,8,7,0,6,8,3,7,5,7,3,3,0,1,0,0,0,0,0,0,""
"36-44-48-22",1,"Yes",5,1,6,8,5,1,6,8,10,7,5,7,1,3,1,2,3,4,0,0,0,0,""
"66-23-65-75",1,"Yes",0,0,,,7,5,5,7,37,7,5,7,2,33,0,1,0,0,0,0,0,2,"agri inputs"
"94-52-36-12",2,"Yes",6,0,6,4,0,0,,,4,0,0,,,0,1,2,3,4,0,0,0,0,""
"94-14-40-52",1,"Yes",0,0,,,5,2,6,7,34,0,0,,,0,0,1,2,3,0,0,0,0,""
"94-14-40-52",2,"Yes",0,0,,,5,2,6,6,2,0,0,,,0,0,1,0,0,0,0,0,0,""
"85-43-64-12",1,"Yes",5,1,7,10,5,1,7,7,15,7,5,7,1,5,0,1,2,3,0,4,0,0,""
"48-73-27-78",1,"Yes",0,0,,,5,2,4,5,15,0,0,,,0,0,1,0,0,0,0,0,0,""
"95-30-04-02",1,"Yes",0,0,,,5,2,6,7,2,0,0,,,0,0,1,0,2,0,0,0,0,""
"95-30-04-02",2,"Yes",0,0,,,5,2,6,6,2,0,0,,,0,0,1,0,2,0,0,0,0,""
"92-70-85-41",1,"Yes",5,0,6,7,5,0,6,7,20,0,0,,,0,0,1,3,0,2,0,0,0,""
"92-70-85-41",2,"Yes",5,0,6,7,5,0,6,7,30,0,0,,,0,0,1,0,0,0,0,0,0,""
"48-49-97-86",1,"Yes",0,0,,,7,4,6,6,30,0,0,,,5,0,1,0,2,0,0,0,0,""
"84-79-52-42",1,"Yes",0,0,,,7,5,4,10,15,0,0,,,3,0,1,2,3,0,0,0,0,""
"84-79-52-42",2,"Yes",0,0,,,7,5,5,11,19,0,0,,,5,0,1,3,2,0,0,0,0,""
"49-71-84-27",1,"Yes",0,0,,,5,1,6,6,26,7,5,7,0,0,0,1,2,3,0,4,0,0,""
"49-71-84-27",3,"Yes",0,0,,,5,1,6,6,3,5,5,7,0,5,0,1,0,0,0,0,0,0,""
"49-71-84-27",4,"Yes",0,0,,,5,1,6,7,3,5,5,7,0,3,0,1,0,0,0,0,0,0,""
"62-50-68-38",1,"No",,,,,,,,,,,,,,,,,,,,,,,""
"62-50-68-38",2,"Yes",4,3,6,7,4,3,6,7,25,7,5,7,1,6,0,1,2,3,4,0,0,0,""
"27-08-48-72",1,"Yes",5,1,4,10,0,0,,,1,0,0,,,0,1,2,0,3,0,0,0,0,""
"77-27-65-41",2,"Yes",0,0,,,7,5,5,4,15,0,0,,,10,0,1,2,4,3,0,0,0,""
"70-31-22-22",1,"Yes",0,0,,,5,1,6,7,15,5,5,7,1,1,0,1,2,0,0,0,0,0,""
"70-31-22-22",2,"Yes",0,0,,,5,1,6,5,10,5,5,7,1,1,0,1,0,0,0,0,0,0,""
"94-42-67-72",1,"Yes",7,5,6,5,7,5,6,5,60,7,5,7,2,60,0,1,0,2,0,0,0,0,""
"94-42-67-72",2,"Yes",7,5,6,8,7,5,6,8,3,7,5,7,3,3,0,1,0,2,0,0,0,0,""
"44-03-12-81",1,"Yes",0,0,,,4,2,6,5,33,7,5,7,2,3,0,1,0,0,0,0,0,0,""
"02-54-15-71",1,"Yes",0,0,,,7,5,6,3,30,0,0,,,30,0,1,2,3,4,0,0,0,""
"02-54-15-71",2,"Yes",0,0,,,7,5,6,3,20,0,0,,,10,0,1,2,3,0,0,0,0,""
"62-99-04-33",1,"Yes",0,0,,,5,1,6,7,33,0,0,,,0,0,1,0,2,0,0,0,0,""
"62-99-04-33",2,"Yes",0,0,,,5,1,6,7,40,0,0,,,0,0,1,0,2,0,3,0,0,""
"62-99-04-33",3,"Yes",0,0,,,5,1,6,8,42,0,0,,,0,0,1,0,2,0,3,0,0,""
"62-99-04-33",4,"Yes",0,0,,,5,1,6,7,18,0,0,,,0,0,1,0,0,0,0,0,0,""
"42-85-59-02",1,"Yes",0,0,,,7,5,7,5,40,7,5,7,2,2,0,1,2,3,0,0,0,0,""
"02-53-80-77",1,"Yes",5,5,6,9,5,5,6,7,30,5,5,7,4,5,0,2,1,0,3,0,0,0,""
"02-53-80-77",2,"Yes",5,5,6,7,5,5,6,7,23,5,5,7,5,10,0,1,2,0,0,0,0,0,""
"50-80-96-28",1,"Yes",6,1,6,0,0,0,,,30,7,5,7,7,12,3,1,2,0,4,0,0,0,""
"50-80-96-28",2,"Yes",0,0,,,0,0,,,0,7,5,7,12,45,4,1,2,3,0,0,0,0,""
"11-91-04-75",1,"Yes",0,0,,,7,5,6,7,30,7,5,7,1,20,3,1,2,0,0,0,0,0,""
"11-91-04-75",2,"Yes",0,0,,,7,5,6,7,30,7,5,7,1,20,3,1,2,0,0,0,0,0,""
"25-18-28-61",1,"Yes",0,0,,,7,5,7,6,13,7,5,7,1,8,0,1,0,0,0,0,0,2,"purchase agri inputs"
"25-18-28-61",2,"Yes",0,0,,,7,5,7,6,13,7,5,7,1,8,0,1,0,0,0,0,0,2,"buying agri inputs"
"59-58-64-54",1,"Yes",0,0,,,7,2,7,7,30,7,5,7,.5,3,0,1,0,0,0,0,0,0,""
"59-58-64-54",2,"Yes",0,0,,,7,2,7,7,12,7,5,7,.5,12,0,1,0,0,0,0,0,0,""
"68-47-48-14",1,"Yes",7,1,6,12,7,1,6,12,14,7,1,6,3,7,0,2,1,3,4,0,0,0,""
"68-47-48-14",2,"Yes",7,1,6,8,7,1,6,8,10,7,5,7,7,7,0,1,2,0,0,0,0,0,""
"64-84-94-47",1,"Yes",7,5,6,3,7,5,6,3,20,7,5,7,2,10,0,1,2,3,0,0,0,0,""
"64-84-94-47",2,"Yes",7,5,6,5,7,5,6,5,15,7,5,7,1,10,0,2,1,3,0,0,0,0,""
"47-86-51-93",1,"Yes",0,0,,,5,1,6,9,20,0,0,,,0,0,1,2,3,0,0,0,0,""
"89-64-71-91",1,"Yes",0,4,6,6,6,3,6,6,25,0,0,,,11,3,2,0,1,0,0,0,0,""
"89-64-71-91",2,"Yes",0,0,,,6,3,6,6,25,7,5,7,1,11,0,2,1,3,0,0,0,0,""
"32-24-09-18",1,"Yes",0,0,,,5,1,6,6,25,0,0,,,0,0,1,2,3,0,4,0,0,""
"32-24-09-18",2,"Yes",0,0,,,5,1,6,6,25,0,0,,,0,0,1,0,0,0,0,0,0,""
"54-13-98-82",1,"Yes",6,2,6,8,6,2,6,8,70,0,0,,,0,3,1,0,2,0,0,0,0,""
"21-11-21-29",1,"Yes",0,0,,,7,3,6,6,45,0,0,,,30,0,1,0,0,0,0,0,0,""
"21-11-21-29",2,"Yes",0,0,,,5,3,6,5,20,0,0,,,20,0,1,0,0,0,0,0,0,""
"21-11-21-29",3,"Yes",7,5,6,6,7,5,6,6,7,0,0,,,0,0,1,0,0,0,0,0,0,""
"81-55-77-74",1,"Yes",0,0,,,7,5,6,6,18,7,5,7,1,18,0,1,2,3,0,0,0,0,""
"81-55-77-74",2,"Yes",0,0,,,7,5,6,6,20,7,5,7,1,10,0,1,2,3,0,0,0,0,""
"23-00-40-40",1,"Yes",0,0,,,5,1,6,6,22,0,0,,,0,0,1,2,3,0,0,0,0,""
"23-00-40-40",2,"Yes",0,0,,,5,1,6,6,10,0,0,,,0,0,1,2,3,0,0,0,0,""
"17-59-86-59",1,"Yes",0,0,,,5,5,6,5,28,0,0,,,4,0,3,0,2,1,0,0,0,""
"89-73-28-02",1,"Yes",5,5,3,2,5,5,3,2,60,5,5,7,1,50,0,1,0,0,0,0,0,0,""
"89-73-28-02",2,"Yes",5,5,2,3,5,5,2,3,45,5,5,7,4,30,0,1,2,0,0,0,0,0,""
"89-73-28-02",3,"Yes",5,5,4,4,5,5,4,4,6,5,5,3,1,2,0,1,0,0,2,0,0,0,""
"14-55-50-79",1,"Yes",4,0,6,4,4,2,3,4,4,7,5,7,1,3,0,0,0,0,0,0,0,1,"savings"
"14-55-50-79",2,"Yes",5,2,6,4,5,2,6,4,40,7,5,7,4,6,0,1,0,0,0,0,0,2,"savings"
"60-36-21-40",1,"Yes",5,5,6,8,5,5,6,8,20,5,5,6,3,5,0,4,1,2,3,0,0,0,""
"60-36-21-40",2,"Yes",5,5,6,8,5,5,6,8,20,5,5,7,3,10,0,0,0,3,2,0,0,1,"Buying necessities for my girls like sanitary towels, clothes and uniform"
"57-25-85-63",1,"Yes",0,0,,,7,5,6,4,60,0,0,,,0,0,0,0,0,0,0,0,1,"no livestock"
"57-25-85-63",2,"Yes",0,0,,,7,2,6,9,9,0,0,,,5,0,1,0,0,0,0,0,0,""
"80-36-08-51",1,"Yes",0,0,,,5,1,6,7,59,4,0,7,0,0,0,1,0,0,0,0,0,0,""
"80-36-08-51",2,"Yes",0,0,,,5,1,7,7,40,4,0,7,0,0,0,1,0,0,0,0,0,0,""
"73-98-72-78",1,"Yes",7,3,3,10,7,3,3,10,30,7,5,3,2,30,0,0,1,0,0,0,0,0,""
"73-98-72-78",2,"Yes",7,3,6,10,7,3,6,10,25,7,5,7,3,25,0,2,1,0,0,0,0,0,""
"48-58-14-95",1,"Yes",0,0,,,6,2,6,1,20,7,5,7,1,10,0,1,2,3,0,4,0,0,""
"48-58-14-95",3,"Yes",0,0,,,5,2,6,9,6,0,0,,,0,2,1,0,0,0,0,0,0,""
"45-96-62-88",1,"Yes",0,0,,,5,3,7,6,20,0,0,,,8,0,1,0,2,0,0,0,0,""
"45-96-62-88",2,"Yes",0,0,,,5,2,6,5,20,7,5,7,1,6,0,1,0,2,0,0,0,0,""
"58-44-41-63",1,"Yes",0,0,,,5,2,3,5,50,7,5,7,2,40,0,1,0,2,3,0,0,0,""
"58-44-41-63",2,"Yes",0,0,,,7,3,6,6,50,0,0,,,0,0,1,0,2,0,0,0,0,""
"36-02-91-03",1,"Yes",0,0,,,5,1,6,7,25,0,0,,,0,0,1,2,0,0,0,0,0,""
"29-24-40-33",1,"Yes",5,5,6,2,5,5,6,2,20,5,5,7,1,5,0,1,2,0,0,0,0,0,""
"29-24-40-33",2,"Yes",5,5,6,6,5,5,6,6,26,5,5,7,3,20,0,2,1,0,0,0,0,0,""
"64-42-73-18",1,"Yes",5,5,6,5,5,5,6,5,44,5,5,7,1,34,1,0,0,0,0,0,0,0,""
"56-97-76-00",1,"Yes",7,5,6,4,7,5,6,4,25,7,5,6,1.3,25,0,2,1,0,0,0,0,0,""
"56-97-76-00",2,"Yes",7,5,6,4,7,5,6,4,25,7,5,7,2,25,0,2,1,0,0,0,0,0,""
"56-97-76-00",3,"No",,,,,,,,,,,,,,,,,,,,,,,""
"56-97-76-00",7,"No",,,,,,,,,,,,,,,,,,,,,,,""
"37-93-28-73",1,"Yes",0,0,,,4,3,6,7,6,0,0,,,0,0,1,0,3,2,0,0,0,""
"37-93-28-73",2,"Yes",0,0,,,4,3,6,5,3,0,0,,,0,0,1,0,0,0,0,0,0,""
"03-58-95-42",1,"Yes",0,0,,,7,4,6,6,27,0,0,,,5,0,1,2,3,4,0,0,0,""
"03-58-95-42",2,"Yes",0,0,,,7,4,6,8,11,7,5,7,1,11,0,1,2,0,0,0,0,0,""
"15-23-04-89",1,"Yes",0,0,,,4,2,6,7,40,7,5,7,7,7,0,1,0,0,0,0,0,0,""
"15-23-04-89",2,"Yes",0,0,,,4,2,6,6,4,0,0,,,0,0,1,0,0,0,0,0,0,""
"51-35-95-32",1,"Yes",0,0,,,6,1,7,12,40,7,5,7,1,40,0,1,0,0,0,0,0,0,""
"51-35-95-32",2,"Yes",0,0,,,0,0,,,37,7,5,7,1,37,0,1,0,0,0,0,0,0,""
"32-54-58-03",1,"Yes",0,0,,,7,5,4,11,35,0,0,,,5,0,1,2,3,0,0,0,0,""
"32-54-58-03",2,"Yes",0,0,,,7,5,3,8,20,0,0,,,0,0,1,2,3,0,0,0,0,""
"45-15-07-99",1,"Yes",5,0,6,8,5,0,6,8,10,5,5,7,2,5,0,3,2,0,1,0,0,0,""
"45-15-07-99",2,"Yes",5,0,6,6,5,0,6,6,12,5,5,7,1,5,1,4,3,2,0,0,0,0,""
"59-16-11-16",1,"Yes",9,0,0,,7,5,7,6,45,7,5,7,1,30,0,1,2,0,0,0,0,0,""
"59-16-11-16",2,"Yes",0,0,,,7,5,7,6,30,7,5,7,1,25,0,1,2,0,0,0,0,0,""
"59-16-11-16",3,"Yes",0,0,,,7,5,7,6,5,7,5,7,1,5,0,1,0,0,0,0,0,0,""
"78-92-27-80",1,"Yes",0,0,,,5,2,6,7,30,6,2,7,1,5,0,2,1,0,0,0,0,0,""
"24-78-22-03",1,"Yes",0,0,,,7,5,7,6,15,7,5,7,1,10,0,1,0,2,0,0,0,3,"purchase clothing"
"24-78-22-03",2,"Yes",0,0,,,7,5,7,6,10,7,5,7,1,10,0,1,0,2,0,0,0,0,""
"61-90-23-18",1,"Yes",0,0,,,6,5,5,6,46,7,5,7,.5,7,0,1,0,2,3,0,0,0,""
"61-90-23-18",2,"Yes",0,0,,,6,5,5,6,41,7,5,7,.5,7,0,1,0,2,3,0,0,0,""
"61-90-23-18",3,"No",,,,,,,,,,,,,,,,,,,,,,,""
"61-90-23-18",4,"No",,,,,,,,,,,,,,,,,,,,,,,""
"36-41-14-75",1,"Yes",5,0,6,4,5,0,6,4,40,5,5,6,3,20,0,1,0,2,3,0,0,0,""
"15-24-20-62",1,"Yes",0,0,,,4,3,6,5,2,7,5,7,2,15,0,1,2,3,0,0,0,0,""
"15-24-20-62",2,"Yes",0,0,,,4,3,6,5,5,7,5,7,2,15,4,2,1,3,0,0,0,0,""
"13-30-97-65",1,"Yes",0,0,,,7,5,5,6,23,7,5,7,8,12,0,1,2,3,0,0,0,4,"FERTILIZER"
"13-30-97-65",2,"Yes",0,0,,,7,5,5,8,12,7,5,7,4,8,0,1,2,3,0,0,0,0,""
"62-39-49-91",1,"Yes",7,5,7,5,0,0,,,4,7,5,7,.5,10,0,1,0,0,2,0,0,0,""
"37-93-31-47",1,"Yes",7,0,6,10,7,0,6,10,40,7,5,7,1,40,0,2,1,3,0,0,0,0,""
"37-93-31-47",2,"Yes",7,0,6,10,7,0,6,10,30,7,5,7,5,30,0,2,1,3,4,0,0,0,""
"41-29-34-43",1,"Yes",7,5,6,5,7,5,6,5,35,7,5,7,3,35,0,1,2,3,0,0,0,0,""
"41-29-34-43",2,"Yes",7,5,6,5,7,5,6,5,30,7,5,7,1,35,0,2,1,3,0,0,0,0,""
"24-91-36-31",1,"Yes",0,5,6,10,6,1,6,10,25,0,0,,,0,0,1,2,0,0,0,0,0,""
"24-91-36-31",2,"Yes",0,5,6,10,6,5,6,10,15,0,0,,,0,0,1,2,0,0,0,0,0,""
"85-94-51-81",1,"Yes",6,2,6,6,6,2,6,6,25,7,5,7,1,1,0,1,3,2,0,0,0,0,""
"85-94-51-81",2,"Yes",6,2,6,5,6,2,6,6,5,0,0,,,3,0,1,2,3,0,0,0,0,""
"05-53-82-60",1,"Yes",0,0,,,6,4,6,12,19,0,0,,,4,0,1,2,3,0,4,0,0,""
"05-53-82-60",2,"Yes",0,0,,,3,3,6,12,19,0,0,,,4,0,1,2,3,4,0,0,0,""
"79-66-45-07",1,"Yes",5,1,6,6,5,1,6,6,20,0,0,,,0,0,1,2,0,0,0,0,0,""
"79-66-45-07",2,"Yes",5,1,6,6,5,1,6,6,13,0,0,,,0,0,1,2,3,0,4,0,0,""
"78-15-69-36",1,"Yes",0,0,,,7,5,7,3,70,7,5,7,1,50,0,1,0,0,0,0,0,0,""
"53-49-72-57",1,"Yes",0,0,,,7,5,6,5,40,7,5,7,.5,40,0,1,0,0,0,0,0,0,""
"53-49-72-57",2,"Yes",0,0,,,7,5,6,5,40,7,5,7,7,40,0,1,0,0,0,0,0,0,""
"53-49-72-57",4,"Yes",0,0,,,7,5,6,5,2,0,0,,,0,0,1,0,0,0,0,0,0,""
"53-49-72-57",5,"Yes",0,0,,,7,5,6,5,2,0,0,,,0,0,1,0,0,0,0,0,0,""
"66-30-66-08",1,"Yes",0,0,,,3,1,6,3,48,7,2,7,2,10,0,1,0,0,0,0,0,0,""
"36-62-86-65",1,"Yes",0,0,,,7,2,6,6,35,7,5,7,3,25,1,2,3,0,0,0,0,0,""
"93-72-05-88",1,"Yes",0,0,,,7,2,6,6,25,0,0,,,0,0,1,0,2,0,0,0,0,""
"64-59-07-31",1,"Yes",3,4,6,7,3,4,6,7,16,7,5,7,1,17,0,1,0,0,0,0,0,0,""
"64-59-07-31",2,"Yes",0,0,,,3,4,6,7,15,7,5,7,1,13,0,1,2,0,0,0,0,0,""
"14-20-80-15",1,"Yes",0,0,,,7,5,6,6,40,0,0,,,2,0,0,1,2,0,0,0,0,""
"14-20-80-15",2,"Yes",0,0,,,7,5,6,5,25,5,5,7,2,5,0,0,1,2,0,0,0,0,""
"14-20-80-15",3,"Yes",0,0,,,7,5,6,8,8,0,0,,,0,0,0,1,2,0,0,0,0,""
"78-03-04-37",1,"Yes",0,0,,,7,5,6,8,25,7,5,7,5,7,0,1,2,0,0,0,0,0,""
"56-24-05-48",1,"Yes",7,0,6,7,7,0,6,7,30,7,5,1,1,30,0,1,0,2,0,0,0,0,""
"56-24-05-48",2,"Yes",7,0,6,7,7,0,6,7,15,7,5,7,2,15,0,1,0,0,0,0,0,0,""
"56-24-05-48",3,"Yes",7,0,6,7,7,0,6,7,2,7,5,7,1,3,0,2,0,0,1,0,0,0,""
"53-23-20-20",1,"Yes",0,0,,,6,1,6,7,40,5,5,7,1,1,0,1,2,3,0,4,0,0,""
"52-44-39-84",1,"Yes",0,0,,,5,0,3,3,60,0,0,,,0,0,1,0,2,0,0,0,0,""
"67-64-28-49",1,"Yes",7,0,6,12,7,0,6,12,8,0,0,,,7,1,3,4,0,2,0,0,0,""
"67-64-28-49",2,"Yes",7,0,6,6,7,0,6,6,8,0,0,,,7,1,2,0,0,3,0,0,0,""
"75-72-38-92",1,"Yes",0,0,,,7,5,6,6,28,0,0,,,9,0,1,2,3,0,4,0,0,""
"75-72-38-92",2,"Yes",0,0,,,7,5,6,7,20,0,0,,,0,0,1,2,3,0,4,0,0,""
"37-95-25-26",1,"Yes",0,0,,,6,5,5,6,5,7,5,7,2,5,0,1,2,3,0,0,0,0,""
"37-95-25-26",2,"Yes",0,0,,,6,4,7,10,20,7,5,7,1,15,0,2,1,3,0,0,0,0,""
"16-25-25-05",1,"Yes",0,0,,,5,5,6,4,11,5,5,7,3,2,0,1,0,0,0,0,0,0,""
"61-27-42-98",1,"Yes",0,0,,,6,2,6,5,50,7,5,7,1,50,0,1,4,2,0,0,0,3,"basic needs"
"61-27-42-98",2,"No",,,,,,,,,,,,,,,,,,,,,,,""
"47-23-15-41",1,"Yes",7,0,6,8,7,0,6,8,20,7,5,7,2,3,0,2,1,0,0,0,0,0,""
"47-23-15-41",2,"Yes",7,5,6,8,7,5,6,8,15,7,5,6,2,3,0,2,1,0,0,0,0,0,""
"47-23-15-41",3,"No",,,,,,,,,,,,,,,,,,,,,,,""
"19-28-77-73",1,"Yes",0,0,,,5,0,6,4,35,0,0,,,1,0,1,2,0,0,0,0,0,""
"19-28-77-73",2,"Yes",0,0,,,5,0,6,4,2,0,0,,,0,0,1,0,0,0,0,0,0,""
"19-28-77-73",3,"Yes",0,0,,,5,0,6,3,1,0,0,,,0,0,1,0,0,0,0,0,0,""
"68-18-94-35",1,"Yes",6,1,7,6,6,1,7,6,12,0,0,,,0,1,2,0,0,3,0,0,0,""
"68-18-94-35",2,"Yes",6,1,7,6,6,1,7,6,6,0,0,,,0,1,2,0,0,0,0,0,0,""
"93-17-92-46",1,"Yes",0,0,,,7,5,7,12,25,0,0,,,0,0,1,0,2,3,0,0,0,""
"93-76-84-35",1,"Yes",1,3,2,4,7,5,6,5,24,2,5,1,.17,1,0,1,2,0,0,0,0,0,""
"44-86-19-68",1,"Yes",0,0,,,7,1,4,5,40,7,5,7,1,8,0,1,0,3,0,0,0,2,"other home needs"
"44-86-19-68",2,"No",,,,,,,,,,,,,,,,,,,,,,,""
"99-24-36-43",1,"Yes",0,0,,,6,2,6,6,45,7,5,7,1,1,1,2,3,4,0,0,0,0,""
"18-82-63-90",1,"Yes",5,3,6,6,5,3,6,6,10,7,5,3,1,5,1,0,0,0,0,2,0,0,""
"18-82-63-90",2,"Yes",5,3,4,5,4,2,4,5,5,7,5,4,1,5,2,1,0,3,0,0,0,0,""
"86-57-20-12",1,"Yes",7,5,6,11,6,4,6,11,20,0,0,,,0,4,1,2,3,0,0,0,0,""
"86-57-20-12",2,"Yes",7,5,6,5,6,3,5,5,17,0,0,,,0,4,1,2,3,0,0,0,0,""
"38-84-93-57",1,"Yes",7,2,6,8,7,2,6,8,38,7,5,2,1,38,3,2,1,0,4,0,0,0,""
"38-84-93-57",2,"Yes",6,2,6,8,6,2,6,8,38,7,5,7,4,35,3,2,1,0,4,0,0,0,""
"27-07-91-33",1,"Yes",0,0,,,7,5,6,6,30,0,0,,,5,0,1,2,3,0,0,0,0,""
"27-07-91-33",2,"Yes",0,0,,,7,5,6,6,10,0,0,,,5,0,1,2,3,0,0,0,0,""
"50-08-65-68",1,"Yes",0,0,,,4,4,6,6,35,7,5,7,1,35,0,1,2,3,0,0,0,0,""
"50-08-65-68",2,"Yes",0,0,,,4,3,2,10,16,7,4,2,2,3,1,0,0,0,0,0,0,0,""
"78-04-92-62",1,"Yes",7,0,2,2,7,3,2,2,11,0,0,,,0,0,3,2,4,1,0,0,0,""
"78-04-92-62",2,"Yes",7,3,2,2,7,0,2,2,8,0,0,,,0,4,1,2,3,5,0,0,0,""
"52-85-47-82",1,"Yes",7,5,6,5,7,5,6,5,50,7,5,7,2,50,0,1,2,3,0,0,0,0,""
"52-85-47-82",2,"Yes",7,5,6,5,7,5,6,5,40,7,5,7,3,40,0,1,2,0,0,0,0,0,""
"52-85-47-82",4,"Yes",7,5,6,8,7,5,6,8,5,7,5,6,8,5,0,1,0,0,2,0,0,0,""
"19-35-88-74",1,"Yes",5,1,5,12,5,1,5,12,14,7,5,7,1,14,1,2,0,3,0,0,0,0,""
"19-35-88-74",2,"Yes",5,1,5,12,5,1,5,12,2,7,5,7,1,2,1,2,0,3,0,0,0,0,""
"74-51-37-03",1,"Yes",0,0,,,7,5,6,8,40,7,5,6,1,5,0,0,0,0,0,0,0,1,"Farming only for food , so he doesn't seĺl"
"74-51-37-03",2,"Yes",0,0,,,7,4,6,8,30,7,5,7,1,15,0,0,0,0,0,0,0,1,"farming only for food"
"75-11-11-88",5,"Yes",0,0,,,6,0,7,6,10,7,5,7,1,5,0,1,3,4,2,0,0,0,""
"22-78-28-40",1,"Yes",0,0,,,7,1,5,11,0,7,5,7,1,40,0,0,0,0,0,0,0,1,"produce not for sale"
"25-98-64-43",1,"Yes",0,0,,,6,2,6,9,50,7,5,7,1,50,0,1,0,2,0,0,0,0,""
"25-98-64-43",2,"Yes",0,0,,,6,3,6,9,42,7,5,7,1,40,0,1,0,2,0,0,0,0,""
"56-29-47-60",1,"Yes",7,3,6,1,7,2,6,6,18,7,5,7,6,1,1,2,4,3,0,0,0,0,""
"56-29-47-60",2,"Yes",7,2,6,6,7,2,6,6,10,7,5,7,1,1,1,2,3,4,0,0,0,0,""
"82-22-01-30",1,"Yes",7,5,6,5,6,3,6,5,6,7,5,7,1,6,3,1,0,2,0,0,0,0,""
"15-47-66-05",1,"Yes",0,0,,,5,1,6,8,8,5,5,7,0,4,0,1,2,0,0,0,0,0,""
"15-47-66-05",2,"Yes",0,0,,,5,1,6,7,7,5,5,7,0,4,0,1,0,2,0,0,0,0,""
"04-89-61-71",1,"Yes",0,0,,,7,3,6,6,45,0,0,,,0,0,1,0,0,0,0,0,0,""
"04-89-61-71",2,"Yes",0,0,,,7,3,6,6,10,7,5,7,1,10,0,1,0,2,0,0,0,0,""
"58-73-17-40",1,"Yes",0,0,,,6,3,6,6,12,7,5,7,2,2,0,2,3,0,1,0,0,0,""
"58-73-17-40",2,"Yes",0,0,,,7,3,6,5,12,7,5,7,2,2,0,1,0,0,0,0,0,0,""
"58-73-17-40",3,"Yes",0,0,,,5,2,6,5,1,0,0,,,1,0,2,0,1,0,0,0,0,""
"82-66-58-84",1,"Yes",7,0,6,8,7,0,6,8,9,0,0,,,0,0,0,0,0,0,0,0,1,"no livestock"
"82-66-58-84",2,"Yes",7,0,6,8,7,0,6,8,15,7,0,0,,14,0,1,0,0,0,0,0,0,""
"40-67-36-34",1,"Yes",0,0,,,7,2,6,6,20,7,5,7,6,20,1,2,3,4,0,0,0,0,""
"40-67-36-34",2,"Yes",0,0,,,7,2,6,6,15,7,5,7,1,10,1,2,3,4,0,0,0,0,""
"76-04-73-59",1,"Yes",0,0,,,5,1,6,7,11,5,5,0,,5,0,1,0,2,0,3,0,0,""
"76-04-73-59",2,"Yes",0,0,,,5,1,6,7,5,5,5,7,0,5,2,1,0,0,0,0,0,0,""
"76-04-73-59",3,"Yes",0,0,,,5,1,6,8,1,5,5,7,1,3,0,0,0,1,0,2,0,0,""
"84-25-35-86",1,"Yes",0,0,,,7,5,6,9,11,7,5,7,3,8,0,1,2,3,0,0,0,0,""
"84-25-35-86",2,"Yes",0,0,,,7,5,6,5,13,0,0,,,3,0,2,1,0,0,0,0,0,""
"29-66-30-52",1,"No",,,,,,,,,,,,,,,,,,,,,,,""
"50-37-18-88",1,"Yes",0,0,,,7,5,6,6,20,7,5,7,1,10,0,1,3,2,0,0,0,0,""
"50-37-18-88",3,"Yes",0,0,,,7,3,6,6,4,0,0,,,0,0,1,0,0,0,0,0,0,""
"62-42-00-50",1,"Yes",5,5,6,6,6,5,6,6,30,7,5,7,1,30,0,1,3,2,0,0,0,0,""
"62-42-00-50",2,"Yes",5,4,6,8,5,4,6,7,11,0,0,,,4,0,1,2,0,0,0,0,0,""
"94-15-10-76",1,"Yes",7,3,7,10,7,3,7,10,30,0,0,,,0,0,2,1,3,0,0,0,0,""
"94-15-10-76",2,"Yes",7,3,7,10,7,3,7,10,20,0,0,,,0,0,2,1,3,0,0,0,0,""
"94-15-10-76",3,"Yes",7,3,7,10,7,3,7,10,45,0,0,,,0,0,1,2,3,0,0,0,0,""
"94-15-10-76",8,"Yes",7,3,7,10,7,3,7,6,25,0,0,,,0,0,3,1,2,0,0,0,0,""
"84-84-86-66",1,"Yes",0,0,,,7,4,6,6,35,7,5,7,8,4,0,2,1,3,0,0,0,0,""
"84-84-86-66",2,"Yes",0,0,,,7,5,6,5,20,7,5,7,2,4,0,1,2,3,0,0,0,0,""
"84-84-86-66",3,"Yes",0,0,,,7,5,6,7,3,0,0,,,0,0,1,0,0,0,0,0,0,""
"53-27-67-24",1,"Yes",7,5,7,10,7,5,7,7,10,7,5,7,1,25,0,1,2,3,0,0,0,0,""
"53-27-67-24",2,"Yes",7,5,6,6,7,5,6,6,30,7,5,7,1,6,0,1,2,3,0,0,0,0,""
"53-27-67-24",3,"Yes",7,5,6,6,7,5,6,6,23,7,5,7,1,5,0,1,2,3,0,0,0,0,""
"02-02-62-52",1,"Yes",0,0,,,3,1,7,5,6,0,0,,,0,0,1,2,0,0,0,0,0,""
"10-89-66-70",1,"Yes",0,0,,,0,0,,,50,7,5,7,9,15,0,0,0,0,0,0,0,1,"none"
"10-89-66-70",3,"No",,,,,,,,,,,,,,,,,,,,,,,""
"10-89-66-70",4,"No",,,,,,,,,,,,,,,,,,,,,,,""
"28-72-52-28",1,"Yes",0,0,,,6,1,6,9,5,7,5,7,3,3,0,1,2,0,0,0,0,0,""
"28-72-52-28",2,"Yes",0,0,,,5,3,6,8,5,7,5,7,1,2,0,1,0,0,0,0,0,0,""
"89-15-58-91",1,"Yes",6,3,6,6,6,3,6,6,50,7,5,7,1,40,2,1,0,3,0,0,0,0,""
"57-65-92-31",1,"Yes",0,0,,,3,3,5,3,50,7,5,7,1,50,0,1,0,0,0,0,0,0,""
"57-65-92-31",2,"Yes",0,0,,,3,4,6,8,25,0,0,,,4,0,1,2,0,0,0,0,0,""
"57-65-92-31",5,"Yes",0,0,,,3,4,6,5,5,0,0,,,3,0,1,2,0,0,0,0,0,""
"78-69-73-93",1,"Yes",0,0,,,7,5,6,12,10,0,0,,,0,0,0,0,2,1,0,0,0,""
"86-71-54-16",1,"Yes",0,0,,,5,0,6,5,10,0,0,,,10,0,1,2,4,3,0,5,0,""
"49-00-37-24",1,"Yes",0,0,,,7,5,6,3,30,0,0,,,15,0,2,0,1,0,0,0,0,""
"60-73-62-17",1,"Yes",5,2,3,9,5,2,3,9,34,0,0,,,0,2,1,0,3,4,0,0,0,""
"60-73-62-17",2,"No",,,,,,,,,,,,,,,,,,,,,,,""
"16-68-23-18",1,"Yes",0,0,,,7,5,6,6,63,0,0,,,0,0,1,0,0,0,0,0,0,""
"16-68-23-18",2,"Yes",0,0,,,7,5,6,6,47,0,0,,,0,0,1,0,0,0,0,0,0,""
"75-36-25-09",1,"Yes",0,0,,,5,0,6,4,6,0,0,,,2,0,1,0,0,0,0,0,0,""
"75-36-25-09",2,"Yes",0,0,,,5,0,6,5,4,0,0,,,2,0,1,0,0,3,0,0,2,"clothes for children"
"92-13-03-64",1,"Yes",0,0,,,5,5,6,4,40,0,0,,,0,0,3,0,1,2,0,0,0,""
"92-13-03-64",2,"No",,,,,,,,,,,,,,,,,,,,,,,""
"32-53-28-17",2,"No",,,,,,,,,,,,,,,,,,,,,,,""
"18-06-29-93",1,"Yes",7,0,6,6,7,0,6,6,40,0,0,,,39,0,1,0,0,0,0,0,0,""
"18-06-29-93",2,"Yes",7,0,6,6,7,0,6,6,20,0,0,,,20,0,1,2,0,0,0,0,0,""
"86-17-31-91",1,"Yes",5,5,6,7,5,5,6,7,25,5,5,6,2,20,0,1,0,2,3,0,0,0,""
"86-17-31-91",2,"Yes",5,5,6,7,5,5,6,7,20,5,5,7,3,15,0,2,0,0,1,0,0,0,""
"86-17-31-91",3,"Yes",5,5,6,7,5,5,6,7,5,5,5,6,2,3,1,0,0,0,0,0,0,0,""
"34-05-05-84",1,"Yes",0,0,,,7,5,6,11,30,0,0,,,0,0,1,2,3,0,0,0,0,""
"24-72-79-56",1,"Yes",0,0,,,5,1,6,6,40,5,5,7,1,15,0,0,0,1,0,2,0,0,""
"24-72-79-56",2,"Yes",0,0,,,5,1,6,6,2,5,5,7,1,5,0,0,0,1,0,0,0,0,""
"56-10-85-53",1,"Yes",0,0,,,5,1,6,7,40,0,0,,,0,0,3,1,2,0,0,0,0,""
"56-10-85-53",3,"Yes",0,0,,,5,1,6,7,15,0,0,,,0,0,1,2,3,0,0,0,0,""
"65-86-13-71",1,"Yes",6,3,6,10,6,2,6,5,25,7,5,0,,12,4,3,1,2,0,0,0,0,""
"65-86-13-71",2,"Yes",6,2,6,6,5,2,2,5,22,7,5,7,1,8,3,2,1,4,0,0,0,0,""
"47-19-77-59",1,"Yes",0,0,,,5,0,6,5,2,0,0,,,0,0,1,0,0,0,0,0,0,""
"47-19-77-59",2,"Yes",0,0,,,5,0,6,4,1,5,5,7,2,1,0,1,0,0,0,0,0,0,""
"72-38-19-68",1,"Yes",7,0,6,6,7,0,6,6,8,0,0,,,5,0,2,0,0,1,0,0,0,""
"87-95-06-00",1,"Yes",7,2,6,3,3,5,6,3,39,7,5,7,2,39,0,2,0,3,1,0,0,0,""
"87-95-06-00",2,"Yes",7,3,5,3,3,5,5,3,25,7,5,7,2,25,0,1,0,2,0,0,0,0,""
"27-03-96-63",1,"Yes",5,0,6,6,7,5,6,6,20,7,5,7,1,20,1,2,3,4,0,0,0,0,""
"27-03-96-63",2,"Yes",5,0,6,6,7,3,6,6,15,7,5,7,1,15,2,1,3,4,0,0,0,0,""
"43-65-32-18",1,"Yes",3,3,6,7,6,5,6,7,5,7,5,7,3,3,0,0,1,0,2,0,0,0,""
"43-65-32-18",7,"Yes",7,5,6,7,5,3,6,4,2,0,0,,,0,0,1,2,0,0,0,0,0,""
"93-65-33-33",1,"Yes",6,2,6,4,3,2,6,4,49,7,5,7,1,49,0,2,1,3,0,0,0,0,""
"52-85-83-28",1,"Yes",6,1,6,6,6,1,6,6,18,7,5,7,1,18,0,1,2,3,0,0,0,0,""
"52-85-83-28",2,"Yes",6,1,6,6,6,1,6,6,18,7,5,7,1,18,0,1,2,3,0,0,0,0,""
"83-02-65-23",1,"Yes",0,0,,,5,1,6,5,8,0,0,,,0,0,1,2,0,0,3,0,0,""
"83-02-65-23",2,"Yes",0,0,,,5,1,6,4,8,0,0,,,0,0,1,3,4,0,2,0,0,""
"56-88-41-02",1,"Yes",0,0,,,6,3,6,10,15,0,0,,,0,2,3,1,0,0,0,0,0,""
"56-88-41-02",2,"Yes",0,0,,,7,3,7,7,25,0,0,,,0,0,2,1,3,0,0,0,0,""
"67-06-10-95",1,"Yes",7,5,6,8,7,5,6,8,40,0,0,,,40,0,2,1,3,0,0,0,0,""
"67-06-10-95",2,"Yes",7,5,6,8,7,5,6,8,30,0,0,,,30,0,1,0,0,0,0,0,0,""
"67-06-10-95",7,"Yes",7,5,6,8,7,5,6,8,3,0,0,,,5,0,1,0,0,0,0,0,0,""
"96-49-31-22",1,"Yes",0,0,,,6,3,7,12,20,0,0,,,5,0,1,2,3,0,0,0,0,""
"96-49-31-22",2,"Yes",0,0,,,6,3,7,12,20,0,0,,,5,0,1,3,2,0,0,0,0,""
"10-07-11-91",1,"Yes",7,1,6,8,7,1,6,8,36,0,0,,,35,0,2,1,0,0,0,0,0,""
"10-07-11-91",2,"Yes",7,1,6,8,7,1,6,8,40,0,0,,,40,0,2,1,0,0,0,0,0,""
"47-07-01-10",1,"Yes",0,0,,,7,0,6,10,27,0,0,,,0,3,1,2,0,0,0,0,0,""
"47-07-01-10",2,"Yes",0,0,,,7,0,6,10,27,0,0,,,0,3,1,2,4,0,0,0,0,""
"37-48-11-93",1,"Yes",0,0,,,6,2,6,10,30,0,0,,,0,3,1,0,2,0,0,0,0,""
"67-06-61-48",1,"Yes",0,2,6,2,5,0,6,8,47,0,0,,,0,0,1,2,0,0,0,0,0,""
"67-06-61-48",2,"Yes",0,2,6,2,6,2,6,8,48,0,0,,,0,0,1,2,0,0,0,0,0,""
"89-00-56-37",1,"Yes",6,2,5,9,0,0,,,20,0,0,,,0,0,2,3,0,1,0,0,0,""
"89-00-56-37",2,"Yes",6,2,6,6,0,0,,,5,0,0,,,0,0,1,2,0,3,0,0,0,""
"28-16-54-68",1,"Yes",7,1,6,8,0,0,,,20,7,5,7,3,2,0,1,2,3,4,0,0,0,""
"28-16-54-68",3,"No",,,,,,,,,,,,,,,,,,,,,,,""
"44-25-43-31",1,"Yes",5,2,6,2,5,2,6,3,25,0,0,,,0,1,3,2,4,5,0,0,0,""
"44-25-43-31",2,"Yes",7,5,6,9,7,2,6,9,15,7,5,7,1,5,1,3,2,4,5,0,0,0,""
"33-83-81-59",1,"Yes",0,0,,,7,2,6,12,15,0,0,,,0,0,0,0,0,0,0,1,0,""
"33-83-81-59",2,"Yes",0,0,,,7,5,6,12,15,0,0,,,0,0,2,1,3,0,0,0,0,""
"94-91-64-84",1,"Yes",5,5,6,8,5,5,6,8,23,0,0,,,0,0,1,3,0,2,0,0,0,""
"58-84-03-84",1,"Yes",0,0,,,7,2,7,12,10,0,0,,,3,0,1,2,3,0,0,0,0,""
"58-84-03-84",2,"Yes",0,0,,,7,2,4,12,6,0,0,,,3,0,1,3,2,0,0,0,0,""
"41-54-65-45",1,"Yes",0,0,,,5,0,7,10,28,7,5,7,1,5,0,0,1,2,3,0,0,0,""
"55-68-02-17",1,"Yes",0,0,,,4,0,6,8,20,7,5,7,5,5,0,1,3,2,0,0,0,0,""
"14-43-79-24",1,"Yes",0,0,,,5,1,6,7,20,5,5,7,0,3,0,1,0,0,0,0,0,0,""
"14-43-79-24",2,"Yes",0,0,,,5,1,6,6,18,5,5,7,1,3,0,1,2,0,0,0,0,0,""
"06-98-04-04",1,"Yes",0,0,,,7,0,7,7,15,0,0,,,0,0,2,1,3,0,0,0,0,""
"48-67-43-42",1,"Yes",0,0,,,6,2,7,7,13,0,0,,,0,0,1,0,0,0,0,0,2,"rent farms"
"48-67-43-42",2,"Yes",0,0,,,2,0,6,6,10,0,0,,,0,0,1,0,0,0,0,0,2,"agri inputs"
"46-95-07-61",1,"Yes",0,0,,,7,0,1,6,23,7,5,7,1,5,0,3,1,2,0,0,0,0,""
"46-95-07-61",2,"Yes",6,1,2,12,6,1,6,10,30,7,5,6,2,5,1,2,3,0,0,0,0,0,""
"97-29-47-65",2,"Yes",6,2,7,10,6,2,7,5,38,7,5,7,1,48,0,1,0,2,0,0,0,0,""
"97-29-47-65",3,"Yes",6,4,5,6,0,0,,,3,0,0,,,3,1,0,0,0,0,0,0,0,""
"74-85-56-04",1,"Yes",4,0,7,1,6,1,3,7,1,0,0,,,0,0,1,2,3,0,0,0,0,""
"74-85-56-04",2,"Yes",5,0,7,2,6,1,5,10,7,0,0,,,0,0,1,2,3,0,0,0,0,""
"50-63-58-49",1,"Yes",0,0,,,7,3,6,12,40,7,5,7,1,20,4,1,3,2,0,0,0,0,""
"50-63-58-49",2,"Yes",0,0,,,7,3,6,12,28,7,5,7,1,10,0,1,3,2,0,0,0,0,""
"37-89-69-52",1,"Yes",7,5,6,5,7,5,6,5,40,0,0,,,5,0,1,0,2,0,0,0,0,""
"37-89-69-52",2,"Yes",7,5,6,5,7,5,6,3,35,7,5,7,1,6,0,1,3,2,0,0,0,0,""
"96-44-22-62",1,"Yes",0,0,,,6,1,7,8,25,0,0,,,0,0,2,3,0,1,0,0,0,""
"02-51-86-61",1,"Yes",0,0,,,7,2,6,12,30,0,0,,,5,0,1,2,3,0,0,0,0,""
"02-51-86-61",2,"Yes",0,0,,,7,3,7,10,25,7,5,7,1,6,0,1,0,0,0,0,0,0,""
"18-39-49-03",1,"Yes",0,0,,,5,3,6,7,60,7,5,2,1,60,0,1,0,2,0,0,0,0,""
"18-39-49-03",2,"No",,,,,,,,,,,,,,,,,,,,,,,""
"64-03-84-99",1,"Yes",0,0,,,4,3,6,9,29,0,0,,,0,0,1,0,0,0,0,0,0,""
"64-03-84-99",2,"Yes",0,0,,,4,2,7,10,30,7,5,7,1,30,0,1,0,0,0,0,0,0,""
"49-82-95-52",1,"Yes",0,0,,,7,5,6,4,4,7,5,7,1,9,0,1,2,3,0,0,0,0,""
"59-52-11-34",2,"Yes",0,0,,,4,5,5,5,50,0,0,,,20,0,1,0,0,0,0,0,0,""
"59-43-90-91",1,"Yes",0,0,,,5,0,6,4,60,0,0,,,0,0,1,0,2,0,0,0,0,""
"59-43-90-91",2,"Yes",0,0,,,5,0,6,3,50,0,0,,,0,0,1,0,2,0,0,0,0,""
"30-40-96-29",1,"Yes",0,0,,,7,1,7,4,25,7,2,7,2,7,0,1,2,3,0,0,0,0,""
"30-40-96-29",2,"Yes",0,0,,,7,2,6,5,23,7,5,7,1,5,0,1,2,3,0,0,0,0,""
"57-67-24-08",1,"Yes",5,1,6,7,5,1,6,7,20,0,0,,,0,0,2,1,0,0,0,0,0,""
"57-67-24-08",2,"Yes",5,1,5,1,5,1,6,7,9,0,0,,,0,0,2,1,0,0,0,0,0,""
"51-50-93-36",1,"Yes",5,2,6,3,5,2,6,3,32,7,5,7,.5,10,0,1,3,2,0,0,0,0,""
"51-50-93-36",5,"Yes",5,2,6,6,5,2,6,5,32,0,0,,,10,0,1,0,0,2,0,0,0,""
"90-76-57-66",1,"Yes",6,5,7,10,6,2,7,10,30,0,0,,,5,0,1,2,3,0,0,0,0,""
"69-63-24-75",1,"Yes",0,0,,,2,4,7,5,40,0,0,,,0,0,1,0,0,0,0,0,0,""
"69-63-24-75",2,"Yes",6,2,7,6,5,2,7,6,10,0,0,,,0,2,1,0,3,0,0,0,0,""
"98-67-98-63",1,"Yes",7,2,7,4,5,2,3,6,40,7,5,7,.16,40,0,1,0,0,2,0,0,0,""
"27-72-61-17",1,"Yes",7,5,7,12,0,0,,,40,0,0,,,0,0,1,2,0,0,0,0,0,""
"27-72-61-17",2,"Yes",7,5,7,12,0,0,,,30,0,0,,,0,0,1,2,0,0,0,0,0,""
"37-84-88-65",1,"Yes",0,0,,,5,0,6,7,10,5,5,7,2,5,0,0,2,0,1,0,0,0,""
"37-84-88-65",2,"Yes",0,0,,,5,0,6,5,20,5,5,7,2,10,0,2,0,0,1,0,0,0,""
"14-81-03-80",1,"No",,,,,,,,,,,,,,,,,,,,,,,""
"14-81-03-80",2,"No",,,,,,,,,,,,,,,,,,,,,,,""
"53-19-96-03",1,"Yes",4,1,6,6,5,2,6,6,23,7,5,7,.5,3,0,1,3,0,2,0,0,0,""
"53-19-96-03",2,"Yes",4,1,6,6,5,2,6,6,3,7,5,7,.5,3,0,1,3,0,2,0,0,0,""
"83-97-00-24",1,"Yes",0,0,,,5,2,3,5,12,7,5,7,1,2,4,1,2,0,3,0,0,0,""
"46-19-90-07",1,"Yes",0,0,,,5,1,6,7,25,0,0,,,0,0,1,2,0,0,0,0,0,""
"92-29-31-08",1,"Yes",0,0,,,7,5,7,7,30,0,0,,,30,0,1,0,2,0,0,0,0,""
"92-29-31-08",2,"Yes",0,0,,,6,5,7,5,15,7,5,7,1,22,0,1,0,0,0,0,0,0,""
"17-42-40-28",1,"Yes",7,5,6,8,7,5,6,8,12,7,5,7,1,12,0,2,1,3,0,0,0,0,""
"17-42-40-28",2,"Yes",7,5,6,8,7,5,6,8,15,7,5,6,1,15,0,1,2,3,0,0,0,0,""
"45-79-64-22",1,"Yes",0,0,,,7,4,7,10,40,0,0,,,5,0,1,0,2,0,0,0,0,""
"13-96-72-87",1,"Yes",7,5,6,4,7,5,6,4,20,0,0,,,5,0,2,1,0,0,0,0,0,""
"13-96-72-87",2,"Yes",7,5,6,8,7,5,6,8,20,0,0,,,15,0,2,1,0,0,0,0,0,""
"19-29-74-86",1,"Yes",0,0,,,6,2,5,6,30,7,5,7,.16,20,3,1,0,0,0,0,0,2,"clothing"
"35-00-29-50",1,"Yes",6,1,5,8,0,0,,,15,7,5,7,.16,3,2,1,0,3,0,0,0,0,""
"35-00-29-50",2,"Yes",7,5,7,8,0,0,,,30,7,5,7,.16,3,1,2,0,0,0,0,0,0,""
"59-86-12-12",1,"Yes",0,0,,,5,1,6,8,20,0,0,,,0,0,1,2,4,0,3,0,0,""
"59-86-12-12",2,"Yes",0,0,,,5,1,6,7,8,0,0,,,0,0,1,2,0,0,0,0,0,""
"76-11-26-21",1,"Yes",0,0,,,7,5,5,6,20,7,5,7,1,20,0,1,0,2,0,0,0,0,""
"76-11-26-21",2,"Yes",0,0,,,1,5,5,6,15,7,5,7,1,15,2,1,0,3,0,0,0,0,""
"62-32-74-83",1,"Yes",0,0,,,5,3,6,6,25,7,5,7,7,1,0,1,2,3,0,0,0,0,""
"62-32-74-83",2,"Yes",0,0,,,6,2,6,5,40,7,5,7,1,20,0,1,2,3,4,0,0,0,""
"38-96-93-13",1,"Yes",0,0,,,0,0,,,60,7,5,7,1,60,0,1,0,0,0,0,0,0,""
"29-68-16-29",1,"Yes",0,0,,,6,5,6,5,35,7,5,7,1,15,3,1,4,2,0,0,0,0,""
"29-68-16-29",2,"Yes",0,0,,,6,5,6,5,40,7,5,7,1,40,3,1,0,2,0,0,0,0,""
"81-19-19-51",1,"Yes",0,0,,,7,2,6,7,35,7,5,7,1,25,0,1,2,3,0,0,0,0,""
"81-19-19-51",2,"Yes",4,0,5,7,0,0,,,0,7,5,7,3,3,1,0,2,0,0,0,0,0,""
"66-94-31-99",1,"Yes",0,0,,,6,0,6,4,30,0,0,,,0,0,1,2,0,3,0,0,0,""
"66-94-31-99",2,"Yes",0,0,,,6,0,6,4,25,0,0,,,0,0,1,2,0,3,0,0,0,""
"66-94-31-99",5,"Yes",0,0,,,6,0,6,4,1,0,0,,,0,0,1,2,0,3,0,0,0,""
"49-37-92-04",1,"Yes",0,0,,,6,4,4,7,10,7,5,7,.5,10,0,1,2,3,4,0,0,0,""
"49-37-92-04",2,"Yes",0,0,,,7,4,5,5,20,7,5,7,.5,40,0,3,2,0,1,0,0,0,""
"21-55-58-12",1,"Yes",5,1,6,9,5,1,6,9,28,5,5,7,0,10,0,1,3,0,2,0,0,0,""
"21-55-58-12",2,"Yes",5,1,6,7,5,1,6,6,2,5,5,7,0,5,0,1,2,0,3,0,0,0,""
"12-96-07-43",1,"Yes",0,0,,,5,1,6,8,36,0,0,,,0,0,1,2,3,0,0,0,0,""
"12-96-07-43",2,"Yes",0,0,,,5,1,6,8,10,0,0,,,0,0,1,2,0,0,0,0,0,""
"93-06-19-65",1,"Yes",5,0,6,5,5,0,6,5,17,5,5,7,1,10,0,2,3,0,1,0,0,0,""
"93-06-19-65",2,"Yes",5,0,6,5,5,0,6,5,20,5,5,7,1,3,0,1,0,0,2,0,0,0,""
"11-66-34-17",1,"Yes",0,0,,,3,3,7,10,30,0,0,,,0,1,2,0,0,0,0,0,0,""
"11-66-34-17",2,"No",,,,,,,,,,,,,,,,,,,,,,,""
"56-59-99-19",1,"Yes",0,0,,,5,1,6,8,20,0,0,,,0,0,1,2,0,0,0,0,0,""
"56-59-99-19",2,"Yes",0,0,,,5,1,6,8,19,0,0,,,0,0,1,2,0,0,0,0,0,""
"31-05-57-57",1,"Yes",0,0,,,0,0,,,60,7,5,7,1,60,0,1,0,0,0,0,0,0,""
"31-05-57-57",2,"Yes",0,0,,,0,0,,,45,7,5,7,2,45,0,1,0,0,0,0,0,0,""
"10-22-42-13",1,"No",,,,,,,,,,,,,,,,,,,,,,,""
"78-11-12-15",1,"Yes",0,0,,,5,1,6,7,40,0,0,,,0,0,1,0,0,0,0,0,0,""
"78-11-12-15",2,"Yes",0,0,,,5,1,6,6,4,0,0,,,0,0,1,2,0,0,0,0,0,""
"46-31-75-02",1,"Yes",5,0,6,7,5,0,6,7,15,0,0,,,0,0,1,0,0,2,0,0,0,""
"08-59-45-61",1,"Yes",0,0,,,5,1,6,8,20,0,0,,,0,0,1,2,0,0,0,0,0,""
"44-58-66-87",1,"Yes",0,0,,,7,5,5,10,9,0,0,,,0,0,1,3,2,0,0,0,0,""
"44-58-66-87",2,"Yes",0,0,,,7,4,5,9,9,0,0,,,2,0,1,2,3,0,0,0,0,""
"61-83-81-67",1,"Yes",0,0,,,0,0,,,19,7,5,7,1,20,4,1,2,3,0,0,0,0,""
"61-83-81-67",2,"Yes",7,5,6,8,5,3,6,8,25,7,5,7,1,25,0,1,2,3,0,0,0,0,""
"05-38-54-18",2,"Yes",6,1,7,6,0,0,,,10,7,5,7,1,5,2,1,0,0,0,0,0,0,""
"83-79-00-11",1,"Yes",6,5,6,8,6,5,6,8,15,7,5,7,1,4,4,1,2,3,0,0,0,0,""
"83-79-00-11",2,"Yes",6,5,6,8,6,5,6,8,25,0,0,,,0,4,1,2,3,0,0,0,0,""
"83-79-00-11",3,"No",,,,,,,,,,,,,,,,,,,,,,,""
"01-37-46-42",1,"Yes",7,5,6,12,6,4,6,12,20,7,5,7,1,20,4,1,2,3,0,0,0,0,""
"01-37-46-42",2,"Yes",7,5,6,12,5,3,6,12,10,7,5,6,12,10,4,1,2,3,0,0,0,0,""
"12-21-05-43",1,"Yes",0,0,,,7,5,6,10,5,0,0,,,0,0,2,0,3,1,0,0,0,""
"12-21-05-43",2,"Yes",0,0,,,7,5,6,8,5,0,0,,,0,0,2,3,4,1,0,0,0,""
"91-17-37-47",1,"Yes",6,3,5,8,6,3,5,8,20,0,0,,,0,0,1,0,0,0,0,0,0,""
"91-17-37-47",2,"Yes",7,2,6,8,7,2,5,8,25,0,0,,,0,0,1,0,2,0,0,0,0,""
"78-30-57-92",1,"Yes",0,0,,,7,5,6,8,10,0,0,,,5,0,3,2,0,1,0,0,0,""
"78-30-57-92",2,"Yes",0,0,,,7,5,6,8,3,0,0,,,0,0,1,2,0,0,0,0,0,""
"46-37-91-60",1,"Yes",7,0,6,5,7,0,6,5,50,7,5,7,1,50,0,1,0,0,0,0,0,0,""
"46-37-91-60",2,"Yes",7,0,6,5,7,0,6,5,40,7,5,7,1,40,0,1,0,0,0,0,0,0,""
"21-41-06-23",1,"Yes",5,5,6,7,5,5,6,7,30,0,0,,,0,3,1,2,0,0,0,0,0,""
"21-41-06-23",2,"Yes",5,3,5,6,5,2,5,6,22,0,0,,,0,0,1,0,0,0,0,0,0,""
"21-41-06-23",3,"Yes",5,2,5,3,5,4,6,5,1,0,0,,,0,0,1,0,0,0,0,0,0,""
"72-86-62-61",1,"Yes",4,2,5,4,5,2,5,4,50,7,5,7,1,50,2,1,0,0,0,0,0,0,""
"10-25-72-61",1,"Yes",7,5,6,6,7,5,6,6,10,7,5,7,1,6,3,1,0,2,0,0,0,0,""
"10-25-72-61",2,"Yes",0,0,,,6,2,6,8,10,7,5,7,1,1,0,2,0,3,1,0,0,0,""
"09-97-42-13",1,"Yes",0,0,,,5,5,6,9,6,0,0,,,0,0,1,0,2,0,0,0,0,""
"09-97-42-13",2,"Yes",0,0,,,5,5,6,5,20,0,0,,,5,0,1,0,2,0,0,0,0,""
"40-84-03-01",1,"Yes",7,0,6,11,7,0,6,11,20,0,0,,,15,0,2,1,0,0,0,0,0,""
"40-84-03-01",2,"Yes",7,0,6,5,7,0,6,5,18,0,0,,,15,0,2,1,0,0,0,0,0,""
"40-84-03-01",3,"Yes",7,0,6,11,7,0,6,11,4,0,0,,,0,0,0,0,0,0,0,0,1,"no livestock"
"67-68-95-71",1,"Yes",5,0,6,9,5,0,6,9,17,5,5,7,2,3,0,0,0,2,1,0,0,0,""
"67-68-95-71",2,"Yes",5,0,6,6,5,0,6,6,20,5,5,7,1,10,0,1,2,3,0,0,0,0,""
"40-87-67-76",1,"Yes",7,2,6,10,7,2,6,10,20,7,5,7,1,10,0,3,1,2,0,0,0,0,""
"40-87-67-76",2,"Yes",7,2,6,5,7,2,6,5,10,7,5,7,2,10,0,4,1,2,3,0,0,0,""
"53-06-55-30",1,"Yes",0,0,,,6,1,7,4,20,0,0,,,0,0,1,3,2,0,5,4,0,""
"27-68-03-52",1,"Yes",7,1,7,8,7,1,2,1,30,0,0,,,5,0,1,2,3,0,0,0,0,""
"27-68-03-52",2,"No",,,,,,,,,,,,,,,,,,,,,,,""
"31-09-93-80",1,"Yes",1,1,2,3,1,1,2,3,60,0,0,,,60,0,1,2,3,0,0,0,0,""
"31-09-93-80",2,"Yes",1,1,1,2,1,1,1,2,50,0,0,,,50,0,1,0,0,0,0,0,0,""
"99-42-64-05",1,"Yes",7,4,7,12,0,0,,,2,0,0,,,2,0,2,1,3,0,0,0,0,""
"99-42-64-05",2,"Yes",7,5,7,12,0,0,,,8,7,5,7,1,8,0,1,2,3,0,0,0,0,""
"50-99-25-24",1,"Yes",4,2,5,10,0,0,,,11,0,0,,,0,1,0,0,2,3,0,0,0,""
"43-58-14-96",1,"Yes",0,0,,,6,1,6,8,15,0,0,,,0,1,0,0,0,0,0,0,0,""
"20-64-96-32",1,"Yes",0,0,,,7,3,7,6,19,0,0,,,19,0,1,0,2,0,0,0,0,""
"05-63-81-75",1,"Yes",0,0,,,7,4,7,11,9,7,5,7,1,4,0,1,3,4,2,0,0,0,""
"05-63-81-75",2,"Yes",0,0,,,7,5,7,10,4,7,5,7,1,3,0,1,0,2,3,0,0,0,""
"30-58-59-34",1,"Yes",0,0,,,6,4,3,12,40,7,5,7,1,8,0,1,0,0,0,0,0,0,""
"37-78-49-16",1,"Yes",0,0,,,5,0,5,4,30,0,0,,,40,0,1,0,0,0,0,0,0,""
"37-78-49-16",2,"Yes",0,0,,,5,0,5,2,25,0,0,,,0,0,0,0,0,1,0,0,0,""
"52-38-96-08",1,"Yes",0,0,,,7,2,7,3,10,0,0,,,0,1,0,2,0,0,0,0,0,""
"39-49-23-24",1,"Yes",0,0,,,7,5,7,6,16,0,0,,,0,2,1,0,3,0,0,0,0,""
"39-49-23-24",2,"No",,,,,,,,,,,,,,,,,,,,,,,""
"01-07-36-19",1,"Yes",5,0,4,2,0,0,,,15,5,5,6,1,10,0,1,3,0,2,0,0,0,""
"01-07-36-19",2,"Yes",5,0,1,2,0,0,,,7,5,5,7,2,1,0,1,0,2,0,0,0,0,""
"18-35-86-78",1,"Yes",0,0,,,5,1,6,8,37,5,5,7,0,10,0,1,2,0,0,0,0,0,""
"48-62-04-43",2,"Yes",6,1,6,8,6,1,6,8,10,0,0,,,0,4,1,2,3,0,0,0,0,""
"37-36-66-29",1,"Yes",2,2,7,6,5,3,5,6,25,0,0,,,0,0,2,1,3,4,0,0,0,""
"37-36-66-29",2,"Yes",0,0,,,7,5,6,5,20,0,0,,,0,0,2,1,4,3,0,0,0,""
"23-98-09-79",1,"Yes",6,1,6,8,6,1,6,8,35,0,0,,,0,0,2,1,3,0,0,0,0,""
"23-98-09-79",2,"Yes",6,1,6,8,6,1,6,8,5,0,0,,,0,0,1,2,3,0,0,0,0,""
"17-40-48-73",2,"Yes",0,0,,,6,5,6,8,40,7,5,7,1,10,0,1,0,2,0,0,0,0,""
"10-94-03-72",1,"Yes",7,5,6,9,0,0,,,50,0,5,7,1,5,0,1,2,0,0,0,0,0,""
"10-94-03-72",2,"Yes",6,5,6,5,0,0,,,25,0,0,,,0,0,1,2,0,0,0,0,0,""
"99-02-51-45",1,"Yes",0,0,,,7,5,6,8,38,0,0,,,0,0,2,0,3,1,0,0,0,""
"83-04-04-09",1,"Yes",7,0,6,8,7,0,6,8,5,0,0,,,0,0,0,0,0,0,0,0,1,"no livestock"
"83-04-04-09",2,"Yes",7,0,6,4,7,0,6,4,4,0,0,,,0,0,0,0,0,0,0,0,1,"no livestock"
"90-43-64-15",1,"Yes",0,0,,,0,1,5,7,25,0,0,,,1,0,1,2,3,0,0,0,0,""
"90-43-64-15",2,"Yes",0,0,,,0,1,7,5,1,7,5,7,.16,1,0,1,2,3,0,0,0,0,""
"07-17-03-20",1,"Yes",5,3,6,10,5,2,5,6,6,0,0,,,0,4,1,0,3,2,0,0,0,""
"07-17-03-20",2,"Yes",5,3,6,4,5,3,6,5,45,0,0,,,0,0,1,0,2,0,0,0,0,""
"07-17-03-20",3,"Yes",5,3,6,8,5,2,4,6,9,0,0,,,0,3,1,0,2,4,0,0,0,""
"83-78-16-55",1,"Yes",0,0,,,6,1,7,5,20,7,5,7,.16,20,1,2,0,0,0,0,0,0,""
"83-78-16-55",2,"Yes",0,0,,,6,1,7,6,20,7,5,7,.16,10,0,1,0,2,0,0,0,0,""
"82-41-37-73",1,"Yes",7,0,6,6,7,0,6,6,14,0,0,,,0,0,0,0,0,0,0,0,1,"no livestock"
"57-66-78-32",1,"Yes",7,0,7,10,7,0,7,10,25,7,5,2,1,20,0,1,0,0,0,0,0,0,""
"57-66-78-32",2,"Yes",7,0,5,6,7,0,5,6,20,7,5,7,2,20,0,1,0,0,0,0,0,0,""
"19-38-64-11",1,"Yes",5,5,3,8,5,5,3,8,30,0,0,,,0,0,1,2,4,3,0,0,0,""
"19-38-64-11",2,"Yes",5,5,5,10,5,3,5,8,38,0,0,,,0,0,1,3,4,2,0,0,0,""
"09-79-30-27",1,"Yes",0,0,,,7,0,7,4,36,0,0,,,0,0,1,0,0,0,0,0,0,""
"16-36-46-03",1,"Yes",0,0,,,5,1,6,7,46,5,5,7,0,10,0,1,0,0,0,0,0,0,""
"16-36-46-03",2,"Yes",0,0,,,5,1,6,7,30,5,5,7,0,10,0,2,1,0,0,0,0,0,""
"29-33-47-98",1,"Yes",0,0,,,7,5,6,7,15,0,0,,,0,0,4,2,1,3,0,0,0,""
"71-36-42-24",1,"No",,,,,,,,,,,,,,,,,,,,,,,""
"53-26-25-13",1,"Yes",3,1,3,8,0,0,,,8,7,5,7,.16,3,0,2,0,0,3,0,0,1,"agriculture purpose"
"53-26-25-13",2,"Yes",6,1,7,6,0,0,,,8,7,5,7,.16,3,0,1,0,0,2,0,0,0,""
"73-14-84-43",1,"Yes",0,0,,,6,4,1,8,6,0,0,,,0,0,1,0,2,0,0,0,0,""
"73-14-84-43",2,"Yes",0,0,,,6,3,4,12,6,0,0,,,0,0,2,0,1,3,0,0,0,""
"37-05-61-84",1,"Yes",0,0,,,7,5,2,4,4,0,0,,,1,0,1,2,3,0,0,0,0,""
"37-05-61-84",2,"Yes",0,0,,,5,3,7,10,30,0,0,,,0,0,1,0,2,0,0,0,0,""
"10-79-21-80",1,"Yes",6,4,5,6,6,4,5,6,20,7,5,7,1,20,0,1,3,2,0,0,0,0,""
"10-79-21-80",2,"No",,,,,,,,,,,,,,,,,,,,,,,""
"71-25-75-41",1,"Yes",0,0,,,5,1,5,6,10,5,5,7,0,3,0,1,0,2,0,0,0,0,""
"71-25-75-41",2,"Yes",0,0,,,5,1,6,6,7,5,5,7,0,3,0,1,0,0,0,0,0,0,""
"07-05-98-97",1,"Yes",0,0,,,5,1,7,10,50,0,0,,,0,0,1,2,0,3,0,0,0,""
"07-05-98-97",2,"Yes",0,0,,,6,1,7,10,40,0,0,,,0,0,1,2,0,3,0,0,0,""
"10-73-90-09",1,"Yes",0,0,,,5,1,6,8,25,0,0,,,0,0,1,2,0,0,0,0,0,""
"10-73-90-09",2,"Yes",0,0,,,5,1,6,7,20,0,0,,,0,0,1,0,0,0,0,0,0,""
"84-88-48-48",1,"Yes",0,0,,,5,1,6,8,40,0,0,,,0,0,1,2,0,0,0,0,0,""
"54-31-68-36",1,"Yes",0,0,,,5,0,3,5,15,0,0,,,0,0,1,2,3,0,0,0,0,""
"45-71-98-33",1,"Yes",0,0,,,5,2,7,8,40,0,0,,,0,0,1,2,0,0,0,0,0,""
"45-71-98-33",2,"Yes",0,0,,,6,2,7,6,25,0,0,,,0,0,2,1,0,0,0,0,0,""
"45-71-98-33",3,"Yes",0,0,,,6,2,7,7,15,7,5,7,.16,1,0,1,2,0,0,0,0,0,""
"27-11-46-19",2,"Yes",5,0,3,7,5,0,3,7,15,0,0,,,4,0,1,0,2,0,0,0,0,""
"42-55-71-95",1,"Yes",6,2,6,12,6,2,6,12,25,0,0,,,0,4,1,2,3,0,0,0,0,""
"42-55-71-95",2,"Yes",5,2,6,6,6,2,6,6,10,7,5,7,6,10,4,1,2,3,0,0,0,0,""
"53-10-63-62",1,"Yes",0,0,,,7,0,6,8,20,7,5,7,2,5,0,2,1,3,0,0,0,0,""
"53-10-63-62",2,"Yes",0,0,,,5,0,5,6,15,0,0,,,0,0,1,2,3,0,0,0,0,""
"53-10-63-62",3,"Yes",0,0,,,7,5,8,5,2,0,0,,,0,0,1,0,0,2,0,0,0,""
"75-46-17-40",1,"Yes",0,0,,,5,1,6,7,50,0,0,,,0,0,1,0,0,0,0,0,0,""
"75-46-17-40",2,"Yes",0,0,,,5,1,6,7,40,0,0,,,0,0,1,0,0,0,0,0,0,""
"75-46-17-40",3,"Yes",0,0,,,5,1,6,8,26,0,0,,,26,0,1,0,0,0,0,0,0,""
"75-46-17-40",4,"Yes",0,0,,,5,1,6,7,10,0,0,,,10,0,1,2,0,0,0,0,0,""
"65-21-97-07",1,"No",,,,,,,,,,,,,,,,,,,,,,,""
"65-21-97-07",2,"Yes",0,0,,,7,4,3,10,45,7,5,7,2,45,0,1,3,2,0,0,0,0,""
"65-21-97-07",3,"Yes",0,0,,,7,0,6,7,20,0,0,,,1,2,1,0,0,0,0,0,0,""
"71-15-20-71",1,"Yes",7,5,6,12,7,5,6,10,40,0,0,,,0,0,3,2,0,1,0,0,0,""
"71-15-20-71",2,"Yes",7,1,4,8,7,1,4,8,30,0,0,,,0,0,1,4,3,2,0,0,0,""
"45-78-55-42",1,"Yes",0,0,,,7,1,7,8,20,0,0,,,20,0,1,2,3,0,0,0,0,""
"45-78-55-42",2,"Yes",0,0,,,6,5,7,8,15,0,0,,,15,0,1,2,0,0,0,0,0,""
"79-58-56-71",1,"Yes",5,2,7,10,5,2,5,7,31,0,0,,,0,3,1,0,2,0,0,0,0,""
"79-58-56-71",2,"Yes",5,3,7,10,5,1,4,6,37,0,0,,,0,3,1,0,0,2,0,0,0,""
"03-48-58-80",1,"Yes",7,2,6,6,7,2,6,6,8,7,5,7,1,8,0,2,1,0,0,0,0,0,""
"03-48-58-80",2,"Yes",7,2,6,6,7,2,6,6,8,7,5,7,2,8,0,2,1,0,0,0,0,0,""
"27-44-99-33",1,"Yes",0,0,,,5,1,6,6,28,0,0,,,0,0,1,0,2,0,0,0,0,""
"36-68-49-71",2,"Yes",0,0,,,5,1,5,9,20,7,5,1,1,0,0,1,2,3,0,0,0,0,""
"36-68-49-71",3,"Yes",0,0,,,6,0,5,10,22,7,5,7,1,10,0,1,0,2,0,0,0,0,""
"68-16-01-33",1,"Yes",7,2,5,8,7,2,5,8,40,7,5,7,1,40,0,2,1,3,0,0,0,0,""
"68-16-01-33",2,"Yes",7,2,5,6,7,2,5,6,30,7,5,7,2,30,0,1,0,0,0,0,0,0,""
"68-16-01-33",3,"Yes",7,0,4,5,7,0,4,5,10,0,0,,,0,0,0,0,0,0,0,0,1,"she is not engaged in livestock"
"68-16-01-33",4,"Yes",5,5,5,6,5,5,5,6,6,0,0,,,0,0,0,0,0,0,0,0,1,"she is not engaged in livestock"
"61-84-87-27",1,"Yes",5,0,4,5,5,0,4,5,20,5,5,7,2,20,0,1,0,2,3,0,0,0,""
"61-84-87-27",2,"Yes",0,0,,,5,0,6,4,20,5,5,7,1,10,0,1,0,3,2,0,0,0,""
"61-84-87-27",3,"Yes",5,0,6,6,5,0,6,6,3,5,5,7,3,2,0,2,0,0,1,0,0,0,""
"61-84-87-27",4,"Yes",5,0,3,4,5,0,3,4,2,0,0,,,3,0,0,0,0,0,0,0,1,"Buying my necessities"
"52-39-81-92",1,"Yes",6,0,3,10,6,3,5,10,30,0,0,,,30,1,2,3,0,0,0,0,0,""
"52-39-81-92",2,"Yes",6,2,6,10,5,5,3,10,5,7,5,7,1,13,0,1,2,0,0,0,0,0,""
"53-10-37-83",1,"Yes",0,0,,,5,1,6,8,40,0,0,,,0,0,1,2,0,0,0,0,0,""
"53-10-37-83",2,"Yes",0,0,,,5,1,6,7,38,0,0,,,0,0,1,2,0,0,0,0,0,""
"20-43-08-03",1,"Yes",0,0,,,3,3,1,2,50,7,0,0,,4,3,1,0,2,0,0,0,0,""
"20-43-08-03",2,"Yes",7,0,3,8,7,0,3,8,16,7,5,7,5,16,0,1,2,3,0,0,0,0,""
"20-43-08-03",3,"No",,,,,,,,,,,,,,,,,,,,,,,""
"82-59-96-75",2,"Yes",0,0,,,2,0,5,8,30,0,0,,,30,0,1,3,2,0,0,0,0,""
"82-59-96-75",3,"Yes",0,0,,,3,3,5,6,15,0,0,,,0,0,0,0,1,0,0,0,0,""
"00-90-86-19",1,"Yes",0,0,,,7,5,7,4,45,3,0,7,1,40,0,1,0,2,0,0,0,0,""
"00-90-86-19",2,"Yes",0,0,,,7,5,7,6,20,7,5,7,1,10,0,1,0,2,0,0,0,0,""
"49-39-09-00",1,"Yes",6,2,6,5,6,2,5,8,45,7,5,7,8,19,2,1,3,0,0,0,0,0,""
"72-52-50-05",1,"Yes",7,5,6,8,5,5,5,5,20,7,5,0,,5,0,1,2,3,0,0,0,0,""
"72-52-50-05",2,"Yes",5,5,6,8,5,5,6,6,10,7,5,7,1,5,0,1,3,2,0,0,0,0,""
"55-72-94-92",1,"Yes",5,0,6,6,5,0,6,6,27,5,5,7,5,15,0,2,1,4,3,0,0,0,""
"55-72-94-92",2,"Yes",5,0,6,8,5,0,6,8,40,5,5,7,2,25,0,2,3,0,1,0,0,0,""
"58-19-75-80",1,"Yes",5,3,6,5,6,5,6,5,15,7,5,7,1,15,3,1,0,2,0,0,0,0,""
"58-19-75-80",2,"Yes",0,0,,,7,5,6,4,10,7,5,7,1,10,2,1,0,3,4,0,0,0,""
"29-86-85-66",1,"Yes",0,0,,,7,5,6,6,30,7,5,7,1,30,0,1,2,3,0,0,0,0,""
"29-86-85-66",2,"Yes",0,0,,,7,5,6,6,25,7,5,7,1,25,0,1,2,3,0,0,0,0,""
"75-69-40-10",1,"Yes",0,0,,,7,5,6,9,43,0,0,,,0,0,3,2,1,0,0,0,0,""
"44-12-79-34",1,"Yes",5,1,7,6,5,1,7,6,38,0,0,,,20,0,2,1,3,0,0,0,0,""
"44-12-79-34",2,"Yes",5,1,7,6,5,1,7,6,18,5,1,7,6,20,0,1,2,3,0,0,0,0,""
"91-78-46-88",1,"Yes",7,5,6,8,7,5,6,8,30,0,0,,,30,0,1,2,3,4,0,0,0,""
"37-25-02-09",1,"Yes",0,0,,,7,5,7,7,27,7,5,7,.16,10,2,1,0,0,0,0,0,0,""
"37-25-02-09",2,"Yes",0,0,,,7,5,7,7,22,7,5,7,.16,15,0,1,0,0,0,0,0,0,""
"37-25-02-09",3,"Yes",0,0,,,7,5,7,7,5,0,0,,,0,0,1,0,0,0,0,0,0,""
"88-73-32-16",1,"Yes",6,1,7,12,6,1,7,12,10,7,5,7,1,4,0,1,2,3,4,0,0,0,""
"88-73-32-16",2,"Yes",6,1,7,12,6,1,7,12,10,7,5,7,5,3,4,1,2,3,6,5,0,0,""
"55-56-00-41",1,"Yes",0,0,,,5,2,7,6,22,7,5,7,.16,10,0,1,0,2,3,0,0,0,""
"55-56-00-41",2,"Yes",0,0,,,5,2,7,6,20,0,0,,,0,0,1,0,2,3,0,0,0,""
"34-77-61-74",1,"No",,,,,,,,,,,,,,,,,,,,,,,""
"34-77-61-74",2,"Yes",7,0,4,6,7,0,4,6,15,0,0,,,6,0,1,0,0,0,0,0,0,""
"33-67-48-86",1,"Yes",7,2,6,5,7,2,6,5,20,0,0,,,5,3,1,5,2,4,0,0,0,""
"33-67-48-86",2,"Yes",7,2,6,5,7,2,6,5,24,0,0,,,7,0,1,3,4,2,0,0,0,""
"94-42-36-98",1,"Yes",0,0,,,7,5,7,10,20,7,5,7,1,5,0,1,2,3,0,0,0,0,""
"94-42-36-98",2,"Yes",0,0,,,7,5,7,8,10,7,5,7,1,5,0,1,2,3,0,0,0,0,""
"76-40-74-03",1,"Yes",6,3,6,8,6,3,6,8,40,0,0,,,0,0,1,2,3,4,0,0,0,""
"76-40-74-03",2,"Yes",6,3,6,8,6,3,6,8,30,7,5,7,1,30,0,1,0,2,0,0,0,0,""
"76-40-74-03",3,"No",,,,,,,,,,,,,,,,,,,,,,,""
"76-40-74-03",4,"Yes",6,3,6,10,6,3,6,10,18,0,0,,,0,0,1,0,2,0,0,0,0,""
"06-67-72-60",1,"Yes",0,0,,,7,5,7,7,30,7,5,7,1,30,0,1,2,3,4,0,0,0,""
"06-67-72-60",2,"Yes",0,0,,,7,2,7,8,10,7,5,7,1,5,0,1,3,2,0,0,0,0,""
"28-69-62-69",1,"Yes",6,2,6,12,6,2,6,12,40,0,0,,,0,0,1,2,3,0,0,0,0,""
"28-69-62-69",2,"Yes",6,2,6,10,6,2,6,10,20,7,5,7,1,20,0,1,2,3,0,0,0,0,""
"49-95-19-41",1,"Yes",5,0,6,9,5,0,6,9,29,0,0,,,7,0,2,0,0,1,0,0,0,""
"49-95-19-41",2,"Yes",5,0,6,7,5,0,6,7,30,0,0,,,10,0,1,0,2,3,0,0,0,""
"75-71-59-88",1,"Yes",6,5,3,3,6,5,4,3,33,0,0,,,33,4,1,2,3,0,0,0,0,""
"75-71-59-88",2,"Yes",5,4,5,4,6,4,5,5,33,7,5,7,1,33,0,1,0,0,0,0,0,0,""
"49-01-19-20",1,"Yes",7,0,6,5,7,0,6,5,40,7,5,7,2,40,0,1,0,0,0,0,0,0,""
"49-01-19-20",2,"Yes",7,0,6,5,7,0,6,5,30,7,5,7,2,3,0,1,0,0,0,0,0,0,""
"49-01-19-20",3,"Yes",7,0,6,8,7,0,6,8,2,7,5,2,1,5,0,1,0,0,0,0,0,0,""
"06-30-46-81",1,"Yes",5,2,7,7,0,0,,,7,0,0,,,0,1,2,0,0,3,0,0,0,""
"06-30-46-81",2,"Yes",5,2,7,6,0,0,,,4,5,5,7,.16,3,2,1,0,0,3,0,0,0,""
"05-55-74-03",1,"Yes",7,0,2,9,7,0,2,9,21,7,5,7,2,21,0,1,0,0,0,0,0,0,""
"05-55-74-03",2,"Yes",7,0,3,8,7,0,3,8,20,7,5,7,2,20,0,1,0,0,0,0,0,0,""
"05-55-74-03",7,"Yes",7,0,5,9,7,0,5,9,25,7,5,2,2,25,0,1,0,0,0,0,0,0,""
"05-55-74-03",9,"Yes",7,0,5,8,7,0,5,8,3,7,5,7,4,3,0,1,0,0,0,0,0,0,""
"05-55-74-03",11,"No",,,,,,,,,,,,,,,,,,,,,,,""
"56-78-80-92",1,"Yes",5,1,5,6,0,0,,,20,0,0,,,0,0,1,2,0,0,0,0,0,""
"25-17-27-31",1,"Yes",0,0,,,7,5,6,6,30,0,0,,,0,0,0,2,1,3,0,0,0,""
"96-39-63-39",1,"Yes",0,0,,,7,5,3,5,30,0,0,,,5,0,1,0,2,0,0,0,0,""
"96-39-63-39",2,"Yes",0,0,,,7,5,3,4,20,0,0,,,5,0,1,0,2,0,0,0,0,""
"81-42-10-54",1,"Yes",7,5,6,9,7,5,6,9,30,0,0,,,30,0,1,0,0,2,0,0,0,""
"81-42-10-54",2,"Yes",7,0,6,9,7,0,6,9,20,0,0,,,20,0,1,0,0,0,0,0,0,""
"81-42-10-54",5,"Yes",7,0,6,9,7,0,6,9,3,0,0,,,5,0,1,0,0,0,0,0,0,""
"81-46-38-58",1,"Yes",0,0,,,5,5,6,3,50,0,0,,,0,0,1,0,2,0,0,0,0,""
"08-94-56-34",1,"Yes",7,0,6,8,7,0,6,8,20,0,0,,,20,0,2,1,0,0,0,0,0,""
"08-94-56-34",2,"No",,,,,,,,,,,,,,,,,,,,,,,""
"08-94-56-34",4,"Yes",7,0,6,8,7,5,6,8,25,0,0,,,24,0,1,2,0,0,0,0,0,""
"24-87-22-92",1,"Yes",0,0,,,7,2,6,11,10,7,5,7,9,6,2,1,3,4,5,6,0,0,""
"24-87-22-92",2,"Yes",6,2,6,12,6,2,6,12,9,7,5,6,1,8,1,2,3,4,5,0,0,0,""
"30-69-73-88",1,"Yes",4,3,7,10,4,3,7,10,5,6,5,0,,2,0,1,4,2,3,0,0,0,""
"30-69-73-88",2,"Yes",4,3,3,5,4,3,3,5,5,6,5,7,.5,2,5,2,1,3,4,0,0,0,""
"72-71-89-86",1,"Yes",6,3,6,9,6,3,6,9,15,7,5,7,1,15,0,1,2,3,4,0,0,0,""
"72-71-89-86",2,"Yes",6,3,6,10,6,3,6,10,35,7,5,0,,20,0,1,0,0,0,0,0,0,""
"72-71-89-86",6,"No",,,,,,,,,,,,,,,,,,,,,,,""
"11-04-05-87",1,"Yes",7,0,5,8,7,0,5,8,35,7,5,7,1,30,0,1,0,0,2,0,0,0,""
"11-04-05-87",2,"Yes",7,0,5,8,7,0,5,8,20,7,5,7,3,15,0,1,0,0,2,0,0,0,""
"11-04-05-87",3,"Yes",7,0,6,8,7,0,6,8,2,0,0,,,0,0,0,0,0,0,0,0,1,"no livestock"
"69-48-65-88",1,"Yes",6,0,2,8,0,0,,,10,0,0,,,0,2,1,4,3,0,0,0,0,""
"69-48-65-88",2,"No",,,,,,,,,,,,,,,,,,,,,,,""
"18-22-43-52",1,"Yes",0,0,,,5,2,6,8,25,7,5,7,.16,1,2,1,3,4,0,0,0,0,""
"18-22-43-52",2,"Yes",0,0,,,5,2,6,8,20,7,5,7,.16,1,0,1,2,3,0,0,0,0,""
"18-22-43-52",3,"Yes",0,0,,,4,2,6,6,20,0,0,,,0,1,0,0,2,0,0,0,0,""
"92-56-88-52",2,"Yes",0,0,,,5,1,6,7,10,0,0,,,0,0,1,2,0,0,0,0,0,""
"06-32-94-30",1,"Yes",0,0,,,7,5,6,6,33,0,0,,,5,0,0,1,2,3,0,0,0,""
"06-32-94-30",2,"Yes",0,0,,,7,5,6,5,33,0,0,,,5,0,0,1,2,0,0,0,0,""
"30-41-77-21",1,"Yes",0,0,,,5,1,5,6,25,5,5,7,1,5,0,1,2,0,0,0,0,0,""
"30-41-77-21",2,"Yes",0,0,,,5,1,5,6,20,5,5,7,1,5,0,1,2,0,0,0,0,0,""
"59-58-27-54",1,"Yes",0,0,,,5,2,6,7,35,7,5,7,.16,10,2,1,0,0,0,0,0,0,""
"59-58-27-54",2,"Yes",0,0,,,5,2,6,7,30,7,5,7,.16,10,1,2,0,0,0,0,0,0,""
"13-48-51-56",1,"Yes",7,5,7,10,0,0,,,12,7,3,7,1,2,2,1,3,4,0,0,0,0,""
"13-03-04-40",1,"Yes",0,0,,,5,2,6,6,23,7,5,7,1,5,0,1,0,2,0,0,0,0,""
"48-62-05-19",1,"Yes",0,0,,,6,1,4,5,45,7,5,4,1,20,0,1,3,2,0,0,0,0,""
"76-11-97-07",1,"No",,,,,,,,,,,,,,,,,,,,,,,""
"48-19-22-90",1,"Yes",0,0,,,7,4,6,3,35,0,0,,,35,0,1,0,2,0,0,0,0,""
"47-32-69-47",1,"Yes",0,0,,,6,0,6,6,25,7,5,7,6,5,0,1,3,2,0,0,0,0,""
"77-95-12-00",1,"Yes",5,0,2,6,5,0,2,6,43,5,5,7,1,10,0,1,2,3,0,0,0,0,""
"04-93-15-62",1,"Yes",0,0,,,4,2,4,12,20,7,5,7,1,5,2,1,0,3,0,0,0,0,""
"04-93-15-62",2,"Yes",0,0,,,4,2,4,12,17,7,5,7,1,5,1,2,4,3,0,0,0,0,""
"40-11-92-91",1,"Yes",5,2,6,7,0,5,6,7,28,7,5,7,6,28,0,1,3,2,0,0,0,0,""
"40-11-92-91",2,"Yes",6,1,7,8,0,0,,,10,0,0,,,0,1,0,0,2,0,0,0,0,""
"00-61-02-75",1,"Yes",0,0,,,6,3,4,6,35,0,0,,,0,2,1,0,3,0,0,0,0,""
"77-43-51-64",1,"Yes",0,0,,,6,2,6,10,30,0,0,,,0,0,1,2,3,0,0,0,0,""
"77-43-51-64",2,"Yes",0,0,,,6,2,6,8,40,0,0,,,0,0,1,2,3,0,0,0,0,""
"77-43-51-64",3,"Yes",0,0,,,6,2,6,10,25,0,0,,,0,0,1,2,3,0,0,0,0,""
"77-43-51-64",4,"Yes",0,0,,,6,2,6,11,5,0,0,,,0,0,1,2,3,0,0,0,0,""
"77-43-51-64",5,"Yes",0,0,,,6,2,6,10,3,0,0,,,0,0,1,3,2,0,0,0,0,""
"75-26-65-92",1,"Yes",7,5,2,11,7,5,2,11,20,7,5,7,7,20,4,1,2,3,0,0,0,0,""
"76-79-59-51",1,"Yes",5,1,6,7,5,1,6,7,10,5,5,7,0,5,0,1,0,0,0,0,0,0,""
"76-79-59-51",2,"Yes",0,0,,,0,0,,,10,0,0,,,5,0,1,0,0,0,0,0,0,""
"87-16-65-76",1,"Yes",6,2,6,12,6,2,6,12,20,0,0,,,0,0,1,2,3,4,0,0,0,""
"87-16-65-76",2,"Yes",6,2,6,12,6,2,6,12,14,0,0,,,0,0,1,2,3,4,0,0,0,""
"06-40-10-58",1,"Yes",0,0,,,7,5,6,6,30,0,0,,,3,0,1,2,4,3,0,0,0,""
"06-40-10-58",2,"Yes",0,0,,,7,5,6,5,25,0,0,,,0,0,1,0,2,3,0,0,0,""
"40-73-60-05",1,"Yes",0,0,,,7,5,6,5,30,7,5,7,1,5,0,1,0,2,0,0,0,0,""
"64-68-41-59",1,"Yes",0,0,,,7,2,6,6,20,0,0,,,3,0,1,2,3,0,0,0,0,""
"15-68-91-94",1,"Yes",0,0,,,7,1,3,6,50,7,5,7,1,30,0,1,0,2,0,0,0,0,""
"26-17-34-04",1,"Yes",0,0,,,7,2,6,8,45,0,0,,,0,4,1,2,3,0,0,0,0,""
"26-17-34-04",2,"Yes",0,0,,,7,2,7,7,20,7,5,7,1,25,2,1,3,4,0,0,0,0,""
"76-41-72-83",1,"Yes",0,0,,,6,2,6,6,18,0,0,,,0,0,0,1,3,2,4,0,0,""
"76-41-72-83",2,"Yes",0,0,,,6,3,6,8,15,7,5,7,2,5,0,1,0,0,0,0,0,0,""
"29-97-06-38",1,"Yes",0,0,,,0,5,3,4,12,7,5,7,1,12,0,1,2,3,0,0,0,0,""
"46-55-47-04",1,"Yes",7,5,6,6,0,0,,,35,0,0,,,0,2,1,3,0,0,0,0,0,""
"46-55-47-04",2,"Yes",7,5,6,6,0,0,,,27,0,0,,,0,1,3,2,0,0,0,0,0,""
"46-92-45-03",1,"Yes",0,0,,,5,1,6,7,25,5,5,7,0,3,0,1,0,0,0,0,0,0,""
"46-92-45-03",2,"Yes",0,0,,,5,1,6,7,24,5,5,7,0,3,0,1,0,2,0,0,0,0,""
"77-97-94-83",1,"Yes",5,1,6,7,5,1,6,7,20,0,0,,,0,1,3,2,0,4,0,0,0,""
"44-20-73-48",1,"Yes",0,0,,,6,1,6,8,28,0,0,,,0,1,2,3,4,0,0,0,0,""
"74-52-06-68",1,"Yes",0,0,,,6,1,7,7,25,7,5,7,1,20,0,1,2,0,0,0,0,0,""
"35-89-93-14",1,"Yes",0,0,,,7,5,4,4,45,0,0,,,20,0,1,0,2,0,0,0,0,""
"39-90-60-06",1,"Yes",0,0,,,5,1,6,9,30,0,0,,,0,0,1,2,3,0,0,0,0,""
"39-90-60-06",2,"Yes",0,0,,,5,1,6,8,24,0,0,,,0,0,1,2,3,0,4,0,0,""
"39-90-60-06",3,"Yes",0,0,,,5,1,6,8,10,0,0,,,0,0,1,0,0,0,0,0,0,""
"86-86-47-77",1,"Yes",7,5,3,6,7,5,3,6,25,0,0,,,24,0,2,1,0,3,0,0,0,""
"86-86-47-77",2,"Yes",7,5,2,6,7,5,2,6,10,0,0,,,10,0,2,1,0,3,0,0,0,""
"61-98-86-86",1,"Yes",0,0,,,5,2,6,10,20,0,0,,,0,0,1,0,2,0,0,0,0,""
"61-98-86-86",2,"Yes",0,0,,,5,2,6,10,20,0,0,,,0,0,1,0,2,0,0,0,0,""
"61-98-86-86",3,"Yes",0,0,,,5,2,6,8,3,0,0,,,0,0,1,0,2,0,0,0,0,""
"61-87-19-25",1,"Yes",5,1,6,8,6,1,6,8,34,7,5,6,1,34,0,1,3,2,0,0,0,0,""
"61-87-19-25",2,"Yes",6,3,6,4,6,5,6,3,30,7,5,7,1,34,0,1,0,0,0,0,0,0,""
"61-87-19-25",3,"Yes",6,2,6,8,6,4,6,8,7,0,0,,,7,0,0,0,0,1,0,0,0,""
"16-64-40-00",1,"Yes",0,0,,,6,2,7,12,25,0,0,,,0,0,1,0,0,0,0,0,0,""
"16-64-40-00",2,"Yes",0,0,,,6,2,7,12,40,0,0,,,0,0,1,0,0,0,0,0,0,""
"18-67-33-19",1,"Yes",5,1,3,8,0,0,,,8,7,5,7,3,18,1,2,0,0,0,3,0,0,""
"14-75-52-28",1,"Yes",7,2,7,9,7,2,7,9,40,7,5,7,1,40,0,2,0,1,3,0,0,0,""
"72-96-11-00",1,"Yes",7,5,4,7,7,5,4,7,20,7,5,1,1,20,0,1,0,3,2,0,0,0,""
"72-96-11-00",2,"Yes",7,5,6,7,7,5,6,7,20,7,5,7,2,20,0,1,0,0,2,0,0,0,""
"68-35-97-06",1,"Yes",7,5,3,4,7,5,3,4,35,7,5,2,1,35,0,2,1,3,4,0,0,0,""
"68-35-97-06",2,"Yes",7,5,4,4,7,5,4,4,30,7,5,7,2,30,0,1,2,3,4,0,0,0,""
"00-22-25-11",1,"Yes",5,0,6,8,5,0,6,8,7,5,5,6,1,10,1,2,0,3,0,0,0,0,""
"00-22-25-11",2,"Yes",5,0,6,7,5,0,6,7,4,5,5,7,4,3,0,1,0,0,0,0,0,0,""
"03-51-85-17",1,"Yes",0,0,,,6,5,6,5,7,0,0,,,0,0,3,0,1,2,0,0,0,""
"03-51-85-17",2,"No",,,,,,,,,,,,,,,,,,,,,,,""
"26-31-55-52",1,"Yes",0,0,,,6,3,5,6,30,0,0,,,30,4,1,3,2,6,5,0,0,""
"26-31-55-52",2,"Yes",0,0,,,6,5,6,8,20,7,5,6,3,20,0,1,2,4,3,0,0,0,""
"82-96-57-24",1,"Yes",0,0,,,7,2,6,8,20,0,0,,,2,0,1,0,2,0,0,0,0,""
"98-34-87-15",1,"Yes",5,0,6,6,5,0,6,6,40,5,5,7,1,10,0,1,2,3,0,0,0,0,""
"98-34-87-15",2,"Yes",5,0,6,6,5,0,6,6,14,5,5,5,1,2,0,1,2,0,3,0,0,0,""
"20-44-39-67",1,"Yes",7,0,6,10,7,0,6,10,15,0,0,,,3,0,1,2,3,0,0,0,0,""
"20-44-39-67",2,"Yes",7,0,6,10,7,0,6,7,3,0,0,,,2,0,1,2,3,0,0,0,0,""
"73-85-71-84",1,"Yes",6,2,7,10,6,3,7,10,39,7,5,7,1,30,0,1,2,3,0,0,0,0,""
"73-85-71-84",2,"Yes",6,2,7,10,6,2,7,10,30,7,5,7,1,30,0,1,2,3,4,0,0,0,""
"57-10-23-73",1,"Yes",0,0,,,7,5,6,6,20,0,0,,,0,0,1,0,2,0,0,0,0,""
"57-10-23-73",2,"Yes",0,0,,,7,5,6,6,15,0,0,,,0,0,1,0,2,0,0,0,0,""
"27-45-94-38",1,"Yes",0,0,,,5,1,6,7,15,0,0,,,0,0,1,2,0,0,0,0,0,""
"27-45-94-38",2,"Yes",0,0,,,5,1,6,9,15,0,0,,,0,0,1,0,0,0,0,0,0,""
"07-14-85-97",1,"Yes",6,0,6,5,6,0,6,5,30,7,5,7,.5,15,3,2,0,5,1,4,0,0,""
"07-14-85-97",2,"Yes",6,0,6,4,6,0,6,4,28,7,5,7,4,12,1,2,0,3,0,0,0,0,""
"55-58-44-60",1,"Yes",0,0,,,5,0,7,2,40,5,5,7,2,20,0,1,2,0,3,0,0,0,""
"54-97-37-44",1,"Yes",6,1,7,8,0,0,,,2,0,0,,,0,0,1,0,0,0,0,0,2,"clothings"
"25-51-59-02",1,"Yes",0,0,,,7,5,6,6,15,0,0,,,2,0,2,0,3,1,0,0,0,""
"98-34-54-09",1,"Yes",0,0,,,5,1,6,8,2,5,5,7,0,1,0,1,0,0,0,0,0,0,""
"69-46-62-21",1,"Yes",0,0,,,7,5,7,6,43,7,5,7,3,3,0,1,2,3,4,0,0,0,""
"69-46-62-21",2,"Yes",0,0,,,5,5,6,8,15,0,0,,,0,0,2,1,0,0,0,0,0,""
"69-46-62-21",3,"Yes",0,0,,,5,5,6,2,0,0,0,,,0,0,1,0,0,0,0,0,0,""
"69-92-29-73",2,"Yes",0,0,,,5,1,6,7,20,0,0,,,0,0,1,2,0,0,0,0,0,""
"37-17-48-58",1,"Yes",0,0,,,5,1,3,4,10,0,0,,,0,0,1,0,0,0,0,0,0,""
"85-72-34-53",1,"Yes",0,0,,,7,4,5,5,20,0,0,,,3,0,1,0,2,0,0,0,0,""
"73-56-72-00",1,"Yes",0,0,,,6,3,5,8,23,7,5,0,,20,0,1,0,0,2,0,0,0,""
"73-56-72-00",2,"Yes",6,0,6,8,0,0,,,2,7,5,0,,18,2,1,0,3,4,0,0,0,""
"39-00-66-90",1,"Yes",0,0,,,7,5,6,11,20,0,0,,,5,0,1,2,3,0,0,0,0,""
"52-72-83-96",1,"Yes",7,2,6,12,6,2,6,12,9,0,0,,,0,1,2,3,4,0,0,0,0,""
"27-89-15-08",1,"Yes",0,0,,,5,1,6,8,10,7,5,7,.16,2,0,1,0,0,0,0,0,0,""
"27-89-15-08",2,"Yes",0,0,,,5,1,6,8,2,7,5,7,.16,1,0,1,0,0,0,0,0,0,""
"38-15-27-24",1,"Yes",5,0,6,8,5,0,6,8,10,5,5,7,3,3,0,1,3,0,2,0,0,0,""
"38-15-27-24",2,"No",,,,,,,,,,,,,,,,,,,,,,,""
"32-53-41-40",1,"Yes",0,0,,,7,5,6,10,30,7,5,7,1,20,0,1,0,2,0,0,0,0,""
"32-53-41-40",2,"Yes",0,0,,,7,5,6,10,38,7,5,6,0,5,0,1,0,2,0,0,0,0,""
"90-85-65-68",1,"Yes",5,3,6,8,5,3,6,8,40,0,0,,,0,0,1,2,3,0,0,0,0,""
"90-85-65-68",2,"Yes",5,3,6,8,5,3,6,8,30,0,0,,,0,0,1,2,3,0,0,0,0,""
"90-85-65-68",3,"No",,,,,,,,,,,,,,,,,,,,,,,""
"07-04-06-31",1,"Yes",5,0,3,6,0,0,,,4,0,0,,,0,0,2,1,0,0,0,0,0,""
"00-51-21-96",1,"Yes",6,2,6,12,6,2,6,12,40,7,5,7,1,40,4,1,2,3,0,0,0,0,""
"29-09-67-77",1,"No",,,,,,,,,,,,,,,,,,,,,,,""
"18-57-30-30",1,"Yes",7,0,7,9,7,0,7,9,9,0,0,,,0,0,0,0,0,0,0,0,1,"no livestock"
"18-57-30-30",2,"Yes",7,0,5,6,7,0,5,6,5,0,0,,,0,0,0,0,0,0,0,0,1,"no livestock"
"06-67-52-73",1,"Yes",0,0,,,7,5,7,5,26,0,0,,,5,0,1,3,2,0,0,0,0,""
"06-67-52-73",2,"Yes",0,0,,,7,5,7,5,20,0,0,,,4,0,2,1,3,0,0,0,0,""
"63-98-43-96",1,"No",,,,,,,,,,,,,,,,,,,,,,,""
"63-98-43-96",2,"Yes",0,0,,,7,5,5,7,20,0,0,,,25,0,1,0,0,0,0,2,0,""
"95-39-48-28",1,"Yes",5,1,5,8,0,0,,,6,3,2,7,.16,0,3,1,2,0,0,0,0,0,""
"95-39-48-28",2,"Yes",5,2,5,6,0,0,,,4,3,2,7,.16,0,1,2,3,0,0,0,0,0,""
"09-57-06-65",1,"Yes",0,0,,,5,0,6,6,10,0,0,,,0,0,1,0,0,0,0,0,0,""
"09-57-06-65",2,"Yes",0,0,,,5,0,6,6,10,0,0,,,0,0,1,0,2,3,0,0,0,""
"09-57-06-65",3,"Yes",0,0,,,5,0,6,6,2,0,0,,,0,0,2,0,0,1,0,0,0,""
"10-32-71-90",1,"Yes",0,0,,,5,1,3,9,35,0,0,,,0,0,1,2,3,0,0,0,0,""
"10-32-71-90",2,"Yes",0,0,,,5,1,3,7,20,0,0,,,0,0,1,2,0,0,0,0,0,""
"91-48-09-94",1,"Yes",6,2,6,12,6,2,6,12,10,7,5,7,1,10,1,2,3,4,0,0,0,0,""
"91-48-09-94",2,"Yes",6,2,6,12,6,2,6,12,15,7,0,0,,0,1,2,3,4,0,0,0,0,""
"20-98-55-75",1,"Yes",0,0,,,4,3,7,5,35,7,5,1,2,35,1,2,3,4,5,0,0,0,""
"20-98-55-75",2,"Yes",0,0,,,6,3,5,4,30,7,5,6,2,5,4,1,2,3,0,0,0,0,""
"60-93-12-22",1,"Yes",0,0,,,5,0,7,8,28,5,5,7,0,1,0,1,2,0,4,3,0,0,""
"60-93-12-22",2,"Yes",0,0,,,5,0,7,6,20,5,5,7,0,1,0,1,0,0,0,0,0,0,""
"08-84-40-54",1,"Yes",0,0,,,5,0,6,7,25,0,0,,,0,0,1,2,0,0,0,0,0,""
"19-25-10-78",1,"Yes",7,0,3,10,7,0,3,10,20,7,5,7,3,20,0,1,0,3,2,0,0,0,""
"19-25-10-78",2,"Yes",7,0,4,10,7,0,3,10,9,7,0,3,1,3,0,1,0,0,0,0,0,0,""
"71-72-13-14",1,"Yes",6,0,6,8,6,5,6,8,30,5,3,7,1,12,0,1,0,2,0,0,0,0,""
"71-72-13-14",2,"Yes",6,0,6,8,6,5,6,8,38,0,0,,,12,3,1,0,2,0,0,0,0,""
"71-72-13-14",4,"Yes",6,0,6,8,0,0,,,2,0,0,,,0,1,0,0,2,0,0,3,0,""
"03-15-75-14",1,"Yes",0,0,,,6,2,6,12,40,0,0,,,0,0,1,2,3,0,0,0,0,""
"03-15-75-14",2,"Yes",0,0,,,6,2,6,12,15,0,0,,,0,0,1,2,3,0,0,0,0,""
"44-83-75-40",1,"Yes",0,0,,,5,2,2,4,50,0,0,,,20,0,1,0,0,0,0,0,0,""
"50-57-49-63",1,"Yes",5,0,6,7,5,0,6,7,19,5,5,7,1,5,0,1,3,0,2,0,0,0,""
"50-57-49-63",2,"Yes",5,0,6,8,5,0,6,8,15,5,5,7,2,5,0,1,0,2,0,0,0,3,"Buying clothes for my children and myself"
"70-71-45-76",1,"Yes",0,0,,,7,0,7,12,21,0,0,,,5,0,1,3,2,4,0,0,0,""
"60-32-51-97",1,"Yes",0,0,,,5,0,6,8,7,0,0,,,0,0,1,0,0,0,0,0,0,""
"60-32-51-97",2,"Yes",0,0,,,5,0,6,8,7,0,0,,,0,0,1,0,0,0,0,0,0,""
"52-97-46-11",1,"Yes",0,0,,,5,0,5,4,10,0,0,,,1,0,1,2,0,3,0,0,0,""
"52-97-46-11",2,"Yes",0,0,,,5,0,6,4,10,0,0,,,0,0,2,3,0,1,0,0,0,""
"57-86-44-24",1,"Yes",0,0,,,7,5,4,6,23,7,5,7,1,23,0,1,0,2,0,0,0,0,""
"57-86-44-24",2,"Yes",0,0,,,7,5,5,8,8,7,5,6,3,8,0,1,2,3,0,0,0,0,""
"32-33-62-20",1,"No",,,,,,,,,,,,,,,,,,,,,,,""
"36-53-13-35",1,"Yes",0,0,,,7,1,7,5,15,7,5,0,,8,0,1,2,3,0,0,0,0,""
"36-53-13-35",2,"Yes",0,0,,,5,1,2,4,13,7,5,7,1,8,2,1,4,3,0,0,0,0,""
"84-76-53-05",1,"Yes",0,0,,,7,0,7,8,50,0,0,,,5,2,1,0,0,0,0,0,0,""
"43-02-03-01",1,"No",,,,,,,,,,,,,,,,,,,,,,,""
"43-02-03-01",2,"No",,,,,,,,,,,,,,,,,,,,,,,""
"11-80-97-44",1,"Yes",0,0,,,6,2,6,8,13,0,0,,,0,4,1,2,3,0,0,0,0,""
"11-80-97-44",2,"Yes",0,0,,,6,2,6,6,30,0,0,,,0,0,1,0,2,0,0,0,0,""
"11-80-97-44",4,"No",,,,,,,,,,,,,,,,,,,,,,,""
"76-93-73-76",2,"Yes",0,0,,,5,2,5,5,13,0,0,,,0,0,1,0,2,0,0,0,0,""
"76-93-73-76",3,"Yes",0,0,,,5,2,4,6,11,0,0,,,0,0,1,0,2,3,0,0,0,""
"65-71-79-01",1,"Yes",0,0,,,7,0,6,8,50,0,0,,,49,0,1,0,0,0,0,0,0,""
"65-71-79-01",2,"Yes",0,0,,,7,0,6,8,3,0,0,,,4,0,1,0,2,0,0,0,0,""
"76-37-92-47",1,"Yes",0,0,,,4,1,3,4,35,7,5,7,.5,2,0,1,0,2,0,0,0,0,""
"76-37-92-47",2,"Yes",0,0,,,6,2,5,5,30,7,5,0,,2,0,1,0,2,3,0,0,0,""
"70-40-73-54",1,"Yes",0,0,,,5,1,6,8,5,5,5,7,0,1,0,1,2,0,0,0,0,0,""
"70-40-73-54",2,"Yes",0,0,,,5,1,6,6,16,5,5,7,0,1,0,1,0,0,0,0,0,0,""
"88-42-92-11",2,"Yes",0,0,,,5,0,7,3,20,7,5,7,.16,10,0,1,0,0,0,0,0,0,""
"37-29-80-51",1,"Yes",0,0,,,5,0,7,3,10,7,5,7,.16,7,0,1,2,0,0,0,0,0,""
"37-29-80-51",2,"Yes",0,0,,,5,0,7,6,3,7,5,7,.16,3,0,1,2,0,0,0,0,0,""
"50-63-32-01",2,"Yes",0,0,,,7,3,6,5,25,0,0,,,0,0,2,1,3,0,0,0,0,""
"50-63-32-01",3,"Yes",0,0,,,6,3,6,4,21,0,0,,,0,0,1,2,3,0,0,0,0,""
"50-63-32-01",5,"No",,,,,,,,,,,,,,,,,,,,,,,""
"46-39-02-59",1,"No",,,,,,,,,,,,,,,,,,,,,,,""
"46-39-02-59",2,"Yes",7,0,6,5,7,0,6,5,15,7,5,7,1,15,0,1,2,0,0,0,0,0,""
"62-41-43-18",1,"Yes",6,2,6,8,6,2,6,6,30,0,0,,,7,0,1,0,2,0,0,0,0,""
"62-41-43-18",2,"Yes",6,2,6,8,6,2,6,8,23,0,0,,,7,3,1,2,0,0,0,0,0,""
"28-20-80-35",1,"Yes",0,0,,,7,5,6,5,30,0,0,,,20,0,1,2,4,3,0,0,0,""
"28-20-80-35",2,"Yes",0,0,,,7,5,6,6,20,0,0,,,2,0,1,2,3,4,0,0,0,""
"56-49-64-65",1,"Yes",0,0,,,5,1,5,6,28,0,0,,,5,0,1,0,2,0,0,0,0,""
"56-49-64-65",2,"Yes",0,0,,,5,1,5,8,10,0,0,,,5,0,1,0,0,0,0,0,0,""
"56-98-22-95",1,"Yes",0,0,,,5,3,7,12,25,7,5,7,1,6,0,1,0,0,0,0,0,0,""
"56-98-22-95",2,"Yes",0,0,,,5,4,7,6,10,7,5,6,3,8,0,1,2,3,0,0,0,0,""
"68-55-46-57",1,"Yes",7,0,6,5,7,0,6,5,15,0,0,,,15,0,1,2,0,0,0,0,0,""
"68-55-46-57",2,"Yes",7,0,6,5,7,0,6,5,8,0,0,,,0,0,0,0,0,0,0,0,1,"no livestock"
"42-72-39-66",1,"Yes",0,0,,,7,3,6,10,50,7,5,7,5,15,1,2,3,4,5,0,0,0,""
"92-09-40-22",1,"No",,,,,,,,,,,,,,,,,,,,,,,""
"92-09-40-22",2,"No",,,,,,,,,,,,,,,,,,,,,,,""
"95-71-61-75",1,"Yes",0,0,,,7,5,5,8,25,0,0,,,5,0,1,2,3,0,4,0,0,""
"95-71-61-75",2,"Yes",0,0,,,6,3,6,5,5,0,0,,,2,0,1,2,3,4,5,0,0,""
"78-85-83-34",1,"Yes",0,0,,,5,0,6,5,19,0,0,,,0,0,1,2,0,3,0,0,0,""
"78-85-83-34",2,"Yes",0,0,,,5,0,6,4,15,0,0,,,0,0,1,0,0,0,0,0,0,""
"88-65-02-29",1,"Yes",0,0,,,6,0,7,6,30,0,0,,,30,0,1,0,2,0,0,0,0,""
"88-65-02-29",2,"Yes",0,0,,,6,0,7,6,30,0,0,,,30,0,1,0,0,0,0,0,0,""
"04-34-31-80",1,"Yes",0,0,,,7,5,6,6,50,0,0,,,0,0,1,2,3,0,0,0,0,""
"04-34-31-80",2,"Yes",0,0,,,7,5,6,6,8,0,0,,,0,0,1,2,3,0,0,0,0,""
"91-55-85-33",1,"Yes",0,0,,,7,0,6,6,24,7,5,7,1,10,0,1,0,2,0,0,0,0,""
"40-53-56-12",2,"Yes",0,0,,,7,0,6,8,12,0,0,,,8,0,1,0,2,0,0,0,0,""
"27-46-53-11",1,"Yes",0,0,,,7,5,7,4,30,7,5,7,.5,4,2,1,3,4,0,0,0,0,""
"27-46-53-11",2,"Yes",0,0,,,6,3,7,6,8,7,5,7,1,4,2,1,3,4,0,0,0,0,""
"08-92-74-48",1,"Yes",0,0,,,7,5,7,11,40,0,0,,,20,0,1,3,2,4,0,0,0,""
"08-92-74-48",2,"Yes",0,0,,,7,5,7,11,30,0,0,,,20,0,1,2,3,4,0,0,0,""
"59-22-70-12",1,"Yes",6,2,5,12,6,2,5,12,10,7,5,7,1,10,0,1,2,3,4,0,0,0,""
"59-22-70-12",2,"Yes",6,2,5,12,5,2,5,12,25,0,0,,,25,0,1,2,3,0,0,0,0,""
"02-60-78-89",1,"Yes",7,0,6,8,3,2,5,4,10,0,0,,,0,3,2,1,4,0,0,0,0,""
"02-60-78-89",2,"No",,,,,,,,,,,,,,,,,,,,,,,""
"16-17-09-10",1,"Yes",6,0,5,5,6,0,5,4,35,7,5,0,,2,0,1,2,4,3,0,0,0,""
"16-17-09-10",2,"Yes",6,0,5,5,6,0,5,4,32,7,5,7,1,20,0,2,1,3,4,0,0,0,""
"04-43-83-44",1,"Yes",7,5,7,8,7,5,7,9,50,7,5,7,1,25,0,1,2,3,0,0,0,0,""
"04-43-83-44",2,"Yes",7,5,6,5,7,5,6,5,45,7,5,7,1,45,0,1,2,3,0,0,0,0,""
"35-46-63-78",1,"Yes",0,0,,,7,1,6,5,27,7,5,7,3,17,0,1,2,3,4,5,6,0,""
"35-46-63-78",2,"No",,,,,,,,,,,,,,,,,,,,,,,""
"78-47-97-25",1,"Yes",5,1,2,10,5,1,7,6,26,0,0,,,0,0,1,0,3,2,0,0,0,""
"78-47-97-25",2,"Yes",5,1,2,10,5,1,6,6,4,0,0,,,0,0,1,2,0,0,0,0,0,""
"19-28-85-33",1,"Yes",0,0,,,7,5,7,12,24,7,5,7,1,20,0,1,2,0,0,0,0,0,""
"19-28-85-33",2,"Yes",0,0,,,7,5,7,10,15,7,5,7,1,15,0,1,2,0,0,0,0,0,""
"37-69-53-39",1,"Yes",7,5,6,3,7,5,6,3,50,0,0,,,50,0,1,0,2,0,0,0,0,""
"37-69-53-39",2,"Yes",7,5,6,5,7,5,6,5,40,0,0,,,40,0,1,0,2,0,0,0,0,""
"34-87-20-64",2,"Yes",0,0,,,7,5,6,8,35,0,0,,,0,0,1,0,2,3,0,0,0,""
"36-80-61-02",1,"Yes",0,0,,,5,2,6,5,55,0,0,,,0,0,1,0,0,0,0,0,0,""
"20-42-84-32",1,"Yes",0,0,,,7,1,3,10,10,0,0,,,3,0,1,2,3,0,0,0,0,""
"80-28-03-90",2,"Yes",0,0,,,7,0,6,5,40,7,5,7,2,40,0,1,0,0,0,0,0,0,""
"80-28-03-90",4,"Yes",0,0,,,7,0,6,5,3,7,5,7,2,3,0,1,0,0,0,0,0,0,""
"80-28-03-90",5,"Yes",0,0,,,7,0,6,7,4,7,5,7,1,3,0,1,0,0,2,0,0,0,""
"76-65-87-56",1,"Yes",6,2,6,12,6,2,6,12,10,0,0,,,0,3,1,0,2,0,0,0,0,""
"76-65-87-56",2,"Yes",6,2,6,12,6,2,6,12,10,0,0,,,0,0,1,0,2,0,0,0,0,""
"32-43-86-95",1,"Yes",0,0,,,7,2,6,7,40,7,5,7,1,4,0,1,3,2,4,0,0,0,""
"32-43-86-95",2,"Yes",0,0,,,7,5,6,8,25,7,5,7,1,4,0,1,3,2,4,0,0,0,""
"88-70-65-41",1,"Yes",0,0,,,7,5,6,8,30,0,0,,,0,0,3,0,2,1,0,0,0,""
"88-70-65-41",2,"Yes",0,0,,,7,5,6,8,20,0,0,,,2,0,2,0,1,3,0,0,0,""
"76-49-57-67",1,"Yes",0,0,,,7,0,6,4,20,7,5,2,1,10,0,1,2,3,4,0,0,0,""
"76-49-57-67",2,"Yes",0,0,,,7,0,4,6,9,7,5,7,2,9,0,1,2,3,0,0,0,0,""
"76-49-57-67",3,"Yes",0,0,,,7,0,5,7,4,7,5,7,1,3,0,1,2,3,0,0,0,0,""
"79-79-17-52",3,"Yes",0,0,,,5,1,7,6,5,7,5,7,3,4,0,1,0,2,0,0,3,0,""
"53-44-93-49",1,"Yes",7,0,0,,7,0,5,3,10,0,0,,,15,0,1,2,0,0,0,0,0,""
"53-44-93-49",2,"Yes",0,0,,,7,0,5,4,8,0,0,,,5,0,2,1,0,0,0,0,0,""
"65-67-08-82",1,"Yes",0,0,,,7,5,3,6,10,7,5,7,.16,2,0,1,0,2,0,0,0,0,""
"65-67-08-82",2,"Yes",0,0,,,7,5,6,6,2,7,5,7,.16,2,0,1,0,2,0,0,0,0,""
"43-85-20-59",1,"Yes",0,0,,,7,1,4,5,4,0,0,,,0,0,1,0,2,0,0,0,0,""
"43-85-20-59",3,"No",,,,,,,,,,,,,,,,,,,,,,,""
"43-85-20-59",5,"Yes",0,0,,,6,1,7,5,10,0,0,,,0,0,1,0,2,0,0,0,0,""
"11-14-22-98",1,"Yes",0,0,,,5,1,6,8,18,5,5,7,0,1,0,1,2,0,0,0,0,0,""
"11-14-22-98",2,"Yes",0,0,,,5,1,6,7,10,5,5,7,0,1,0,1,2,0,0,0,0,0,""
"31-06-08-24",1,"Yes",5,1,7,12,0,0,,,40,7,5,7,2,3,2,1,3,4,0,0,0,0,""
"31-06-08-24",2,"Yes",5,5,7,12,7,5,7,10,50,7,5,7,.5,25,0,1,2,3,0,0,0,0,""
"01-43-23-45",1,"Yes",0,0,,,5,1,6,10,65,0,0,,,0,0,1,0,2,0,0,0,0,""
"01-43-23-45",2,"Yes",0,0,,,6,1,6,10,7,0,0,,,0,0,1,2,3,0,0,0,0,""
"01-43-23-45",3,"Yes",0,0,,,5,1,4,6,10,0,0,,,0,0,1,0,2,0,0,0,0,""
"45-46-82-37",2,"Yes",0,0,,,7,5,6,8,15,0,0,,,3,0,1,2,3,0,0,0,0,""
"11-87-22-26",2,"Yes",0,0,,,5,0,6,6,10,0,0,,,1,0,1,0,3,2,0,0,0,""
"13-55-89-83",1,"Yes",0,0,,,7,5,6,7,35,0,0,,,31,0,1,3,2,0,0,0,0,""
"13-55-89-83",2,"Yes",0,0,,,7,2,6,8,25,0,0,,,5,0,2,1,3,4,0,0,0,""
"34-71-86-92",1,"Yes",7,3,5,5,7,3,5,5,23,7,5,7,.5,5,5,1,3,2,4,0,0,0,""
"34-71-86-92",2,"Yes",7,3,5,5,7,3,5,5,32,7,5,0,,0,1,2,4,3,5,0,0,0,""
"59-34-02-76",1,"Yes",0,0,,,6,2,4,9,24,0,0,,,0,0,1,2,3,0,0,0,0,""
"59-34-02-76",2,"Yes",0,0,,,6,2,4,8,24,0,0,,,0,0,1,2,3,0,0,0,0,""
"59-34-02-76",3,"Yes",0,0,,,6,2,4,8,22,0,0,,,0,0,1,2,3,0,0,0,0,""
"59-34-02-76",11,"Yes",0,0,,,6,2,4,8,6,0,0,,,0,0,1,2,3,0,0,0,0,""
"94-38-09-90",1,"Yes",0,0,,,6,2,6,6,28,7,5,0,,5,0,1,2,0,0,0,0,0,""
"94-38-09-90",2,"Yes",0,0,,,6,2,6,6,22,7,5,7,1,5,0,1,0,0,0,0,0,0,""
"78-25-48-01",1,"Yes",0,0,,,7,2,7,12,10,7,5,7,.5,4,3,1,2,4,0,0,0,0,""
"46-93-32-00",1,"Yes",0,0,,,7,0,3,4,50,0,0,,,12,2,1,0,3,0,0,0,0,""
"46-93-32-00",2,"Yes",0,0,,,7,1,3,4,25,7,5,7,1,20,1,3,2,4,5,0,0,0,""
"46-93-32-00",3,"Yes",0,0,,,7,5,7,12,4,0,0,,,0,0,1,0,0,0,0,0,0,""
"12-39-85-61",1,"Yes",7,5,6,7,7,5,6,5,45,7,5,0,,10,2,1,0,0,0,0,0,0,""
"12-39-85-61",2,"Yes",7,5,6,5,7,5,6,5,32,7,5,7,1,10,0,1,2,3,0,0,0,0,""
"28-05-35-45",1,"Yes",5,0,6,4,5,0,6,4,45,0,0,,,2,0,2,3,0,1,0,0,0,""
"28-05-35-45",2,"Yes",5,0,6,4,5,0,6,4,40,0,0,,,4,0,1,2,0,3,0,0,0,""
"30-60-59-31",1,"Yes",0,0,,,5,5,7,10,20,7,5,7,1,2,0,1,4,2,3,0,0,0,""
"30-60-59-31",2,"Yes",0,0,,,7,5,7,8,20,7,5,0,,20,0,1,0,2,3,0,0,0,""
"47-75-15-04",1,"Yes",0,0,,,7,2,5,12,30,7,5,7,1,10,3,2,1,4,5,6,0,0,""
"47-75-15-04",2,"Yes",0,0,,,7,1,6,3,10,7,5,6,1,3,1,2,4,3,0,0,0,0,""
"35-42-89-22",1,"Yes",0,0,,,7,0,7,8,20,7,5,7,.5,6,3,1,2,4,0,0,0,0,""
"35-42-89-22",2,"Yes",0,0,,,6,1,5,4,12,7,5,7,1,4,3,1,4,2,0,0,0,0,""
"88-29-43-39",1,"Yes",0,0,,,7,0,0,,30,6,2,0,,0,0,1,2,3,0,0,0,0,""
"59-28-36-67",1,"Yes",7,2,6,6,7,3,6,6,25,0,0,,,8,0,1,3,2,0,0,0,0,""
"59-28-36-67",2,"Yes",7,2,6,5,7,3,6,5,20,0,0,,,8,0,1,3,2,0,0,0,0,""
"59-28-36-67",6,"Yes",7,2,6,5,7,2,6,5,3,0,0,,,0,0,1,0,2,0,0,0,0,""
"59-28-36-67",7,"Yes",7,2,7,6,7,2,6,7,5,0,0,,,0,0,1,0,0,0,0,0,0,""
"86-03-36-52",1,"Yes",0,0,,,5,2,5,8,30,0,0,,,0,0,1,0,0,0,0,0,0,""
"23-49-64-16",1,"Yes",6,2,6,8,6,2,6,8,24,7,5,7,1,24,0,1,0,2,0,0,0,0,""
"23-49-64-16",2,"Yes",6,2,6,8,6,2,6,8,15,7,5,7,1,15,0,1,0,2,0,0,0,0,""
"08-79-12-23",1,"Yes",5,0,6,6,5,0,6,6,31,5,5,7,2,7,0,1,2,0,3,0,0,0,""
"08-79-12-23",2,"Yes",5,0,6,5,5,0,6,5,20,5,5,7,2,5,0,2,0,3,1,0,0,0,""
"26-41-89-58",1,"Yes",6,2,6,8,6,2,6,8,50,7,5,7,1,50,0,1,0,2,0,0,0,0,""
"26-41-89-58",2,"Yes",6,2,6,8,6,2,6,8,45,7,5,7,1,45,0,1,0,2,0,0,0,0,""
"68-77-96-37",1,"Yes",5,0,6,8,5,0,6,8,26,0,0,,,0,0,1,2,3,4,0,0,0,""
"68-77-96-37",2,"Yes",5,0,4,5,5,0,4,5,3,0,0,,,0,0,1,0,0,2,0,0,0,""
"52-83-38-94",1,"Yes",5,3,5,6,5,3,5,6,23,0,0,,,0,2,1,5,4,3,0,0,0,""
"52-83-38-94",2,"Yes",6,2,6,8,5,2,6,6,16,0,0,,,0,0,1,2,0,0,0,0,0,""
"67-08-14-84",1,"Yes",0,0,,,7,1,6,5,60,0,0,,,0,0,1,0,2,0,0,0,0,""
"67-08-14-84",2,"Yes",0,0,,,7,1,6,5,35,0,0,,,0,0,1,0,2,0,0,0,0,""
"67-08-14-84",3,"Yes",0,0,,,7,1,6,5,28,0,0,,,0,0,1,0,0,0,0,0,0,""
"43-44-83-36",1,"Yes",0,0,,,5,0,6,9,15,0,0,,,0,0,1,0,2,3,0,0,0,""
"97-03-37-68",1,"Yes",5,0,5,7,5,0,5,7,40,5,5,7,3,10,0,1,0,0,2,0,0,0,""
"26-04-46-11",1,"Yes",6,3,6,12,6,3,6,12,30,0,0,,,0,0,1,2,3,0,0,0,0,""
"26-04-46-11",2,"Yes",6,3,6,12,6,3,6,12,35,0,0,,,0,0,1,2,3,0,0,0,0,""
"64-89-33-44",1,"Yes",0,0,,,5,1,7,9,30,7,5,7,7,20,1,2,0,0,3,0,0,0,""
"64-89-33-44",2,"No",,,,,,,,,,,,,,,,,,,,,,,""
"09-37-28-22",1,"Yes",0,0,,,7,0,5,12,10,7,5,7,1,6,4,1,2,3,0,0,0,0,""
"09-37-28-22",2,"Yes",0,0,,,7,2,5,3,10,7,5,7,1,2,0,1,2,3,0,0,0,0,""
"11-87-63-69",1,"Yes",0,0,,,7,1,7,12,38,7,5,7,1,38,0,1,0,2,0,0,0,0,""
"11-87-63-69",2,"Yes",0,0,,,7,1,7,3,15,7,5,7,1,3,0,1,2,3,0,0,0,0,""
"11-87-63-69",3,"Yes",0,0,,,7,2,7,5,6,0,0,,,0,0,1,0,0,0,0,0,0,""
"21-48-73-26",1,"Yes",6,2,3,6,6,2,3,6,35,7,5,0,,3,0,1,3,2,4,0,0,0,""
"21-48-73-26",2,"Yes",6,2,5,7,6,2,5,7,35,7,5,7,.5,3,0,1,0,2,3,0,0,0,""
"21-48-73-26",7,"Yes",6,2,6,8,6,2,6,8,6,0,0,,,3,0,1,0,2,3,0,0,0,""
"21-48-73-26",9,"Yes",6,2,2,4,6,2,2,4,50,0,0,,,5,0,1,0,2,0,0,0,0,""
"95-62-47-68",1,"Yes",6,3,6,12,6,3,6,12,23,7,5,6,10,23,0,1,2,3,4,0,0,0,""
"95-62-47-68",2,"Yes",6,3,6,12,6,3,6,12,2,0,0,,,0,0,1,2,3,4,0,0,0,""
"95-62-47-68",6,"Yes",6,3,6,12,6,3,6,12,25,0,0,,,0,0,1,2,3,0,0,0,0,""
"95-62-47-68",7,"Yes",6,3,6,12,6,3,6,12,5,0,0,,,0,0,1,2,3,0,0,0,0,""
"95-62-47-68",10,"Yes",0,0,,,0,0,,,3,7,5,7,10,5,0,1,3,2,0,0,0,0,""
"22-57-11-64",1,"Yes",0,0,,,7,1,4,12,10,7,5,7,1,3,3,1,2,0,0,0,0,0,""
"16-16-37-56",1,"Yes",0,0,,,7,5,6,12,28,7,5,7,3,15,1,2,3,4,0,0,0,0,""
"16-16-37-56",2,"Yes",0,0,,,7,5,6,12,20,7,5,7,1,23,1,2,3,0,0,0,0,0,""
"90-41-66-63",1,"Yes",0,0,,,5,2,2,3,60,7,5,7,1,40,0,1,0,2,0,0,0,0,""
"90-41-66-63",2,"Yes",0,0,,,5,2,3,4,50,7,5,7,1,40,0,1,0,0,0,0,0,0,""
"90-41-66-63",3,"Yes",0,0,,,5,1,4,10,4,0,0,,,0,0,1,0,2,0,0,0,0,""
"90-41-66-63",4,"Yes",0,0,,,5,1,4,7,25,0,0,,,0,0,1,0,0,0,0,0,0,""
"90-41-66-63",5,"Yes",0,0,,,5,1,5,8,3,0,0,,,0,0,1,0,0,0,0,0,0,""
"86-61-37-71",1,"Yes",7,2,6,8,7,2,6,8,30,0,5,7,1,30,0,1,0,0,0,0,0,0,""
"86-61-37-71",2,"Yes",7,2,6,8,7,2,6,8,25,0,5,7,1,20,0,1,0,0,0,0,0,0,""
"86-61-37-71",3,"Yes",7,5,6,8,7,5,6,8,2,0,5,7,1,2,0,1,0,0,0,0,0,0,""
"51-98-81-10",1,"Yes",7,2,5,8,7,2,5,8,25,7,5,7,1,25,1,0,2,0,0,0,0,0,""
"51-98-81-10",2,"Yes",7,2,5,8,7,2,5,8,20,7,5,7,2,20,1,2,0,0,3,0,0,0,""
"86-70-80-56",1,"Yes",7,2,6,10,6,2,6,10,50,0,0,,,40,0,1,0,2,0,0,0,0,""
"61-70-60-57",1,"Yes",0,0,,,5,1,5,10,20,0,0,,,0,0,1,3,2,0,0,0,0,""
"61-70-60-57",2,"Yes",0,0,,,5,1,5,8,3,0,0,,,0,0,1,2,0,0,0,0,0,""
"28-51-95-56",2,"Yes",0,0,,,7,5,6,5,35,0,0,,,3,0,2,0,1,3,0,0,0,""
"51-09-05-08",1,"Yes",0,0,,,6,1,6,3,41,7,5,7,.5,8,0,1,0,2,0,0,0,0,""
"51-09-05-08",2,"Yes",0,0,,,6,3,6,8,32,7,5,7,.5,8,0,1,0,2,0,0,0,0,""
"35-94-61-77",1,"Yes",0,0,,,6,1,6,7,35,0,0,,,30,0,1,0,2,0,0,0,0,""
"35-94-61-77",2,"Yes",0,0,,,6,1,6,7,20,0,0,,,10,3,1,0,2,0,0,0,0,""
"36-72-98-05",1,"Yes",5,0,7,8,5,0,7,8,10,5,5,7,2,3,0,2,3,0,1,0,0,0,""
"36-72-98-05",2,"No",,,,,,,,,,,,,,,,,,,,,,,""
"40-64-72-16",1,"Yes",6,3,6,12,6,3,6,12,20,0,0,,,0,4,2,1,3,0,0,0,0,""
"40-64-72-16",2,"Yes",6,3,6,12,6,3,6,12,19,0,0,,,0,0,1,2,3,0,0,0,0,""
"98-62-02-19",1,"Yes",7,2,6,6,7,2,6,6,30,0,0,,,30,0,1,0,3,2,0,0,0,""
"98-62-02-19",2,"Yes",7,2,6,4,7,2,6,4,25,0,0,,,25,0,1,0,3,2,0,0,0,""
"23-24-36-18",1,"Yes",0,0,,,5,0,3,6,16,0,0,,,0,0,1,2,0,3,0,0,0,""
"23-24-36-18",2,"Yes",0,0,,,5,0,5,6,20,0,0,,,6,0,2,3,0,1,0,0,0,""
"88-50-89-00",1,"Yes",0,0,,,7,5,6,5,38,0,0,,,12,0,3,2,1,0,0,0,0,""
"88-50-89-00",2,"Yes",0,0,,,7,5,6,5,30,0,0,,,5,0,1,2,3,0,0,0,0,""
"25-45-17-13",1,"Yes",0,0,,,7,5,6,6,12,0,0,,,25,0,1,3,2,4,0,0,0,""
"25-45-17-13",2,"Yes",0,0,,,7,5,6,8,31,0,0,,,5,0,2,1,3,4,0,0,0,""
"83-60-66-04",1,"Yes",0,0,,,7,5,6,3,50,7,5,7,5,30,0,1,0,2,0,0,0,0,""
"83-60-66-04",2,"Yes",0,0,,,7,5,6,3,40,7,5,7,1,40,0,1,0,2,0,0,0,0,""
"20-14-81-13",1,"Yes",5,0,6,10,5,0,6,10,25,0,0,,,0,0,1,2,3,0,0,0,0,""
"20-14-81-13",2,"Yes",0,0,,,5,0,6,7,10,0,0,,,0,0,1,0,0,0,0,0,0,""
"97-46-80-41",1,"Yes",7,2,6,9,7,2,6,9,25,7,5,7,.5,25,0,1,0,2,3,0,0,0,""
"97-46-80-41",2,"Yes",7,2,6,9,7,2,6,9,20,7,5,7,.5,20,0,1,0,2,3,0,0,0,""
"65-11-27-59",1,"Yes",7,5,5,10,7,5,5,10,10,7,5,7,1,6,0,4,3,2,1,0,0,0,""
"65-11-27-59",2,"Yes",7,5,5,10,7,5,5,10,10,7,5,7,1,3,0,1,2,3,4,0,0,0,""
"88-74-63-20",1,"Yes",0,0,,,5,0,6,9,25,0,0,,,5,0,1,2,3,0,0,0,0,""
"88-74-63-20",2,"Yes",0,0,,,5,0,6,9,8,0,0,,,5,0,1,0,0,0,0,0,0,""
"88-74-63-20",3,"Yes",0,0,,,5,0,6,8,5,0,0,,,0,0,1,2,0,0,0,0,0,""
"88-74-63-20",4,"Yes",0,0,,,5,0,6,7,8,0,0,,,0,0,1,2,0,0,0,0,0,""
"74-15-98-92",1,"Yes",0,0,,,5,0,6,9,25,5,5,7,0,1,0,1,0,0,0,0,0,0,""
"74-15-98-92",2,"Yes",0,0,,,5,0,6,7,35,5,5,6,0,1,0,1,2,0,0,0,0,0,""
"53-98-64-81",1,"Yes",0,0,,,7,5,7,12,30,0,0,,,5,0,4,3,2,1,0,0,0,""
"53-98-64-81",2,"No",,,,,,,,,,,,,,,,,,,,,,,""
"79-94-33-31",1,"Yes",7,5,6,10,7,5,6,10,25,7,5,7,12,4,0,1,2,0,3,0,0,0,""
"44-47-90-17",1,"Yes",0,0,,,5,0,5,4,50,0,0,,,10,0,1,0,2,0,0,0,0,""
"44-47-90-17",2,"Yes",0,0,,,5,0,5,4,40,0,0,,,10,0,1,0,0,0,0,0,0,""
"29-83-03-47",1,"Yes",0,0,,,7,5,6,5,18,0,0,,,0,0,1,2,3,0,0,0,0,""
"29-83-03-47",2,"Yes",0,0,,,7,2,6,7,25,0,0,,,0,0,1,2,3,0,0,0,0,""
"50-57-96-51",1,"Yes",0,0,,,5,0,6,4,50,5,5,3,2,20,0,1,0,2,0,0,0,0,""
"50-57-96-51",2,"Yes",0,0,,,5,0,5,4,35,5,5,7,3,15,0,1,0,0,2,0,0,0,""
"55-37-25-70",1,"Yes",0,0,,,7,5,4,10,20,0,0,,,8,0,1,2,3,4,0,0,0,""
"55-37-25-70",2,"Yes",0,0,,,5,2,4,10,20,0,0,,,3,0,1,2,3,4,0,0,0,""
"71-34-06-10",1,"Yes",5,0,6,8,5,0,6,8,41,0,0,,,3,0,2,0,1,3,0,0,0,""
"71-34-06-10",2,"Yes",5,0,6,8,5,0,6,8,30,0,0,,,0,0,1,0,3,2,0,0,0,""
"71-34-06-10",3,"Yes",5,0,6,8,5,0,6,8,4,0,0,,,0,0,2,0,0,1,0,0,0,""
"19-06-46-71",1,"Yes",0,0,,,7,5,6,8,25,0,0,,,1,0,1,2,3,0,0,0,0,""
"01-06-26-91",1,"Yes",6,2,6,9,6,2,6,9,23,0,0,,,0,1,2,3,4,5,0,0,0,""
"01-06-26-91",2,"Yes",6,2,6,4,6,2,6,4,10,7,5,7,.5,10,1,2,3,4,0,0,0,0,""
"01-06-26-91",3,"Yes",6,2,6,9,6,2,6,9,3,7,5,7,.5,5,0,1,3,2,0,0,0,0,""
"58-64-10-38",1,"Yes",7,2,5,9,7,2,5,9,15,0,3,7,1,1,0,1,0,0,0,0,0,0,""
"58-64-10-38",2,"Yes",7,2,5,5,7,2,5,5,8,0,3,7,1,1,0,1,0,0,0,0,0,0,""
"13-95-57-54",1,"Yes",0,0,,,7,5,6,8,30,0,0,,,7,0,1,0,2,0,0,0,0,""
"47-67-62-28",1,"Yes",0,0,,,5,2,6,10,55,0,0,,,0,0,1,2,3,0,0,0,0,""
"47-67-62-28",2,"Yes",0,0,,,5,2,6,10,50,0,0,,,0,0,1,2,3,0,0,0,0,""
"96-80-22-06",1,"Yes",7,5,6,8,7,5,3,12,30,7,5,7,1,30,4,1,2,3,0,0,0,0,""
"96-80-22-06",2,"Yes",7,5,6,5,7,5,6,8,10,7,5,7,1,10,4,1,3,2,0,0,0,0,""
"11-11-66-21",1,"Yes",6,3,6,12,6,3,6,12,30,0,0,,,25,4,1,2,3,0,0,0,0,""
"11-11-66-21",2,"Yes",6,3,6,12,6,3,6,12,20,7,5,7,.5,20,0,1,2,3,0,0,0,0,""
"11-11-66-21",3,"Yes",6,3,6,12,6,3,6,12,5,7,5,7,.5,6,0,1,2,3,0,0,0,0,""
"62-90-81-91",2,"No",,,,,,,,,,,,,,,,,,,,,,,""
"61-58-38-15",1,"Yes",0,0,,,5,1,6,7,10,0,0,,,0,0,1,0,0,0,0,0,0,""
"61-58-38-15",2,"Yes",0,0,,,5,0,5,6,5,0,0,,,0,0,1,0,0,0,0,0,0,""
"53-26-53-30",1,"Yes",0,0,,,7,1,3,8,40,0,0,,,0,0,1,2,3,0,0,0,0,""
"53-26-53-30",2,"Yes",0,0,,,7,2,6,8,10,0,0,,,0,0,1,0,0,0,0,0,0,""
"52-64-71-85",1,"Yes",0,0,,,6,1,5,9,6,0,0,,,0,0,1,2,3,0,0,0,0,""
"52-64-71-85",2,"Yes",0,0,,,6,1,5,8,33,0,0,,,0,0,1,2,3,0,0,0,0,""
"20-65-75-92",1,"Yes",6,2,6,12,6,2,6,12,23,7,5,7,.5,23,0,1,2,3,0,0,0,0,""
"12-80-86-60",1,"Yes",0,0,,,5,0,5,4,4,0,0,,,0,0,1,3,2,0,0,0,0,""
"79-49-70-48",1,"Yes",0,0,,,5,1,5,4,10,5,5,7,0,12,0,1,2,0,0,0,0,0,""
"79-49-70-48",2,"Yes",0,0,,,5,1,5,4,8,5,5,7,0,8,0,1,0,0,0,0,0,0,""
"17-50-60-85",1,"Yes",0,0,,,7,5,6,6,25,0,0,,,10,0,1,4,3,2,0,0,0,""
"17-50-60-85",2,"Yes",0,0,,,7,5,6,6,30,0,0,,,10,0,1,2,4,3,0,0,0,""
"69-60-70-64",1,"Yes",0,0,,,5,0,6,8,20,0,0,,,0,0,1,2,3,0,0,0,0,""
"69-60-70-64",2,"Yes",0,0,,,5,0,6,8,10,0,0,,,0,0,1,0,2,0,0,0,0,""
"50-18-09-61",1,"Yes",0,0,,,5,1,6,8,25,5,5,7,0,5,0,1,2,0,0,0,0,0,""
"50-18-09-61",2,"Yes",0,0,,,5,1,6,7,15,5,5,7,0,5,0,1,2,0,0,0,0,0,""
"92-88-71-89",1,"Yes",6,2,6,12,6,2,6,12,5,0,0,,,3,0,1,0,2,3,0,0,0,""
"92-88-71-89",2,"Yes",6,2,6,12,6,2,6,12,40,0,0,,,40,0,1,0,2,0,0,0,0,""
"92-88-71-89",3,"Yes",6,2,6,12,6,2,6,12,25,0,0,,,25,0,1,0,2,0,0,0,0,""
"92-88-71-89",6,"Yes",6,2,6,8,6,2,6,8,4,0,0,,,0,0,1,0,2,0,0,0,0,""
"92-88-71-89",8,"Yes",0,0,,,0,0,,,0,7,5,7,10,4,0,1,0,2,0,0,0,0,""
"92-88-71-89",9,"Yes",6,2,6,8,6,2,0,,2,0,0,,,0,0,1,0,2,0,0,0,0,""
"63-56-49-05",1,"Yes",0,0,,,5,0,2,1,40,0,0,,,20,0,1,0,2,0,0,0,0,""
"35-15-30-36",1,"Yes",0,0,,,5,0,6,6,30,5,5,4,1,15,0,1,4,2,3,0,0,0,""
"35-15-30-36",2,"Yes",0,0,,,5,0,6,5,35,5,5,7,3,10,0,1,2,0,0,0,0,0,""
"35-15-30-36",3,"Yes",0,0,,,5,0,6,5,7,5,5,7,1,3,0,2,0,0,1,0,0,0,""
"60-45-66-66",1,"Yes",0,0,,,7,5,4,8,13,0,0,,,5,0,1,2,3,4,0,0,0,""
"60-45-66-66",2,"Yes",0,0,,,7,5,4,8,10,0,0,,,5,0,1,2,3,4,0,0,0,""
"27-04-54-49",1,"Yes",0,0,,,7,5,6,7,19,0,0,,,10,0,3,0,1,2,0,0,0,""
"27-04-54-49",2,"Yes",0,0,,,7,0,5,5,8,0,0,,,0,0,1,0,2,3,0,0,0,""
"74-33-74-42",1,"Yes",6,2,6,9,6,2,6,9,35,7,5,0,,35,0,1,2,3,4,0,0,0,""
"74-33-74-42",2,"Yes",6,2,6,9,6,2,6,9,30,7,5,0,,30,0,1,2,3,0,0,0,0,""
"74-33-74-42",3,"Yes",6,2,5,9,6,2,5,9,3,7,5,1,9,3,0,1,2,3,0,0,0,0,""
"74-33-74-42",6,"Yes",6,2,3,9,6,2,3,9,5,7,5,3,10,5,0,1,2,3,0,0,0,0,""
"62-89-56-95",1,"Yes",0,0,,,7,3,5,10,40,7,5,0,,5,0,1,2,3,0,0,0,0,""
"62-89-56-95",2,"Yes",0,0,,,7,3,2,10,20,7,5,7,.5,5,0,1,3,2,4,0,0,0,""
"22-97-51-26",1,"Yes",0,0,,,5,0,6,5,5,5,5,7,0,6,0,1,2,3,0,0,0,0,""
"22-97-51-26",2,"Yes",0,0,,,5,0,6,5,2,5,5,7,0,2,0,1,0,0,0,0,0,0,""
"12-39-62-46",1,"Yes",0,0,,,6,2,6,8,25,7,5,7,1,20,1,2,3,4,0,0,0,0,""
"12-39-62-46",2,"Yes",0,0,,,6,2,6,7,15,7,5,7,1,2,4,1,2,3,0,0,0,0,""
"49-65-69-49",1,"Yes",0,0,,,7,5,6,7,14,0,0,,,0,0,1,0,0,0,0,0,0,""
"15-16-01-28",1,"Yes",5,0,6,6,5,0,6,6,10,5,5,3,1,2,0,1,3,2,4,0,0,0,""
"15-16-01-28",2,"Yes",5,0,3,4,5,0,3,4,10,5,5,2,1,1,0,1,3,2,4,0,0,0,""
"12-72-22-77",1,"Yes",0,0,,,7,5,5,8,10,0,0,,,1,0,1,2,3,0,0,0,0,""
"08-25-51-14",1,"Yes",0,0,,,7,0,4,5,8,7,5,0,,8,0,1,2,3,0,0,0,0,""
"08-25-51-14",2,"Yes",0,0,,,7,0,5,6,8,7,5,7,1,8,0,1,2,0,0,0,0,0,""
"32-65-79-67",1,"Yes",6,2,2,10,6,2,2,10,6,7,5,7,1,5,2,1,4,5,3,0,0,0,""
"19-38-65-61",1,"Yes",0,0,,,7,5,6,8,8,0,0,,,6,0,1,2,3,4,0,0,0,""
"19-38-65-61",2,"Yes",0,0,,,7,5,6,8,28,0,0,,,10,0,1,3,2,0,0,0,0,""
"17-45-14-15",1,"Yes",0,0,,,5,1,3,3,40,5,5,7,1,7,0,1,0,0,0,0,0,0,""
"44-89-53-23",1,"No",,,,,,,,,,,,,,,,,,,,,,,""
"44-89-53-23",2,"Yes",7,3,5,4,7,3,5,4,30,0,0,,,0,4,1,2,3,0,0,0,0,""
"18-93-14-98",1,"Yes",7,5,7,6,7,5,7,6,30,7,5,7,1,10,4,2,1,3,5,0,0,0,""
"18-93-14-98",2,"Yes",0,0,,,7,1,6,9,30,7,5,7,1,10,4,1,2,3,0,0,0,0,""
"18-93-14-98",3,"No",,,,,,,,,,,,,,,,,,,,,,,""
"55-94-46-33",1,"Yes",7,0,6,11,7,0,6,11,30,0,0,,,15,0,1,2,0,0,0,0,0,""
"55-94-46-33",2,"Yes",7,0,2,3,7,0,2,3,25,0,0,,,15,0,1,2,0,0,0,0,0,""
"34-96-75-45",1,"Yes",7,0,6,11,7,0,6,11,25,7,5,7,3,25,0,1,2,3,4,0,0,0,""
"34-96-75-45",2,"Yes",7,0,6,8,7,0,6,8,25,7,5,7,2,25,0,1,2,3,4,0,0,0,""
"34-96-75-45",3,"Yes",7,0,6,11,7,0,6,11,5,0,0,,,0,0,1,0,0,2,0,0,0,""
"81-41-37-07",1,"Yes",0,0,,,7,2,6,8,30,0,0,,,2,0,1,2,3,4,0,0,0,""
"81-41-37-07",2,"Yes",0,0,,,7,5,6,8,20,0,0,,,8,0,2,3,1,0,0,0,0,""
"81-12-37-94",1,"Yes",0,0,,,6,2,6,6,50,7,5,7,0,50,0,1,0,0,0,0,0,0,""
"90-10-67-97",4,"Yes",0,0,,,7,5,6,8,5,0,0,,,0,0,1,2,3,4,0,0,0,""
"42-77-91-16",1,"Yes",0,0,,,7,0,6,8,40,7,5,7,2,40,0,1,0,0,0,0,0,0,""
"42-77-91-16",2,"Yes",0,0,,,7,0,6,8,9,7,5,3,1,9,1,2,0,0,3,0,0,0,""
"39-99-71-22",1,"Yes",0,0,,,7,1,7,6,25,7,5,7,1,10,4,1,2,3,0,0,0,0,""
"39-99-71-22",2,"Yes",7,1,4,3,0,0,,,25,0,0,,,0,3,1,2,4,5,0,0,0,""
"63-27-82-21",1,"Yes",7,3,6,8,7,3,6,8,15,7,5,7,1,10,0,1,2,0,0,0,0,0,""
"63-27-82-21",2,"Yes",7,3,6,8,7,5,6,8,15,7,5,7,1,9,0,1,2,0,0,0,0,0,""
"12-57-09-17",1,"Yes",0,0,,,5,0,6,8,30,0,0,,,4,0,1,3,2,0,0,0,0,""
"48-80-14-71",1,"Yes",6,2,6,7,6,2,6,7,15,0,0,,,0,4,1,2,3,5,0,0,0,""
"20-35-04-67",1,"Yes",0,0,,,5,0,6,7,8,0,0,,,0,0,1,3,2,0,0,0,0,""
"66-80-39-89",1,"Yes",6,1,6,7,6,1,6,7,25,7,5,7,.5,0,3,1,2,4,0,0,0,0,""
"66-80-39-89",2,"Yes",6,1,6,7,6,1,6,7,23,7,5,7,.5,23,4,1,2,3,0,0,0,0,""
"66-80-39-89",3,"No",,,,,,,,,,,,,,,,,,,,,,,""
"65-65-92-08",1,"Yes",0,0,,,6,2,6,7,35,7,5,0,,20,0,1,3,4,2,0,0,0,""
"65-65-92-08",2,"Yes",0,0,,,6,2,6,7,20,7,5,7,1,20,0,1,2,3,0,0,0,0,""
"65-65-92-08",4,"Yes",0,0,,,6,2,6,7,2,0,0,,,0,0,1,0,0,0,0,0,0,""
"28-72-09-15",1,"Yes",5,0,6,1,5,0,6,1,40,5,5,6,1,20,0,1,2,0,3,0,0,0,""
"28-72-09-15",2,"Yes",5,0,6,2,5,0,6,2,25,5,5,7,2,6,0,1,0,0,2,0,0,0,""
"28-72-09-15",3,"Yes",5,0,6,5,5,0,6,5,20,5,5,7,1,7,0,1,0,0,0,0,0,0,""
"28-72-09-15",4,"Yes",5,0,6,6,5,0,6,6,16,5,5,4,3,10,0,1,0,2,0,0,0,0,""
"28-72-09-15",5,"Yes",5,0,6,6,5,0,6,6,2,5,5,5,2,2,0,1,0,3,2,0,0,0,""
"28-72-09-15",13,"Yes",5,0,5,5,5,0,5,5,10,5,5,2,1,4,0,1,0,0,2,0,0,0,""
"93-50-38-85",1,"Yes",0,0,,,7,1,6,7,40,7,5,7,1,40,0,1,0,2,0,0,0,0,""
"93-50-38-85",2,"Yes",7,1,6,8,6,2,6,8,10,7,5,7,1,10,1,2,0,3,4,0,0,0,""
"93-50-38-85",3,"Yes",7,1,6,12,7,5,6,5,12,0,0,,,0,0,1,0,0,0,0,0,0,""
"54-94-37-06",2,"No",,,,,,,,,,,,,,,,,,,,,,,""
"18-40-54-13",1,"Yes",0,0,,,5,0,6,5,6,0,0,,,0,0,1,3,0,2,0,0,0,""
"18-40-54-13",2,"Yes",0,0,,,5,0,6,5,10,0,0,,,2,0,1,2,0,3,0,0,0,""
"86-74-30-03",1,"Yes",0,0,,,7,5,6,6,20,0,0,,,0,5,2,1,3,4,0,0,0,""
"86-74-30-03",2,"Yes",0,0,,,7,1,7,6,25,0,0,,,0,3,1,2,4,0,5,0,0,""
"42-16-79-97",1,"Yes",7,5,6,6,7,5,6,6,30,0,0,,,20,0,1,0,0,0,0,0,0,""
"40-03-97-68",1,"Yes",7,0,6,12,7,2,6,8,3,0,0,,,0,2,1,0,0,0,0,0,0,""
"40-03-97-68",2,"Yes",0,0,,,7,1,7,12,4,0,0,,,0,2,1,0,4,3,0,0,0,""
"29-78-34-46",1,"Yes",6,2,6,6,6,2,6,6,40,7,5,7,0,10,0,1,2,3,0,0,0,0,""
"80-80-63-46",1,"Yes",0,0,,,7,1,6,8,17,0,0,,,0,4,1,2,3,0,0,0,0,""
"80-80-63-46",2,"Yes",0,0,,,7,1,6,8,17,7,5,7,1,17,3,1,2,0,0,0,0,0,""
"82-00-06-77",1,"Yes",7,0,6,8,7,0,6,8,7,0,0,,,5,0,1,0,0,0,0,0,0,""
"82-00-06-77",2,"Yes",7,0,6,5,7,0,6,5,6,0,0,,,6,0,1,0,0,0,0,0,0,""
"39-18-34-69",1,"Yes",0,0,,,6,2,7,5,5,0,0,,,0,3,1,2,0,0,0,0,0,""
"39-18-34-69",2,"Yes",0,0,,,6,2,6,5,3,7,5,7,1,3,1,3,2,4,0,0,0,0,""
"06-74-60-98",1,"Yes",0,0,,,7,0,3,12,10,0,0,,,0,4,1,2,3,5,0,0,0,""
"06-74-60-98",2,"Yes",0,0,,,7,0,3,8,5,7,5,7,1,5,0,1,2,3,4,0,0,0,""
"96-59-50-58",1,"Yes",5,3,6,8,5,3,6,8,28,7,5,0,,6,0,1,3,2,0,0,0,0,""
"96-59-50-58",2,"Yes",5,3,6,8,5,3,6,8,22,7,5,7,.5,6,0,1,3,2,0,0,0,0,""
"31-14-26-53",1,"Yes",0,0,,,5,3,6,6,19,0,0,,,0,0,1,2,3,0,0,0,0,""
"96-00-21-83",1,"Yes",0,0,,,7,5,6,12,28,0,0,,,8,0,2,4,1,3,0,0,0,""
