interview__key,r_members__id,migrant_ind,migrant_current,migrant_past,migr_itt,migr_desti,migr_desti_oth,migrant_year_first,migrant_year_recent,migrant_months_no,migrant_visit,remit_amt,remit_receiver
"62-34-36-23",1,"No",,"No","No intention to migrate",,"",,,,,,
"62-34-36-23",2,"No",,"No","No intention to migrate",,"",,,,,,
"62-34-36-23",3,"No",,"No","No intention to migrate",,"",,,,,,
"54-21-12-64",1,"No",,"No","No intention to migrate",,"",,,,,,
"54-21-12-64",2,"No",,"No","No intention to migrate",,"",,,,,,
"54-21-12-64",3,"No",,"No","No intention to migrate",,"",,,,,,
"56-96-68-33",1,"No",,"No","Yes permanently migrate","Village in region","",,,,,,
"56-96-68-33",2,"No",,"No","Yes permanently migrate","Village in region","",,,,,,
"56-96-68-33",3,"No",,"No","No intention to migrate",,"",,,,,,
"56-96-68-33",4,"Yes","No","No",,,"",2017,2017,,,,
"56-96-68-33",5,"No",,"No","Yes permanently migrate","Village in region","",,,,,,
"56-96-68-33",6,"No",,"No","Yes permanently migrate","Village in region","",,,,,,
"77-02-55-05",1,"No",,"No","Yes temporarily migrate","Town outside region","",,,,,,
"77-02-55-05",2,"No",,"Yes","No intention to migrate",,"",2007,2023,,,,
"77-02-55-05",3,"No",,"No","Yes temporarily migrate","Outside the country","",,,,,,
"14-81-15-88",1,"Yes","No","No",,,"",2023,2023,,,,
"14-81-15-88",2,"No",,"No","No intention to migrate",,"",,,,,,
"96-74-08-90",1,"No",,"No","No intention to migrate",,"",,,,,,
"96-74-08-90",2,"No",,"No","No intention to migrate",,"",,,,,,
"96-74-08-90",3,"No",,"No","No intention to migrate",,"",,,,,,
"96-74-08-90",4,"No",,"No","No intention to migrate",,"",,,,,,
"96-06-73-25",1,"No",,"No","No intention to migrate",,"",,,,,,
"96-06-73-25",2,"No",,"No","No intention to migrate",,"",,,,,,
"96-06-73-25",3,"No",,"No","No intention to migrate",,"",,,,,,
"96-06-73-25",8,"No",,"No","No intention to migrate",,"",,,,,,
"74-47-72-19",1,"No",,"No","No intention to migrate",,"",,,,,,
"74-47-72-19",2,"No",,"No","No intention to migrate",,"",,,,,,
"74-47-72-19",3,"No",,"No","No intention to migrate",,"",,,,,,
"74-47-72-19",4,"No",,"No","No intention to migrate",,"",,,,,,
"74-47-72-19",7,"No",,"No","Don’t know",,"",,,,,,
"74-26-40-66",1,"No",,"No","No intention to migrate",,"",,,,,,
"74-26-40-66",2,"No",,"No","No intention to migrate",,"",,,,,,
"74-26-40-66",3,"No",,"No","No intention to migrate",,"",,,,,,
"14-99-63-02",1,"No",,"No","No intention to migrate",,"",,,,,,
"14-99-63-02",2,"No",,"No","No intention to migrate",,"",,,,,,
"14-99-63-02",3,"No",,"No","Yes temporarily migrate","Town outside region","",,,,,,
"14-99-63-02",4,"No",,"No","No intention to migrate",,"",,,,,,
"19-21-27-06",1,"No",,"No","No intention to migrate",,"",,,,,,
"19-21-27-06",2,"No",,"No","No intention to migrate",,"",,,,,,
"37-56-42-12",1,"No",,"No","No intention to migrate",,"",,,,,,
"37-56-42-12",2,"No",,"No","No intention to migrate",,"",,,,,,
"16-65-20-98",1,"No",,"No","No intention to migrate",,"",,,,,,
"16-65-20-98",2,"No",,"No","No intention to migrate",,"",,,,,,
"16-65-20-98",3,"No",,"No","No intention to migrate",,"",,,,,,
"16-65-20-98",4,"No",,"No","No intention to migrate",,"",,,,,,
"16-65-20-98",5,"No",,"No","No intention to migrate",,"",,,,,,
"16-65-20-98",6,"No",,"No","No intention to migrate",,"",,,,,,
"09-74-03-14",1,"No",,"No","No intention to migrate",,"",,,,,,
"39-03-54-61",1,"Yes","Yes","Yes",,,"",2022,2022,8,4,500,"Spouse"
"39-03-54-61",2,"No",,"No","No intention to migrate",,"",,,,,,
"39-03-54-61",3,"No",,"No","No intention to migrate",,"",,,,,,
"86-35-86-55",1,"No",,"No","Don’t know",,"",,,,,,
"86-35-86-55",2,"No",,"No","Don’t know",,"",,,,,,
"86-35-86-55",3,"No",,"No","Don’t know",,"",,,,,,
"88-11-61-94",1,"No",,"Yes","Yes temporarily migrate","Town in region","",2021,2021,,,,
"88-11-61-94",2,"No",,"No","No intention to migrate",,"",,,,,,
"88-11-61-94",6,"Yes","Yes","Yes",,,"",2022,2023,2,2,300,"Mother"
"88-11-61-94",7,"Yes","Yes","Yes",,,"",2019,2023,9,3,0,
"88-11-61-94",8,"No",,"No","No intention to migrate",,"",,,,,,
"93-61-35-58",1,"No",,"No","No intention to migrate",,"",,,,,,
"93-61-35-58",2,"No",,"No","No intention to migrate",,"",,,,,,
"93-61-35-58",3,"No",,"No","No intention to migrate",,"",,,,,,
"93-61-35-58",4,"No",,"No","No intention to migrate",,"",,,,,,
"87-48-20-01",1,"No",,"No","No intention to migrate",,"",,,,,,
"87-48-20-01",2,"No",,"No","No intention to migrate",,"",,,,,,
"87-48-20-01",3,"Yes","No","No",,,"",2022,2022,,,,
"87-48-20-01",4,"No",,"No","No intention to migrate",,"",,,,,,
"87-48-20-01",5,"No",,"No","Don’t know",,"",,,,,,
"87-48-20-01",6,"No",,"No","Yes temporarily migrate","Town outside region","",,,,,,
"87-48-20-01",7,"No",,"No","No intention to migrate",,"",,,,,,
"66-77-51-72",1,"No",,"No","No intention to migrate",,"",,,,,,
"66-77-51-72",2,"No",,"No","Yes temporarily migrate","Town in region","",,,,,,
"66-77-51-72",3,"No",,"No","Yes temporarily migrate","Town in region","",,,,,,
"31-16-66-31",1,"No",,"No","No intention to migrate",,"",,,,,,
"31-16-66-31",2,"No",,"No","No intention to migrate",,"",,,,,,
"31-16-66-31",3,"No",,"No","No intention to migrate",,"",,,,,,
"31-16-66-31",4,"No",,"No","No intention to migrate",,"",,,,,,
"31-16-66-31",5,"No",,"No","No intention to migrate",,"",,,,,,
"31-16-66-31",6,"No",,"No","No intention to migrate",,"",,,,,,
"31-16-66-31",8,"No",,"No","No intention to migrate",,"",,,,,,
"88-03-82-39",1,"No",,"No","No intention to migrate",,"",,,,,,
"88-03-82-39",2,"No",,"No","No intention to migrate",,"",,,,,,
"88-03-82-39",4,"No",,"No","No intention to migrate",,"",,,,,,
"88-03-82-39",5,"No",,"No","No intention to migrate",,"",,,,,,
"59-90-45-51",1,"No",,"No","No intention to migrate",,"",,,,,,
"59-90-45-51",3,"Yes","No","No",,,"",2022,2023,,,,
"59-90-45-51",4,"No",,"No","No intention to migrate",,"",,,,,,
"59-90-45-51",5,"Yes","No","No",,,"",2022,2022,,,,
"68-61-83-10",1,"No",,"No","No intention to migrate",,"",,,,,,
"68-61-83-10",2,"No",,"No","No intention to migrate",,"",,,,,,
"68-61-83-10",3,"No",,"No","No intention to migrate",,"",,,,,,
"96-11-54-44",1,"No",,"No","No intention to migrate",,"",,,,,,
"96-11-54-44",2,"No",,"No","No intention to migrate",,"",,,,,,
"96-11-54-44",3,"No",,"No","No intention to migrate",,"",,,,,,
"96-11-54-44",6,"No",,"No","No intention to migrate",,"",,,,,,
"70-22-33-16",1,"No",,"No","No intention to migrate",,"",,,,,,
"70-22-33-16",2,"No",,"No","No intention to migrate",,"",,,,,,
"70-22-33-16",6,"No",,"No","No intention to migrate",,"",,,,,,
"70-22-33-16",7,"No",,"No","No intention to migrate",,"",,,,,,
"70-22-33-16",8,"No",,"No","No intention to migrate",,"",,,,,,
"12-54-99-38",1,"No",,"No","No intention to migrate",,"",,,,,,
"12-54-99-38",2,"No",,"No","No intention to migrate",,"",,,,,,
"12-54-99-38",3,"No",,"No","No intention to migrate",,"",,,,,,
"12-54-99-38",4,"No",,"No","No intention to migrate",,"",,,,,,
"39-44-22-57",1,"No",,"No","No intention to migrate",,"",,,,,,
"39-44-22-57",2,"No",,"No","No intention to migrate",,"",,,,,,
"39-44-22-57",3,"No",,"No","No intention to migrate",,"",,,,,,
"11-92-45-50",1,"No",,"No","No intention to migrate",,"",,,,,,
"11-92-45-50",2,"No",,"No","No intention to migrate",,"",,,,,,
"11-92-45-50",3,"No",,"No","No intention to migrate",,"",,,,,,
"11-92-45-50",4,"No",,"No","No intention to migrate",,"",,,,,,
"11-92-45-50",5,"No",,"No","No intention to migrate",,"",,,,,,
"73-14-88-64",1,"No",,"No","No intention to migrate",,"",,,,,,
"73-14-88-64",3,"No",,"No","No intention to migrate",,"",,,,,,
"73-14-88-64",4,"No",,"No","No intention to migrate",,"",,,,,,
"73-14-88-64",6,"Yes","Yes","No",,,"",2023,2023,1,1,0,
"59-60-22-11",1,"No",,"No","No intention to migrate",,"",,,,,,
"63-18-15-01",1,"No",,"No","No intention to migrate",,"",,,,,,
"63-18-15-01",2,"No",,"No","No intention to migrate",,"",,,,,,
"63-18-15-01",3,"No",,"No","No intention to migrate",,"",,,,,,
"40-24-89-40",1,"No",,"No","No intention to migrate",,"",,,,,,
"40-24-89-40",2,"No",,"No","No intention to migrate",,"",,,,,,
"40-24-89-40",3,"No",,"No","No intention to migrate",,"",,,,,,
"40-24-89-40",4,"No",,"No","No intention to migrate",,"",,,,,,
"26-37-34-30",1,"No",,"No","No intention to migrate",,"",,,,,,
"26-37-34-30",2,"No",,"No","No intention to migrate",,"",,,,,,
"26-37-34-30",3,"No",,"No","No intention to migrate",,"",,,,,,
"26-37-34-30",4,"No",,"No","No intention to migrate",,"",,,,,,
"26-37-34-30",5,"No",,"No","No intention to migrate",,"",,,,,,
"26-37-34-30",6,"No",,"No","No intention to migrate",,"",,,,,,
"57-72-53-25",1,"No",,"No","Yes permanently migrate","Don’t know","",,,,,,
"57-72-53-25",2,"No",,"No","No intention to migrate",,"",,,,,,
"57-72-53-25",3,"No",,"No","No intention to migrate",,"",,,,,,
"57-72-53-25",4,"No",,"No","No intention to migrate",,"",,,,,,
"15-31-68-47",1,"Yes","No","No",,,"",1997,2022,,,,
"15-31-68-47",2,"No",,"No","No intention to migrate",,"",,,,,,
"15-31-68-47",3,"No",,"No","Yes temporarily migrate","Village in region","",,,,,,
"54-23-26-42",1,"Yes","No","Yes",,,"",2017,2022,,,,
"54-23-26-42",2,"No",,"No","No intention to migrate",,"",,,,,,
"54-23-26-42",3,"Yes","Yes","No",,,"",2015,2023,1,10,0,
"54-23-26-42",4,"No",,"No","No intention to migrate",,"",,,,,,
"06-33-74-17",1,"No",,"No","No intention to migrate",,"",,,,,,
"09-17-76-18",1,"No",,"No","No intention to migrate",,"",,,,,,
"91-72-91-72",1,"No",,"No","No intention to migrate",,"",,,,,,
"91-72-91-72",2,"No",,"No","No intention to migrate",,"",,,,,,
"91-72-91-72",3,"No",,"No","No intention to migrate",,"",,,,,,
"91-72-91-72",5,"No",,"No","No intention to migrate",,"",,,,,,
"91-72-91-72",8,"No",,"No","No intention to migrate",,"",,,,,,
"07-58-36-50",1,"No",,"No","No intention to migrate",,"",,,,,,
"07-58-36-50",2,"No",,"No","No intention to migrate",,"",,,,,,
"07-58-36-50",3,"No",,"No","No intention to migrate",,"",,,,,,
"07-58-36-50",4,"No",,"No","No intention to migrate",,"",,,,,,
"27-63-39-98",1,"No",,"No","No intention to migrate",,"",,,,,,
"27-63-39-98",2,"No",,"No","No intention to migrate",,"",,,,,,
"27-63-39-98",3,"No",,"No","Yes temporarily migrate","Village in region","",,,,,,
"27-63-39-98",4,"No",,"No","Don’t know",,"",,,,,,
"27-63-39-98",6,"No",,"No","Yes temporarily migrate","Village in region","",,,,,,
"31-14-07-01",1,"No",,"No","No intention to migrate",,"",,,,,,
"31-14-07-01",2,"No",,"No","Don’t know",,"",,,,,,
"31-14-07-01",3,"No",,"No","Don’t know",,"",,,,,,
"31-14-07-01",4,"No",,"No","Don’t know",,"",,,,,,
"96-79-76-17",1,"No",,"No","No intention to migrate",,"",,,,,,
"96-79-76-17",2,"No",,"No","No intention to migrate",,"",,,,,,
"96-79-76-17",3,"No",,"No","No intention to migrate",,"",,,,,,
"96-79-76-17",4,"No",,"No","No intention to migrate",,"",,,,,,
"96-79-76-17",5,"No",,"No","No intention to migrate",,"",,,,,,
"96-79-76-17",6,"No",,"No","No intention to migrate",,"",,,,,,
"96-79-76-17",7,"No",,"No","No intention to migrate",,"",,,,,,
"23-90-90-29",1,"No",,"No","No intention to migrate",,"",,,,,,
"23-90-90-29",2,"No",,"No","No intention to migrate",,"",,,,,,
"23-90-90-29",3,"No",,"No","No intention to migrate",,"",,,,,,
"23-90-90-29",4,"No",,"No","No intention to migrate",,"",,,,,,
"23-90-90-29",5,"No",,"No","No intention to migrate",,"",,,,,,
"23-90-90-29",6,"No",,"No","No intention to migrate",,"",,,,,,
"99-47-47-96",1,"No",,"No","No intention to migrate",,"",,,,,,
"99-47-47-96",2,"No",,"No","No intention to migrate",,"",,,,,,
"99-47-47-96",3,"No",,"No","No intention to migrate",,"",,,,,,
"99-47-47-96",4,"No",,"No","No intention to migrate",,"",,,,,,
"99-47-47-96",5,"No",,"No","No intention to migrate",,"",,,,,,
"99-47-47-96",6,"No",,"No","No intention to migrate",,"",,,,,,
"99-47-47-96",7,"No",,"No","No intention to migrate",,"",,,,,,
"48-69-67-88",1,"No",,"No","No intention to migrate",,"",,,,,,
"93-76-93-98",1,"No",,"No","No intention to migrate",,"",,,,,,
"02-49-04-36",1,"No",,"No","No intention to migrate",,"",,,,,,
"02-49-04-36",2,"No",,"No","No intention to migrate",,"",,,,,,
"02-49-04-36",3,"No",,"No","No intention to migrate",,"",,,,,,
"97-96-55-67",1,"No",,"No","No intention to migrate",,"",,,,,,
"97-96-55-67",2,"No",,"No","No intention to migrate",,"",,,,,,
"97-96-55-67",3,"No",,"No","No intention to migrate",,"",,,,,,
"97-96-55-67",4,"No",,"No","No intention to migrate",,"",,,,,,
"97-96-55-67",5,"No",,"No","No intention to migrate",,"",,,,,,
"55-00-90-34",1,"Yes","No","Yes",,,"",2017,2022,,,,
"55-00-90-34",2,"No",,"No","No intention to migrate",,"",,,,,,
"55-00-90-34",3,"No",,"No","No intention to migrate",,"",,,,,,
"74-92-93-10",1,"No",,"No","No intention to migrate",,"",,,,,,
"74-92-93-10",2,"No",,"No","No intention to migrate",,"",,,,,,
"74-92-93-10",3,"No",,"No","No intention to migrate",,"",,,,,,
"74-92-93-10",4,"No",,"No","No intention to migrate",,"",,,,,,
"74-92-93-10",5,"No",,"No","No intention to migrate",,"",,,,,,
"74-92-93-10",6,"No",,"No","No intention to migrate",,"",,,,,,
"74-92-93-10",7,"No",,"No","No intention to migrate",,"",,,,,,
"74-92-93-10",11,"No",,"No","No intention to migrate",,"",,,,,,
"74-92-93-10",12,"No",,"No","No intention to migrate",,"",,,,,,
"74-92-93-10",13,"No",,"No","No intention to migrate",,"",,,,,,
"74-92-93-10",14,"No",,"No","No intention to migrate",,"",,,,,,
"74-92-93-10",15,"No",,"No","No intention to migrate",,"",,,,,,
"74-92-93-10",16,"No",,"No","No intention to migrate",,"",,,,,,
"74-92-93-10",17,"No",,"Yes","Don’t know",,"",2018,2022,,,,
"62-57-54-10",1,"No",,"No","No intention to migrate",,"",,,,,,
"62-57-54-10",2,"Yes","No","Yes",,,"",2022,2022,,,,
"62-57-54-10",3,"No",,"No","No intention to migrate",,"",,,,,,
"62-57-54-10",4,"No",,"No","No intention to migrate",,"",,,,,,
"62-57-54-10",5,"No",,"No","No intention to migrate",,"",,,,,,
"62-57-54-10",6,"No",,"No","No intention to migrate",,"",,,,,,
"81-64-58-33",1,"Yes","No","No",,,"",2000,2023,,,,
"81-64-58-33",2,"Yes","No","No",,,"",2001,2023,,,,
"81-64-58-33",3,"No",,"No","No intention to migrate",,"",,,,,,
"81-64-58-33",4,"Yes","Yes","No",,,"",2021,2023,9,3,0,
"81-64-58-33",6,"No",,"No","No intention to migrate",,"",,,,,,
"51-16-15-92",1,"No",,"No","No intention to migrate",,"",,,,,,
"51-16-15-92",2,"No",,"No","No intention to migrate",,"",,,,,,
"51-16-15-92",3,"No",,"No","No intention to migrate",,"",,,,,,
"51-16-15-92",4,"No",,"No","No intention to migrate",,"",,,,,,
"63-16-06-54",1,"No",,"No","No intention to migrate",,"",,,,,,
"63-16-06-54",2,"No",,"No","No intention to migrate",,"",,,,,,
"63-16-06-54",3,"Yes","Yes","No",,,"",2022,2023,4,6,0,
"63-16-06-54",4,"No",,"No","No intention to migrate",,"",,,,,,
"32-07-75-14",1,"No",,"No","No intention to migrate",,"",,,,,,
"32-07-75-14",2,"No",,"No","No intention to migrate",,"",,,,,,
"32-07-75-14",3,"No",,"No","No intention to migrate",,"",,,,,,
"23-46-49-04",1,"No",,"Yes","No intention to migrate",,"",2008,2019,,,,
"81-47-15-41",1,"No",,"No","No intention to migrate",,"",,,,,,
"74-82-45-40",1,"No",,"Yes","No intention to migrate",,"",2019,2016,,,,
"71-03-17-29",1,"No",,"No","No intention to migrate",,"",,,,,,
"71-03-17-29",2,"No",,"No","No intention to migrate",,"",,,,,,
"71-03-17-29",3,"No",,"No","No intention to migrate",,"",,,,,,
"71-03-17-29",4,"No",,"No","No intention to migrate",,"",,,,,,
"71-03-17-29",6,"No",,"No","No intention to migrate",,"",,,,,,
"22-02-08-34",1,"No",,"No","No intention to migrate",,"",,,,,,
"22-02-08-34",2,"No",,"No","No intention to migrate",,"",,,,,,
"22-02-08-34",3,"No",,"No","Don’t know",,"",,,,,,
"35-24-65-37",1,"No",,"No","No intention to migrate",,"",,,,,,
"35-24-65-37",2,"No",,"No","No intention to migrate",,"",,,,,,
"35-24-65-37",3,"No",,"No","No intention to migrate",,"",,,,,,
"94-94-59-77",1,"No",,"No","No intention to migrate",,"",,,,,,
"94-94-59-77",2,"No",,"No","No intention to migrate",,"",,,,,,
"94-94-59-77",3,"No",,"No","No intention to migrate",,"",,,,,,
"94-94-59-77",4,"No",,"No","No intention to migrate",,"",,,,,,
"94-94-59-77",5,"No",,"No","Don’t know",,"",,,,,,
"94-94-59-77",6,"No",,"No","Don’t know",,"",,,,,,
"94-94-59-77",7,"No",,"No","Don’t know",,"",,,,,,
"62-18-60-04",1,"No",,"No","No intention to migrate",,"",,,,,,
"62-18-60-04",2,"No",,"No","No intention to migrate",,"",,,,,,
"62-18-60-04",3,"No",,"No","No intention to migrate",,"",,,,,,
"62-18-60-04",5,"No",,"No","No intention to migrate",,"",,,,,,
"62-18-60-04",6,"No",,"No","No intention to migrate",,"",,,,,,
"62-18-60-04",7,"No",,"No","No intention to migrate",,"",,,,,,
"13-57-44-05",1,"No",,"No","No intention to migrate",,"",,,,,,
"13-57-44-05",2,"No",,"No","No intention to migrate",,"",,,,,,
"13-57-44-05",3,"No",,"No","No intention to migrate",,"",,,,,,
"53-63-07-20",1,"No",,"No","No intention to migrate",,"",,,,,,
"53-63-07-20",2,"No",,"No","No intention to migrate",,"",,,,,,
"67-75-50-83",1,"No",,"No","No intention to migrate",,"",,,,,,
"02-25-92-18",1,"Yes","No","Yes",,,"",2013,2022,,,,
"02-25-92-18",2,"No",,"Yes","Yes temporarily migrate","Town in region","",2018,2020,,,,
"02-25-92-18",3,"No",,"No","Don’t know",,"",,,,,,
"02-25-92-18",4,"No",,"No","No intention to migrate",,"",,,,,,
"49-92-48-01",1,"Yes","No","Yes",,,"",2017,2022,,,,
"49-92-48-01",2,"No",,"No","No intention to migrate",,"",,,,,,
"49-92-48-01",3,"No",,"No","No intention to migrate",,"",,,,,,
"49-92-48-01",4,"Yes","Yes","No",,,"",2023,2023,2,0,0,
"49-92-48-01",5,"No",,"No","No intention to migrate",,"",,,,,,
"49-92-48-01",6,"No",,"No","No intention to migrate",,"",,,,,,
"49-92-48-01",7,"No",,"No","No intention to migrate",,"",,,,,,
"86-85-54-02",1,"No",,"No","No intention to migrate",,"",,,,,,
"86-85-54-02",2,"No",,"No","No intention to migrate",,"",,,,,,
"86-85-54-02",3,"No",,"No","No intention to migrate",,"",,,,,,
"86-85-54-02",4,"No",,"No","No intention to migrate",,"",,,,,,
"86-85-54-02",5,"No",,"No","No intention to migrate",,"",,,,,,
"25-71-60-55",1,"No",,"No","No intention to migrate",,"",,,,,,
"25-71-60-55",2,"No",,"No","Don’t know",,"",,,,,,
"25-71-60-55",3,"No",,"No","Don’t know",,"",,,,,,
"25-71-60-55",6,"No",,"No","Don’t know",,"",,,,,,
"52-17-01-39",1,"No",,"No","No intention to migrate",,"",,,,,,
"52-17-01-39",2,"No",,"No","No intention to migrate",,"",,,,,,
"52-17-01-39",3,"No",,"No","No intention to migrate",,"",,,,,,
"85-68-71-94",1,"No",,"No","No intention to migrate",,"",,,,,,
"85-68-71-94",2,"No",,"No","No intention to migrate",,"",,,,,,
"85-68-71-94",3,"No",,"No","No intention to migrate",,"",,,,,,
"85-68-71-94",4,"No",,"No","No intention to migrate",,"",,,,,,
"85-68-71-94",5,"No",,"No","No intention to migrate",,"",,,,,,
"85-68-71-94",6,"No",,"No","No intention to migrate",,"",,,,,,
"85-68-71-94",7,"No",,"No","No intention to migrate",,"",,,,,,
"88-33-53-02",1,"No",,"No","No intention to migrate",,"",,,,,,
"88-33-53-02",2,"No",,"No","No intention to migrate",,"",,,,,,
"88-33-53-02",3,"No",,"No","No intention to migrate",,"",,,,,,
"88-33-53-02",4,"No",,"No","No intention to migrate",,"",,,,,,
"73-16-52-51",1,"No",,"No","No intention to migrate",,"",,,,,,
"73-16-52-51",2,"No",,"No","No intention to migrate",,"",,,,,,
"73-16-52-51",3,"No",,"No","No intention to migrate",,"",,,,,,
"29-32-71-31",1,"No",,"No","No intention to migrate",,"",,,,,,
"29-32-71-31",2,"No",,"No","No intention to migrate",,"",,,,,,
"29-32-71-31",3,"No",,"No","No intention to migrate",,"",,,,,,
"08-80-55-70",1,"No",,"No","No intention to migrate",,"",,,,,,
"58-68-82-05",1,"No",,"No","No intention to migrate",,"",,,,,,
"58-68-82-05",2,"No",,"No","No intention to migrate",,"",,,,,,
"40-89-66-86",1,"No",,"No","No intention to migrate",,"",,,,,,
"40-89-66-86",2,"No",,"No","No intention to migrate",,"",,,,,,
"40-89-66-86",3,"No",,"No","No intention to migrate",,"",,,,,,
"40-89-66-86",4,"No",,"No","No intention to migrate",,"",,,,,,
"40-89-66-86",5,"No",,"No","No intention to migrate",,"",,,,,,
"40-89-66-86",6,"No",,"No","No intention to migrate",,"",,,,,,
"40-89-66-86",7,"No",,"No","No intention to migrate",,"",,,,,,
"40-89-66-86",8,"No",,"No","No intention to migrate",,"",,,,,,
"88-30-77-96",1,"No",,"No","No intention to migrate",,"",,,,,,
"88-30-77-96",2,"No",,"No","No intention to migrate",,"",,,,,,
"88-30-77-96",3,"No",,"No","Don’t know",,"",,,,,,
"88-30-77-96",4,"No",,"No","Don’t know",,"",,,,,,
"72-26-90-86",1,"No",,"No","No intention to migrate",,"",,,,,,
"72-26-90-86",2,"No",,"No","No intention to migrate",,"",,,,,,
"72-26-90-86",3,"No",,"No","No intention to migrate",,"",,,,,,
"72-26-90-86",4,"No",,"No","No intention to migrate",,"",,,,,,
"49-59-81-92",1,"No",,"No","No intention to migrate",,"",,,,,,
"49-59-81-92",2,"No",,"No","No intention to migrate",,"",,,,,,
"21-01-20-88",1,"No",,"No","No intention to migrate",,"",,,,,,
"21-01-20-88",2,"No",,"No","No intention to migrate",,"",,,,,,
"21-01-20-88",3,"No",,"No","No intention to migrate",,"",,,,,,
"79-70-14-90",1,"No",,"No","No intention to migrate",,"",,,,,,
"79-70-14-90",2,"No",,"No","No intention to migrate",,"",,,,,,
"79-70-14-90",3,"No",,"No","No intention to migrate",,"",,,,,,
"80-75-47-72",1,"No",,"No","No intention to migrate",,"",,,,,,
"56-08-93-09",1,"No",,"No","Don’t know",,"",,,,,,
"56-08-93-09",2,"No",,"No","No intention to migrate",,"",,,,,,
"56-08-93-09",3,"No",,"No","No intention to migrate",,"",,,,,,
"56-08-93-09",4,"No",,"No","No intention to migrate",,"",,,,,,
"17-42-48-26",1,"No",,"No","No intention to migrate",,"",,,,,,
"17-42-48-26",2,"No",,"No","No intention to migrate",,"",,,,,,
"17-42-48-26",4,"No",,"No","No intention to migrate",,"",,,,,,
"48-20-15-07",1,"No",,"No","No intention to migrate",,"",,,,,,
"48-20-15-07",2,"No",,"No","No intention to migrate",,"",,,,,,
"48-20-15-07",3,"No",,"No","No intention to migrate",,"",,,,,,
"14-03-97-85",1,"No",,"No","No intention to migrate",,"",,,,,,
"14-03-97-85",2,"No",,"No","Don’t know",,"",,,,,,
"14-03-97-85",3,"No",,"No","Don’t know",,"",,,,,,
"14-03-97-85",6,"No",,"No","Don’t know",,"",,,,,,
"85-88-72-49",1,"No",,"No","No intention to migrate",,"",,,,,,
"85-88-72-49",2,"No",,"No","No intention to migrate",,"",,,,,,
"85-88-72-49",3,"No",,"No","No intention to migrate",,"",,,,,,
"85-88-72-49",4,"No",,"No","No intention to migrate",,"",,,,,,
"85-88-72-49",5,"No",,"No","No intention to migrate",,"",,,,,,
"85-88-72-49",6,"No",,"No","No intention to migrate",,"",,,,,,
"44-34-38-88",1,"No",,"No","No intention to migrate",,"",,,,,,
"44-34-38-88",2,"No",,"No","No intention to migrate",,"",,,,,,
"44-34-38-88",3,"No",,"No","No intention to migrate",,"",,,,,,
"44-34-38-88",4,"No",,"No","No intention to migrate",,"",,,,,,
"83-00-22-24",1,"No",,"No","No intention to migrate",,"",,,,,,
"53-00-05-97",1,"No",,"No","No intention to migrate",,"",,,,,,
"53-00-05-97",2,"No",,"No","No intention to migrate",,"",,,,,,
"53-00-05-97",3,"No",,"No","No intention to migrate",,"",,,,,,
"57-74-38-33",1,"No",,"No","No intention to migrate",,"",,,,,,
"57-74-38-33",2,"No",,"No","No intention to migrate",,"",,,,,,
"57-74-38-33",3,"No",,"No","No intention to migrate",,"",,,,,,
"57-74-38-33",4,"No",,"No","No intention to migrate",,"",,,,,,
"57-74-38-33",5,"No",,"No","No intention to migrate",,"",,,,,,
"57-74-38-33",6,"No",,"No","No intention to migrate",,"",,,,,,
"57-74-38-33",7,"No",,"No","No intention to migrate",,"",,,,,,
"57-74-38-33",8,"No",,"No","No intention to migrate",,"",,,,,,
"57-74-38-33",9,"No",,"No","No intention to migrate",,"",,,,,,
"57-74-38-33",10,"No",,"No","No intention to migrate",,"",,,,,,
"65-24-72-96",1,"No",,"No","No intention to migrate",,"",,,,,,
"65-24-72-96",2,"No",,"No","No intention to migrate",,"",,,,,,
"65-24-72-96",3,"No",,"No","No intention to migrate",,"",,,,,,
"65-24-72-96",4,"No",,"No","No intention to migrate",,"",,,,,,
"65-24-72-96",5,"No",,"No","No intention to migrate",,"",,,,,,
"67-69-19-83",1,"No",,"No","No intention to migrate",,"",,,,,,
"67-69-19-83",2,"No",,"No","No intention to migrate",,"",,,,,,
"65-02-79-39",1,"No",,"No","No intention to migrate",,"",,,,,,
"65-02-79-39",2,"No",,"No","No intention to migrate",,"",,,,,,
"36-55-19-74",1,"No",,"No","No intention to migrate",,"",,,,,,
"36-55-19-74",2,"No",,"No","No intention to migrate",,"",,,,,,
"02-47-11-50",1,"No",,"No","No intention to migrate",,"",,,,,,
"34-55-62-08",1,"No",,"No","No intention to migrate",,"",,,,,,
"34-55-62-08",2,"No",,"No","No intention to migrate",,"",,,,,,
"34-55-62-08",3,"Yes","Yes","No",,,"",2023,2023,1,0,0,
"34-55-62-08",4,"No",,"No","No intention to migrate",,"",,,,,,
"34-55-62-08",5,"No",,"No","No intention to migrate",,"",,,,,,
"34-55-62-08",6,"No",,"No","No intention to migrate",,"",,,,,,
"21-53-06-24",1,"No",,"No","No intention to migrate",,"",,,,,,
"21-53-06-24",2,"No",,"No","No intention to migrate",,"",,,,,,
"21-53-06-24",3,"No",,"No","No intention to migrate",,"",,,,,,
"21-53-06-24",5,"No",,"No","No intention to migrate",,"",,,,,,
"21-53-06-24",6,"No",,"No","No intention to migrate",,"",,,,,,
"54-20-19-80",1,"No",,"No","No intention to migrate",,"",,,,,,
"77-37-06-75",1,"No",,"No","No intention to migrate",,"",,,,,,
"77-37-06-75",2,"No",,"No","No intention to migrate",,"",,,,,,
"77-37-06-75",3,"No",,"No","No intention to migrate",,"",,,,,,
"77-37-06-75",4,"No",,"No","No intention to migrate",,"",,,,,,
"17-29-45-21",1,"No",,"No","No intention to migrate",,"",,,,,,
"17-29-45-21",2,"No",,"No","No intention to migrate",,"",,,,,,
"17-29-45-21",3,"No",,"No","No intention to migrate",,"",,,,,,
"17-29-45-21",4,"No",,"No","No intention to migrate",,"",,,,,,
"17-29-45-21",5,"No",,"No","No intention to migrate",,"",,,,,,
"14-98-54-79",1,"No",,"No","No intention to migrate",,"",,,,,,
"14-98-54-79",2,"No",,"No","No intention to migrate",,"",,,,,,
"14-98-54-79",3,"No",,"No","No intention to migrate",,"",,,,,,
"14-98-54-79",4,"No",,"No","No intention to migrate",,"",,,,,,
"14-98-54-79",5,"No",,"No","No intention to migrate",,"",,,,,,
"74-43-35-64",1,"No",,"No","No intention to migrate",,"",,,,,,
"74-43-35-64",4,"No",,"No","No intention to migrate",,"",,,,,,
"02-76-65-17",1,"Yes","No","No",,,"",2019,2022,,,,
"02-76-65-17",2,"No",,"No","No intention to migrate",,"",,,,,,
"02-76-65-17",3,"No",,"No","No intention to migrate",,"",,,,,,
"02-76-65-17",4,"No",,"No","No intention to migrate",,"",,,,,,
"02-76-65-17",5,"No",,"No","No intention to migrate",,"",,,,,,
"91-57-65-34",1,"No",,"No","No intention to migrate",,"",,,,,,
"61-08-28-75",1,"No",,"No","No intention to migrate",,"",,,,,,
"61-08-28-75",2,"No",,"No","No intention to migrate",,"",,,,,,
"61-08-28-75",3,"No",,"No","No intention to migrate",,"",,,,,,
"61-08-28-75",4,"No",,"No","No intention to migrate",,"",,,,,,
"61-08-28-75",7,"No",,"No","Don’t know",,"",,,,,,
"61-08-28-75",8,"No",,"No","Don’t know",,"",,,,,,
"61-08-28-75",10,"No",,"No","No intention to migrate",,"",,,,,,
"08-98-76-07",1,"No",,"No","Yes temporarily migrate","Town outside region","",,,,,,
"08-98-76-07",2,"No",,"No","Yes temporarily migrate","Village in region","",,,,,,
"08-98-76-07",3,"No",,"No","No intention to migrate",,"",,,,,,
"08-98-76-07",5,"No",,"No","No intention to migrate",,"",,,,,,
"08-98-76-07",6,"No",,"No","No intention to migrate",,"",,,,,,
"07-58-78-17",1,"No",,"No","No intention to migrate",,"",,,,,,
"07-58-78-17",2,"No",,"No","Don’t know",,"",,,,,,
"07-58-78-17",3,"No",,"No","Don’t know",,"",,,,,,
"07-58-78-17",4,"No",,"No","Don’t know",,"",,,,,,
"07-58-78-17",5,"No",,"No","Don’t know",,"",,,,,,
"07-58-78-17",11,"No",,"No","No intention to migrate",,"",,,,,,
"50-08-29-58",1,"Yes","No","No",,,"",2022,2022,,,,
"50-08-29-58",2,"No",,"No","Yes temporarily migrate","Outside the country","",,,,,,
"50-08-29-58",4,"No",,"No","Yes temporarily migrate","Town outside region","",,,,,,
"50-08-29-58",5,"No",,"No","No intention to migrate",,"",,,,,,
"21-97-24-76",1,"No",,"No","Yes temporarily migrate","Outside the country","",,,,,,
"21-97-24-76",2,"No",,"No","No intention to migrate",,"",,,,,,
"21-97-24-76",3,"No",,"No","Don’t know",,"",,,,,,
"47-86-23-98",1,"No",,"No","No intention to migrate",,"",,,,,,
"47-86-23-98",2,"No",,"No","No intention to migrate",,"",,,,,,
"47-86-23-98",4,"No",,"No","No intention to migrate",,"",,,,,,
"47-86-23-98",5,"No",,"No","No intention to migrate",,"",,,,,,
"47-86-23-98",6,"No",,"No","No intention to migrate",,"",,,,,,
"58-41-17-07",1,"No",,"No","No intention to migrate",,"",,,,,,
"58-41-17-07",2,"No",,"No","No intention to migrate",,"",,,,,,
"58-41-17-07",3,"No",,"No","No intention to migrate",,"",,,,,,
"27-41-68-88",1,"No",,"No","No intention to migrate",,"",,,,,,
"27-41-68-88",2,"No",,"No","No intention to migrate",,"",,,,,,
"27-41-68-88",3,"No",,"No","No intention to migrate",,"",,,,,,
"36-57-67-99",1,"No",,"No","No intention to migrate",,"",,,,,,
"36-57-67-99",2,"No",,"No","No intention to migrate",,"",,,,,,
"36-57-67-99",3,"No",,"No","No intention to migrate",,"",,,,,,
"36-57-67-99",4,"No",,"No","Don’t know",,"",,,,,,
"36-57-67-99",5,"No",,"No","Don’t know",,"",,,,,,
"14-01-18-55",1,"No",,"No","No intention to migrate",,"",,,,,,
"14-01-18-55",2,"No",,"No","No intention to migrate",,"",,,,,,
"14-01-18-55",3,"No",,"No","No intention to migrate",,"",,,,,,
"14-01-18-55",4,"No",,"No","No intention to migrate",,"",,,,,,
"14-01-18-55",5,"No",,"No","No intention to migrate",,"",,,,,,
"14-01-18-55",6,"No",,"No","No intention to migrate",,"",,,,,,
"14-01-18-55",7,"No",,"No","No intention to migrate",,"",,,,,,
"25-45-40-50",1,"No",,"No","No intention to migrate",,"",,,,,,
"25-45-40-50",2,"No",,"No","No intention to migrate",,"",,,,,,
"25-45-40-50",3,"No",,"No","No intention to migrate",,"",,,,,,
"25-45-40-50",4,"No",,"No","No intention to migrate",,"",,,,,,
"25-45-40-50",5,"No",,"No","No intention to migrate",,"",,,,,,
"25-45-40-50",9,"No",,"No","No intention to migrate",,"",,,,,,
"28-45-95-92",1,"No",,"No","No intention to migrate",,"",,,,,,
"52-38-49-21",1,"No",,"No","No intention to migrate",,"",,,,,,
"52-38-49-21",2,"No",,"No","No intention to migrate",,"",,,,,,
"52-38-49-21",3,"No",,"No","No intention to migrate",,"",,,,,,
"52-38-49-21",4,"No",,"No","No intention to migrate",,"",,,,,,
"59-05-06-39",1,"No",,"No","No intention to migrate",,"",,,,,,
"59-05-06-39",2,"No",,"No","No intention to migrate",,"",,,,,,
"59-05-06-39",3,"No",,"No","No intention to migrate",,"",,,,,,
"59-05-06-39",4,"No",,"No","No intention to migrate",,"",,,,,,
"59-05-06-39",6,"No",,"No","No intention to migrate",,"",,,,,,
"07-23-34-26",1,"No",,"No","No intention to migrate",,"",,,,,,
"07-23-34-26",2,"No",,"No","No intention to migrate",,"",,,,,,
"74-55-33-17",1,"No",,"Yes","No intention to migrate",,"",2022,2022,,,,
"74-55-33-17",2,"No",,"No","No intention to migrate",,"",,,,,,
"63-06-38-69",1,"No",,"No","No intention to migrate",,"",,,,,,
"63-06-38-69",2,"No",,"No","No intention to migrate",,"",,,,,,
"63-06-38-69",5,"No",,"No","No intention to migrate",,"",,,,,,
"63-06-38-69",8,"No",,"No","Yes temporarily migrate","Town in region","",,,,,,
"63-06-38-69",9,"No",,"No","No intention to migrate",,"",,,,,,
"63-06-38-69",10,"No",,"No","Yes temporarily migrate","Village in region","",,,,,,
"05-74-67-92",1,"No",,"No","No intention to migrate",,"",,,,,,
"05-74-67-92",2,"No",,"No","No intention to migrate",,"",,,,,,
"05-74-67-92",3,"No",,"No","No intention to migrate",,"",,,,,,
"05-74-67-92",4,"No",,"No","No intention to migrate",,"",,,,,,
"05-74-67-92",5,"No",,"No","No intention to migrate",,"",,,,,,
"98-46-70-51",1,"No",,"No","Don’t know",,"",,,,,,
"98-46-70-51",2,"No",,"No","Don’t know",,"",,,,,,
"98-46-70-51",3,"No",,"No","Don’t know",,"",,,,,,
"98-46-70-51",5,"No",,"No","Don’t know",,"",,,,,,
"98-46-70-51",6,"No",,"No","Don’t know",,"",,,,,,
"98-46-70-51",7,"No",,"No","Don’t know",,"",,,,,,
"36-97-15-03",1,"No",,"No","No intention to migrate",,"",,,,,,
"36-97-15-03",2,"No",,"No","No intention to migrate",,"",,,,,,
"36-97-15-03",3,"No",,"No","Don’t know",,"",,,,,,
"36-97-15-03",4,"No",,"No","No intention to migrate",,"",,,,,,
"31-20-72-58",1,"No",,"No","No intention to migrate",,"",,,,,,
"59-12-76-31",1,"No",,"No","No intention to migrate",,"",,,,,,
"59-12-76-31",2,"No",,"No","Don’t know",,"",,,,,,
"59-12-76-31",3,"No",,"No","Don’t know",,"",,,,,,
"07-54-13-18",1,"No",,"Yes","No intention to migrate",,"",2021,2021,,,,
"07-54-13-18",2,"No",,"No","No intention to migrate",,"",,,,,,
"07-54-13-18",3,"No",,"No","Don’t know",,"",,,,,,
"07-54-13-18",4,"No",,"No","Don’t know",,"",,,,,,
"07-54-13-18",5,"No",,"No","Don’t know",,"",,,,,,
"84-52-73-65",1,"No",,"No","No intention to migrate",,"",,,,,,
"84-52-73-65",2,"No",,"No","No intention to migrate",,"",,,,,,
"84-52-73-65",3,"No",,"No","No intention to migrate",,"",,,,,,
"84-52-73-65",5,"No",,"No","No intention to migrate",,"",,,,,,
"85-09-03-91",1,"No",,"No","No intention to migrate",,"",,,,,,
"85-09-03-91",2,"No",,"No","No intention to migrate",,"",,,,,,
"85-09-03-91",3,"No",,"No","No intention to migrate",,"",,,,,,
"56-01-39-00",1,"No",,"No","No intention to migrate",,"",,,,,,
"56-01-39-00",2,"No",,"No","No intention to migrate",,"",,,,,,
"56-01-39-00",3,"No",,"No","No intention to migrate",,"",,,,,,
"56-01-39-00",4,"No",,"No","No intention to migrate",,"",,,,,,
"69-33-88-72",1,"No",,"No","No intention to migrate",,"",,,,,,
"69-33-88-72",2,"No",,"No","No intention to migrate",,"",,,,,,
"69-33-88-72",3,"No",,"No","No intention to migrate",,"",,,,,,
"26-09-67-07",1,"No",,"No","No intention to migrate",,"",,,,,,
"26-09-67-07",2,"No",,"No","No intention to migrate",,"",,,,,,
"69-39-81-14",1,"No",,"No","No intention to migrate",,"",,,,,,
"69-39-81-14",2,"No",,"No","Don’t know",,"",,,,,,
"69-39-81-14",3,"No",,"No","Don’t know",,"",,,,,,
"69-39-81-14",4,"No",,"No","Don’t know",,"",,,,,,
"69-39-81-14",6,"No",,"No","Don’t know",,"",,,,,,
"69-39-81-14",7,"No",,"No","Don’t know",,"",,,,,,
"00-76-43-47",1,"No",,"No","No intention to migrate",,"",,,,,,
"00-76-43-47",2,"No",,"No","No intention to migrate",,"",,,,,,
"00-76-43-47",4,"No",,"No","No intention to migrate",,"",,,,,,
"29-40-24-48",1,"No",,"No","Yes temporarily migrate","Town in region","",,,,,,
"29-40-24-48",2,"No",,"No","No intention to migrate",,"",,,,,,
"29-40-24-48",3,"No",,"No","No intention to migrate",,"",,,,,,
"79-00-21-46",1,"No",,"Yes","Yes permanently migrate","Village in region","",2022,2022,,,,
"79-00-21-46",2,"No",,"No","No intention to migrate",,"",,,,,,
"79-00-21-46",3,"No",,"No","Yes temporarily migrate","Town in region","",,,,,,
"79-00-21-46",6,"No",,"No","No intention to migrate",,"",,,,,,
"79-00-21-46",8,"No",,"No","No intention to migrate",,"",,,,,,
"46-34-68-84",1,"No",,"No","No intention to migrate",,"",,,,,,
"46-34-68-84",2,"No",,"No","No intention to migrate",,"",,,,,,
"46-34-68-84",4,"No",,"No","No intention to migrate",,"",,,,,,
"45-00-04-40",1,"No",,"No","No intention to migrate",,"",,,,,,
"45-00-04-40",2,"Yes","Yes","No",,,"",2017,2023,1,1,0,
"22-15-19-43",1,"No",,"No","No intention to migrate",,"",,,,,,
"22-15-19-43",2,"No",,"No","Don’t know",,"",,,,,,
"09-01-21-24",1,"No",,"No","No intention to migrate",,"",,,,,,
"09-01-21-24",3,"No",,"No","No intention to migrate",,"",,,,,,
"28-05-99-59",1,"No",,"No","No intention to migrate",,"",,,,,,
"28-05-99-59",2,"No",,"No","No intention to migrate",,"",,,,,,
"78-33-63-09",1,"Yes","No","No",,,"",2022,2022,,,,
"78-33-63-09",2,"No",,"No","No intention to migrate",,"",,,,,,
"78-33-63-09",3,"No",,"No","Yes permanently migrate","Town in region","",,,,,,
"78-33-63-09",4,"No",,"No","Yes temporarily migrate","Town in region","",,,,,,
"78-33-63-09",5,"No",,"No","Yes temporarily migrate","Town in region","",,,,,,
"78-33-63-09",6,"No",,"No","No intention to migrate",,"",,,,,,
"78-33-63-09",7,"No",,"No","No intention to migrate",,"",,,,,,
"21-06-84-39",1,"No",,"No","No intention to migrate",,"",,,,,,
"21-06-84-39",2,"No",,"No","No intention to migrate",,"",,,,,,
"96-45-29-81",1,"No",,"No","Don’t know",,"",,,,,,
"96-45-29-81",2,"No",,"No","No intention to migrate",,"",,,,,,
"82-78-33-54",1,"No",,"No","No intention to migrate",,"",,,,,,
"82-78-33-54",2,"No",,"No","Don’t know",,"",,,,,,
"82-78-33-54",4,"No",,"No","Don’t know",,"",,,,,,
"01-53-98-85",1,"No",,"No","No intention to migrate",,"",,,,,,
"01-53-98-85",2,"No",,"No","No intention to migrate",,"",,,,,,
"01-53-98-85",3,"No",,"No","No intention to migrate",,"",,,,,,
"01-53-98-85",4,"No",,"No","No intention to migrate",,"",,,,,,
"01-53-98-85",5,"No",,"No","No intention to migrate",,"",,,,,,
"15-34-27-17",1,"No",,"No","Yes temporarily migrate","Other, Specify","Mwandi",,,,,,
"15-34-27-17",2,"No",,"No","No intention to migrate",,"",,,,,,
"84-32-88-02",1,"No",,"No","No intention to migrate",,"",,,,,,
"02-43-89-26",1,"No",,"No","Don’t know",,"",,,,,,
"02-43-89-26",2,"No",,"No","No intention to migrate",,"",,,,,,
"02-43-89-26",3,"Yes","No","Yes",,,"",2022,2023,,,,
"02-43-89-26",4,"No",,"No","No intention to migrate",,"",,,,,,
"02-43-89-26",5,"No",,"No","No intention to migrate",,"",,,,,,
"02-43-89-26",6,"No",,"No","No intention to migrate",,"",,,,,,
"36-62-21-63",1,"No",,"No","No intention to migrate",,"",,,,,,
"36-62-21-63",2,"No",,"No","No intention to migrate",,"",,,,,,
"36-62-21-63",3,"No",,"No","No intention to migrate",,"",,,,,,
"98-63-71-97",1,"No",,"No","No intention to migrate",,"",,,,,,
"98-63-71-97",2,"No",,"No","No intention to migrate",,"",,,,,,
"98-63-71-97",3,"Yes","No","No",,,"",2023,2023,,,,
"98-63-71-97",4,"No",,"No","No intention to migrate",,"",,,,,,
"98-63-71-97",5,"No",,"No","No intention to migrate",,"",,,,,,
"98-63-71-97",6,"No",,"No","No intention to migrate",,"",,,,,,
"07-88-71-07",1,"No",,"No","No intention to migrate",,"",,,,,,
"07-88-71-07",2,"No",,"No","No intention to migrate",,"",,,,,,
"07-88-71-07",3,"No",,"No","No intention to migrate",,"",,,,,,
"07-88-71-07",6,"No",,"No","No intention to migrate",,"",,,,,,
"07-88-71-07",8,"No",,"No","No intention to migrate",,"",,,,,,
"18-07-56-01",1,"No",,"No","No intention to migrate",,"",,,,,,
"18-07-56-01",2,"No",,"No","No intention to migrate",,"",,,,,,
"18-07-56-01",3,"No",,"No","No intention to migrate",,"",,,,,,
"18-07-56-01",4,"No",,"No","No intention to migrate",,"",,,,,,
"76-16-53-82",1,"No",,"No","No intention to migrate",,"",,,,,,
"76-16-53-82",2,"No",,"No","No intention to migrate",,"",,,,,,
"36-91-65-20",1,"No",,"No","No intention to migrate",,"",,,,,,
"36-91-65-20",2,"No",,"No","No intention to migrate",,"",,,,,,
"36-91-65-20",3,"No",,"No","No intention to migrate",,"",,,,,,
"22-29-07-01",1,"No",,"No","No intention to migrate",,"",,,,,,
"22-29-07-01",2,"No",,"No","No intention to migrate",,"",,,,,,
"22-29-07-01",3,"No",,"No","No intention to migrate",,"",,,,,,
"22-29-07-01",4,"No",,"No","No intention to migrate",,"",,,,,,
"22-29-07-01",5,"No",,"No","No intention to migrate",,"",,,,,,
"53-93-66-67",1,"No",,"No","No intention to migrate",,"",,,,,,
"53-93-66-67",2,"No",,"No","No intention to migrate",,"",,,,,,
"53-93-66-67",3,"No",,"No","No intention to migrate",,"",,,,,,
"37-39-06-63",1,"No",,"No","No intention to migrate",,"",,,,,,
"37-39-06-63",2,"No",,"No","Don’t know",,"",,,,,,
"37-39-06-63",3,"No",,"No","Don’t know",,"",,,,,,
"17-95-97-27",1,"No",,"No","No intention to migrate",,"",,,,,,
"17-95-97-27",2,"No",,"No","No intention to migrate",,"",,,,,,
"17-95-97-27",3,"No",,"No","No intention to migrate",,"",,,,,,
"17-95-97-27",4,"No",,"No","No intention to migrate",,"",,,,,,
"92-61-03-62",1,"No",,"No","No intention to migrate",,"",,,,,,
"92-61-03-62",2,"No",,"No","No intention to migrate",,"",,,,,,
"92-61-03-62",3,"No",,"No","No intention to migrate",,"",,,,,,
"02-86-94-14",1,"No",,"No","Yes temporarily migrate","Town outside region","",,,,,,
"02-86-94-14",2,"Yes","No","No",,,"",2022,2022,,,,
"02-86-94-14",3,"No",,"No","No intention to migrate",,"",,,,,,
"26-53-37-24",1,"No",,"No","No intention to migrate",,"",,,,,,
"26-53-37-24",2,"No",,"No","No intention to migrate",,"",,,,,,
"26-53-37-24",3,"No",,"No","No intention to migrate",,"",,,,,,
"26-53-37-24",4,"No",,"No","No intention to migrate",,"",,,,,,
"26-53-37-24",5,"No",,"No","No intention to migrate",,"",,,,,,
"26-53-37-24",7,"No",,"No","No intention to migrate",,"",,,,,,
"26-53-37-24",8,"No",,"No","No intention to migrate",,"",,,,,,
"73-57-99-74",1,"No",,"No","No intention to migrate",,"",,,,,,
"73-57-99-74",2,"No",,"No","Don’t know",,"",,,,,,
"49-29-23-58",1,"No",,"No","No intention to migrate",,"",,,,,,
"49-29-23-58",2,"No",,"No","No intention to migrate",,"",,,,,,
"49-29-23-58",3,"No",,"No","Don’t know",,"",,,,,,
"49-29-23-58",4,"No",,"No","No intention to migrate",,"",,,,,,
"49-29-23-58",5,"No",,"No","No intention to migrate",,"",,,,,,
"71-13-07-75",1,"No",,"No","No intention to migrate",,"",,,,,,
"71-13-07-75",2,"No",,"No","No intention to migrate",,"",,,,,,
"71-13-07-75",3,"No",,"No","No intention to migrate",,"",,,,,,
"19-53-43-56",1,"No",,"No","No intention to migrate",,"",,,,,,
"19-53-43-56",2,"Yes","Yes","No",,,"",2015,2023,2,0,0,
"57-61-80-20",1,"No",,"No","No intention to migrate",,"",,,,,,
"57-61-80-20",2,"No",,"No","Don’t know",,"",,,,,,
"57-61-80-20",3,"No",,"No","Don’t know",,"",,,,,,
"57-61-80-20",4,"No",,"No","Don’t know",,"",,,,,,
"66-47-36-80",1,"No",,"No","No intention to migrate",,"",,,,,,
"66-47-36-80",2,"No",,"No","No intention to migrate",,"",,,,,,
"55-47-02-66",1,"No",,"No","No intention to migrate",,"",,,,,,
"55-47-02-66",2,"No",,"No","No intention to migrate",,"",,,,,,
"55-47-02-66",3,"No",,"No","No intention to migrate",,"",,,,,,
"55-47-02-66",4,"No",,"No","No intention to migrate",,"",,,,,,
"69-74-76-81",1,"No",,"No","No intention to migrate",,"",,,,,,
"69-74-76-81",2,"No",,"No","No intention to migrate",,"",,,,,,
"25-51-33-57",1,"No",,"No","No intention to migrate",,"",,,,,,
"25-51-33-57",2,"Yes","Yes","No",,,"",2022,2023,10,2,300,"Spouse"
"25-51-33-57",3,"Yes","Yes","No",,,"",2023,2023,1,11,0,
"25-51-33-57",4,"No",,"No","No intention to migrate",,"",,,,,,
"25-51-33-57",5,"No",,"No","No intention to migrate",,"",,,,,,
"25-51-33-57",6,"No",,"No","No intention to migrate",,"",,,,,,
"99-83-71-81",1,"No",,"No","No intention to migrate",,"",,,,,,
"99-83-71-81",2,"No",,"No","No intention to migrate",,"",,,,,,
"99-83-71-81",3,"No",,"No","No intention to migrate",,"",,,,,,
"99-83-71-81",4,"No",,"No","No intention to migrate",,"",,,,,,
"30-46-44-49",1,"No",,"No","No intention to migrate",,"",,,,,,
"30-46-44-49",2,"No",,"No","No intention to migrate",,"",,,,,,
"03-30-12-96",1,"No",,"No","No intention to migrate",,"",,,,,,
"03-30-12-96",2,"No",,"No","Don’t know",,"",,,,,,
"03-30-12-96",3,"No",,"No","Don’t know",,"",,,,,,
"03-30-12-96",4,"No",,"No","Don’t know",,"",,,,,,
"03-30-12-96",5,"No",,"No","Don’t know",,"",,,,,,
"35-16-22-13",1,"No",,"Yes","No intention to migrate",,"",2022,2022,,,,
"35-16-22-13",3,"No",,"No","No intention to migrate",,"",,,,,,
"35-16-22-13",4,"No",,"No","No intention to migrate",,"",,,,,,
"35-16-22-13",5,"No",,"No","No intention to migrate",,"",,,,,,
"35-16-22-13",6,"No",,"No","No intention to migrate",,"",,,,,,
"35-16-22-13",7,"No",,"No","No intention to migrate",,"",,,,,,
"96-28-28-46",1,"No",,"No","No intention to migrate",,"",,,,,,
"96-28-28-46",2,"No",,"No","No intention to migrate",,"",,,,,,
"96-28-28-46",3,"No",,"No","No intention to migrate",,"",,,,,,
"96-28-28-46",4,"No",,"No","No intention to migrate",,"",,,,,,
"96-28-28-46",5,"No",,"No","No intention to migrate",,"",,,,,,
"96-28-28-46",7,"No",,"No","Don’t know",,"",,,,,,
"96-28-28-46",8,"No",,"No","No intention to migrate",,"",,,,,,
"96-28-28-46",9,"No",,"No","Don’t know",,"",,,,,,
"96-28-28-46",10,"No",,"No","No intention to migrate",,"",,,,,,
"10-32-26-69",1,"No",,"No","No intention to migrate",,"",,,,,,
"10-32-26-69",2,"No",,"No","No intention to migrate",,"",,,,,,
"10-32-26-69",3,"No",,"No","No intention to migrate",,"",,,,,,
"10-32-26-69",4,"No",,"No","No intention to migrate",,"",,,,,,
"10-32-26-69",5,"No",,"No","No intention to migrate",,"",,,,,,
"68-75-69-07",1,"No",,"No","No intention to migrate",,"",,,,,,
"68-75-69-07",2,"No",,"No","No intention to migrate",,"",,,,,,
"68-75-69-07",3,"No",,"No","No intention to migrate",,"",,,,,,
"68-75-69-07",4,"Yes","No","No",,,"",2020,2022,,,,
"68-75-69-07",5,"No",,"No","No intention to migrate",,"",,,,,,
"02-58-63-69",1,"No",,"No","No intention to migrate",,"",,,,,,
"02-58-63-69",2,"No",,"No","No intention to migrate",,"",,,,,,
"02-58-63-69",3,"No",,"No","No intention to migrate",,"",,,,,,
"02-58-63-69",4,"No",,"No","No intention to migrate",,"",,,,,,
"58-12-98-10",1,"Yes","No","No",,,"",2019,2023,,,,
"58-12-98-10",2,"No",,"No","No intention to migrate",,"",,,,,,
"58-12-98-10",3,"No",,"No","No intention to migrate",,"",,,,,,
"58-12-98-10",4,"No",,"No","No intention to migrate",,"",,,,,,
"58-12-98-10",6,"No",,"No","No intention to migrate",,"",,,,,,
"22-68-19-10",1,"No",,"No","No intention to migrate",,"",,,,,,
"22-68-19-10",2,"No",,"No","No intention to migrate",,"",,,,,,
"22-68-19-10",3,"No",,"No","No intention to migrate",,"",,,,,,
"22-68-19-10",4,"No",,"No","No intention to migrate",,"",,,,,,
"99-42-05-34",1,"No",,"No","No intention to migrate",,"",,,,,,
"21-29-11-98",1,"No",,"No","No intention to migrate",,"",,,,,,
"21-29-11-98",2,"No",,"No","No intention to migrate",,"",,,,,,
"21-29-11-98",3,"No",,"No","No intention to migrate",,"",,,,,,
"21-29-11-98",4,"No",,"No","No intention to migrate",,"",,,,,,
"21-29-11-98",5,"No",,"No","No intention to migrate",,"",,,,,,
"06-11-50-44",1,"No",,"No","No intention to migrate",,"",,,,,,
"06-11-50-44",2,"No",,"No","No intention to migrate",,"",,,,,,
"38-44-09-59",1,"No",,"No","No intention to migrate",,"",,,,,,
"38-44-09-59",2,"No",,"No","No intention to migrate",,"",,,,,,
"38-44-09-59",4,"No",,"No","No intention to migrate",,"",,,,,,
"38-44-09-59",5,"No",,"No","No intention to migrate",,"",,,,,,
"81-45-35-86",1,"No",,"No","No intention to migrate",,"",,,,,,
"81-45-35-86",2,"No",,"No","No intention to migrate",,"",,,,,,
"83-11-66-41",1,"No",,"No","No intention to migrate",,"",,,,,,
"83-11-66-41",2,"No",,"No","No intention to migrate",,"",,,,,,
"83-11-66-41",4,"No",,"No","Don’t know",,"",,,,,,
"83-11-66-41",5,"No",,"No","Don’t know",,"",,,,,,
"83-11-66-41",6,"No",,"No","Don’t know",,"",,,,,,
"45-34-02-51",1,"No",,"No","No intention to migrate",,"",,,,,,
"26-37-15-28",1,"No",,"No","No intention to migrate",,"",,,,,,
"26-37-15-28",2,"No",,"No","No intention to migrate",,"",,,,,,
"26-37-15-28",3,"No",,"No","No intention to migrate",,"",,,,,,
"26-37-15-28",4,"No",,"No","No intention to migrate",,"",,,,,,
"26-37-15-28",5,"No",,"No","No intention to migrate",,"",,,,,,
"73-50-61-74",1,"No",,"No","No intention to migrate",,"",,,,,,
"73-50-61-74",2,"No",,"No","No intention to migrate",,"",,,,,,
"73-50-61-74",3,"Yes","No","Yes",,,"",2019,2022,,,,
"73-50-61-74",4,"No",,"No","No intention to migrate",,"",,,,,,
"73-50-61-74",5,"No",,"No","No intention to migrate",,"",,,,,,
"58-09-34-36",1,"No",,"No","No intention to migrate",,"",,,,,,
"58-09-34-36",2,"No",,"No","Don’t know",,"",,,,,,
"58-09-34-36",3,"No",,"No","Don’t know",,"",,,,,,
"94-78-30-89",1,"No",,"No","No intention to migrate",,"",,,,,,
"94-78-30-89",2,"No",,"No","No intention to migrate",,"",,,,,,
"94-78-30-89",3,"No",,"No","No intention to migrate",,"",,,,,,
"94-78-30-89",4,"No",,"No","No intention to migrate",,"",,,,,,
"94-78-30-89",5,"No",,"No","No intention to migrate",,"",,,,,,
"94-78-30-89",6,"No",,"No","No intention to migrate",,"",,,,,,
"97-62-61-29",1,"No",,"No","No intention to migrate",,"",,,,,,
"97-62-61-29",2,"No",,"No","No intention to migrate",,"",,,,,,
"97-62-61-29",3,"No",,"No","No intention to migrate",,"",,,,,,
"97-62-61-29",4,"No",,"No","No intention to migrate",,"",,,,,,
"97-62-61-29",6,"No",,"No","No intention to migrate",,"",,,,,,
"16-35-49-05",1,"No",,"No","No intention to migrate",,"",,,,,,
"16-35-49-05",2,"No",,"No","No intention to migrate",,"",,,,,,
"16-35-49-05",3,"No",,"No","No intention to migrate",,"",,,,,,
"16-35-49-05",4,"No",,"No","No intention to migrate",,"",,,,,,
"16-35-49-05",6,"No",,"No","No intention to migrate",,"",,,,,,
"18-48-69-27",1,"No",,"No","No intention to migrate",,"",,,,,,
"18-48-69-27",2,"No",,"No","No intention to migrate",,"",,,,,,
"18-48-69-27",4,"No",,"No","No intention to migrate",,"",,,,,,
"18-48-69-27",5,"No",,"No","No intention to migrate",,"",,,,,,
"18-48-69-27",6,"No",,"No","No intention to migrate",,"",,,,,,
"18-48-69-27",7,"No",,"No","No intention to migrate",,"",,,,,,
"18-48-69-27",8,"No",,"No","No intention to migrate",,"",,,,,,
"30-61-23-28",1,"No",,"No","No intention to migrate",,"",,,,,,
"91-09-11-51",1,"No",,"No","No intention to migrate",,"",,,,,,
"91-09-11-51",2,"No",,"No","No intention to migrate",,"",,,,,,
"91-09-11-51",3,"No",,"No","No intention to migrate",,"",,,,,,
"91-09-11-51",4,"No",,"No","No intention to migrate",,"",,,,,,
"91-09-11-51",5,"No",,"No","No intention to migrate",,"",,,,,,
"03-15-59-01",1,"No",,"No","No intention to migrate",,"",,,,,,
"03-15-59-01",2,"Yes","No","Yes",,,"",2009,2023,,,,
"03-15-59-01",3,"No",,"No","Don’t know",,"",,,,,,
"03-15-59-01",7,"No",,"No","Don’t know",,"",,,,,,
"51-88-98-79",1,"No",,"No","No intention to migrate",,"",,,,,,
"51-88-98-79",2,"No",,"No","Don’t know",,"",,,,,,
"51-88-98-79",3,"No",,"No","Don’t know",,"",,,,,,
"51-88-98-79",4,"No",,"No","Don’t know",,"",,,,,,
"51-88-98-79",5,"No",,"No","Don’t know",,"",,,,,,
"51-88-98-79",6,"No",,"No","Don’t know",,"",,,,,,
"51-88-98-79",7,"No",,"No","Don’t know",,"",,,,,,
"51-88-98-79",8,"No",,"No","Don’t know",,"",,,,,,
"51-88-98-79",10,"No",,"No","Don’t know",,"",,,,,,
"38-99-58-33",1,"No",,"No","No intention to migrate",,"",,,,,,
"38-99-58-33",2,"No",,"No","No intention to migrate",,"",,,,,,
"38-99-58-33",3,"No",,"No","No intention to migrate",,"",,,,,,
"38-99-58-33",4,"No",,"No","No intention to migrate",,"",,,,,,
"38-99-58-33",5,"No",,"No","No intention to migrate",,"",,,,,,
"38-99-58-33",6,"No",,"No","No intention to migrate",,"",,,,,,
"38-99-58-33",7,"No",,"No","No intention to migrate",,"",,,,,,
"38-99-58-33",13,"No",,"No","No intention to migrate",,"",,,,,,
"38-99-58-33",14,"No",,"No","No intention to migrate",,"",,,,,,
"73-78-76-86",1,"No",,"No","No intention to migrate",,"",,,,,,
"73-78-76-86",2,"No",,"No","Don’t know",,"",,,,,,
"73-78-76-86",3,"No",,"No","Don’t know",,"",,,,,,
"16-76-51-56",1,"No",,"No","No intention to migrate",,"",,,,,,
"34-75-99-64",1,"No",,"No","Yes temporarily migrate","Town in region","",,,,,,
"34-75-99-64",2,"No",,"No","Don’t know",,"",,,,,,
"34-75-99-64",3,"No",,"No","Don’t know",,"",,,,,,
"00-76-59-09",1,"No",,"No","No intention to migrate",,"",,,,,,
"00-76-59-09",6,"No",,"No","No intention to migrate",,"",,,,,,
"03-36-35-32",1,"No",,"No","No intention to migrate",,"",,,,,,
"03-36-35-32",5,"No",,"No","Don’t know",,"",,,,,,
"03-36-35-32",6,"No",,"No","Don’t know",,"",,,,,,
"03-36-35-32",7,"No",,"No","Don’t know",,"",,,,,,
"03-36-35-32",8,"No",,"No","Don’t know",,"",,,,,,
"03-36-35-32",10,"No",,"No","Don’t know",,"",,,,,,
"66-74-25-56",1,"No",,"No","No intention to migrate",,"",,,,,,
"66-74-25-56",2,"No",,"No","Don’t know",,"",,,,,,
"66-74-25-56",3,"No",,"No","Don’t know",,"",,,,,,
"66-74-25-56",4,"No",,"No","Don’t know",,"",,,,,,
"66-74-25-56",5,"No",,"No","Don’t know",,"",,,,,,
"66-74-25-56",11,"No",,"No","Don’t know",,"",,,,,,
"66-74-25-56",12,"No",,"No","Don’t know",,"",,,,,,
"66-74-25-56",14,"No",,"No","No intention to migrate",,"",,,,,,
"80-48-62-68",1,"Yes","Yes","Yes",,,"",2020,2023,3,1,500,"Head/Self"
"80-48-62-68",2,"Yes","Yes","Yes",,,"",2020,2023,3,1,500,"Head/Self"
"80-48-62-68",3,"No",,"No","No intention to migrate",,"",,,,,,
"80-48-62-68",4,"No",,"No","No intention to migrate",,"",,,,,,
"80-48-62-68",5,"No",,"No","No intention to migrate",,"",,,,,,
"67-59-61-49",1,"No",,"No","No intention to migrate",,"",,,,,,
"67-59-61-49",2,"No",,"No","No intention to migrate",,"",,,,,,
"67-59-61-49",3,"No",,"No","No intention to migrate",,"",,,,,,
"67-59-61-49",4,"No",,"No","No intention to migrate",,"",,,,,,
"23-88-68-38",1,"No",,"No","No intention to migrate",,"",,,,,,
"23-88-68-38",2,"No",,"No","No intention to migrate",,"",,,,,,
"23-88-68-38",3,"No",,"No","No intention to migrate",,"",,,,,,
"23-88-68-38",4,"No",,"No","No intention to migrate",,"",,,,,,
"23-88-68-38",5,"No",,"No","No intention to migrate",,"",,,,,,
"23-88-68-38",6,"No",,"No","No intention to migrate",,"",,,,,,
"23-88-68-38",7,"No",,"No","No intention to migrate",,"",,,,,,
"23-88-68-38",8,"No",,"No","No intention to migrate",,"",,,,,,
"23-88-68-38",9,"No",,"No","No intention to migrate",,"",,,,,,
"23-88-68-38",10,"No",,"No","No intention to migrate",,"",,,,,,
"23-88-68-38",14,"No",,"No","Don’t know",,"",,,,,,
"23-88-68-38",15,"No",,"No","No intention to migrate",,"",,,,,,
"24-58-49-24",1,"No",,"No","No intention to migrate",,"",,,,,,
"24-58-49-24",2,"No",,"No","No intention to migrate",,"",,,,,,
"24-58-49-24",3,"No",,"No","No intention to migrate",,"",,,,,,
"24-58-49-24",6,"No",,"No","No intention to migrate",,"",,,,,,
"27-73-91-69",1,"No",,"No","No intention to migrate",,"",,,,,,
"27-73-91-69",2,"No",,"No","No intention to migrate",,"",,,,,,
"27-73-91-69",3,"No",,"No","Don’t know",,"",,,,,,
"27-73-91-69",4,"No",,"No","Don’t know",,"",,,,,,
"27-73-91-69",5,"No",,"No","Don’t know",,"",,,,,,
"88-41-94-49",1,"No",,"No","No intention to migrate",,"",,,,,,
"88-41-94-49",2,"No",,"Yes","Yes temporarily migrate","Town outside region","",2023,2023,,,,
"88-41-94-49",3,"No",,"No","Don’t know",,"",,,,,,
"88-41-94-49",4,"No",,"No","Don’t know",,"",,,,,,
"88-41-94-49",5,"No",,"No","Don’t know",,"",,,,,,
"83-47-45-70",1,"No",,"No","No intention to migrate",,"",,,,,,
"83-47-45-70",2,"No",,"No","No intention to migrate",,"",,,,,,
"06-72-44-70",1,"No",,"No","No intention to migrate",,"",,,,,,
"06-72-44-70",2,"No",,"No","No intention to migrate",,"",,,,,,
"06-72-44-70",3,"No",,"No","No intention to migrate",,"",,,,,,
"06-72-44-70",4,"No",,"No","No intention to migrate",,"",,,,,,
"06-72-44-70",5,"No",,"No","No intention to migrate",,"",,,,,,
"85-25-38-04",1,"No",,"No","No intention to migrate",,"",,,,,,
"99-72-02-18",1,"No",,"No","No intention to migrate",,"",,,,,,
"99-72-02-18",2,"No",,"No","No intention to migrate",,"",,,,,,
"76-93-76-77",1,"No",,"No","No intention to migrate",,"",,,,,,
"76-93-76-77",2,"No",,"No","No intention to migrate",,"",,,,,,
"76-93-76-77",4,"No",,"No","No intention to migrate",,"",,,,,,
"25-81-57-24",1,"No",,"No","No intention to migrate",,"",,,,,,
"25-81-57-24",2,"No",,"Yes","No intention to migrate",,"",2019,2022,,,,
"25-81-57-24",3,"No",,"Yes","Yes temporarily migrate","Town in region","",2008,2022,,,,
"25-81-57-24",6,"No",,"No","No intention to migrate",,"",,,,,,
"18-66-56-26",1,"No",,"No","No intention to migrate",,"",,,,,,
"18-66-56-26",2,"No",,"No","No intention to migrate",,"",,,,,,
"38-35-03-16",1,"No",,"No","No intention to migrate",,"",,,,,,
"38-35-03-16",2,"No",,"No","No intention to migrate",,"",,,,,,
"87-43-13-02",1,"No",,"No","No intention to migrate",,"",,,,,,
"06-72-27-90",1,"No",,"No","No intention to migrate",,"",,,,,,
"06-72-27-90",2,"No",,"No","No intention to migrate",,"",,,,,,
"06-72-27-90",3,"No",,"No","No intention to migrate",,"",,,,,,
"06-72-27-90",4,"No",,"No","No intention to migrate",,"",,,,,,
"06-72-27-90",5,"No",,"No","No intention to migrate",,"",,,,,,
"06-72-27-90",6,"No",,"No","No intention to migrate",,"",,,,,,
"06-72-27-90",7,"No",,"No","Yes temporarily migrate","Capital city","",,,,,,
"06-72-27-90",8,"No",,"No","No intention to migrate",,"",,,,,,
"06-72-27-90",9,"No",,"No","No intention to migrate",,"",,,,,,
"10-09-48-91",1,"No",,"No","No intention to migrate",,"",,,,,,
"10-09-48-91",3,"No",,"No","Don’t know",,"",,,,,,
"89-20-17-64",1,"No",,"No","Yes temporarily migrate","Town in region","",,,,,,
"89-20-17-64",2,"No",,"No","Yes temporarily migrate","Town in region","",,,,,,
"89-20-17-64",3,"No",,"No","Don’t know",,"",,,,,,
"89-20-17-64",4,"No",,"No","Don’t know",,"",,,,,,
"89-20-17-64",5,"No",,"No","Don’t know",,"",,,,,,
"89-20-17-64",8,"No",,"No","Don’t know",,"",,,,,,
"61-30-29-22",1,"No",,"No","No intention to migrate",,"",,,,,,
"61-30-29-22",2,"No",,"No","No intention to migrate",,"",,,,,,
"61-30-29-22",3,"No",,"No","No intention to migrate",,"",,,,,,
"61-30-29-22",4,"No",,"No","No intention to migrate",,"",,,,,,
"61-30-29-22",7,"No",,"No","No intention to migrate",,"",,,,,,
"61-30-29-22",8,"No",,"No","No intention to migrate",,"",,,,,,
"61-30-29-22",9,"No",,"Yes","Yes temporarily migrate","village outside region","",2022,2022,,,,
"32-64-82-60",1,"No",,"No","No intention to migrate",,"",,,,,,
"32-64-82-60",2,"No",,"No","No intention to migrate",,"",,,,,,
"05-69-71-03",1,"No",,"No","No intention to migrate",,"",,,,,,
"05-69-71-03",2,"No",,"No","Don’t know",,"",,,,,,
"05-69-71-03",3,"No",,"No","Yes temporarily migrate","Town in region","",,,,,,
"05-69-71-03",4,"No",,"No","Yes temporarily migrate","Town in region","",,,,,,
"62-54-48-69",1,"No",,"No","No intention to migrate",,"",,,,,,
"62-54-48-69",2,"No",,"No","No intention to migrate",,"",,,,,,
"62-54-48-69",3,"No",,"No","No intention to migrate",,"",,,,,,
"62-54-48-69",4,"No",,"No","No intention to migrate",,"",,,,,,
"62-54-48-69",5,"No",,"No","No intention to migrate",,"",,,,,,
"62-54-48-69",6,"No",,"No","No intention to migrate",,"",,,,,,
"40-71-41-17",1,"No",,"No","No intention to migrate",,"",,,,,,
"40-71-41-17",2,"No",,"No","No intention to migrate",,"",,,,,,
"40-71-41-17",3,"No",,"No","No intention to migrate",,"",,,,,,
"40-71-41-17",4,"No",,"No","No intention to migrate",,"",,,,,,
"59-04-18-69",1,"No",,"No","No intention to migrate",,"",,,,,,
"59-04-18-69",2,"No",,"No","No intention to migrate",,"",,,,,,
"59-04-18-69",3,"No",,"No","No intention to migrate",,"",,,,,,
"59-04-18-69",4,"No",,"No","No intention to migrate",,"",,,,,,
"59-04-18-69",5,"No",,"No","No intention to migrate",,"",,,,,,
"59-04-18-69",6,"No",,"No","No intention to migrate",,"",,,,,,
"99-19-59-36",1,"No",,"No","No intention to migrate",,"",,,,,,
"99-19-59-36",2,"No",,"No","No intention to migrate",,"",,,,,,
"99-19-59-36",3,"No",,"No","No intention to migrate",,"",,,,,,
"99-19-59-36",4,"No",,"No","No intention to migrate",,"",,,,,,
"99-19-59-36",5,"No",,"No","No intention to migrate",,"",,,,,,
"99-19-59-36",6,"No",,"No","No intention to migrate",,"",,,,,,
"99-19-59-36",7,"No",,"No","No intention to migrate",,"",,,,,,
"99-19-59-36",8,"No",,"No","No intention to migrate",,"",,,,,,
"66-80-07-88",1,"No",,"No","No intention to migrate",,"",,,,,,
"66-80-07-88",2,"No",,"No","No intention to migrate",,"",,,,,,
"66-80-07-88",3,"No",,"No","No intention to migrate",,"",,,,,,
"66-80-07-88",4,"No",,"No","No intention to migrate",,"",,,,,,
"33-91-72-59",1,"No",,"No","No intention to migrate",,"",,,,,,
"33-91-72-59",2,"No",,"No","No intention to migrate",,"",,,,,,
"79-95-75-64",1,"No",,"No","No intention to migrate",,"",,,,,,
"79-95-75-64",2,"No",,"No","Don’t know",,"",,,,,,
"79-95-75-64",3,"No",,"No","Don’t know",,"",,,,,,
"79-95-75-64",4,"No",,"No","Don’t know",,"",,,,,,
"79-95-75-64",6,"No",,"No","Don’t know",,"",,,,,,
"79-95-75-64",7,"No",,"No","Don’t know",,"",,,,,,
"36-27-38-94",1,"No",,"No","No intention to migrate",,"",,,,,,
"36-27-38-94",2,"No",,"No","No intention to migrate",,"",,,,,,
"20-85-41-55",1,"No",,"No","No intention to migrate",,"",,,,,,
"20-85-41-55",2,"No",,"No","Don’t know",,"",,,,,,
"20-85-41-55",3,"No",,"No","Don’t know",,"",,,,,,
"20-85-41-55",4,"No",,"No","Don’t know",,"",,,,,,
"20-85-41-55",7,"No",,"No","Don’t know",,"",,,,,,
"20-85-41-55",11,"No",,"No","Don’t know",,"",,,,,,
"99-41-30-80",1,"Yes","Yes","No",,,"",2023,2023,3,0,0,
"99-41-30-80",2,"No",,"No","No intention to migrate",,"",,,,,,
"99-41-30-80",4,"No",,"No","No intention to migrate",,"",,,,,,
"71-06-23-24",1,"No",,"No","No intention to migrate",,"",,,,,,
"71-06-23-24",2,"No",,"No","No intention to migrate",,"",,,,,,
"71-06-23-24",3,"No",,"No","No intention to migrate",,"",,,,,,
"71-06-23-24",4,"No",,"No","No intention to migrate",,"",,,,,,
"89-01-00-04",1,"No",,"No","No intention to migrate",,"",,,,,,
"89-01-00-04",2,"No",,"No","No intention to migrate",,"",,,,,,
"89-01-00-04",3,"No",,"No","No intention to migrate",,"",,,,,,
"89-01-00-04",4,"No",,"No","Don’t know",,"",,,,,,
"89-01-00-04",5,"No",,"No","Don’t know",,"",,,,,,
"89-01-00-04",6,"No",,"No","Don’t know",,"",,,,,,
"00-37-37-14",1,"No",,"No","No intention to migrate",,"",,,,,,
"00-37-37-14",2,"No",,"No","No intention to migrate",,"",,,,,,
"00-37-37-14",3,"No",,"No","Don’t know",,"",,,,,,
"00-37-37-14",4,"No",,"No","Don’t know",,"",,,,,,
"00-37-37-14",5,"No",,"No","Don’t know",,"",,,,,,
"00-37-37-14",8,"No",,"No","Don’t know",,"",,,,,,
"74-41-47-70",1,"No",,"No","No intention to migrate",,"",,,,,,
"74-41-47-70",2,"No",,"No","No intention to migrate",,"",,,,,,
"52-43-66-41",1,"No",,"No","No intention to migrate",,"",,,,,,
"52-43-66-41",4,"No",,"No","No intention to migrate",,"",,,,,,
"52-43-66-41",6,"No",,"No","No intention to migrate",,"",,,,,,
"83-13-77-99",1,"No",,"Yes","Yes permanently migrate","Village in region","",2023,2023,,,,
"83-13-77-99",2,"No",,"No","No intention to migrate",,"",,,,,,
"83-13-77-99",4,"No",,"No","No intention to migrate",,"",,,,,,
"61-91-44-04",1,"No",,"No","No intention to migrate",,"",,,,,,
"61-91-44-04",2,"No",,"No","No intention to migrate",,"",,,,,,
"61-31-17-62",1,"No",,"No","No intention to migrate",,"",,,,,,
"61-31-17-62",2,"No",,"No","No intention to migrate",,"",,,,,,
"61-31-17-62",3,"No",,"No","No intention to migrate",,"",,,,,,
"01-73-77-56",1,"No",,"No","No intention to migrate",,"",,,,,,
"01-73-77-56",2,"No",,"No","Yes temporarily migrate","Town in region","",,,,,,
"01-73-77-56",3,"No",,"No","Yes temporarily migrate","Town in region","",,,,,,
"01-73-77-56",4,"No",,"No","Don’t know",,"",,,,,,
"01-73-77-56",5,"No",,"No","Don’t know",,"",,,,,,
"47-87-04-23",1,"No",,"No","No intention to migrate",,"",,,,,,
"47-87-04-23",2,"No",,"No","No intention to migrate",,"",,,,,,
"47-87-04-23",3,"No",,"No","No intention to migrate",,"",,,,,,
"47-87-04-23",4,"No",,"No","No intention to migrate",,"",,,,,,
"47-87-04-23",5,"No",,"No","No intention to migrate",,"",,,,,,
"47-87-04-23",6,"No",,"No","No intention to migrate",,"",,,,,,
"47-87-04-23",10,"No",,"No","No intention to migrate",,"",,,,,,
"47-87-04-23",11,"No",,"No","No intention to migrate",,"",,,,,,
"46-77-22-22",1,"Yes","No","Yes",,,"",2010,2023,,,,
"46-77-22-22",2,"Yes","No","Yes",,,"",2023,2023,,,,
"46-77-22-22",3,"No",,"No","No intention to migrate",,"",,,,,,
"54-46-59-23",1,"No",,"No","No intention to migrate",,"",,,,,,
"54-46-59-23",2,"Yes","Yes","No",,,"",2022,2022,12,1,100,"Mother"
"47-72-11-03",1,"No",,"No","No intention to migrate",,"",,,,,,
"75-19-56-83",1,"No",,"No","No intention to migrate",,"",,,,,,
"75-19-56-83",2,"No",,"No","No intention to migrate",,"",,,,,,
"17-63-18-37",1,"No",,"No","No intention to migrate",,"",,,,,,
"17-63-18-37",2,"No",,"No","No intention to migrate",,"",,,,,,
"17-63-18-37",3,"Yes","Yes","Yes",,,"",2022,2022,12,0,100,"Spouse"
"17-63-18-37",4,"Yes","No","No",,,"",2023,2023,,,,
"36-67-78-55",1,"Yes","Yes","No",,,"",2023,2023,2,4,1000,"Spouse"
"36-67-78-55",2,"No",,"No","No intention to migrate",,"",,,,,,
"36-67-78-55",3,"No",,"No","No intention to migrate",,"",,,,,,
"36-67-78-55",4,"No",,"No","No intention to migrate",,"",,,,,,
"57-94-56-04",1,"No",,"No","No intention to migrate",,"",,,,,,
"57-94-56-04",2,"No",,"No","No intention to migrate",,"",,,,,,
"50-78-72-42",1,"No",,"No","No intention to migrate",,"",,,,,,
"50-78-72-42",2,"No",,"No","No intention to migrate",,"",,,,,,
"39-32-15-43",1,"Yes","Yes","No",,,"",2019,2023,4,1,0,
"39-32-15-43",2,"No",,"No","No intention to migrate",,"",,,,,,
"39-32-15-43",3,"No",,"No","No intention to migrate",,"",,,,,,
"83-43-24-20",1,"No",,"No","No intention to migrate",,"",,,,,,
"83-43-24-20",2,"No",,"No","No intention to migrate",,"",,,,,,
"83-43-24-20",3,"No",,"No","No intention to migrate",,"",,,,,,
"86-15-33-66",1,"No",,"No","No intention to migrate",,"",,,,,,
"86-15-33-66",2,"No",,"No","No intention to migrate",,"",,,,,,
"86-15-33-66",3,"No",,"No","No intention to migrate",,"",,,,,,
"86-15-33-66",4,"No",,"No","No intention to migrate",,"",,,,,,
"86-15-33-66",5,"No",,"No","No intention to migrate",,"",,,,,,
"44-68-45-91",1,"Yes","No","Yes",,,"",2009,2023,,,,
"44-68-45-91",2,"Yes","Yes","Yes",,,"",2013,2023,9,4,0,
"92-79-83-19",1,"No",,"No","No intention to migrate",,"",,,,,,
"92-79-83-19",2,"No",,"No","No intention to migrate",,"",,,,,,
"92-79-83-19",3,"No",,"No","No intention to migrate",,"",,,,,,
"92-79-83-19",4,"No",,"No","No intention to migrate",,"",,,,,,
"92-79-83-19",5,"No",,"No","No intention to migrate",,"",,,,,,
"92-79-83-19",6,"No",,"No","No intention to migrate",,"",,,,,,
"92-79-83-19",7,"No",,"No","No intention to migrate",,"",,,,,,
"84-11-52-01",1,"No",,"No","No intention to migrate",,"",,,,,,
"84-11-52-01",2,"No",,"No","No intention to migrate",,"",,,,,,
"84-11-52-01",3,"No",,"No","No intention to migrate",,"",,,,,,
"84-11-52-01",4,"No",,"No","No intention to migrate",,"",,,,,,
"84-11-52-01",7,"No",,"No","No intention to migrate",,"",,,,,,
"04-80-79-59",1,"No",,"No","No intention to migrate",,"",,,,,,
"04-80-79-59",4,"No",,"No","No intention to migrate",,"",,,,,,
"86-90-94-39",1,"No",,"No","No intention to migrate",,"",,,,,,
"60-18-28-01",1,"No",,"No","No intention to migrate",,"",,,,,,
"60-18-28-01",2,"No",,"No","Yes temporarily migrate","Town outside region","",,,,,,
"60-18-28-01",3,"No",,"No","No intention to migrate",,"",,,,,,
"60-18-28-01",4,"No",,"No","No intention to migrate",,"",,,,,,
"60-18-28-01",5,"No",,"No","No intention to migrate",,"",,,,,,
"95-75-71-60",1,"No",,"No","No intention to migrate",,"",,,,,,
"95-75-71-60",2,"No",,"No","No intention to migrate",,"",,,,,,
"95-75-71-60",3,"No",,"No","No intention to migrate",,"",,,,,,
"92-06-91-29",1,"No",,"No","No intention to migrate",,"",,,,,,
"92-06-91-29",2,"No",,"No","No intention to migrate",,"",,,,,,
"92-06-91-29",3,"No",,"No","No intention to migrate",,"",,,,,,
"92-06-91-29",4,"No",,"No","No intention to migrate",,"",,,,,,
"92-06-91-29",5,"No",,"No","No intention to migrate",,"",,,,,,
"92-06-91-29",8,"No",,"No","No intention to migrate",,"",,,,,,
"54-44-90-07",1,"No",,"No","No intention to migrate",,"",,,,,,
"54-44-90-07",2,"No",,"No","Don’t know",,"",,,,,,
"54-44-90-07",6,"No",,"No","No intention to migrate",,"",,,,,,
"03-23-51-60",1,"No",,"No","No intention to migrate",,"",,,,,,
"03-23-51-60",2,"No",,"No","No intention to migrate",,"",,,,,,
"03-23-51-60",5,"No",,"No","No intention to migrate",,"",,,,,,
"03-23-51-60",7,"No",,"No","No intention to migrate",,"",,,,,,
"03-23-51-60",8,"No",,"No","No intention to migrate",,"",,,,,,
"00-90-52-98",1,"No",,"No","No intention to migrate",,"",,,,,,
"00-90-52-98",2,"No",,"No","No intention to migrate",,"",,,,,,
"00-90-52-98",3,"No",,"No","No intention to migrate",,"",,,,,,
"00-90-52-98",4,"No",,"No","No intention to migrate",,"",,,,,,
"00-90-52-98",5,"No",,"No","No intention to migrate",,"",,,,,,
"94-81-42-69",1,"No",,"No","No intention to migrate",,"",,,,,,
"94-81-42-69",2,"No",,"No","Don’t know",,"",,,,,,
"94-81-42-69",3,"No",,"No","No intention to migrate",,"",,,,,,
"93-63-81-71",1,"No",,"No","No intention to migrate",,"",,,,,,
"93-63-81-71",2,"No",,"No","No intention to migrate",,"",,,,,,
"93-63-81-71",3,"No",,"No","No intention to migrate",,"",,,,,,
"93-63-81-71",4,"No",,"No","No intention to migrate",,"",,,,,,
"93-63-81-71",5,"No",,"No","No intention to migrate",,"",,,,,,
"93-63-81-71",6,"No",,"No","No intention to migrate",,"",,,,,,
"98-80-95-52",1,"No",,"No","No intention to migrate",,"",,,,,,
"98-80-95-52",2,"No",,"No","Don’t know",,"",,,,,,
"98-80-95-52",3,"No",,"No","Don’t know",,"",,,,,,
"98-80-95-52",4,"No",,"No","Don’t know",,"",,,,,,
"98-80-95-52",5,"No",,"No","Don’t know",,"",,,,,,
"43-02-26-99",1,"No",,"No","No intention to migrate",,"",,,,,,
"43-02-26-99",2,"No",,"No","No intention to migrate",,"",,,,,,
"43-02-26-99",3,"No",,"No","No intention to migrate",,"",,,,,,
"53-75-34-84",1,"No",,"No","Don’t know",,"",,,,,,
"53-75-34-84",2,"No",,"No","Don’t know",,"",,,,,,
"53-75-34-84",3,"No",,"No","Don’t know",,"",,,,,,
"27-49-80-27",1,"No",,"No","No intention to migrate",,"",,,,,,
"27-49-80-27",2,"No",,"No","No intention to migrate",,"",,,,,,
"27-49-80-27",3,"No",,"No","No intention to migrate",,"",,,,,,
"33-72-39-68",1,"Yes","Yes","Yes",,,"",2005,2023,8,6,15000,"Spouse"
"33-72-39-68",2,"No",,"No","No intention to migrate",,"",,,,,,
"33-72-39-68",5,"No",,"No","No intention to migrate",,"",,,,,,
"17-79-25-12",1,"No",,"No","No intention to migrate",,"",,,,,,
"17-79-25-12",2,"No",,"No","No intention to migrate",,"",,,,,,
"17-79-25-12",3,"Yes","No","Yes",,,"",2016,2022,,,,
"17-79-25-12",4,"No",,"No","No intention to migrate",,"",,,,,,
"74-51-58-80",1,"No",,"No","No intention to migrate",,"",,,,,,
"74-51-58-80",2,"No",,"No","No intention to migrate",,"",,,,,,
"74-51-58-80",3,"No",,"No","No intention to migrate",,"",,,,,,
"74-51-58-80",7,"No",,"No","No intention to migrate",,"",,,,,,
"22-03-45-06",1,"No",,"No","No intention to migrate",,"",,,,,,
"22-03-45-06",2,"No",,"No","Don’t know",,"",,,,,,
"22-03-45-06",3,"No",,"No","Don’t know",,"",,,,,,
"29-14-83-70",1,"Yes","No","Yes",,,"",2000,2020,,,,
"29-14-83-70",2,"No",,"No","Don’t know",,"",,,,,,
"29-14-83-70",3,"No",,"No","Don’t know",,"",,,,,,
"54-67-39-05",1,"No",,"No","No intention to migrate",,"",,,,,,
"54-67-39-05",2,"No",,"No","No intention to migrate",,"",,,,,,
"54-67-39-05",3,"No",,"No","No intention to migrate",,"",,,,,,
"54-67-39-05",6,"No",,"No","No intention to migrate",,"",,,,,,
"72-58-55-05",1,"No",,"No","No intention to migrate",,"",,,,,,
"72-58-55-05",2,"No",,"No","No intention to migrate",,"",,,,,,
"72-58-55-05",3,"No",,"No","No intention to migrate",,"",,,,,,
"04-15-15-88",1,"No",,"No","Don’t know",,"",,,,,,
"27-95-56-36",1,"No",,"No","No intention to migrate",,"",,,,,,
"27-95-56-36",2,"No",,"No","No intention to migrate",,"",,,,,,
"27-95-56-36",3,"No",,"No","No intention to migrate",,"",,,,,,
"27-95-56-36",4,"No",,"No","No intention to migrate",,"",,,,,,
"27-95-56-36",5,"No",,"No","No intention to migrate",,"",,,,,,
"27-95-56-36",6,"No",,"No","No intention to migrate",,"",,,,,,
"53-49-41-59",1,"No",,"No","Yes permanently migrate","Village in region","",,,,,,
"53-49-41-59",4,"No",,"No","Yes permanently migrate","Village in region","",,,,,,
"39-17-22-92",1,"No",,"No","No intention to migrate",,"",,,,,,
"39-17-22-92",2,"No",,"No","No intention to migrate",,"",,,,,,
"39-17-22-92",3,"No",,"No","Don’t know",,"",,,,,,
"39-17-22-92",4,"No",,"No","Don’t know",,"",,,,,,
"39-17-22-92",5,"No",,"No","Don’t know",,"",,,,,,
"74-39-55-58",1,"No",,"No","No intention to migrate",,"",,,,,,
"74-39-55-58",2,"No",,"No","No intention to migrate",,"",,,,,,
"74-39-55-58",3,"No",,"No","No intention to migrate",,"",,,,,,
"74-39-55-58",4,"No",,"No","No intention to migrate",,"",,,,,,
"74-39-55-58",5,"No",,"No","No intention to migrate",,"",,,,,,
"74-39-55-58",6,"No",,"No","No intention to migrate",,"",,,,,,
"26-22-03-23",1,"No",,"No","No intention to migrate",,"",,,,,,
"09-03-01-05",1,"No",,"No","No intention to migrate",,"",,,,,,
"09-03-01-05",2,"No",,"No","No intention to migrate",,"",,,,,,
"09-03-01-05",3,"No",,"No","Don’t know",,"",,,,,,
"09-03-01-05",6,"No",,"No","Don’t know",,"",,,,,,
"15-07-16-66",1,"No",,"No","No intention to migrate",,"",,,,,,
"15-07-16-66",5,"No",,"No","No intention to migrate",,"",,,,,,
"06-67-11-07",1,"No",,"No","No intention to migrate",,"",,,,,,
"06-67-11-07",2,"No",,"No","No intention to migrate",,"",,,,,,
"06-67-11-07",3,"No",,"No","No intention to migrate",,"",,,,,,
"06-67-11-07",6,"Yes","Yes","No",,,"",2021,2023,9,3,0,
"06-67-11-07",7,"No",,"No","No intention to migrate",,"",,,,,,
"66-85-51-19",1,"No",,"No","No intention to migrate",,"",,,,,,
"66-85-51-19",2,"No",,"No","No intention to migrate",,"",,,,,,
"62-23-34-43",1,"No",,"No","No intention to migrate",,"",,,,,,
"62-23-34-43",2,"No",,"No","No intention to migrate",,"",,,,,,
"62-23-34-43",6,"No",,"No","No intention to migrate",,"",,,,,,
"40-89-37-32",1,"No",,"No","No intention to migrate",,"",,,,,,
"40-89-37-32",2,"No",,"No","No intention to migrate",,"",,,,,,
"47-88-11-20",1,"No",,"No","No intention to migrate",,"",,,,,,
"47-88-11-20",2,"No",,"No","No intention to migrate",,"",,,,,,
"47-88-11-20",3,"No",,"No","No intention to migrate",,"",,,,,,
"47-88-11-20",4,"No",,"No","No intention to migrate",,"",,,,,,
"92-32-27-35",1,"No",,"No","No intention to migrate",,"",,,,,,
"92-32-27-35",2,"No",,"No","No intention to migrate",,"",,,,,,
"92-32-27-35",3,"No",,"No","No intention to migrate",,"",,,,,,
"92-32-27-35",4,"No",,"No","No intention to migrate",,"",,,,,,
"92-32-27-35",5,"No",,"No","No intention to migrate",,"",,,,,,
"92-32-27-35",6,"No",,"No","No intention to migrate",,"",,,,,,
"92-32-27-35",7,"No",,"No","No intention to migrate",,"",,,,,,
"67-30-34-31",1,"No",,"No","No intention to migrate",,"",,,,,,
"67-30-34-31",2,"No",,"No","No intention to migrate",,"",,,,,,
"41-24-19-16",1,"No",,"No","No intention to migrate",,"",,,,,,
"41-24-19-16",2,"No",,"No","No intention to migrate",,"",,,,,,
"41-24-19-16",3,"No",,"No","No intention to migrate",,"",,,,,,
"41-24-19-16",4,"No",,"No","No intention to migrate",,"",,,,,,
"45-68-78-48",1,"No",,"No","No intention to migrate",,"",,,,,,
"45-68-78-48",3,"No",,"No","No intention to migrate",,"",,,,,,
"45-68-78-48",4,"No",,"No","No intention to migrate",,"",,,,,,
"45-68-78-48",5,"No",,"No","No intention to migrate",,"",,,,,,
"45-68-78-48",6,"No",,"No","Yes temporarily migrate","Town in region","",,,,,,
"45-68-78-48",8,"No",,"No","No intention to migrate",,"",,,,,,
"45-68-78-48",11,"No",,"No","No intention to migrate",,"",,,,,,
"02-28-32-41",1,"No",,"No","No intention to migrate",,"",,,,,,
"02-28-32-41",2,"No",,"No","No intention to migrate",,"",,,,,,
"02-28-32-41",3,"No",,"No","No intention to migrate",,"",,,,,,
"02-28-32-41",4,"No",,"No","No intention to migrate",,"",,,,,,
"42-76-32-22",1,"No",,"No","No intention to migrate",,"",,,,,,
"42-76-32-22",2,"No",,"No","No intention to migrate",,"",,,,,,
"42-76-32-22",3,"No",,"No","No intention to migrate",,"",,,,,,
"42-76-32-22",4,"No",,"No","No intention to migrate",,"",,,,,,
"79-53-86-42",1,"No",,"No","Yes temporarily migrate","Town in region","",,,,,,
"79-53-86-42",2,"No",,"No","Yes temporarily migrate","Town in region","",,,,,,
"79-53-86-42",3,"No",,"No","Yes temporarily migrate","Town in region","",,,,,,
"79-53-86-42",4,"No",,"No","Yes temporarily migrate","Town in region","",,,,,,
"79-53-86-42",5,"No",,"No","Don’t know",,"",,,,,,
"79-53-86-42",6,"No",,"No","Don’t know",,"",,,,,,
"79-53-86-42",7,"No",,"No","Don’t know",,"",,,,,,
"79-53-86-42",8,"No",,"No","Don’t know",,"",,,,,,
"79-53-86-42",9,"No",,"No","Don’t know",,"",,,,,,
"79-53-86-42",10,"No",,"No","Don’t know",,"",,,,,,
"79-53-86-42",11,"No",,"No","Don’t know",,"",,,,,,
"27-88-22-86",1,"Yes","No","Yes",,,"",2021,2018,,,,
"27-88-22-86",2,"No",,"No","No intention to migrate",,"",,,,,,
"27-88-22-86",3,"No",,"No","No intention to migrate",,"",,,,,,
"27-88-22-86",4,"No",,"No","No intention to migrate",,"",,,,,,
"27-88-22-86",5,"No",,"No","No intention to migrate",,"",,,,,,
"27-88-22-86",6,"No",,"No","No intention to migrate",,"",,,,,,
"92-15-50-98",1,"No",,"No","No intention to migrate",,"",,,,,,
"92-15-50-98",2,"No",,"No","No intention to migrate",,"",,,,,,
"92-15-50-98",3,"No",,"No","Don’t know",,"",,,,,,
"92-15-50-98",4,"No",,"No","Don’t know",,"",,,,,,
"92-15-50-98",5,"No",,"No","Don’t know",,"",,,,,,
"59-62-31-80",1,"No",,"No","Don’t know",,"",,,,,,
"59-62-31-80",2,"No",,"No","Don’t know",,"",,,,,,
"59-62-31-80",3,"No",,"No","Don’t know",,"",,,,,,
"36-99-50-88",1,"No",,"No","No intention to migrate",,"",,,,,,
"36-99-50-88",2,"No",,"No","Don’t know",,"",,,,,,
"36-99-50-88",3,"No",,"No","Don’t know",,"",,,,,,
"44-25-16-47",1,"No",,"No","No intention to migrate",,"",,,,,,
"44-25-16-47",2,"No",,"No","No intention to migrate",,"",,,,,,
"44-25-16-47",3,"No",,"No","No intention to migrate",,"",,,,,,
"44-25-16-47",4,"No",,"No","No intention to migrate",,"",,,,,,
"44-25-16-47",5,"No",,"No","No intention to migrate",,"",,,,,,
"44-25-16-47",6,"No",,"No","No intention to migrate",,"",,,,,,
"59-82-52-95",1,"Yes","Yes","Yes",,,"",2022,2023,2,0,0,
"59-82-52-95",2,"No",,"No","No intention to migrate",,"",,,,,,
"74-78-76-52",1,"No",,"No","No intention to migrate",,"",,,,,,
"74-78-76-52",2,"No",,"No","No intention to migrate",,"",,,,,,
"74-78-76-52",3,"No",,"No","No intention to migrate",,"",,,,,,
"83-63-78-61",1,"No",,"No","No intention to migrate",,"",,,,,,
"83-63-78-61",2,"No",,"No","No intention to migrate",,"",,,,,,
"38-59-12-03",1,"No",,"No","No intention to migrate",,"",,,,,,
"38-59-12-03",2,"No",,"No","No intention to migrate",,"",,,,,,
"38-59-12-03",3,"Yes","No","Yes",,,"",2022,2022,,,,
"38-59-12-03",4,"No",,"No","No intention to migrate",,"",,,,,,
"38-59-12-03",5,"No",,"No","No intention to migrate",,"",,,,,,
"38-59-12-03",6,"No",,"No","No intention to migrate",,"",,,,,,
"38-59-12-03",7,"No",,"No","No intention to migrate",,"",,,,,,
"52-04-43-36",1,"No",,"No","No intention to migrate",,"",,,,,,
"52-04-43-36",2,"No",,"No","No intention to migrate",,"",,,,,,
"52-04-43-36",3,"Yes","Yes","No",,,"",2021,2023,6,7,0,
"52-04-43-36",4,"No",,"No","No intention to migrate",,"",,,,,,
"52-04-43-36",8,"No",,"No","No intention to migrate",,"",,,,,,
"52-04-43-36",9,"No",,"No","No intention to migrate",,"",,,,,,
"13-43-00-98",1,"No",,"No","No intention to migrate",,"",,,,,,
"13-43-00-98",2,"No",,"No","Don’t know",,"",,,,,,
"13-43-00-98",3,"No",,"No","No intention to migrate",,"",,,,,,
"52-45-15-44",1,"No",,"No","Yes temporarily migrate","Town outside region","",,,,,,
"52-45-15-44",2,"No",,"No","No intention to migrate",,"",,,,,,
"52-45-15-44",3,"No",,"No","No intention to migrate",,"",,,,,,
"84-06-43-96",1,"No",,"No","No intention to migrate",,"",,,,,,
"84-06-43-96",2,"No",,"No","No intention to migrate",,"",,,,,,
"84-06-43-96",3,"No",,"No","No intention to migrate",,"",,,,,,
"84-06-43-96",4,"No",,"No","No intention to migrate",,"",,,,,,
"84-06-43-96",5,"No",,"No","No intention to migrate",,"",,,,,,
"84-06-43-96",6,"No",,"No","No intention to migrate",,"",,,,,,
"84-06-43-96",7,"No",,"No","No intention to migrate",,"",,,,,,
"84-06-43-96",9,"No",,"No","No intention to migrate",,"",,,,,,
"85-25-67-57",1,"No",,"No","Yes temporarily migrate","Town outside region","",,,,,,
"85-25-67-57",2,"No",,"No","Don’t know",,"",,,,,,
"85-25-67-57",3,"No",,"No","Don’t know",,"",,,,,,
"85-25-67-57",7,"No",,"No","Don’t know",,"",,,,,,
"99-71-69-71",1,"No",,"No","No intention to migrate",,"",,,,,,
"90-84-04-84",1,"No",,"No","No intention to migrate",,"",,,,,,
"90-84-04-84",2,"No",,"No","No intention to migrate",,"",,,,,,
"90-84-04-84",3,"No",,"No","No intention to migrate",,"",,,,,,
"75-65-72-44",1,"No",,"No","No intention to migrate",,"",,,,,,
"75-65-72-44",2,"No",,"No","No intention to migrate",,"",,,,,,
"75-65-72-44",3,"No",,"No","No intention to migrate",,"",,,,,,
"75-65-72-44",4,"No",,"No","No intention to migrate",,"",,,,,,
"75-65-72-44",5,"No",,"No","No intention to migrate",,"",,,,,,
"75-65-72-44",8,"No",,"No","No intention to migrate",,"",,,,,,
"56-76-80-56",1,"No",,"No","No intention to migrate",,"",,,,,,
"56-76-80-56",2,"No",,"No","No intention to migrate",,"",,,,,,
"56-76-80-56",3,"No",,"No","No intention to migrate",,"",,,,,,
"56-76-80-56",4,"No",,"No","No intention to migrate",,"",,,,,,
"56-76-80-56",5,"No",,"No","No intention to migrate",,"",,,,,,
"56-76-80-56",7,"No",,"No","No intention to migrate",,"",,,,,,
"56-76-80-56",8,"No",,"No","No intention to migrate",,"",,,,,,
"95-24-62-42",1,"No",,"No","No intention to migrate",,"",,,,,,
"95-24-62-42",2,"No",,"No","No intention to migrate",,"",,,,,,
"95-24-62-42",6,"No",,"No","No intention to migrate",,"",,,,,,
"42-51-00-37",1,"No",,"No","No intention to migrate",,"",,,,,,
"42-51-00-37",2,"No",,"No","No intention to migrate",,"",,,,,,
"36-23-13-87",1,"No",,"No","No intention to migrate",,"",,,,,,
"36-23-13-87",2,"No",,"No","No intention to migrate",,"",,,,,,
"36-23-13-87",3,"No",,"No","No intention to migrate",,"",,,,,,
"36-23-13-87",4,"No",,"No","No intention to migrate",,"",,,,,,
"36-23-13-87",5,"No",,"No","No intention to migrate",,"",,,,,,
"36-23-13-87",6,"No",,"No","No intention to migrate",,"",,,,,,
"70-84-37-07",1,"No",,"No","No intention to migrate",,"",,,,,,
"70-84-37-07",2,"No",,"No","No intention to migrate",,"",,,,,,
"99-94-97-40",1,"No",,"No","Yes temporarily migrate","Town in region","",,,,,,
"99-94-97-40",2,"No",,"No","Yes temporarily migrate","Town in region","",,,,,,
"99-94-97-40",3,"No",,"No","No intention to migrate",,"",,,,,,
"99-94-97-40",6,"No",,"No","Don’t know",,"",,,,,,
"40-68-37-93",1,"No",,"No","No intention to migrate",,"",,,,,,
"40-68-37-93",2,"No",,"No","No intention to migrate",,"",,,,,,
"40-68-37-93",6,"No",,"No","No intention to migrate",,"",,,,,,
"08-64-31-45",1,"No",,"No","No intention to migrate",,"",,,,,,
"08-64-31-45",2,"No",,"No","Don’t know",,"",,,,,,
"24-71-47-80",1,"No",,"No","Yes temporarily migrate","Town in region","",,,,,,
"24-71-47-80",2,"No",,"No","Yes temporarily migrate","Town in region","",,,,,,
"53-67-73-98",1,"No",,"No","No intention to migrate",,"",,,,,,
"89-30-04-89",1,"No",,"No","No intention to migrate",,"",,,,,,
"85-35-76-75",1,"No",,"No","No intention to migrate",,"",,,,,,
"85-35-76-75",2,"No",,"No","No intention to migrate",,"",,,,,,
"34-78-22-26",1,"No",,"No","No intention to migrate",,"",,,,,,
"59-51-95-60",1,"No",,"No","No intention to migrate",,"",,,,,,
"59-51-95-60",4,"No",,"No","No intention to migrate",,"",,,,,,
"22-44-88-72",1,"No",,"No","No intention to migrate",,"",,,,,,
"22-44-88-72",2,"No",,"No","No intention to migrate",,"",,,,,,
"22-44-88-72",3,"No",,"No","No intention to migrate",,"",,,,,,
"35-56-47-30",1,"No",,"No","No intention to migrate",,"",,,,,,
"35-56-47-30",2,"No",,"No","No intention to migrate",,"",,,,,,
"35-56-47-30",5,"No",,"No","No intention to migrate",,"",,,,,,
"43-44-87-36",1,"No",,"No","No intention to migrate",,"",,,,,,
"43-44-87-36",2,"No",,"No","No intention to migrate",,"",,,,,,
"43-44-87-36",3,"No",,"No","No intention to migrate",,"",,,,,,
"43-44-87-36",4,"No",,"No","No intention to migrate",,"",,,,,,
"25-90-73-61",1,"No",,"No","Yes temporarily migrate","Village in region","",,,,,,
"25-90-73-61",2,"No",,"No","Yes temporarily migrate","Village in region","",,,,,,
"25-90-73-61",3,"No",,"No","Yes temporarily migrate","Village in region","",,,,,,
"25-90-73-61",4,"No",,"No","Yes temporarily migrate","Village in region","",,,,,,
"25-90-73-61",5,"No",,"No","Yes temporarily migrate","Village in region","",,,,,,
"25-90-73-61",7,"No",,"No","Yes temporarily migrate","Village in region","",,,,,,
"00-81-85-48",1,"No",,"No","No intention to migrate",,"",,,,,,
"00-81-85-48",2,"No",,"No","No intention to migrate",,"",,,,,,
"82-05-74-76",1,"No",,"No","No intention to migrate",,"",,,,,,
"82-05-74-76",2,"No",,"No","No intention to migrate",,"",,,,,,
"82-05-74-76",3,"No",,"No","Yes temporarily migrate","village outside region","",,,,,,
"82-05-74-76",4,"No",,"No","No intention to migrate",,"",,,,,,
"82-05-74-76",5,"No",,"No","No intention to migrate",,"",,,,,,
"69-02-12-40",1,"No",,"No","No intention to migrate",,"",,,,,,
"69-02-12-40",2,"No",,"No","No intention to migrate",,"",,,,,,
"69-02-12-40",3,"No",,"No","No intention to migrate",,"",,,,,,
"69-02-12-40",4,"No",,"No","No intention to migrate",,"",,,,,,
"69-02-12-40",8,"No",,"No","No intention to migrate",,"",,,,,,
"68-49-12-16",1,"No",,"No","No intention to migrate",,"",,,,,,
"68-49-12-16",2,"No",,"No","No intention to migrate",,"",,,,,,
"68-49-12-16",3,"No",,"No","No intention to migrate",,"",,,,,,
"68-49-12-16",4,"No",,"No","No intention to migrate",,"",,,,,,
"47-72-15-93",1,"No",,"No","No intention to migrate",,"",,,,,,
"47-72-15-93",3,"No",,"No","No intention to migrate",,"",,,,,,
"46-77-79-60",1,"No",,"No","Don’t know",,"",,,,,,
"46-77-79-60",2,"No",,"No","Yes temporarily migrate","Town in region","",,,,,,
"46-77-79-60",3,"No",,"No","Don’t know",,"",,,,,,
"54-41-53-68",1,"No",,"No","No intention to migrate",,"",,,,,,
"54-41-53-68",2,"No",,"No","No intention to migrate",,"",,,,,,
"54-41-53-68",5,"No",,"No","No intention to migrate",,"",,,,,,
"35-84-29-80",1,"No",,"No","No intention to migrate",,"",,,,,,
"82-89-49-08",1,"No",,"No","No intention to migrate",,"",,,,,,
"13-17-77-46",1,"No",,"No","Yes temporarily migrate","Capital city","",,,,,,
"13-17-77-46",2,"No",,"No","Yes temporarily migrate","village outside region","",,,,,,
"13-17-77-46",3,"No",,"No","Yes temporarily migrate","Town outside region","",,,,,,
"87-42-29-56",1,"No",,"No","No intention to migrate",,"",,,,,,
"87-42-29-56",2,"No",,"No","No intention to migrate",,"",,,,,,
"24-84-60-85",1,"No",,"No","No intention to migrate",,"",,,,,,
"24-84-60-85",3,"No",,"No","No intention to migrate",,"",,,,,,
"78-85-83-52",1,"No",,"No","No intention to migrate",,"",,,,,,
"78-85-83-52",2,"No",,"No","No intention to migrate",,"",,,,,,
"78-85-83-52",3,"No",,"No","No intention to migrate",,"",,,,,,
"78-85-83-52",4,"No",,"No","No intention to migrate",,"",,,,,,
"78-85-83-52",5,"No",,"No","No intention to migrate",,"",,,,,,
"78-85-83-52",6,"No",,"No","No intention to migrate",,"",,,,,,
"78-85-83-52",7,"No",,"No","No intention to migrate",,"",,,,,,
"78-85-83-52",8,"No",,"No","No intention to migrate",,"",,,,,,
"78-85-83-52",9,"No",,"No","No intention to migrate",,"",,,,,,
"78-85-83-52",10,"No",,"No","No intention to migrate",,"",,,,,,
"78-85-83-52",11,"No",,"No","No intention to migrate",,"",,,,,,
"78-33-54-01",1,"No",,"No","No intention to migrate",,"",,,,,,
"78-33-54-01",2,"No",,"No","No intention to migrate",,"",,,,,,
"78-33-54-01",3,"No",,"No","No intention to migrate",,"",,,,,,
"78-33-54-01",4,"No",,"No","No intention to migrate",,"",,,,,,
"54-69-71-08",1,"No",,"No","No intention to migrate",,"",,,,,,
"54-69-71-08",3,"No",,"No","No intention to migrate",,"",,,,,,
"54-69-71-08",7,"No",,"No","No intention to migrate",,"",,,,,,
"30-10-42-29",1,"No",,"No","No intention to migrate",,"",,,,,,
"30-10-42-29",2,"No",,"No","Don’t know",,"",,,,,,
"30-10-42-29",3,"No",,"No","Don’t know",,"",,,,,,
"30-10-42-29",4,"No",,"No","Don’t know",,"",,,,,,
"30-10-42-29",5,"No",,"No","Don’t know",,"",,,,,,
"52-71-69-48",1,"No",,"No","No intention to migrate",,"",,,,,,
"52-71-69-48",2,"No",,"No","No intention to migrate",,"",,,,,,
"52-71-69-48",3,"No",,"No","No intention to migrate",,"",,,,,,
"52-71-69-48",4,"No",,"No","No intention to migrate",,"",,,,,,
"88-38-32-86",1,"No",,"No","No intention to migrate",,"",,,,,,
"88-38-32-86",2,"No",,"No","Don’t know",,"",,,,,,
"88-38-32-86",6,"No",,"No","No intention to migrate",,"",,,,,,
"88-38-32-86",7,"No",,"No","Don’t know",,"",,,,,,
"88-38-32-86",8,"No",,"No","Don’t know",,"",,,,,,
"78-51-51-91",1,"No",,"No","No intention to migrate",,"",,,,,,
"78-51-51-91",2,"No",,"No","No intention to migrate",,"",,,,,,
"78-51-51-91",3,"No",,"No","No intention to migrate",,"",,,,,,
"78-51-51-91",4,"No",,"No","No intention to migrate",,"",,,,,,
"98-42-68-21",1,"No",,"No","No intention to migrate",,"",,,,,,
"23-92-64-64",1,"No",,"No","No intention to migrate",,"",,,,,,
"23-92-64-64",2,"No",,"No","No intention to migrate",,"",,,,,,
"33-60-76-52",1,"No",,"No","No intention to migrate",,"",,,,,,
"33-60-76-52",2,"No",,"No","No intention to migrate",,"",,,,,,
"99-53-97-21",1,"No",,"No","No intention to migrate",,"",,,,,,
"99-53-97-21",2,"No",,"No","No intention to migrate",,"",,,,,,
"99-53-97-21",3,"Yes","Yes","No",,,"",2022,2023,9,3,0,
"35-30-07-09",1,"No",,"Yes","No intention to migrate",,"",2019,2023,,,,
"35-30-07-09",2,"No",,"No","Yes temporarily migrate","Town in region","",,,,,,
"35-30-07-09",3,"No",,"No","No intention to migrate",,"",,,,,,
"35-30-07-09",4,"No",,"No","Don’t know",,"",,,,,,
"35-30-07-09",7,"No",,"No","Yes temporarily migrate","Town in region","",,,,,,
"35-30-07-09",8,"No",,"No","Don’t know",,"",,,,,,
"84-39-86-14",1,"No",,"No","No intention to migrate",,"",,,,,,
"84-39-86-14",2,"No",,"No","No intention to migrate",,"",,,,,,
"33-93-88-48",1,"No",,"No","No intention to migrate",,"",,,,,,
"33-93-88-48",2,"No",,"No","No intention to migrate",,"",,,,,,
"33-93-88-48",3,"No",,"No","No intention to migrate",,"",,,,,,
"33-93-88-48",4,"No",,"No","No intention to migrate",,"",,,,,,
"33-93-88-48",5,"No",,"No","No intention to migrate",,"",,,,,,
"33-93-88-48",6,"No",,"No","No intention to migrate",,"",,,,,,
"33-93-88-48",7,"No",,"No","No intention to migrate",,"",,,,,,
"33-93-88-48",9,"No",,"No","No intention to migrate",,"",,,,,,
"93-94-24-13",1,"No",,"No","No intention to migrate",,"",,,,,,
"93-94-24-13",2,"No",,"No","No intention to migrate",,"",,,,,,
"93-94-24-13",3,"No",,"No","No intention to migrate",,"",,,,,,
"02-86-42-10",1,"No",,"No","No intention to migrate",,"",,,,,,
"02-86-42-10",2,"No",,"No","No intention to migrate",,"",,,,,,
"02-86-42-10",3,"No",,"No","No intention to migrate",,"",,,,,,
"18-90-95-90",1,"No",,"No","No intention to migrate",,"",,,,,,
"18-90-95-90",3,"No",,"No","No intention to migrate",,"",,,,,,
"71-80-40-68",1,"No",,"No","No intention to migrate",,"",,,,,,
"71-80-40-68",2,"No",,"No","No intention to migrate",,"",,,,,,
"71-80-40-68",3,"No",,"No","No intention to migrate",,"",,,,,,
"03-80-12-55",1,"No",,"No","No intention to migrate",,"",,,,,,
"03-80-12-55",2,"No",,"No","No intention to migrate",,"",,,,,,
"03-80-12-55",3,"No",,"No","No intention to migrate",,"",,,,,,
"03-80-12-55",4,"No",,"No","No intention to migrate",,"",,,,,,
"03-05-82-85",1,"No",,"No","No intention to migrate",,"",,,,,,
"96-34-34-83",1,"No",,"No","No intention to migrate",,"",,,,,,
"84-86-67-50",1,"No",,"No","No intention to migrate",,"",,,,,,
"84-86-67-50",2,"No",,"No","No intention to migrate",,"",,,,,,
"84-86-67-50",3,"No",,"No","No intention to migrate",,"",,,,,,
"84-86-67-50",4,"No",,"No","No intention to migrate",,"",,,,,,
"84-86-67-50",5,"No",,"No","No intention to migrate",,"",,,,,,
"65-50-61-63",1,"No",,"No","No intention to migrate",,"",,,,,,
"65-50-61-63",2,"No",,"No","No intention to migrate",,"",,,,,,
"65-50-61-63",3,"No",,"No","No intention to migrate",,"",,,,,,
"65-50-61-63",4,"No",,"No","No intention to migrate",,"",,,,,,
"65-50-61-63",5,"No",,"No","No intention to migrate",,"",,,,,,
"65-50-61-63",6,"No",,"No","No intention to migrate",,"",,,,,,
"14-25-07-27",1,"Yes","No","Yes",,,"",2019,2022,,,,
"14-25-07-27",2,"Yes","Yes","Yes",,,"",2022,2022,1,1,0,
"14-25-07-27",3,"No",,"No","Yes temporarily migrate","Village in region","",,,,,,
"14-25-07-27",4,"Yes","No","Yes",,,"",2022,2022,,,,
"14-25-07-27",5,"No",,"No","No intention to migrate",,"",,,,,,
"14-25-07-27",6,"No",,"No","No intention to migrate",,"",,,,,,
"14-25-07-27",7,"No",,"No","No intention to migrate",,"",,,,,,
"95-81-39-58",1,"No",,"No","No intention to migrate",,"",,,,,,
"95-81-39-58",2,"No",,"No","No intention to migrate",,"",,,,,,
"95-81-39-58",3,"No",,"No","No intention to migrate",,"",,,,,,
"95-81-39-58",4,"No",,"No","No intention to migrate",,"",,,,,,
"95-81-39-58",5,"No",,"No","No intention to migrate",,"",,,,,,
"63-48-87-87",1,"No",,"No","No intention to migrate",,"",,,,,,
"63-48-87-87",2,"No",,"No","No intention to migrate",,"",,,,,,
"49-38-87-08",1,"No",,"No","No intention to migrate",,"",,,,,,
"56-09-22-69",1,"No",,"No","No intention to migrate",,"",,,,,,
"56-09-22-69",2,"No",,"No","No intention to migrate",,"",,,,,,
"56-09-22-69",3,"No",,"No","No intention to migrate",,"",,,,,,
"56-09-22-69",4,"No",,"No","No intention to migrate",,"",,,,,,
"56-09-22-69",5,"No",,"No","No intention to migrate",,"",,,,,,
"52-67-58-90",1,"No",,"No","No intention to migrate",,"",,,,,,
"52-67-58-90",2,"No",,"No","No intention to migrate",,"",,,,,,
"52-67-58-90",6,"No",,"No","No intention to migrate",,"",,,,,,
"52-67-58-90",7,"No",,"No","No intention to migrate",,"",,,,,,
"52-67-58-90",8,"No",,"No","No intention to migrate",,"",,,,,,
"61-51-30-74",1,"No",,"No","No intention to migrate",,"",,,,,,
"61-51-30-74",2,"No",,"No","No intention to migrate",,"",,,,,,
"61-51-30-74",3,"No",,"No","No intention to migrate",,"",,,,,,
"61-51-30-74",8,"No",,"No","No intention to migrate",,"",,,,,,
"90-75-70-65",1,"No",,"No","No intention to migrate",,"",,,,,,
"90-75-70-65",2,"No",,"No","No intention to migrate",,"",,,,,,
"70-34-30-04",1,"No",,"No","Don’t know",,"",,,,,,
"70-34-30-04",2,"No",,"No","No intention to migrate",,"",,,,,,
"00-18-21-78",1,"No",,"No","No intention to migrate",,"",,,,,,
"00-18-21-78",2,"No",,"No","No intention to migrate",,"",,,,,,
"00-18-21-78",3,"No",,"No","No intention to migrate",,"",,,,,,
"00-18-21-78",4,"No",,"No","No intention to migrate",,"",,,,,,
"00-18-21-78",5,"No",,"No","No intention to migrate",,"",,,,,,
"00-18-21-78",6,"No",,"No","No intention to migrate",,"",,,,,,
"80-41-37-09",1,"No",,"No","No intention to migrate",,"",,,,,,
"80-41-37-09",2,"No",,"No","No intention to migrate",,"",,,,,,
"80-41-37-09",5,"No",,"No","Don’t know",,"",,,,,,
"62-10-09-84",1,"No",,"No","Yes temporarily migrate","Town in region","",,,,,,
"16-01-99-93",1,"No",,"No","No intention to migrate",,"",,,,,,
"16-01-99-93",2,"No",,"No","No intention to migrate",,"",,,,,,
"16-01-99-93",3,"No",,"No","No intention to migrate",,"",,,,,,
"16-01-99-93",4,"No",,"No","No intention to migrate",,"",,,,,,
"16-01-99-93",5,"No",,"No","No intention to migrate",,"",,,,,,
"16-01-99-93",6,"No",,"No","No intention to migrate",,"",,,,,,
"16-01-99-93",11,"No",,"No","No intention to migrate",,"",,,,,,
"91-31-71-31",1,"No",,"No","No intention to migrate",,"",,,,,,
"14-78-47-78",1,"No",,"No","No intention to migrate",,"",,,,,,
"14-78-47-78",2,"No",,"No","No intention to migrate",,"",,,,,,
"14-78-47-78",3,"No",,"No","No intention to migrate",,"",,,,,,
"14-78-47-78",4,"No",,"No","No intention to migrate",,"",,,,,,
"14-78-47-78",5,"No",,"No","No intention to migrate",,"",,,,,,
"14-78-47-78",6,"No",,"No","No intention to migrate",,"",,,,,,
"14-78-47-78",7,"No",,"No","No intention to migrate",,"",,,,,,
"14-78-47-78",8,"No",,"No","No intention to migrate",,"",,,,,,
"07-03-43-18",1,"Yes","No","Yes",,,"",2022,2022,,,,
"07-03-43-18",4,"No",,"No","No intention to migrate",,"",,,,,,
"87-80-74-34",1,"No",,"No","No intention to migrate",,"",,,,,,
"87-80-74-34",4,"No",,"No","No intention to migrate",,"",,,,,,
"87-80-74-34",6,"No",,"No","No intention to migrate",,"",,,,,,
"87-80-74-34",7,"No",,"No","No intention to migrate",,"",,,,,,
"87-80-74-34",9,"No",,"No","No intention to migrate",,"",,,,,,
"39-19-95-41",1,"No",,"Yes","Don’t know",,"",2019,2022,,,,
"39-19-95-41",2,"No",,"No","No intention to migrate",,"",,,,,,
"39-19-95-41",3,"No",,"No","No intention to migrate",,"",,,,,,
"39-19-95-41",4,"No",,"No","No intention to migrate",,"",,,,,,
"39-19-95-41",8,"No",,"No","Don’t know",,"",,,,,,
"13-94-38-36",1,"No",,"No","Yes temporarily migrate","Town outside region","",,,,,,
"13-94-38-36",2,"No",,"No","No intention to migrate",,"",,,,,,
"13-94-38-36",3,"No",,"No","Don’t know",,"",,,,,,
"13-94-38-36",4,"No",,"No","Don’t know",,"",,,,,,
"13-94-38-36",5,"No",,"No","Don’t know",,"",,,,,,
"64-10-30-77",1,"No",,"No","No intention to migrate",,"",,,,,,
"64-10-30-77",2,"No",,"No","No intention to migrate",,"",,,,,,
"64-10-30-77",3,"No",,"No","No intention to migrate",,"",,,,,,
"64-10-30-77",4,"No",,"No","No intention to migrate",,"",,,,,,
"64-10-30-77",5,"No",,"No","No intention to migrate",,"",,,,,,
"64-10-30-77",6,"No",,"No","No intention to migrate",,"",,,,,,
"64-10-30-77",7,"No",,"No","No intention to migrate",,"",,,,,,
"98-88-46-23",1,"No",,"No","Don’t know",,"",,,,,,
"98-88-46-23",2,"No",,"No","Don’t know",,"",,,,,,
"98-88-46-23",6,"No",,"No","No intention to migrate",,"",,,,,,
"35-26-63-26",1,"No",,"No","No intention to migrate",,"",,,,,,
"35-26-63-26",2,"No",,"No","No intention to migrate",,"",,,,,,
"35-26-63-26",3,"No",,"No","No intention to migrate",,"",,,,,,
"35-26-63-26",4,"No",,"No","No intention to migrate",,"",,,,,,
"35-26-63-26",5,"No",,"No","No intention to migrate",,"",,,,,,
"35-26-63-26",6,"No",,"No","No intention to migrate",,"",,,,,,
"77-44-63-61",1,"No",,"No","No intention to migrate",,"",,,,,,
"77-44-63-61",2,"No",,"No","No intention to migrate",,"",,,,,,
"77-44-63-61",3,"No",,"No","No intention to migrate",,"",,,,,,
"26-64-90-32",1,"No",,"No","No intention to migrate",,"",,,,,,
"26-64-90-32",2,"No",,"No","No intention to migrate",,"",,,,,,
"26-64-90-32",3,"No",,"No","No intention to migrate",,"",,,,,,
"26-64-90-32",4,"No",,"No","Yes temporarily migrate","Town in region","",,,,,,
"26-64-90-32",5,"No",,"No","No intention to migrate",,"",,,,,,
"26-64-90-32",6,"No",,"No","No intention to migrate",,"",,,,,,
"15-44-39-66",1,"No",,"No","No intention to migrate",,"",,,,,,
"97-96-32-80",1,"Yes","No","No",,,"",2010,2022,,,,
"97-96-32-80",2,"No",,"No","No intention to migrate",,"",,,,,,
"97-96-32-80",3,"No",,"No","No intention to migrate",,"",,,,,,
"65-28-62-87",1,"No",,"No","No intention to migrate",,"",,,,,,
"65-28-62-87",2,"No",,"No","Don’t know",,"",,,,,,
"65-28-62-87",3,"No",,"No","Don’t know",,"",,,,,,
"65-28-62-87",4,"No",,"No","Don’t know",,"",,,,,,
"65-28-62-87",5,"No",,"No","Don’t know",,"",,,,,,
"65-28-62-87",6,"No",,"No","Don’t know",,"",,,,,,
"91-95-41-16",1,"No",,"No","No intention to migrate",,"",,,,,,
"91-95-41-16",2,"No",,"No","Don’t know",,"",,,,,,
"91-95-41-16",3,"No",,"No","Don’t know",,"",,,,,,
"91-95-41-16",4,"No",,"No","Don’t know",,"",,,,,,
"91-95-41-16",5,"No",,"No","Don’t know",,"",,,,,,
"91-95-41-16",7,"No",,"No","Don’t know",,"",,,,,,
"91-95-41-16",10,"No",,"No","Don’t know",,"",,,,,,
"91-95-41-16",11,"No",,"No","Don’t know",,"",,,,,,
"91-95-41-16",12,"No",,"No","Don’t know",,"",,,,,,
"65-02-00-05",1,"No",,"No","No intention to migrate",,"",,,,,,
"65-02-00-05",2,"No",,"No","No intention to migrate",,"",,,,,,
"48-22-83-32",1,"No",,"No","No intention to migrate",,"",,,,,,
"48-22-83-32",2,"No",,"No","No intention to migrate",,"",,,,,,
"48-22-83-32",3,"No",,"No","No intention to migrate",,"",,,,,,
"48-22-83-32",4,"No",,"No","No intention to migrate",,"",,,,,,
"48-22-83-32",5,"No",,"No","Yes temporarily migrate","Town in region","",,,,,,
"48-22-83-32",6,"No",,"No","No intention to migrate",,"",,,,,,
"48-22-83-32",7,"No",,"No","No intention to migrate",,"",,,,,,
"53-04-96-58",1,"No",,"No","No intention to migrate",,"",,,,,,
"53-04-96-58",2,"Yes","Yes","No",,,"",2021,2023,1,1,0,
"53-04-96-58",3,"No",,"No","No intention to migrate",,"",,,,,,
"93-77-89-30",1,"Yes","Yes","Yes",,,"",2023,2023,2,10,0,
"93-77-89-30",2,"No",,"No","Don’t know",,"",,,,,,
"93-77-89-30",4,"No",,"No","Don’t know",,"",,,,,,
"03-06-71-34",1,"No",,"No","No intention to migrate",,"",,,,,,
"03-06-71-34",2,"No",,"No","No intention to migrate",,"",,,,,,
"03-06-71-34",3,"No",,"No","No intention to migrate",,"",,,,,,
"03-06-71-34",4,"No",,"No","No intention to migrate",,"",,,,,,
"38-24-53-68",1,"No",,"No","No intention to migrate",,"",,,,,,
"38-24-53-68",4,"No",,"No","No intention to migrate",,"",,,,,,
"76-44-39-80",1,"No",,"No","No intention to migrate",,"",,,,,,
"76-44-39-80",2,"No",,"No","No intention to migrate",,"",,,,,,
"76-44-39-80",3,"No",,"No","No intention to migrate",,"",,,,,,
"17-98-15-90",1,"No",,"No","No intention to migrate",,"",,,,,,
"17-98-15-90",2,"No",,"No","No intention to migrate",,"",,,,,,
"43-89-48-48",1,"No",,"No","No intention to migrate",,"",,,,,,
"43-89-48-48",2,"No",,"No","No intention to migrate",,"",,,,,,
"46-95-44-44",1,"No",,"No","No intention to migrate",,"",,,,,,
"46-95-44-44",2,"No",,"No","No intention to migrate",,"",,,,,,
"46-95-44-44",4,"No",,"No","No intention to migrate",,"",,,,,,
"79-36-03-31",1,"Yes","No","No",,,"",2017,2022,,,,
"79-36-03-31",2,"No",,"No","No intention to migrate",,"",,,,,,
"79-36-03-31",3,"No",,"No","No intention to migrate",,"",,,,,,
"79-36-03-31",4,"Yes","No","No",,,"",2022,2023,,,,
"37-08-68-08",1,"No",,"No","Yes temporarily migrate","Town in region","",,,,,,
"37-08-68-08",2,"No",,"No","Yes temporarily migrate","Town in region","",,,,,,
"37-08-68-08",3,"No",,"No","Yes temporarily migrate","Town in region","",,,,,,
"37-08-68-08",4,"No",,"No","Yes temporarily migrate","Town in region","",,,,,,
"37-08-68-08",6,"No",,"No","No intention to migrate",,"",,,,,,
"76-66-08-56",1,"Yes","No","No",,,"",2004,2022,,,,
"76-66-08-56",2,"Yes","Yes","Yes",,,"",2010,2023,2,1,0,
"76-66-08-56",3,"Yes","Yes","Yes",,,"",2012,2022,2,1,0,
"76-66-08-56",4,"Yes","Yes","Yes",,,"",2020,2023,0,0,0,
"76-66-08-56",5,"No",,"No","Yes temporarily migrate","Town in region","",,,,,,
"76-66-08-56",6,"No",,"No","Yes temporarily migrate","Town in region","",,,,,,
"76-66-08-56",7,"No",,"No","No intention to migrate",,"",,,,,,
"84-78-41-82",1,"No",,"No","No intention to migrate",,"",,,,,,
"84-78-41-82",2,"No",,"No","No intention to migrate",,"",,,,,,
"84-78-41-82",3,"No",,"No","No intention to migrate",,"",,,,,,
"33-73-65-41",1,"No",,"No","No intention to migrate",,"",,,,,,
"33-73-65-41",2,"No",,"No","No intention to migrate",,"",,,,,,
"15-05-96-27",1,"No",,"No","No intention to migrate",,"",,,,,,
"15-05-96-27",2,"No",,"No","No intention to migrate",,"",,,,,,
"15-05-96-27",3,"No",,"No","No intention to migrate",,"",,,,,,
"15-05-96-27",4,"No",,"No","No intention to migrate",,"",,,,,,
"15-05-96-27",5,"No",,"No","No intention to migrate",,"",,,,,,
"15-05-96-27",9,"No",,"No","No intention to migrate",,"",,,,,,
"04-08-02-81",1,"No",,"Yes","Don’t know",,"",2012,2015,,,,
"04-08-02-81",2,"No",,"No","No intention to migrate",,"",,,,,,
"48-12-37-19",1,"No",,"No","No intention to migrate",,"",,,,,,
"48-12-37-19",2,"No",,"No","Yes temporarily migrate","Town in region","",,,,,,
"48-12-37-19",3,"No",,"No","No intention to migrate",,"",,,,,,
"99-22-87-46",1,"No",,"No","No intention to migrate",,"",,,,,,
"99-22-87-46",2,"No",,"No","No intention to migrate",,"",,,,,,
"05-46-14-17",1,"No",,"No","No intention to migrate",,"",,,,,,
"21-68-94-15",1,"No",,"No","Don’t know",,"",,,,,,
"21-68-94-15",2,"No",,"No","No intention to migrate",,"",,,,,,
"21-68-94-15",3,"No",,"No","Don’t know",,"",,,,,,
"40-56-04-29",1,"No",,"No","No intention to migrate",,"",,,,,,
"40-56-04-29",2,"No",,"No","No intention to migrate",,"",,,,,,
"58-04-84-61",1,"No",,"No","No intention to migrate",,"",,,,,,
"58-04-84-61",2,"No",,"No","No intention to migrate",,"",,,,,,
"58-04-84-61",3,"No",,"No","No intention to migrate",,"",,,,,,
"58-04-84-61",5,"No",,"No","No intention to migrate",,"",,,,,,
"58-04-84-61",6,"No",,"No","No intention to migrate",,"",,,,,,
"92-36-21-21",1,"No",,"No","No intention to migrate",,"",,,,,,
"92-36-21-21",2,"No",,"No","No intention to migrate",,"",,,,,,
"92-36-21-21",3,"No",,"No","No intention to migrate",,"",,,,,,
"92-36-21-21",4,"No",,"No","No intention to migrate",,"",,,,,,
"92-36-21-21",5,"No",,"No","No intention to migrate",,"",,,,,,
"92-36-21-21",7,"No",,"No","Don’t know",,"",,,,,,
"14-57-41-87",1,"No",,"No","Don’t know",,"",,,,,,
"14-57-41-87",2,"No",,"No","No intention to migrate",,"",,,,,,
"14-57-41-87",3,"No",,"No","No intention to migrate",,"",,,,,,
"14-57-41-87",4,"No",,"No","No intention to migrate",,"",,,,,,
"14-57-41-87",5,"No",,"No","No intention to migrate",,"",,,,,,
"14-57-41-87",6,"No",,"No","No intention to migrate",,"",,,,,,
"96-30-76-58",1,"No",,"No","No intention to migrate",,"",,,,,,
"96-30-76-58",2,"No",,"No","No intention to migrate",,"",,,,,,
"96-30-76-58",3,"No",,"No","No intention to migrate",,"",,,,,,
"94-10-09-72",1,"No",,"No","No intention to migrate",,"",,,,,,
"94-10-09-72",2,"No",,"No","No intention to migrate",,"",,,,,,
"63-44-25-02",1,"No",,"No","No intention to migrate",,"",,,,,,
"63-44-25-02",2,"Yes","No","No",,,"",2022,2023,,,,
"63-44-25-02",3,"Yes","No","No",,,"",2022,2023,,,,
"66-67-56-06",1,"No",,"No","No intention to migrate",,"",,,,,,
"66-67-56-06",2,"No",,"No","No intention to migrate",,"",,,,,,
"66-67-56-06",3,"No",,"No","No intention to migrate",,"",,,,,,
"66-67-56-06",4,"No",,"No","No intention to migrate",,"",,,,,,
"66-67-56-06",5,"No",,"No","No intention to migrate",,"",,,,,,
"61-94-69-82",1,"No",,"No","No intention to migrate",,"",,,,,,
"61-94-69-82",2,"No",,"No","No intention to migrate",,"",,,,,,
"61-94-69-82",3,"No",,"No","No intention to migrate",,"",,,,,,
"61-94-69-82",4,"No",,"No","No intention to migrate",,"",,,,,,
"72-52-17-18",1,"No",,"No","No intention to migrate",,"",,,,,,
"72-52-17-18",2,"No",,"No","Don’t know",,"",,,,,,
"90-79-08-36",1,"Yes","Yes","Yes",,,"",2015,2023,2,2,0,
"90-79-08-36",2,"No",,"No","No intention to migrate",,"",,,,,,
"90-79-08-36",4,"No",,"No","No intention to migrate",,"",,,,,,
"90-79-08-36",5,"No",,"No","No intention to migrate",,"",,,,,,
