interview__key,r_asset_own__id,ha0_1,ha0_2,ha0_3__0,ha0_3__1,ha0_4
"77-20-39-35","Simple Mobile Phone","1",4,"Yes",,"100"
"77-20-39-35","Refrigerator","1",2,"Yes",,"2000"
"77-20-39-35","Radio","1",1,"Yes",,"1000"
"77-20-39-35","Television","1",2,"Yes",,"3000"
"77-20-39-35","Plastic chairs","4",10,"Yes",,"50"
"77-20-39-35","Plough","1",1,"Yes",,"5000"
"77-20-39-35","Wheelbarrow","1",3,"Yes",,"100"
"71-78-53-70","Simple Mobile Phone","1",1,"Yes",,"15"
"71-78-53-70","Smart Phone","1",1,"Yes",,"2000"
"71-78-53-70","Building","1",1,"Yes",,"1500"
"71-78-53-70","Radio","1",0,"Yes",,"3000"
"71-78-53-70","Living room furniture set","1",0,"Yes",,"4000"
"71-78-53-70","Plastic chairs","2",2,"Yes",,"200"
"46-91-82-56","Simple Mobile Phone","2",2,"Yes",,"200"
"46-91-82-56","Smart Phone","3",3,,,"I don't know"
"46-91-82-56","Building","1",1,"Yes",,"15000"
"46-91-82-56","Electric Stove","1",1,"Yes",,"1000"
"46-91-82-56","Refrigerator","1",1,"Yes",,"2000"
"46-91-82-56","Radio","1",1,"Yes",,"1500"
"46-91-82-56","Television","1",1,"Yes",,"200"
"46-91-82-56","Computer- laptop or desktop","1",0,,,"I don't know"
"46-91-82-56","Living room furniture set","1",1,"Yes",,"5000"
"46-91-82-56","Plastic chairs","12",12,,,"20"
"46-91-82-56","Plough","1",1,"Yes",,"400"
"46-91-82-56","Wheelbarrow","1",1,"Yes",,"I don't know"
"20-85-85-47","Simple Mobile Phone","1",3,,,"100"
"20-85-85-47","Building","1",1,,,"1e+05"
"34-53-75-33","Simple Mobile Phone","1",1,,,"100"
"34-53-75-33","Smart Phone","3",3,"Yes",,"500"
"34-53-75-33","Motor vehicle","2",3,"Yes",,"20000"
"34-53-75-33","Building","1",1,"Yes",,"2000"
"34-53-75-33","Electric Stove","1",3,,,"2500"
"34-53-75-33","Refrigerator","1",1,"Yes",,"4000"
"34-53-75-33","Freezer","1",1,"Yes",,"3000"
"34-53-75-33","Washing Machine","1",0,,,"2000"
"34-53-75-33","Radio","1",1,"Yes",,"800"
"34-53-75-33","Television","1",2,"Yes",,"5000"
"34-53-75-33","Computer- laptop or desktop","1",1,,,"1000"
"34-53-75-33","Living room furniture set","1",2,"Yes",,"1500"
"34-53-75-33","Plastic chairs","6",7,,,"40"
"56-13-50-35","Simple Mobile Phone","2",6,,,"70"
"56-13-50-35","Building","3",3,"Yes",,"Refused to answer"
"56-13-50-35","Refrigerator","1",1,"Yes",,"Refused to answer"
"56-13-50-35","Radio","1",4,"Yes",,"Refused to answer"
"58-38-99-88","Simple Mobile Phone","2",2,"Yes",,"100"
"58-38-99-88","Building","3",2,"Yes",,"1000"
"58-38-99-88","Refrigerator","1",1,"Yes",,"1000"
"58-38-99-88","Radio","1",1,"Yes",,"500"
"81-26-40-75","Simple Mobile Phone","1",2,,,"150"
"81-26-40-75","Smart Phone","1",2,"Yes",,"1000"
"81-26-40-75","Building","2",1,"Yes",,"10000"
"81-26-40-75","Electric Stove","1",0,"Yes",,"3000"
"81-26-40-75","Microwave","1",0,"Yes",,"800"
"81-26-40-75","Refrigerator","1",1,"Yes",,"1500"
"81-26-40-75","Radio","1",2,"Yes",,"6000"
"81-26-40-75","Living room furniture set","1",0,"Yes",,"3000"
"81-26-40-75","Plastic chairs","9",4,"Yes",,"500"
"39-76-70-00","Simple Mobile Phone","1",1,"Yes",,"80"
"39-76-70-00","Building","1",1,"Yes",,"1e+05"
"39-76-70-00","Plastic chairs","6",4,"Yes",,"50"
"84-11-99-46","Simple Mobile Phone","2",3,,,"150"
"84-11-99-46","Smart Phone","1",3,,,"1000"
"84-11-99-46","Motor vehicle","1",1,,,"25000"
"84-11-99-46","Building","2",1,"Yes",,"15000"
"84-11-99-46","Electric Stove","1",1,,,"6000"
"84-11-99-46","Refrigerator","2",2,,,"4000"
"84-11-99-46","Freezer","1",1,,,"5000"
"84-11-99-46","Television","2",2,"Yes",,"3000"
"84-11-99-46","Living room furniture set","3",3,"Yes",,"4000"
"84-11-99-46","Plastic chairs","12",12,"Yes",,"100"
"84-11-99-46","Wheelbarrow","1",1,"Yes",,"450"
"07-72-86-35","Simple Mobile Phone","1",1,,,"200"
"07-72-86-35","Smart Phone","1",2,"Yes",,"1900"
"07-72-86-35","Bicycle","1",1,"Yes",,"900"
"07-72-86-35","Building","2",2,"Yes",,"4000"
"07-72-86-35","Refrigerator","1",1,"Yes",,"2500"
"07-72-86-35","Freezer","1",1,"Yes",,"2000"
"07-72-86-35","Radio","1",1,"Yes",,"3000"
"07-72-86-35","Television","1",1,"Yes",,"2500"
"07-72-86-35","Living room furniture set","1",1,"Yes",,"3500"
"07-72-86-35","Plastic chairs","4",6,"Yes",,"60"
"76-67-31-58","Simple Mobile Phone","1",1,"Yes",,"50"
"76-67-31-58","Building","2",1,"Yes",,"50000"
"76-67-31-58","Radio","1",1,"Yes",,"10000"
"76-67-31-58","Television","1",1,"Yes",,"1500"
"76-67-31-58","Living room furniture set","0",0,"Yes",,"0"
"76-67-31-58","Battery bank","1",1,"Yes",,"100"
"37-57-47-28","Simple Mobile Phone","2",4,"Yes",,"250"
"37-57-47-28","Motor vehicle","4",5,"Yes",,"30000"
"37-57-47-28","Building","1",1,"Yes",,"150000"
"37-57-47-28","Electric Stove","2",2,"Yes",,"150"
"37-57-47-28","Refrigerator","2",1,"Yes",,"2000"
"37-57-47-28","Freezer","1",1,"Yes",,"3500"
"37-57-47-28","Radio","2",2,"Yes",,"150"
"37-57-47-28","Television","2",2,"Yes",,"900"
"37-57-47-28","Living room furniture set","1",1,"Yes",,"500"
"37-57-47-28","Battery bank","1",1,"Yes",,"150"
"01-40-66-32","Building","2",2,"Yes",,"50000"
"13-26-58-11","Simple Mobile Phone","1",3,"Yes",,"150"
"13-26-58-11","Radio","1",3,"Yes",,"100"
"13-26-58-11","Plastic chairs","1",3,"Yes",,"50"
"13-26-58-11","Wheelbarrow","1",1,"Yes",,"80"
"53-48-83-71","Simple Mobile Phone","1",5,"Yes",,"200"
"53-48-83-71","Smart Phone","1",4,"Yes",,"1200"
"53-48-83-71","Building","1",1,"Yes",,"30000"
"53-48-83-71","Gas or Paraffin Stove","1",1,"Yes",,"2000"
"53-48-83-71","Refrigerator","1",3,"Yes",,"2500"
"53-48-83-71","Radio","1",2,"Yes",,"1500"
"53-48-83-71","Living room furniture set","1",1,"Yes",,"2000"
"27-13-62-90","Plastic chairs","3",6,"Yes",,"50"
"85-22-01-46","Simple Mobile Phone","1",1,,,"100"
"85-22-01-46","Smart Phone","1",2,"Yes",,"1500"
"85-22-01-46","Building","1",1,"Yes",,"50"
"85-22-01-46","Refrigerator","1",1,"Yes",,"3000"
"85-22-01-46","Television","2",2,"Yes",,"3500"
"85-22-01-46","Living room furniture set","1",1,"Yes",,"3000"
"85-22-01-46","Plastic chairs","4",7,"Yes",,"50"
"69-98-12-23","Simple Mobile Phone","2",2,"Yes",,"150"
"69-98-12-23","Building","1",1,"Yes",,"10000"
"69-98-12-23","Radio","1",1,"Yes",,"100"
"69-98-12-23","Plastic chairs","5",3,"Yes",,"50"
"69-98-12-23","Solar panel","1",1,"Yes",,"100"
"13-16-89-71","Smart Phone","2",1,"Yes",,"1400"
"13-16-89-71","Electric Stove","1",1,"Yes",,"2000"
"13-16-89-71","Plastic chairs","4",8,"Yes",,"70"
"56-66-41-20","Simple Mobile Phone","2",2,"Yes",,"190"
"56-66-41-20","Plastic chairs","5",9,"Yes",,"80"
"56-66-41-20","Wheelbarrow","1",1,,,"600"
"81-47-86-65","Building","3",3,"Yes",,"3500"
"81-47-86-65","Plastic chairs","4",4,"Yes",,"50"
"93-67-97-18","Building","1",1,"Yes",,"25000"
"93-67-97-18","Refrigerator","1",0,"Yes",,"3000"
"93-67-97-18","Radio","1",1,"Yes",,"250"
"93-67-97-18","Plough","1",1,"Yes",,"900"
"93-67-97-18","Solar panel","1",1,"Yes",,"1600"
"38-26-42-37","Simple Mobile Phone","3",3,"Yes",,"150"
"38-26-42-37","Building","3",1,"Yes",,"3000"
"38-26-42-37","Electric Stove","1",1,"Yes",,"100"
"38-26-42-37","Refrigerator","1",1,"Yes",,"1200"
"38-26-42-37","Television","2",1,"Yes",,"1800"
"38-26-42-37","Plastic chairs","6",3,"Yes",,"50"
"05-99-34-61","Simple Mobile Phone","2",1,,,"200"
"05-99-34-61","Smart Phone","3",3,"Yes",,"1000"
"05-99-34-61","Motor vehicle","3",4,"Yes",,"2e+05"
"05-99-34-61","Building","1",1,"Yes",,"250000"
"05-99-34-61","Electric Stove","2",2,"Yes",,"1000"
"05-99-34-61","Microwave","2",2,"Yes",,"400"
"05-99-34-61","Refrigerator","2",2,"Yes",,"1500"
"05-99-34-61","Radio","1",1,"Yes",,"200"
"05-99-34-61","Television","1",1,"Yes",,"300"
"05-99-34-61","Living room furniture set","4",4,"Yes",,"4000"
"05-99-34-61","Plastic chairs","6",2,"Yes",,"100"
"05-99-34-61","Wheelbarrow","2",2,"Yes",,"80"
"82-77-34-88","Simple Mobile Phone","1",3,,,"50"
"82-77-34-88","Bicycle","1",0,,,"1500"
"82-77-34-88","Building","4",4,"Yes",,"3000"
"82-77-34-88","Television","1",0,"Yes",,"4000"
"58-42-23-81","Simple Mobile Phone","2",1,"Yes",,"200"
"58-42-23-81","Building","2",1,"Yes",,"5000"
"58-42-23-81","Television","1",1,"Yes",,"900"
"58-42-23-81","Plastic chairs","6",4,"Yes",,"60"
"58-42-23-81","Solar panel","1",1,"Yes",,"1200"
"41-08-83-81","Smart Phone","5",6,"Yes",,"800"
"41-08-83-81","Building","6",6,"Yes",,"1e+05"
"41-08-83-81","Refrigerator","1",3,"Yes",,"2500"
"41-08-83-81","Radio","1",6,"Yes",,"2500"
"41-08-83-81","Television","3",3,"Yes",,"2200"
"41-08-83-81","Living room furniture set","1",1,"Yes",,"1500"
"41-08-83-81","Plastic chairs","12",12,"Yes",,"50"
"37-72-45-16","Simple Mobile Phone","1",1,"Yes",,"100"
"37-72-45-16","Bicycle","1",1,,,"500"
"37-72-45-16","Building","1",2,"Yes",,"10000"
"37-72-45-16","Refrigerator","1",2,,,"2000"
"37-72-45-16","Freezer","1",2,,,"2000"
"37-72-45-16","Radio","1",1,"Yes",,"3000"
"37-72-45-16","Television","1",2,,,"1500"
"37-72-45-16","Plastic chairs","3",8,"Yes",,"60"
"37-72-45-16","Plough","1",1,,,"1000"
"37-72-45-16","Solar panel","3",3,,,"900"
"86-82-46-77","Simple Mobile Phone","2",3,,,"100"
"86-82-46-77","Smart Phone","2",1,,,"800"
"86-82-46-77","Electric Stove","1",1,,,"1500"
"86-82-46-77","Microwave","1",1,,,"700"
"86-82-46-77","Refrigerator","1",1,,,"3000"
"86-82-46-77","Radio","1",1,"Yes",,"1500"
"86-82-46-77","Television","1",1,,,"3500"
"86-82-46-77","Living room furniture set","1",1,,,"2000"
"86-82-46-77","Plastic chairs","4",8,,,"50"
"35-59-75-62","Simple Mobile Phone","2",2,"Yes",,"80"
"35-59-75-62","Plastic chairs","10",7,"Yes",,"70"
"31-89-28-30","Simple Mobile Phone","2",2,"Yes",,"100"
"31-89-28-30","Smart Phone","2",2,,,"800"
"31-89-28-30","Refrigerator","1",1,"Yes",,"500"
"31-89-28-30","Television","1",2,"Yes",,"2000"
"31-89-28-30","Living room furniture set","1",1,"Yes",,"2500"
"31-89-28-30","Plastic chairs","4",8,"Yes",,"20"
"61-82-08-02","Simple Mobile Phone","1",3,,,"100"
"61-82-08-02","Plastic chairs","4",8,"Yes",,"50"
"67-96-75-77","Simple Mobile Phone","2",2,"Yes",,"100"
"67-96-75-77","Building","1",1,"Yes",,"10000"
"67-96-75-77","Radio","1",1,"Yes",,"200"
"67-96-75-77","Plastic chairs","6",6,"Yes",,"20"
"67-96-75-77","Wheelbarrow","1",1,"Yes",,"200"
"19-03-14-53","Simple Mobile Phone","2",4,,,"200"
"19-03-14-53","Bicycle","2",2,"Yes",,"500"
"19-03-14-53","Refrigerator","1",1,,,"1500"
"19-03-14-53","Radio","1",1,"Yes",,"5000"
"19-03-14-53","Television","1",1,"Yes",,"3500"
"19-03-14-53","Plastic chairs","10",6,"Yes",,"50"
"12-01-31-29","Simple Mobile Phone","2",0,,,"150"
"12-01-31-29","Smart Phone","2",1,"Yes",,"1000"
"12-01-31-29","Motor vehicle","1",2,"Yes",,"20000"
"12-01-31-29","Bicycle","1",4,"Yes",,"500"
"12-01-31-29","Electric Stove","1",1,,,"4000"
"12-01-31-29","Microwave","1",1,,,"2500"
"12-01-31-29","Refrigerator","1",1,,,"2500"
"12-01-31-29","Freezer","1",1,,,"4000"
"12-01-31-29","Radio","1",1,"Yes",,"200"
"12-01-31-29","Television","1",1,"Yes",,"5000"
"12-01-31-29","Computer- laptop or desktop","2",1,,,"5000"
"12-01-31-29","Living room furniture set","2",1,,,"6000"
"12-01-31-29","Plastic chairs","2",6,,,"100"
"12-01-31-29","Plough","1",1,"Yes",,"2500"
"12-01-31-29","Wheelbarrow","1",3,"Yes",,"250"
"12-01-31-29","Electric generator","1",1,"Yes",,"350"
"16-72-17-16","Simple Mobile Phone","1",2,"Yes",,"150"
"16-72-17-16","Smart Phone","2",2,"Yes",,"1000"
"16-72-17-16","Electric Stove","1",1,,,"1500"
"16-72-17-16","Refrigerator","1",1,,,"2000"
"16-72-17-16","Radio","1",1,"Yes",,"1500"
"16-72-17-16","Television","1",1,,,"4000"
"16-72-17-16","Living room furniture set","1",1,"Yes",,"4000"
"16-72-17-16","Plastic chairs","4",6,,,"45"
"38-21-18-12","Simple Mobile Phone","1",2,"Yes",,"100"
"38-21-18-12","Smart Phone","1",1,,,"800"
"38-21-18-12","Building","1",1,"Yes",,"0"
"38-21-18-12","Refrigerator","1",2,"Yes",,"1500"
"38-21-18-12","Radio","1",1,,,"2000"
"38-21-18-12","Television","1",1,"Yes",,"1000"
"38-21-18-12","Living room furniture set","1",1,"Yes",,"4000"
"75-80-02-90","Simple Mobile Phone","3",0,,,"300"
"75-80-02-90","Building","2",2,,,"20000"
"75-80-02-90","Refrigerator","1",1,,,"15000"
"75-80-02-90","Television","1",1,,,"13000"
"75-80-02-90","Plastic chairs","8",0,,,"70"
"43-41-21-85","Simple Mobile Phone","1",1,,,"150"
"43-41-21-85","Smart Phone","1",0,"Yes",,"500"
"43-41-21-85","Bicycle","1",1,"Yes",,"700"
"43-41-21-85","Building","4",1,"Yes",,"5000"
"43-41-21-85","Microwave","1",1,"Yes",,"600"
"43-41-21-85","Refrigerator","1",1,"Yes",,"1500"
"43-41-21-85","Television","1",1,"Yes",,"600"
"43-41-21-85","Plastic chairs","5",8,"Yes",,"100"
"66-22-88-29","Simple Mobile Phone","2",2,"Yes",,"20"
"66-22-88-29","Smart Phone","1",1,,,"250"
"66-22-88-29","Building","1",1,"Yes",,"1000"
"66-22-88-29","Plastic chairs","6",6,"Yes",,"40"
"66-22-88-29","Wheelbarrow","1",0,"Yes",,"150"
"42-66-53-78","Simple Mobile Phone","1",1,,,"50"
"42-66-53-78","Plastic chairs","3",0,,,"40"
"19-23-31-06","Simple Mobile Phone","2",2,"Yes",,"120"
"19-23-31-06","Electric Stove","2",2,"Yes",,"I don't know"
"19-23-31-06","Microwave","1",1,"Yes",,"I don't know"
"19-23-31-06","Refrigerator","2",1,"Yes",,"I don't know"
"19-23-31-06","Television","1",1,"Yes",,"I don't know"
"19-23-31-06","Computer- laptop or desktop","1",1,,,"I don't know"
"19-23-31-06","Plastic chairs","12",10,"Yes",,"I don't know"
"19-23-31-06","Wheelbarrow","1",1,,,"I don't know"
"62-33-60-14","Simple Mobile Phone","3",6,,,"Refused to answer"
"62-33-60-14","Smart Phone","1",1,"Yes",,"I don't know"
"62-33-60-14","Motor vehicle","1",0,"Yes",,"I don't know"
"62-33-60-14","Refrigerator","2",1,"Yes",,"I don't know"
"62-33-60-14","Radio","1",1,"Yes",,"I don't know"
"62-33-60-14","Television","1",1,"Yes",,"I don't know"
"62-33-60-14","Computer- laptop or desktop","1",1,"Yes",,"Refused to answer"
"62-33-60-14","Plastic chairs","4",8,"Yes",,"Refused to answer"
"62-33-60-14","Plough","1",1,"Yes",,"I don't know"
"89-36-04-43","Simple Mobile Phone","1",3,,,"100"
"89-36-04-43","Smart Phone","1",2,"Yes",,"1200"
"89-36-04-43","Building","2",2,"Yes",,"150000"
"89-36-04-43","Refrigerator","1",1,"Yes",,"4000"
"89-36-04-43","Television","1",2,"Yes",,"1500"
"87-86-68-37","Smart Phone","4",5,"Yes",,"3500"
"87-86-68-37","Electric Stove","2",5,"Yes",,"2000"
"87-86-68-37","Microwave","1",2,"Yes",,"300"
"87-86-68-37","Refrigerator","1",1,"Yes",,"I don't know"
"87-86-68-37","Washing Machine","1",1,"Yes",,"I don't know"
"87-86-68-37","Radio","1",1,"Yes",,"I don't know"
"87-86-68-37","Television","1",3,"Yes",,"I don't know"
"87-86-68-37","Living room furniture set","1",1,"Yes",,"I don't know"
"87-86-68-37","Plastic chairs","5",8,"Yes",,"I don't know"
"12-94-76-31","Simple Mobile Phone","2",2,"Yes",,"200"
"12-94-76-31","Radio","1",1,"Yes",,"600"
"12-94-76-31","Plastic chairs","6",12,"Yes",,"70"
"25-74-03-84","Smart Phone","3",2,"Yes",,"2500"
"25-74-03-84","Building","2",2,"Yes",,"20000"
"25-74-03-84","Plastic chairs","3",8,"Yes",,"60"
"98-23-98-25","Simple Mobile Phone","3",3,"Yes",,"150"
"98-23-98-25","Smart Phone","3",3,"Yes",,"2000"
"98-23-98-25","Motor vehicle","1",1,"Yes",,"50000"
"98-23-98-25","Bicycle","1",1,,,"1500"
"98-23-98-25","Building","6",6,"Yes",,"3e+05"
"98-23-98-25","Electric Stove","1",1,"Yes",,"5000"
"98-23-98-25","Refrigerator","1",1,"Yes",,"4000"
"98-23-98-25","Television","1",1,"Yes",,"6000"
"98-23-98-25","Living room furniture set","1",1,"Yes",,"8000"
"98-23-98-25","Plastic chairs","12",12,"Yes",,"80"
"98-23-98-25","Plough","2",2,"Yes",,"2000"
"98-23-98-25","Wheelbarrow","3",3,"Yes",,"1000"
"98-23-98-25","Boats","1",1,"Yes",,"4000"
"01-01-07-49","Simple Mobile Phone","1",1,"Yes",,"150"
"01-01-07-49","Smart Phone","1",1,,,"1500"
"01-01-07-49","Building","1",1,"Yes",,"1800"
"01-01-07-49","Plastic chairs","4",6,"Yes",,"50"
"05-21-83-90","Simple Mobile Phone","1",1,,,"100"
"05-21-83-90","Smart Phone","3",3,"Yes",,"2000"
"05-21-83-90","Motor vehicle","1",1,"Yes",,"50000"
"05-21-83-90","Bicycle","1",1,"Yes",,"200"
"05-21-83-90","Building","4",3,"Yes",,"30000"
"05-21-83-90","Electric Stove","1",1,"Yes",,"1200"
"05-21-83-90","Microwave","1",1,"Yes",,"1000"
"05-21-83-90","Refrigerator","1",0,"Yes",,"1200"
"05-21-83-90","Radio","1",1,"Yes",,"900"
"05-21-83-90","Television","1",1,"Yes",,"700"
"05-21-83-90","Computer- laptop or desktop","1",0,,,"5000"
"05-21-83-90","Living room furniture set","1",0,"Yes",,"1400"
"05-21-83-90","Plastic chairs","4",6,"Yes",,"50"
"05-21-83-90","Plough","1",1,"Yes",,"1600"
"05-21-83-90","Wheelbarrow","1",4,"Yes",,"900"
"77-16-48-10","Smart Phone","1",0,"Yes",,"200"
"77-16-48-10","Building","2",2,"Yes",,"1000"
"77-16-48-10","Plastic chairs","5",5,"Yes",,"30"
"75-23-18-05","Building","2",2,"Yes",,"3000"
"75-23-18-05","Radio","1",0,"Yes",,"200"
"75-23-18-05","Plastic chairs","2",2,"Yes",,"50"
"83-84-60-99","Simple Mobile Phone","2",2,"Yes",,"200"
"83-84-60-99","Bicycle","1",1,"Yes",,"600"
"83-84-60-99","Building","2",2,"Yes",,"10000"
"83-84-60-99","Freezer","1",1,"Yes",,"2000"
"83-84-60-99","Radio","2",2,"Yes",,"1500"
"83-84-60-99","Plastic chairs","4",6,"Yes",,"50"
"56-18-51-85","Simple Mobile Phone","1",1,"Yes",,"200"
"56-18-51-85","Motor vehicle","1",2,"Yes",,"1e+05"
"56-18-51-85","Bicycle","1",1,"Yes",,"700"
"56-18-51-85","Building","2",2,"Yes",,"5000"
"56-18-51-85","Gas or Paraffin Stove","2",2,"Yes",,"1000"
"56-18-51-85","Refrigerator","1",1,"Yes",,"3000"
"56-18-51-85","Radio","1",1,"Yes",,"500"
"56-18-51-85","Television","1",1,"Yes",,"3000"
"56-18-51-85","Living room furniture set","1",1,"Yes",,"5000"
"56-18-51-85","Plastic chairs","10",10,"Yes",,"60"
"56-18-51-85","Solar panel","1",1,"Yes",,"1000"
"56-18-51-85","Electric generator","1",1,"Yes",,"18000"
"26-38-66-11","Simple Mobile Phone","1",1,"Yes",,"250"
"26-38-66-11","Building","1",1,"Yes",,"50000"
"26-38-66-11","Plastic chairs","4",5,"Yes",,"50"
"46-68-27-34","Simple Mobile Phone","1",1,"Yes",,"150"
"46-68-27-34","Bicycle","1",1,"Yes",,"1000"
"46-68-27-34","Building","2",2,"Yes",,"8000"
"46-68-27-34","Radio","1",1,"Yes",,"1500"
"46-68-27-34","Television","1",1,"Yes",,"800"
"46-68-27-34","Living room furniture set","1",1,"Yes",,"3500"
"46-68-27-34","Plastic chairs","4",4,"Yes",,"60"
"46-68-27-34","Plough","1",1,"Yes",,"700"
"46-68-27-34","Solar panel","1",1,"Yes",,"900"
"46-68-27-34","Electric generator","1",1,"Yes",,"5000"
"78-16-14-09","Smart Phone","3",3,,,"700"
"78-16-14-09","Building","4",4,"Yes",,"3000"
"78-16-14-09","Plastic chairs","4",4,"Yes",,"50"
"78-16-14-09","Plough","1",1,"Yes",,"1500"
"01-32-09-43","Simple Mobile Phone","1",1,"Yes",,"300"
"01-32-09-43","Building","2",2,"Yes",,"2000"
"01-32-09-43","Radio","1",1,"Yes",,"500"
"01-32-09-43","Plastic chairs","4",4,"Yes",,"350"
"01-32-09-43","Solar panel","1",1,"Yes",,"5000"
"11-29-18-58","Simple Mobile Phone","2",2,"Yes",,"200"
"11-29-18-58","Building","2",2,"Yes",,"10000"
"11-29-18-58","Refrigerator","1",1,"Yes",,"3000"
"11-29-18-58","Radio","1",1,"Yes",,"200"
"11-29-18-58","Television","1",1,"Yes",,"3000"
"11-29-18-58","Plastic chairs","6",4,"Yes",,"150"
"11-29-18-58","Solar panel","1",1,"Yes",,"2000"
"53-42-47-52","Simple Mobile Phone","1",1,,,"150"
"53-42-47-52","Building","1",1,"Yes",,"15000"
"53-42-47-52","Radio","1",1,"Yes",,"600"
"53-42-47-52","Plastic chairs","1",4,"Yes",,"30"
"01-17-72-49","Simple Mobile Phone","2",3,"Yes",,"150"
"01-17-72-49","Building","2",2,"Yes",,"600"
"01-17-72-49","Plastic chairs","4",4,"Yes",,"70"
"40-86-48-02","Simple Mobile Phone","2",2,"Yes",,"150"
"40-86-48-02","Building","4",3,"Yes",,"25000"
"40-86-48-02","Gas or Paraffin Stove","1",1,"Yes",,"1000"
"40-86-48-02","Plastic chairs","6",6,"Yes",,"100"
"40-86-48-02","Plough","2",2,,,"3000"
"40-86-48-02","Wheelbarrow","1",1,,,"1000"
"40-86-48-02","Solar panel","1",0,"Yes",,"1500"
"67-11-34-32","Building","3",3,"Yes",,"600"
"67-11-34-32","Plastic chairs","3",5,"Yes",,"50"
"47-85-49-06","Simple Mobile Phone","1",1,,,"100"
"47-85-49-06","Building","1",1,"Yes",,"1000"
"47-85-49-06","Radio","1",1,"Yes",,"600"
"47-85-49-06","Television","1",1,"Yes",,"500"
"47-85-49-06","Boats","1",1,"Yes",,"3000"
"47-85-49-06","Electric generator","1",1,"Yes",,"2000"
"68-03-09-51","Simple Mobile Phone","2",1,"Yes",,"100"
"68-03-09-51","Radio","1",1,"Yes",,"2000"
"68-03-09-51","Living room furniture set","1",1,"Yes",,"5000"
"68-03-09-51","Plastic chairs","4",4,"Yes",,"50"
"14-68-63-82","Simple Mobile Phone","1",1,"Yes",,"150"
"14-68-63-82","Building","3",3,"Yes",,"5000"
"14-68-63-82","Plastic chairs","6",5,"Yes",,"100"
"80-91-19-12","Simple Mobile Phone","1",2,"Yes",,"150"
"80-91-19-12","Building","2",2,"Yes",,"15000"
"80-91-19-12","Plastic chairs","4",4,"Yes",,"70"
"80-91-19-12","Plough","1",1,"Yes",,"1500"
"25-98-38-14","Simple Mobile Phone","1",1,"Yes",,"250"
"25-98-38-14","Smart Phone","3",4,"Yes",,"1500"
"25-98-38-14","Building","3",3,"Yes",,"20000"
"25-98-38-14","Living room furniture set","1",4,"Yes",,"2000"
"25-98-38-14","Plastic chairs","6",6,"Yes",,"100"
"25-98-38-14","Plough","2",2,"Yes",,"3000"
"50-33-61-65","Simple Mobile Phone","1",1,"Yes",,"80"
"50-33-61-65","Building","3",3,"Yes",,"10000"
"50-33-61-65","Electric Stove","1",1,"Yes",,"1000"
"50-33-61-65","Refrigerator","1",1,"Yes",,"2000"
"50-33-61-65","Radio","1",1,"Yes",,"600"
"50-33-61-65","Television","1",1,"Yes",,"500"
"50-33-61-65","Plastic chairs","4",4,"Yes",,"20"
"88-90-25-85","Simple Mobile Phone","2",2,"Yes",,"200"
"88-90-25-85","Motor vehicle","1",1,"Yes",,"80000"
"88-90-25-85","Building","4",3,"Yes",,"5000"
"88-90-25-85","Electric Stove","2",2,"Yes",,"120"
"88-90-25-85","Refrigerator","1",1,"Yes",,"5000"
"88-90-25-85","Radio","1",1,"Yes",,"4000"
"88-90-25-85","Television","1",1,"Yes",,"2000"
"88-90-25-85","Living room furniture set","1",1,"Yes",,"3000"
"88-90-25-85","Plastic chairs","6",4,"Yes",,"50"
"88-90-25-85","Plough","1",1,"Yes",,"1000"
"88-90-25-85","Solar panel","2",2,"Yes",,"1000"
"04-83-20-68","Simple Mobile Phone","2",2,"Yes",,"150"
"04-83-20-68","Building","2",2,"Yes",,"15000"
"04-83-20-68","Living room furniture set","1",1,"Yes",,"8000"
"04-83-20-68","Plastic chairs","3",3,"Yes",,"30"
"09-59-67-21","Building","1",3,"Yes",,"5000"
"09-59-67-21","Radio","2",1,"Yes",,"300"
"09-59-67-21","Plastic chairs","6",4,"Yes",,"100"
"09-59-67-21","Plough","2",2,"Yes",,"2500"
"35-03-03-59","Smart Phone","1",1,,,"1000"
"35-03-03-59","Building","1",1,"Yes",,"2000"
"35-03-03-59","Radio","1",1,"Yes",,"2000"
"35-03-03-59","Plastic chairs","5",5,"Yes",,"5"
"35-03-03-59","Plough","1",1,"Yes",,"800"
"10-50-64-24","Simple Mobile Phone","2",2,"Yes",,"200"
"10-50-64-24","Smart Phone","2",0,,,"1500"
"10-50-64-24","Bicycle","1",1,"Yes",,"800"
"10-50-64-24","Building","2",2,"Yes",,"5000"
"10-50-64-24","Radio","1",1,,,"500"
"10-50-64-24","Living room furniture set","2",2,"Yes",,"2000"
"10-50-64-24","Plastic chairs","3",4,"Yes",,"50"
"10-50-64-24","Solar panel","1",1,,,"2000"
"13-56-95-25","Simple Mobile Phone","1",1,,,"150"
"13-56-95-25","Smart Phone","3",2,"Yes",,"1500"
"13-56-95-25","Building","2",2,"Yes",,"7000"
"13-56-95-25","Gas or Paraffin Stove","2",2,"Yes",,"500"
"13-56-95-25","Refrigerator","1",1,"Yes",,"8000"
"13-56-95-25","Radio","2",2,"Yes",,"900"
"13-56-95-25","Television","1",1,"Yes",,"600"
"13-56-95-25","Plastic chairs","8",4,,,"50"
"13-56-95-25","Plough","1",2,"Yes",,"2500"
"13-56-95-25","Wheelbarrow","1",1,"Yes",,"400"
"13-56-95-25","Solar panel","2",2,"Yes",,"1000"
"13-56-95-25","Electric generator","1",1,"Yes",,"700"
"36-88-00-01","Smart Phone","1",1,"Yes",,"1500"
"36-88-00-01","Bicycle","1",1,"Yes",,"2000"
"36-88-00-01","Building","2",2,"Yes",,"8000"
"36-88-00-01","Gas or Paraffin Stove","1",1,"Yes",,"2000"
"36-88-00-01","Refrigerator","1",1,"Yes",,"3000"
"36-88-00-01","Radio","1",1,"Yes",,"800"
"36-88-00-01","Plastic chairs","3",5,"Yes",,"50"
"36-88-00-01","Solar panel","2",2,"Yes",,"1500"
"63-25-21-02","Simple Mobile Phone","1",1,,,"150"
"63-25-21-02","Smart Phone","1",1,"Yes",,"1500"
"63-25-21-02","Building","1",1,"Yes",,"50"
"63-25-21-02","Radio","1",1,"Yes",,"250"
"63-25-21-02","Plastic chairs","5",10,"Yes",,"50"
"63-25-21-02","Plough","1",1,"Yes",,"2000"
"08-07-30-74","Simple Mobile Phone","2",3,,,"280"
"08-07-30-74","Smart Phone","1",1,"Yes",,"800"
"08-07-30-74","Motor vehicle","2",2,"Yes",,"20000"
"08-07-30-74","Building","2",2,"Yes",,"4500"
"08-07-30-74","Electric Stove","1",1,"Yes",,"200"
"08-07-30-74","Refrigerator","1",1,"Yes",,"3000"
"08-07-30-74","Radio","2",2,"Yes",,"2800"
"08-07-30-74","Television","1",1,"Yes",,"800"
"08-07-30-74","Living room furniture set","1",1,"Yes",,"1300"
"08-07-30-74","Plastic chairs","6",6,"Yes",,"75"
"08-07-30-74","Plough","1",1,"Yes",,"900"
"18-39-69-08","Simple Mobile Phone","2",3,"Yes",,"300"
"18-39-69-08","Building","2",3,"Yes",,"20000"
"18-39-69-08","Gas or Paraffin Stove","1",1,"Yes",,"500"
"18-39-69-08","Freezer","1",1,"Yes",,"3000"
"18-39-69-08","Radio","1",1,"Yes",,"100"
"18-39-69-08","Television","1",1,"Yes",,"4000"
"18-39-69-08","Living room furniture set","1",1,"Yes",,"4000"
"18-39-69-08","Plastic chairs","5",3,"Yes",,"130"
"18-39-69-08","Plough","1",2,"Yes",,"2000"
"18-39-69-08","Wheelbarrow","1",1,"Yes",,"4000"
"18-39-69-08","Solar panel","1",2,"Yes",,"200"
"97-46-11-48","Smart Phone","2",2,"Yes",,"1000"
"97-46-11-48","Motor vehicle","2",2,,,"30000"
"97-46-11-48","Gas or Paraffin Stove","1",3,"Yes",,"500"
"97-46-11-48","Radio","1",1,"Yes",,"2000"
"97-46-11-48","Television","1",1,"Yes",,"2500"
"97-46-11-48","Living room furniture set","1",1,"Yes",,"3000"
"97-46-11-48","Plastic chairs","7",4,"Yes",,"30"
"97-46-11-48","Wheelbarrow","1",2,"Yes",,"50"
"12-85-99-43","Simple Mobile Phone","1",1,"Yes",,"150"
"12-85-99-43","Plastic chairs","4",8,"Yes",,"50"
"55-14-49-61","Simple Mobile Phone","1",1,"Yes",,"I don't know"
"55-14-49-61","Building","1",1,"Yes",,"I don't know"
"55-14-49-61","Electric Stove","2",2,"Yes",,"I don't know"
"55-14-49-61","Microwave","1",1,"Yes",,"I don't know"
"55-14-49-61","Freezer","2",2,"Yes",,"3999"
"55-14-49-61","Radio","1",1,"Yes",,"4000"
"55-14-49-61","Television","1",0,"Yes",,"9000"
"55-14-49-61","Living room furniture set","1",1,"Yes",,"1000"
"55-14-49-61","Plastic chairs","13",13,"Yes",,"60"
"94-26-98-86","Simple Mobile Phone","1",1,"Yes",,"100"
"94-26-98-86","Smart Phone","1",0,,,"1000"
"94-26-98-86","Building","1",1,"Yes",,"20000"
"94-26-98-86","Gas or Paraffin Stove","1",1,"Yes",,"800"
"94-26-98-86","Freezer","1",1,"Yes",,"1500"
"94-26-98-86","Radio","1",1,"Yes",,"100"
"94-26-98-86","Television","1",1,"Yes",,"400"
"94-26-98-86","Living room furniture set","1",1,"Yes",,"2500"
"94-26-98-86","Plastic chairs","5",6,"Yes",,"40"
"94-26-98-86","Wheelbarrow","1",0,"Yes",,"600"
"32-96-01-37","Simple Mobile Phone","2",3,,,"100"
"32-96-01-37","Building","2",2,"Yes",,"5000"
"32-96-01-37","Plastic chairs","4",2,"Yes",,"150"
"32-96-01-37","Plough","2",2,"Yes",,"2500"
"41-92-38-71","Simple Mobile Phone","2",6,"Yes",,"150"
"41-92-38-71","Bicycle","1",1,"Yes",,"1300"
"41-92-38-71","Building","1",2,"Yes",,"5000"
"41-92-38-71","Electric Stove","1",1,"Yes",,"4500"
"41-92-38-71","Freezer","1",1,"Yes",,"4000"
"41-92-38-71","Radio","1",1,"Yes",,"9000"
"41-92-38-71","Living room furniture set","1",1,"Yes",,"14000"
"41-92-38-71","Plastic chairs","6",11,"Yes",,"100"
"41-92-38-71","Plough","2",2,"Yes",,"1500"
"43-40-50-14","Simple Mobile Phone","1",4,"Yes",,"100"
"43-40-50-14","Building","1",1,"Yes",,"80000"
"43-40-50-14","Plastic chairs","8",4,"Yes",,"50"
"43-40-50-14","Plough","1",1,"Yes",,"800"
"33-52-73-44","Simple Mobile Phone","2",3,"Yes",,"100"
"33-52-73-44","Building","4",4,"Yes",,"10000"
"33-52-73-44","Plastic chairs","8",11,"Yes",,"50"
"33-52-73-44","Plough","4",4,"Yes",,"1500"
"17-65-44-15","Simple Mobile Phone","1",1,"Yes",,"50"
"17-65-44-15","Freezer","1",1,"Yes",,"5000"
"17-65-44-15","Plastic chairs","2",4,"Yes",,"60"
"77-00-14-73","Simple Mobile Phone","2",2,"Yes",,"150"
"77-00-14-73","Gas or Paraffin Stove","1",1,,,"3000"
"77-00-14-73","Living room furniture set","1",1,"Yes",,"3000"
"77-00-14-73","Plastic chairs","4",6,"Yes",,"50"
"77-00-14-73","Plough","3",5,"Yes",,"300"
"78-98-94-60","Simple Mobile Phone","1",2,,,"299"
"78-98-94-60","Smart Phone","2",2,,,"1200"
"78-98-94-60","Building","2",2,,,"I don't know"
"78-98-94-60","Radio","2",1,,,"I don't know"
"78-98-94-60","Television","2",1,,,"I don't know"
"78-98-94-60","Plough","1",1,,,"I don't know"
"78-98-94-60","Solar panel","1",1,,,"I don't know"
"50-51-12-24","Simple Mobile Phone","3",3,"Yes",,"150"
"50-51-12-24","Smart Phone","1",1,,,"2000"
"50-51-12-24","Building","5",5,,,"30000"
"50-51-12-24","Electric Stove","1",1,,,"3000"
"50-51-12-24","Refrigerator","1",2,,,"1800"
"50-51-12-24","Living room furniture set","1",1,,,"3000"
"50-51-12-24","Plastic chairs","4",4,,,"50"
"50-51-12-24","Plough","2",2,,,"2000"
"45-72-98-81","Simple Mobile Phone","1",1,"Yes",,"500"
"45-72-98-81","Building","2",4,"Yes",,"1500"
"45-72-98-81","Living room furniture set","1",1,"Yes",,"2000"
"45-72-98-81","Plastic chairs","4",4,"Yes",,"70"
"45-72-98-81","Plough","1",1,"Yes",,"950"
"45-72-98-81","Wheelbarrow","1",3,"Yes",,"1800"
"98-20-22-18","Simple Mobile Phone","2",1,"Yes",,"150"
"98-20-22-18","Smart Phone","1",0,,,"1200"
"98-20-22-18","Building","2",2,"Yes",,"I don't know"
"98-20-22-18","Living room furniture set","1",1,"Yes",,"1000"
"98-20-22-18","Plastic chairs","7",4,"Yes",,"50"
"98-20-22-18","Plough","1",1,"Yes",,"I don't know"
"98-20-22-18","Solar panel","1",0,"Yes",,"I don't know"
"12-87-62-64","Simple Mobile Phone","2",3,,,"100"
"12-87-62-64","Building","4",3,"Yes",,"2500"
"12-87-62-64","Refrigerator","1",0,"Yes",,"3000"
"12-87-62-64","Radio","2",2,"Yes",,"1500"
"12-87-62-64","Television","1",1,"Yes",,"3000"
"12-87-62-64","Living room furniture set","1",1,"Yes",,"2500"
"12-87-62-64","Plastic chairs","6",6,"Yes",,"100"
"02-24-60-64","Simple Mobile Phone","1",1,"Yes",,"150"
"02-24-60-64","Plastic chairs","3",6,"Yes",,"50"
"35-93-85-84","Simple Mobile Phone","2",1,"Yes",,"200"
"35-93-85-84","Smart Phone","2",2,"Yes",,"1200"
"35-93-85-84","Building","3",2,"Yes",,"I don't know"
"35-93-85-84","Gas or Paraffin Stove","1",1,"Yes",,"800"
"35-93-85-84","Television","2",1,"Yes",,"I don't know"
"35-93-85-84","Plastic chairs","8",4,"Yes",,"69"
"25-08-98-52","Simple Mobile Phone","1",2,"Yes",,"200"
"25-08-98-52","Bicycle","1",1,"Yes",,"600"
"25-08-98-52","Building","1",1,"Yes",,"I don't know"
"25-08-98-52","Gas or Paraffin Stove","1",1,"Yes",,"800"
"25-08-98-52","Radio","3",2,"Yes",,"1800"
"25-08-98-52","Television","4",4,"Yes",,"1500"
"25-08-98-52","Living room furniture set","1",1,"Yes",,"2000"
"25-08-98-52","Plastic chairs","4",2,"Yes",,"100"
"25-08-98-52","Wheelbarrow","1",1,"Yes",,"200"
"25-08-98-52","Solar panel","4",4,"Yes",,"600"
"46-54-30-66","Simple Mobile Phone","1",4,"Yes",,"300"
"46-54-30-66","Building","1",12000,"Yes",,"12000"
"46-54-30-66","Electric Stove","1",1,"Yes",,"400"
"46-54-30-66","Refrigerator","1",1,"Yes",,"1500"
"46-54-30-66","Radio","1",3,"Yes",,"300"
"46-54-30-66","Television","2",2,"Yes",,"2000"
"46-54-30-66","Living room furniture set","1",1,"Yes",,"6000"
"46-54-30-66","Plough","2",2,"Yes",,"1200"
"19-66-62-79","Simple Mobile Phone","1",2,"Yes",,"150"
"19-66-62-79","Building","1",1,"Yes",,"700"
"19-66-62-79","Radio","1",1,"Yes",,"10000"
"19-66-62-79","Plastic chairs","1",3,"Yes",,"50"
"38-52-59-99","Simple Mobile Phone","1",3,"Yes",,"200"
"38-52-59-99","Smart Phone","1",2,,,"250"
"38-52-59-99","Refrigerator","1",1,"Yes",,"2800"
"38-52-59-99","Television","1",2,"Yes",,"1400"
"38-52-59-99","Plastic chairs","4",6,"Yes",,"30"
"18-01-52-21","Simple Mobile Phone","1",1,"Yes",,"100"
"18-01-52-21","Radio","1",1,"Yes",,"500"
"18-01-52-21","Television","1",1,"Yes",,"1000"
"18-01-52-21","Plastic chairs","4",4,"Yes",,"50"
"52-91-87-71","Smart Phone","2",0,,,"3000"
"52-91-87-71","Radio","1",1,"Yes",,"1000"
"52-91-87-71","Plastic chairs","2",15,"Yes",,"25"
"86-58-98-12","Simple Mobile Phone","2",4,"Yes",,"200"
"86-58-98-12","Building","2",2,"Yes",,"20000"
"86-58-98-12","Radio","1",1,"Yes",,"200"
"86-58-98-12","Living room furniture set","1",1,"Yes",,"1000"
"86-58-98-12","Plastic chairs","4",5,"Yes",,"50"
"86-58-98-12","Plough","1",2,"Yes",,"1000"
"86-58-98-12","Electric generator","1",1,"Yes",,"5000"
"18-53-78-30","Simple Mobile Phone","2",2,"Yes",,"100"
"18-53-78-30","Bicycle","1",1,"Yes",,"800"
"18-53-78-30","Building","2",2,"Yes",,"4000"
"18-53-78-30","Radio","1",1,,,"150"
"18-53-78-30","Plastic chairs","2",2,,,"80"
"18-53-78-30","Plough","1",1,"Yes",,"1500"
"21-70-10-93","Simple Mobile Phone","2",2,"Yes",,"150"
"21-70-10-93","Bicycle","1",1,"Yes",,"1000"
"21-70-10-93","Building","2",2,"Yes",,"8000"
"21-70-10-93","Radio","1",1,"Yes",,"3000"
"21-70-10-93","Living room furniture set","1",1,"Yes",,"2000"
"21-70-10-93","Plastic chairs","8",8,"Yes",,"26"
"21-70-10-93","Plough","2",2,"Yes",,"4000"
"21-70-10-93","Wheelbarrow","1",2,"Yes",,"700"
"21-70-10-93","Solar panel","1",1,"Yes",,"2000"
"51-51-64-02","Smart Phone","2",0,"Yes",,"2000"
"51-51-64-02","Building","3",3,"Yes",,"20000"
"51-51-64-02","Refrigerator","1",1,,,"2000"
"51-51-64-02","Radio","1",1,"Yes",,"1500"
"51-51-64-02","Television","1",1,,,"3000"
"51-51-64-02","Living room furniture set","1",0,,,"4300"
"51-51-64-02","Plastic chairs","5",5,,,"70"
"51-51-64-02","Plough","1",0,,,"2000"
"65-04-27-87","Simple Mobile Phone","1",1,"Yes",,"200"
"65-04-27-87","Smart Phone","1",1,"Yes",,"2000"
"65-04-27-87","Freezer","1",1,"Yes",,"3000"
"65-04-27-87","Plastic chairs","8",10,"Yes",,"100"
"65-04-27-87","Plough","1",1,"Yes",,"2500"
"65-04-27-87","Wheelbarrow","1",1,"Yes",,"700"
"26-67-17-34","Simple Mobile Phone","1",1,"Yes",,"250"
"26-67-17-34","Bicycle","1",1,"Yes",,"800"
"26-67-17-34","Building","1",1,"Yes",,"10000"
"26-67-17-34","Plastic chairs","3",3,"Yes",,"70"
"12-55-61-25","Simple Mobile Phone","1",2,,,"150"
"12-55-61-25","Smart Phone","2",1,"Yes",,"500"
"12-55-61-25","Gas or Paraffin Stove","1",0,"Yes",,"500"
"12-55-61-25","Plastic chairs","5",10,"Yes",,"50"
"12-55-61-25","Plough","1",1,"Yes",,"900"
"70-21-00-12","Simple Mobile Phone","2",2,"Yes",,"150"
"70-21-00-12","Bicycle","1",4,"Yes",,"3000"
"70-21-00-12","Building","3",5,"Yes",,"35000"
"70-21-00-12","Gas or Paraffin Stove","1",2,"Yes",,"2000"
"70-21-00-12","Freezer","1",2,"Yes",,"6000"
"70-21-00-12","Radio","2",2,"Yes",,"15000"
"70-21-00-12","Television","2",1,"Yes",,"1000"
"70-21-00-12","Living room furniture set","1",2,"Yes",,"8000"
"70-21-00-12","Plastic chairs","45",60,"Yes",,"100"
"70-21-00-12","Plough","3",1,"Yes",,"3000"
"70-21-00-12","Wheelbarrow","2",3,"Yes",,"1000"
"70-21-00-12","Boats","3",3,"Yes",,"100"
"09-96-00-56","Building","2",2,"Yes",,"10000"
"09-96-00-56","Living room furniture set","1",1,"Yes",,"10000"
"09-96-00-56","Plastic chairs","1",10,"Yes",,"50"
"09-96-00-56","Plough","1",3,"Yes",,"1500"
"93-46-32-90","Simple Mobile Phone","2",2,"Yes",,"150"
"93-46-32-90","Motor vehicle","2",1,"Yes",,"50000"
"93-46-32-90","Building","6",6,"Yes",,"5000"
"93-46-32-90","Radio","2",2,"Yes",,"200"
"93-46-32-90","Television","1",1,"Yes",,"3000"
"93-46-32-90","Living room furniture set","1",1,"Yes",,"7000"
"93-46-32-90","Plastic chairs","9",4,"Yes",,"60"
"93-46-32-90","Plough","2",2,"Yes",,"700"
"93-46-32-90","Wheelbarrow","1",1,"Yes",,"300"
"93-46-32-90","Electric generator","1",1,"Yes",,"1200"
"39-76-52-63","Simple Mobile Phone","2",2,"Yes",,"150"
"39-76-52-63","Building","2",2,"Yes",,"4000"
"39-76-52-63","Plastic chairs","1",2,"Yes",,"50"
"44-39-76-83","Simple Mobile Phone","1",1,,,"150"
"44-39-76-83","Smart Phone","2",1,"Yes",,"1000"
"44-39-76-83","Building","3",3,"Yes",,"2000"
"44-39-76-83","Plastic chairs","7",5,"Yes",,"80"
"44-39-76-83","Solar panel","1",1,"Yes",,"250"
"57-92-68-31","Simple Mobile Phone","1",1,"Yes",,"300"
"57-92-68-31","Building","3",3,"Yes",,"10000"
"57-92-68-31","Radio","2",2,"Yes",,"4500"
"57-92-68-31","Plastic chairs","6",6,"Yes",,"60"
"57-92-68-31","Plough","1",1,"Yes",,"3000"
"70-75-80-97","Simple Mobile Phone","4",4,,,"200"
"70-75-80-97","Building","2",2,"Yes",,"1000"
"70-75-80-97","Plastic chairs","1",4,"Yes",,"50"
"37-91-43-52","Simple Mobile Phone","1",1,"Yes",,"500"
"37-91-43-52","Building","1",1,"Yes",,"15000"
"37-91-43-52","Radio","1",1,"Yes",,"1000"
"37-91-43-52","Plastic chairs","3",3,,,"400"
"37-91-43-52","Solar panel","1",1,"Yes",,"5000"
"93-94-95-33","Building","1",1,"Yes",,"1500"
"93-94-95-33","Television","1",1,"Yes",,"2000"
"50-37-72-10","Simple Mobile Phone","1",1,"Yes",,"200"
"50-37-72-10","Radio","1",1,"Yes",,"500"
"50-37-72-10","Plastic chairs","4",4,"Yes",,"100"
"50-37-72-10","Solar panel","3",4,"Yes",,"50"
"29-63-76-51","Simple Mobile Phone","1",1,,,"100"
"29-63-76-51","Smart Phone","1",1,,,"700"
"29-63-76-51","Electric Stove","1",1,"Yes",,"2000"
"29-63-76-51","Refrigerator","1",1,"Yes",,"700"
"29-63-76-51","Radio","1",1,"Yes",,"1500"
"29-63-76-51","Television","1",1,"Yes",,"4000"
"29-63-76-51","Plastic chairs","3",5,"Yes",,"50"
"71-36-35-44","Simple Mobile Phone","1",1,,,"150"
"71-36-35-44","Smart Phone","1",1,"Yes",,"800"
"71-36-35-44","Building","3",2,"Yes",,"2800"
"71-36-35-44","Plastic chairs","2",4,"Yes",,"98"
"20-65-14-78","Simple Mobile Phone","1",1,"Yes",,"250"
"20-65-14-78","Building","2",2,"Yes",,"8000"
"20-65-14-78","Refrigerator","1",1,"Yes",,"500"
"20-65-14-78","Radio","1",1,"Yes",,"400"
"20-65-14-78","Television","1",1,"Yes",,"2500"
"20-65-14-78","Plastic chairs","6",8,"Yes",,"50"
"60-95-57-22","Smart Phone","2",7,"Yes",,"500"
"60-95-57-22","Motor vehicle","1",1,"Yes",,"35000"
"60-95-57-22","Refrigerator","1",3,"Yes",,"I don't know"
"60-95-57-22","Radio","1",1,"Yes",,"I don't know"
"60-95-57-22","Television","1",1,"Yes",,"I don't know"
"60-95-57-22","Living room furniture set","1",1,,,"I don't know"
"60-95-57-22","Plastic chairs","22",18,"Yes",,"I don't know"
"17-61-49-75","Simple Mobile Phone","2",2,"Yes",,"200"
"17-61-49-75","Building","4",4,"Yes",,"6000"
"17-61-49-75","Radio","1",1,"Yes",,"100"
"17-61-49-75","Plastic chairs","4",8,"Yes",,"100"
"17-61-49-75","Plough","2",1,"Yes",,"1000"
"02-95-98-52","Building","1",2,"Yes",,"3000"
"02-95-98-52","Plastic chairs","4",8,"Yes",,"40"
"77-54-37-57","Simple Mobile Phone","2",2,"Yes",,"500"
"77-54-37-57","Building","7",7,"Yes",,"2000"
"77-54-37-57","Living room furniture set","1",1,"Yes",,"1000"
"77-54-37-57","Plastic chairs","13",13,"Yes",,"100"
"77-54-37-57","Plough","3",3,"Yes",,"900"
"49-81-42-49","Building","1",1,"Yes",,"I don't know"
"49-81-42-49","Electric Stove","1",0,"Yes",,"Refused to answer"
"49-81-42-49","Freezer","1",0,"Yes",,"I don't know"
"49-81-42-49","Television","1",1,"Yes",,"I don't know"
"49-81-42-49","Living room furniture set","1",1,"Yes",,"3000"
"49-81-42-49","Plastic chairs","3",4,"Yes",,"60"
"07-97-99-00","Simple Mobile Phone","2",3,"Yes",,"200"
"07-97-99-00","Building","2",2,"Yes",,"5000"
"07-97-99-00","Plastic chairs","4",0,,,"100"
"07-97-99-00","Plough","1",1,"Yes",,"2000"
"61-38-38-57","Simple Mobile Phone","1",1,"Yes",,"150"
"61-38-38-57","Smart Phone","1",1,,,"2000"
"61-38-38-57","Motor vehicle","1",1,"Yes",,"20000"
"61-38-38-57","Living room furniture set","1",1,"Yes",,"4000"
"61-38-38-57","Plastic chairs","4",4,"Yes",,"50"
"80-45-81-35","Simple Mobile Phone","2",2,"Yes",,"100"
"80-45-81-35","Smart Phone","1",0,,,"700"
"80-45-81-35","Building","1",3,"Yes",,"7000"
"80-45-81-35","Plastic chairs","6",4,"Yes",,"40"
"80-45-81-35","Solar panel","1",1,"Yes",,"150"
"47-70-03-35","Simple Mobile Phone","2",2,"Yes",,"180"
"47-70-03-35","Building","2",2,"Yes",,"I don't know"
"47-70-03-35","Radio","1",1,"Yes",,"250"
"47-70-03-35","Television","1",1,"Yes",,"I don't know"
"47-70-03-35","Plastic chairs","4",6,"Yes",,"I don't know"
"73-01-72-24","Simple Mobile Phone","2",1,,,"120"
"73-01-72-24","Smart Phone","2",1,"Yes",,"800"
"73-01-72-24","Building","1",1,"Yes",,"3000"
"73-01-72-24","Plastic chairs","1",4,"Yes",,"70"
"70-18-85-80","Simple Mobile Phone","1",1,,,"100"
"70-18-85-80","Smart Phone","3",3,"Yes",,"500"
"70-18-85-80","Building","1",1,"Yes",,"5000"
"70-18-85-80","Plastic chairs","6",6,"Yes",,"60"
"59-96-51-48","Simple Mobile Phone","3",5,"Yes",,"150"
"59-96-51-48","Smart Phone","2",1,,,"800"
"59-96-51-48","Building","4",3,"Yes",,"6000"
"59-96-51-48","Living room furniture set","1",2,"Yes",,"5000"
"59-96-51-48","Plastic chairs","9",15,"Yes",,"70"
"59-96-51-48","Plough","3",4,"Yes",,"900"
"47-24-68-80","Simple Mobile Phone","1",1,"Yes",,"150"
"47-24-68-80","Building","2",2,"Yes",,"10000"
"47-24-68-80","Plough","1",1,"Yes",,"1000"
"98-95-69-34","Simple Mobile Phone","2",2,"Yes",,"I don't know"
"98-95-69-34","Smart Phone","1",1,,,"I don't know"
"98-95-69-34","Motor vehicle","1",1,"Yes",,"I don't know"
"98-95-69-34","Radio","1",1,"Yes",,"I don't know"
"98-95-69-34","Plastic chairs","6",6,"Yes",,"I don't know"
"98-95-69-34","Plough","3",3,"Yes",,"I don't know"
"98-95-69-34","Wheelbarrow","1",1,"Yes",,"I don't know"
"94-61-58-26","Simple Mobile Phone","2",2,"Yes",,"150"
"94-61-58-26","Smart Phone","2",3,,,"1000"
"94-61-58-26","Electric Stove","1",1,,,"3000"
"94-61-58-26","Microwave","1",1,,,"800"
"94-61-58-26","Refrigerator","2",2,"Yes",,"3000"
"94-61-58-26","Radio","1",2,,,"2000"
"94-61-58-26","Television","1",2,,,"3000"
"94-61-58-26","Living room furniture set","2",2,"Yes",,"4000"
"94-61-58-26","Plastic chairs","8",4,,,"50"
"84-70-48-38","Simple Mobile Phone","2",0,"Yes",,"80"
"84-70-48-38","Building","3",1,"Yes",,"50"
"84-70-48-38","Plastic chairs","7",4,"Yes",,"50"
"46-07-52-30","Simple Mobile Phone","2",1,"Yes",,"250"
"46-07-52-30","Building","1",1,"Yes",,"8000"
"46-07-52-30","Radio","1",2,"Yes",,"350"
"46-07-52-30","Plastic chairs","4",8,"Yes",,"90"
"46-07-52-30","Plough","1",2,"Yes",,"1500"
"46-07-52-30","Wheelbarrow","1",2,"Yes",,"400"
"65-50-88-07","Simple Mobile Phone","1",1,"Yes",,"100"
"65-50-88-07","Building","2",2,"Yes",,"5000"
"65-50-88-07","Plastic chairs","2",6,"Yes",,"80"
"05-43-02-62","Simple Mobile Phone","1",2,"Yes",,"100"
"05-43-02-62","Building","4",1,"Yes",,"18000"
"05-43-02-62","Living room furniture set","1",1,"Yes",,"4000"
"05-43-02-62","Plastic chairs","6",0,"Yes",,"80"
"83-84-84-67","Simple Mobile Phone","2",3,"Yes",,"200"
"83-84-84-67","Smart Phone","2",2,,,"500"
"83-84-84-67","Bicycle","2",2,"Yes",,"650"
"83-84-84-67","Building","4",4,"Yes",,"1500"
"83-84-84-67","Radio","2",2,"Yes",,"350"
"83-84-84-67","Plastic chairs","6",10,"Yes",,"50"
"83-84-84-67","Wheelbarrow","2",2,"Yes",,"400"
"83-84-84-67","Solar panel","2",2,"Yes",,"300"
"16-35-19-29","Building","1",1,"Yes",,"30000"
"83-90-14-37","Simple Mobile Phone","4",2,"Yes",,"50"
"83-90-14-37","Building","3",2,"Yes",,"500"
"83-90-14-37","Television","1",1,"Yes",,"250"
"83-90-14-37","Living room furniture set","1",1,"Yes",,"300"
"83-90-14-37","Plastic chairs","5",3,"Yes",,"80"
"56-16-94-47","Simple Mobile Phone","1",1,,,"100"
"56-16-94-47","Building","3",3,"Yes",,"500"
"56-16-94-47","Plastic chairs","2",0,"Yes",,"100"
"56-16-94-47","Solar panel","1",0,,,"20"
"16-24-71-47","Simple Mobile Phone","1",1,"Yes",,"300"
"16-24-71-47","Smart Phone","1",1,,,"I don't know"
"16-24-71-47","Plough","1",1,"Yes",,"600"
"16-24-71-47","Wheelbarrow","1",0,"Yes",,"I don't know"
"22-33-09-47","Simple Mobile Phone","4",10,"Yes",,"50"
"22-33-09-47","Plastic chairs","4",8,"Yes",,"50"
"89-17-95-50","Simple Mobile Phone","2",2,"Yes",,"150"
"89-17-95-50","Building","2",2,"Yes",,"15000"
"89-17-95-50","Radio","1",1,"Yes",,"500"
"89-17-95-50","Plastic chairs","6",8,"Yes",,"150"
"89-17-95-50","Plough","1",1,"Yes",,"3000"
"71-12-87-82","Simple Mobile Phone","3",3,"Yes",,"150"
"71-12-87-82","Smart Phone","1",0,,,"1500"
"71-12-87-82","Building","2",1,"Yes",,"10000"
"71-12-87-82","Gas or Paraffin Stove","1",1,"Yes",,"5000"
"71-12-87-82","Radio","1",0,"Yes",,"3000"
"71-12-87-82","Living room furniture set","1",1,"Yes",,"2000"
"71-12-87-82","Plastic chairs","10",6,"Yes",,"50"
"71-12-87-82","Plough","1",1,"Yes",,"3000"
"93-78-86-25","Simple Mobile Phone","2",2,,,"I don't know"
"93-78-86-25","Smart Phone","1",1,,,"I don't know"
"93-78-86-25","Building","3",3,"Yes",,"Refused to answer"
"93-78-86-25","Plastic chairs","11",8,"Yes",,"60"
"34-03-26-96","Simple Mobile Phone","4",4,"Yes",,"Refused to answer"
"34-03-26-96","Microwave","1",1,"Yes",,"Refused to answer"
"34-03-26-96","Refrigerator","3",3,"Yes",,"Refused to answer"
"34-03-26-96","Radio","2",2,"Yes",,"Refused to answer"
"34-03-26-96","Television","3",2,"Yes",,"Refused to answer"
"34-03-26-96","Living room furniture set","2",2,"Yes",,"Refused to answer"
"34-03-26-96","Plastic chairs","4",8,"Yes",,"Refused to answer"
"34-03-26-96","Plough","1",1,"Yes",,"Refused to answer"
"34-03-26-96","Wheelbarrow","1",1,"Yes",,"Refused to answer"
"83-62-75-30","Smart Phone","1",0,"Yes",,"1300"
"83-62-75-30","Building","3",3,"Yes",,"10000"
"83-62-75-30","Plastic chairs","1",1,"Yes",,"50"
"39-30-68-16","Simple Mobile Phone","1",1,"Yes",,"100"
"39-30-68-16","Smart Phone","1",0,"Yes",,"300"
"39-30-68-16","Building","2",1,"Yes",,"10000"
"39-30-68-16","Radio","1",1,"Yes",,"200"
"39-30-68-16","Television","1",1,"Yes",,"500"
"39-30-68-16","Plastic chairs","3",3,"Yes",,"30"
"25-67-10-82","Radio","1",1,"Yes",,"100"
"25-67-10-82","Plastic chairs","4",4,"Yes",,"50"
"25-67-10-82","Plough","1",1,"Yes",,"500"
"87-90-13-56","Simple Mobile Phone","1",5,,,"150"
"87-90-13-56","Smart Phone","2",2,"Yes",,"1500"
"87-90-13-56","Building","1",1,"Yes",,"20000"
"87-90-13-56","Radio","1",1,"Yes",,"600"
"87-90-13-56","Television","1",1,"Yes",,"2000"
"87-90-13-56","Plastic chairs","4",4,"Yes",,"50"
"38-81-07-74","Simple Mobile Phone","3",2,"Yes",,"250"
"38-81-07-74","Building","2",2,"Yes",,"8000"
"38-81-07-74","Plastic chairs","3",5,"Yes",,"100"
"29-17-63-12","Simple Mobile Phone","2",2,"Yes",,"200"
"29-17-63-12","Building","1",2,"Yes",,"4000"
"29-17-63-12","Radio","1",1,"Yes",,"900"
"29-17-63-12","Living room furniture set","1",0,"Yes",,"7000"
"29-17-63-12","Plastic chairs","2",4,"Yes",,"30"
"29-17-63-12","Plough","1",1,"Yes",,"2000"
"09-87-36-18","Simple Mobile Phone","2",2,,,"50"
"09-87-36-18","Smart Phone","2",1,"Yes",,"2000"
"09-87-36-18","Building","5",5,"Yes",,"1500"
"09-87-36-18","Refrigerator","1",1,"Yes",,"500"
"09-87-36-18","Radio","1",1,"Yes",,"20"
"09-87-36-18","Television","1",1,"Yes",,"2000"
"09-87-36-18","Living room furniture set","1",1,"Yes",,"8000"
"09-87-36-18","Plastic chairs","15",10,"Yes",,"30"
"09-87-36-18","Plough","2",2,"Yes",,"200"
"09-87-36-18","Wheelbarrow","1",1,"Yes",,"150"
"09-87-36-18","Solar panel","2",2,"Yes",,"1000"
"37-47-43-04","Smart Phone","1",0,,,"700"
"37-47-43-04","Building","3",3,"Yes",,"3500"
"37-47-43-04","Radio","1",1,"Yes",,"100"
"37-47-43-04","Plastic chairs","15",15,"Yes",,"150"
"37-47-43-04","Plough","2",2,"Yes",,"1500"
"19-94-92-45","Simple Mobile Phone","2",3,"Yes",,"100"
"19-94-92-45","Motor vehicle","1",1,"Yes",,"50000"
"19-94-92-45","Bicycle","1",1,"Yes",,"300"
"19-94-92-45","Plastic chairs","8",8,"Yes",,"100"
"19-94-92-45","Plough","3",0,"Yes",,"2000"
"01-51-77-20","Simple Mobile Phone","1",1,,,"200"
"01-51-77-20","Smart Phone","1",1,,,"800"
"01-51-77-20","Building","4",4,"Yes",,"2500"
"01-51-77-20","Plastic chairs","7",4,"Yes",,"30"
"01-51-77-20","Plough","1",1,"Yes",,"900"
"14-21-66-73","Simple Mobile Phone","1",2,"Yes",,"150"
"14-21-66-73","Smart Phone","1",1,"Yes",,"600"
"14-21-66-73","Radio","1",1,"Yes",,"2000"
"14-21-66-73","Plastic chairs","2",6,"Yes",,"50"
"10-12-38-23","Smart Phone","1",0,,,"800"
"10-12-38-23","Building","1",2,"Yes",,"5000"
"10-12-38-23","Plastic chairs","4",4,"Yes",,"50"
"06-71-23-79","Simple Mobile Phone","1",1,"Yes",,"100"
"06-71-23-79","Building","1",1,"Yes",,"50000"
"06-71-23-79","Radio","1",1,"Yes",,"200"
"06-71-23-79","Plastic chairs","4",5,"Yes",,"50"
"09-86-92-43","Building","3",3,"Yes",,"500"
"09-86-92-43","Plastic chairs","4",6,"Yes",,"30"
"09-86-92-43","Plough","1",1,"Yes",,"500"
"65-52-71-81","Simple Mobile Phone","3",1,,,"150"
"65-52-71-81","Smart Phone","2",0,"Yes",,"1800"
"65-52-71-81","Motor vehicle","1",1,"Yes",,"25000"
"65-52-71-81","Living room furniture set","1",1,"Yes",,"5000"
"65-52-71-81","Plastic chairs","6",6,"Yes",,"80"
"65-52-71-81","Plough","1",1,"Yes",,"1000"
"88-09-14-40","Simple Mobile Phone","1",0,"Yes",,"100"
"88-09-14-40","Building","2",1,"Yes",,"3000"
"88-09-14-40","Plastic chairs","6",4,"Yes",,"30"
"88-09-14-40","Plough","1",1,"Yes",,"4000"
"51-32-55-02","Smart Phone","1",3,"Yes",,"1500"
"51-32-55-02","Bicycle","1",1,"Yes",,"600"
"51-32-55-02","Building","1",1,"Yes",,"50000"
"51-32-55-02","Gas or Paraffin Stove","1",1,"Yes",,"200"
"51-32-55-02","Refrigerator","1",1,"Yes",,"6000"
"51-32-55-02","Radio","1",5,"Yes",,"3000"
"51-32-55-02","Television","1",2,"Yes",,"7000"
"51-32-55-02","Living room furniture set","1",1,"Yes",,"8000"
"51-32-55-02","Plastic chairs","7",10,"Yes",,"50"
"25-85-18-57","Simple Mobile Phone","4",1,"Yes",,"150"
"25-85-18-57","Building","3",1,"Yes",,"3000"
"25-85-18-57","Plastic chairs","2",4,"Yes",,"70"
"25-85-18-57","Plough","1",1,"Yes",,"700"
"08-01-73-79","Simple Mobile Phone","1",0,"Yes",,"150"
"08-01-73-79","Smart Phone","1",0,,,"350"
"08-01-73-79","Building","2",2,"Yes",,"2000"
"08-01-73-79","Plastic chairs","3",0,"Yes",,"30"
"08-01-73-79","Plough","1",1,"Yes",,"1500"
"30-31-42-54","Simple Mobile Phone","1",2,,,"70"
"30-31-42-54","Building","2",3,"Yes",,"1500"
"30-31-42-54","Radio","1",1,"Yes",,"400"
"30-31-42-54","Plastic chairs","3",6,"Yes",,"40"
"59-41-41-82","Simple Mobile Phone","1",1,"Yes",,"200"
"59-41-41-82","Smart Phone","1",0,,,"700"
"59-41-41-82","Building","3",3,"Yes",,"2000"
"59-41-41-82","Plastic chairs","6",6,"Yes",,"50"
"59-41-41-82","Plough","3",3,"Yes",,"1500"
"59-41-41-82","Wheelbarrow","1",1,"Yes",,"150"
"86-80-66-75","Simple Mobile Phone","2",2,"Yes",,"180"
"86-80-66-75","Building","1",2,"Yes",,"15000"
"86-80-66-75","Plastic chairs","4",2,"Yes",,"80"
"86-80-66-75","Plough","1",1,"Yes",,"1100"
"36-82-19-46","Simple Mobile Phone","4",4,"Yes",,"200"
"36-82-19-46","Smart Phone","2",2,,,"3800"
"36-82-19-46","Building","3",3,"Yes",,"15000"
"36-82-19-46","Electric Stove","1",1,"Yes",,"3000"
"36-82-19-46","Refrigerator","1",1,"Yes",,"3800"
"36-82-19-46","Television","1",1,"Yes",,"5000"
"36-82-19-46","Living room furniture set","1",1,"Yes",,"6000"
"36-82-19-46","Plastic chairs","2",2,"Yes",,"50"
"87-16-84-48","Simple Mobile Phone","3",3,"Yes",,"150"
"87-16-84-48","Building","4",4,"Yes",,"400"
"87-16-84-48","Plastic chairs","3",4,"Yes",,"30"
"87-16-84-48","Plough","1",1,"Yes",,"500"
"85-15-56-74","Simple Mobile Phone","1",1,,,"150"
"85-15-56-74","Plastic chairs","4",2,"Yes",,"80"
"85-15-56-74","Plough","1",1,"Yes",,"1800"
"99-52-45-97","Simple Mobile Phone","1",5,"Yes",,"150"
"99-52-45-97","Smart Phone","2",3,"Yes",,"600"
"99-52-45-97","Bicycle","1",3,"Yes",,"700"
"99-52-45-97","Radio","2",3,"Yes",,"2000"
"99-52-45-97","Television","2",4,"Yes",,"2000"
"99-52-45-97","Plastic chairs","8",8,"Yes",,"40"
"99-52-45-97","Plough","3",3,"Yes",,"800"
"99-52-45-97","Wheelbarrow","1",1,"Yes",,"200"
"99-52-45-97","Diesel / Hand pumps","2",3,"Yes",,"3000"
"99-52-45-97","Solar panel","2",2,"Yes",,"7000"
"99-52-45-97","Electric generator","1",1,"Yes",,"18000"
"22-42-05-31","Simple Mobile Phone","2",2,"Yes",,"150"
"22-42-05-31","Smart Phone","2",3,,,"500"
"22-42-05-31","Bicycle","1",0,,,"900"
"22-42-05-31","Building","5",5,"Yes",,"10000"
"22-42-05-31","Radio","1",1,"Yes",,"1500"
"22-42-05-31","Living room furniture set","1",1,"Yes",,"5000"
"22-42-05-31","Plastic chairs","5",7,"Yes",,"50"
"22-42-05-31","Plough","1",1,"Yes",,"1500"
"22-42-05-31","Diesel / Hand pumps","1",1,"Yes",,"2500"
"22-42-05-31","Solar panel","3",3,"Yes",,"3000"
"17-88-76-49","Simple Mobile Phone","1",3,"Yes",,"20"
"17-88-76-49","Building","1",1,"Yes",,"Refused to answer"
"17-88-76-49","Plastic chairs","12",16,"Yes",,"50"
"95-93-26-61","Simple Mobile Phone","2",2,"Yes",,"200"
"95-93-26-61","Smart Phone","1",1,,,"2000"
"95-93-26-61","Building","4",4,"Yes",,"1500"
"95-93-26-61","Plastic chairs","10",10,"Yes",,"50"
"95-93-26-61","Plough","1",1,"Yes",,"1000"
"66-25-20-13","Simple Mobile Phone","1",1,"Yes",,"250"
"66-25-20-13","Radio","1",1,"Yes",,"150"
"66-25-20-13","Living room furniture set","1",1,"Yes",,"3000"
"66-25-20-13","Plastic chairs","4",4,"Yes",,"50"
"56-49-46-49","Simple Mobile Phone","2",1,"Yes",,"50"
"56-49-46-49","Living room furniture set","1",1,,,"I don't know"
"56-49-46-49","Plastic chairs","8",12,,,"70"
"56-49-46-49","Plough","1",1,,,"I don't know"
"56-49-46-49","Solar panel","2",2,,,"I don't know"
"00-63-35-41","Simple Mobile Phone","1",2,"Yes",,"150"
"00-63-35-41","Smart Phone","1",1,"Yes",,"2000"
"00-63-35-41","Building","1",2,"Yes",,"5000"
"00-63-35-41","Refrigerator","1",1,"Yes",,"4000"
"00-63-35-41","Radio","1",1,"Yes",,"2500"
"00-63-35-41","Television","1",1,"Yes",,"5000"
"00-63-35-41","Plastic chairs","10",8,"Yes",,"50"
"00-63-35-41","Plough","1",1,"Yes",,"1200"
"35-73-88-21","Simple Mobile Phone","2",2,"Yes",,"100"
"35-73-88-21","Smart Phone","1",0,,,"700"
"35-73-88-21","Building","3",1,"Yes",,"1000"
"35-73-88-21","Radio","1",1,,,"500"
"35-73-88-21","Television","1",1,"Yes",,"600"
"35-73-88-21","Plastic chairs","4",0,"Yes",,"50"
"35-73-88-21","Wheelbarrow","1",1,"Yes",,"250"
"90-22-40-74","Simple Mobile Phone","2",1,,,"150"
"90-22-40-74","Building","2",1,"Yes",,"2000"
"90-22-40-74","Plastic chairs","6",7,"Yes",,"25"
"71-58-33-81","Simple Mobile Phone","1",1,"Yes",,"150"
"71-58-33-81","Radio","1",2,"Yes",,"300"
"71-58-33-81","Plastic chairs","6",5,"Yes",,"40"
"85-67-71-58","Smart Phone","1",1,"Yes",,"800"
"85-67-71-58","Radio","1",1,"Yes",,"1500"
"85-67-71-58","Plastic chairs","6",8,"Yes",,"60"
"85-67-71-58","Plough","1",1,"Yes",,"1500"
"01-61-71-69","Simple Mobile Phone","1",2,,,"200"
"01-61-71-69","Smart Phone","2",1,,,"700"
"01-61-71-69","Bicycle","1",0,"Yes",,"500"
"01-61-71-69","Building","5",5,"Yes",,"6000"
"01-61-71-69","Electric Stove","1",1,"Yes",,"2000"
"01-61-71-69","Refrigerator","1",2,"Yes",,"3000"
"01-61-71-69","Radio","1",1,"Yes",,"1700"
"01-61-71-69","Television","1",1,"Yes",,"1500"
"01-61-71-69","Computer- laptop or desktop","1",1,,,"2000"
"01-61-71-69","Living room furniture set","1",1,"Yes",,"3500"
"01-61-71-69","Plastic chairs","4",8,"Yes",,"20"
"75-50-19-75","Building","1",1,"Yes",,"2000"
"75-50-19-75","Plastic chairs","3",3,"Yes",,"30"
"89-26-96-48","Simple Mobile Phone","3",3,"Yes",,"100"
"89-26-96-48","Building","4",4,"Yes",,"8000"
"89-26-96-48","Plastic chairs","4",4,"Yes",,"50"
"89-26-96-48","Solar panel","1",0,"Yes",,"100"
"73-20-13-57","Simple Mobile Phone","1",3,"Yes",,"15"
"73-20-13-57","Building","1",3,"Yes",,"4000"
"73-20-13-57","Plastic chairs","3",6,"Yes",,"10"
"73-20-13-57","Plough","1",1,"Yes",,"600"
"55-53-09-17","Simple Mobile Phone","1",1,"Yes",,"100"
"55-53-09-17","Building","5",3,"Yes",,"5000"
"55-53-09-17","Television","1",0,"Yes",,"4000"
"55-53-09-17","Plastic chairs","6",6,"Yes",,"50"
"55-53-09-17","Plough","1",1,"Yes",,"1000"
"16-20-70-88","Smart Phone","1",1,"Yes",,"2000"
"16-20-70-88","Building","2",1,"Yes",,"3000"
"16-20-70-88","Microwave","1",1,"Yes",,"900"
"16-20-70-88","Refrigerator","1",1,"Yes",,"2500"
"16-20-70-88","Plastic chairs","6",6,"Yes",,"50"
"14-74-46-71","Simple Mobile Phone","4",4,"Yes",,"250"
"14-74-46-71","Smart Phone","1",1,,,"3000"
"14-74-46-71","Living room furniture set","1",1,"Yes",,"2500"
"14-74-46-71","Plastic chairs","1",6,"Yes",,"60"
"15-43-32-03","Building","3",3,"Yes",,"4000"
"15-43-32-03","Radio","1",0,"Yes",,"100"
"15-43-32-03","Plastic chairs","4",6,"Yes",,"50"
"62-79-94-11","Building","2",1,"Yes",,"I don't know"
"62-79-94-11","Living room furniture set","1",0,"Yes",,"I don't know"
"74-11-35-62","Smart Phone","1",1,"Yes",,"800"
"74-11-35-62","Building","3",3,"Yes",,"3000"
"74-11-35-62","Radio","1",1,"Yes",,"100"
"74-11-35-62","Plastic chairs","6",8,"Yes",,"50"
"07-05-49-00","Simple Mobile Phone","1",1,"Yes",,"150"
"07-05-49-00","Building","3",3,"Yes",,"90000"
"07-05-49-00","Refrigerator","1",1,"Yes",,"3000"
"07-05-49-00","Radio","1",1,"Yes",,"500"
"07-05-49-00","Plastic chairs","5",8,"Yes",,"60"
"12-21-07-33","Simple Mobile Phone","2",3,"Yes",,"150"
"12-21-07-33","Smart Phone","1",2,,,"800"
"12-21-07-33","Plastic chairs","4",8,,,"60"
"12-21-07-33","Plough","4",4,"Yes",,"800"
"12-21-07-33","Solar panel","2",1,"Yes",,"50"
"23-59-76-04","Simple Mobile Phone","1",1,"Yes",,"150"
"23-59-76-04","Building","2",2,"Yes",,"15000"
"23-59-76-04","Gas or Paraffin Stove","1",1,"Yes",,"500"
"23-59-76-04","Refrigerator","1",1,"Yes",,"6000"
"23-59-76-04","Radio","1",1,"Yes",,"7000"
"23-59-76-04","Television","1",1,"Yes",,"7000"
"23-59-76-04","Living room furniture set","1",1,"Yes",,"8000"
"23-59-76-04","Plastic chairs","6",6,"Yes",,"30"
"23-59-76-04","Plough","1",1,"Yes",,"2000"
"93-87-90-66","Simple Mobile Phone","1",1,"Yes",,"150"
"93-87-90-66","Smart Phone","1",1,,,"900"
"93-87-90-66","Plastic chairs","4",6,"Yes",,"40"
"16-34-09-13","Simple Mobile Phone","2",2,"Yes",,"150"
"16-34-09-13","Building","2",2,"Yes",,"8000"
"16-34-09-13","Radio","1",1,"Yes",,"2000"
"16-34-09-13","Living room furniture set","1",1,"Yes",,"4000"
"16-34-09-13","Plastic chairs","3",6,"Yes",,"120"
"85-82-50-77","Simple Mobile Phone","1",1,"Yes",,"80"
"85-82-50-77","Smart Phone","1",0,,,"800"
"85-82-50-77","Building","4",3,"Yes",,"8000"
"85-82-50-77","Plastic chairs","3",7,"Yes",,"25"
"89-27-41-66","Simple Mobile Phone","2",4,"Yes",,"150"
"89-27-41-66","Smart Phone","1",2,,,"500"
"89-27-41-66","Bicycle","1",2,,,"700"
"89-27-41-66","Radio","2",1,"Yes",,"200"
"89-27-41-66","Living room furniture set","1",1,"Yes",,"5000"
"89-27-41-66","Plastic chairs","3",8,"Yes",,"70"
"22-81-16-32","Smart Phone","1",0,"Yes",,"1300"
"22-81-16-32","Plastic chairs","8",0,"Yes",,"70"
"54-44-06-88","Simple Mobile Phone","1",0,"Yes",,"150"
"54-44-06-88","Building","2",1,"Yes",,"2000"
"54-44-06-88","Plastic chairs","3",5,"Yes",,"50"
"54-44-06-88","Wheelbarrow","1",1,"Yes",,"600"
"47-49-80-52","Simple Mobile Phone","3",3,"Yes",,"100"
"47-49-80-52","Building","2",2,"Yes",,"5000"
"47-49-80-52","Gas or Paraffin Stove","1",1,"Yes",,"3000"
"47-49-80-52","Refrigerator","1",1,"Yes",,"7000"
"47-49-80-52","Plastic chairs","4",6,"Yes",,"100"
"47-49-80-52","Electric generator","1",1,"Yes",,"8000"
"93-73-35-44","Simple Mobile Phone","1",2,"Yes",,"200"
"93-73-35-44","Building","3",3,"Yes",,"3000"
"93-73-35-44","Television","1",1,"Yes",,"4000"
"93-73-35-44","Plastic chairs","6",2,"Yes",,"120"
"93-73-35-44","Plough","1",1,"Yes",,"1200"
"08-77-46-38","Simple Mobile Phone","1",10,"Yes",,"50"
"08-77-46-38","Motor vehicle","2",2,"Yes",,"20000"
"08-77-46-38","Building","4",4,"Yes",,"20000"
"08-77-46-38","Gas or Paraffin Stove","1",1,"Yes",,"6000"
"08-77-46-38","Refrigerator","1",1,"Yes",,"1000"
"08-77-46-38","Radio","2",2,"Yes",,"10000"
"08-77-46-38","Television","1",1,"Yes",,"1000"
"08-77-46-38","Living room furniture set","1",1,"Yes",,"2500"
"08-77-46-38","Plastic chairs","10",6,"Yes",,"20"
"08-77-46-38","Plough","2",2,"Yes",,"1000"
"08-77-46-38","Wheelbarrow","1",1,"Yes",,"800"
"85-57-73-17","Simple Mobile Phone","2",2,"Yes",,"200"
"85-57-73-17","Building","4",2,"Yes",,"47000"
"85-57-73-17","Radio","1",1,,,"200"
"85-57-73-17","Plastic chairs","10",5,"Yes",,"60"
"85-57-73-17","Plough","2",2,"Yes",,"300"
"48-05-99-35","Building","1",1,"Yes",,"5000"
"48-05-99-35","Plastic chairs","1",1,"Yes",,"50"
"67-13-56-73","Simple Mobile Phone","2",2,"Yes",,"200"
"67-13-56-73","Smart Phone","1",1,,,"700"
"67-13-56-73","Building","2",1,"Yes",,"10000"
"67-13-56-73","Plastic chairs","4",8,"Yes",,"100"
"67-13-56-73","Plough","1",1,"Yes",,"800"
"97-33-85-90","Simple Mobile Phone","1",1,"Yes",,"150"
"97-33-85-90","Building","2",2,"Yes",,"4000"
"97-33-85-90","Gas or Paraffin Stove","2",2,"Yes",,"300"
"97-33-85-90","Microwave","1",0,"Yes",,"700"
"97-33-85-90","Refrigerator","1",1,"Yes",,"3000"
"97-33-85-90","Television","1",0,"Yes",,"4000"
"97-33-85-90","Living room furniture set","2",1,"Yes",,"6000"
"97-33-85-90","Plastic chairs","10",16,"Yes",,"55"
"97-33-85-90","Plough","1",1,"Yes",,"3500"
"10-54-97-94","Simple Mobile Phone","1",1,"Yes",,"150"
"10-54-97-94","Radio","1",1,"Yes",,"1000"
"10-54-97-94","Living room furniture set","1",1,,,"1000"
"10-54-97-94","Plastic chairs","6",14,"Yes",,"40"
"10-54-97-94","Plough","1",1,"Yes",,"600"
"50-35-50-04","Simple Mobile Phone","4",8,"Yes",,"200"
"50-35-50-04","Bicycle","1",1,"Yes",,"1100"
"50-35-50-04","Building","3",3,"Yes",,"5000"
"50-35-50-04","Plastic chairs","1",4,"Yes",,"50"
"62-96-39-45","Simple Mobile Phone","1",2,"Yes",,"250"
"62-96-39-45","Building","1",2,"Yes",,"2500"
"62-96-39-45","Plastic chairs","3",3,"Yes",,"100"
"62-96-39-45","Plough","1",1,,,"3000"
"44-55-26-98","Simple Mobile Phone","2",4,"Yes",,"100"
"44-55-26-98","Bicycle","1",0,"Yes",,"1000"
"44-55-26-98","Building","3",2,"Yes",,"3000"
"44-55-26-98","Radio","1",1,"Yes",,"1500"
"44-55-26-98","Plastic chairs","10",4,"Yes",,"70"
"44-55-26-98","Solar panel","1",2,"Yes",,"500"
"93-47-96-78","Simple Mobile Phone","1",1,,,"150"
"93-47-96-78","Building","1",1,"Yes",,"3100"
"93-47-96-78","Plastic chairs","2",0,,,"80"
"18-43-28-32","Simple Mobile Phone","1",0,,,"200"
"18-43-28-32","Smart Phone","1",0,"Yes",,"500"
"18-43-28-32","Motor vehicle","1",0,"Yes",,"150000"
"18-43-28-32","Building","2",2,"Yes",,"3e+05"
"18-43-28-32","Electric Stove","1",1,"Yes",,"250"
"18-43-28-32","Freezer","1",0,"Yes",,"2000"
"18-43-28-32","Radio","1",0,"Yes",,"150"
"18-43-28-32","Plastic chairs","6",4,"Yes",,"50"
"18-43-28-32","Wheelbarrow","1",0,"Yes",,"250"
"37-21-15-22","Simple Mobile Phone","1",2,"Yes",,"200"
"37-21-15-22","Building","2",1,"Yes",,"5000"
"37-21-15-22","Plastic chairs","2",2,"Yes",,"100"
"87-15-89-67","Simple Mobile Phone","2",4,"Yes",,"250"
"87-15-89-67","Building","1",1,"Yes",,"30000"
"87-15-89-67","Television","1",1,"Yes",,"2000"
"87-15-89-67","Living room furniture set","1",1,"Yes",,"6000"
"87-15-89-67","Plastic chairs","4",6,"Yes",,"60"
"79-26-09-22","Simple Mobile Phone","1",1,"Yes",,"Refused to answer"
"79-26-09-22","Plastic chairs","3",6,"Yes",,"Refused to answer"
"75-05-90-14","Building","1",1,"Yes",,"10000"
"75-05-90-14","Plastic chairs","1",1,"Yes",,"60"
"24-85-21-24","Simple Mobile Phone","2",1,"Yes",,"200"
"24-85-21-24","Radio","1",1,"Yes",,"300"
"24-85-21-24","Plastic chairs","4",4,"Yes",,"80"
"24-85-21-24","Plough","1",1,"Yes",,"1000"
"91-48-78-65","Simple Mobile Phone","4",2,"Yes",,"120"
"91-48-78-65","Smart Phone","1",2,"Yes",,"600"
"91-48-78-65","Bicycle","1",1,"Yes",,"600"
"91-48-78-65","Building","1",1,"Yes",,"30000"
"91-48-78-65","Electric Stove","1",1,"Yes",,"400"
"91-48-78-65","Freezer","1",1,"Yes",,"3000"
"91-48-78-65","Television","1",1,"Yes",,"1700"
"91-48-78-65","Living room furniture set","1",1,,,"4000"
"91-48-78-65","Plastic chairs","8",8,"Yes",,"40"
"32-52-77-66","Smart Phone","1",0,"Yes",,"500"
"32-52-77-66","Building","1",2,"Yes",,"3000"
"32-52-77-66","Plastic chairs","5",6,"Yes",,"50"
"26-89-84-58","Simple Mobile Phone","3",2,,,"150"
"26-89-84-58","Smart Phone","2",1,,,"2300"
"26-89-84-58","Building","6",6,"Yes",,"9500"
"26-89-84-58","Radio","1",1,"Yes",,"5000"
"26-89-84-58","Solar panel","1",1,"Yes",,"150"
"59-38-71-66","Simple Mobile Phone","1",3,"Yes",,"200"
"59-38-71-66","Solar panel","1",1,"Yes",,"600"
"02-07-52-84","Simple Mobile Phone","2",2,"Yes",,"150"
"02-07-52-84","Smart Phone","1",1,,,"800"
"02-07-52-84","Electric Stove","1",1,"Yes",,"3000"
"02-07-52-84","Refrigerator","2",2,"Yes",,"5000"
"02-07-52-84","Freezer","1",0,"Yes",,"5000"
"02-07-52-84","Radio","1",1,"Yes",,"4000"
"02-07-52-84","Television","1",1,"Yes",,"6000"
"02-07-52-84","Living room furniture set","1",1,"Yes",,"2000"
"77-80-39-86","Simple Mobile Phone","1",3,"Yes",,"100"
"77-80-39-86","Building","1",2,"Yes",,"2000"
"77-80-39-86","Plastic chairs","6",6,"Yes",,"30"
"72-51-39-42","Simple Mobile Phone","3",4,,,"200"
"72-51-39-42","Bicycle","1",0,"Yes",,"800"
"72-51-39-42","Building","2",2,"Yes",,"22000"
"72-51-39-42","Plastic chairs","5",6,"Yes",,"60"
"72-51-39-42","Plough","1",1,"Yes",,"500"
"72-51-39-42","Wheelbarrow","1",0,"Yes",,"500"
"87-64-80-93","Simple Mobile Phone","1",1,"Yes",,"100"
"87-64-80-93","Building","3",3,"Yes",,"2000"
"87-64-80-93","Plastic chairs","6",6,"Yes",,"60"
"87-64-80-93","Plough","1",1,"Yes",,"1500"
"36-99-07-56","Simple Mobile Phone","2",2,"Yes",,"150"
"36-99-07-56","Building","1",3,"Yes",,"4000"
"36-99-07-56","Plastic chairs","2",8,"Yes",,"100"
"75-89-92-79","Simple Mobile Phone","2",2,"Yes",,"250"
"75-89-92-79","Smart Phone","4",6,,,"800"
"75-89-92-79","Building","1",1,"Yes",,"3000"
"75-89-92-79","Refrigerator","1",1,"Yes",,"2000"
"75-89-92-79","Radio","2",2,"Yes",,"3000"
"75-89-92-79","Television","1",2,"Yes",,"700"
"75-89-92-79","Living room furniture set","1",1,"Yes",,"3000"
"75-89-92-79","Plastic chairs","6",16,"Yes",,"50"
"44-34-32-32","Simple Mobile Phone","1",2,"Yes",,"150"
"44-34-32-32","Building","3",3,"Yes",,"300"
"44-34-32-32","Plastic chairs","7",11,"Yes",,"40"
"44-34-32-32","Plough","1",1,"Yes",,"250"
"53-52-93-15","Simple Mobile Phone","1",2,,,"I don't know"
"53-52-93-15","Television","1",1,"Yes",,"1500"
"53-52-93-15","Plastic chairs","7",13,"Yes",,"50"
"58-35-74-86","Simple Mobile Phone","1",1,,,"150"
"58-35-74-86","Building","1",1,"Yes",,"5000"
"58-35-74-86","Plastic chairs","3",4,"Yes",,"70"
"23-82-30-50","Simple Mobile Phone","2",4,"Yes",,"150"
"23-82-30-50","Building","3",7,"Yes",,"4500"
"23-82-30-50","Living room furniture set","4",4,"Yes",,"300"
"23-82-30-50","Plastic chairs","6",6,"Yes",,"50"
"76-76-95-07","Simple Mobile Phone","1",1,"Yes",,"100"
"76-76-95-07","Smart Phone","1",2,,,"1500"
"76-76-95-07","Building","1",3,"Yes",,"10000"
"76-76-95-07","Refrigerator","1",1,"Yes",,"1500"
"76-76-95-07","Television","2",1,"Yes",,"2000"
"76-76-95-07","Plastic chairs","6",2,"Yes",,"50"
"76-76-95-07","Wheelbarrow","1",1,"Yes",,"200"
"69-18-54-45","Simple Mobile Phone","2",3,"Yes",,"200"
"69-18-54-45","Smart Phone","2",4,"Yes",,"1000"
"69-18-54-45","Motor vehicle","1",0,"Yes",,"15000"
"69-18-54-45","Building","2",1,"Yes",,"20000"
"69-18-54-45","Refrigerator","2",1,"Yes",,"2000"
"69-18-54-45","Radio","1",2,"Yes",,"3000"
"69-18-54-45","Living room furniture set","2",1,"Yes",,"2000"
"69-18-54-45","Plastic chairs","2",4,"Yes",,"50"
"69-18-54-45","Plough","1",1,"Yes",,"1000"
"69-18-54-45","Wheelbarrow","1",3,"Yes",,"500"
"69-18-54-45","Solar panel","2",2,"Yes",,"300"
"99-14-10-16","Simple Mobile Phone","4",4,"Yes",,"150"
"99-14-10-16","Building","5",5,"Yes",,"0"
"99-14-10-16","Plastic chairs","3",6,"Yes",,"40"
"55-02-31-58","Simple Mobile Phone","1",1,"Yes",,"200"
"55-02-31-58","Building","1",1,"Yes",,"20000"
"55-02-31-58","Plastic chairs","4",4,"Yes",,"100"
"55-02-31-58","Plough","1",1,"Yes",,"1200"
"55-65-32-92","Simple Mobile Phone","1",4,"Yes",,"200"
"55-65-32-92","Building","1",1,"Yes",,"500"
"55-65-32-92","Plastic chairs","6",6,"Yes",,"60"
"66-00-67-40","Simple Mobile Phone","1",1,,,"250"
"66-00-67-40","Building","2",3,"Yes",,"500"
"66-00-67-40","Plastic chairs","2",4,"Yes",,"100"
"66-00-67-40","Plough","2",2,"Yes",,"4000"
"66-00-67-40","Wheelbarrow","1",0,"Yes",,"200"
"41-51-06-54","Simple Mobile Phone","3",5,"Yes",,"100"
"41-51-06-54","Smart Phone","2",3,"Yes",,"900"
"41-51-06-54","Building","4",5,"Yes",,"30000"
"41-51-06-54","Freezer","1",1,"Yes",,"1000"
"41-51-06-54","Radio","1",1,"Yes",,"1500"
"41-51-06-54","Television","3",3,"Yes",,"2000"
"41-51-06-54","Living room furniture set","1",2,"Yes",,"3500"
"41-51-06-54","Plastic chairs","4",10,"Yes",,"30"
"41-51-06-54","Plough","1",2,"Yes",,"500"
"07-18-54-62","Simple Mobile Phone","2",2,"Yes",,"200"
"07-18-54-62","Building","1",1,"Yes",,"80000"
"07-18-54-62","Television","1",1,"Yes",,"1000"
"07-18-54-62","Plastic chairs","8",8,"Yes",,"50"
"73-70-79-76","Simple Mobile Phone","2",4,"Yes",,"120"
"73-70-79-76","Smart Phone","1",2,,,"700"
"73-70-79-76","Building","6",5,"Yes",,"30000"
"73-70-79-76","Refrigerator","2",2,"Yes",,"3500"
"73-70-79-76","Radio","1",1,"Yes",,"1000"
"73-70-79-76","Television","1",1,"Yes",,"1000"
"40-83-72-17","Simple Mobile Phone","3",4,"Yes",,"200"
"40-83-72-17","Building","2",4,"Yes",,"25000"
"40-83-72-17","Plastic chairs","4",12,"Yes",,"70"
"23-74-18-51","Simple Mobile Phone","2",2,,,"200"
"23-74-18-51","Smart Phone","1",1,,,"600"
"23-74-18-51","Bicycle","1",1,"Yes",,"800"
"23-74-18-51","Building","4",3,"Yes",,"500"
"23-74-18-51","Radio","1",1,"Yes",,"500"
"23-74-18-51","Plastic chairs","8",6,"Yes",,"150"
"23-74-18-51","Solar panel","2",2,,,"100"
"18-88-43-52","Living room furniture set","1",1,"Yes",,"I don't know"
"18-88-43-52","Plastic chairs","4",2,"Yes",,"I don't know"
"72-37-85-07","Simple Mobile Phone","3",2,"Yes",,"150"
"72-37-85-07","Smart Phone","1",1,,,"2000"
"72-37-85-07","Building","3",5,"Yes",,"10000"
"72-37-85-07","Plastic chairs","6",10,"Yes",,"60"
"84-90-52-18","Simple Mobile Phone","1",2,"Yes",,"100"
"84-90-52-18","Electric Stove","1",1,"Yes",,"100"
"84-90-52-18","Freezer","1",1,"Yes",,"2000"
"84-90-52-18","Television","1",1,"Yes",,"1500"
"84-90-52-18","Living room furniture set","1",1,"Yes",,"3000"
"84-90-52-18","Plastic chairs","8",10,"Yes",,"50"
"94-23-16-05","Simple Mobile Phone","1",1,"Yes",,"200"
"94-23-16-05","Building","2",2,"Yes",,"30000"
"94-23-16-05","Radio","1",1,"Yes",,"300"
"94-23-16-05","Plastic chairs","4",4,"Yes",,"100"
"52-32-19-59","Smart Phone","2",2,"Yes",,"3000"
"52-32-19-59","Motor vehicle","1",1,"Yes",,"50000"
"52-32-19-59","Freezer","1",1,"Yes",,"3000"
"52-32-19-59","Radio","2",1,"Yes",,"2000"
"52-32-19-59","Television","1",0,"Yes",,"2500"
"52-32-19-59","Living room furniture set","1",1,"Yes",,"2500"
"52-32-19-59","Plastic chairs","6",6,"Yes",,"100"
"52-32-19-59","Plough","1",1,"Yes",,"2500"
"52-32-19-59","Solar panel","1",0,"Yes",,"5000"
"99-83-95-63","Simple Mobile Phone","1",1,,,"140"
"99-83-95-63","Smart Phone","2",2,,,"2500"
"99-83-95-63","Building","3",3,"Yes",,"7000"
"99-83-95-63","Radio","1",1,"Yes",,"200"
"99-83-95-63","Plastic chairs","6",6,"Yes",,"80"
"46-29-66-50","Simple Mobile Phone","1",2,,,"150"
"46-29-66-50","Motor vehicle","1",0,,,"80000"
"46-29-66-50","Plastic chairs","6",7,"Yes",,"50"
"46-29-66-50","Plough","1",1,,,"2000"
"82-09-67-93","Simple Mobile Phone","1",1,"Yes",,"150"
"82-09-67-93","Building","2",1,"Yes",,"6000"
"82-09-67-93","Radio","1",1,"Yes",,"300"
"53-00-44-01","Simple Mobile Phone","2",2,"Yes",,"200"
"53-00-44-01","Bicycle","1",1,"Yes",,"2500"
"53-00-44-01","Building","3",3,"Yes",,"2500"
"53-00-44-01","Plastic chairs","6",6,"Yes",,"70"
"53-00-44-01","Solar panel","2",2,"Yes",,"300"
"34-98-47-22","Simple Mobile Phone","2",2,"Yes",,"200"
"34-98-47-22","Building","2",1,"Yes",,"4000"
"34-98-47-22","Radio","1",2,"Yes",,"400"
"34-98-47-22","Plastic chairs","5",5,"Yes",,"50"
"78-72-01-35","Smart Phone","1",0,"Yes",,"1000"
"78-72-01-35","Building","3",3,"Yes",,"50000"
"78-72-01-35","Gas or Paraffin Stove","1",1,"Yes",,"2000"
"78-72-01-35","Refrigerator","1",1,"Yes",,"4000"
"78-72-01-35","Radio","1",1,"Yes",,"2500"
"78-72-01-35","Television","1",1,"Yes",,"9000"
"78-72-01-35","Living room furniture set","4",0,"Yes",,"14000"
"78-72-01-35","Plastic chairs","4",6,"Yes",,"200"
"78-72-01-35","Plough","1",1,"Yes",,"3000"
"78-72-01-35","Wheelbarrow","1",0,"Yes",,"400"
"78-72-01-35","Solar panel","2",2,"Yes",,"2000"
"04-97-48-20","Building","1",1,"Yes",,"200"
"99-10-52-87","Simple Mobile Phone","1",2,"Yes",,"100"
"99-10-52-87","Smart Phone","1",0,,,"800"
"99-10-52-87","Building","6",6,"Yes",,"20000"
"99-10-52-87","Plastic chairs","4",4,"Yes",,"80"
"99-10-52-87","Plough","2",2,"Yes",,"1500"
"92-62-56-72","Simple Mobile Phone","1",1,,,"100"
"92-62-56-72","Smart Phone","1",1,"Yes",,"500"
"92-62-56-72","Building","1",1,"Yes",,"10000"
"92-62-56-72","Radio","1",1,"Yes",,"1000"
"92-62-56-72","Living room furniture set","1",1,"Yes",,"800"
"92-62-56-72","Plastic chairs","4",6,"Yes",,"50"
"39-32-10-47","Simple Mobile Phone","1",1,"Yes",,"150"
"39-32-10-47","Building","1",2,"Yes",,"1000"
"39-32-10-47","Radio","2",1,"Yes",,"600"
"39-32-10-47","Television","1",1,"Yes",,"1500"
"39-32-10-47","Plastic chairs","9",6,"Yes",,"70"
"39-32-10-47","Plough","3",2,"Yes",,"1400"
"39-32-10-47","Solar panel","1",1,"Yes",,"800"
"25-20-66-75","Building","2",2,"Yes",,"15000"
"25-20-66-75","Refrigerator","1",1,"Yes",,"5000"
"25-20-66-75","Television","1",1,"Yes",,"3000"
"25-20-66-75","Living room furniture set","1",1,"Yes",,"5000"
"25-20-66-75","Plastic chairs","2",10,"Yes",,"50"
"25-20-66-75","Plough","1",1,"Yes",,"2500"
"98-95-69-84","Building","2",1,"Yes",,"1000"
"98-95-69-84","Plastic chairs","3",3,"Yes",,"50"
"18-35-44-26","Simple Mobile Phone","3",2,,,"200"
"18-35-44-26","Smart Phone","1",0,"Yes",,"800"
"18-35-44-26","Building","5",4,"Yes",,"10000"
"18-35-44-26","Living room furniture set","1",1,,,"5000"
"18-35-44-26","Plough","1",1,"Yes",,"1200"
"59-94-58-22","Smart Phone","1",1,"Yes",,"800"
"59-94-58-22","Building","2",2,"Yes",,"5000"
"59-94-58-22","Radio","1",1,"Yes",,"300"
"59-94-58-22","Living room furniture set","1",1,"Yes",,"3000"
"59-94-58-22","Plastic chairs","1",1,"Yes",,"60"
"40-32-33-96","Simple Mobile Phone","2",1,"Yes",,"100"
"40-32-33-96","Building","2",3,"Yes",,"5000"
"40-32-33-96","Plastic chairs","4",6,"Yes",,"50"
"18-30-46-42","Building","1",1,"Yes",,"2000"
"42-15-88-64","Simple Mobile Phone","1",1,"Yes",,"200"
"42-15-88-64","Building","3",2,"Yes",,"20000"
"42-15-88-64","Electric Stove","1",0,"Yes",,"3000"
"42-15-88-64","Television","1",1,"Yes",,"300"
"42-15-88-64","Living room furniture set","1",1,"Yes",,"2000"
"42-15-88-64","Plastic chairs","4",6,"Yes",,"50"
"19-83-07-46","Simple Mobile Phone","1",1,"Yes",,"100"
"19-83-07-46","Building","2",2,"Yes",,"1000"
"19-83-07-46","Plastic chairs","3",4,"Yes",,"50"
"16-76-24-92","Simple Mobile Phone","3",3,,,"150"
"16-76-24-92","Smart Phone","1",1,"Yes",,"1800"
"16-76-24-92","Electric Stove","1",1,,,"3000"
"16-76-24-92","Freezer","1",1,,,"6000"
"16-76-24-92","Television","2",1,"Yes",,"4000"
"16-76-24-92","Living room furniture set","1",1,"Yes",,"5000"
"16-76-24-92","Plastic chairs","6",4,,,"60"
"16-98-25-56","Simple Mobile Phone","1",1,"Yes",,"200"
"16-98-25-56","Building","3",3,"Yes",,"1600"
"16-98-25-56","Plastic chairs","4",7,"Yes",,"30"
"16-98-25-56","Plough","1",1,"Yes",,"300"
"08-81-97-68","Simple Mobile Phone","1",1,"Yes",,"100"
"08-81-97-68","Building","4",3,"Yes",,"3000"
"08-81-97-68","Radio","1",1,"Yes",,"1000"
"08-81-97-68","Television","2",2,"Yes",,"1000"
"08-81-97-68","Living room furniture set","1",1,"Yes",,"1000"
"08-81-97-68","Plastic chairs","4",4,"Yes",,"30"
"08-81-97-68","Plough","1",2,"Yes",,"600"
"90-75-59-18","Simple Mobile Phone","1",3,,,"70"
"90-75-59-18","Building","3",3,"Yes",,"4000"
"90-75-59-18","Plastic chairs","3",3,"Yes",,"50"
"01-70-02-35","Simple Mobile Phone","1",2,"Yes",,"200"
"01-70-02-35","Refrigerator","1",1,"Yes",,"5000"
"01-70-02-35","Freezer","3",1,"Yes",,"8500"
"01-70-02-35","Television","1",1,"Yes",,"2000"
"01-70-02-35","Living room furniture set","1",1,"Yes",,"11000"
"01-70-02-35","Plastic chairs","4",6,"Yes",,"70"
"01-70-02-35","Plough","2",2,"Yes",,"800"
"01-70-02-35","Wheelbarrow","1",1,"Yes",,"100"
"23-94-09-23","Simple Mobile Phone","1",2,"Yes",,"250"
"23-94-09-23","Gas or Paraffin Stove","1",1,"Yes",,"70"
"23-94-09-23","Living room furniture set","1",1,"Yes",,"1800"
"23-94-09-23","Plastic chairs","4",4,"Yes",,"69"
"08-72-61-50","Simple Mobile Phone","2",4,"Yes",,"200"
"08-72-61-50","Building","3",3,"Yes",,"30000"
"08-72-61-50","Plastic chairs","4",6,"Yes",,"50"
"08-72-61-50","Plough","1",1,"Yes",,"1200"
"83-59-21-47","Simple Mobile Phone","1",1,,,"100"
"83-59-21-47","Building","2",3,"Yes",,"400"
"83-59-21-47","Radio","1",0,"Yes",,"100"
"83-59-21-47","Plastic chairs","2",1,"Yes",,"200"
"78-07-95-11","Simple Mobile Phone","2",2,,,"150"
"78-07-95-11","Building","2",2,"Yes",,"2000"
"78-07-95-11","Plastic chairs","3",0,"Yes",,"50"
"78-07-95-11","Plough","1",1,"Yes",,"2500"
"78-07-95-11","Solar panel","2",0,"Yes",,"100"
"70-58-67-82","Simple Mobile Phone","1",0,"Yes",,"800"
"70-58-67-82","Smart Phone","1",0,,,"1500"
"70-58-67-82","Building","1",1,"Yes",,"4000"
"70-58-67-82","Television","1",1,"Yes",,"4000"
"70-58-67-82","Living room furniture set","1",1,"Yes",,"12000"
"70-58-67-82","Plastic chairs","6",6,"Yes",,"50"
"70-58-67-82","Plough","1",1,"Yes",,"3000"
"70-58-67-82","Solar panel","1",1,"Yes",,"3000"
"47-04-86-67","Simple Mobile Phone","2",2,"Yes",,"150"
"47-04-86-67","Bicycle","1",1,"Yes",,"3000"
"47-04-86-67","Building","2",1,"Yes",,"10000"
"47-04-86-67","Gas or Paraffin Stove","1",1,"Yes",,"400"
"47-04-86-67","Freezer","1",1,"Yes",,"2000"
"47-04-86-67","Radio","1",1,"Yes",,"50"
"47-04-86-67","Living room furniture set","1",1,"Yes",,"5000"
"47-04-86-67","Plastic chairs","5",5,"Yes",,"50"
"47-04-86-67","Plough","3",2,"Yes",,"2000"
"92-02-45-21","Simple Mobile Phone","1",2,,,"190"
"92-02-45-21","Plastic chairs","4",9,"Yes",,"80"
"88-75-68-17","Simple Mobile Phone","2",2,,,"200"
"88-75-68-17","Building","3",2,"Yes",,"3000"
"88-75-68-17","Radio","1",1,"Yes",,"300"
"88-75-68-17","Plastic chairs","2",2,"Yes",,"300"
"88-75-68-17","Wheelbarrow","2",1,"Yes",,"600"
"24-82-46-82","Simple Mobile Phone","4",4,"Yes",,"120"
"24-82-46-82","Building","1",2,"Yes",,"3500"
"24-82-46-82","Plastic chairs","2",2,"Yes",,"30"
"21-42-97-88","Building","1",0,"Yes",,"7000"
"21-42-97-88","Plastic chairs","4",2,"Yes",,"50"
"87-09-20-52","Simple Mobile Phone","2",2,"Yes",,"250"
"87-09-20-52","Building","3",3,"Yes",,"9000"
"87-09-20-52","Radio","1",2,"Yes",,"800"
"87-09-20-52","Plastic chairs","7",6,"Yes",,"85"
"87-09-20-52","Solar panel","1",1,"Yes",,"700"
"68-10-75-89","Simple Mobile Phone","1",2,"Yes",,"500"
"68-10-75-89","Building","3",1,"Yes",,"1000"
"68-10-75-89","Radio","1",1,"Yes",,"1000"
"68-10-75-89","Plastic chairs","1",4,"Yes",,"80"
"68-10-75-89","Solar panel","1",1,"Yes",,"400"
"43-52-85-97","Simple Mobile Phone","3",4,"Yes",,"150"
"43-52-85-97","Smart Phone","2",2,,,"700"
"43-52-85-97","Building","3",3,"Yes",,"1000"
"43-52-85-97","Living room furniture set","4",4,"Yes",,"500"
"43-52-85-97","Plastic chairs","8",8,"Yes",,"90"
"43-52-85-97","Plough","2",2,"Yes",,"400"
"00-31-45-58","Simple Mobile Phone","1",1,"Yes",,"200"
"00-31-45-58","Radio","1",1,"Yes",,"200"
"00-31-45-58","Plastic chairs","6",6,"Yes",,"100"
"89-47-55-13","Simple Mobile Phone","1",1,,,"150"
"89-47-55-13","Building","3",3,"Yes",,"6000"
"89-47-55-13","Plastic chairs","3",4,"Yes",,"50"
"86-75-09-05","Simple Mobile Phone","1",3,"Yes",,"150"
"86-75-09-05","Building","1",3,"Yes",,"3500"
"86-75-09-05","Plastic chairs","1",4,"Yes",,"100"
"70-15-38-18","Simple Mobile Phone","1",1,"Yes",,"200"
"70-15-38-18","Building","1",1,"Yes",,"1e+05"
"70-15-38-18","Plastic chairs","6",6,"Yes",,"59"
"13-43-56-11","Simple Mobile Phone","2",1,"Yes",,"130"
"13-43-56-11","Television","1",1,"Yes",,"3000"
"13-43-56-11","Plastic chairs","6",6,"Yes",,"50"
"41-78-59-34","Building","3",2,"Yes",,"2500"
"41-78-59-34","Plastic chairs","5",2,"Yes",,"20"
"76-42-64-83","Simple Mobile Phone","1",0,"Yes",,"150"
"76-42-64-83","Building","3",3,"Yes",,"2500"
"76-42-64-83","Freezer","1",1,"Yes",,"3000"
"76-42-64-83","Plastic chairs","3",4,"Yes",,"80"
"60-08-55-10","Simple Mobile Phone","2",3,"Yes",,"180"
"60-08-55-10","Bicycle","1",1,"Yes",,"500"
"60-08-55-10","Building","1",1,"Yes",,"20000"
"60-08-55-10","Radio","1",1,"Yes",,"10000"
"60-08-55-10","Living room furniture set","4",1,"Yes",,"20000"
"60-08-55-10","Plastic chairs","7",7,"Yes",,"120"
"60-08-55-10","Plough","1",0,"Yes",,"2000"
"09-76-96-87","Simple Mobile Phone","2",2,"Yes",,"250"
"09-76-96-87","Building","1",1,"Yes",,"700"
"09-76-96-87","Plastic chairs","4",0,"Yes",,"70"
"24-13-90-91","Building","2",3,"Yes",,"2000"
"24-13-90-91","Plastic chairs","4",6,"Yes",,"50"
"79-64-90-22","Smart Phone","1",1,,,"150"
"79-64-90-22","Plastic chairs","2",6,,,"50"
"88-15-47-53","Simple Mobile Phone","1",0,"Yes",,"150"
"88-15-47-53","Bicycle","1",0,"Yes",,"500"
"88-15-47-53","Building","1",1,"Yes",,"800"
"88-15-47-53","Plastic chairs","5",0,"Yes",,"30"
"74-17-56-50","Simple Mobile Phone","2",1,"Yes",,"200"
"74-17-56-50","Smart Phone","1",0,"Yes",,"2000"
"74-17-56-50","Motor vehicle","2",1,"Yes",,"50000"
"74-17-56-50","Building","3",2,"Yes",,"1e+05"
"74-17-56-50","Freezer","1",0,"Yes",,"3000"
"74-17-56-50","Radio","1",1,"Yes",,"1000"
"74-17-56-50","Television","1",0,"Yes",,"5000"
"74-17-56-50","Living room furniture set","1",1,"Yes",,"3000"
"74-17-56-50","Plastic chairs","7",4,"Yes",,"100"
"74-17-56-50","Plough","6",2,"Yes",,"2000"
"74-17-56-50","Wheelbarrow","1",1,"Yes",,"20"
"65-73-74-13","Smart Phone","2",1,"Yes",,"2000"
"65-73-74-13","Building","4",4,"Yes",,"7000"
"65-73-74-13","Plastic chairs","4",4,"Yes",,"80"
"65-73-74-13","Plough","1",1,"Yes",,"900"
"65-73-74-13","Solar panel","2",2,"Yes",,"1000"
"78-26-64-75","Simple Mobile Phone","1",2,"Yes",,"250"
"78-26-64-75","Building","1",1,"Yes",,"2500"
"78-26-64-75","Plastic chairs","5",6,"Yes",,"120"
"57-56-64-78","Simple Mobile Phone","2",2,"Yes",,"150"
"57-56-64-78","Building","3",1,,,"25000"
"79-27-11-92","Simple Mobile Phone","2",2,"Yes",,"150"
"79-27-11-92","Building","4",4,"Yes",,"250000"
"79-27-11-92","Radio","1",1,"Yes",,"200"
"79-27-11-92","Living room furniture set","1",1,"Yes",,"6000"
"79-27-11-92","Plastic chairs","6",7,"Yes",,"50"
"79-27-11-92","Plough","1",1,"Yes",,"2300"
"01-06-16-47","Building","3",3,"Yes",,"25000"
"01-06-16-47","Radio","1",1,"Yes",,"200"
"01-06-16-47","Plastic chairs","5",10,"Yes",,"100"
"01-06-16-47","Plough","1",1,"Yes",,"3000"
"80-39-36-38","Smart Phone","1",1,"Yes",,"1500"
"80-39-36-38","Refrigerator","1",1,"Yes",,"2500"
"80-39-36-38","Freezer","1",1,"Yes",,"3000"
"80-39-36-38","Plastic chairs","6",12,"Yes",,"50"
"80-39-36-38","Plough","1",1,"Yes",,"1000"
"96-17-52-94","Simple Mobile Phone","5",3,"Yes",,"200"
"96-17-52-94","Smart Phone","1",1,,,"800"
"96-17-52-94","Building","4",4,"Yes",,"8000"
"96-17-52-94","Radio","1",0,"Yes",,"10000"
"96-17-52-94","Plastic chairs","6",6,"Yes",,"80"
"67-51-54-29","Building","3",4,"Yes",,"2000"
"67-51-54-29","Plastic chairs","3",3,"Yes",,"100"
"67-51-54-29","Plough","1",0,"Yes",,"4000"
"94-25-30-28","Simple Mobile Phone","1",1,,,"100"
"94-25-30-28","Building","3",2,"Yes",,"800"
"94-25-30-28","Plastic chairs","4",4,"Yes",,"50"
"99-05-99-45","Simple Mobile Phone","1",1,,,"I don't know"
"99-05-99-45","Smart Phone","1",1,,,"500"
"99-05-99-45","Building","4",4,"Yes",,"I don't know"
"99-05-99-45","Plastic chairs","4",4,"Yes",,"1000"
"99-05-99-45","Plough","1",1,"Yes",,"4000"
"55-49-77-29","Simple Mobile Phone","1",2,"Yes",,"200"
"55-49-77-29","Building","4",4,"Yes",,"1e+05"
"55-49-77-29","Refrigerator","1",1,"Yes",,"5000"
"55-49-77-29","Radio","1",1,"Yes",,"2000"
"55-49-77-29","Television","1",1,"Yes",,"1500"
"55-49-77-29","Living room furniture set","1",1,"Yes",,"8000"
"55-49-77-29","Plastic chairs","5",7,"Yes",,"50"
"55-49-77-29","Plough","1",1,"Yes",,"600"
"59-94-70-54","Simple Mobile Phone","2",2,"Yes",,"150"
"59-94-70-54","Building","3",3,"Yes",,"10000"
"59-94-70-54","Radio","1",1,"Yes",,"200"
"59-94-70-54","Plastic chairs","5",6,"Yes",,"50"
"59-94-70-54","Plough","1",1,"Yes",,"3000"
"18-48-78-90","Simple Mobile Phone","1",2,"Yes",,"50"
"18-48-78-90","Building","1",1,"Yes",,"1000"
"18-48-78-90","Refrigerator","1",1,"Yes",,"1000"
"18-48-78-90","Living room furniture set","1",1,"Yes",,"2000"
"18-48-78-90","Plastic chairs","4",4,"Yes",,"50"
"91-78-23-71","Building","4",4,"Yes",,"12000"
"91-78-23-71","Plastic chairs","2",2,"Yes",,"200"
"79-02-43-99","Simple Mobile Phone","1",1,"Yes",,"200"
"79-02-43-99","Building","3",3,"Yes",,"5000"
"79-02-43-99","Radio","1",1,"Yes",,"800"
"79-02-43-99","Plastic chairs","2",10,"Yes",,"100"
"79-02-43-99","Solar panel","1",1,"Yes",,"500"
"19-70-78-40","Simple Mobile Phone","1",0,"Yes",,"100"
"19-70-78-40","Building","2",1,"Yes",,"2500"
"19-70-78-40","Plastic chairs","4",4,"Yes",,"100"
"24-76-11-61","Simple Mobile Phone","1",1,"Yes",,"100"
"24-76-11-61","Building","2",2,"Yes",,"20000"
"24-76-11-61","Radio","1",0,"Yes",,"60"
"24-76-11-61","Television","1",1,"Yes",,"150"
"24-76-11-61","Living room furniture set","1",1,"Yes",,"4000"
"24-76-11-61","Plastic chairs","5",5,"Yes",,"50"
"24-76-11-61","Wheelbarrow","1",1,"Yes",,"200"
"01-56-68-49","Simple Mobile Phone","1",1,"Yes",,"100"
"01-56-68-49","Refrigerator","1",1,"Yes",,"5000"
"01-56-68-49","Living room furniture set","1",1,"Yes",,"5000"
"01-56-68-49","Plastic chairs","4",8,"Yes",,"80"
"01-56-68-49","Plough","1",1,"Yes",,"1000"
"48-81-58-75","Building","3",3,"Yes",,"3000"
"48-81-58-75","Plastic chairs","4",4,"Yes",,"50"
"88-17-46-63","Building","1",1,,,"4000"
"88-17-46-63","Plastic chairs","3",3,,,"150"
"64-24-89-62","Simple Mobile Phone","1",1,"Yes",,"150"
"64-24-89-62","Building","3",3,"Yes",,"400"
"64-24-89-62","Radio","1",1,"Yes",,"50"
"64-24-89-62","Living room furniture set","1",1,"Yes",,"200"
"64-24-89-62","Plastic chairs","5",6,"Yes",,"30"
"79-97-16-20","Building","1",1,"Yes",,"1000"
"22-78-59-76","Simple Mobile Phone","1",2,"Yes",,"150"
"22-78-59-76","Smart Phone","1",1,"Yes",,"1200"
"22-78-59-76","Building","1",1,"Yes",,"13000"
"22-78-59-76","Plastic chairs","5",3,"Yes",,"200"
"22-78-59-76","Wheelbarrow","1",1,"Yes",,"250"
"22-78-59-76","Boats","1",1,"Yes",,"800"
"68-66-94-81","Simple Mobile Phone","1",1,,,"80"
"68-66-94-81","Building","3",3,"Yes",,"4000"
"68-66-94-81","Plastic chairs","4",1,,,"70"
"55-05-77-24","Smart Phone","1",2,,,"800"
"55-05-77-24","Radio","1",1,"Yes",,"200"
"55-05-77-24","Plastic chairs","5",5,"Yes",,"60"
"96-11-62-92","Simple Mobile Phone","2",2,"Yes",,"240"
"96-11-62-92","Building","3",3,"Yes",,"Refused to answer"
"96-11-62-92","Radio","1",1,"Yes",,"1500"
"96-11-62-92","Television","1",1,"Yes",,"1500"
"96-11-62-92","Living room furniture set","4",4,"Yes",,"5000"
"96-11-62-92","Plastic chairs","8",11,"Yes",,"100"
"96-11-62-92","Plough","1",1,"Yes",,"1000"
"78-34-55-08","Simple Mobile Phone","2",1,"Yes",,"200"
"78-34-55-08","Building","1",1,"Yes",,"5000"
"78-34-55-08","Refrigerator","1",1,"Yes",,"2000"
"78-34-55-08","Television","1",1,"Yes",,"3000"
"78-34-55-08","Plastic chairs","3",2,"Yes",,"50"
"62-52-92-33","Simple Mobile Phone","1",10,"Yes",,"200"
"62-52-92-33","Bicycle","1",3,"Yes",,"1500"
"62-52-92-33","Building","1",3,"Yes",,"5000"
"62-52-92-33","Radio","1",5,"Yes",,"500"
"62-52-92-33","Plastic chairs","1",4,"Yes",,"50"
"11-84-22-34","Simple Mobile Phone","2",2,"Yes",,"150"
"11-84-22-34","Building","3",1,,,"3000"
"11-84-22-34","Plastic chairs","4",6,"Yes",,"50"
"25-28-42-89","Simple Mobile Phone","2",2,"Yes",,"50"
"25-28-42-89","Building","1",1,"Yes",,"2000"
"25-28-42-89","Plastic chairs","2",2,"Yes",,"100"
"17-22-63-49","Building","2",2,"Yes",,"10000"
"17-22-63-49","Plastic chairs","2",2,,,"50"
"75-11-04-39","Smart Phone","1",1,"Yes",,"700"
"75-11-04-39","Living room furniture set","1",1,"Yes",,"8000"
"75-11-04-39","Plastic chairs","4",5,"Yes",,"50"
"75-11-04-39","Solar panel","1",1,"Yes",,"1000"
"42-13-72-77","Simple Mobile Phone","1",1,,,"150"
"42-13-72-77","Smart Phone","1",1,"Yes",,"1000"
"42-13-72-77","Building","2",2,"Yes",,"2000"
"42-13-72-77","Refrigerator","1",1,"Yes",,"3000"
"22-71-31-86","Smart Phone","1",1,"Yes",,"1500"
"22-71-31-86","Building","2",2,"Yes",,"4000"
"22-71-31-86","Radio","1",1,"Yes",,"200"
"72-79-67-76","Simple Mobile Phone","3",3,"Yes",,"150"
"72-79-67-76","Building","3",3,"Yes",,"9000"
"72-79-67-76","Plastic chairs","6",10,"Yes",,"50"
"72-79-67-76","Plough","1",1,"Yes",,"2500"
"55-61-00-58","Simple Mobile Phone","1",5,"Yes",,"100"
"55-61-00-58","Smart Phone","1",2,"Yes",,"700"
"55-61-00-58","Building","1",1,"Yes",,"5000"
"55-61-00-58","Radio","1",1,"Yes",,"500"
"55-61-00-58","Plastic chairs","4",4,"Yes",,"50"
"83-84-11-33","Simple Mobile Phone","1",1,,,"700"
"83-84-11-33","Television","1",1,"Yes",,"1500"
"83-84-11-33","Plastic chairs","1",4,"Yes",,"50"
"83-84-11-33","Plough","1",1,"Yes",,"1000"
"57-06-39-78","Simple Mobile Phone","1",2,"Yes",,"150"
"57-06-39-78","Smart Phone","1",0,,,"250"
"57-06-39-78","Building","2",3,"Yes",,"5000"
"57-06-39-78","Plastic chairs","4",4,,,"40"
"28-44-47-60","Simple Mobile Phone","1",1,"Yes",,"200"
"28-44-47-60","Building","2",2,"Yes",,"10000"
"28-44-47-60","Plastic chairs","4",6,"Yes",,"90"
"99-83-86-30","Simple Mobile Phone","1",3,"Yes",,"100"
"99-83-86-30","Building","2",2,"Yes",,"5000"
"99-83-86-30","Refrigerator","1",1,"Yes",,"8000"
"99-83-86-30","Television","1",1,"Yes",,"800"
"99-83-86-30","Living room furniture set","1",1,"Yes",,"6000"
"99-83-86-30","Plastic chairs","6",10,"Yes",,"60"
"99-83-86-30","Solar panel","1",1,"Yes",,"1000"
"95-87-87-82","Simple Mobile Phone","1",3,"Yes",,"I don't know"
"95-87-87-82","Plastic chairs","8",8,"Yes",,"I don't know"
"51-10-14-61","Simple Mobile Phone","1",2,"Yes",,"50"
"51-10-14-61","Smart Phone","1",2,"Yes",,"1000"
"51-10-14-61","Building","1",1,"Yes",,"5000"
"38-80-77-22","Simple Mobile Phone","2",2,"Yes",,"200"
"38-80-77-22","Plastic chairs","1",3,"Yes",,"70"
"38-80-77-22","Plough","1",1,"Yes",,"2000"
"32-85-49-35","Smart Phone","1",0,"Yes",,"3000"
"32-85-49-35","Building","1",1,"Yes",,"400"
"32-85-49-35","Plastic chairs","3",0,"Yes",,"80"
"67-57-93-16","Simple Mobile Phone","2",2,"Yes",,"200"
"67-57-93-16","Building","4",4,"Yes",,"500"
"67-57-93-16","Plastic chairs","6",6,"Yes",,"100"
"66-09-29-33","Simple Mobile Phone","1",1,"Yes",,"200"
"66-09-29-33","Building","3",3,"Yes",,"3500"
"66-09-29-33","Radio","1",1,"Yes",,"200"
"66-09-29-33","Plastic chairs","4",5,"Yes",,"60"
"88-76-61-78","Simple Mobile Phone","2",1,"Yes",,"150"
"88-76-61-78","Building","2",2,"Yes",,"50000"
"88-76-61-78","Plastic chairs","4",6,"Yes",,"40"
"45-30-93-43","Simple Mobile Phone","2",2,"Yes",,"150"
"45-30-93-43","Building","2",2,"Yes",,"60000"
"45-30-93-43","Radio","1",1,"Yes",,"2500"
"39-72-47-05","Simple Mobile Phone","1",1,"Yes",,"100"
"39-72-47-05","Plastic chairs","2",4,"Yes",,"30"
"91-78-19-91","Simple Mobile Phone","2",2,"Yes",,"150"
"91-78-19-91","Smart Phone","1",1,,,"500"
"91-78-19-91","Building","4",4,"Yes",,"20000"
"91-78-19-91","Radio","1",1,"Yes",,"1000"
"91-78-19-91","Plough","1",1,"Yes",,"1500"
"80-88-34-81","Simple Mobile Phone","1",0,"Yes",,"50"
"80-88-34-81","Building","1",1,"Yes",,"1000"
"00-93-28-41","Simple Mobile Phone","3",0,"Yes",,"200"
"00-93-28-41","Smart Phone","1",0,,,"700"
"00-93-28-41","Building","1",1,"Yes",,"3000"
"00-93-28-41","Freezer","2",2,"Yes",,"2500"
"00-93-28-41","Radio","1",0,"Yes",,"3000"
"00-93-28-41","Television","1",0,"Yes",,"2000"
"00-93-28-41","Plastic chairs","4",0,"Yes",,"100"
"00-93-28-41","Plough","2",1,"Yes",,"4000"
"00-93-28-41","Wheelbarrow","1",0,"Yes",,"300"
"15-34-12-49","Simple Mobile Phone","2",2,"Yes",,"150"
"15-34-12-49","Radio","1",1,"Yes",,"4000"
"57-48-46-10","Simple Mobile Phone","3",4,"Yes",,"150"
"57-48-46-10","Building","3",4,"Yes",,"7000"
"57-48-46-10","Plastic chairs","4",8,,,"30"
"57-48-46-10","Plough","1",1,"Yes",,"1000"
"17-87-43-63","Simple Mobile Phone","1",1,"Yes",,"150"
"17-87-43-63","Smart Phone","1",0,"Yes",,"1000"
"17-87-43-63","Gas or Paraffin Stove","1",0,"Yes",,"3500"
"17-87-43-63","Radio","1",1,"Yes",,"800"
"17-87-43-63","Living room furniture set","1",1,"Yes",,"5000"
"17-87-43-63","Plastic chairs","12",10,"Yes",,"70"
"17-87-43-63","Plough","1",1,"Yes",,"1200"
"17-87-43-63","Wheelbarrow","1",3,"Yes",,"500"
"11-23-87-11","Simple Mobile Phone","1",2,"Yes",,"100"
"11-23-87-11","Smart Phone","1",1,,,"800"
"11-23-87-11","Building","6",6,"Yes",,"30000"
"11-23-87-11","Living room furniture set","1",1,"Yes",,"2000"
"11-23-87-11","Plastic chairs","4",10,"Yes",,"30"
"11-23-87-11","Plough","3",5,"Yes",,"2000"
"33-90-70-88","Simple Mobile Phone","1",1,"Yes",,"200"
"33-90-70-88","Smart Phone","1",1,,,"2000"
"33-90-70-88","Building","3",1,"Yes",,"3000"
"33-90-70-88","Plastic chairs","7",5,"Yes",,"50"
"33-90-70-88","Solar panel","1",1,"Yes",,"100"
"42-88-20-46","Simple Mobile Phone","2",2,"Yes",,"300"
"42-88-20-46","Bicycle","1",1,"Yes",,"700"
"42-88-20-46","Building","3",3,"Yes",,"1000"
"42-88-20-46","Refrigerator","1",1,"Yes",,"2000"
"42-88-20-46","Radio","1",1,"Yes",,"80"
"42-88-20-46","Living room furniture set","1",1,"Yes",,"1000"
"42-88-20-46","Plastic chairs","6",2,"Yes",,"50"
"56-60-42-49","Simple Mobile Phone","1",1,"Yes",,"100"
"56-60-42-49","Building","2",2,"Yes",,"5000"
"56-60-42-49","Plastic chairs","4",10,"Yes",,"50"
"06-49-16-95","Simple Mobile Phone","2",6,,,"150"
"06-49-16-95","Building","1",1,"Yes",,"5000"
"14-59-43-81","Simple Mobile Phone","1",2,"Yes",,"200"
"14-59-43-81","Building","3",3,"Yes",,"5000"
"14-59-43-81","Plastic chairs","4",6,"Yes",,"50"
"14-59-43-81","Plough","1",1,"Yes",,"1500"
"43-19-04-75","Simple Mobile Phone","1",2,"Yes",,"280"
"43-19-04-75","Smart Phone","1",1,,,"1000"
"43-19-04-75","Building","4",4,"Yes",,"2000"
"43-19-04-75","Living room furniture set","1",1,"Yes",,"400"
"43-19-04-75","Plastic chairs","8",10,"Yes",,"70"
"25-55-58-39","Simple Mobile Phone","1",3,"Yes",,"250"
"25-55-58-39","Building","2",2,"Yes",,"6000"
"25-55-58-39","Television","1",1,"Yes",,"2500"
"56-55-71-21","Simple Mobile Phone","1",2,,,"100"
"56-55-71-21","Building","3",3,"Yes",,"2000"
"56-55-71-21","Plastic chairs","7",5,"Yes",,"70"
"26-16-97-29","Simple Mobile Phone","1",1,"Yes",,"120"
"26-16-97-29","Building","2",2,"Yes",,"6000"
"26-16-97-29","Plastic chairs","4",4,"Yes",,"50"
"94-40-34-45","Simple Mobile Phone","1",1,"Yes",,"150"
"94-40-34-45","Plastic chairs","3",5,"Yes",,"50"
"57-09-13-31","Smart Phone","1",1,"Yes",,"2000"
"57-09-13-31","Living room furniture set","1",1,"Yes",,"7000"
"57-09-13-31","Plastic chairs","4",4,"Yes",,"50"
"06-81-92-15","Smart Phone","1",1,"Yes",,"1500"
"06-81-92-15","Plastic chairs","6",2,"Yes",,"50"
"71-51-46-91","Simple Mobile Phone","1",1,"Yes",,"300"
"71-51-46-91","Building","2",1,"Yes",,"I don't know"
"71-51-46-91","Plastic chairs","6",4,"Yes",,"100"
"71-51-46-91","Plough","1",1,"Yes",,"I don't know"
"99-70-86-40","Simple Mobile Phone","1",1,,,"200"
"99-70-86-40","Radio","1",0,"Yes",,"1500"
"99-70-86-40","Television","1",0,"Yes",,"2000"
"99-70-86-40","Plastic chairs","6",0,"Yes",,"150"
"99-70-86-40","Plough","1",1,,,"1000"
"54-72-28-02","Simple Mobile Phone","2",2,"Yes",,"100"
"54-72-28-02","Bicycle","1",1,"Yes",,"300"
"54-72-28-02","Plastic chairs","8",8,"Yes",,"30"
"54-72-28-02","Plough","2",2,"Yes",,"600"
"93-06-95-85","Building","1",1,"Yes",,"5000"
"93-06-95-85","Plastic chairs","3",7,"Yes",,"50"
"44-70-83-36","Smart Phone","1",1,,,"1500"
"44-70-83-36","Plastic chairs","4",8,"Yes",,"60"
"76-32-33-95","Building","2",2,"Yes",,"4000"
"76-32-33-95","Radio","2",2,"Yes",,"300"
"76-32-33-95","Plastic chairs","2",4,"Yes",,"60"
"76-32-33-95","Solar panel","1",0,"Yes",,"1000"
"01-38-25-96","Simple Mobile Phone","1",1,"Yes",,"50"
"01-38-25-96","Building","3",3,"Yes",,"3000"
"01-38-25-96","Radio","1",0,"Yes",,"100"
"01-38-25-96","Plastic chairs","4",4,"Yes",,"50"
"89-39-79-72","Simple Mobile Phone","2",2,"Yes",,"150"
"00-49-63-51","Simple Mobile Phone","1",1,,,"250"
"00-49-63-51","Plastic chairs","3",3,"Yes",,"30"
"76-58-89-37","Simple Mobile Phone","3",4,,,"350"
"76-58-89-37","Smart Phone","2",1,"Yes",,"2000"
"76-58-89-37","Bicycle","1",2,"Yes",,"1000"
"76-58-89-37","Building","4",2,"Yes",,"600"
"76-58-89-37","Refrigerator","1",2,"Yes",,"10000"
"76-58-89-37","Radio","2",2,"Yes",,"8000"
"76-58-89-37","Plastic chairs","8",8,"Yes",,"100"
"20-56-52-98","Building","4",4,"Yes",,"10000"
"20-56-52-98","Plastic chairs","6",6,"Yes",,"50"
"64-47-42-17","Simple Mobile Phone","1",1,"Yes",,"70"
"64-47-42-17","Building","2",2,,,"3000"
"64-47-42-17","Plastic chairs","3",4,"Yes",,"70"
"13-81-47-95","Simple Mobile Phone","4",4,"Yes",,"150"
"13-81-47-95","Building","4",3,"Yes",,"25000"
"13-81-47-95","Plastic chairs","8",8,"Yes",,"40"
"29-99-72-08","Simple Mobile Phone","3",2,"Yes",,"100"
"29-99-72-08","Building","4",4,"Yes",,"20000"
"29-99-72-08","Radio","1",1,"Yes",,"500"
"29-99-72-08","Living room furniture set","1",1,"Yes",,"4000"
"29-99-72-08","Plastic chairs","20",10,"Yes",,"100"
"29-99-72-08","Plough","2",0,"Yes",,"500"
"24-83-83-50","Simple Mobile Phone","1",3,"Yes",,"200"
"24-83-83-50","Building","4",4,"Yes",,"10000"
"24-83-83-50","Plastic chairs","5",12,"Yes",,"50"
"24-83-83-50","Plough","2",2,"Yes",,"1000"
"47-22-90-00","Simple Mobile Phone","2",3,"Yes",,"120"
"47-22-90-00","Building","2",6,"Yes",,"50"
"47-22-90-00","Radio","1",1,"Yes",,"100"
"47-22-90-00","Plastic chairs","2",2,,,"50"
"47-22-90-00","Plough","1",1,"Yes",,"500"
"98-86-29-38","Building","2",2,"Yes",,"4000"
"98-86-29-38","Plastic chairs","5",5,"Yes",,"100"
"38-47-12-60","Simple Mobile Phone","2",2,"Yes",,"250"
"38-47-12-60","Smart Phone","1",1,,,"1000"
"38-47-12-60","Bicycle","1",1,"Yes",,"400"
"38-47-12-60","Building","5",5,"Yes",,"1000"
"38-47-12-60","Radio","2",1,"Yes",,"5000"
"38-47-12-60","Television","2",2,"Yes",,"3000"
"38-47-12-60","Living room furniture set","1",1,"Yes",,"5000"
"38-47-12-60","Plastic chairs","60",60,"Yes",,"70"
"38-47-12-60","Plough","1",1,"Yes",,"2000"
"38-47-12-60","Solar panel","2",2,"Yes",,"1000"
"28-88-27-77","Simple Mobile Phone","1",1,"Yes",,"100"
"28-88-27-77","Building","2",2,"Yes",,"500"
"28-88-27-77","Radio","1",1,"Yes",,"100"
"28-88-27-77","Plastic chairs","3",4,"Yes",,"30"
"29-11-74-01","Simple Mobile Phone","2",2,"Yes",,"150"
"29-11-74-01","Smart Phone","2",2,"Yes",,"1000"
"29-11-74-01","Building","3",3,"Yes",,"10000"
"29-11-74-01","Refrigerator","1",1,"Yes",,"2200"
"29-11-74-01","Radio","1",1,"Yes",,"1500"
"29-11-74-01","Television","1",1,"Yes",,"2500"
"29-11-74-01","Living room furniture set","1",1,"Yes",,"2000"
"29-11-74-01","Plastic chairs","6",6,"Yes",,"70"
"23-17-08-61","Simple Mobile Phone","1",3,"Yes",,"150"
"23-17-08-61","Smart Phone","2",4,"Yes",,"800"
"23-17-08-61","Building","2",3,"Yes",,"10000"
"23-17-08-61","Electric Stove","1",0,"Yes",,"2000"
"23-17-08-61","Radio","1",1,"Yes",,"2000"
"23-17-08-61","Television","1",1,"Yes",,"3000"
"23-17-08-61","Living room furniture set","1",1,"Yes",,"7000"
"23-17-08-61","Plastic chairs","6",6,"Yes",,"50"
"23-17-08-61","Plough","2",2,"Yes",,"600"
"23-17-08-61","Solar panel","1",1,"Yes",,"8000"
"09-04-42-43","Simple Mobile Phone","1",1,"Yes",,"200"
"09-04-42-43","Gas or Paraffin Stove","1",1,"Yes",,"500"
"09-04-42-43","Plastic chairs","8",17,"Yes",,"50"
"09-04-42-43","Plough","1",1,"Yes",,"1000"
"60-44-87-63","Simple Mobile Phone","1",1,"Yes",,"250"
"60-44-87-63","Bicycle","1",1,"Yes",,"1000"
"60-44-87-63","Radio","1",1,"Yes",,"250"
"60-44-87-63","Plastic chairs","6",8,"Yes",,"50"
"37-91-11-53","Simple Mobile Phone","1",1,"Yes",,"250"
"37-91-11-53","Bicycle","1",1,,,"I don't know"
"37-91-11-53","Building","3",3,"Yes",,"Refused to answer"
"37-91-11-53","Refrigerator","2",2,"Yes",,"1000"
"37-91-11-53","Radio","1",1,"Yes",,"I don't know"
"37-91-11-53","Plastic chairs","8",4,"Yes",,"60"
"37-91-11-53","Solar panel","1",1,"Yes",,"I don't know"
"24-83-18-16","Simple Mobile Phone","1",1,"Yes",,"150"
"24-83-18-16","Smart Phone","1",2,,,"800"
"24-83-18-16","Bicycle","1",2,"Yes",,"800"
"24-83-18-16","Freezer","1",1,"Yes",,"3500"
"24-83-18-16","Radio","1",2,"Yes",,"600"
"24-83-18-16","Living room furniture set","1",0,"Yes",,"8000"
"24-83-18-16","Plastic chairs","8",8,"Yes",,"70"
"24-83-18-16","Plough","1",2,"Yes",,"1000"
"43-94-30-73","Simple Mobile Phone","2",2,"Yes",,"100"
"43-94-30-73","Building","4",4,"Yes",,"50000"
"43-94-30-73","Plastic chairs","7",7,"Yes",,"50"
"43-94-30-73","Plough","1",1,"Yes",,"1000"
"98-89-20-76","Simple Mobile Phone","2",2,"Yes",,"100"
"98-89-20-76","Building","3",3,"Yes",,"25000"
"98-89-20-76","Refrigerator","1",1,"Yes",,"3000"
"98-89-20-76","Radio","1",1,"Yes",,"2000"
"98-89-20-76","Living room furniture set","2",2,"Yes",,"3500"
"98-89-20-76","Plastic chairs","7",7,"Yes",,"120"
"98-89-20-76","Plough","2",2,"Yes",,"1500"
"18-82-94-56","Simple Mobile Phone","2",3,"Yes",,"130"
"18-82-94-56","Building","3",3,"Yes",,"5000"
"18-82-94-56","Plough","1",0,"Yes",,"500"
"15-08-96-97","Simple Mobile Phone","1",11,,,"I don't know"
"15-08-96-97","Smart Phone","1",1,,,"I don't know"
"59-27-01-58","Simple Mobile Phone","2",1,"Yes",,"150"
"59-27-01-58","Building","1",1,"Yes",,"2500"
"59-27-01-58","Plastic chairs","4",2,"Yes",,"100"
"06-40-81-20","Simple Mobile Phone","1",1,,,"150"
"06-40-81-20","Building","1",1,"Yes",,"2500"
"06-40-81-20","Radio","1",0,,,"250"
"06-40-81-20","Plastic chairs","3",0,,,"70"
"06-40-81-20","Solar panel","1",0,,,"50"
"63-00-59-35","Simple Mobile Phone","1",1,,,"100"
"63-00-59-35","Smart Phone","1",2,,,"500"
"63-00-59-35","Building","1",1,"Yes",,"1500"
"63-00-59-35","Plastic chairs","4",2,"Yes",,"50"
"63-00-59-35","Plough","1",1,,,"3500"
"20-12-20-33","Simple Mobile Phone","1",2,"Yes",,"500"
"20-12-20-33","Bicycle","1",1,"Yes",,"3000"
"20-12-20-33","Building","2",2,"Yes",,"12000"
"20-12-20-33","Electric Stove","1",1,"Yes",,"3000"
"20-12-20-33","Freezer","2",1,"Yes",,"6000"
"20-12-20-33","Radio","1",1,"Yes",,"700"
"20-12-20-33","Television","1",1,"Yes",,"12000"
"20-12-20-33","Plastic chairs","6",6,"Yes",,"300"
"13-16-46-47","Simple Mobile Phone","2",2,"Yes",,"200"
"13-16-46-47","Building","2",2,"Yes",,"I don't know"
"13-16-46-47","Refrigerator","1",1,"Yes",,"5000"
"13-16-46-47","Radio","1",1,"Yes",,"I don't know"
"13-16-46-47","Living room furniture set","1",1,"Yes",,"I don't know"
"13-16-46-47","Plastic chairs","9",9,"Yes",,"I don't know"
"13-16-46-47","Plough","1",1,"Yes",,"60"
"12-47-95-08","Simple Mobile Phone","4",0,"Yes",,"300"
"12-47-95-08","Bicycle","1",1,"Yes",,"5000"
"12-47-95-08","Building","4",3,"Yes",,"8000"
"12-47-95-08","Plastic chairs","6",3,"Yes",,"80"
"49-36-47-00","Simple Mobile Phone","1",0,,,"200"
"49-36-47-00","Smart Phone","1",1,"Yes",,"800"
"49-36-47-00","Living room furniture set","4",4,"Yes",,"3000"
"49-36-47-00","Plastic chairs","6",6,"Yes",,"600"
"49-36-47-00","Plough","1",1,"Yes",,"800"
"49-36-47-00","Wheelbarrow","1",1,,,"100"
"69-98-34-60","Building","1",2,"Yes",,"2000"
"69-98-34-60","Plastic chairs","1",4,"Yes",,"80"
"69-98-34-60","Plough","1",1,"Yes",,"1500"
"11-55-67-72","Simple Mobile Phone","2",2,"Yes",,"200"
"11-55-67-72","Computer- laptop or desktop","1",1,"Yes",,"4000"
"11-55-67-72","Plastic chairs","4",2,"Yes",,"50"
"11-55-67-72","Plough","1",1,"Yes",,"1000"
"11-55-67-72","Wheelbarrow","2",1,"Yes",,"700"
"86-18-52-98","Simple Mobile Phone","2",0,"Yes",,"100"
"86-18-52-98","Bicycle","1",1,"Yes",,"800"
"86-18-52-98","Building","3",3,,,"500"
"86-18-52-98","Plastic chairs","6",6,,,"100"
"86-18-52-98","Plough","1",1,,,"1500"
"59-98-46-38","Simple Mobile Phone","1",1,"Yes",,"300"
"59-98-46-38","Building","4",5,"Yes",,"I don't know"
"59-98-46-38","Living room furniture set","1",1,"Yes",,"10000"
"59-98-46-38","Plastic chairs","4",4,"Yes",,"100"
"59-98-46-38","Plough","1",1,"Yes",,"1000"
"87-83-58-77","Simple Mobile Phone","2",0,"Yes",,"200"
"87-83-58-77","Bicycle","1",0,,,"400"
"87-83-58-77","Plastic chairs","3",0,"Yes",,"30"
"15-59-01-11","Simple Mobile Phone","1",0,"Yes",,"100"
"15-59-01-11","Smart Phone","1",0,,,"1000"
"15-59-01-11","Building","3",2,"Yes",,"5000"
"15-59-01-11","Electric Stove","1",1,"Yes",,"150"
"15-59-01-11","Freezer","1",1,"Yes",,"2000"
"15-59-01-11","Radio","1",1,"Yes",,"300"
"15-59-01-11","Television","1",1,"Yes",,"5000"
"15-59-01-11","Plastic chairs","10",6,"Yes",,"60"
"74-82-76-84","Smart Phone","2",2,"Yes",,"3000"
"74-82-76-84","Motor vehicle","2",2,"Yes",,"20000"
"74-82-76-84","Building","2",2,"Yes",,"1e+05"
"74-82-76-84","Refrigerator","1",1,"Yes",,"4000"
"74-82-76-84","Freezer","1",1,"Yes",,"6000"
"74-82-76-84","Television","1",1,"Yes",,"5000"
"74-82-76-84","Living room furniture set","1",1,"Yes",,"10000"
"74-82-76-84","Plastic chairs","3",6,"Yes",,"50"
"74-82-76-84","Plough","1",1,"Yes",,"1200"
"74-82-76-84","Wheelbarrow","1",1,"Yes",,"100"
"08-93-57-76","Simple Mobile Phone","2",3,"Yes",,"120"
"08-93-57-76","Building","3",3,"Yes",,"500"
"08-93-57-76","Plastic chairs","4",4,"Yes",,"100"
"70-90-57-92","Simple Mobile Phone","3",2,"Yes",,"120"
"70-90-57-92","Bicycle","2",1,"Yes",,"200"
"70-90-57-92","Building","3",1,"Yes",,"900"
"70-90-57-92","Radio","1",0,"Yes",,"100"
"70-90-57-92","Plastic chairs","4",2,"Yes",,"40"
"50-31-04-37","Building","1",1,"Yes",,"5000"
"50-31-04-37","Plastic chairs","4",4,"Yes",,"40"
"50-31-04-37","Solar panel","1",1,"Yes",,"100"
"67-02-08-74","Simple Mobile Phone","1",3,"Yes",,"120"
"67-02-08-74","Building","2",3,"Yes",,"3500"
"67-02-08-74","Plastic chairs","4",11,"Yes",,"150"
"53-15-78-38","Simple Mobile Phone","2",2,"Yes",,"150"
"53-15-78-38","Building","3",2,"Yes",,"I don't know"
"53-15-78-38","Radio","1",1,"Yes",,"50"
"53-15-78-38","Plastic chairs","6",4,"Yes",,"60"
"32-33-43-26","Simple Mobile Phone","1",0,"Yes",,"100"
"32-33-43-26","Building","3",3,"Yes",,"2000"
"32-33-43-26","Plastic chairs","5",0,"Yes",,"50"
"32-33-43-26","Plough","1",1,"Yes",,"1000"
"46-04-74-49","Simple Mobile Phone","2",2,"Yes",,"200"
"46-04-74-49","Building","4",4,"Yes",,"80000"
"46-04-74-49","Refrigerator","1",1,"Yes",,"5000"
"46-04-74-49","Radio","1",1,"Yes",,"300"
"46-04-74-49","Plastic chairs","5",6,"Yes",,"60"
"35-13-76-39","Building","2",2,,,"1500"
"35-13-76-39","Plastic chairs","3",3,"Yes",,"65"
"35-13-76-39","Plough","2",1,"Yes",,"2000"
"35-13-76-39","Solar panel","2",1,,,"300"
"16-06-75-38","Simple Mobile Phone","1",1,"Yes",,"150"
"16-06-75-38","Building","5",3,"Yes",,"I don't know"
"16-06-75-38","Plastic chairs","2",4,"Yes",,"50"
"16-06-75-38","Plough","1",1,"Yes",,"1500"
"27-27-07-57","Simple Mobile Phone","1",1,"Yes",,"150"
"27-27-07-57","Building","2",1,"Yes",,"2500"
"02-68-96-18","Simple Mobile Phone","1",1,"Yes",,"50"
"02-68-96-18","Building","3",3,"Yes",,"I don't know"
"02-68-96-18","Electric Stove","1",1,"Yes",,"300"
"02-68-96-18","Refrigerator","1",1,"Yes",,"3000"
"02-68-96-18","Radio","1",1,"Yes",,"300"
"02-68-96-18","Television","1",1,"Yes",,"I don't know"
"02-68-96-18","Plastic chairs","4",4,"Yes",,"20"
"02-68-96-18","Plough","1",1,"Yes",,"2000"
"43-77-79-21","Smart Phone","1",0,,,"5000"
"43-77-79-21","Building","2",2,"Yes",,"1e+05"
"11-26-50-63","Simple Mobile Phone","1",2,"Yes",,"80"
"11-26-50-63","Building","2",2,,,"1000"
"11-26-50-63","Plastic chairs","1",1,"Yes",,"60"
"28-01-01-55","Simple Mobile Phone","1",1,"Yes",,"195"
"32-20-61-73","Simple Mobile Phone","1",3,"Yes",,"150"
"32-20-61-73","Building","3",3,"Yes",,"5000"
"32-20-61-73","Plastic chairs","4",10,"Yes",,"50"
"20-30-02-96","Simple Mobile Phone","4",3,"Yes",,"150"
"20-30-02-96","Building","2",2,"Yes",,"5000"
"20-30-02-96","Plastic chairs","4",7,"Yes",,"50"
"91-05-38-43","Simple Mobile Phone","2",2,,,"120"
"91-05-38-43","Smart Phone","1",1,"Yes",,"600"
"91-05-38-43","Building","3",3,"Yes",,"7000"
"91-05-38-43","Gas or Paraffin Stove","1",1,"Yes",,"900"
"91-05-38-43","Radio","1",1,"Yes",,"500"
"91-05-38-43","Television","1",1,"Yes",,"900"
"91-05-38-43","Plastic chairs","15",20,"Yes",,"100"
"91-05-38-43","Plough","1",1,"Yes",,"500"
"91-05-38-43","Wheelbarrow","3",3,"Yes",,"500"
"91-05-38-43","Solar panel","1",1,"Yes",,"600"
"44-19-28-63","Simple Mobile Phone","1",1,"Yes",,"150"
"44-19-28-63","Building","2",2,"Yes",,"8000"
"44-19-28-63","Plastic chairs","5",6,"Yes",,"50"
"72-93-96-93","Simple Mobile Phone","1",1,"Yes",,"100"
"72-93-96-93","Smart Phone","1",0,,,"1500"
"72-93-96-93","Building","3",1,"Yes",,"5000"
"72-93-96-93","Plastic chairs","7",7,"Yes",,"60"
"97-14-34-77","Simple Mobile Phone","1",1,"Yes",,"70"
"97-14-34-77","Building","2",3,"Yes",,"3000"
"23-83-04-10","Simple Mobile Phone","1",2,"Yes",,"80"
"23-83-04-10","Building","2",1,"Yes",,"10000"
"23-83-04-10","Plastic chairs","10",6,"Yes",,"50"
"23-83-04-10","Plough","1",1,"Yes",,"1500"
"66-67-12-43","Simple Mobile Phone","1",1,"Yes",,"100"
"66-67-12-43","Building","3",2,"Yes",,"5000"
"66-67-12-43","Plastic chairs","4",4,"Yes",,"70"
"10-88-25-17","Simple Mobile Phone","1",1,"Yes",,"100"
"10-88-25-17","Smart Phone","1",1,,,"700"
"10-88-25-17","Radio","1",1,"Yes",,"200"
"10-88-25-17","Plastic chairs","6",8,"Yes",,"50"
"15-20-57-47","Simple Mobile Phone","1",2,"Yes",,"250"
"15-20-57-47","Building","2",2,"Yes",,"2000"
"15-20-57-47","Plastic chairs","4",4,"Yes",,"50"
"36-81-71-64","Simple Mobile Phone","1",3,"Yes",,"200"
"36-81-71-64","Smart Phone","1",2,"Yes",,"800"
"36-81-71-64","Bicycle","1",1,"Yes",,"2100"
"36-81-71-64","Radio","1",1,"Yes",,"2400"
"36-81-71-64","Plastic chairs","5",6,"Yes",,"50"
"36-81-71-64","Solar panel","1",1,"Yes",,"150"
"34-71-72-72","Smart Phone","2",3,"Yes",,"800"
"34-71-72-72","Building","1",1,"Yes",,"7000"
"34-71-72-72","Radio","1",3,"Yes",,"300"
"34-71-72-72","Television","1",1,"Yes",,"5000"
"34-71-72-72","Plastic chairs","6",16,"Yes",,"50"
"34-71-72-72","Plough","1",1,"Yes",,"3000"
"66-60-15-44","Simple Mobile Phone","2",2,"Yes",,"150"
"66-60-15-44","Bicycle","1",1,"Yes",,"500"
"66-60-15-44","Building","4",5,"Yes",,"5000"
"66-60-15-44","Radio","1",1,"Yes",,"200"
"66-60-15-44","Living room furniture set","1",1,"Yes",,"10000"
"66-60-15-44","Plastic chairs","16",16,"Yes",,"50"
"66-60-15-44","Plough","1",3,"Yes",,"1000"
"66-60-15-44","Solar panel","1",0,"Yes",,"1000"
"86-30-61-13","Simple Mobile Phone","1",2,,,"100"
"86-30-61-13","Building","1",1,"Yes",,"6000"
"86-30-61-13","Plastic chairs","2",4,"Yes",,"20"
"36-54-39-30","Building","1",1,"Yes",,"3000"
"36-54-39-30","Plastic chairs","4",0,"Yes",,"100"
"36-54-39-30","Plough","1",1,"Yes",,"1500"
"74-23-76-31","Simple Mobile Phone","3",3,"Yes",,"220"
"74-23-76-31","Building","2",2,"Yes",,"8000"
"74-23-76-31","Plastic chairs","3",12,"Yes",,"100"
"22-34-78-24","Motor vehicle","1",0,"Yes",,"250000"
"22-34-78-24","Building","2",2,"Yes",,"2500"
"22-34-78-24","Plastic chairs","6",8,"Yes",,"50"
"78-05-45-34","Simple Mobile Phone","1",1,"Yes",,"100"
"78-05-45-34","Plastic chairs","4",2,"Yes",,"40"
"05-02-80-96","Simple Mobile Phone","2",2,"Yes",,"150"
"05-02-80-96","Bicycle","1",1,"Yes",,"1000"
"05-02-80-96","Building","3",2,"Yes",,"3000"
"05-02-80-96","Radio","1",1,"Yes",,"2800"
"05-02-80-96","Plastic chairs","6",4,"Yes",,"50"
"05-02-80-96","Plough","2",2,"Yes",,"2500"
"05-02-80-96","Solar panel","1",1,"Yes",,"1500"
"83-39-85-57","Simple Mobile Phone","1",0,,,"200"
"83-39-85-57","Building","1",1,"Yes",,"400"
"83-39-85-57","Plastic chairs","2",1,"Yes",,"50"
"02-11-27-45","Simple Mobile Phone","1",1,"Yes",,"250"
"02-11-27-45","Smart Phone","1",0,"Yes",,"400"
"02-11-27-45","Building","2",1,"Yes",,"I don't know"
"66-26-16-39","Simple Mobile Phone","1",1,"Yes",,"200"
"66-26-16-39","Building","3",3,"Yes",,"15000"
"66-26-16-39","Radio","1",1,"Yes",,"250"
"66-26-16-39","Plastic chairs","6",8,"Yes",,"40"
"66-26-16-39","Plough","1",1,"Yes",,"3000"
"74-47-09-34","Simple Mobile Phone","1",1,"Yes",,"200"
"74-47-09-34","Building","3",3,"Yes",,"50000"
"74-47-09-34","Plastic chairs","4",4,"Yes",,"50"
"74-42-03-33","Simple Mobile Phone","2",2,"Yes",,"150"
"74-42-03-33","Building","2",2,"Yes",,"7000"
"74-42-03-33","Radio","1",1,"Yes",,"200"
"74-42-03-33","Plastic chairs","3",3,"Yes",,"50"
"24-64-36-53","Simple Mobile Phone","1",1,,,"200"
"24-64-36-53","Smart Phone","1",1,"Yes",,"1000"
"24-64-36-53","Bicycle","1",1,"Yes",,"900"
"24-64-36-53","Building","5",5,"Yes",,"5000"
"24-64-36-53","Plastic chairs","9",13,"Yes",,"100"
"39-16-84-49","Simple Mobile Phone","1",1,"Yes",,"200"
"39-16-84-49","Building","3",3,"Yes",,"I don't know"
"39-16-84-49","Plastic chairs","6",0,"Yes",,"79"
"39-16-84-49","Plough","1",1,"Yes",,"600"
"65-82-18-72","Simple Mobile Phone","1",1,"Yes",,"80"
"65-82-18-72","Smart Phone","2",2,,,"2000"
"65-82-18-72","Motor vehicle","3",3,"Yes",,"90000"
"65-82-18-72","Building","10",10,"Yes",,"5000"
"65-82-18-72","Radio","2",2,"Yes",,"200"
"65-82-18-72","Living room furniture set","1",1,"Yes",,"5000"
"65-82-18-72","Plastic chairs","3",3,"Yes",,"60"
"65-82-18-72","Plough","2",2,"Yes",,"1200"
"65-82-18-72","Wheelbarrow","1",1,"Yes",,"100"
"65-82-18-72","Solar panel","2",2,"Yes",,"2000"
"98-04-19-51","Simple Mobile Phone","1",1,,,"150"
"98-04-19-51","Building","3",3,"Yes",,"I don't know"
"98-04-19-51","Plastic chairs","8",10,"Yes",,"49"
"98-04-19-51","Solar panel","1",1,"Yes",,"I don't know"
"33-66-03-17","Simple Mobile Phone","3",3,,,"150"
"33-66-03-17","Smart Phone","2",3,"Yes",,"900"
"33-66-03-17","Building","4",4,"Yes",,"3500"
"23-12-49-21","Simple Mobile Phone","1",1,"Yes",,"200"
"23-12-49-21","Building","3",3,"Yes",,"20000"
"23-12-49-21","Plastic chairs","200",200,"Yes",,"150"
"23-12-49-21","Plough","3",3,"Yes",,"300"
"95-95-21-82","Simple Mobile Phone","1",2,,,"100"
"95-95-21-82","Smart Phone","2",1,"Yes",,"2000"
"95-95-21-82","Building","3",3,"Yes",,"1000"
"95-95-21-82","Plastic chairs","5",8,"Yes",,"50"
"95-95-21-82","Plough","1",1,"Yes",,"700"
"84-16-65-13","Simple Mobile Phone","3",1,"Yes",,"100"
"84-16-65-13","Motor vehicle","2",2,"Yes",,"78000"
"84-16-65-13","Building","5",2,"Yes",,"I don't know"
"84-16-65-13","Electric Stove","1",1,"Yes",,"2000"
"84-16-65-13","Refrigerator","1",1,"Yes",,"1"
"84-16-65-13","Television","1",1,"Yes",,"I don't know"
"84-16-65-13","Living room furniture set","1",1,"Yes",,"I don't know"
"84-16-65-13","Plastic chairs","12",12,"Yes",,"70"
"84-16-65-13","Plough","2",2,"Yes",,"1800"
"35-36-66-35","Simple Mobile Phone","2",1,"Yes",,"150"
"35-36-66-35","Smart Phone","1",1,,,"I don't know"
"35-36-66-35","Building","4",4,"Yes",,"I don't know"
"35-36-66-35","Plastic chairs","8",8,"Yes",,"50"
"35-36-66-35","Plough","1",1,"Yes",,"1000"
"22-48-72-19","Simple Mobile Phone","1",1,"Yes",,"150"
"22-48-72-19","Building","4",5,"Yes",,"15000"
"22-48-72-19","Radio","1",1,"Yes",,"500"
"22-48-72-19","Living room furniture set","1",1,"Yes",,"3000"
"22-48-72-19","Plastic chairs","8",8,"Yes",,"60"
"22-48-72-19","Plough","1",2,"Yes",,"2000"
"22-48-72-19","Solar panel","2",0,"Yes",,"20000"
"16-02-48-49","Simple Mobile Phone","1",1,,,"200"
"16-02-48-49","Smart Phone","1",1,"Yes",,"500"
"16-02-48-49","Building","3",3,"Yes",,"1000"
"16-02-48-49","Radio","1",1,"Yes",,"200"
"16-02-48-49","Plastic chairs","4",4,"Yes",,"50"
"88-09-49-72","Simple Mobile Phone","1",0,,,"250"
"88-09-49-72","Smart Phone","1",1,,,"3000"
"88-09-49-72","Building","2",2,"Yes",,"10000"
"88-09-49-72","Plastic chairs","8",4,"Yes",,"100"
"88-09-49-72","Plough","1",0,"Yes",,"2000"
"46-87-53-18","Simple Mobile Phone","2",2,"Yes",,"150"
"46-87-53-18","Building","2",2,"Yes",,"5000"
"24-20-26-70","Simple Mobile Phone","1",2,"Yes",,"300"
"24-20-26-70","Building","1",1,"Yes",,"5000"
"24-20-26-70","Plastic chairs","4",8,"Yes",,"70"
"52-82-33-48","Simple Mobile Phone","4",4,"Yes",,"280"
"52-82-33-48","Smart Phone","3",3,,,"2600"
"52-82-33-48","Building","6",6,"Yes",,"5000"
"52-82-33-48","Radio","1",1,"Yes",,"700"
"52-82-33-48","Plastic chairs","6",6,"Yes",,"70"
"52-82-33-48","Plough","1",1,"Yes",,"7000"
"52-82-33-48","Wheelbarrow","1",1,"Yes",,"250"
"52-82-33-48","Solar panel","2",1,"Yes",,"200"
"26-48-97-52","Simple Mobile Phone","1",2,"Yes",,"150"
"26-48-97-52","Building","2",1,"Yes",,"700"
"26-48-97-52","Radio","1",1,"Yes",,"200"
"26-48-97-52","Television","1",2,"Yes",,"1000"
"26-48-97-52","Plastic chairs","6",6,"Yes",,"150"
"26-48-97-52","Solar panel","1",1,"Yes",,"2000"
"33-86-77-56","Simple Mobile Phone","3",1,"Yes",,"120"
"33-86-77-56","Building","3",3,"Yes",,"3500"
"33-86-77-56","Plastic chairs","4",0,"Yes",,"0"
"78-86-05-10","Simple Mobile Phone","1",2,"Yes",,"100"
"78-86-05-10","Plastic chairs","2",2,"Yes",,"20"
"15-96-39-00","Simple Mobile Phone","1",1,,,"150"
"15-96-39-00","Smart Phone","1",1,"Yes",,"500"
"15-96-39-00","Plastic chairs","5",5,"Yes",,"50"
"39-41-06-02","Simple Mobile Phone","1",1,,,"200"
"39-41-06-02","Plastic chairs","2",0,"Yes",,"I don't know"
"95-15-78-87","Simple Mobile Phone","1",1,"Yes",,"150"
"95-15-78-87","Building","1",0,"Yes",,"I don't know"
"95-15-78-87","Refrigerator","1",0,"Yes",,"6000"
"95-15-78-87","Radio","1",1,"Yes",,"2500"
"95-15-78-87","Television","1",1,"Yes",,"500"
"95-15-78-87","Plastic chairs","4",5,"Yes",,"50"
"95-15-78-87","Plough","1",1,"Yes",,"6000"
"52-97-51-26","Simple Mobile Phone","1",5,"Yes",,"200"
"52-97-51-26","Bicycle","1",2,"Yes",,"2000"
"52-97-51-26","Building","2",2,"Yes",,"10000"
"52-97-51-26","Radio","1",2,"Yes",,"300"
"02-78-29-37","Simple Mobile Phone","1",1,,,"200"
"02-78-29-37","Smart Phone","1",1,"Yes",,"1000"
"02-78-29-37","Plastic chairs","4",4,,,"100"
"02-78-29-37","Plough","1",2,"Yes",,"1000"
"27-36-10-42","Simple Mobile Phone","1",1,"Yes",,"100"
"27-36-10-42","Bicycle","1",1,"Yes",,"800"
"27-36-10-42","Building","1",1,"Yes",,"1500"
"27-36-10-42","Plastic chairs","4",4,"Yes",,"50"
"27-36-10-42","Solar panel","1",1,"Yes",,"400"
"45-97-40-37","Smart Phone","1",0,"Yes",,"1000"
"45-97-40-37","Plastic chairs","1",3,"Yes",,"50"
"41-24-37-83","Simple Mobile Phone","1",1,"Yes",,"150"
"41-24-37-83","Radio","1",1,"Yes",,"250"
"41-24-37-83","Plastic chairs","4",6,"Yes",,"60"
"90-44-42-58","Simple Mobile Phone","1",1,,,"150"
"90-44-42-58","Smart Phone","1",1,"Yes",,"1000"
"90-44-42-58","Building","3",3,"Yes",,"25000"
"90-44-42-58","Radio","1",1,"Yes",,"600"
"90-44-42-58","Plastic chairs","6",6,"Yes",,"50"
"90-44-42-58","Plough","1",1,"Yes",,"2000"
"15-49-26-93","Simple Mobile Phone","1",3,"Yes",,"150"
"15-49-26-93","Building","1",1,"Yes",,"30000"
"15-49-26-93","Radio","0",1,"Yes",,"400"
"15-49-26-93","Plastic chairs","8",12,"Yes",,"50"
"15-49-26-93","Plough","1",1,"Yes",,"500"
"15-49-26-93","Wheelbarrow","1",0,"Yes",,"250"
"29-96-24-29","Simple Mobile Phone","1",4,,,"200"
"29-96-24-29","Smart Phone","1",2,"Yes",,"700"
"29-96-24-29","Motor vehicle","1",1,,,"15000"
"29-96-24-29","Bicycle","1",1,,,"700"
"29-96-24-29","Radio","1",1,"Yes",,"500"
"29-96-24-29","Living room furniture set","1",1,"Yes",,"8000"
"29-96-24-29","Plastic chairs","10",14,"Yes",,"50"
"29-96-24-29","Plough","3",3,,,"8000"
"29-96-24-29","Wheelbarrow","1",1,,,"200"
"88-98-18-23","Simple Mobile Phone","3",3,"Yes",,"150"
"88-98-18-23","Smart Phone","1",1,,,"I don't know"
"88-98-18-23","Radio","1",1,"Yes",,"I don't know"
"88-98-18-23","Television","1",1,"Yes",,"I don't know"
"88-98-18-23","Plastic chairs","4",5,"Yes",,"I don't know"
"88-98-18-23","Plough","1",1,,,"I don't know"
"03-33-61-52","Smart Phone","2",2,"Yes",,"700"
"03-33-61-52","Gas or Paraffin Stove","1",1,"Yes",,"500"
"03-33-61-52","Radio","1",1,"Yes",,"300"
"03-33-61-52","Plastic chairs","14",20,"Yes",,"50"
"95-42-30-88","Simple Mobile Phone","2",1,"Yes",,"150"
"95-42-30-88","Building","2",2,,,"I don't know"
"41-58-71-65","Simple Mobile Phone","2",2,"Yes",,"I don't know"
"41-58-71-65","Plastic chairs","4",4,"Yes",,"10"
"41-58-71-65","Solar panel","1",1,"Yes",,"I don't know"
"47-41-93-44","Simple Mobile Phone","2",2,"Yes",,"250"
"47-41-93-44","Building","2",2,"Yes",,"I don't know"
"47-41-93-44","Radio","1",1,"Yes",,"50"
"47-41-93-44","Plastic chairs","7",3,"Yes",,"40"
"47-41-93-44","Plough","1",1,"Yes",,"I don't know"
"44-97-44-34","Simple Mobile Phone","2",4,"Yes",,"200"
"44-97-44-34","Smart Phone","3",2,,,"2700"
"44-97-44-34","Building","2",2,"Yes",,"20000"
"44-97-44-34","Plough","2",2,"Yes",,"2500"
"39-60-71-79","Simple Mobile Phone","1",0,"Yes",,"200"
"39-60-71-79","Building","2",3,"Yes",,"600"
"39-60-71-79","Plastic chairs","4",0,"Yes",,"200"
"39-60-71-79","Plough","1",0,"Yes",,"1500"
"02-67-41-60","Smart Phone","1",1,"Yes",,"2300"
"02-67-41-60","Building","2",1,"Yes",,"7000"
"02-67-41-60","Refrigerator","1",1,"Yes",,"4000"
"02-67-41-60","Radio","1",1,"Yes",,"400"
"02-67-41-60","Plastic chairs","8",3,"Yes",,"60"
"02-67-41-60","Wheelbarrow","1",1,"Yes",,"1700"
"83-56-74-03","Smart Phone","1",0,"Yes",,"800"
"83-56-74-03","Building","3",3,"Yes",,"1000"
"83-56-74-03","Radio","2",1,"Yes",,"900"
"83-56-74-03","Plastic chairs","6",1,"Yes",,"700"
"83-56-74-03","Plough","1",1,"Yes",,"300"
"04-28-47-30","Simple Mobile Phone","1",1,,,"150"
"04-28-47-30","Smart Phone","2",2,"Yes",,"1500"
"04-28-47-30","Building","3",3,"Yes",,"50000"
"04-28-47-30","Radio","1",1,"Yes",,"2000"
"04-28-47-30","Plastic chairs","4",4,"Yes",,"50"
"01-68-97-25","Simple Mobile Phone","2",2,"Yes",,"150"
"01-68-97-25","Smart Phone","3",3,"Yes",,"1500"
"01-68-97-25","Motor vehicle","3",2,,,"6500000"
"01-68-97-25","Building","4",4,"Yes",,"I don't know"
"01-68-97-25","Electric Stove","1",1,"Yes",,"I don't know"
"01-68-97-25","Refrigerator","1",1,"Yes",,"I don't know"
"01-68-97-25","Freezer","1",1,"Yes",,"I don't know"
"01-68-97-25","Television","1",1,"Yes",,"2000"
"01-68-97-25","Living room furniture set","1",1,"Yes",,"I don't know"
"01-68-97-25","Plastic chairs","26",12,"Yes",,"60"
"01-68-97-25","Plough","4",3,"Yes",,"3000"
"01-68-97-25","Wheelbarrow","2",1,"Yes",,"I don't know"
"01-68-97-25","Solar panel","4",0,,,"I don't know"
"01-68-97-25","Battery bank","1",1,,,"580000"
"66-08-16-26","Building","1",1,"Yes",,"5000"
"66-08-16-26","Plastic chairs","1",1,"Yes",,"30"
"93-32-02-54","Simple Mobile Phone","1",1,"Yes",,"200"
"93-32-02-54","Plastic chairs","8",4,"Yes",,"60"
"83-94-17-95","Simple Mobile Phone","4",4,"Yes",,"150"
"83-94-17-95","Smart Phone","2",2,"Yes",,"2500"
"83-94-17-95","Motor vehicle","2",2,"Yes",,"150000"
"83-94-17-95","Building","2",2,"Yes",,"45000"
"83-94-17-95","Electric Stove","1",1,"Yes",,"4000"
"83-94-17-95","Microwave","1",1,"Yes",,"1500"
"83-94-17-95","Refrigerator","1",1,"Yes",,"3500"
"83-94-17-95","Radio","1",1,"Yes",,"2000"
"83-94-17-95","Television","1",1,"Yes",,"4000"
"83-94-17-95","Living room furniture set","1",1,"Yes",,"7000"
"83-94-17-95","Plastic chairs","7",10,"Yes",,"50"
"83-94-17-95","Plough","2",2,"Yes",,"2600"
"83-94-17-95","Wheelbarrow","1",1,"Yes",,"700"
"60-60-16-78","Simple Mobile Phone","2",1,"Yes",,"200"
"60-60-16-78","Building","2",2,,,"5e+05"
"60-60-16-78","Television","1",1,,,"5000"
"60-60-16-78","Plough","2",2,,,"3500"
"60-60-16-78","Solar panel","1",0,,,"4800"
"26-78-47-00","Simple Mobile Phone","1",2,"Yes",,"200"
"26-78-47-00","Bicycle","1",0,"Yes",,"1200"
"26-78-47-00","Building","4",4,"Yes",,"16000"
"26-78-47-00","Refrigerator","2",1,"Yes",,"3000"
"26-78-47-00","Living room furniture set","1",0,"Yes",,"10000"
"26-78-47-00","Plastic chairs","8",4,,,"200"
"26-78-47-00","Plough","1",1,"Yes",,"900"
"79-98-45-89","Simple Mobile Phone","5",3,"Yes",,"250"
"79-98-45-89","Building","2",3,"Yes",,"5000"
"79-98-45-89","Radio","1",0,,,"350"
"79-98-45-89","Plastic chairs","1",4,"Yes",,"50"
"90-54-49-60","Simple Mobile Phone","2",2,"Yes",,"200"
"90-54-49-60","Motor vehicle","1",1,"Yes",,"1e+05"
"90-54-49-60","Building","5",5,"Yes",,"50000"
"90-54-49-60","Freezer","2",2,"Yes",,"3000"
"90-54-49-60","Television","1",1,"Yes",,"2000"
"90-54-49-60","Living room furniture set","1",1,"Yes",,"2000"
"90-54-49-60","Plastic chairs","10",10,"Yes",,"30"
"90-54-49-60","Plough","2",2,"Yes",,"500"
"31-84-01-85","Simple Mobile Phone","2",2,"Yes",,"200"
"31-84-01-85","Building","3",3,"Yes",,"25000"
"31-84-01-85","Radio","1",1,"Yes",,"250"
"31-84-01-85","Plastic chairs","5",5,"Yes",,"50"
"40-47-23-70","Simple Mobile Phone","1",1,"Yes",,"150"
"40-47-23-70","Building","2",2,"Yes",,"4000"
"40-47-23-70","Radio","1",1,"Yes",,"300"
"40-47-23-70","Plastic chairs","4",5,"Yes",,"50"
"97-69-93-58","Simple Mobile Phone","1",1,"Yes",,"150"
"97-69-93-58","Building","3",3,"Yes",,"25000"
"97-69-93-58","Radio","1",1,"Yes",,"500"
"97-69-93-58","Plastic chairs","8",9,"Yes",,"50"
"58-00-80-50","Building","2",2,"Yes",,"500"
"16-58-48-79","Simple Mobile Phone","1",1,,,"100"
"16-58-48-79","Smart Phone","3",3,"Yes",,"700"
"16-58-48-79","Building","3",3,"Yes",,"5000"
"16-58-48-79","Microwave","1",2,"Yes",,"2000"
"16-58-48-79","Refrigerator","1",1,"Yes",,"1000"
"16-58-48-79","Freezer","1",1,"Yes",,"1000"
"16-58-48-79","Radio","1",1,"Yes",,"700"
"16-58-48-79","Television","1",1,"Yes",,"2000"
"16-58-48-79","Living room furniture set","2",1,"Yes",,"3000"
"16-58-48-79","Plastic chairs","30",25,"Yes",,"200"
"16-58-48-79","Plough","1",1,"Yes",,"1800"
"16-58-48-79","Wheelbarrow","4",4,"Yes",,"500"
"16-58-48-79","Solar panel","1",1,"Yes",,"900"
"16-58-48-79","Electric generator","1",1,"Yes",,"4000"
"05-01-86-08","Building","2",2,"Yes",,"5000"
"05-01-86-08","Plastic chairs","4",4,"Yes",,"30"
"89-75-04-06","Simple Mobile Phone","1",2,"Yes",,"300"
"89-75-04-06","Building","1",1,"Yes",,"7500"
"89-75-04-06","Plastic chairs","2",0,,,"150"
"52-25-69-44","Smart Phone","1",1,"Yes",,"2000"
"52-25-69-44","Building","4",4,"Yes",,"1e+05"
"52-25-69-44","Television","1",1,"Yes",,"2500"
"52-25-69-44","Living room furniture set","1",1,"Yes",,"5000"
"52-25-69-44","Plastic chairs","6",6,"Yes",,"50"
"71-97-04-61","Smart Phone","1",2,,,"400"
"71-97-04-61","Building","7",6,"Yes",,"I don't know"
"71-97-04-61","Plastic chairs","4",4,,,"100"
"71-97-04-61","Plough","1",1,"Yes",,"2500"
"46-80-42-17","Simple Mobile Phone","1",1,,,"200"
"46-80-42-17","Smart Phone","2",1,"Yes",,"2000"
"46-80-42-17","Gas or Paraffin Stove","1",0,"Yes",,"3500"
"46-80-42-17","Freezer","1",1,"Yes",,"2000"
"46-80-42-17","Television","1",1,"Yes",,"3000"
"46-80-42-17","Living room furniture set","1",1,"Yes",,"8000"
"46-80-42-17","Plastic chairs","17",22,"Yes",,"100"
"46-80-42-17","Plough","1",1,"Yes",,"800"
"46-80-42-17","Solar panel","7",0,"Yes",,"8000"
"58-78-23-20","Simple Mobile Phone","1",1,,,"150"
"58-78-23-20","Smart Phone","1",1,"Yes",,"1000"
"58-78-23-20","Motor vehicle","1",1,"Yes",,"2e+05"
"58-78-23-20","Bicycle","1",1,"Yes",,"1000"
"58-78-23-20","Building","3",3,"Yes",,"65000"
"58-78-23-20","Gas or Paraffin Stove","1",1,"Yes",,"2000"
"58-78-23-20","Refrigerator","2",2,"Yes",,"1500"
"58-78-23-20","Radio","1",1,"Yes",,"1400"
"58-78-23-20","Television","1",1,"Yes",,"2500"
"58-78-23-20","Living room furniture set","1",1,"Yes",,"5000"
"58-78-23-20","Plastic chairs","8",8,"Yes",,"50"
"58-78-23-20","Plough","1",1,"Yes",,"1000"
"35-69-94-08","Simple Mobile Phone","2",3,"Yes",,"300"
"35-69-94-08","Building","1",1,"Yes",,"20000"
"35-69-94-08","Radio","1",1,"Yes",,"200"
"35-69-94-08","Plastic chairs","6",6,,,"80"
"35-69-94-08","Plough","1",1,"Yes",,"2700"
"10-25-31-32","Simple Mobile Phone","2",2,"Yes",,"50"
"10-25-31-32","Building","2",3,"Yes",,"20000"
"10-25-31-32","Radio","1",1,"Yes",,"100"
"10-25-31-32","Plastic chairs","5",6,"Yes",,"50"
"10-25-31-32","Wheelbarrow","1",1,"Yes",,"100"
"38-79-29-34","Simple Mobile Phone","1",2,,,"300"
"38-79-29-34","Smart Phone","1",2,"Yes",,"3000"
"38-79-29-34","Building","2",2,"Yes",,"15000"
"38-79-29-34","Gas or Paraffin Stove","1",1,"Yes",,"1500"
"38-79-29-34","Living room furniture set","1",1,"Yes",,"1600"
"38-79-29-34","Plastic chairs","12",15,"Yes",,"100"
"38-79-29-34","Wheelbarrow","1",1,"Yes",,"800"
"89-83-56-79","Simple Mobile Phone","2",1,"Yes",,"150"
"89-83-56-79","Bicycle","1",1,"Yes",,"800"
"89-83-56-79","Building","4",1,"Yes",,"5000"
"89-83-56-79","Radio","1",1,"Yes",,"400"
"89-83-56-79","Plastic chairs","4",6,,,"150"
"89-83-56-79","Solar panel","3",1,"Yes",,"800"
"50-21-50-41","Simple Mobile Phone","1",1,,,"200"
"50-21-50-41","Building","5",5,"Yes",,"1000"
"50-21-50-41","Radio","1",1,"Yes",,"700"
"50-21-50-41","Plastic chairs","3",4,"Yes",,"50"
"44-19-49-55","Building","2",2,"Yes",,"1000"
"44-19-49-55","Plastic chairs","3",3,"Yes",,"50"
"55-68-88-94","Simple Mobile Phone","1",1,,,"170"
"55-68-88-94","Building","3",1,"Yes",,"Refused to answer"
"55-68-88-94","Plastic chairs","3",8,"Yes",,"30"
"59-93-51-03","Building","1",1,"Yes",,"1000"
"59-93-51-03","Plastic chairs","3",0,"Yes",,"50"
"07-70-44-38","Simple Mobile Phone","2",1,"Yes",,"150"
"07-70-44-38","Building","3",1,"Yes",,"1000"
"07-70-44-38","Plastic chairs","2",6,"Yes",,"30"
"59-31-16-60","Simple Mobile Phone","1",0,,,"100"
"59-31-16-60","Smart Phone","2",2,"Yes",,"1800"
"59-31-16-60","Building","1",1,"Yes",,"2500"
"59-31-16-60","Gas or Paraffin Stove","1",1,"Yes",,"3000"
"59-31-16-60","Refrigerator","1",1,"Yes",,"5000"
"59-31-16-60","Plastic chairs","2",6,"Yes",,"50"
"84-43-04-55","Simple Mobile Phone","2",2,"Yes",,"150"
"84-43-04-55","Building","2",2,"Yes",,"6000"
"84-43-04-55","Radio","1",1,"Yes",,"400"
"84-43-04-55","Plastic chairs","6",5,"Yes",,"50"
"90-23-91-34","Simple Mobile Phone","1",0,"Yes",,"100"
"90-23-91-34","Building","2",2,"Yes",,"2000"
"90-23-91-34","Plastic chairs","2",2,"Yes",,"50"
"90-23-91-34","Plough","1",1,"Yes",,"1000"
"00-25-69-00","Simple Mobile Phone","1",2,"Yes",,"250"
"00-25-69-00","Bicycle","1",1,"Yes",,"800"
"00-25-69-00","Building","5",4,"Yes",,"I don't know"
"00-25-69-00","Radio","3",2,"Yes",,"300"
"00-25-69-00","Living room furniture set","1",1,"Yes",,"I don't know"
"00-25-69-00","Plastic chairs","4",6,"Yes",,"80"
"00-25-69-00","Plough","1",0,"Yes",,"2800"
"43-06-63-67","Smart Phone","1",1,"Yes",,"600"
"43-06-63-67","Building","4",3,"Yes",,"10000"
"43-06-63-67","Plastic chairs","6",10,"Yes",,"50"
"28-10-90-34","Simple Mobile Phone","2",1,"Yes",,"150"
"28-10-90-34","Building","1",1,,,"2500"
"28-10-90-34","Plastic chairs","5",5,,,"50"
"13-06-00-33","Simple Mobile Phone","1",5,"Yes",,"150"
"13-06-00-33","Smart Phone","1",1,"Yes",,"750"
"13-06-00-33","Building","3",2,"Yes",,"8000"
"13-06-00-33","Electric Stove","1",1,"Yes",,"180"
"13-06-00-33","Refrigerator","1",1,"Yes",,"3500"
"13-06-00-33","Radio","1",1,"Yes",,"2700"
"13-06-00-33","Television","1",1,"Yes",,"1900"
"13-06-00-33","Living room furniture set","2",2,"Yes",,"8000"
"13-06-00-33","Plastic chairs","3",7,"Yes",,"45"
"93-88-34-77","Smart Phone","1",0,"Yes",,"600"
"93-88-34-77","Building","3",3,"Yes",,"10000"
"93-88-34-77","Refrigerator","1",1,"Yes",,"3000"
"93-88-34-77","Radio","1",1,"Yes",,"2000"
"93-88-34-77","Plastic chairs","2",4,"Yes",,"50"
"77-13-46-95","Simple Mobile Phone","3",3,"Yes",,"150"
"77-13-46-95","Smart Phone","1",1,,,"2000"
"77-13-46-95","Motor vehicle","1",1,"Yes",,"40000"
"77-13-46-95","Building","4",4,"Yes",,"7000"
"77-13-46-95","Radio","1",1,"Yes",,"4000"
"77-13-46-95","Living room furniture set","1",1,"Yes",,"3000"
"77-13-46-95","Plastic chairs","18",10,"Yes",,"250"
"77-13-46-95","Plough","3",3,"Yes",,"1000"
"77-13-46-95","Wheelbarrow","1",1,"Yes",,"100"
"77-13-46-95","Solar panel","3",3,"Yes",,"1000"
"77-13-46-95","Electric generator","1",1,"Yes",,"5000"
"54-15-29-03","Simple Mobile Phone","1",1,"Yes",,"100"
"54-15-29-03","Building","1",1,"Yes",,"30000"
"54-15-29-03","Gas or Paraffin Stove","1",1,,,"50"
"54-15-29-03","Living room furniture set","1",1,,,"1000"
"54-15-29-03","Plough","3",3,"Yes",,"2500"
"58-43-21-07","Simple Mobile Phone","3",3,"Yes",,"100"
"58-43-21-07","Building","4",4,"Yes",,"5000"
"58-43-21-07","Freezer","1",1,"Yes",,"2000"
"58-43-21-07","Radio","1",1,"Yes",,"100"
"58-43-21-07","Television","1",1,"Yes",,"1500"
"58-43-21-07","Plastic chairs","6",6,"Yes",,"26"
"58-43-21-07","Plough","1",1,"Yes",,"300"
"58-43-21-07","Electric generator","1",1,"Yes",,"2000"
"54-82-42-61","Simple Mobile Phone","1",1,"Yes",,"150"
"54-82-42-61","Building","3",2,"Yes",,"3000"
"54-82-42-61","Plastic chairs","4",0,"Yes",,"60"
"31-76-77-10","Building","3",3,"Yes",,"Refused to answer"
"31-76-77-10","Radio","1",0,"Yes",,"150"
"31-76-77-10","Plastic chairs","2",2,"Yes",,"40"
"75-33-12-39","Simple Mobile Phone","2",1,"Yes",,"150"
"75-33-12-39","Bicycle","1",1,"Yes",,"450"
"75-33-12-39","Building","1",2,"Yes",,"1000"
"75-33-12-39","Plastic chairs","8",8,"Yes",,"50"
"75-33-12-39","Plough","1",0,"Yes",,"600"
"75-33-12-39","Solar panel","1",2,"Yes",,"450"
"47-33-25-93","Simple Mobile Phone","1",0,,,"200"
"47-33-25-93","Building","4",3,"Yes",,"4500"
"47-33-25-93","Plastic chairs","6",3,,,"60"
"35-34-76-48","Simple Mobile Phone","2",2,"Yes",,"250"
"35-34-76-48","Building","3",3,"Yes",,"I don't know"
"35-34-76-48","Radio","1",0,"Yes",,"I don't know"
"35-34-76-48","Plough","2",1,"Yes",,"I don't know"
"26-98-60-20","Simple Mobile Phone","1",0,"Yes",,"100"
"26-98-60-20","Building","2",0,"Yes",,"1000"
"26-98-60-20","Plastic chairs","8",8,"Yes",,"50"
"26-98-60-20","Wheelbarrow","1",1,"Yes",,"150"
"26-98-60-20","Solar panel","1",1,"Yes",,"800"
"20-88-32-55","Simple Mobile Phone","2",4,,,"100"
"20-88-32-55","Building","3",3,"Yes",,"8000"
"20-88-32-55","Radio","2",3,"Yes",,"100"
"20-88-32-55","Plastic chairs","10",12,"Yes",,"40"
"73-42-30-97","Building","2",2,"Yes",,"I don't know"
"73-42-30-97","Electric Stove","1",1,"Yes",,"I don't know"
"73-42-30-97","Freezer","1",1,"Yes",,"I don't know"
"73-42-30-97","Television","1",1,"Yes",,"I don't know"
"73-42-30-97","Living room furniture set","1",1,"Yes",,"I don't know"
"38-84-78-59","Simple Mobile Phone","2",2,"Yes",,"200"
"38-84-78-59","Smart Phone","1",1,"Yes",,"500"
"38-84-78-59","Bicycle","1",1,"Yes",,"1500"
"38-84-78-59","Building","1",1,"Yes",,"I don't know"
"38-84-78-59","Gas or Paraffin Stove","1",1,"Yes",,"1000"
"38-84-78-59","Radio","1",1,"Yes",,"1900"
"38-84-78-59","Living room furniture set","1",1,"Yes",,"7000"
"38-84-78-59","Plastic chairs","10",6,"Yes",,"80"
"38-84-78-59","Plough","3",2,"Yes",,"1000"
"70-09-32-42","Simple Mobile Phone","2",2,"Yes",,"100"
"70-09-32-42","Building","4",4,"Yes",,"I don't know"
"70-09-32-42","Freezer","1",1,"Yes",,"I don't know"
"70-09-32-42","Radio","1",1,"Yes",,"I don't know"
"70-09-32-42","Television","2",1,"Yes",,"1500"
"70-09-32-42","Plastic chairs","12",15,"Yes",,"50"
"76-04-07-19","Simple Mobile Phone","1",1,"Yes",,"I don't know"
"76-04-07-19","Building","2",2,"Yes",,"200"
"76-04-07-19","Radio","1",1,"Yes",,"200"
"76-04-07-19","Plastic chairs","5",10,"Yes",,"Refused to answer"
"70-32-51-26","Simple Mobile Phone","1",1,"Yes",,"60"
"70-32-51-26","Building","1",1,"Yes",,"15000"
"70-32-51-26","Freezer","1",1,"Yes",,"I don't know"
"70-32-51-26","Radio","1",1,"Yes",,"150"
"70-32-51-26","Television","1",1,"Yes",,"1000"
"70-32-51-26","Living room furniture set","1",0,"Yes",,"5400"
"70-32-51-26","Plastic chairs","6",6,"Yes",,"40"
"56-61-77-64","Simple Mobile Phone","1",1,"Yes",,"100"
"56-61-77-64","Smart Phone","2",0,"Yes",,"500"
"56-61-77-64","Building","3",0,"Yes",,"2000"
"56-61-77-64","Plastic chairs","9",0,"Yes",,"60"
"50-82-91-34","Simple Mobile Phone","2",1,"Yes",,"150"
"50-82-91-34","Radio","1",1,"Yes",,"150"
"50-82-91-34","Plastic chairs","5",8,"Yes",,"50"
"50-82-91-34","Plough","1",2,"Yes",,"400"
"83-60-63-11","Simple Mobile Phone","2",2,"Yes",,"150"
"83-60-63-11","Bicycle","1",1,"Yes",,"1000"
"83-60-63-11","Radio","1",1,"Yes",,"800"
"83-60-63-11","Television","1",1,"Yes",,"1000"
"83-60-63-11","Plastic chairs","8",12,"Yes",,"50"
"83-60-63-11","Plough","1",1,"Yes",,"1500"
"80-51-82-08","Simple Mobile Phone","1",0,,,"200"
"80-51-82-08","Gas or Paraffin Stove","1",1,"Yes",,"1000"
"80-51-82-08","Television","1",1,"Yes",,"2000"
"80-51-82-08","Living room furniture set","1",1,"Yes",,"1000"
"80-51-82-08","Plastic chairs","4",4,"Yes",,"40"
"49-80-85-60","Smart Phone","1",0,,,"300"
"49-80-85-60","Building","3",3,"Yes",,"500"
"49-80-85-60","Plastic chairs","4",2,"Yes",,"40"
"81-64-86-08","Simple Mobile Phone","1",1,,,"80"
"81-64-86-08","Smart Phone","1",1,"Yes",,"800"
"81-64-86-08","Building","1",1,"Yes",,"20000"
"81-64-86-08","Gas or Paraffin Stove","1",0,"Yes",,"1200"
"81-64-86-08","Refrigerator","1",0,"Yes",,"3500"
"81-64-86-08","Radio","1",0,"Yes",,"4800"
"81-64-86-08","Television","1",0,"Yes",,"4000"
"81-64-86-08","Living room furniture set","5",0,"Yes",,"8000"
"81-64-86-08","Plastic chairs","4",6,"Yes",,"150"
"33-82-62-40","Simple Mobile Phone","5",4,"Yes",,"100"
"33-82-62-40","Motor vehicle","1",2,"Yes",,"35000"
"33-82-62-40","Building","1",1,"Yes",,"50000"
"33-82-62-40","Gas or Paraffin Stove","2",2,,,"500"
"33-82-62-40","Microwave","1",1,,,"500"
"33-82-62-40","Freezer","1",2,"Yes",,"2000"
"33-82-62-40","Radio","2",3,"Yes",,"1000"
"33-82-62-40","Television","3",3,"Yes",,"3000"
"33-82-62-40","Living room furniture set","2",2,"Yes",,"4000"
"33-82-62-40","Plastic chairs","20",12,"Yes",,"50"
"33-82-62-40","Plough","2",1,"Yes",,"1000"
"33-82-62-40","Wheelbarrow","2",4,"Yes",,"300"
"33-82-62-40","Solar panel","3",2,"Yes",,"2000"
"33-82-62-40","Electric generator","1",1,"Yes",,"2500"
"56-48-48-33","Simple Mobile Phone","2",2,"Yes",,"150"
"56-48-48-33","Bicycle","1",1,"Yes",,"2000"
"56-48-48-33","Building","1",1,"Yes",,"7000"
"56-48-48-33","Radio","1",1,"Yes",,"400"
"56-48-48-33","Plastic chairs","4",4,"Yes",,"50"
"19-43-49-26","Simple Mobile Phone","2",2,"Yes",,"200"
"19-43-49-26","Building","3",3,"Yes",,"6000"
"19-43-49-26","Radio","1",0,"Yes",,"100"
"19-43-49-26","Plastic chairs","4",4,"Yes",,"60"
"19-43-49-26","Plough","1",1,"Yes",,"1500"
"19-43-49-26","Solar panel","2",2,"Yes",,"300"
"52-63-91-75","Building","3",1,"Yes",,"10000"
"52-63-91-75","Plastic chairs","4",0,"Yes",,"200"
"52-63-91-75","Plough","1",0,"Yes",,"1800"
"60-93-32-66","Simple Mobile Phone","1",0,"Yes",,"200"
"60-93-32-66","Building","2",2,"Yes",,"3000"
"60-93-32-66","Plastic chairs","4",4,"Yes",,"100"
"37-44-93-64","Simple Mobile Phone","2",1,"Yes",,"100"
"37-44-93-64","Building","2",2,"Yes",,"2000"
"37-44-93-64","Radio","1",1,"Yes",,"500"
"37-44-93-64","Plastic chairs","4",4,"Yes",,"50"
"83-19-87-02","Simple Mobile Phone","2",2,"Yes",,"100"
"83-19-87-02","Smart Phone","1",1,,,"1000"
"83-19-87-02","Building","3",3,"Yes",,"52000"
"83-19-87-02","Refrigerator","2",2,"Yes",,"3000"
"83-19-87-02","Radio","1",1,"Yes",,"1000"
"83-19-87-02","Television","1",1,"Yes",,"2500"
"83-19-87-02","Plastic chairs","10",6,"Yes",,"40"
"83-26-13-29","Simple Mobile Phone","1",1,"Yes",,"150"
"83-26-13-29","Plastic chairs","2",6,"Yes",,"50"
"83-26-13-29","Solar panel","1",1,"Yes",,"20"
"02-40-91-04","Simple Mobile Phone","2",1,"Yes",,"80"
"02-40-91-04","Plastic chairs","4",2,"Yes",,"50"
"31-74-57-88","Simple Mobile Phone","2",2,"Yes",,"200"
"31-74-57-88","Building","1",1,"Yes",,"4000"
"31-74-57-88","Radio","1",1,,,"250"
"31-74-57-88","Plastic chairs","3",2,"Yes",,"40"
"09-16-66-27","Simple Mobile Phone","2",1,"Yes",,"300"
"09-16-66-27","Building","2",2,"Yes",,"15000"
"09-16-66-27","Electric Stove","1",1,"Yes",,"1000"
"09-16-66-27","Radio","1",1,"Yes",,"200"
"09-16-66-27","Television","1",1,"Yes",,"1000"
"09-16-66-27","Living room furniture set","1",2,"Yes",,"2000"
"09-16-66-27","Plastic chairs","4",6,"Yes",,"100"
"09-16-66-27","Wheelbarrow","1",1,"Yes",,"500"
"02-99-67-45","Simple Mobile Phone","1",1,,,"150"
"02-99-67-45","Building","3",3,,,"1000"
"02-99-67-45","Radio","1",1,,,"50"
"02-99-67-45","Plastic chairs","6",6,"Yes",,"50"
"18-26-92-76","Simple Mobile Phone","2",2,"Yes",,"250"
"18-26-92-76","Building","1",1,"Yes",,"600"
"18-26-92-76","Radio","1",1,"Yes",,"700"
"18-26-92-76","Plastic chairs","6",6,"Yes",,"120"
"18-26-92-76","Diesel / Hand pumps","1",1,"Yes",,"6000"
"54-98-92-77","Simple Mobile Phone","1",2,,,"200"
"54-98-92-77","Building","1",1,"Yes",,"1000"
"54-98-92-77","Plastic chairs","4",4,"Yes",,"60"
"94-90-21-30","Simple Mobile Phone","2",2,"Yes",,"200"
"94-90-21-30","Smart Phone","1",0,"Yes",,"1000"
"94-90-21-30","Building","3",3,"Yes",,"10000"
"94-90-21-30","Electric Stove","1",1,"Yes",,"2000"
"94-90-21-30","Microwave","1",1,"Yes",,"1000"
"94-90-21-30","Refrigerator","1",1,"Yes",,"5000"
"94-90-21-30","Radio","1",1,"Yes",,"10000"
"94-90-21-30","Television","1",1,"Yes",,"5000"
"94-90-21-30","Living room furniture set","1",1,"Yes",,"2000"
"94-90-21-30","Plastic chairs","16",16,"Yes",,"80"
"94-90-21-30","Plough","2",2,"Yes",,"2000"
"94-90-21-30","Wheelbarrow","1",1,"Yes",,"600"
"94-90-21-30","Solar panel","1",1,"Yes",,"10000"
"94-90-21-30","Electric generator","2",2,"Yes",,"5000"
"34-25-16-71","Simple Mobile Phone","1",1,"Yes",,"150"
"34-25-16-71","Smart Phone","1",1,,,"400"
"34-25-16-71","Building","5",5,"Yes",,"8000"
"34-25-16-71","Television","1",1,"Yes",,"21000"
"34-25-16-71","Living room furniture set","1",1,"Yes",,"23000"
"34-25-16-71","Plastic chairs","9",20,"Yes",,"80"
"34-25-16-71","Plough","2",3,"Yes",,"3000"
"26-18-25-14","Simple Mobile Phone","1",1,"Yes",,"200"
"26-18-25-14","Building","2",2,"Yes",,"8000"
"26-18-25-14","Radio","1",1,"Yes",,"300"
"26-18-25-14","Solar panel","1",1,"Yes",,"600"
"62-93-86-46","Simple Mobile Phone","1",1,"Yes",,"I don't know"
"62-93-86-46","Radio","1",1,"Yes",,"I don't know"
"62-93-86-46","Plastic chairs","5",10,"Yes",,"I don't know"
"85-20-92-08","Plastic chairs","2",8,"Yes",,"Refused to answer"
"65-60-16-01","Simple Mobile Phone","1",1,"Yes",,"70"
"83-41-72-29","Simple Mobile Phone","1",5,"Yes",,"200"
"83-41-72-29","Building","4",5,"Yes",,"6000"
"83-41-72-29","Radio","1",1,"Yes",,"500"
"83-41-72-29","Plastic chairs","4",2,"Yes",,"50"
"83-41-72-29","Solar panel","2",2,"Yes",,"700"
"21-46-08-35","Simple Mobile Phone","1",1,"Yes",,"200"
"21-46-08-35","Smart Phone","3",3,,,"600"
"21-46-08-35","Building","3",3,"Yes",,"20000"
"21-46-08-35","Freezer","1",1,"Yes",,"5000"
"21-46-08-35","Radio","1",1,"Yes",,"3000"
"21-46-08-35","Television","1",1,"Yes",,"1000"
"21-46-08-35","Computer- laptop or desktop","1",1,,,"4000"
"21-46-08-35","Living room furniture set","1",1,"Yes",,"200"
"21-46-08-35","Plastic chairs","8",9,"Yes",,"50"
"21-46-08-35","Plough","1",1,"Yes",,"1500"
"21-46-08-35","Wheelbarrow","1",1,"Yes",,"800"
"37-32-34-84","Smart Phone","1",1,"Yes",,"200"
"37-32-34-84","Building","3",3,"Yes",,"45000"
"37-32-34-84","Plastic chairs","8",8,"Yes",,"45"
"37-32-34-84","Plough","1",3,"Yes",,"1100"
"13-52-22-69","Simple Mobile Phone","1",2,,,"120"
"13-52-22-69","Smart Phone","1",1,"Yes",,"1000"
"13-52-22-69","Building","2",3,"Yes",,"17000"
"13-52-22-69","Refrigerator","1",0,"Yes",,"4800"
"13-52-22-69","Television","1",1,"Yes",,"800"
"13-52-22-69","Living room furniture set","5",5,"Yes",,"6000"
"13-52-22-69","Plastic chairs","6",10,,,"100"
"13-52-22-69","Plough","1",1,"Yes",,"2000"
"39-17-92-41","Simple Mobile Phone","2",7,"Yes",,"50"
"39-17-92-41","Bicycle","1",1,"Yes",,"2400"
"39-17-92-41","Building","2",3,"Yes",,"3000"
"39-17-92-41","Plastic chairs","6",14,"Yes",,"50"
"33-45-72-89","Simple Mobile Phone","3",2,"Yes",,"200"
"33-45-72-89","Bicycle","1",1,"Yes",,"2000"
"33-45-72-89","Electric Stove","1",1,"Yes",,"5000"
"33-45-72-89","Refrigerator","1",1,"Yes",,"3000"
"33-45-72-89","Radio","1",1,"Yes",,"1500"
"33-45-72-89","Television","1",1,"Yes",,"1000"
"33-45-72-89","Living room furniture set","1",1,"Yes",,"10000"
"33-45-72-89","Plastic chairs","8",5,"Yes",,"300"
"33-45-72-89","Wheelbarrow","1",1,"Yes",,"500"
"33-45-72-89","Solar panel","1",1,"Yes",,"800"
"31-31-05-64","Simple Mobile Phone","2",2,"Yes",,"150"
"31-31-05-64","Building","3",3,"Yes",,"7000"
"31-31-05-64","Radio","1",1,"Yes",,"2500"
"31-31-05-64","Plastic chairs","4",4,"Yes",,"50"
"86-99-45-42","Simple Mobile Phone","1",1,"Yes",,"100"
"86-99-45-42","Building","4",4,"Yes",,"10000"
"86-99-45-42","Electric Stove","2",0,"Yes",,"500"
"86-99-45-42","Freezer","1",0,"Yes",,"7000"
"86-99-45-42","Radio","1",1,"Yes",,"500"
"86-99-45-42","Plastic chairs","8",4,"Yes",,"300"
"86-99-45-42","Plough","1",1,"Yes",,"1000"
"56-98-53-98","Simple Mobile Phone","2",2,"Yes",,"150"
"56-98-53-98","Bicycle","1",1,"Yes",,"1500"
"56-98-53-98","Building","2",1,"Yes",,"5000"
"56-98-53-98","Plastic chairs","5",15,"Yes",,"100"
"56-36-96-19","Simple Mobile Phone","3",3,"Yes",,"150"
"56-36-96-19","Building","2",2,"Yes",,"700"
"56-36-96-19","Plastic chairs","2",4,"Yes",,"50"
"56-36-96-19","Solar panel","3",1,"Yes",,"100"
"50-58-13-59","Simple Mobile Phone","1",1,"Yes",,"150"
"50-58-13-59","Plastic chairs","8",14,"Yes",,"50"
"96-16-19-85","Simple Mobile Phone","2",2,"Yes",,"250"
"96-16-19-85","Building","1",1,"Yes",,"7000"
"96-16-19-85","Radio","1",1,"Yes",,"100"
"96-16-19-85","Plastic chairs","4",8,"Yes",,"50"
"96-16-19-85","Plough","1",1,"Yes",,"1600"
"64-96-31-31","Simple Mobile Phone","4",2,"Yes",,"100"
"64-96-31-31","Building","4",6,"Yes",,"5000"
"64-96-31-31","Radio","2",1,"Yes",,"50"
"64-96-31-31","Living room furniture set","1",1,"Yes",,"10000"
"64-96-31-31","Plastic chairs","12",8,"Yes",,"50"
"64-96-31-31","Plough","1",2,"Yes",,"900"
"64-96-31-31","Wheelbarrow","1",0,"Yes",,"150"
"64-96-31-31","Solar panel","1",1,"Yes",,"10000"
"12-39-25-67","Simple Mobile Phone","1",1,"Yes",,"100"
"12-39-25-67","Building","3",2,"Yes",,"10000"
"12-39-25-67","Plastic chairs","8",8,"Yes",,"30"
"94-38-82-64","Simple Mobile Phone","1",1,"Yes",,"200"
"94-38-82-64","Building","1",1,"Yes",,"4000"
"32-40-73-26","Building","2",2,"Yes",,"5000"
"32-40-73-26","Gas or Paraffin Stove","1",1,"Yes",,"1000"
"32-40-73-26","Refrigerator","1",1,"Yes",,"6000"
"32-40-73-26","Plastic chairs","6",10,"Yes",,"100"
"32-40-73-26","Plough","1",1,"Yes",,"1500"
"32-40-73-26","Solar panel","1",1,"Yes",,"200"
"27-85-21-15","Simple Mobile Phone","1",1,,,"70"
"27-85-21-15","Smart Phone","1",2,,,"1500"
"31-68-89-01","Simple Mobile Phone","2",2,"Yes",,"150"
"31-68-89-01","Smart Phone","1",2,,,"2500"
"31-68-89-01","Building","2",1,"Yes",,"4000"
"31-68-89-01","Living room furniture set","1",0,"Yes",,"5000"
"72-31-90-61","Simple Mobile Phone","3",3,"Yes",,"150"
"72-31-90-61","Radio","1",1,,,"500"
"72-31-90-61","Plastic chairs","8",5,"Yes",,"40"
"80-54-37-07","Simple Mobile Phone","3",3,"Yes",,"150"
"80-54-37-07","Building","5",5,"Yes",,"15000"
"80-54-37-07","Radio","1",1,"Yes",,"250"
"80-54-37-07","Plastic chairs","6",8,"Yes",,"50"
"36-19-32-95","Simple Mobile Phone","1",0,"Yes",,"100"
"36-19-32-95","Smart Phone","2",0,,,"1500"
"36-19-32-95","Building","3",3,"Yes",,"20000"
"36-19-32-95","Electric Stove","1",1,"Yes",,"1500"
"36-19-32-95","Microwave","1",0,"Yes",,"1500"
"36-19-32-95","Refrigerator","1",1,"Yes",,"3500"
"36-19-32-95","Radio","1",1,"Yes",,"2000"
"36-19-32-95","Television","1",1,"Yes",,"5000"
"36-19-32-95","Computer- laptop or desktop","1",1,,,"4500"
"36-19-32-95","Living room furniture set","1",1,"Yes",,"17000"
"36-19-32-95","Plastic chairs","6",0,"Yes",,"80"
"36-19-32-95","Plough","1",1,"Yes",,"1200"
"75-71-40-40","Smart Phone","1",1,"Yes",,"1500"
"75-71-40-40","Plastic chairs","4",4,"Yes",,"60"
"37-54-02-07","Simple Mobile Phone","2",2,"Yes",,"1000"
"37-54-02-07","Motor vehicle","1",1,"Yes",,"150000"
"37-54-02-07","Building","2",2,"Yes",,"25000"
"37-54-02-07","Refrigerator","1",3,"Yes",,"28000"
"37-54-02-07","Plastic chairs","5",6,"Yes",,"50"
"60-74-79-59","Simple Mobile Phone","1",1,"Yes",,"200"
"60-74-79-59","Smart Phone","1",1,,,"500"
"60-74-79-59","Motor vehicle","1",1,"Yes",,"40000"
"60-74-79-59","Building","2",2,"Yes",,"10000"
"60-74-79-59","Refrigerator","1",1,"Yes",,"2000"
"60-74-79-59","Television","1",1,"Yes",,"5000"
"60-74-79-59","Living room furniture set","1",1,"Yes",,"8000"
"60-74-79-59","Plastic chairs","8",6,"Yes",,"50"
"60-74-79-59","Plough","1",1,"Yes",,"300"
"96-89-11-69","Simple Mobile Phone","1",2,"Yes",,"200"
"96-89-11-69","Building","3",3,"Yes",,"300"
"44-81-28-86","Simple Mobile Phone","2",3,"Yes",,"100"
"44-81-28-86","Smart Phone","1",1,,,"500"
"44-81-28-86","Building","1",1,"Yes",,"4000"
"44-81-28-86","Plastic chairs","4",4,"Yes",,"50"
"44-81-28-86","Wheelbarrow","1",1,"Yes",,"100"
"33-26-68-81","Simple Mobile Phone","2",4,"Yes",,"150"
"33-26-68-81","Building","3",1,"Yes",,"6000"
"33-26-68-81","Plastic chairs","4",4,"Yes",,"50"
"12-27-31-91","Simple Mobile Phone","1",0,"Yes",,"100"
"12-27-31-91","Bicycle","1",0,"Yes",,"800"
"12-27-31-91","Building","2",2,"Yes",,"1000"
"12-27-31-91","Plastic chairs","5",3,"Yes",,"50"
"44-39-19-46","Simple Mobile Phone","2",2,"Yes",,"150"
"44-39-19-46","Smart Phone","4",4,,,"1500"
"44-39-19-46","Building","1",1,"Yes",,"5000"
"44-39-19-46","Plastic chairs","5",8,"Yes",,"50"
"19-73-20-43","Simple Mobile Phone","1",1,"Yes",,"150"
"19-73-20-43","Smart Phone","1",2,,,"1800"
"19-73-20-43","Motor vehicle","1",2,,,"80000"
"19-73-20-43","Electric Stove","1",2,"Yes",,"3500"
"19-73-20-43","Refrigerator","1",4,,,"5000"
"19-73-20-43","Radio","3",3,"Yes",,"500"
"19-73-20-43","Television","1",2,"Yes",,"2000"
"19-73-20-43","Living room furniture set","2",2,"Yes",,"5000"
"19-73-20-43","Plastic chairs","5",12,"Yes",,"80"
"19-73-20-43","Plough","4",4,"Yes",,"1000"
"19-73-20-43","Wheelbarrow","1",1,,,"300"
"86-42-35-25","Simple Mobile Phone","3",2,"Yes",,"200"
"86-42-35-25","Gas or Paraffin Stove","2",3,"Yes",,"600"
"86-42-35-25","Radio","1",2,"Yes",,"250"
"86-42-35-25","Plastic chairs","7",12,"Yes",,"100"
"21-53-70-02","Simple Mobile Phone","2",2,"Yes",,"300"
"21-53-70-02","Bicycle","1",1,"Yes",,"800"
"21-53-70-02","Building","2",2,"Yes",,"2500"
"21-53-70-02","Radio","1",1,"Yes",,"350"
"21-53-70-02","Plastic chairs","4",4,"Yes",,"70"
"21-53-70-02","Solar panel","2",2,"Yes",,"150"
"36-25-22-73","Building","3",3,"Yes",,"5000"
"36-25-22-73","Plastic chairs","4",2,"Yes",,"30"
"61-61-32-11","Simple Mobile Phone","1",3,"Yes",,"120"
"61-61-32-11","Building","4",2,"Yes",,"6000"
"61-61-32-11","Living room furniture set","1",1,"Yes",,"4000"
"61-61-32-11","Plastic chairs","3",8,"Yes",,"30"
"57-36-34-63","Building","1",1,"Yes",,"5000"
"57-36-34-63","Plough","1",1,"Yes",,"3000"
"53-72-73-00","Building","2",2,"Yes",,"1000"
"53-72-73-00","Radio","1",1,"Yes",,"70"
"33-70-72-42","Simple Mobile Phone","1",1,"Yes",,"150"
"33-70-72-42","Smart Phone","1",1,,,"600"
"33-70-72-42","Bicycle","1",1,"Yes",,"700"
"33-70-72-42","Plastic chairs","3",3,"Yes",,"50"
"52-18-64-85","Simple Mobile Phone","2",2,"Yes",,"200"
"52-18-64-85","Building","2",1,"Yes",,"4000"
"52-18-64-85","Radio","1",1,"Yes",,"150"
"52-18-64-85","Solar panel","1",1,"Yes",,"100"
"42-07-25-32","Simple Mobile Phone","2",1,"Yes",,"100"
"42-07-25-32","Smart Phone","1",0,"Yes",,"500"
"42-07-25-32","Refrigerator","1",1,"Yes",,"2000"
"42-07-25-32","Radio","1",1,"Yes",,"I don't know"
"42-07-25-32","Television","1",1,"Yes",,"I don't know"
"42-07-25-32","Living room furniture set","1",1,"Yes",,"I don't know"
"42-07-25-32","Plastic chairs","3",4,"Yes",,"70"
"42-07-25-32","Plough","1",1,"Yes",,"1800"
"39-53-01-83","Simple Mobile Phone","2",4,"Yes",,"200"
"39-53-01-83","Smart Phone","1",3,,,"1500"
"39-53-01-83","Building","3",3,"Yes",,"7000"
"39-53-01-83","Electric Stove","1",1,,,"3000"
"39-53-01-83","Refrigerator","1",1,"Yes",,"3000"
"39-53-01-83","Radio","1",1,"Yes",,"5000"
"39-53-01-83","Television","1",1,,,"2500"
"39-53-01-83","Living room furniture set","3",3,,,"4000"
"39-53-01-83","Plastic chairs","6",12,,,"50"
"39-53-01-83","Plough","1",1,"Yes",,"500"
"39-53-01-83","Wheelbarrow","1",2,"Yes",,"300"
"33-51-31-80","Simple Mobile Phone","1",1,"Yes",,"20"
"33-51-31-80","Building","2",1,"Yes",,"5000"
"33-51-31-80","Plastic chairs","4",2,"Yes",,"60"
"94-39-43-68","Simple Mobile Phone","1",1,,,"200"
"94-39-43-68","Smart Phone","1",1,"Yes",,"700"
"94-39-43-68","Building","2",2,"Yes",,"4000"
"94-39-43-68","Radio","1",1,"Yes",,"700"
"94-39-43-68","Plastic chairs","4",4,"Yes",,"70"
"94-39-43-68","Plough","1",1,"Yes",,"200"
"94-39-43-68","Solar panel","2",2,"Yes",,"1000"
"03-54-18-25","Simple Mobile Phone","2",2,"Yes",,"150"
"03-54-18-25","Building","2",2,"Yes",,"6000"
"03-54-18-25","Radio","1",1,"Yes",,"300"
"03-54-18-25","Plastic chairs","4",6,"Yes",,"50"
"27-58-94-59","Simple Mobile Phone","1",2,"Yes",,"50"
"27-58-94-59","Smart Phone","1",0,,,"200"
"27-58-94-59","Building","3",2,"Yes",,"25000"
"27-58-94-59","Plastic chairs","6",12,"Yes",,"50"
"33-86-19-67","Simple Mobile Phone","1",4,"Yes",,"230"
"33-86-19-67","Building","2",3,"Yes",,"4000"
"33-86-19-67","Plastic chairs","3",6,"Yes",,"150"
"33-86-19-67","Boats","1",1,"Yes",,"400"
"09-53-75-86","Simple Mobile Phone","2",2,"Yes",,"200"
"09-53-75-86","Building","3",3,"Yes",,"6000"
"09-53-75-86","Plastic chairs","4",4,"Yes",,"40"
"85-34-92-87","Simple Mobile Phone","3",3,"Yes",,"300"
"85-34-92-87","Building","3",3,"Yes",,"5000"
"85-34-92-87","Plastic chairs","4",6,"Yes",,"70"
"85-34-92-87","Plough","1",1,"Yes",,"3000"
"85-34-92-87","Boats","3",3,"Yes",,"5000"
"75-94-09-47","Simple Mobile Phone","2",3,,,"100"
"75-94-09-47","Smart Phone","1",2,"Yes",,"1200"
"75-94-09-47","Building","1",3,"Yes",,"2e+05"
"75-94-09-47","Electric Stove","1",1,"Yes",,"5000"
"75-94-09-47","Refrigerator","1",1,"Yes",,"7000"
"75-94-09-47","Living room furniture set","1",1,"Yes",,"2000"
"75-94-09-47","Plastic chairs","6",10,"Yes",,"50"
"84-71-43-61","Simple Mobile Phone","1",1,"Yes",,"50"
"84-71-43-61","Smart Phone","1",0,,,"1000"
"84-71-43-61","Building","2",2,"Yes",,"1000"
"84-71-43-61","Plastic chairs","4",2,,,"50"
"07-42-93-10","Simple Mobile Phone","2",6,"Yes",,"150"
"07-42-93-10","Bicycle","1",2,"Yes",,"300"
"07-42-93-10","Building","2",2,"Yes",,"7000"
"07-42-93-10","Living room furniture set","1",1,"Yes",,"4000"
"07-42-93-10","Plastic chairs","6",6,"Yes",,"39"
"07-42-93-10","Plough","1",1,"Yes",,"300"
"07-42-93-10","Boats","2",2,"Yes",,"2000"
"06-11-12-17","Simple Mobile Phone","2",2,"Yes",,"100"
"06-11-12-17","Refrigerator","1",1,,,"1500"
"06-11-12-17","Radio","1",1,,,"200"
"06-11-12-17","Television","1",1,,,"1000"
"06-11-12-17","Plastic chairs","6",8,,,"60"
"06-11-12-17","Plough","1",2,"Yes",,"500"
"15-55-21-38","Simple Mobile Phone","2",1,"Yes",,"200"
"15-55-21-38","Building","4",4,"Yes",,"3000"
"15-55-21-38","Radio","2",2,"Yes",,"4000"
"15-55-21-38","Television","2",1,"Yes",,"5000"
"15-55-21-38","Living room furniture set","1",1,"Yes",,"7000"
"15-55-21-38","Plastic chairs","6",14,"Yes",,"200"
"15-55-21-38","Plough","1",1,"Yes",,"5000"
"15-55-21-38","Electric generator","1",1,"Yes",,"2500"
"61-89-87-62","Simple Mobile Phone","2",0,"Yes",,"300"
"61-89-87-62","Building","3",3,"Yes",,"3000"
"61-89-87-62","Radio","1",0,"Yes",,"3000"
"61-89-87-62","Plastic chairs","6",4,"Yes",,"160"
"05-53-30-00","Simple Mobile Phone","2",2,"Yes",,"100"
"05-53-30-00","Smart Phone","1",2,"Yes",,"600"
"05-53-30-00","Radio","1",1,"Yes",,"900"
"05-53-30-00","Plastic chairs","5",8,"Yes",,"40"
"00-18-71-95","Simple Mobile Phone","2",2,"Yes",,"150"
"00-18-71-95","Radio","1",1,"Yes",,"250"
"00-18-71-95","Plastic chairs","6",6,"Yes",,"60"
"00-18-71-95","Plough","1",1,"Yes",,"1500"
"93-03-74-23","Simple Mobile Phone","2",2,"Yes",,"150"
"93-03-74-23","Building","3",3,"Yes",,"500"
"93-03-74-23","Plastic chairs","2",2,"Yes",,"30"
"93-03-74-23","Solar panel","1",1,"Yes",,"200"
"98-02-00-97","Smart Phone","2",1,"Yes",,"3500"
"98-02-00-97","Building","1",1,"Yes",,"10000"
"98-02-00-97","Electric Stove","1",2,"Yes",,"10000"
"98-02-00-97","Freezer","2",1,"Yes",,"3000"
"98-02-00-97","Radio","1",1,"Yes",,"7000"
"98-02-00-97","Television","2",2,"Yes",,"3200"
"98-02-00-97","Living room furniture set","1",1,"Yes",,"5000"
"98-02-00-97","Plastic chairs","3",7,"Yes",,"50"
"39-55-54-03","Simple Mobile Phone","2",2,"Yes",,"150"
"39-55-54-03","Building","3",2,"Yes",,"5600"
"39-55-54-03","Freezer","1",1,"Yes",,"4500"
"39-55-54-03","Radio","1",1,"Yes",,"1500"
"39-55-54-03","Plastic chairs","7",16,"Yes",,"50"
"55-64-77-57","Simple Mobile Phone","2",2,"Yes",,"I don't know"
"55-64-77-57","Bicycle","2",1,,,"I don't know"
"55-64-77-57","Building","2",2,"Yes",,"I don't know"
"55-64-77-57","Freezer","1",1,"Yes",,"I don't know"
"55-64-77-57","Radio","1",1,"Yes",,"100"
"55-64-77-57","Television","1",1,"Yes",,"I don't know"
"55-64-77-57","Living room furniture set","1",1,"Yes",,"I don't know"
"55-64-77-57","Plastic chairs","9",4,"Yes",,"130"
"55-64-77-57","Solar panel","2",2,"Yes",,"2000"
"12-97-85-94","Simple Mobile Phone","1",1,,,"100"
"12-97-85-94","Smart Phone","1",1,"Yes",,"600"
"12-97-85-94","Building","3",3,"Yes",,"2000"
"12-97-85-94","Radio","1",1,"Yes",,"1000"
"12-97-85-94","Television","1",1,"Yes",,"1000"
"12-97-85-94","Plastic chairs","4",4,"Yes",,"50"
"12-97-85-94","Plough","1",1,"Yes",,"800"
"12-97-85-94","Boats","1",1,"Yes",,"30000"
"12-97-85-94","Solar panel","2",1,"Yes",,"2000"
"12-97-85-94","Electric generator","1",1,"Yes",,"1500"
"85-58-05-93","Simple Mobile Phone","1",2,,,"100"
"85-58-05-93","Bicycle","1",0,"Yes",,"800"
"85-58-05-93","Building","3",3,"Yes",,"500"
"85-58-05-93","Radio","1",1,"Yes",,"250"
"85-58-05-93","Plastic chairs","4",4,"Yes",,"50"
"36-06-01-35","Simple Mobile Phone","4",2,"Yes",,"160"
"36-06-01-35","Building","3",3,"Yes",,"15000"
"36-06-01-35","Living room furniture set","4",0,"Yes",,"7500"
"36-06-01-35","Plastic chairs","8",4,"Yes",,"80"
"36-06-01-35","Plough","1",1,"Yes",,"1600"
"36-06-01-35","Diesel / Hand pumps","1",0,"Yes",,"5000"
"11-36-65-74","Simple Mobile Phone","1",1,"Yes",,"60"
"11-36-65-74","Building","2",1,"Yes",,"1500"
"11-36-65-74","Plastic chairs","7",4,"Yes",,"100"
"87-74-62-05","Simple Mobile Phone","1",3,"Yes",,"200"
"87-74-62-05","Freezer","1",1,"Yes",,"500"
"87-74-62-05","Plastic chairs","10",18,"Yes",,"70"
"74-09-83-15","Smart Phone","2",2,"Yes",,"500"
"74-09-83-15","Motor vehicle","2",2,"Yes",,"120000"
"74-09-83-15","Building","1",0,"Yes",,"450000"
"74-09-83-15","Gas or Paraffin Stove","1",1,"Yes",,"3000"
"74-09-83-15","Refrigerator","1",1,"Yes",,"12000"
"74-09-83-15","Freezer","1",1,"Yes",,"2500"
"74-09-83-15","Radio","1",1,"Yes",,"300"
"74-09-83-15","Television","1",0,"Yes",,"7500"
"74-09-83-15","Computer- laptop or desktop","1",1,"Yes",,"1900"
"74-09-83-15","Living room furniture set","1",1,"Yes",,"15000"
"74-09-83-15","Plastic chairs","8",8,"Yes",,"30"
"74-09-83-15","Plough","2",1,"Yes",,"7800"
"74-09-83-15","Wheelbarrow","2",2,"Yes",,"80"
"74-09-83-15","Farm tractor / machinery","1",1,"Yes",,"38000"
"74-09-83-15","Solar panel","2",0,"Yes",,"10000"
"74-09-83-15","Electric generator","1",1,"Yes",,"13000"
"99-86-29-88","Simple Mobile Phone","1",3,"Yes",,"70"
"99-86-29-88","Smart Phone","1",2,"Yes",,"500"
"99-86-29-88","Motor vehicle","1",1,"Yes",,"45000"
"99-86-29-88","Building","4",4,"Yes",,"14000"
"99-86-29-88","Freezer","2",2,"Yes",,"3000"
"99-86-29-88","Radio","1",1,,,"2000"
"99-86-29-88","Television","1",1,"Yes",,"2000"
"99-86-29-88","Plastic chairs","4",8,"Yes",,"40"
"99-86-29-88","Plough","1",1,"Yes",,"1000"
"99-86-29-88","Wheelbarrow","1",1,"Yes",,"50"
"99-86-29-88","Solar panel","2",2,"Yes",,"5000"
"10-97-13-34","Simple Mobile Phone","3",3,"Yes",,"200"
"10-97-13-34","Bicycle","1",1,"Yes",,"1500"
"10-97-13-34","Building","3",3,"Yes",,"17000"
"10-97-13-34","Gas or Paraffin Stove","2",1,"Yes",,"2000"
"10-97-13-34","Refrigerator","2",1,"Yes",,"4000"
"10-97-13-34","Radio","2",1,"Yes",,"1500"
"10-97-13-34","Television","2",1,"Yes",,"1000"
"10-97-13-34","Living room furniture set","1",1,"Yes",,"10000"
"10-97-13-34","Plastic chairs","8",8,"Yes",,"50"
"10-97-13-34","Plough","2",1,"Yes",,"800"
"10-97-13-34","Boats","1",0,"Yes",,"25000"
"10-97-13-34","Solar panel","4",2,"Yes",,"1500"
"10-97-13-34","Electric generator","1",0,"Yes",,"5000"
"53-72-96-12","Simple Mobile Phone","2",1,"Yes",,"200"
"53-72-96-12","Radio","1",0,"Yes",,"250"
"53-72-96-12","Plastic chairs","4",2,"Yes",,"60"
"53-72-96-12","Plough","1",1,"Yes",,"800"
"22-21-62-20","Smart Phone","1",0,,,"4000"
"22-21-62-20","Building","1",1,,,"10000"
"22-21-62-20","Plastic chairs","5",2,,,"60"
"22-21-62-20","Plough","1",1,"Yes",,"1000"
"64-31-79-16","Building","2",1,"Yes",,"1000"
"64-31-79-16","Plastic chairs","2",6,"Yes",,"50"
"01-18-26-42","Simple Mobile Phone","1",1,"Yes",,"400"
"01-18-26-42","Building","1",1,"Yes",,"4000"
"01-18-26-42","Radio","1",0,"Yes",,"350"
"01-18-26-42","Plastic chairs","2",2,"Yes",,"100"
"82-55-52-94","Building","1",1,"Yes",,"Refused to answer"
"82-55-52-94","Plastic chairs","1",2,"Yes",,"Refused to answer"
"19-07-40-38","Simple Mobile Phone","1",1,"Yes",,"150"
"19-07-40-38","Plastic chairs","3",4,"Yes",,"I don't know"
"19-07-40-38","Plough","2",2,"Yes",,"I don't know"
"65-17-55-88","Simple Mobile Phone","1",0,"Yes",,"200"
"65-17-55-88","Smart Phone","1",0,"Yes",,"1500"
"65-17-55-88","Building","4",1,"Yes",,"3000"
"65-17-55-88","Refrigerator","1",0,"Yes",,"5000"
"65-17-55-88","Television","1",1,"Yes",,"2000"
"65-17-55-88","Plastic chairs","4",8,"Yes",,"75"
"65-17-55-88","Plough","1",1,"Yes",,"1500"
"71-44-93-64","Simple Mobile Phone","2",0,"Yes",,"150"
"71-44-93-64","Bicycle","1",0,"Yes",,"300"
"71-44-93-64","Building","2",1,"Yes",,"900"
"71-44-93-64","Radio","1",0,"Yes",,"1000"
"71-44-93-64","Plastic chairs","6",0,"Yes",,"85"
"71-44-93-64","Plough","1",1,"Yes",,"1300"
"71-44-93-64","Wheelbarrow","1",1,"Yes",,"230"
"71-44-93-64","Solar panel","2",0,"Yes",,"700"
"34-19-14-62","Smart Phone","1",1,"Yes",,"1000"
"22-51-06-37","Building","2",2,"Yes",,"8000"
"27-70-53-20","Simple Mobile Phone","1",1,"Yes",,"150"
"27-70-53-20","Building","1",1,"Yes",,"9000"
"27-70-53-20","Plastic chairs","5",6,"Yes",,"50"
"98-81-19-82","Simple Mobile Phone","1",0,"Yes",,"100"
"98-81-19-82","Building","4",4,"Yes",,"15000"
"98-81-19-82","Radio","1",1,"Yes",,"150"
"98-81-19-82","Plastic chairs","6",6,"Yes",,"100"
"39-67-03-82","Smart Phone","1",1,"Yes",,"700"
"39-67-03-82","Building","3",3,"Yes",,"30000"
"39-67-03-82","Plastic chairs","5",10,"Yes",,"50"
"46-14-07-81","Simple Mobile Phone","3",3,"Yes",,"150"
"46-14-07-81","Smart Phone","5",5,"Yes",,"1500"
"46-14-07-81","Bicycle","1",1,,,"600"
"46-14-07-81","Building","2",2,"Yes",,"4000"
"46-14-07-81","Refrigerator","2",2,"Yes",,"10000"
"46-14-07-81","Radio","2",2,"Yes",,"15000"
"46-14-07-81","Television","1",1,"Yes",,"6000"
"46-14-07-81","Computer- laptop or desktop","2",2,"Yes",,"2500"
"46-14-07-81","Living room furniture set","2",2,"Yes",,"5000"
"46-14-07-81","Plastic chairs","3",3,"Yes",,"60"
"46-14-07-81","Boats","2",2,"Yes",,"500"
"46-14-07-81","Solar panel","2",2,"Yes",,"2500"
"46-14-07-81","Battery bank","2",2,"Yes",,"2000"
