interview__key,lnd_mes,lnd_mes_1,lnd01,lnd02,lnd03,lnd04,lnd08,lnd09,lnd06,lnd_ten01,lnd_ten02,lnd_ten03,lnd_ten04,lnd_ten08,lnd_ten09,lnd_ten06,lnd_07,lnd_08,lnd_08_1,lnd_09,lnd_09_1,lnd_10,lnd_11,lnd_12,lnd_13__1,lnd_13__2,lnd_13__3,lnd_13__4,lnd_13__5,lnd_13__6,lnd_13__7,lnd_13__8,lnd_13__9,lnd_13__10,lnd_13__96,lnd_13_oth,f01,f03,f04__1,f04__2,f04__3,f04__96,f04_1,f05,lnd_14,lnd_15,lnd_16,lnd_17,lnd_18,lnd_18_oth,num_plots,more_plot,more_plot_explain
"77-20-39-35","Hectares","",1,1,3,10,1,0,0,"Private owned with land title","Private owned with land title","Communally owned","Communally owned","Communally owned",,,"Yes","Other individuals","","Neighbours","","Yes","Very unlikely","Yes","No","No","No","No","No","No","No","No","Yes","No","No",,"Yes",2,"Yes","No","No","No",,4,"Slight decrease","Massive decrease","No",,,"",1,"Yes","To increase the harvest that I get every year."
"71-78-53-70","Hectares","",0,0,0,0,.3,0,0,,,,,"Private owned with land title",,,"No",,"",,"",,"Very unlikely","No",,,,,,,,,,,,,"No",,,,,,,1,"Massive decrease","Massive decrease","No",,,"",0,"No","Business development"
"46-91-82-56","Hectares","",4,0,0,0,1,0,0,"Communally owned",,,,"Co-share/ co-farming",,,"No",,"",,"",,"Very unlikely","Yes","No","Yes","No","No","No","No","Yes","No","No","No","No",,"No",,,,,,,20,"The same","The same","No",,,"",2,"No","too old"
"20-85-85-47","Hectares","",0,0,0,0,.5,0,0,,,,,"Communally owned",,,"Yes","Within family","","Village headman / chairperson","","No","Very likely","No",,,,,,,,,,,,,"No",,,,,,,0,"Massive decrease","Massive decrease","No",,,"",0,"No","lost hope since she is not working no money"
"34-53-75-33","Hectares","",0,0,0,0,.01,0,0,,,,,"Communally owned",,,"No",,"",,"",,"Maybe, maybe not","No",,,,,,,,,,,,,"No",,,,,,,17,"Massive decrease","Massive decrease","No",,,"",0,"No","No money to buy another plot"
"56-13-50-35","Other➡️ Please specify","1 Square Metrers= 0.0001 ha",0,0,600,600,600,0,0,,,"Private owned with land title","Private owned with land title","Private owned with land title",,,"No",,"",,"",,"unlikely","No",,,,,,,,,,,,,"No",,,,,,,10,"Massive decrease","Massive decrease","No",,,"",0,"No","Plot are now very expensive"
"58-38-99-88","Hectares","",0,0,0,0,.5,0,0,,,,,"Communally owned",,,"No",,"",,"",,"Maybe, maybe not","Yes","No","No","No","No","No","No","No","No","Yes","No","No",,"No",,,,,,,35,"Slight decrease","Massive decrease","No",,,"",0,"Yes","For the children"
"81-26-40-75","Hectares","",0,0,0,0,0,0,0,,,,,,,,"No",,"",,"",,"Likely","Yes","No","Yes","No","No","No","No","No","No","No","No","No",,"No",,,,,,,5,"Slight decrease","Slight increase","No",,,"",0,"Yes","to be closer to town"
"39-76-70-00","Hectares","",0,0,0,0,.2,0,0,,,,,"Private owned with land title",,,"No",,"",,"",,"Very unlikely","Yes","No","No","Yes","No","No","No","No","No","No","No","No",,"No",,,,,,,5,"The same","The same","No",,,"",0,"No","she is comfortable with 1 plot where she currently stays now"
"84-11-99-46","Hectares","",0,0,0,0,.1,0,0,,,,,"Private owned with land title",,,"No",,"",,"",,"Maybe, maybe not","No",,,,,,,,,,,,,"No",,,,,,,15,"Slight increase","Slight increase","No",,,"",2,"No","He thinks he has enough"
"07-72-86-35","Hectares","",0,0,0,0,.3,0,0,,,,,"Communally owned",,,"No",,"",,"",,"unlikely","Yes","No","Yes","No","No","No","No","No","No","No","No","No",,"No",,,,,,,10,"Slight decrease","Massive decrease","No",,,"",0,"Yes","for building"
"76-67-31-58","Hectares","",0,0,0,0,.1,0,0,,,,,"Private owned with land title",,,"No",,"",,"",,"Very likely","No",,,,,,,,,,,,,"No",,,,,,,5,"Slight increase","Slight increase","No",,,"",0,"No","Because I have kids so that they also use or stay on in future"
"37-57-47-28","Hectares","",3,0,0,0,.5,0,0,"Communally owned",,,,"Leased/rented",,,"No",,"",,"",,"Maybe, maybe not","No",,,,,,,,,,,,,"No",,,,,,,20,"Slight decrease","Massive decrease","No",,,"",1,"Yes","for our kids"
"01-40-66-32","Hectares","",0,0,0,0,.25,0,0,,,,,"Private owned with land title",,,"Yes","Other individuals","","Tried to sort out ourselves","","Yes","unlikely","No",,,,,,,,,,,,,"No",,,,,,,3,"Massive decrease","Massive decrease","No",,,"",0,"No","No money for owning a plot"
"13-26-58-11","Hectares","",0,0,0,0,4,0,0,,,,,"Private owned with land title",,,"No",,"",,"",,"Very likely","No",,,,,,,,,,,,,"No",,,,,,,0,"Massive decrease","Massive decrease","No",,,"",0,"No","plots are expensive nowadays and I don't have money."
"53-48-83-71","Hectares","",0,0,0,0,.5,0,0,,,,,"Communally owned",,,"No",,"",,"",,"Maybe, maybe not","No",,,,,,,,,,,,,"No",,,,,,,30,"Massive decrease","Massive decrease","No",,,"",0,"No","no money"
"27-13-62-90","Hectares","",0,0,0,0,.1,0,0,,,,,"Private owned with land title",,,"Yes","Within family","","Nowhere","","No","Very likely","No",,,,,,,,,,,,,"No",,,,,,,4,"Slight decrease","Massive decrease","No",,,"",0,"Yes","the plot I'm living now is very small."
"85-22-01-46","Hectares","",0,0,0,0,.7,0,0,,,,,"Communally owned",,,"Yes","Other➡️ Please specify","traditional authority","Village headman / chairperson","","Yes","Very likely","No",,,,,,,,,,,,,"No",,,,,,,7,"Massive decrease","Massive decrease","No",,,"",0,"No","have no money to buy another plot"
"69-98-12-23","Hectares","",0,0,0,0,.2,0,0,,,,,"Leased/rented",,,"No",,"",,"",,"Very unlikely","Yes","No","Yes","Yes","No","No","No","No","No","No","No","No",,"No",,,,,,,14,"The same","Massive decrease","No",,,"",0,"No","no money to buy"
"13-16-89-71","Hectares","",.3,0,0,0,.1,0,0,"Private owned with land title",,,,"Private owned with land title",,,"No",,"",,"",,"Likely","Yes","No","Yes","Yes","Yes","No","No","No","No","No","No","No",,"Yes",1,"Yes","No","No","No",,30,"The same","The same","No",,,"",0,"No","already have a big plot"
"56-66-41-20","Hectares","",.3,0,0,0,0,0,0,"Don’t know",,,,,,,"No",,"",,"",,"Very likely","Yes","No","Yes","Yes","No","No","No","No","No","No","No","No",,"No",,,,,,,8,"The same","The same","No",,,"",0,"No","The village is now overpopulated so they won't be any chance to get another plot"
"81-47-86-65","Hectares","",0,0,0,0,.01,0,0,,,,,"Communally owned",,,"No",,"",,"",,"Very unlikely","No",,,,,,,,,,,,,"No",,,,,,,7,"Massive decrease","Massive decrease","No",,,"",0,"Yes","Future kids"
"93-67-97-18","Hectares","",4,3,0,0,1,0,0,"Private owned with land title","Private owned with land title",,,"Private owned with land title",,,"Yes","Other individuals","","Village headman / chairperson","","Yes","Likely","Yes","No","No","Yes","No","No","No","No","No","No","No","No",,"Yes",4,"Yes","No","No","No",,4,"Slight decrease","Massive decrease","No",,,"",1,"No","For my children"
"38-26-42-37","Hectares","",0,0,0,0,1,0,0,,,,,"Private owned with no land title",,,"No",,"",,"",,"unlikely","Yes","No","Yes","No","No","No","No","No","No","No","No","No",,"No",,,,,,,3,"Slight decrease","Massive decrease","No",,,"",0,"No","cannot afford another one"
"05-99-34-61","Hectares","",2,0,0,0,.5,0,0,"Private owned with land title",,,,"Private owned with land title",,,"No",,"",,"",,"unlikely","Yes","No","Yes","No","No","No","No","No","No","No","No","No",,"No",,,,,,,0,"Massive decrease","Massive decrease","No",,,"",1,"Yes","For my children"
"82-77-34-88","Hectares","",0,0,0,0,1,0,0,,,,,"Private owned with land title",,,"No",,"",,"",,"Likely","Yes","No","Yes","No","No","No","No","No","No","No","No","No",,"No",,,,,,,2,"Massive decrease","Massive decrease","No",,,"",0,"No","have enough"
"58-42-23-81","Hectares","",0,0,0,0,1,0,0,,,,,"Private owned with land title",,,"No",,"",,"",,"Very unlikely","Yes","No","Yes","No","No","No","No","Yes","No","No","No","No",,"No",,,,,,,1,"Slight decrease","Massive decrease","No",,,"",0,"No","no money"
"41-08-83-81","Hectares","",0,0,0,0,1,0,0,,,,,"Private owned with land title",,,"No",,"",,"",,"Very unlikely","Yes","No","Yes","No","No","No","No","No","No","No","No","No",,"Yes",.01,"No","No","No","Yes",,13,"Massive decrease","Massive decrease","No",,,"",0,"Yes","to build houses for rent"
"37-72-45-16","Hectares","",3,0,0,0,1,0,0,"Communally owned",,,,"Communally owned",,,"No",,"",,"",,"Maybe, maybe not","No",,,,,,,,,,,,,"No",,,,,,,1,"Massive decrease","Massive decrease","No",,,"",0,"Yes","A plot in town"
"86-82-46-77","Hectares","",0,0,0,0,.2,0,0,,,,,"Private owned with land title",,,"No",,"",,"",,"unlikely","Yes","No","No","Yes","No","No","No","No","No","No","No","No",,"No",,,,,,,7,"Massive increase","Slight decrease","No",,,"",0,"No","The living space is sufficient for the whole family"
"35-59-75-62","Hectares","",0,0,0,0,.1,0,0,,,,,"Private owned with land title",,,"No",,"",,"",,"Very likely","Yes","No","Yes","Yes","No","No","No","Yes","No","No","No","No",,"No",,,,,,,10,"The same","The same","No",,,"",0,"Yes","space is limited to build house"
"31-89-28-30","Hectares","",0,0,0,0,.2,0,0,,,,,"Private owned with land title",,,"No",,"",,"",,"Very unlikely","Yes","No","No","Yes","No","No","No","No","No","No","No","No",,"No",,,,,,,11,"The same","The same","No",,,"",0,"No","she has no money to build anything even if she gets another plot"
"61-82-08-02","Hectares","",0,0,0,0,1,0,0,,,,,"Private owned with land title",,,"No",,"",,"",,"Very unlikely","No",,,,,,,,,,,,,"No",,,,,,,4,"The same","The same","No",,,"",0,"No","Can't afford to buy a new plot"
"67-96-75-77","Hectares","",0,0,0,0,.1,0,0,,,,,"Private owned with land title",,,"No",,"",,"",,"Maybe, maybe not","No",,,,,,,,,,,,,"No",,,,,,,20,"Slight increase","Slight increase","No",,,"",0,"No","No money to buy another land"
"19-03-14-53","Hectares","",0,0,0,0,1,0,0,,,,,"Private owned with land title",,,"No",,"",,"",,"Very unlikely","No",,,,,,,,,,,,,"No",,,,,,,5,"Massive decrease","Massive decrease","No",,,"",0,"No","Difficult to get a plot."
"12-01-31-29","Hectares","",100,0,50,60,.1,0,0,"Private owned with land title",,"Communally owned","Communally owned","Private owned with land title",,,"No",,"",,"",,"unlikely","No",,,,,,,,,,,,,"No",,,,,,,0,"Slight increase","Slight increase","No",,,"",0,"No","I have enough"
"16-72-17-16","Hectares","",.1,0,0,0,.3,0,0,"Private owned with land title",,,,"Private owned with land title",,,"No",,"",,"",,"Very unlikely","Yes","No","No","Yes","No","No","No","No","No","No","No","No",,"No",,,,,,,3,"The same","The same","No",,,"",2,"Yes","Use it for business,for example build rooms for rent."
"38-21-18-12","Other➡️ Please specify","1 Square metre= 0.0001 ha",0,0,0,0,.06,0,0,,,,,"Private owned with land title",,,"Yes","Within family","","Nowhere","","No","Likely","No",,,,,,,,,,,,,"No",,,,,,,1,"Slight decrease","Massive decrease","No",,,"",0,"Yes","They want to move but are lacking funds"
"75-80-02-90","Hectares","",0,0,0,0,1,0,0,,,,,"Private owned with land title",,,"No",,"",,"",,"unlikely","Yes","No","Yes","No","No","No","No","No","No","No","No","No",,"No",,,,,,,7,"Massive decrease","Massive decrease","No",,,"",0,"Yes","to build house since they are alote in 1 house"
"43-41-21-85","Hectares","",0,0,0,0,1,0,0,,,,,"Private owned with no land title",,,"No",,"",,"",,"unlikely","No",,,,,,,,,,,,,"No",,,,,,,8,"Slight decrease","Massive decrease","No",,,"",0,"No","The current one is enough for me"
"66-22-88-29","Hectares","",0,0,0,0,.25,0,0,,,,,"Communally owned",,,"No",,"",,"",,"Very unlikely","No",,,,,,,,,,,,,"No",,,,,,,3,"Massive decrease","Massive decrease","No",,,"",0,"Yes","Residential for children"
"42-66-53-78","Acres","",0,0,0,0,.1,0,0,,,,,"Private owned with land title",,,"No",,"",,"",,"Likely","No",,,,,,,,,,,,,"No",,,,,,,0,"The same","The same","No",,,"",0,"No","I think I have enough and have no money to buy another one"
"19-23-31-06","Hectares","",0,0,0,0,.3,0,0,,,,,"Private owned with land title",,,"No",,"",,"",,"Maybe, maybe not","Yes","No","Yes","Yes","No","No","No","No","No","No","No","No",,"No",,,,,,,4,"The same","The same","No",,,"",0,"Yes","it's a family plot so she wants to get her own."
"62-33-60-14","Hectares","",2,0,0,0,.5,0,0,"Communally owned",,,,"Private owned with land title",,,"No",,"",,"",,"unlikely","Yes","No","Yes","No","No","No","No","No","No","No","No","No",,"Yes",2,"Yes","No","No","No",,7,"Massive decrease","Massive decrease","No",,,"",0,"Yes","population increase kids will want their space also"
"89-36-04-43","Hectares","",0,0,0,0,.25,0,0,,,,,"Private owned with land title",,,"No",,"",,"",,"unlikely","Yes","No","No","Yes","No","No","No","No","No","No","No","No",,"No",,,,,,,8,"Slight decrease","Massive decrease","No",,,"",0,"Yes","The resident wants land but it's very hard to acquire land"
"87-86-68-37","Hectares","",0,0,0,0,.3,0,0,,,,,"Private owned with land title",,,"No",,"",,"",,"Very unlikely","No",,,,,,,,,,,,,"No",,,,,,,10,"The same","The same","No",,,"",0,"Yes","A business plot to generate income for the kids"
"12-94-76-31","Other➡️ Please specify","He does not have a farm",0,0,0,0,0,0,0,,,,,,,,"No",,"",,"",,"Very unlikely","No",,,,,,,,,,,,,"No",,,,,,,0,"The same","The same","No",,,"",0,"Yes","To build rooms for rent in order to generate income"
"25-74-03-84","Hectares","",0,0,0,0,.3,0,0,,,,,"Private owned with no land title",,,"No",,"",,"",,"Very unlikely","No",,,,,,,,,,,,,"No",,,,,,,3,"Massive decrease","Massive decrease","No",,,"",0,"No","I don't have money to pay for a plot."
"98-23-98-25","Hectares","",11,2,0,0,.1,0,0,"Communally owned","Communally owned",,,"Communally owned",,,"No",,"",,"",,"Very unlikely","Yes","No","Yes","No","No","No","No","Yes","No","No","No","No",,"No",,,,,,,20,"The same","The same","No",,,"",4,"No","satisfied"
"01-01-07-49","Hectares","",0,0,0,0,.5,0,0,,,,,"Private owned with no land title",,,"No",,"",,"",,"Very unlikely","No",,,,,,,,,,,,,"No",,,,,,,3,"Slight decrease","Massive decrease","No",,,"",0,"No","no money"
"05-21-83-90","Hectares","",100,0,0,0,1,0,0,"Private owned with land title",,,,"Communally owned",,,"No",,"",,"",,"unlikely","Yes","No","Yes","No","No","No","No","No","No","No","No","No",,"No",,,,,,,5,"Slight decrease","Slight decrease","No",,,"",3,"No","satisfied"
"77-16-48-10","Hectares","",0,0,0,0,1,0,0,,,,,"Private owned with no land title",,,"No",,"",,"",,"Very unlikely","No",,,,,,,,,,,,,"No",,,,,,,1,"Slight decrease","Massive decrease","No",,,"",0,"Yes","To plough and have means of survival."
"75-23-18-05","Hectares","",0,0,0,0,.1,0,0,,,,,"Private owned with land title",,,"No",,"",,"",,"Maybe, maybe not","No",,,,,,,,,,,,,"No",,,,,,,6,"Slight increase","Slight increase","No",,,"",0,"Yes","For farming purposes"
"83-84-60-99","Hectares","",0,0,0,8,.3,0,0,,,,"Communally owned","Communally owned",,,"Yes","Other individuals","","LC Court","","No","Very likely","No",,,,,,,,,,,,,"No",,,,,,,6,"Massive decrease","Massive decrease","No",,,"",0,"Yes","I need more space my kids."
"56-18-51-85","Hectares","",1,0,0,0,1,0,0,"Private owned with no land title",,,,"Private owned with no land title",,,"Yes","Other individuals","","Tried to sort out ourselves","","Yes","unlikely","No",,,,,,,,,,,,,"No",,,,,,,1,"Slight decrease","Massive decrease","No",,,"",1,"No","Old age."
"26-38-66-11","Hectares","",0,0,2,2,.3,0,0,,,"Private owned with no land title","Private owned with no land title","Private owned with no land title",,,"No",,"",,"",,"Very unlikely","No",,,,,,,,,,,,,"No",,,,,,,15,"Massive decrease","Massive decrease","No",,,"",0,"Yes","we want land for farming"
"46-68-27-34","Hectares","",.7,0,0,0,.3,0,0,"Communally owned",,,,"Communally owned",,,"No",,"",,"",,"Likely","No",,,,,,,,,,,,,"No",,,,,,,6,"The same","Slight decrease","No",,,"",1,"No","we have enough"
"78-16-14-09","Hectares","",2,0,0,0,.3,0,0,"Communally owned",,,,"Communally owned",,,"Yes","Within family","","Village headman / chairperson","","Yes","Maybe, maybe not","Yes","No","Yes","Yes","No","No","No","No","No","No","No","No",,"No",,,,,,,10,"Massive decrease","Massive decrease","No",,,"",1,"No","I have enough"
"01-32-09-43","Hectares","",8,0,0,0,.5,0,0,"Communally owned",,,,"Communally owned",,,"No",,"",,"",,"Likely","Yes","No","Yes","No","No","No","No","No","No","No","No","No",,"No",,,,,,,2,"Slight decrease","Slight decrease","No",,,"",5,"Yes","for my grandchildren"
"11-29-18-58","Hectares","",2,0,0,0,.5,0,0,"Communally owned",,,,"Communally owned",,,"No",,"",,"",,"Maybe, maybe not","No",,,,,,,,,,,,,"No",,,,,,,15,"Slight decrease","Slight decrease","No",,,"",1,"No","we have enough"
"53-42-47-52","Hectares","",.3,.1,0,0,.3,0,0,"Private owned with no land title","Private owned with no land title",,,"Private owned with no land title",,,"No",,"",,"",,"Very unlikely","No",,,,,,,,,,,,,"No",,,,,,,8,"Massive decrease","Massive decrease","No",,,"",1,"No","We comfortable where I'm right now."
"01-17-72-49","Hectares","",3,0,0,0,.1,0,0,"Communally owned",,,,"Communally owned",,,"No",,"",,"",,"Very unlikely","Yes","No","Yes","No","No","No","No","No","No","No","No","No",,"No",,,,,,,0,"The same","The same","No",,,"",1,"Yes","to plough"
"40-86-48-02","Hectares","",1,0,0,0,.1,0,0,"Private owned with land title",,,,"Private owned with land title",,,"Yes","Other individuals","","Village headman / chairperson","","No","Maybe, maybe not","Yes","No","Yes","Yes","No","No","No","No","No","No","No","No",,"No",,,,,,,1,"Slight increase","Slight increase","No",,,"",1,"Yes","To harvest more"
"67-11-34-32","Hectares","",1,0,0,0,.18,0,0,"Communally owned",,,,"Communally owned",,,"No",,"",,"",,"Likely","No",,,,,,,,,,,,,"Yes",.5,"Yes","No","No","No",,0,"Slight decrease","Massive decrease","No",,,"",1,"No","Because its expensive"
"47-85-49-06","Hectares","",0,0,0,0,.1,0,0,,,,,"Private owned with land title",,,"Yes","Other individuals","","Village headman / chairperson","","Yes","Maybe, maybe not","Yes","No","Yes","Yes","No","No","No","No","No","No","No","No",,"No",,,,,,,10,"Slight increase","Slight increase","No",,,"",0,"Yes","For farming purposes"
"68-03-09-51","Hectares","",0,0,3,.6,.3,0,0,,,"Communally owned","Communally owned","Communally owned",,,"Yes","Within family","","Village headman / chairperson","","No","Very likely","No",,,,,,,,,,,,,"No",,,,,,,0,"Massive decrease","Massive decrease","No",,,"",0,"Yes","I need more land for my kids when they grow up."
"14-68-63-82","Hectares","",.5,0,0,0,.1,0,0,"Private owned with land title",,,,"Private owned with land title",,,"No",,"",,"",,"Maybe, maybe not","Yes","No","Yes","Yes","No","No","No","No","No","No","No","No",,"No",,,,,,,8,"The same","The same","No",,,"",1,"No","Because I have enough and I now stay alone, my kids are old enough and they have their plots"
"80-91-19-12","Hectares","",4,2,0,0,.15,0,0,"Communally owned","Communally owned",,,"Communally owned",,,"No",,"",,"",,"Likely","No",,,,,,,,,,,,,"Yes",2,"Yes","No","No","No",,6,"Massive decrease","Massive decrease","No",,,"",1,"No","She cannot afford it"
"25-98-38-14","Hectares","",20,0,0,0,.1,0,0,"Communally owned",,,,"Communally owned",,,"Yes","Within family","","Tried to sort out ourselves","","Yes","unlikely","No",,,,,,,,,,,,,"No",,,,,,,0,"The same","The same","No",,,"",1,"No","to build"
"50-33-61-65","Hectares","",3,3,0,0,.1,0,0,"Communally owned","Communally owned",,,"Communally owned",,,"No",,"",,"",,"Very unlikely","No",,,,,,,,,,,,,"No",,,,,,,4,"Slight decrease","Slight decrease","No",,,"",1,"No","nowhere to find another plot"
"88-90-25-85","Hectares","",5,0,0,0,.3,0,0,"Communally owned",,,,"Communally owned",,,"No",,"",,"",,"unlikely","Yes","No","Yes","Yes","No","No","No","No","No","No","No","No",,"No",,,,,,,6,"Slight decrease","Massive decrease","No",,,"",1,"Yes","for my cattles"
"04-83-20-68","Hectares","",.2,.1,1,12,.3,0,0,"Private owned with no land title","Private owned with no land title","Communally owned","Communally owned","Private owned with no land title",,,"No",,"",,"",,"Very unlikely","No",,,,,,,,,,,,,"No",,,,,,,6,"Massive decrease","Massive decrease","No",,,"",0,"No","I have enough land for now."
"09-59-67-21","Hectares","",2,0,0,0,.1,0,0,"Private owned with land title",,,,"Private owned with land title",,,"Yes","Within family","","Village headman / chairperson","","Yes","Maybe, maybe not","Yes","No","Yes","Yes","No","No","No","No","No","No","No","No",,"No",,,,,,,3,"Slight increase","Slight increase","No",,,"",1,"Yes","Farm is too small for farming with my big family"
"35-03-03-59","Hectares","",2,0,0,0,.5,0,0,"Communally owned",,,,"Communally owned",,,"Yes","Within family","","Village headman / chairperson","","Yes","Very unlikely","Yes","No","Yes","Yes","No","No","No","No","No","No","No","No",,"No",,,,,,,10,"Slight decrease","Massive decrease","No",,,"",1,"No","I have enough"
"10-50-64-24","Hectares","",0,0,0,0,.5,0,0,,,,,"Private owned with no land title",,,"No",,"",,"",,"Maybe, maybe not","No",,,,,,,,,,,,,"No",,,,,,,4,"The same","The same","No",,,"",0,"No","have enough"
"13-56-95-25","Hectares","",0,0,0,0,.1,0,0,,,,,"Private owned with land title",,,"No",,"",,"",,"Maybe, maybe not","Yes","No","Yes","Yes","No","No","No","No","No","No","No","No",,"No",,,,,,,4,"Slight increase","Slight increase","No",,,"",0,"Yes","For farming purposes"
"36-88-00-01","Hectares","",0,0,0,2,.2,0,0,,,,"Communally owned","Private owned with no land title",,,"No",,"",,"",,"Very unlikely","No",,,,,,,,,,,,,"No",,,,,,,3,"Massive decrease","Massive decrease","No",,,"",0,"No","I have no money to buy a new plot."
"63-25-21-02","Hectares","",1,.1,3,5,.3,0,0,"Private owned with land title","Private owned with no land title","Private owned with no land title","Communally owned","Private owned with land title",,,"Yes","Within family","","Village headman / chairperson","","Yes","Very likely","Yes","No","Yes","No","No","No","No","No","No","No","No","No",,"No",,,,,,,0,"Massive decrease","Massive decrease","No",,,"",2,"No","I have enough land."
"08-07-30-74","Hectares","",9,0,0,0,.1,0,0,"Communally owned",,,,"Communally owned",,,"No",,"",,"",,"Maybe, maybe not","No",,,,,,,,,,,,,"No",,,,,,,0,"Slight decrease","Slight decrease","No",,,"",1,"Yes","to build"
"18-39-69-08","Hectares","",.5,5,0,0,.5,0,0,"Private owned with no land title","Communally owned",,,"Private owned with no land title",,,"No",,"",,"",,"unlikely","No",,,,,,,,,,,,,"No",,,,,,,3,"Slight decrease","Massive decrease","No",,,"",1,"Yes","additional farm plot"
"97-46-11-48","Hectares","",10,6,0,.2,.5,0,0,"Private owned with land title","Private owned with land title",,"Communally owned","Private owned with land title",,,"No",,"",,"",,"Very unlikely","Yes","No","Yes","Yes","No","No","No","No","No","No","No","No",,"No",,,,,,,15,"The same","The same","No",,,"",2,"Yes","To have more space for business"
"12-85-99-43","Hectares","",1,0,0,0,.1,0,0,"Private owned with land title",,,,"Private owned with land title",,,"No",,"",,"",,"Very unlikely","No",,,,,,,,,,,,,"No",,,,,,,0,"The same","The same","No",,,"",1,"Yes","To build houses where they can go and stay sometimes"
"55-14-49-61","Hectares","",0,0,0,0,.1,0,0,,,,,"Private owned with land title",,,"Yes","Other individuals","","LC Court","","Yes","Maybe, maybe not","No",,,,,,,,,,,,,"No",,,,,,,9,"Massive decrease","Massive decrease","No",,,"",0,"No","need space for farming"
"94-26-98-86","Hectares","",0,0,0,0,1,0,0,,,,,"Private owned with no land title",,,"No",,"",,"",,"unlikely","No",,,,,,,,,,,,,"No",,,,,,,5,"Slight decrease","Slight decrease","No",,,"",1,"No","They have no money"
"32-96-01-37","Hectares","",4,6,0,0,.2,0,0,"Communally owned","Communally owned",,,"Communally owned",,,"Yes","Other individuals","","Clan / Elder","","No","Very likely","Yes","No","No","No","No","No","No","Yes","No","No","No","No",,"No",,,,,,,0,"Slight decrease","Slight decrease","No",,,"",1,"No","Because there is no money"
"41-92-38-71","Hectares","",6,0,3.5,-888,.02,0,0,"Communally owned",,"Communally owned",,"Communally owned",,,"No",,"",,"",,"Maybe, maybe not","No",,,,,,,,,,,,,"Yes",6,"Yes","No","No","No",,7,"Massive decrease","Massive decrease","No",,,"",2,"No","land is enough"
"43-40-50-14","Hectares","",2,0,0,-888,.02,0,0,"Communally owned",,,,"Communally owned",,,"No",,"",,"",,"Very likely","No",,,,,,,,,,,,,"Yes",2,"Yes","No","No","No",,3,"Massive decrease","Massive decrease","No",,,"",1,"Yes","Current land is becoming bad"
"33-52-73-44","Hectares","",12,5,2,-888,.02,0,0,"Communally owned","Communally owned","Communally owned",,"Communally owned",,,"No",,"",,"",,"unlikely","No",,,,,,,,,,,,,"No",,,,,,,6,"Massive decrease","Massive decrease","No",,,"",1,"No","Land is enough"
"17-65-44-15","Hectares","",4,0,0,0,.1,0,0,"Private owned with land title",,,,"Private owned with land title",,,"No",,"",,"",,"Very unlikely","No",,,,,,,,,,,,,"No",,,,,,,2,"The same","The same","No",,,"",1,"Yes","To build more houses for the future of the kids"
"77-00-14-73","Hectares","",12,0,0,0,.1,0,0,"Private owned with land title",,,,"Private owned with land title",,,"No",,"",,"",,"Very unlikely","Yes","No","Yes","No","No","No","No","No","No","No","No","No",,"Yes",4,"Yes","No","No","No",,3,"Slight increase","The same","No",,,"",1,"Yes","They would like to have a plot where they just build nice houses and stay with their kids and grandkids"
"78-98-94-60","Hectares","",.1,0,0,0,.1,0,0,"Private owned with land title",,,,"Private owned with land title",,,"No",,"",,"",,"Very likely","Yes","No","Yes","Yes","No","No","No","No","No","No","No","No",,"No",,,,,,,3,"Massive decrease","Massive decrease","No",,,"",2,"Yes","the one am having is not enough and the other side is flooded"
"50-51-12-24","Hectares","",10,0,0,0,.1,0,0,"Communally owned",,,,"Communally owned",,,"No",,"",,"",,"Very unlikely","Yes","No","Yes","No","No","No","No","No","No","No","No","No",,"No",,,,,,,12,"The same","The same","No",,,"",1,"No","satisfied"
"45-72-98-81","Hectares","",1,0,0,15,.5,0,0,"Private owned with land title",,,"Communally owned","Private owned with land title",,,"No",,"",,"",,"unlikely","Yes","No","Yes","Yes","No","No","No","No","No","No","No","No",,"No",,,,,,,4,"Slight decrease","Massive decrease","No",,,"",2,"No","am too old now what I have is enough"
"98-20-22-18","Hectares","",.1,0,0,0,.1,0,0,"Private owned with land title",,,,"Private owned with land title",,,"No",,"",,"",,"Very likely","No",,,,,,,,,,,,,"No",,,,,,,2,"Massive decrease","Massive decrease","No",,,"",0,"Yes","need a plot where I used to farm they built a road"
"12-87-62-64","Hectares","",4,2,0,0,.25,0,0,"Communally owned","Communally owned",,,"Communally owned",,,"No",,"",,"",,"Very unlikely","No",,,,,,,,,,,,,"Yes",3,"Yes","No","No","No",,2,"Slight decrease","Massive decrease","No",,,"",1,"Yes","Because the current field is for his mother he wants one of his own"
"02-24-60-64","Hectares","",2,.2,0,0,.2,0,0,"Private owned with land title","Private owned with land title",,,"Private owned with land title",,,"No",,"",,"",,"Very unlikely","No",,,,,,,,,,,,,"No",,,,,,,3,"Slight increase","Slight increase","No",,,"",1,"Yes","To build other houses to stay"
"35-93-85-84","Hectares","",0,0,0,0,.1,0,0,,,,,"Private owned with land title",,,"No",,"",,"",,"Very unlikely","No",,,,,,,,,,,,,"No",,,,,,,3,"Massive decrease","Massive decrease","No",,,"",0,"Yes","need a plot to farm"
"25-08-98-52","Hectares","",.1,0,0,0,.1,0,0,"Don’t know",,,,"Private owned with no land title",,,"No",,"",,"",,"Very likely","No",,,,,,,,,,,,,"No",,,,,,,3,"Massive decrease","Massive decrease","No",,,"",0,"Yes","space is limited and access to water might be difficult in years to come"
"46-54-30-66","Hectares","",15,4,6,-888,.02,0,0,"Communally owned","Communally owned","Communally owned",,"Communally owned",,,"No",,"",,"",,"unlikely","No",,,,,,,,,,,,,"Yes",3,"Yes","No","No","No",,3,"Massive decrease","Massive decrease","No",,,"",1,"Yes","current land has degraded"
"19-66-62-79","Hectares","",0,0,0,0,.02,0,0,,,,,"Communally owned",,,"No",,"",,"",,"Likely","No",,,,,,,,,,,,,"No",,,,,,,1,"Massive decrease","Massive decrease","No",,,"",0,"Yes","because I want to do farming"
"38-52-59-99","Hectares","",8,4,0,0,.2,0,0,"Private owned with land title","Private owned with land title",,,"Private owned with land title",,,"No",,"",,"",,"Maybe, maybe not","Yes","No","No","Yes","No","No","No","No","No","No","No","No",,"Yes",4,"No","No","No","Yes",,4,"Massive decrease","Massive increase","No",,,"",1,"Yes","For business purposes"
"18-01-52-21","Hectares","",3,0,0,0,.1,0,0,"Private owned with land title",,,,"Private owned with land title",,,"No",,"",,"",,"Very unlikely","No",,,,,,,,,,,,,"No",,,,,,,2,"The same","The same","No",,,"",1,"Yes","They need more space to build other houses"
"52-91-87-71","Hectares","",1,0,0,0,.1,0,0,"Private owned with no land title",,,,"Private owned with land title",,,"Yes","Other individuals","","LC Court","","Yes","unlikely","No",,,,,,,,,,,,,"No",,,,,,,6,"Massive decrease","Massive decrease","No",,,"",1,"No","it's enough"
"86-58-98-12","Hectares","",0,0,0,0,5,0,0,,,,,"Private owned with land title",,,"Yes","Other individuals","","LC Court","","Yes","Very unlikely","Yes","No","Yes","No","No","No","No","No","No","No","No","No",,"No",,,,,,,0,"Slight decrease","Slight decrease","No",,,"",0,"No","Satisfied here"
"18-53-78-30","Hectares","",3,0,0,0,.2,0,0,"Communally owned",,,,"Communally owned",,,"Yes","Other individuals","","Clan / Elder","","No","Likely","No",,,,,,,,,,,,,"No",,,,,,,4,"The same","Slight decrease","No",,,"",1,"Yes","To avoid further land disputes"
"21-70-10-93","Hectares","",2,0,0,12,.5,0,0,"Private owned with no land title",,,"Communally owned","Private owned with no land title",,,"No",,"",,"",,"Very likely","Yes","No","Yes","Yes","No","No","No","No","No","No","No","No",,"No",,,,,,,5,"Slight decrease","Massive decrease","No",,,"",3,"No","no money to acquire additional plot"
"51-51-64-02","Hectares","",4,0,0,0,.25,0,0,"Communally owned",,,,"Private owned with land title",,,"No",,"",,"",,"Very unlikely","No",,,,,,,,,,,,,"No",,,,,,,2,"The same","Slight decrease","No",,,"",1,"No","They have more than enough"
"65-04-27-87","Hectares","",2,0,0,0,.1,0,0,"Private owned with land title",,,,"Private owned with land title",,,"No",,"",,"",,"Very likely","Yes","No","Yes","No","No","No","No","No","No","No","No","No",,"No",,,,,,,7,"The same","Massive increase","No",,,"",1,"Yes","Build houses for business purposes"
"26-67-17-34","Hectares","",2,2,0,0,1,0,0,"Communally owned","Communally owned",,,"Communally owned",,,"No",,"",,"",,"Very unlikely","Yes","No","Yes","No","No","No","No","No","No","No","No","No",,"No",,,,,,,7,"The same","The same","No",,,"",2,"No","satisfied"
"12-55-61-25","Hectares","",2,0,0,0,.1,0,0,"Private owned with land title",,,,"Private owned with land title",,,"No",,"",,"",,"Very likely","Yes","No","No","No","Yes","No","No","No","No","No","No","No",,"No",,,,,,,0,"Slight decrease","Massive decrease","No",,,"",1,"No","There is no space for another plot"
"70-21-00-12","Hectares","",.5,5,0,5,1,0,0,"Private owned with land title","Communally owned",,"Communally owned","Private owned with land title",,,"No",,"",,"",,"Maybe, maybe not","Yes","No","Yes","Yes","No","No","No","No","No","No","No","No",,"No",,,,,,,20,"Slight decrease","Massive decrease","No",,,"",4,"Yes","build a shop"
"09-96-00-56","Hectares","",6,0,0,0,0,0,0,"Communally owned",,,,,,,"No",,"",,"",,"Very unlikely","No",,,,,,,,,,,,,"No",,,,,,,4,"Massive decrease","Massive decrease","No",,,"",1,"Yes","for additional farming"
"93-46-32-90","Hectares","",5,0,0,0,1,0,0,"Communally owned",,,,"Communally owned",,,"No",,"",,"",,"Maybe, maybe not","Yes","No","Yes","Yes","Yes","No","No","No","No","No","No","No",,"No",,,,,,,6,"The same","Massive decrease","No",,,"",1,"Yes","for our kids"
"39-76-52-63","Hectares","",4,1,0,0,.2,0,0,"Private owned with land title","Private owned with land title",,,"Communally owned",,,"No",,"",,"",,"unlikely","No",,,,,,,,,,,,,"Yes",2,"Yes","No","No","No",,0,"Slight decrease","Massive decrease","No",,,"",1,"Yes","Space is limited on the current plot."
"44-39-76-83","Hectares","",4,0,0,0,.3,0,0,"Communally owned",,,,"Communally owned",,,"No",,"",,"",,"Very unlikely","Yes","No","Yes","Yes","No","No","No","No","No","No","No","No",,"No",,,,,,,8,"Slight decrease","Massive decrease","No",,,"",1,"Yes","for farming"
"57-92-68-31","Hectares","",4,0,0,0,.1,0,0,"Communally owned",,,,"Communally owned",,,"No",,"",,"",,"Very unlikely","Yes","No","Yes","No","No","No","No","No","No","No","No","No",,"No",,,,,,,2,"The same","The same","No",,,"",1,"No","she can just extend her plot"
"70-75-80-97","Hectares","",0,0,0,0,.1,0,0,,,,,"Private owned with land title",,,"No",,"",,"",,"Maybe, maybe not","Yes","No","Yes","No","No","No","No","No","No","No","No","No",,"No",,,,,,,6,"Slight increase","Slight increase","No",,,"",0,"Yes","For farming purposes"
"37-91-43-52","Hectares","",0,0,0,0,.1,0,0,,,,,"Private owned with land title",,,"No",,"",,"",,"Maybe, maybe not","No",,,,,,,,,,,,,"No",,,,,,,7,"Slight increase","Slight increase","No",,,"",0,"Yes","Farming purposes"
"93-94-95-33","Hectares","",2,0,0,0,1,0,0,"Private owned with no land title",,,,"Communally owned",,,"Yes","Within family","","LC Court","","Yes","unlikely","No",,,,,,,,,,,,,"No",,,,,,,2,"Slight decrease","Slight decrease","No",,,"",1,"No","It's difficult to get land."
"50-37-72-10","Hectares","",1,0,0,0,.1,0,0,"Private owned with land title",,,,"Private owned with land title",,,"No",,"",,"",,"Very likely","No",,,,,,,,,,,,,"No",,,,,,,4,"The same","Massive increase","No",,,"",1,"Yes","To grow some vegetables for selling so she generates some income"
"29-63-76-51","Hectares","",0,0,0,0,1,0,0,,,,,"Private owned with land title",,,"No",,"",,"",,"unlikely","No",,,,,,,,,,,,,"No",,,,,,,4,"Massive decrease","Massive decrease","No",,,"",0,"No","I don't have money to buy a new plot."
"71-36-35-44","Hectares","",3,0,0,0,.3,0,0,"Communally owned",,,,"Communally owned",,,"No",,"",,"",,"Very unlikely","No",,,,,,,,,,,,,"No",,,,,,,10,"Slight decrease","Massive decrease","No",,,"",1,"Yes","for farming"
"20-65-14-78","Hectares","",0,0,0,5,.6,0,0,,,,"Communally owned","Private owned with no land title",,,"No",,"",,"",,"Very unlikely","No",,,,,,,,,,,,,"No",,,,,,,3,"Massive decrease","Massive decrease","No",,,"",0,"Yes","I need land for farming for my kids"
"60-95-57-22","Hectares","",3,0,0,0,.2,0,0,"Private owned with land title",,,,"Private owned with land title",,,"No",,"",,"",,"Very unlikely","No",,,,,,,,,,,,,"No",,,,,,,30,"The same","The same","No",,,"",1,"Yes","Sucure for the future of our kids"
"17-61-49-75","Hectares","",6,2,0,0,.3,0,0,"Private owned with land title","Private owned with land title",,,"Private owned with land title",,,"Yes","Within family","","Tried to sort out ourselves","","Yes","Very unlikely","Yes","No","Yes","No","No","No","No","No","No","Yes","No","No",,"Yes",4,"Yes","No","No","No",,2,"Slight decrease","Slight decrease","No",,,"",1,"No","Satisfied with current land"
"02-95-98-52","Hectares","",0,0,0,0,.5,0,0,,,,,"Private owned with no land title",,,"No",,"",,"",,"Maybe, maybe not","No",,,,,,,,,,,,,"No",,,,,,,1,"Slight decrease","Massive decrease","No",,,"",0,"No","no resources"
"77-54-37-57","Hectares","",7,0,0,0,.1,0,0,"Communally owned",,,,"Communally owned",,,"No",,"",,"",,"Very unlikely","Yes","No","Yes","No","No","No","No","No","No","No","No","No",,"No",,,,,,,3,"The same","The same","No",,,"",2,"No","satisfied"
"49-81-42-49","Hectares","",0,0,0,0,.1,0,0,,,,,"Communally owned",,,"No",,"",,"",,"Very unlikely","Yes","No","Yes","Yes","No","No","No","No","No","No","No","No",,"No",,,,,,,8,"Massive decrease","Massive decrease","No",,,"",0,"Yes","where am staying it's always flooded"
"07-97-99-00","Hectares","",10,10,0,0,.25,0,0,"Private owned with land title","Private owned with land title",,,"Communally owned",,,"No",,"",,"",,"Very unlikely","Yes","No","Yes","No","No","No","No","No","No","No","No","No",,"Yes",5,"Yes","No","No","No",,2,"Slight decrease","Slight decrease","No",,,"",1,"Yes","So that if I get work in town I stay on that plot"
"61-38-38-57","Hectares","",3,0,0,0,.1,0,0,"Private owned with land title",,,,"Private owned with land title",,,"No",,"",,"",,"Maybe, maybe not","Yes","No","Yes","No","No","No","No","No","No","No","No","No",,"No",,,,,,,20,"Slight decrease","Slight decrease","No",,,"",1,"Yes","Another plot to plough more crops"
"80-45-81-35","Hectares","",0,0,0,0,1,0,0,,,,,"Private owned with land title",,,"No",,"",,"",,"Very likely","Yes","No","No","Yes","No","No","No","No","No","No","No","No",,"No",,,,,,,0,"Slight decrease","Massive decrease","No",,,"",1,"No","no money"
"47-70-03-35","Hectares","",.1,0,0,0,.1,0,0,"Private owned with no land title",,,,"Communally owned",,,"No",,"",,"",,"Maybe, maybe not","No",,,,,,,,,,,,,"No",,,,,,,6,"Massive decrease","Massive decrease","No",,,"",0,"No","need to settle somewhere with my kids"
"73-01-72-24","Hectares","",2,0,0,0,.17,0,0,"Private owned with land title",,,,"Private owned with land title",,,"Yes","Within family","","Clan / Elder","","Yes","Very unlikely","No",,,,,,,,,,,,,"No",,,,,,,2,"Slight decrease","Slight decrease","No",,,"",1,"Yes","To build a proper house"
"70-18-85-80","Hectares","",5,0,0,0,.1,0,0,"Communally owned",,,,"Communally owned",,,"No",,"",,"",,"Very unlikely","Yes","No","Yes","No","No","No","No","No","No","No","No","No",,"No",,,,,,,1,"The same","The same","No",,,"",1,"No","satisfied with the current plot"
"59-96-51-48","Hectares","",12,3,0,6,500,0,0,"Private owned with land title","Communally owned",,"Communally owned","Private owned with land title",,,"No",,"",,"",,"Maybe, maybe not","Yes","No","Yes","No","No","No","No","No","No","No","No","No",,"Yes",1,"Yes","No","No","No",,0,"Slight decrease","Massive decrease","No",,,"",1,"No","have enough"
"47-24-68-80","Hectares","",10.2,0,0,0,.1,0,0,"Communally owned",,,,"Communally owned",,,"No",,"",,"",,"Very unlikely","Yes","No","Yes","No","No","No","No","No","No","No","No","No",,"No",,,,,,,3,"The same","The same","No",,,"",1,"No","satisfied with the current plot"
"98-95-69-34","Hectares","",1.4,0,0,.1,.2,0,0,"Private owned with land title",,,"Communally owned","Private owned with land title",,,"No",,"",,"",,"Very unlikely","No",,,,,,,,,,,,,"No",,,,,,,23,"The same","The same","No",,,"",1,"No","They are comfortable with 1plot"
"94-61-58-26","Hectares","",.4,0,0,0,.2,0,0,"Private owned with land title",,,,"Private owned with land title",,,"No",,"",,"",,"Very likely","Yes","No","Yes","No","No","No","No","No","No","No","No","No",,"No",,,,,,,7,"The same","The same","No",,,"",2,"Yes","she would like to have another plot and make business out of it like building rooms for rent"
"84-70-48-38","Hectares","",0,0,0,0,1,0,0,,,,,"Private owned with no land title",,,"No",,"",,"",,"Likely","No",,,,,,,,,,,,,"No",,,,,,,0,"Slight decrease","Massive decrease","No",,,"",0,"No","no money"
"46-07-52-30","Hectares","",10,4,100,50,1,0,0,"Private owned with land title","Private owned with land title","Communally owned","Communally owned","Private owned with land title",,,"No",,"",,"",,"Maybe, maybe not","No",,,,,,,,,,,,,"No",,,,,,,0,"The same","Slight increase","No",,,"",0,"Yes","For my kids to use in future"
"65-50-88-07","Hectares","",.5,0,0,0,.1,0,0,"Communally owned",,,,"Communally owned",,,"Yes","Other individuals","","Nowhere","","No","Very likely","No",,,,,,,,,,,,,"No",,,,,,,24,"The same","The same","No",,,"",1,"Yes","to build"
"05-43-02-62","Hectares","",5,0,0,0,.2,0,0,"Private owned with land title",,,,"Private owned with land title",,,"No",,"",,"",,"unlikely","Yes","No","Yes","No","No","No","No","No","No","No","No","No",,"No",,,,,,,3,"Slight decrease","Slight decrease","No",,,"",1,"No","No money to obtain it"
"83-84-84-67","Hectares","",0,1,.25,0,.5,0,2,,"Communally owned","Communally owned",,"Communally owned",,"Communally owned","No",,"",,"",,"Very likely","No",,,,,,,,,,,,,"No",,,,,,,30,"Massive decrease","Massive decrease","No",,,"",2,"Yes","To build"
"16-35-19-29","Hectares","",.5,0,0,0,.5,0,0,"Communally owned",,,,"Communally owned",,,"No",,"",,"",,"Likely","No",,,,,,,,,,,,,"Yes",.5,"Yes","No","Yes","No",,8,"Massive decrease","Massive decrease","No",,,"",1,"Yes","for farming"
"83-90-14-37","Hectares","",3,0,0,0,1,0,0,"Private owned with land title",,,,"Private owned with land title",,,"No",,"",,"",,"Very likely","Yes","No","Yes","Yes","Yes","No","No","No","Yes","Yes","No","No",,"No",,,,,,,5,"Massive decrease","Massive decrease","No",,,"",1,"Yes","Residential land"
"56-16-94-47","Hectares","",2,0,0,0,3,0,0,"Private owned with land title",,,,"Private owned with land title",,,"No",,"",,"",,"unlikely","No",,,,,,,,,,,,,"Yes",1,"Yes","No","No","No",,2,"Massive decrease","Massive decrease","No",,,"",1,"No","For my grandchildren"
"16-24-71-47","Hectares","",8,0,0,0,1,0,0,"Private owned with land title",,,,"Private owned with land title",,,"No",,"",,"",,"Maybe, maybe not","Yes","No","Yes","Yes","No","No","No","No","No","No","No","No",,"No",,,,,,,1,"The same","The same","No",,,"",8,"No","I have enough plot"
"22-33-09-47","Hectares","",6,0,0,3,.8,0,0,"Private owned with no land title",,,"Private owned with no land title","Private owned with land title",,,"Yes","Government","","Clan / Elder","","Yes","Very unlikely","No",,,,,,,,,,,,,"Yes",6,"Yes","No","No","No",,3,"Slight decrease","Slight decrease","No",,,"",2,"No","They have another plot already in an EA called Mafuta"
"89-17-95-50","Hectares","",6,1,23,50,1,0,0,"Private owned with no land title","Private owned with no land title","Communally owned","Communally owned","Communally owned",,,"Yes","Within family","","Village headman / chairperson","","Yes","Very likely","Yes","No","Yes","Yes","No","No","No","No","No","No","No","No",,"No",,,,,,,2,"Massive decrease","Massive decrease","No",,,"",2,"No","I have enough land."
"71-12-87-82","Hectares","",2,0,0,10,.5,0,0,"Private owned with no land title",,,"Communally owned","Private owned with no land title",,,"No",,"",,"",,"unlikely","Yes","No","Yes","Yes","No","No","No","No","No","No","No","No",,"No",,,,,,,7,"Slight decrease","Massive decrease","No",,,"",3,"No","have enough"
"93-78-86-25","Hectares","",.5,0,0,0,.1,0,0,"Private owned with land title",,,,"Private owned with land title",,,"No",,"",,"",,"Very unlikely","No",,,,,,,,,,,,,"No",,,,,,,25,"Massive decrease","Massive decrease","No",,,"",0,"No","Too old for farming"
"34-03-26-96","Hectares","",11,0,0,20,.2,0,0,"Private owned with land title",,,"Communally owned","Private owned with land title",,,"No",,"",,"",,"Very unlikely","Yes","No","Yes","No","No","No","No","No","No","No","No","No",,"No",,,,,,,10,"The same","The same","No",,,"",1,"Yes","for business use maybe build rooms for rent"
"83-62-75-30","Hectares","",.1,0,0,0,.1,0,0,"Private owned with land title",,,,"Private owned with land title",,,"Yes","Other individuals","","Tried to sort out ourselves","","No","Maybe, maybe not","Yes","No","Yes","No","No","No","No","No","No","No","No","No",,"No",,,,,,,6,"Slight increase","Slight increase","No",,,"",1,"Yes","My farm land is small since flood always occurs in my village"
"39-30-68-16","Hectares","",3,0,0,0,1,0,0,"Private owned with land title",,,,"Communally owned",,,"No",,"",,"",,"unlikely","No",,,,,,,,,,,,,"No",,,,,,,1,"The same","Slight decrease","No",,,"",1,"No","Satisfied"
"25-67-10-82","Hectares","",1,0,0,.a,.4,0,0,"Communally owned",,,,"Communally owned",,,"No",,"",,"",,"unlikely","No",,,,,,,,,,,,,"Yes",1,"Yes","No","No","No",,8,"Massive decrease","Massive decrease","No",,,"",1,"Yes","for farming"
"87-90-13-56","Hectares","",.04,0,0,0,.4,0,0,"Communally owned",,,,"Communally owned",,,"No",,"",,"",,"Maybe, maybe not","No",,,,,,,,,,,,,"No",,,,,,,5,"Massive decrease","Massive decrease","No",,,"",1,"Yes","for the children"
"38-81-07-74","Hectares","",10,2,0,7,.3,0,0,"Private owned with land title","Private owned with land title",,"Private owned with land title","Communally owned",,,"No",,"",,"",,"Maybe, maybe not","No",,,,,,,,,,,,,"Yes",2,"Yes","No","No","No",,7,"The same","Slight decrease","No",,,"",2,"Yes","For her grandchildren"
"29-17-63-12","Hectares","",1,0,0,0,.5,0,0,"Private owned with land title",,,,"Private owned with no land title",,,"No",,"",,"",,"unlikely","No",,,,,,,,,,,,,"No",,,,,,,2,"The same","The same","No",,,"",1,"No","no money"
"09-87-36-18","Hectares","",4,0,0,0,.5,0,0,"Communally owned",,,,"Communally owned",,,"Yes","Within family","","LC Court","","No","Very likely","Yes","No","Yes","Yes","No","No","No","No","No","No","No","No",,"No",,,,,,,6,"Slight decrease","Massive decrease","No",,,"",2,"No","we have enough"
"37-47-43-04","Hectares","",10,5,0,12,.5,0,0,"Private owned with land title","Private owned with land title",,"Communally owned","Private owned with no land title",,,"No",,"",,"",,"Likely","Yes","No","Yes","No","Yes","No","No","No","No","No","No","No",,"No",,,,,,,6,"The same","Massive decrease","No",,,"",2,"Yes","another farm land"
"19-94-92-45","Hectares","",7.2,0,0,0,.25,0,0,"Private owned with land title",,,,"Private owned with land title",,,"Yes","Within family","","Tried to sort out ourselves","","No","Likely","Yes","No","No","Yes","No","No","No","No","No","No","No","No",,"No",,,,,,,3,"Slight decrease","Massive decrease","No",,,"",1,"Yes","To build houses for rent to generate income"
"01-51-77-20","Hectares","",1,0,0,0,.3,0,0,"Communally owned",,,,"Communally owned",,,"No",,"",,"",,"unlikely","No",,,,,,,,,,,,,"No",,,,,,,5,"The same","Massive decrease","No",,,"",2,"Yes","for farming"
"14-21-66-73","Hectares","",3,2,0,0,.02,0,0,"Communally owned","Communally owned",,,"Communally owned",,,"No",,"",,"",,"Maybe, maybe not","No",,,,,,,,,,,,,"No",,,,,,,12,"Massive decrease","Massive decrease","No",,,"",1,"Yes","current is becoming bad"
"10-12-38-23","Hectares","",0,0,0,0,.1,0,0,,,,,"Private owned with land title",,,"No",,"",,"",,"Maybe, maybe not","Yes","No","Yes","Yes","No","No","No","No","No","Yes","No","No",,"No",,,,,,,1,"Slight increase","Slight increase","No",,,"",0,"Yes","For farming purposes"
"06-71-23-79","Hectares","",0,0,0,0,.4,0,0,,,,,"Communally owned",,,"No",,"",,"",,"Maybe, maybe not","No",,,,,,,,,,,,,"No",,,,,,,0,"Massive decrease","Massive decrease","No",,,"",1,"No","I don't need an extra plot"
"09-86-92-43","Hectares","",3,0,0,0,.1,0,0,"Communally owned",,,,"Communally owned",,,"No",,"",,"",,"Very unlikely","No",,,,,,,,,,,,,"No",,,,,,,1,"The same","The same","No",,,"",2,"No","satisfied"
"65-52-71-81","Hectares","",16,4,0,4,.25,0,0,"Private owned with no land title","Private owned with no land title",,"Private owned with no land title","Private owned with land title",,,"No",,"",,"",,"unlikely","No",,,,,,,,,,,,,"No",,,,,,,5,"Slight decrease","Slight decrease","No",,,"",2,"No","He has plenty land"
"88-09-14-40","Hectares","",1,.8,0,0,.1,0,0,"Private owned with land title","Private owned with land title",,,"Private owned with land title",,,"No",,"",,"",,"Maybe, maybe not","No",,,,,,,,,,,,,"No",,,,,,,0,"Slight increase","Slight increase","No",,,"",1,"No","Because I am planning to migrate permanently"
"51-32-55-02","Hectares","",.04,0,10,0,.3,0,0,"Communally owned",,"Communally owned",,"Communally owned",,,"No",,"",,"",,"Maybe, maybe not","No",,,,,,,,,,,,,"No",,,,,,,15,"Massive decrease","Massive decrease","No",,,"",1,"No","currently the land is enough"
"25-85-18-57","Hectares","",2,0,0,0,.2,0,0,"Private owned with land title",,,,"Private owned with land title",,,"No",,"",,"",,"Maybe, maybe not","No",,,,,,,,,,,,,"Yes",.8,"Yes","No","No","No",,5,"Slight decrease","Slight decrease","No",,,"",1,"Yes","I want a plot for my children in school"
"08-01-73-79","Hectares","",6,0,0,0,.5,0,0,"Private owned with land title",,,,"Private owned with no land title",,,"No",,"",,"",,"unlikely","Yes","No","Yes","Yes","No","No","No","No","No","No","No","No",,"No",,,,,,,7,"Massive decrease","Massive decrease","No",,,"",2,"No","no money"
"30-31-42-54","Hectares","",2,0,0,0,.15,0,0,"Communally owned",,,,"Private owned with land title",,,"No",,"",,"",,"Maybe, maybe not","No",,,,,,,,,,,,,"No",,,,,,,1,"Slight decrease","Massive decrease","No",,,"",1,"Yes","To be able to sustain my school going children"
"59-41-41-82","Hectares","",2,0,0,4,1,0,0,"Private owned with land title",,,"Private owned with no land title","Communally owned",,,"No",,"",,"",,"unlikely","No",,,,,,,,,,,,,"No",,,,,,,0,"Slight decrease","Slight decrease","No",,,"",1,"No","Satisfied"
"86-80-66-75","Hectares","",3,0,0,0,.5,0,0,"Private owned with land title",,,,"Private owned with no land title",,,"No",,"",,"",,"unlikely","Yes","No","Yes","No","Yes","No","No","No","No","No","No","No",,"No",,,,,,,11,"The same","Slight decrease","No",,,"",1,"Yes","additional farm land"
"36-82-19-46","Hectares","",.1,0,0,0,.1,0,0,"Communally owned",,,,"Communally owned",,,"No",,"",,"",,"Maybe, maybe not","Yes","No","Yes","No","No","No","No","No","No","No","No","No",,"No",,,,,,,3,"The same","The same","No",,,"",1,"No","satisfied"
"87-16-84-48","Hectares","",4,0,0,0,.1,0,0,"Communally owned",,,,"Communally owned",,,"Yes","Other individuals","","LC Court","","Yes","Maybe, maybe not","No",,,,,,,,,,,,,"No",,,,,,,0,"The same","The same","No",,,"",2,"No","satisfied"
"85-15-56-74","Hectares","",3,0,0,0,.1,0,0,"Private owned with no land title",,,,"Private owned with no land title",,,"No",,"",,"",,"Very unlikely","No",,,,,,,,,,,,,"No",,,,,,,8,"Massive decrease","Massive decrease","No",,,"",1,"Yes","need another additional plot for my cattle"
"99-52-45-97","Hectares","",2,2,3,0,1,0,0,"Communally owned","Communally owned","Communally owned",,"Communally owned",,,"Yes","Within family","","Tried to sort out ourselves","","Yes","unlikely","Yes","No","Yes","No","No","No","No","No","No","No","No","No",,"No",,,,,,,8,"Massive decrease","Massive decrease","No",,,"",5,"No","Already have five plots"
"22-42-05-31","Hectares","",5,0,0,0,1,0,0,"Communally owned",,,,"Communally owned",,,"Yes","Other individuals","","Village headman / chairperson","","Yes","Maybe, maybe not","No",,,,,,,,,,,,,"No",,,,,,,30,"Slight decrease","Massive decrease","No",,,"",4,"Yes","for my kids"
"17-88-76-49","Hectares","",0,0,0,0,.25,0,0,,,,,"Private owned with land title",,,"No",,"",,"",,"unlikely","No",,,,,,,,,,,,,"No",,,,,,,8,"Slight decrease","Massive decrease","No",,,"",0,"No","Because she has no money"
"95-93-26-61","Hectares","",10,10,0,0,.1,0,0,"Communally owned","Communally owned",,,"Communally owned",,,"Yes","Other individuals","","LC Court","","Yes","Maybe, maybe not","No",,,,,,,,,,,,,"No",,,,,,,13,"The same","The same","No",,,"",1,"Yes","to plough"
"66-25-20-13","Hectares","",2,0,0,0,.1,0,0,"Private owned with land title",,,,"Private owned with land title",,,"No",,"",,"",,"Very unlikely","Yes","No","Yes","No","No","No","No","No","No","No","No","No",,"No",,,,,,,0,"The same","The same","No",,,"",1,"Yes","she wants another plot to build another house for her children"
"56-49-46-49","Hectares","",2,0,0,0,.1,0,0,"Don’t know",,,,"Private owned with land title",,,"Yes","Within family","","Clan / Elder","","Yes","Likely","Yes","No","Yes","Yes","Yes","No","No","Yes","No","No","No","No",,"No",,,,,,,2,"Massive decrease","Massive decrease","No",,,"",1,"No","the plot is enough"
"00-63-35-41","Hectares","",10,0,0,0,2,0,0,"Private owned with land title",,,,"Private owned with land title",,,"No",,"",,"",,"Likely","No",,,,,,,,,,,,,"No",,,,,,,6,"Slight increase","The same","No",,,"",1,"Yes","I need more land for farming"
"35-73-88-21","Hectares","",0,0,0,0,0,0,0,,,,,,,,"No",,"",,"",,"Maybe, maybe not","No",,,,,,,,,,,,,"No",,,,,,,34,"Slight increase","Slight increase","No",,,"",0,"No","I have enough"
"90-22-40-74","Hectares","",0,0,0,0,1,0,0,,,,,"Private owned with land title",,,"No",,"",,"",,"unlikely","No",,,,,,,,,,,,,"No",,,,,,,0,"Slight decrease","Slight decrease","No",,,"",0,"No","Satisfied"
"71-58-33-81","Hectares","",0,0,4,5,.6,0,0,,,"Communally owned","Communally owned","Communally owned",,,"No",,"",,"",,"Very unlikely","No",,,,,,,,,,,,,"No",,,,,,,3,"Massive decrease","Massive decrease","No",,,"",0,"Yes","I need land for farming"
"85-67-71-58","Hectares","",21,0,0,0,.3,0,0,"Private owned with land title",,,,"Private owned with land title",,,"Yes","Within family","","Tried to sort out ourselves","","No","Maybe, maybe not","No",,,,,,,,,,,,,"No",,,,,,,2,"The same","The same","No",,,"",1,"No","His satisfied with the one he has"
"01-61-71-69","Hectares","",3.5,3,0,0,.5,0,0,"Communally owned","Communally owned",,,"Communally owned",,,"Yes","Other individuals","","Clan / Elder","","No","Likely","Yes","No","No","No","No","No","No","No","No","Yes","No","No",,"Yes",3.5,"Yes","No","No","No",,20,"Slight decrease","Massive decrease","No",,,"",2,"No","she has 2 farming plots already"
"75-50-19-75","Hectares","",2,0,0,0,.1,0,0,"Communally owned",,,,"Communally owned",,,"Yes","Other individuals","","LC Court","","No","Very likely","Yes","No","Yes","No","No","No","No","No","No","No","No","No",,"No",,,,,,,1,"The same","The same","No",,,"",1,"No","satisfied"
"89-26-96-48","Hectares","",3,0,0,0,.5,0,2.5,"Communally owned",,,,"Communally owned",,"Communally owned","No",,"",,"",,"Very unlikely","No",,,,,,,,,,,,,"No",,,,,,,9,"Slight decrease","Massive decrease","No",,,"",2,"No","we have enough"
"73-20-13-57","Hectares","",10,8,0,0,.4,0,0,"Private owned with land title","Private owned with land title",,,"Private owned with land title",,,"No",,"",,"",,"unlikely","No",,,,,,,,,,,,,"No",,,,,,,5,"Slight decrease","Slight decrease","No",,,"",1,"No","He believes it is greedy to have 2 plots when other family members have none"
"55-53-09-17","Hectares","",4,0,0,0,1,0,0,"Private owned with no land title",,,,"Private owned with no land title",,,"No",,"",,"",,"unlikely","No",,,,,,,,,,,,,"No",,,,,,,4,"Slight decrease","Slight decrease","No",,,"",6,"No","Satisfied"
"16-20-70-88","Hectares","",1,0,0,0,600,0,0,"Private owned with no land title",,,,"Private owned with land title",,,"No",,"",,"",,"unlikely","No",,,,,,,,,,,,,"No",,,,,,,0,"Slight decrease","Massive decrease","No",,,"",1,"Yes","for future use"
"14-74-46-71","Hectares","",0,0,0,0,.1,0,0,,,,,"Private owned with no land title",,,"No",,"",,"",,"Very unlikely","No",,,,,,,,,,,,,"No",,,,,,,12,"Massive decrease","Massive decrease","No",,,"",0,"No","it's enough"
"15-43-32-03","Hectares","",8,0,0,0,.5,0,0,"Private owned with land title",,,,"Private owned with land title",,,"No",,"",,"",,"Very unlikely","Yes","No","Yes","No","No","No","No","No","No","No","No","No",,"No",,,,,,,0,"Slight decrease","Massive decrease","No",,,"",1,"No","too old now what I have is enough"
"62-79-94-11","Hectares","",3,0,0,0,.01,0,0,"Private owned with land title",,,,"Private owned with no land title",,,"No",,"",,"",,"Maybe, maybe not","No",,,,,,,,,,,,,"No",,,,,,,0,"Massive decrease","Massive decrease","No",,,"",2,"No","too old"
"74-11-35-62","Hectares","",2,0,3,-888,.02,0,0,"Communally owned",,"Communally owned",,"Communally owned",,,"Yes","Other individuals","","Nowhere","","No","unlikely","Yes","No","Yes","No","No","No","No","No","No","No","No","No",,"Yes",1,"Yes","No","No","No",,8,"Massive decrease","Massive decrease","No",,,"",2,"Yes","For my children and grandchildren"
"07-05-49-00","Hectares","",4,1,1,25,.5,0,0,"Private owned with land title","Communally owned","Communally owned","Communally owned","Private owned with land title",,,"Yes","Within family","","Village headman / chairperson","","Yes","Very unlikely","Yes","No","Yes","Yes","Yes","No","No","No","No","No","No","No",,"Yes",2,"Yes","No","No","No",,2,"Massive decrease","Massive decrease","No",,,"",2,"No","I'm old now I don't have to get new land"
"12-21-07-33","Hectares","",8,0,0,20,.1,0,0,"Private owned with land title",,,"Communally owned","Private owned with land title",,,"No",,"",,"",,"Maybe, maybe not","Yes","No","No","Yes","Yes","No","No","Yes","No","No","No","No",,"No",,,,,,,20,"The same","The same","No",,,"",1,"No","They have enough space to live"
"23-59-76-04","Hectares","",10,5,0,0,.1,0,.1,"Communally owned","Communally owned",,,"Communally owned",,"Communally owned","Yes","Other individuals","","LC Court","","No","Very likely","Yes","No","Yes","No","No","No","No","No","No","No","No","No",,"No",,,,,,,6,"Massive decrease","Slight decrease","No",,,"",1,"Yes","to move"
"93-87-90-66","Hectares","",0,0,0,0,.1,0,0,,,,,"Private owned with land title",,,"No",,"",,"",,"Very unlikely","No",,,,,,,,,,,,,"No",,,,,,,7,"The same","The same","No",,,"",0,"Yes","They intend to have another plot because they can build a small shop for business and build rooms for rent"
"16-34-09-13","Hectares","",2,0,0,0,.2,0,0,"Private owned with land title",,,,"Private owned with land title",,,"Yes","Other individuals","","Clan / Elder","","No","Likely","Yes","No","Yes","No","No","No","No","No","No","No","No","No",,"Yes",2,"Yes","No","No","No",,15,"Slight decrease","Slight decrease","No",,,"",2,"Yes","Because my current residential area gets flooded when there is rain"
"85-82-50-77","Hectares","",3,0,0,0,2,0,3,"Communally owned",,,,"Communally owned",,"Communally owned","No",,"",,"",,"Very unlikely","No",,,,,,,,,,,,,"No",,,,,,,17,"Slight decrease","Massive decrease","No",,,"",2,"Yes","for farming"
"89-27-41-66","Hectares","",0,0,0,0,0,0,0,,,,,,,,"No",,"",,"",,"Likely","No",,,,,,,,,,,,,"No",,,,,,,17,"The same","The same","No",,,"",0,"No","They do not have money to buy another plot"
"22-81-16-32","Hectares","",0,0,0,0,.1,0,0,,,,,"Private owned with no land title",,,"No",,"",,"",,"Very unlikely","No",,,,,,,,,,,,,"No",,,,,,,0,"Massive decrease","Massive decrease","No",,,"",0,"Yes","just need extra even if I get kicked I have backup"
"54-44-06-88","Hectares","",0,0,0,0,.1,0,0,,,,,"Private owned with land title",,,"No",,"",,"",,"Maybe, maybe not","Yes","No","Yes","No","No","No","No","No","No","Yes","No","No",,"No",,,,,,,6,"Slight increase","Slight increase","No",,,"",0,"Yes","Because I don't have a farm for me to be ploughing on for a better living in future"
"47-49-80-52","Hectares","",0,0,0,0,.1,0,0,,,,,"Private owned with land title",,,"No",,"",,"",,"Maybe, maybe not","Yes","No","Yes","No","No","No","No","Yes","No","No","No","No",,"No",,,,,,,6,"Slight increase","Slight increase","No",,,"",0,"No","I'm too old and my children are grown up to have their own"
"93-73-35-44","Hectares","",1,0,0,0,0,0,0,"Private owned with land title",,,,,,,"Yes","Within family","","Clan / Elder","","No","Likely","Yes","No","No","No","No","No","No","No","No","No","No","Yes",,"No",,,,,,,2,"The same","Slight decrease","No",,,"",1,"Yes","Because her current residential area gets flooded with water during rainy season."
"08-77-46-38","Hectares","",3,78,0,0,1,0,78,"Communally owned","Communally owned",,,"Communally owned",,"Communally owned","Yes","Within family","","Clan / Elder","","Yes","Very likely","No",,,,,,,,,,,,,"No",,,,,,,0,"The same","The same","No",,,"",4,"Yes","For future kids"
"85-57-73-17","Hectares","",2,0,0,6,.5,0,0,"Private owned with land title",,,"Communally owned","Private owned with land title",,,"No",,"",,"",,"unlikely","Yes","No","Yes","No","Yes","No","No","No","No","No","No","No",,"No",,,,,,,0,"Massive decrease","Massive decrease","No",,,"",2,"No","not enough land"
"48-05-99-35","Hectares","",0,0,5,25,.2,0,0,,,"Communally owned","Communally owned","Private owned with no land title",,,"No",,"",,"",,"Very likely","No",,,,,,,,,,,,,"No",,,,,,,8,"Massive decrease","Massive decrease","No",,,"",0,"Yes","i need a farm land."
"67-13-56-73","Hectares","",2,1,0,12,4,0,0,"Private owned with land title","Private owned with land title",,"Communally owned","Private owned with land title",,,"No",,"",,"",,"Very unlikely","Yes","No","No","Yes","Yes","No","No","No","No","No","No","No",,"No",,,,,,,4,"Massive decrease","Massive decrease","No",,,"",1,"No","I currently have a big peace of land and it's still fertile."
"97-33-85-90","Hectares","",2,0,0,0,.1,0,0,"Private owned with land title",,,,"Private owned with land title",,,"No",,"",,"",,"Maybe, maybe not","Yes","No","Yes","No","No","No","No","No","No","No","No","No",,"No",,,,,,,4,"Slight increase","Slight increase","No",,,"",2,"No","I have enough"
"10-54-97-94","Hectares","",11,0,0,0,.1,0,0,"Private owned with land title",,,,"Private owned with land title",,,"No",,"",,"",,"Very unlikely","No",,,,,,,,,,,,,"No",,,,,,,3,"The same","The same","No",,,"",1,"Yes","a plot for cultivating crops because where they normally plough wild animals are always destroying the crops"
"50-35-50-04","Hectares","",2,.5,0,0,.02,0,0,"Communally owned","Communally owned",,,"Communally owned",,,"No",,"",,"",,"unlikely","No",,,,,,,,,,,,,"No",,,,,,,8,"Massive decrease","Massive decrease","No",,,"",1,"Yes","Land is becoming degraded"
"62-96-39-45","Hectares","",4,0,0,0,.1,0,0,"Communally owned",,,,"Communally owned",,,"Yes","Within family","","Village headman / chairperson","","Yes","Likely","No",,,,,,,,,,,,,"No",,,,,,,1,"The same","The same","No",,,"",2,"No","To plough"
"44-55-26-98","Hectares","",0,0,0,0,.5,0,0,,,,,"Private owned with no land title",,,"No",,"",,"",,"unlikely","No",,,,,,,,,,,,,"No",,,,,,,0,"Slight decrease","Slight decrease","No",,,"",0,"Yes","farming"
"93-47-96-78","Hectares","",0,0,0,0,0,0,0,,,,,,,,"No",,"",,"",,"Maybe, maybe not","No",,,,,,,,,,,,,"No",,,,,,,5,"Slight increase","Slight increase","No",,,"",0,"Yes","To farm on and live with my grandchildren"
"18-43-28-32","Hectares","",1,20,0,0,1,0,0,"Private owned with land title","Private owned with land title",,,"Private owned with land title",,,"No",,"",,"",,"unlikely","Yes","No","Yes","No","No","No","No","No","No","No","No","No",,"Yes",3,"Yes","No","No","No",,14,"Slight decrease","Slight decrease","No",,,"",1,"No","Satisfied"
"37-21-15-22","Hectares","",0,0,0,0,.1,0,0,,,,,"Communally owned",,,"Yes","Other individuals","","LC Court","","Yes","Likely","Yes","No","No","Yes","No","No","No","No","No","No","No","No",,"No",,,,,,,1,"Slight decrease","Massive decrease","No",,,"",0,"Yes","I don't think I have enough money to afford a plot."
"87-15-89-67","Hectares","",0,0,0,0,0,0,0,,,,,,,,"No",,"",,"",,"Very likely","No",,,,,,,,,,,,,"No",,,,,,,3,"Massive decrease","Massive decrease","No",,,"",0,"No","currently have no money to get another one"
"79-26-09-22","Hectares","",0,0,0,0,0,0,0,,,,,,,,"No",,"",,"",,"unlikely","No",,,,,,,,,,,,,"No",,,,,,,0,"The same","The same","No",,,"",0,"No","They don't have money to buy another plot or to build anything even if they were given another plot"
"75-05-90-14","Hectares","",0,0,0,0,.5,0,0,,,,,"Communally owned",,,"No",,"",,"",,"Very unlikely","No",,,,,,,,,,,,,"Yes",1,"No","No","Yes","No",,4,"The same","The same","No",,,"",0,"No","satisfied with the current plot"
"24-85-21-24","Hectares","",10,0,0,0,.1,0,0,"Private owned with land title",,,,"Private owned with land title",,,"Yes","Other individuals","","Magistrate","","Yes","Maybe, maybe not","No",,,,,,,,,,,,,"No",,,,,,,5,"Slight increase","Slight increase","No",,,"",1,"Yes","for building houses"
"91-48-78-65","Hectares","",0,0,0,0,.18,0,0,,,,,"Communally owned",,,"Yes","Government","","Magistrate","","No","Very likely","No",,,,,,,,,,,,,"No",,,,,,,4,"Massive decrease","Massive decrease","No",,,"",0,"Yes","To avoid problems of being moved at any time by the Bukalo Village council"
"32-52-77-66","Hectares","",5,0,0,0,1,0,0,"Private owned with land title",,,,"Private owned with land title",,,"No",,"",,"",,"unlikely","Yes","No","Yes","Yes","No","No","No","No","No","No","No","No",,"No",,,,,,,0,"Slight decrease","Massive decrease","No",,,"",2,"No","have enough"
"26-89-84-58","Hectares","",0,0,0,0,.4,0,0,,,,,"Communally owned",,,"No",,"",,"",,"Very unlikely","Yes","No","No","Yes","No","No","No","No","No","No","No","No",,"No",,,,,,,50,"Slight decrease","Massive decrease","No",,,"",0,"Yes","for my kids"
"59-38-71-66","Hectares","",.5,0,0,0,.04,0,0,"Communally owned",,,,"Communally owned",,,"No",,"",,"",,"unlikely","No",,,,,,,,,,,,,"No",,,,,,,6,"Massive decrease","Massive decrease","No",,,"",1,"No","has no money to get another plot"
"02-07-52-84","Hectares","",0,0,0,0,.1,0,0,,,,,"Private owned with land title",,,"No",,"",,"",,"Maybe, maybe not","Yes","No","Yes","No","No","No","No","No","No","No","No","No",,"No",,,,,,,6,"The same","The same","No",,,"",0,"No","They are comfortable with one plot"
"77-80-39-86","Hectares","",0,0,0,0,.1,0,0,,,,,"Communally owned",,,"No",,"",,"",,"Maybe, maybe not","No",,,,,,,,,,,,,"No",,,,,,,16,"Slight decrease","Slight decrease","No",,,"",0,"Yes","to build"
"72-51-39-42","Hectares","",0,0,0,0,200,0,0,,,,,"Private owned with no land title",,,"No",,"",,"",,"Maybe, maybe not","No",,,,,,,,,,,,,"No",,,,,,,2,"Slight decrease","Massive decrease","No",,,"",0,"No","no money to acquire land"
"87-64-80-93","Hectares","",4,0,0,0,0,0,0,"Private owned with land title",,,,,,,"No",,"",,"",,"Maybe, maybe not","No",,,,,,,,,,,,,"No",,,,,,,9,"Slight increase","Slight increase","No",,,"",1,"Yes","For of kids to stay there since my current plot is small"
"36-99-07-56","Hectares","",0,0,0,0,.1,0,0,,,,,"Communally owned",,,"No",,"",,"",,"Maybe, maybe not","No",,,,,,,,,,,,,"No",,,,,,,1,"The same","The same","No",,,"",0,"No","satisfied with the current plot"
"75-89-92-79","Hectares","",3,0,0,0,600,0,0,"Private owned with no land title",,,,"Private owned with no land title",,,"No",,"",,"",,"Maybe, maybe not","No",,,,,,,,,,,,,"No",,,,,,,6,"Slight decrease","Massive decrease","No",,,"",2,"No","no money"
"44-34-32-32","Hectares","",5,2,0,0,.1,0,0,"Communally owned","Communally owned",,,"Communally owned",,,"No",,"",,"",,"Very unlikely","Yes","No","Yes","No","No","No","No","No","No","No","No","No",,"Yes",2,"Yes","No","No","No",,9,"The same","The same","No",,,"",1,"Yes","to plough"
"53-52-93-15","Hectares","",0,0,0,0,0,0,0,,,,,,,,"No",,"",,"",,"Very likely","No",,,,,,,,,,,,,"No",,,,,,,10,"The same","The same","No",,,"",0,"Yes","Build a house for the kids maybe in future the traditional authority mighty bring development and chase them away."
"58-35-74-86","Hectares","",.2,0,0,0,.1,0,0,"Communally owned",,,,"Communally owned",,,"No",,"",,"",,"Very unlikely","No",,,,,,,,,,,,,"No",,,,,,,6,"Slight decrease","Massive decrease","No",,,"",1,"No","we have enough"
"23-82-30-50","Hectares","",1,0,0,0,.1,0,2,"Communally owned",,,,"Communally owned",,"Communally owned","No",,"",,"",,"unlikely","No",,,,,,,,,,,,,"No",,,,,,,14,"Massive decrease","Massive decrease","No",,,"",2,"No","Satisfied with the current plot"
"76-76-95-07","Hectares","",4,3,0,0,800,0,0,"Communally owned","Private owned with land title",,,"Private owned with no land title",,,"No",,"",,"",,"unlikely","No",,,,,,,,,,,,,"No",,,,,,,7,"Slight decrease","Massive decrease","No",,,"",1,"No","have enough"
"69-18-54-45","Hectares","",0,0,0,0,600,0,0,,,,,"Private owned with land title",,,"No",,"",,"",,"Maybe, maybe not","No",,,,,,,,,,,,,"No",,,,,,,3,"Slight decrease","Slight decrease","No",,,"",0,"No","have enough"
"99-14-10-16","Hectares","",0,0,.1,0,.35,0,0,,,"Communally owned",,"Communally owned",,,"No",,"",,"",,"Maybe, maybe not","No",,,,,,,,,,,,,"No",,,,,,,0,"Slight decrease","Slight decrease","No",,,"",0,"No","Because of funds"
"55-02-31-58","Hectares","",.4,1,2,0,.4,0,0,"Communally owned","Communally owned","Communally owned",,"Communally owned",,,"No",,"",,"",,"unlikely","No",,,,,,,,,,,,,"Yes",.4,"No","No","Yes","No",,10,"Massive decrease","Massive decrease","No",,,"",1,"No","land is currently enough for me"
"55-65-32-92","Hectares","",5,75,0,0,.1,0,0,"Communally owned","Communally owned",,,"Communally owned",,,"No",,"",,"",,"Very unlikely","Yes","No","Yes","No","No","No","No","No","No","No","No","No",,"No",,,,,,,17,"The same","The same","No",,,"",3,"No","satisfied"
"66-00-67-40","Hectares","",3,0,0,0,.1,0,0,"Private owned with land title",,,,"Private owned with land title",,,"No",,"",,"",,"Maybe, maybe not","Yes","No","Yes","No","No","No","No","No","No","No","Yes","No",,"No",,,,,,,5,"Slight increase","Slight increase","No",,,"",1,"Yes","For high yield purposes"
"41-51-06-54","Hectares","",5,0,0,0,500,0,0,"Private owned with land title",,,,"Private owned with land title",,,"Yes","Other individuals","","LC Court","","No","Maybe, maybe not","No",,,,,,,,,,,,,"No",,,,,,,3,"Slight decrease","Massive decrease","No",,,"",3,"Yes","for future use, for my children"
"07-18-54-62","Hectares","",1,0,0,0,.2,0,0,"Communally owned",,,,"Communally owned",,,"No",,"",,"",,"Very unlikely","No",,,,,,,,,,,,,"No",,,,,,,5,"Massive decrease","Massive decrease","No",,,"",1,"No","have no money for another plot"
"73-70-79-76","Hectares","",0,0,.1,0,.4,0,0,,,"Communally owned",,"Communally owned",,,"No",,"",,"",,"unlikely","No",,,,,,,,,,,,,"No",,,,,,,14,"Slight decrease","Massive decrease","No",,,"",0,"Yes","Plot for her grandsons"
"40-83-72-17","Hectares","",2,0,0,0,.1,0,0,"Communally owned",,,,"Communally owned",,,"No",,"",,"",,"Very unlikely","No",,,,,,,,,,,,,"No",,,,,,,7,"The same","The same","No",,,"",0,"Yes","for future kids"
"23-74-18-51","Hectares","",2,0,0,0,1,0,0,"Communally owned",,,,"Communally owned",,,"No",,"",,"",,"Very unlikely","No",,,,,,,,,,,,,"No",,,,,,,4,"Slight decrease","Slight decrease","No",,,"",1,"No","we have enough"
"18-88-43-52","Hectares","",0,0,0,0,.1,0,0,,,,,"Private owned with land title",,,"No",,"",,"",,"Very unlikely","No",,,,,,,,,,,,,"No",,,,,,,3,"The same","Massive increase","No",,,"",0,"Yes","To build houses and have more space to live"
"72-37-85-07","Hectares","",1,0,0,0,0,0,0,"Private owned with land title",,,,,,,"No",,"",,"",,"Likely","No",,,,,,,,,,,,,"No",,,,,,,10,"Slight increase","Slight increase","No",,,"",1,"Yes","Have small plot currently"
"84-90-52-18","Hectares","",0,0,0,0,.2,0,0,,,,,"Private owned with land title",,,"No",,"",,"",,"Very likely","No",,,,,,,,,,,,,"No",,,,,,,7,"The same","The same","No",,,"",0,"Yes","Want to build rooms for rent"
"94-23-16-05","Hectares","",0,0,0,0,.3,0,0,,,,,"Communally owned",,,"No",,"",,"",,"Likely","No",,,,,,,,,,,,,"No",,,,,,,5,"Massive decrease","Massive decrease","No",,,"",0,"No","for the children"
"52-32-19-59","Hectares","",26,24,0,24,.18,0,0,"Private owned with land title","Private owned with land title",,"Private owned with land title","Private owned with land title",,,"No",,"",,"",,"Very likely","Yes","No","Yes","Yes","No","No","No","No","No","No","No","No",,"No",,,,,,,7,"Slight decrease","Massive decrease","No",,,"",1,"Yes","Because he is planning to venture into business"
"99-83-95-63","Hectares","",.3,0,0,0,.1,0,0,"Communally owned",,,,"Communally owned",,,"No",,"",,"",,"Maybe, maybe not","No",,,,,,,,,,,,,"No",,,,,,,15,"Slight decrease","Massive decrease","No",,,"",2,"No","I have enough"
"46-29-66-50","Hectares","",50,40,0,0,.1,0,0,"Private owned with land title","Private owned with land title",,,"Private owned with land title",,,"No",,"",,"",,"Very unlikely","No",,,,,,,,,,,,,"No",,,,,,,9,"The same","The same","No",,,"",1,"Yes","To build houses for the young ones"
"82-09-67-93","Hectares","",3,1,13,50,.3,0,0,"Private owned with no land title","Private owned with no land title","Communally owned","Communally owned","Communally owned",,,"No",,"",,"",,"Very unlikely","No",,,,,,,,,,,,,"No",,,,,,,5,"Massive decrease","Massive decrease","No",,,"",1,"Yes","I want another farm ."
"53-00-44-01","Hectares","",2,0,0,0,1,0,0,"Communally owned",,,,"Communally owned",,,"No",,"",,"",,"Maybe, maybe not","Yes","No","Yes","Yes","No","No","No","No","No","No","No","No",,"No",,,,,,,10,"Slight decrease","Massive decrease","No",,,"",1,"Yes","for farming"
"34-98-47-22","Hectares","",.5,0,0,0,.5,0,0,"Private owned with no land title",,,,"Private owned with no land title",,,"No",,"",,"",,"Maybe, maybe not","No",,,,,,,,,,,,,"No",,,,,,,3,"Massive decrease","Massive decrease","No",,,"",1,"No","no money"
"78-72-01-35","Hectares","",4,1,1,1,1,0,0,"Private owned with no land title","Private owned with no land title","Private owned with no land title","Private owned with no land title","Communally owned",,,"No",,"",,"",,"Maybe, maybe not","No",,,,,,,,,,,,,"No",,,,,,,6,"The same","The same","No",,,"",1,"No","We are used to what we have."
"04-97-48-20","Hectares","",0,0,0,0,.1,0,0,,,,,"Private owned with land title",,,"Yes","Other individuals","","LC Court","","No","Maybe, maybe not","Yes","No","Yes","Yes","No","No","No","No","No","No","No","No",,"No",,,,,,,1,"Slight increase","Slight increase","No",,,"",1,"No","have enough"
"99-10-52-87","Hectares","",3,0,0,0,.25,0,0,"Private owned with no land title",,,,"Private owned with land title",,,"Yes","Within family","","Tried to sort out ourselves","","Yes","Very unlikely","No",,,,,,,,,,,,,"No",,,,,,,8,"Slight decrease","Slight decrease","No",,,"",1,"No","She is satisfied and old."
"92-62-56-72","Hectares","",7,0,0,0,.2,0,0,"Communally owned",,,,"Communally owned",,,"No",,"",,"",,"Very unlikely","Yes","No","Yes","Yes","No","No","No","No","No","No","No","No",,"No",,,,,,,6,"Slight decrease","Massive decrease","No",,,"",1,"Yes","for our kids"
"39-32-10-47","Hectares","",4,0,0,0,0,0,0,"Private owned with land title",,,,,,,"No",,"",,"",,"Maybe, maybe not","Yes","No","Yes","Yes","No","No","No","No","No","No","No","No",,"No",,,,,,,0,"Slight increase","Slight increase","No",,,"",2,"No","I have enough land like I wanted"
"25-20-66-75","Hectares","",14,8,20,5,.02,0,0,"Communally owned","Communally owned","Communally owned","Communally owned","Communally owned",,,"No",,"",,"",,"Very unlikely","No",,,,,,,,,,,,,"No",,,,,,,4,"Massive decrease","Massive decrease","No",,,"",1,"No","enough land"
"98-95-69-84","Hectares","",0,0,0,0,.01,0,0,,,,,"Communally owned",,,"No",,"",,"",,"Maybe, maybe not","No",,,,,,,,,,,,,"No",,,,,,,0,"Slight decrease","Slight decrease","No",,,"",0,"No","Satisfied"
"18-35-44-26","Hectares","",3,0,0,0,.2,0,0,"Communally owned",,,,"Private owned with land title",,,"No",,"",,"",,"unlikely","No",,,,,,,,,,,,,"No",,,,,,,3,"Slight decrease","Slight decrease","No",,,"",1,"Yes","To build houses to put for rent and earn extra income"
"59-94-58-22","Hectares","",6,0,0,0,.1,0,0,"Communally owned",,,,"Communally owned",,,"No",,"",,"",,"Maybe, maybe not","Yes","No","Yes","No","No","No","No","No","No","No","No","No",,"No",,,,,,,5,"The same","The same","No",,,"",0,"No","No money to buy another plot"
"40-32-33-96","Hectares","",1,0,0,0,.5,0,0,"Private owned with land title",,,,"Private owned with no land title",,,"No",,"",,"",,"unlikely","Yes","No","Yes","Yes","No","No","No","No","No","No","No","No",,"No",,,,,,,8,"Massive decrease","Massive decrease","No",,,"",1,"No","no money"
"18-30-46-42","Hectares","",6,0,0,0,.5,0,0,"Private owned with no land title",,,,"Private owned with no land title",,,"No",,"",,"",,"Maybe, maybe not","Yes","No","No","Yes","No","No","No","No","No","No","No","No",,"No",,,,,,,0,"Slight decrease","Massive decrease","No",,,"",3,"No","have enough"
"42-15-88-64","Hectares","",1,0,0,0,1,0,0,"Private owned with no land title",,,,"Communally owned",,,"No",,"",,"",,"unlikely","No",,,,,,,,,,,,,"No",,,,,,,4,"Slight decrease","Massive decrease","No",,,"",1,"No","Satisfied"
"19-83-07-46","Hectares","",8,2,0,0,.2,0,0,"Private owned with no land title","Private owned with no land title",,,"Private owned with no land title",,,"No",,"",,"",,"Very unlikely","No",,,,,,,,,,,,,"No",,,,,,,1,"Massive decrease","Massive decrease","No",,,"",1,"Yes","So that my kids grow up they will have land farm."
"16-76-24-92","Hectares","",0,0,0,0,.1,0,0,,,,,"Private owned with land title",,,"No",,"",,"",,"Very unlikely","No",,,,,,,,,,,,,"No",,,,,,,6,"The same","The same","No",,,"",0,"No","The do not have money to build anything even if they get another plot"
"16-98-25-56","Hectares","",10,0,0,0,.1,0,0,"Communally owned",,,,"Communally owned",,,"No",,"",,"",,"Maybe, maybe not","Yes","No","Yes","No","No","No","No","No","No","No","No","No",,"No",,,,,,,0,"The same","The same","No",,,"",0,"No","no"
"08-81-97-68","Hectares","",3,0,0,0,2,0,0,"Private owned with no land title",,,,"Private owned with land title",,,"No",,"",,"",,"unlikely","No",,,,,,,,,,,,,"No",,,,,,,0,"Slight decrease","Slight decrease","No",,,"",1,"No","Satisfied"
"90-75-59-18","Hectares","",.7,0,0,0,.2,0,0,"Communally owned",,,,"Communally owned",,,"No",,"",,"",,"unlikely","No",,,,,,,,,,,,,"No",,,,,,,2,"Slight decrease","Slight decrease","No",,,"",1,"No","Too expensive."
"01-70-02-35","Hectares","",.4,0,0,6,.1,0,0,"Private owned with land title",,,"Communally owned","Private owned with land title",,,"No",,"",,"",,"Maybe, maybe not","Yes","No","Yes","No","No","No","No","No","No","No","No","No",,"No",,,,,,,3,"Massive decrease","Massive decrease","No",,,"",1,"Yes","fore the future of the coming generation,sje wants to build houses for her grandchildren"
"23-94-09-23","Hectares","",.4,0,0,0,.1,0,0,"Private owned with land title",,,,"Private owned with land title",,,"No",,"",,"",,"Very unlikely","No",,,,,,,,,,,,,"No",,,,,,,2,"Slight decrease","Slight decrease","No",,,"",1,"Yes","She would like to have a business plot for vegetables and build another house"
"08-72-61-50","Hectares","",3,4,0,0,.01,0,0,"Communally owned","Communally owned",,,"Communally owned",,,"No",,"",,"",,"Likely","Yes","No","No","No","No","No","No","No","No","Yes","No","No",,"No",,,,,,,1,"Massive decrease","Massive decrease","No",,,"",2,"No","because land is enough"
"83-59-21-47","Hectares","",2,1.7,0,0,.5,0,0,"Private owned with land title","Private owned with land title",,,"Private owned with land title",,,"No",,"",,"",,"Very likely","Yes","No","Yes","No","No","No","No","No","No","No","No","No",,"No",,,,,,,6,"Slight decrease","Massive decrease","No",,,"",3,"Yes","for my children"
"78-07-95-11","Hectares","",4,0,0,0,.1,0,0,"Private owned with land title",,,,"Private owned with land title",,,"Yes","Other individuals","","Village headman / chairperson","","Yes","Maybe, maybe not","Yes","No","Yes","Yes","No","No","No","No","No","No","No","No",,"No",,,,,,,1,"Slight increase","Slight increase","No",,,"",1,"No","because of too much ants on my current plot"
"70-58-67-82","Hectares","",10,0,0,0,1,0,0,"Private owned with no land title",,,,"Communally owned",,,"No",,"",,"",,"unlikely","No",,,,,,,,,,,,,"No",,,,,,,22,"The same","The same","No",,,"",1,"No","Satisfied"
"47-04-86-67","Hectares","",4,0,0,10,.5,0,0,"Private owned with no land title",,,"Communally owned","Private owned with no land title",,,"No",,"",,"",,"Very unlikely","No",,,,,,,,,,,,,"No",,,,,,,7,"Massive decrease","Massive decrease","No",,,"",1,"Yes","additional farm plot"
"92-02-45-21","Hectares","",0,0,0,0,.2,0,0,,,,,"Private owned with land title",,,"No",,"",,"",,"Very unlikely","No",,,,,,,,,,,,,"No",,,,,,,0,"The same","The same","No",,,"",0,"Yes","Maybe one can start a business and build houses for the kids"
"88-75-68-17","Hectares","",4,0,0,0,.6,0,0,"Communally owned",,,,"Communally owned",,,"No",,"",,"",,"Very unlikely","No",,,,,,,,,,,,,"No",,,,,,,2,"Slight decrease","Massive decrease","No",,,"",2,"No","we have enough"
"24-82-46-82","Hectares","",.5,0,0,0,.15,0,0,"Private owned with no land title",,,,"Private owned with land title",,,"Yes","Within family","","Clan / Elder","","No","Very likely","Yes","No","No","No","No","No","No","No","No","Yes","No","No",,"No",,,,,,,5,"Slight decrease","Slight decrease","No",,,"",1,"No","No money for an additional plot"
"21-42-97-88","Hectares","",2,0,0,0,.15,0,0,"Communally owned",,,,"Communally owned",,,"Yes","Other individuals","","Clan / Elder","","Yes","Very unlikely","No",,,,,,,,,,,,,"No",,,,,,,9,"Slight decrease","Massive decrease","No",,,"",1,"Yes","To extend her farming land"
"87-09-20-52","Hectares","",1,0,0,0,.2,0,0,"Communally owned",,,,"Communally owned",,,"No",,"",,"",,"Very likely","No",,,,,,,,,,,,,"No",,,,,,,38,"Slight decrease","Massive decrease","No",,,"",1,"No","we have enough"
"68-10-75-89","Hectares","",1,0,0,0,.5,0,0,"Private owned with no land title",,,,"Private owned with no land title",,,"Yes","Within family","","LC Court","","Yes","Maybe, maybe not","No",,,,,,,,,,,,,"No",,,,,,,2,"Slight decrease","Massive decrease","No",,,"",1,"No","this is all we have, no money to acquire additional plot"
"43-52-85-97","Hectares","",3,0,0,0,.1,0,0,"Communally owned",,,,"Communally owned",,,"No",,"",,"",,"Maybe, maybe not","No",,,,,,,,,,,,,"No",,,,,,,3,"Slight increase","Slight increase","No",,,"",0,"No","They don't have enough money to build or do anything even if they get a plot"
"00-31-45-58","Hectares","",0,0,0,0,.2,0,0,,,,,"Private owned with land title",,,"No",,"",,"",,"Very unlikely","No",,,,,,,,,,,,,"No",,,,,,,0,"Slight increase","Slight increase","No",,,"",0,"Yes","There no money to build anything even if they get another plot"
"89-47-55-13","Hectares","",2,0,0,0,.2,0,0,"Communally owned",,,,"Communally owned",,,"No",,"",,"",,"Very unlikely","No",,,,,,,,,,,,,"No",,,,,,,3,"Slight decrease","Massive decrease","No",,,"",1,"No","we have enough"
"86-75-09-05","Hectares","",0,0,0,0,.1,0,0,,,,,"Communally owned",,,"No",,"",,"",,"Maybe, maybe not","No",,,,,,,,,,,,,"No",,,,,,,3,"The same","The same","No",,,"",0,"No","satisfied"
"70-15-38-18","Hectares","",1,0,0,0,.1,0,.1,"Communally owned",,,,"Communally owned",,"Communally owned","Yes","Other individuals","","LC Court","","No","Very likely","No",,,,,,,,,,,,,"No",,,,,,,1,"The same","The same","No",,,"",0,"Yes","To shift"
"13-43-56-11","Hectares","",1,0,0,0,.1,0,0,"Private owned with land title",,,,"Private owned with land title",,,"No",,"",,"",,"Very unlikely","No",,,,,,,,,,,,,"No",,,,,,,12,"Slight increase","Slight decrease","No",,,"",1,"No","She doesn't have money to build on invest in to the plot"
"41-78-59-34","Hectares","",1,0,0,0,.5,0,0,"Private owned with no land title",,,,"Private owned with no land title",,,"No",,"",,"",,"Maybe, maybe not","No",,,,,,,,,,,,,"No",,,,,,,2,"Slight decrease","Massive decrease","No",,,"",1,"No","no money"
"76-42-64-83","Hectares","",.8,0,0,0,.5,0,0,"Co-share/ co-farming",,,,"Private owned with no land title",,,"No",,"",,"",,"unlikely","No",,,,,,,,,,,,,"No",,,,,,,2,"The same","Massive decrease","No",,,"",1,"No","no money"
"60-08-55-10","Hectares","",3,0,.1,0,0,0,0,"Private owned with no land title",,"Private owned with no land title",,,,,"No",,"",,"",,"unlikely","No",,,,,,,,,,,,,"No",,,,,,,50,"Slight decrease","Slight decrease","No",,,"",1,"No","He has a plot already"
"09-76-96-87","Hectares","",.6,0,0,0,.5,0,0,"Private owned with land title",,,,"Private owned with land title",,,"No",,"",,"",,"Maybe, maybe not","Yes","No","No","Yes","Yes","No","No","No","No","No","No","No",,"No",,,,,,,0,"Slight decrease","Massive decrease","No",,,"",1,"No","no money"
"24-13-90-91","Hectares","",4,0,0,0,.1,0,0,"Communally owned",,,,"Communally owned",,,"Yes","Within family","","Tried to sort out ourselves","","Yes","Maybe, maybe not","No",,,,,,,,,,,,,"No",,,,,,,3,"The same","The same","No",,,"",2,"Yes","to make a project"
"79-64-90-22","Hectares","",2,0,0,0,.1,0,0,"Private owned with land title",,,,"Private owned with land title",,,"No",,"",,"",,"Maybe, maybe not","No",,,,,,,,,,,,,"No",,,,,,,4,"The same","The same","No",,,"",3,"Yes","She wants a plot to make a big vegetable garden"
"88-15-47-53","Hectares","",2,2,0,0,.1,0,0,"Private owned with no land title","Private owned with land title",,,"Communally owned",,,"No",,"",,"",,"Likely","No",,,,,,,,,,,,,"No",,,,,,,2,"The same","The same","No",,,"",1,"No","Satisfied"
"74-17-56-50","Hectares","",9,12,0,0,1,0,0,"Private owned with land title","Private owned with land title",,,"Communally owned",,,"No",,"",,"",,"unlikely","No",,,,,,,,,,,,,"No",,,,,,,0,"Slight decrease","Slight decrease","No",,,"",2,"No","Satisfied"
"65-73-74-13","Hectares","",2,0,0,0,.5,0,0,"Communally owned",,,,"Communally owned",,,"No",,"",,"",,"Very unlikely","Yes","No","No","Yes","No","No","No","No","No","No","No","No",,"No",,,,,,,2,"Slight decrease","Massive decrease","No",,,"",1,"No","we have enough"
"78-26-64-75","Hectares","",0,0,0,0,.5,0,0,,,,,"Private owned with no land title",,,"No",,"",,"",,"Maybe, maybe not","No",,,,,,,,,,,,,"No",,,,,,,3,"Massive decrease","Massive decrease","No",,,"",0,"No","no money"
"57-56-64-78","Hectares","",2,1,0,0,.3,0,0,"Private owned with no land title","Private owned with no land title",,,"Communally owned",,,"Yes","Within family","","Nowhere","","No","Very likely","No",,,,,,,,,,,,,"No",,,,,,,2,"Massive decrease","Massive decrease","No",,,"",2,"Yes","I have kids and they are growing up, so will need space to build structures."
"79-27-11-92","Hectares","",.7,4,0,0,1,0,0,"Private owned with land title","Private owned with land title",,,"Private owned with land title",,,"Yes","Other individuals","","LC Court","","Yes","Very unlikely","No",,,,,,,,,,,,,"No",,,,,,,2,"Massive decrease","Massive decrease","No",,,"",1,"Yes","I need more land for my children and grandchildren."
"01-06-16-47","Hectares","",4,0,0,0,.25,0,0,"Communally owned",,,,"Communally owned",,,"No",,"",,"",,"unlikely","No",,,,,,,,,,,,,"No",,,,,,,5,"Slight decrease","Slight decrease","No",,,"",1,"No","No Money for an additional plot."
"80-39-36-38","Hectares","",5,0,0,2,.2,0,0,"Private owned with land title",,,"Communally owned","Private owned with land title",,,"No",,"",,"",,"Very unlikely","Yes","No","Yes","Yes","No","No","No","No","No","No","No","No",,"No",,,,,,,4,"The same","The same","No",,,"",1,"Yes","Another plot to build a shop for income generating"
"96-17-52-94","Hectares","",5,2,0,0,.25,0,0,"Private owned with no land title","Private owned with no land title",,,"Private owned with land title",,,"No",,"",,"",,"unlikely","No",,,,,,,,,,,,,"No",,,,,,,15,"Slight decrease","Slight decrease","No",,,"",1,"No","I have enough"
"67-51-54-29","Hectares","",.6,0,0,0,.5,0,0,"Private owned with land title",,,,"Private owned with land title",,,"No",,"",,"",,"Very unlikely","Yes","No","No","Yes","No","No","No","No","No","No","No","No",,"No",,,,,,,1,"Slight decrease","Massive decrease","No",,,"",1,"No","no money"
"94-25-30-28","Hectares","",1,0,0,0,.1,0,0,"Private owned with land title",,,,"Private owned with land title",,,"No",,"",,"",,"Maybe, maybe not","No",,,,,,,,,,,,,"No",,,,,,,11,"Slight increase","Slight increase","No",,,"",1,"No","Have enough"
"99-05-99-45","Hectares","",2,1,0,0,.1,0,0,"Private owned with no land title","Private owned with no land title",,,"Private owned with no land title",,,"No",,"",,"",,"Very unlikely","No",,,,,,,,,,,,,"No",,,,,,,3,"Massive decrease","Massive decrease","No",,,"",2,"No","enough plot am old"
"55-49-77-29","Hectares","",2,5,4,20,.02,0,0,"Communally owned","Communally owned","Communally owned","Communally owned","Communally owned",,,"No",,"",,"",,"Very unlikely","No",,,,,,,,,,,,,"Yes",1,"No","No","No","Yes",,7,"Massive decrease","Massive decrease","No",,,"",2,"No","Land is enough"
"59-94-70-54","Hectares","",.3,0,3,4,.4,0,0,"Private owned with no land title",,"Communally owned","Communally owned","Private owned with no land title",,,"No",,"",,"",,"Very unlikely","No",,,,,,,,,,,,,"No",,,,,,,2,"Massive decrease","Massive decrease","No",,,"",1,"Yes","I need land for farming and raising cattle"
"18-48-78-90","Hectares","",0,0,0,0,.5,0,0,,,,,"Private owned with no land title",,,"No",,"",,"",,"Maybe, maybe not","No",,,,,,,,,,,,,"No",,,,,,,0,"Massive decrease","Massive decrease","No",,,"",0,"No","no money"
"91-78-23-71","Hectares","",0,0,0,0,.1,0,0,,,,,"Communally owned",,,"No",,"",,"",,"Very unlikely","Yes","No","Yes","No","No","No","No","No","No","No","No","No",,"No",,,,,,,3,"The same","The same","No",,,"",0,"No","satisfied with the current plot"
"79-02-43-99","Hectares","",.2,0,0,0,.1,0,0,"Private owned with land title",,,,"Private owned with land title",,,"No",,"",,"",,"Likely","Yes","No","No","No","No","No","No","No","No","Yes","Yes","No",,"No",,,,,,,5,"Slight increase","Slight increase","No",,,"",1,"Yes","Farming purposes"
"05-99-22-70","Hectares","",9,0,0,0,.1,0,0,"Private owned with no land title",,,,"Private owned with land title",,,"No",,"",,"",,"Very likely","No",,,,,,,,,,,,,"No",,,,,,,0,"Massive decrease","Massive decrease","No",,,"",1,"No","the plot is big"
"19-70-78-40","Hectares","",1,0,0,0,.1,0,0,"Private owned with land title",,,,"Private owned with land title",,,"No",,"",,"",,"Maybe, maybe not","No",,,,,,,,,,,,,"No",,,,,,,0,"Slight increase","Slight increase","No",,,"",1,"Yes","stay on with my family in future"
"24-76-11-61","Hectares","",2,0,0,0,1,0,0,"Communally owned",,,,"Private owned with land title",,,"No",,"",,"",,"unlikely","No",,,,,,,,,,,,,"No",,,,,,,20,"The same","The same","No",,,"",1,"No","Satisfied"
"01-56-68-49","Hectares","",1,0,0,0,.1,0,0,"Private owned with land title",,,,"Private owned with land title",,,"No",,"",,"",,"Very unlikely","No",,,,,,,,,,,,,"No",,,,,,,13,"The same","The same","No",,,"",1,"Yes","The sand is not really good for farming"
"48-81-58-75","Hectares","",4,0,0,0,.1,0,0,"Communally owned",,,,"Communally owned",,,"No",,"",,"",,"Likely","No",,,,,,,,,,,,,"No",,,,,,,0,"The same","Slight increase","No",,,"",0,"Yes","To build"
"88-17-46-63","Hectares","",1,1,0,1,.2,0,0,"Private owned with land title","Private owned with no land title",,"Private owned with no land title","Private owned with land title",,,"No",,"",,"",,"Very unlikely","No",,,,,,,,,,,,,"No",,,,,,,0,"Slight decrease","Slight decrease","No",,,"",1,"No","The land I have now is enough for me."
"64-24-89-62","Hectares","",2,0,0,0,.5,0,0,"Communally owned",,,,"Communally owned",,,"No",,"",,"",,"Very unlikely","Yes","No","Yes","No","No","No","No","No","No","No","No","No",,"No",,,,,,,10,"Slight decrease","Massive decrease","No",,,"",1,"No","we have enough"
"79-97-16-20","Hectares","",4,3,0,0,.5,0,0,"Private owned with land title","Private owned with land title",,,"Private owned with land title",,,"No",,"",,"",,"Very unlikely","Yes","No","Yes","No","No","No","No","No","No","No","No","No",,"No",,,,,,,4,"Slight decrease","Massive decrease","No",,,"",6,"Yes","for future use maybe in years to come I will afford farming"
"22-78-59-76","Hectares","",2,0,0,0,.2,0,0,"Communally owned",,,,"Communally owned",,,"No",,"",,"",,"Very unlikely","Yes","No","No","Yes","No","No","No","No","No","No","No","No",,"No",,,,,,,5,"Slight decrease","Massive decrease","No",,,"",1,"Yes","for future use"
"68-66-94-81","Hectares","",.35,0,0,0,.15,0,0,"Communally owned",,,,"Communally owned",,,"No",,"",,"",,"unlikely","Yes","No","No","No","No","No","No","No","No","No","No","Yes",,"No",,,,,,,2,"Slight decrease","Slight decrease","No",,,"",1,"No","They have one already"
"55-05-77-24","Hectares","",0,0,0,0,.2,0,0,,,,,"Private owned with land title",,,"No",,"",,"",,"Very unlikely","No",,,,,,,,,,,,,"No",,,,,,,0,"The same","The same","No",,,"",0,"No","They believe it's very difficult to find another plot"
"96-11-62-92","Hectares","",4,0,0,0,.2,0,0,"Private owned with land title",,,,"Private owned with land title",,,"No",,"",,"",,"unlikely","No",,,,,,,,,,,,,"No",,,,,,,3,"Slight decrease","The same","No",,,"",1,"No","They have enough of land"
"78-34-55-08","Hectares","",0,0,0,0,.1,0,0,,,,,"Private owned with land title",,,"No",,"",,"",,"unlikely","Yes","No","Yes","No","No","No","No","No","No","Yes","No","No",,"No",,,,,,,3,"Slight increase","Slight increase","No",,,"",0,"Yes","Farming purposes"
"62-52-92-33","Hectares","",.3,5,20,0,.2,0,0,"Communally owned","Communally owned","Communally owned",,"Communally owned",,,"No",,"",,"",,"Maybe, maybe not","No",,,,,,,,,,,,,"Yes",.2,"Yes","No","No","No",,6,"Massive decrease","Massive decrease","No",,,"",9,"No","we have enough"
"11-84-22-34","Hectares","",1,.6,0,0,.15,0,0,"Communally owned","Communally owned",,,"Communally owned",,,"No",,"",,"",,"unlikely","No",,,,,,,,,,,,,"No",,,,,,,1,"Slight decrease","Massive decrease","No",,,"",1,"No","No funds for an additional plot"
"75-25-19-33","Hectares","",3,0,0,0,.1,0,0,"Private owned with land title",,,,"Private owned with no land title",,,"No",,"",,"",,"Very unlikely","Yes","No","Yes","Yes","Yes","No","No","No","No","No","No","No",,"No",,,,,,,0,"Massive decrease","Massive decrease","No",,,"",1,"Yes","need more space for farming and the one am having is old not fertile anymore"
"25-28-42-89","Hectares","",0,0,0,0,.1,0,0,,,,,"Communally owned",,,"No",,"",,"",,"Maybe, maybe not","No",,,,,,,,,,,,,"No",,,,,,,1,"The same","The same","No",,,"",0,"No","no money to buy another plot"
"17-22-63-49","Hectares","",1,.5,4,0,.02,0,0,"Communally owned","Communally owned","Communally owned",,"Communally owned",,,"Yes","Other individuals","","Other (please specify)","Rural Land resettlement (government)","No","Very likely","No",,,,,,,,,,,,,"No",,,,,,,5,"Massive decrease","Massive decrease","No",,,"",1,"No","Because this current land has so many disputes"
"75-11-04-39","Hectares","",2,0,1,0,.1,0,0,"Private owned with no land title",,"Private owned with no land title",,"Private owned with no land title",,,"No",,"",,"",,"Maybe, maybe not","No",,,,,,,,,,,,,"Yes",2,"Yes","No","Yes","No",,5,"Massive decrease","Massive decrease","No",,,"",1,"No","the one am having is enough for my family"
"42-13-72-77","Hectares","",.7,0,0,0,.5,0,0,"Private owned with land title",,,,"Private owned with land title",,,"No",,"",,"",,"Very unlikely","Yes","No","No","Yes","No","No","No","No","No","No","No","No",,"No",,,,,,,0,"Slight decrease","Massive decrease","No",,,"",2,"No","no money to acquire and clear the land"
"22-71-31-86","Hectares","",2,1,0,0,.1,0,0,"Private owned with no land title","Private owned with no land title",,,"Private owned with no land title",,,"No",,"",,"",,"Very unlikely","No",,,,,,,,,,,,,"No",,,,,,,1,"Slight decrease","Massive decrease","No",,,"",1,"No","Don't have money"
"72-79-67-76","Hectares","",4,0,0,0,.1,0,0,"Communally owned",,,,"Communally owned",,,"No",,"",,"",,"Maybe, maybe not","No",,,,,,,,,,,,,"No",,,,,,,8,"Slight decrease","Slight decrease","No",,,"",0,"No","No money to buy land"
"55-61-00-58","Hectares","",0,0,0,0,0,0,0,,,,,,,,"No",,"",,"",,"Maybe, maybe not","No",,,,,,,,,,,,,"No",,,,,,,0,"Massive decrease","Massive decrease","No",,,"",0,"Yes","want to start farming"
"83-84-11-33","Hectares","",2,0,0,10,.2,0,0,"Private owned with land title",,,"Communally owned","Private owned with land title",,,"No",,"",,"",,"Very unlikely","No",,,,,,,,,,,,,"No",,,,,,,0,"The same","The same","No",,,"",1,"Yes","Generating income maybe build houses for rent"
"57-06-39-78","Hectares","",4,0,0,0,1,0,0,"Communally owned",,,,"Communally owned",,,"Yes","Other individuals","","Tried to sort out ourselves","","Yes","Very likely","No",,,,,,,,,,,,,"Yes",2,"Yes","No","No","No",,3,"Slight decrease","Massive decrease","No",,,"",1,"No","Because their farm is in the area"
"28-44-47-60","Hectares","",2,0,0,0,.5,0,0,"Communally owned",,,,"Communally owned",,,"No",,"",,"",,"Very unlikely","Yes","No","No","Yes","No","No","No","No","No","No","No","No",,"No",,,,,,,2,"Slight decrease","Massive decrease","No",,,"",1,"Yes","for my kids future"
"99-83-86-30","Hectares","",1,0,.8,-888,.002,0,0,"Communally owned",,"Communally owned",,"Communally owned",,,"No",,"",,"",,"unlikely","No",,,,,,,,,,,,,"No",,,,,,,6,"Massive decrease","Massive decrease","No",,,"",2,"No","current land is enough"
"95-87-87-82","Hectares","",0,0,0,0,.2,0,0,,,,,"Private owned with land title",,,"No",,"",,"",,"Very unlikely","No",,,,,,,,,,,,,"No",,,,,,,4,"The same","The same","No",,,"",0,"No","He wants another plot for business"
"51-10-14-61","Hectares","",1,0,0,0,.5,0,0,"Communally owned",,,,"Communally owned",,,"No",,"",,"",,"Very unlikely","Yes","No","Yes","No","No","No","No","Yes","No","No","No","No",,"No",,,,,,,4,"The same","The same","No",,,"",1,"Yes","satisfied"
"38-80-77-22","Hectares","",4,0,0,0,.1,0,0,"Co-share/ co-farming",,,,"Private owned with no land title",,,"No",,"",,"",,"Very likely","No",,,,,,,,,,,,,"No",,,,,,,3,"Massive decrease","Massive decrease","No",,,"",1,"No","it's enough for the family"
"32-85-49-35","Hectares","",0,0,0,0,.2,0,0,,,,,"Communally owned",,,"No",,"",,"",,"unlikely","No",,,,,,,,,,,,,"No",,,,,,,0,"Slight decrease","Massive decrease","No",,,"",0,"No","She intends  to invest on her piece of land"
"67-57-93-16","Hectares","",2,0,0,0,2,0,0,"Communally owned",,,,"Communally owned",,,"No",,"",,"",,"Very unlikely","Yes","No","No","Yes","No","No","No","No","No","No","No","No",,"No",,,,,,,10,"Slight decrease","Massive decrease","No",,,"",1,"Yes","for farming"
"66-09-29-33","Hectares","",1.2,0,0,0,.3,0,0,"Private owned with no land title",,,,"Communally owned",,,"No",,"",,"",,"Very unlikely","No",,,,,,,,,,,,,"No",,,,,,,5,"Massive decrease","Massive decrease","No",,,"",1,"Yes","Getting land these days is not easy at all."
"88-76-61-78","Hectares","",10,0,0,0,.1,0,0,"Private owned with land title",,,,"Private owned with land title",,,"No",,"",,"",,"Maybe, maybe not","No",,,,,,,,,,,,,"No",,,,,,,24,"Slight increase","Slight increase","No",,,"",2,"No","I have enough"
"45-30-93-43","Hectares","",3,1,0,0,.3,0,0,"Private owned with no land title","Private owned with no land title",,,"Private owned with no land title",,,"No",,"",,"",,"Very unlikely","No",,,,,,,,,,,,,"No",,,,,,,3,"Massive decrease","Massive decrease","No",,,"",1,"Yes","I want to do it for my kids."
"39-72-47-05","Hectares","",0,0,0,0,.2,0,0,,,,,"Private owned with land title",,,"Yes","Within family","","Clan / Elder","","No","Maybe, maybe not","Yes","No","No","Yes","No","No","No","No","No","No","No","No",,"No",,,,,,,3,"Slight decrease","Massive decrease","No",,,"",0,"No","They are comfortable where they are"
"91-78-19-91","Hectares","",3,1,0,5,.3,0,0,"Private owned with no land title","Private owned with land title",,"Communally owned","Private owned with land title",,,"Yes","Within family","","Nowhere","","Yes","Maybe, maybe not","Yes","No","Yes","No","No","No","No","No","No","No","No","No",,"No",,,,,,,2,"Massive decrease","Massive decrease","No",,,"",2,"No","I have enough land."
"80-88-34-81","Hectares","",0,0,0,1,1,0,0,,,,"Private owned with no land title","Private owned with land title",,,"No",,"",,"",,"unlikely","No",,,,,,,,,,,,,"No",,,,,,,0,"Slight decrease","Slight decrease","No",,,"",0,"No","Satisfied"
"00-93-28-41","Hectares","",1,0,0,0,.1,0,0,"Private owned with land title",,,,"Private owned with land title",,,"No",,"",,"",,"Maybe, maybe not","No",,,,,,,,,,,,,"No",,,,,,,7,"Slight increase","Slight increase","No",,,"",1,"No","Have enough land"
"15-34-12-49","Hectares","",2,1,0,0,.2,0,0,"Private owned with no land title","Private owned with no land title",,,"Private owned with no land title",,,"No",,"",,"",,"Very likely","No",,,,,,,,,,,,,"No",,,,,,,2,"Massive decrease","Massive decrease","No",,,"",1,"No","I don't have money."
"57-48-46-10","Hectares","",4,2,0,0,.4,0,0,"Communally owned","Communally owned",,,"Communally owned",,,"Yes","Other individuals","","Clan / Elder","","Yes","Likely","Yes","No","Yes","No","No","No","No","No","No","No","No","No",,"No",,,,,,,2,"Slight decrease","Massive decrease","No",,,"",1,"Yes","To to sustain her grandchildren as population is growing"
"17-87-43-63","Hectares","",6,1.04,0,50,.2,0,0,"Private owned with land title","Private owned with land title",,"Communally owned","Private owned with land title",,,"No",,"",,"",,"Very unlikely","No",,,,,,,,,,,,,"No",,,,,,,7,"The same","The same","No",,,"",1,"Yes","To build houses for the grandchildren to stay"
"11-23-87-11","Hectares","",3,0,.5,0,.5,0,0,"Communally owned",,"Communally owned",,"Communally owned",,,"No",,"",,"",,"Maybe, maybe not","No",,,,,,,,,,,,,"No",,,,,,,40,"The same","The same","No",,,"",1,"No","satisfied"
"33-90-70-88","Hectares","",2,0,0,0,1,0,0,"Communally owned",,,,"Communally owned",,,"Yes","Within family","","Village headman / chairperson","","Yes","Very likely","Yes","No","Yes","Yes","No","No","No","No","No","No","No","No",,"No",,,,,,,13,"Slight decrease","Massive decrease","No",,,"",1,"No","we have enough"
"42-88-20-46","Hectares","",.6,0,0,10,.5,0,0,"Private owned with no land title",,,"Communally owned","Private owned with no land title",,,"No",,"",,"",,"Very unlikely","Yes","No","Yes","Yes","No","No","No","No","No","No","No","No",,"No",,,,,,,4,"Massive decrease","Massive decrease","No",,,"",2,"No","not enough land"
"56-60-42-49","Hectares","",0,0,0,0,0,0,0,,,,,,,,"No",,"",,"",,"Very unlikely","No",,,,,,,,,,,,,"No",,,,,,,0,"Massive decrease","Massive decrease","No",,,"",0,"No","yes because currently not cultivating because the is no plot therefore need a plot"
"06-49-16-95","Hectares","",.8,1,0,0,.02,0,0,"Communally owned","Communally owned",,,"Communally owned",,,"Yes","Other individuals","","LC Court","","Yes","Maybe, maybe not","No",,,,,,,,,,,,,"No",,,,,,,2,"Massive decrease","Massive decrease","No",,,"",1,"Yes","The current plot seems to have bad soil the land has degraded."
"14-59-43-81","Hectares","",.8,2,20,20,.02,0,0,"Communally owned","Communally owned","Communally owned","Communally owned","Communally owned",,,"No",,"",,"",,"Maybe, maybe not","No",,,,,,,,,,,,,"No",,,,,,,2,"Massive decrease","Massive decrease","No",,,"",1,"No","then land is enough"
"43-19-04-75","Hectares","",6,6,0,0,.1,0,0,"Communally owned","Communally owned",,,"Communally owned",,,"No",,"",,"",,"Very unlikely","Yes","No","Yes","No","No","No","No","No","No","No","No","No",,"No",,,,,,,13,"The same","The same","No",,,"",2,"No","satisfied"
"25-55-58-39","Hectares","",7,7,0,0,.1,0,0,"Communally owned","Communally owned",,,"Communally owned",,,"No",,"",,"",,"Maybe, maybe not","No",,,,,,,,,,,,,"No",,,,,,,5,"The same","The same","No",,,"",0,"Yes","To build houses"
"56-55-71-21","Hectares","",.3,0,0,0,.1,0,0,"Private owned with land title",,,,"Private owned with land title",,,"No",,"",,"",,"Very likely","Yes","No","Yes","No","No","No","No","Yes","No","No","No","No",,"No",,,,,,,6,"Slight increase","Slight increase","No",,,"",3,"Yes","To increse yield"
"26-16-97-29","Hectares","",0,0,3,3,.2,0,0,,,"Communally owned","Communally owned","Private owned with no land title",,,"Yes","Other individuals","","Village headman / chairperson","","Yes","Very likely","Yes","No","No","Yes","No","No","No","No","No","No","No","No",,"No",,,,,,,0,"Massive decrease","Massive decrease","No",,,"",0,"Yes","The area where am residing I very small and I need land for farming."
"94-40-34-45","Hectares","",0,0,4,3,.3,0,0,,,"Communally owned","Communally owned","Communally owned",,,"No",,"",,"",,"Very unlikely","No",,,,,,,,,,,,,"No",,,,,,,3,"Massive decrease","Massive decrease","No",,,"",0,"Yes","I need more land for farming"
"57-09-13-31","Hectares","",0,0,0,0,.2,0,0,,,,,"Private owned with land title",,,"No",,"",,"",,"Very unlikely","No",,,,,,,,,,,,,"No",,,,,,,5,"Slight increase","Slight increase","No",,,"",0,"Yes","So she can build houses for her children and move away from big villages"
"06-81-92-15","Hectares","",2,1,0,0,.2,0,0,"Private owned with no land title","Private owned with no land title",,,"Private owned with no land title",,,"No",,"",,"",,"Very unlikely","No",,,,,,,,,,,,,"No",,,,,,,3,"Massive decrease","Massive decrease","No",,,"",1,"No","I'm fine with what I have."
"71-51-46-91","Hectares","",2,0,0,0,.1,0,0,"Private owned with land title",,,,"Private owned with land title",,,"No",,"",,"",,"Very likely","Yes","No","Yes","Yes","No","No","No","No","No","No","No","No",,"No",,,,,,,5,"Massive decrease","Massive decrease","No",,,"",1,"No","too old"
"99-70-86-40","Hectares","",2,0,0,0,.1,0,0,"Private owned with land title",,,,"Private owned with land title",,,"Yes","Other individuals","","Village headman / chairperson","","No","Maybe, maybe not","Yes","No","Yes","No","No","No","No","No","No","Yes","No","No",,"No",,,,,,,8,"Slight increase","Slight increase","No",,,"",1,"Yes","To increase farm yield"
"54-72-28-02","Hectares","",5,0,0,0,0,0,0,"Private owned with no land title",,,,,,,"No",,"",,"",,"Maybe, maybe not","No",,,,,,,,,,,,,"No",,,,,,,3,"Massive decrease","Massive decrease","No",,,"",4,"No","it's enough for the family"
"93-06-95-85","Hectares","",.3,.7,0,-888,.02,0,0,"Communally owned","Communally owned",,,"Communally owned",,,"No",,"",,"",,"Maybe, maybe not","No",,,,,,,,,,,,,"No",,,,,,,3,"Massive decrease","Massive decrease","No",,,"",1,"Yes","Want to increase crop production"
"44-70-83-36","Hectares","",10,10,0,0,.1,0,0,"Private owned with land title","Private owned with land title",,,"Private owned with land title",,,"No",,"",,"",,"Likely","No",,,,,,,,,,,,,"No",,,,,,,2,"The same","The same","No",,,"",1,"No","Too old to have another plot I'm fine with what I have"
"76-32-33-95","Hectares","",1,0,0,0,.5,0,0,"Communally owned",,,,"Communally owned",,,"No",,"",,"",,"Very unlikely","No",,,,,,,,,,,,,"No",,,,,,,5,"Slight decrease","Slight decrease","No",,,"",2,"Yes","for farming"
"01-38-25-96","Hectares","",5,0,0,0,.5,0,0,"Private owned with no land title",,,,"Private owned with no land title",,,"No",,"",,"",,"Maybe, maybe not","No",,,,,,,,,,,,,"No",,,,,,,5,"Massive decrease","Massive decrease","No",,,"",1,"No","not enough land"
"89-39-79-72","Hectares","",2,0,0,0,.1,0,0,"Private owned with no land title",,,,"Private owned with no land title",,,"No",,"",,"",,"Very likely","No",,,,,,,,,,,,,"No",,,,,,,1,"Massive decrease","Massive decrease","No",,,"",1,"No","don't have equipment for farming so there is no need to have another plot"
"00-49-63-51","Hectares","",0,0,0,0,.1,0,0,,,,,"Private owned with land title",,,"No",,"",,"",,"Very unlikely","No",,,,,,,,,,,,,"No",,,,,,,9,"The same","The same","No",,,"",0,"No","They are comfortable where the live and they just never thought of having another plot"
"76-58-89-37","Hectares","",3,1,0,0,.5,0,0,"Private owned with land title","Private owned with land title",,,"Private owned with no land title",,,"No",,"",,"",,"Likely","Yes","No","Yes","No","No","No","No","No","No","No","No","No",,"No",,,,,,,5,"Massive decrease","Massive decrease","No",,,"",2,"Yes","additional plot for grandchildren"
"20-56-52-98","Hectares","",6,0,0,0,.1,0,6,"Communally owned",,,,"Communally owned",,"Communally owned","No",,"",,"",,"Maybe, maybe not","No",,,,,,,,,,,,,"No",,,,,,,1,"The same","The same","No",,,"",2,"No","satisfied with the current plot"
"64-47-42-17","Hectares","",.75,0,0,0,.3,0,0,"Communally owned",,,,"Communally owned",,,"No",,"",,"",,"unlikely","No",,,,,,,,,,,,,"No",,,,,,,5,"Slight decrease","Slight decrease","No",,,"",1,"No","Because the area is good o them sofar"
"13-81-47-95","Hectares","",7,2,0,0,.2,0,0,"Private owned with no land title","Private owned with no land title",,,"Private owned with no land title",,,"No",,"",,"",,"Very unlikely","No",,,,,,,,,,,,,"No",,,,,,,10,"Slight decrease","Massive decrease","No",,,"",2,"No","I'm comfortable with what I have now."
"29-99-72-08","Hectares","",5,0,0,0,.3,0,0,"Communally owned",,,,"Communally owned",,,"Yes","Within family","","Tried to sort out ourselves","","No","unlikely","No",,,,,,,,,,,,,"Yes",0,"Yes","No","No","No",,2,"Slight decrease","Massive decrease","No",,,"",1,"Yes","for farming"
"24-83-83-50","Hectares","",6,0,0,0,.1,0,0,"Communally owned",,,,"Communally owned",,,"Yes","Other individuals","","LC Court","","Yes","Likely","Yes","No","Yes","No","No","No","No","No","No","No","No","No",,"No",,,,,,,6,"The same","The same","No",,,"",1,"No","Satisfied"
"47-22-90-00","Hectares","",.5,0,0,0,.15,0,0,"Communally owned",,,,"Communally owned",,,"No",,"",,"",,"unlikely","No",,,,,,,,,,,,,"Yes",-888,"Yes","No","No","No",,0,"Slight decrease","Massive decrease","No",,,"",1,"Yes","To have another farm land"
"98-86-29-38","Hectares","",10,0,0,0,.1,0,.1,"Communally owned",,,,"Communally owned",,"Communally owned","No",,"",,"",,"Very unlikely","Yes","No","Yes","No","No","No","No","No","No","No","No","No",,"No",,,,,,,0,"The same","The same","No",,,"",1,"Yes","To cultivate"
"38-47-12-60","Hectares","",5,0,0,0,1,0,0,"Communally owned",,,,"Communally owned",,,"No",,"",,"",,"Very unlikely","Yes","No","Yes","Yes","No","No","No","No","No","No","No","No",,"No",,,,,,,20,"The same","Massive decrease","No",,,"",1,"No","we have enough"
"28-88-27-77","Hectares","",3,0,0,0,.5,0,0,"Communally owned",,,,"Communally owned",,,"Yes","Within family","","Magistrate","","No","Very likely","No",,,,,,,,,,,,,"No",,,,,,,8,"Slight decrease","Massive decrease","No",,,"",1,"No","we have enough"
"29-11-74-01","Hectares","",0,0,0,0,.1,0,0,,,,,"Communally owned",,,"Yes","Within family","","Nowhere","","Yes","Maybe, maybe not","No",,,,,,,,,,,,,"No",,,,,,,10,"The same","The same","No",,,"",0,"No","No money to another plot"
"23-17-08-61","Hectares","",2,1,0,20,.5,0,0,"Private owned with no land title","Private owned with no land title",,"Communally owned","Private owned with no land title",,,"No",,"",,"",,"Maybe, maybe not","Yes","No","No","Yes","No","No","No","No","No","No","No","No",,"No",,,,,,,5,"Slight decrease","Massive decrease","No",,,"",3,"No","no money"
"09-04-42-43","Hectares","",8,0,0,0,.2,0,0,"Private owned with no land title",,,,"Private owned with land title",,,"No",,"",,"",,"Maybe, maybe not","No",,,,,,,,,,,,,"No",,,,,,,7,"Massive decrease","Massive decrease","No",,,"",1,"Yes","additional plot for my kids and grandkids"
"60-44-87-63","Hectares","",5,0,0,30,.2,0,0,"Private owned with land title",,,"Communally owned","Private owned with land title",,,"No",,"",,"",,"Very unlikely","Yes","No","Yes","No","No","No","No","No","No","No","No","No",,"No",,,,,,,3,"The same","The same","No",,,"",1,"Yes","for the kids to have where they can stay in future even if the parents die"
"37-91-11-53","Hectares","",.6,.4,0,0,.1,0,0,"Private owned with land title","Private owned with land title",,,"Private owned with land title",,,"Yes","Other individuals","","LC Court","","No","Very likely","Yes","No","Yes","No","No","No","No","No","No","No","No","No",,"No",,,,,,,10,"Massive decrease","Massive decrease","No",,,"",2,"No","enough plot for farming"
"24-83-18-16","Hectares","",.3,0,0,200,.1,0,0,"Private owned with land title",,,"Communally owned","Private owned with land title",,,"No",,"",,"",,"Very unlikely","Yes","No","Yes","No","No","No","No","No","No","No","No","No",,"No",,,,,,,10,"The same","The same","No",,,"",1,"Yes","a business plot"
"43-94-30-73","Hectares","",10,0,0,0,.1,0,4,"Communally owned",,,,"Communally owned",,"Communally owned","No",,"",,"",,"Very unlikely","Yes","No","Yes","No","No","No","No","No","No","No","No","No",,"No",,,,,,,5,"The same","The same","No",,,"",2,"No","Too old to get another plot"
"98-89-20-76","Hectares","",4,0,0,0,.1,0,20,"Communally owned",,,,"Communally owned",,"Communally owned","Yes","Other individuals","","LC Court","","Yes","Maybe, maybe not","Yes","No","Yes","No","No","No","No","No","No","No","No","No",,"No",,,,,,,0,"The same","The same","No",,,"",3,"No","satisfied"
"18-82-94-56","Hectares","",6,0,0,0,.2,0,0,"Communally owned",,,,"Communally owned",,,"Yes","Within family","","Nowhere","","No","Maybe, maybe not","No",,,,,,,,,,,,,"No",,,,,,,2,"Slight decrease","Massive decrease","No",,,"",1,"No","She cannot afford it"
"15-08-96-97","Hectares","",5,0,0,0,.1,0,0,"Leased/rented",,,,"Private owned with land title",,,"No",,"",,"",,"Maybe, maybe not","No",,,,,,,,,,,,,"No",,,,,,,5,"The same","The same","No",,,"",2,"No","it's enough"
"59-27-01-58","Hectares","",10,.1,25,25,.1,0,0,"Private owned with no land title","Private owned with no land title","Communally owned","Communally owned","Private owned with land title",,,"Yes","Within family","","Clan / Elder","","Yes","Very likely","No",,,,,,,,,,,,,"Yes",4,"Yes","No","No","No",,2,"Massive decrease","Massive decrease","No",,,"",2,"No","I want to start a garden"
"06-40-81-20","Hectares","",1,0,0,0,.1,0,0,"Private owned with land title",,,,"Communally owned",,,"No",,"",,"",,"Maybe, maybe not","No",,,,,,,,,,,,,"No",,,,,,,7,"Slight increase","Slight increase","No",,,"",1,"Yes","My kids to build and farm on in future"
"63-00-59-35","Hectares","",1,.3,0,0,.1,0,0,"Private owned with land title","Private owned with land title",,,"Private owned with land title",,,"No",,"",,"",,"Maybe, maybe not","Yes","No","Yes","Yes","No","No","No","No","No","No","No","No",,"No",,,,,,,0,"Slight increase","Slight increase","No",,,"",1,"Yes","Tired of staying at the same place for so long"
"20-12-20-33","Hectares","",.5,0,0,0,.5,0,0,"Private owned with no land title",,,,"Private owned with no land title",,,"No",,"",,"",,"Maybe, maybe not","No",,,,,,,,,,,,,"No",,,,,,,2,"Massive decrease","Massive decrease","No",,,"",1,"Yes","additional farm plot"
"13-16-46-47","Hectares","",11,0,0,0,.01,0,0,"Private owned with no land title",,,,"Private owned with no land title",,,"Yes","Other individuals","","Magistrate","","Yes","Very likely","No",,,,,,,,,,,,,"No",,,,,,,11,"Massive decrease","Massive decrease","No",,,"",2,"Yes","for garden purpose"
"12-47-95-08","Hectares","",4,1,0,0,.3,0,0,"Communally owned","Communally owned",,,"Communally owned",,,"No",,"",,"",,"Very unlikely","Yes","No","Yes","Yes","No","No","No","No","No","No","No","No",,"Yes",1,"Yes","No","No","No",,0,"Slight decrease","Massive decrease","No",,,"",1,"Yes","For my children"
"49-36-47-00","Hectares","",22,8,8,0,1,0,0,"Private owned with land title","Private owned with land title","Private owned with land title",,"Communally owned",,,"No",,"",,"",,"Maybe, maybe not","No",,,,,,,,,,,,,"No",,,,,,,7,"Slight decrease","Slight decrease","No",,,"",1,"Yes","Because the farm they have now gets flooded during flood seasons."
"69-98-34-60","Hectares","",2,0,0,6,.5,0,0,"Private owned with no land title",,,"Communally owned","Private owned with no land title",,,"No",,"",,"",,"Maybe, maybe not","Yes","No","Yes","Yes","No","No","No","No","No","No","No","No",,"No",,,,,,,2,"Slight decrease","Slight decrease","No",,,"",1,"No","it's enough as iam old"
"11-55-67-72","Hectares","",14,0,8,0,.1,0,0,"Private owned with land title",,"Private owned with land title",,"Private owned with land title",,,"No",,"",,"",,"Very unlikely","Yes","No","Yes","Yes","No","No","No","No","No","No","No","No",,"No",,,,,,,4,"Massive decrease","Massive decrease","No",,,"",1,"Yes","need more fertile plot for farming"
"86-18-52-98","Hectares","",1,0,0,0,1,0,0,"Private owned with land title",,,,"Communally owned",,,"No",,"",,"",,"unlikely","No",,,,,,,,,,,,,"No",,,,,,,9,"Slight decrease","Slight decrease","No",,,"",1,"No","Satisfied"
"59-98-46-38","Hectares","",.5,0,0,0,.1,0,0,"Private owned with no land title",,,,"Communally owned",,,"No",,"",,"",,"Maybe, maybe not","No",,,,,,,,,,,,,"No",,,,,,,8,"Massive decrease","Massive decrease","No",,,"",2,"No","it's enough for my kids"
"87-83-58-77","Hectares","",5,0,0,0,.01,0,0,"Private owned with land title",,,,"Private owned with no land title",,,"No",,"",,"",,"Very unlikely","No",,,,,,,,,,,,,"No",,,,,,,1,"Massive decrease","Massive decrease","No",,,"",2,"No","the one am having is very far"
"15-59-01-11","Hectares","",2,2,0,0,1,0,0,"Private owned with no land title","Private owned with no land title",,,"Communally owned",,,"No",,"",,"",,"unlikely","No",,,,,,,,,,,,,"No",,,,,,,4,"Slight decrease","Slight decrease","No",,,"",2,"No","Satisfied"
"74-82-76-84","Hectares","",4,0,0,0,2,0,0,"Communally owned",,,,"Communally owned",,,"No",,"",,"",,"Likely","Yes","No","No","Yes","No","No","No","No","No","No","No","No",,"No",,,,,,,8,"Slight decrease","Massive decrease","No",,,"",1,"No","maybe in town to build houses for renting"
"08-93-57-76","Hectares","",10,10,0,0,.2,0,0,"Private owned with land title","Private owned with land title",,,"Private owned with land title",,,"Yes","Within family","","Clan / Elder","","Yes","Likely","No",,,,,,,,,,,,,"No",,,,,,,3,"Slight decrease","Slight decrease","No",,,"",1,"No","No money"
"70-90-57-92","Hectares","",2,0,0,0,.5,0,0,"Private owned with land title",,,,"Private owned with no land title",,,"No",,"",,"",,"Very unlikely","Yes","No","Yes","No","No","No","No","No","No","No","No","No",,"No",,,,,,,7,"Massive decrease","Massive decrease","No",,,"",1,"No","not enough land because of flood"
"50-31-04-37","Hectares","",.2,0,0,0,.1,0,0,"Communally owned",,,,"Communally owned",,,"No",,"",,"",,"Very likely","Yes","No","Yes","Yes","No","No","No","No","No","No","No","No",,"No",,,,,,,2,"Slight decrease","The same","No",,,"",1,"No","we have enough"
"67-02-08-74","Hectares","",1,3,0,0,.5,0,0,"Private owned with no land title","Private owned with no land title",,,"Private owned with no land title",,,"No",,"",,"",,"Maybe, maybe not","No",,,,,,,,,,,,,"No",,,,,,,0,"Slight decrease","Massive decrease","No",,,"",2,"No","have enough"
"53-15-78-38","Hectares","",5,0,1,0,.1,0,0,"Private owned with land title",,"Private owned with land title",,"Don’t know",,,"No",,"",,"",,"Very unlikely","Yes","No","Yes","Yes","No","No","No","No","No","No","No","No",,"No",,,,,,,3,"Massive decrease","Massive decrease","No",,,"",2,"No","it's enough"
"32-33-43-26","Hectares","",5,0,0,0,1,0,0,"Private owned with land title",,,,"Private owned with land title",,,"No",,"",,"",,"unlikely","No",,,,,,,,,,,,,"No",,,,,,,0,"Slight decrease","Slight decrease","No",,,"",1,"No","Satisfied"
"46-04-74-49","Hectares","",3,3,5,4,.4,0,0,"Private owned with no land title","Private owned with no land title","Communally owned","Communally owned","Communally owned",,,"Yes","Within family","","Village headman / chairperson","","No","Very likely","Yes","No","Yes","Yes","No","No","No","No","No","No","No","No",,"No",,,,,,,2,"Massive decrease","Massive decrease","No",,,"",2,"No","Am old I don't need land"
"35-13-76-39","Hectares","",3,0,0,0,.1,0,0,"Private owned with land title",,,,"Private owned with land title",,,"No",,"",,"",,"Maybe, maybe not","Yes","No","Yes","Yes","No","No","No","No","No","No","No","No",,"No",,,,,,,2,"Slight increase","Slight increase","No",,,"",2,"Yes","To stay on with my family in future"
"16-06-75-38","Hectares","",1,0,0,0,.1,0,0,"Private owned with no land title",,,,"Private owned with land title",,,"No",,"",,"",,"Very likely","No",,,,,,,,,,,,,"No",,,,,,,9,"Massive decrease","Massive decrease","No",,,"",2,"No","yes for the kids"
"27-27-07-57","Hectares","",5,1,12,12,.1,0,0,"Private owned with no land title","Communally owned","Communally owned","Communally owned","Private owned with land title",,,"No",,"",,"",,"Very unlikely","No",,,,,,,,,,,,,"No",,,,,,,5,"Massive decrease","Massive decrease","No",,,"",2,"No","Am fine with my two plots which I have right now."
"02-68-96-18","Hectares","",20,0,0,0,.01,0,0,"Private owned with land title",,,,"Private owned with no land title",,,"Yes","Other individuals","","LC Court","","Yes","Very likely","No",,,,,,,,,,,,,"No",,,,,,,5,"Massive decrease","Massive decrease","No",,,"",2,"Yes","am staying at my husband's place anything can happen"
"43-77-79-21","Hectares","",1,1,0,0,.5,0,0,"Private owned with no land title","Private owned with no land title",,,"Private owned with no land title",,,"No",,"",,"",,"unlikely","Yes","No","No","No","Yes","No","No","No","No","No","No","No",,"No",,,,,,,0,"Slight decrease","Massive decrease","No",,,"",2,"No","no money to acquire additional plot"
"11-26-50-63","Hectares","",2,0,0,0,.5,0,0,"Private owned with no land title",,,,"Private owned with no land title",,,"No",,"",,"",,"Maybe, maybe not","No",,,,,,,,,,,,,"No",,,,,,,1,"Slight decrease","Massive decrease","No",,,"",1,"No","we have enough"
"28-01-01-55","Hectares","",4,0,0,0,.2,0,0,"Private owned with no land title",,,,"Private owned with land title",,,"No",,"",,"",,"Very likely","No",,,,,,,,,,,,,"No",,,,,,,14,"Massive decrease","Massive decrease","No",,,"",1,"No","the plot is enough and don't have oxen to use to plough"
"32-20-61-73","Hectares","",1,.5,.5,0,.2,0,0,"Communally owned","Communally owned","Communally owned",,"Communally owned",,,"Yes","Within family","","Nowhere","","No","Very likely","No",,,,,,,,,,,,,"No",,,,,,,6,"Massive decrease","Massive decrease","No",,,"",1,"No","because it's not easy to get another plot too many land disputes"
"20-30-02-96","Hectares","",3,1,0,0,.25,0,0,"Communally owned","Communally owned",,,"Communally owned",,,"No",,"",,"",,"unlikely","No",,,,,,,,,,,,,"Yes",-888,"Yes","No","No","No",,0,"Slight decrease","Massive decrease","No",,,"",1,"No","Plots are not available"
"91-05-38-43","Hectares","",5,7,.1,0,.5,0,0,"Private owned with land title","Private owned with land title","Private owned with land title",,"Private owned with land title",,,"Yes","Within family","","Clan / Elder","","Yes","unlikely","No",,,,,,,,,,,,,"No",,,,,,,22,"Slight decrease","Slight decrease","No",,,"",1,"Yes","To expand the poultry business"
"44-19-28-63","Hectares","",3,5,3,5,.2,0,0,"Private owned with no land title","Private owned with no land title","Communally owned","Communally owned","Communally owned",,,"No",,"",,"",,"Very unlikely","No",,,,,,,,,,,,,"No",,,,,,,9,"Massive decrease","Massive decrease","No",,,"",3,"No","I have enough land for now."
"72-93-96-93","Hectares","",1,0,0,0,1,0,0,"Private owned with land title",,,,"Communally owned",,,"No",,"",,"",,"Maybe, maybe not","No",,,,,,,,,,,,,"No",,,,,,,0,"Slight decrease","Slight decrease","No",,,"",1,"No","Satisfied"
"97-14-34-77","Hectares","",8,0,0,0,.5,0,0,"Private owned with no land title",,,,"Private owned with no land title",,,"No",,"",,"",,"unlikely","No",,,,,,,,,,,,,"No",,,,,,,4,"Slight decrease","Massive decrease","No",,,"",1,"No","this is all we have I don't have money to acquire additional plot"
"23-83-04-10","Hectares","",3,0,0,0,.25,0,0,"Communally owned",,,,"Communally owned",,,"No",,"",,"",,"unlikely","No",,,,,,,,,,,,,"No",,,,,,,2,"Slight decrease","Massive decrease","No",,,"",1,"No","No space for another plot"
"66-67-12-43","Hectares","",2,0,0,0,1,0,0,"Private owned with land title",,,,"Communally owned",,,"No",,"",,"",,"unlikely","No",,,,,,,,,,,,,"No",,,,,,,4,"Slight decrease","Slight decrease","No",,,"",1,"No","No money to even think about it."
"10-88-25-17","Hectares","",0,0,0,0,.1,0,0,,,,,"Private owned with land title",,,"No",,"",,"",,"Very unlikely","No",,,,,,,,,,,,,"No",,,,,,,3,"The same","The same","No",,,"",0,"No","No because they have to look after the mother who is sick"
"15-20-57-47","Hectares","",2,1,0,0,.1,0,0,"Private owned with land title","Private owned with land title",,,"Private owned with land title",,,"No",,"",,"",,"Maybe, maybe not","No",,,,,,,,,,,,,"No",,,,,,,2,"Slight increase","Slight increase","No",,,"",2,"No","I have enough land"
"36-81-71-64","Hectares","",.5,0,0,0,.01,0,0,"Communally owned",,,,"Communally owned",,,"Yes","Within family","","Village headman / chairperson","","Yes","Likely","No",,,,,,,,,,,,,"No",,,,,,,0,"Massive decrease","Massive decrease","No",,,"",1,"Yes","because the land I am currently on has so many disputes"
"34-71-72-72","Hectares","",.8,1,0,0,.02,0,0,"Communally owned","Communally owned",,,"Communally owned",,,"Yes","Other individuals","","Village headman / chairperson","","Yes","unlikely","No",,,,,,,,,,,,,"No",,,,,,,5,"Massive decrease","Massive decrease","No",,,"",2,"No","current land is enough."
"66-60-15-44","Hectares","",4,1,0,10,.5,0,0,"Private owned with no land title","Private owned with no land title",,"Communally owned","Private owned with no land title",,,"No",,"",,"",,"unlikely","Yes","No","Yes","Yes","No","No","No","No","No","No","No","No",,"No",,,,,,,17,"Massive decrease","Massive decrease","No",,,"",2,"No","no money"
"86-30-61-13","Hectares","",2,1,0,0,.15,0,0,"Private owned with land title","Private owned with land title",,,"Private owned with land title",,,"No",,"",,"",,"unlikely","No",,,,,,,,,,,,,"Yes",1,"Yes","No","No","No",,2,"Slight decrease","Slight decrease","No",,,"",1,"Yes","She wants a place that her grandchildren and children can have after her demise"
"36-54-39-30","Hectares","",4,0,0,0,0,0,0,"Private owned with land title",,,,,,,"Yes","Within family","","Village headman / chairperson","","No","Maybe, maybe not","Yes","No","Yes","Yes","No","No","No","No","No","No","No","No",,"No",,,,,,,16,"Slight increase","The same","No",,,"",2,"No","I have enough"
"74-23-76-31","Hectares","",1,0,0,0,.15,0,0,"Private owned with land title",,,,"Private owned with land title",,,"No",,"",,"",,"unlikely","No",,,,,,,,,,,,,"No",,,,,,,4,"The same","Slight decrease","No",,,"",1,"Yes","To start a business"
"22-34-78-24","Hectares","",0,0,0,0,.3,0,0,,,,,"Private owned with land title",,,"Yes","Other individuals","","Village headman / chairperson","","Yes","Very unlikely","Yes","No","Yes","No","No","No","No","No","No","No","No","No",,"No",,,,,,,2,"Slight decrease","Slight decrease","No",,,"",0,"No","I have enough space for now"
"78-05-45-34","Hectares","",5,0,0,0,.1,0,0,"Private owned with no land title",,,,"Private owned with land title",,,"No",,"",,"",,"Maybe, maybe not","No",,,,,,,,,,,,,"No",,,,,,,2,"Massive decrease","Massive decrease","No",,,"",1,"No","it's enough"
"05-02-80-96","Hectares","",6,0,0,0,.1,0,0,"Private owned with land title",,,,"Private owned with land title",,,"No",,"",,"",,"Maybe, maybe not","No",,,,,,,,,,,,,"No",,,,,,,5,"Slight increase","Slight increase","No",,,"",2,"No","I have enough"
"83-39-85-57","Hectares","",4,0,0,0,.1,0,0,"Private owned with land title",,,,"Private owned with no land title",,,"No",,"",,"",,"Maybe, maybe not","No",,,,,,,,,,,,,"No",,,,,,,1,"Slight increase","Slight increase","No",,,"",1,"No","I have enough"
"02-11-27-45","Hectares","",0,0,0,0,.1,0,0,,,,,"Private owned with no land title",,,"No",,"",,"",,"Maybe, maybe not","No",,,,,,,,,,,,,"No",,,,,,,0,"Massive decrease","Massive decrease","No",,,"",0,"No","for farming because now I don't have land to farm"
"66-26-16-39","Hectares","",.8,0,0,6,2,0,0,"Private owned with land title",,,"Communally owned","Private owned with land title",,,"Yes","Within family","","LC Court","","No","Very likely","No",,,,,,,,,,,,,"No",,,,,,,6,"Massive decrease","Massive decrease","No",,,"",4,"No","I have enough land."
"74-47-09-34","Hectares","",.6,1,-888,0,.02,0,0,"Communally owned","Communally owned",,,"Communally owned",,,"No",,"",,"",,"Very unlikely","No",,,,,,,,,,,,,"No",,,,,,,0,"Massive decrease","Massive decrease","No",,,"",2,"No","Land is enough"
"74-42-03-33","Hectares","",.5,1,0,0,1,0,0,"Private owned with land title","Private owned with land title",,,"Communally owned",,,"No",,"",,"",,"Very unlikely","No",,,,,,,,,,,,,"No",,,,,,,4,"Massive decrease","Massive decrease","No",,,"",1,"No","I can't afford to buy land."
"24-64-36-53","Hectares","",4,0,0,0,.1,0,0,"Communally owned",,,,"Communally owned",,,"No",,"",,"",,"Maybe, maybe not","Yes","No","Yes","No","No","No","No","No","No","No","No","No",,"No",,,,,,,8,"The same","The same","No",,,"",1,"Yes","to plough"
"39-16-84-49","Hectares","",2,0,0,0,.1,0,0,"Private owned with land title",,,,"Private owned with land title",,,"No",,"",,"",,"Very likely","No",,,,,,,,,,,,,"No",,,,,,,11,"Massive decrease","Massive decrease","No",,,"",1,"Yes","yes for my family to each have his plot"
"65-82-18-72","Hectares","",12,0,0,8,1,0,0,"Private owned with no land title",,,"Communally owned","Private owned with no land title",,,"No",,"",,"",,"Maybe, maybe not","Yes","No","Yes","Yes","Yes","No","No","No","No","No","No","No",,"No",,,,,,,1,"Slight decrease","Massive decrease","No",,,"",2,"No","not sure"
"98-04-19-51","Hectares","",0,0,0,0,.1,0,0,,,,,"Private owned with no land title",,,"No",,"",,"",,"Maybe, maybe not","No",,,,,,,,,,,,,"Yes",.1,"No","No","Yes","No",,5,"Massive decrease","Massive decrease","No",,,"",0,"Yes","for ploughing"
"33-66-03-17","Hectares","",4,4,0,0,.1,0,2,"Communally owned","Communally owned",,,"Communally owned",,"Communally owned","No",,"",,"",,"Very unlikely","No",,,,,,,,,,,,,"No",,,,,,,6,"Slight decrease","Slight decrease","No",,,"",2,"No","People are fighting for land"
"23-12-49-21","Hectares","",5,100,0,0,.1,0,100,"Communally owned","Communally owned",,,"Communally owned",,"Communally owned","Yes","Other individuals","","Clan / Elder","","Yes","Very unlikely","Yes","No","Yes","No","No","No","No","No","No","No","No","No",,"No",,,,,,,1,"Massive decrease","Slight increase","No",,,"",3,"No","satisfied with the current plot"
"95-95-21-82","Hectares","",15,4,0,0,.1,0,8,"Communally owned","Communally owned",,,"Communally owned",,"Communally owned","No",,"",,"",,"Very unlikely","Yes","No","Yes","No","No","No","No","No","No","No","No","No",,"No",,,,,,,2,"The same","The same","No",,,"",2,"No","No money to buy another plot"
"84-16-65-13","Hectares","",8,0,2,0,.3,0,0,"Private owned with land title",,"Private owned with no land title",,"Private owned with land title",,,"No",,"",,"",,"Maybe, maybe not","Yes","No","Yes","Yes","No","No","No","No","No","No","No","No",,"Yes",2,"Yes","No","Yes","No",,10,"Massive decrease","Massive decrease","No",,,"",3,"No","it's enough for the kids"
"35-36-66-35","Hectares","",1,0,0,0,.1,0,0,"Private owned with land title",,,,"Private owned with land title",,,"No",,"",,"",,"Maybe, maybe not","Yes","No","Yes","No","Yes","No","No","No","No","No","No","No",,"No",,,,,,,7,"Massive decrease","Massive decrease","No",,,"",1,"No","getting old"
"22-48-72-19","Hectares","",2,2,0,30,1,0,0,"Private owned with land title","Private owned with land title",,"Communally owned","Private owned with no land title",,,"No",,"",,"",,"Very likely","No",,,,,,,,,,,,,"No",,,,,,,13,"Massive decrease","Massive decrease","No",,,"",2,"No","have enough"
"16-02-48-49","Hectares","",2,1,0,0,.2,0,0,"Private owned with no land title","Private owned with no land title",,,"Communally owned",,,"Yes","Other individuals","","Clan / Elder","","Yes","Very unlikely","Yes","No","No","No","Yes","No","No","No","No","No","No","No",,"No",,,,,,,2,"Massive decrease","Massive decrease","No",,,"",2,"No","I have enough land for now."
"88-09-49-72","Hectares","",4,2,0,0,.1,0,0,"Private owned with land title","Private owned with land title",,,"Private owned with land title",,,"No",,"",,"",,"Maybe, maybe not","Yes","No","Yes","Yes","No","No","No","No","No","No","No","No",,"No",,,,,,,1,"The same","The same","No",,,"",2,"Yes","Because of the kids I have and grandchildren so that they will also have places to stay and build on"
"46-87-53-18","Hectares","",1,2,0,0,.2,0,0,"Private owned with land title","Private owned with land title",,,"Communally owned",,,"Yes","Within family","","Nowhere","","Yes","Very unlikely","No",,,,,,,,,,,,,"No",,,,,,,2,"Massive decrease","Massive decrease","No",,,"",3,"Yes","I need more land for farming"
"24-20-26-70","Hectares","",3,.5,4,0,.02,0,0,"Communally owned","Communally owned","Communally owned",,"Communally owned",,,"No",,"",,"",,"Very unlikely","No",,,,,,,,,,,,,"No",,,,,,,2,"Massive decrease","Massive decrease","No",,,"",1,"No","Land is enough"
"52-82-33-48","Hectares","",4,0,0,0,1,0,0,"Communally owned",,,,"Communally owned",,,"No",,"",,"",,"Very likely","No",,,,,,,,,,,,,"No",,,,,,,33,"The same","Massive decrease","No",,,"",2,"Yes","for my kids"
"26-48-97-52","Hectares","",2,1,0,0,0,0,0,"Private owned with land title","Private owned with land title",,,,,,"No",,"",,"",,"Likely","Yes","No","Yes","Yes","No","No","No","No","No","No","No","No",,"No",,,,,,,3,"The same","The same","No",,,"",1,"No","I have enough"
"33-86-77-56","Hectares","",4,1,0,0,.2,0,0,"Communally owned","Communally owned",,,"Communally owned",,,"No",,"",,"",,"unlikely","No",,,,,,,,,,,,,"No",,,,,,,2,"Slight decrease","Massive decrease","No",,,"",1,"No","Because our parents left us here"
"78-86-05-10","Hectares","",2,0,0,0,1,0,0,"Private owned with land title",,,,"Private owned with land title",,,"No",,"",,"",,"Very unlikely","Yes","No","Yes","No","No","No","No","No","No","No","No","No",,"No",,,,,,,0,"The same","The same","No",,,"",1,"No","there is no use because no equipment to use to plough"
"15-96-39-00","Hectares","",0,0,0,0,.2,0,0,,,,,"Communally owned",,,"Yes","Other individuals","","Village headman / chairperson","","Yes","Very unlikely","Yes","No","No","Yes","No","No","No","No","No","No","No","No",,"No",,,,,,,5,"Slight decrease","Massive decrease","No",,,"",0,"Yes","building more to rent"
"39-41-06-02","Hectares","",6,2,1,0,1,0,0,"Private owned with land title","Private owned with land title","Private owned with land title",,"Private owned with land title",,,"Yes","Other individuals","","Tried to sort out ourselves","","No","Very likely","No",,,,,,,,,,,,,"No",,,,,,,0,"The same","The same","No",,,"",4,"No","They have enough."
"95-15-78-87","Hectares","",.5,0,0,0,.1,0,0,"Private owned with land title",,,,"Private owned with land title",,,"No",,"",,"",,"Maybe, maybe not","No",,,,,,,,,,,,,"No",,,,,,,1,"Massive decrease","Massive decrease","No",,,"",1,"Yes","the plot is not enough for the family I want extra for my kids"
"52-97-51-26","Hectares","",0,0,0,0,.5,0,0,,,,,"Communally owned",,,"Yes","Within family","","Village headman / chairperson","","Yes","Very likely","No",,,,,,,,,,,,,"No",,,,,,,23,"The same","The same","No",,,"",0,"Yes","to build"
"02-78-29-37","Hectares","",20,0,0,0,.1,0,0,"Private owned with land title",,,,"Private owned with land title",,,"No",,"",,"",,"Very unlikely","Yes","No","Yes","Yes","No","No","No","No","No","No","No","No",,"No",,,,,,,0,"The same","The same","No",,,"",1,"Yes","He want another plot to build houses for his children"
"27-36-10-42","Hectares","",2,0,0,0,.3,0,0,"Communally owned",,,,"Communally owned",,,"No",,"",,"",,"unlikely","No",,,,,,,,,,,,,"No",,,,,,,6,"Slight decrease","Massive decrease","No",,,"",1,"No","I have enough"
"45-97-40-37","Hectares","",15,5,0,0,.1,0,0,"Private owned with land title","Private owned with land title",,,"Private owned with land title",,,"No",,"",,"",,"Maybe, maybe not","No",,,,,,,,,,,,,"No",,,,,,,2,"The same","The same","No",,,"",0,"No","I have enough"
"41-24-37-83","Hectares","",2,1,0,20,1,0,0,"Private owned with no land title","Private owned with no land title",,"Communally owned","Private owned with no land title",,,"Yes","Within family","","Village headman / chairperson","","Yes","Very unlikely","Yes","No","Yes","Yes","Yes","No","No","No","No","No","No","No",,"No",,,,,,,1,"Massive decrease","Massive decrease","No",,,"",4,"No","There's no more space for me to get a new plot."
"90-44-42-58","Hectares","",1.5,1,0,0,.3,0,0,"Private owned with no land title","Private owned with no land title",,,"Private owned with no land title",,,"Yes","Other individuals","","Village headman / chairperson","","No","Very likely","No",,,,,,,,,,,,,"No",,,,,,,4,"Massive decrease","Massive decrease","No",,,"",2,"Yes","For my kids when they grow."
"15-49-26-93","Hectares","",3,0,0,0,0,0,0,"Private owned with land title",,,,,,,"No",,"",,"",,"Maybe, maybe not","No",,,,,,,,,,,,,"No",,,,,,,15,"Slight increase","Slight increase","No",,,"",2,"No","no enough plots available"
"29-96-24-29","Hectares","",6,0,0,2,.2,0,0,"Private owned with land title",,,"Communally owned","Private owned with land title",,,"No",,"",,"",,"Very unlikely","Yes","No","Yes","Yes","No","No","No","No","No","No","No","No",,"No",,,,,,,23,"The same","Massive increase","No",,,"",1,"No","They are comfortable with one plot"
"88-98-18-23","Hectares","",.6,0,0,0,.1,0,0,"Private owned with land title",,,,"Private owned with land title",,,"No",,"",,"",,"Very unlikely","No",,,,,,,,,,,,,"No",,,,,,,16,"Slight increase","Massive increase","No",,,"",1,"Yes","To make a vegetable garden"
"03-33-61-52","Hectares","",4,2,0,0,.02,0,0,"Communally owned","Communally owned",,,"Communally owned",,,"No",,"",,"",,"unlikely","No",,,,,,,,,,,,,"No",,,,,,,5,"Massive decrease","Massive decrease","No",,,"",1,"No","Land is enough"
"95-42-30-88","Hectares","",5,0,0,0,.1,0,0,"Private owned with land title",,,,"Private owned with land title",,,"No",,"",,"",,"Very likely","Yes","No","Yes","No","No","No","No","No","No","No","No","No",,"Yes",3,"Yes","No","No","No",,3,"Massive decrease","Massive decrease","No",,,"",2,"No","the plot is enough"
"41-58-71-65","Hectares","",0,0,0,0,1,0,0,,,,,"Private owned with land title",,,"No",,"",,"",,"Very unlikely","Yes","No","Yes","Yes","No","No","No","No","No","No","No","No",,"No",,,,,,,7,"The same","The same","No",,,"",0,"No","have enough plot"
"47-41-93-44","Hectares","",2,0,0,0,.1,0,0,"Private owned with land title",,,,"Private owned with land title",,,"No",,"",,"",,"Very unlikely","No",,,,,,,,,,,,,"No",,,,,,,2,"Massive decrease","Massive decrease","No",,,"",1,"Yes","the one I have is not fertile anymore for farming"
"44-97-44-34","Hectares","",4,12,0,-888,.01,0,0,"Co-share/ co-farming","Communally owned",,,"Communally owned",,,"No",,"",,"",,"Maybe, maybe not","No",,,,,,,,,,,,,"No",,,,,,,8,"Massive decrease","Massive decrease","No",,,"",3,"No","Land is enough"
"39-60-71-79","Hectares","",2,5,0,0,1,0,0,"Private owned with land title","Private owned with land title",,,"Communally owned",,,"No",,"",,"",,"Very unlikely","No",,,,,,,,,,,,,"No",,,,,,,0,"Slight decrease","Massive decrease","No",,,"",1,"No","They are content with the land they have."
"02-67-41-60","Hectares","",0,0,0,0,.2,0,0,,,,,"Communally owned",,,"No",,"",,"",,"Very unlikely","No",,,,,,,,,,,,,"No",,,,,,,3,"Massive decrease","Massive decrease","No",,,"",0,"Yes","land for farming"
"83-56-74-03","Hectares","",4,0,0,0,1,0,0,"Private owned with land title",,,,"Don’t know",,,"No",,"",,"",,"Very unlikely","No",,,,,,,,,,,,,"No",,,,,,,5,"The same","The same","No",,,"",1,"Yes","For Agricultural purpose."
"04-28-47-30","Hectares","",4,3,.1,0,.1,0,0,"Communally owned","Communally owned","Communally owned",,"Communally owned",,,"No",,"",,"",,"Maybe, maybe not","No",,,,,,,,,,,,,"No",,,,,,,15,"The same","The same","No",,,"",1,"No","satisfied"
"01-68-97-25","Hectares","",6,0,0,0,1,0,0,"Private owned with land title",,,,"Private owned with land title",,,"No",,"",,"",,"Very likely","Yes","No","Yes","No","No","No","No","No","No","No","No","No",,"No",,,,,,,10,"Massive decrease","Massive decrease","No",,,"",2,"No","it's enough"
"66-08-16-26","Hectares","",1,11,0,-888,.01,0,0,"Communally owned","Communally owned",,,"Communally owned",,,"No",,"",,"",,"Likely","Yes","No","No","No","No","No","No","Yes","No","No","No","Yes",,"No",,,,,,,5,"Massive decrease","Massive decrease","No",,,"",2,"No","increased population"
"93-32-02-54","Hectares","",.3,0,0,0,.1,0,0,"Private owned with land title",,,,"Private owned with land title",,,"No",,"",,"",,"Very unlikely","No",,,,,,,,,,,,,"No",,,,,,,5,"The same","The same","No",,,"",1,"No","They are comfortable where they are"
"83-94-17-95","Hectares","",0,0,3,5,.3,0,0,,,"Communally owned","Communally owned","Communally owned",,,"No",,"",,"",,"Very unlikely","No",,,,,,,,,,,,,"No",,,,,,,8,"Massive decrease","Massive decrease","No",,,"",0,"Yes","I need a plot for farming."
"60-60-16-78","Hectares","",.5,0,0,0,.1,0,0,"Private owned with land title",,,,"Private owned with land title",,,"No",,"",,"",,"Maybe, maybe not","Yes","No","Yes","Yes","No","No","No","No","No","No","No","No",,"No",,,,,,,6,"Slight increase","Slight increase","No",,,"",1,"Yes","because I a little land for cultivation"
"26-78-47-00","Hectares","",10,3,0,0,.1,0,0,"Private owned with land title","Private owned with land title",,,"Private owned with land title",,,"No",,"",,"",,"Maybe, maybe not","No",,,,,,,,,,,,,"No",,,,,,,7,"Slight increase","Slight increase","No",,,"",3,"No","I have enough"
"79-98-45-89","Hectares","",2,0,0,0,.1,0,0,"Private owned with land title",,,,"Private owned with land title",,,"No",,"",,"",,"Likely","Yes","No","Yes","No","No","No","No","No","No","Yes","No","No",,"No",,,,,,,12,"Slight increase","Slight increase","No",,,"",1,"Yes","My farm is small"
"90-54-49-60","Hectares","",6,0,0,0,.1,0,0,"Communally owned",,,,"Communally owned",,,"Yes","Other individuals","","LC Court","","Yes","Very unlikely","Yes","No","Yes","No","No","No","No","No","No","No","No","No",,"No",,,,,,,5,"The same","The same","No",,,"",1,"No","satisfied"
"31-84-01-85","Hectares","",4,1,6,53,.6,0,0,"Private owned with land title","Private owned with land title","Communally owned","Communally owned","Private owned with no land title",,,"Yes","Within family","","Village headman / chairperson","","Yes","Very unlikely","Yes","No","Yes","No","No","No","No","No","No","No","No","No",,"No",,,,,,,3,"Massive decrease","Massive decrease","No",,,"",4,"No","I Have enough land for my kids."
"40-47-23-70","Hectares","",4,2,0,0,.3,0,0,"Private owned with land title","Private owned with land title",,,"Private owned with no land title",,,"No",,"",,"",,"Very unlikely","No",,,,,,,,,,,,,"No",,,,,,,2,"Massive decrease","Massive decrease","No",,,"",1,"No","I have more land for now."
"97-69-93-58","Hectares","",4,1,0,20,.3,0,0,"Private owned with no land title","Private owned with no land title",,"Communally owned","Private owned with no land title",,,"Yes","Other individuals","","Nowhere","","No","Very likely","No",,,,,,,,,,,,,"No",,,,,,,2,"Massive decrease","Massive decrease","No",,,"",2,"No","I've enough land for my kids."
"58-00-80-50","Hectares","",0,0,0,0,.1,0,0,,,,,"Communally owned",,,"No",,"",,"",,"Very unlikely","No",,,,,,,,,,,,,"No",,,,,,,2,"The same","The same","No",,,"",0,"No","satisfied"
"16-58-48-79","Hectares","",2,0,0,0,1,0,0,"Communally owned",,,,"Communally owned",,,"No",,"",,"",,"Very likely","Yes","No","Yes","No","No","No","No","No","No","No","No","No",,"No",,,,,,,15,"Slight decrease","Massive decrease","No",,,"",1,"No","we have enough"
"05-01-86-08","Hectares","",4,1,0,20,.5,0,0,"Private owned with no land title","Private owned with no land title",,"Private owned with no land title","Private owned with no land title",,,"No",,"",,"",,"Very unlikely","No",,,,,,,,,,,,,"Yes",4,"Yes","No","No","No",,20,"Massive decrease","Massive decrease","No",,,"",1,"Yes","My son I now old, so I want him to have his own land for farming."
"89-75-04-06","Hectares","",0,0,0,0,.1,0,0,,,,,"Private owned with land title",,,"No",,"",,"",,"Maybe, maybe not","No",,,,,,,,,,,,,"No",,,,,,,1,"Slight increase","Slight increase","No",,,"",0,"Yes","For Farming purposes"
"52-25-69-44","Hectares","",33,3,0,0,.1,0,1,"Communally owned","Communally owned",,,"Communally owned",,"Communally owned","No",,"",,"",,"Maybe, maybe not","Yes","No","Yes","No","No","No","No","No","No","No","No","No",,"No",,,,,,,3,"The same","The same","No",,,"",3,"No","satisfied with the current plot"
"71-97-04-61","Hectares","",1,0,0,0,.2,0,0,"Private owned with land title",,,,"Private owned with land title",,,"No",,"",,"",,"Maybe, maybe not","Yes","No","Yes","No","No","No","No","No","No","Yes","No","No",,"No",,,,,,,9,"Slight increase","Slight increase","No",,,"",1,"No","I have enough land"
"46-80-42-17","Hectares","",.7,0,0,100,.2,0,0,"Private owned with land title",,,"Communally owned","Private owned with land title",,,"No",,"",,"",,"Very unlikely","Yes","No","Yes","No","No","No","No","No","No","No","No","No",,"No",,,,,,,4,"The same","The same","No",,,"",1,"Yes","for business purposes"
"58-78-23-20","Hectares","",0,0,0,0,.3,0,0,,,,,"Private owned with no land title",,,"No",,"",,"",,"Very likely","No",,,,,,,,,,,,,"No",,,,,,,3,"Massive decrease","Massive decrease","No",,,"",0,"No","have enough land to build structures."
"35-69-94-08","Hectares","",6,0,0,0,.2,0,0,"Private owned with land title",,,,"Private owned with land title",,,"No",,"",,"",,"Maybe, maybe not","Yes","No","Yes","No","No","No","Yes","No","No","No","No","No",,"No",,,,,,,3,"Slight increase","Slight increase","No",,,"",2,"No","I have enough"
"10-25-31-32","Hectares","",0,0,0,0,.1,0,0,,,,,"Private owned with land title",,,"No",,"",,"",,"Maybe, maybe not","No",,,,,,,,,,,,,"No",,,,,,,2,"The same","Slight increase","No",,,"",0,"No","they have enough"
"38-79-29-34","Hectares","",.5,.5,1,0,.02,0,0,"Communally owned","Communally owned","Communally owned",,"Communally owned",,,"No",,"",,"",,"unlikely","No",,,,,,,,,,,,,"No",,,,,,,5,"Massive decrease","Massive decrease","No",,,"",1,"No","land is enough"
"89-83-56-79","Hectares","",0,0,0,0,.1,0,0,,,,,"Private owned with land title",,,"No",,"",,"",,"Likely","No",,,,,,,,,,,,,"No",,,,,,,7,"Slight increase","Slight increase","No",,,"",0,"Yes","For farming"
"50-21-50-41","Hectares","",1,.8,0,0,.5,0,0,"Private owned with no land title","Private owned with no land title",,,"Private owned with no land title",,,"No",,"",,"",,"unlikely","No",,,,,,,,,,,,,"No",,,,,,,4,"Massive decrease","Massive decrease","No",,,"",1,"No","no money"
"44-19-49-55","Hectares","",1,0,0,0,.5,0,0,"Private owned with no land title",,,,"Private owned with no land title",,,"No",,"",,"",,"Maybe, maybe not","Yes","No","Yes","No","No","No","No","No","No","No","No","No",,"No",,,,,,,1,"Slight decrease","Massive decrease","No",,,"",3,"No","no funds"
"55-68-88-94","Hectares","",2,2,0,0,.18,0,0,"Communally owned","Private owned with land title",,,"Private owned with land title",,,"No",,"",,"",,"Very unlikely","No",,,,,,,,,,,,,"Yes",2,"Yes","No","No","No",,5,"Slight decrease","Slight decrease","No",,,"",1,"Yes","For survival"
"59-93-51-03","Hectares","",1,0,0,0,.1,0,0,"Private owned with land title",,,,"Private owned with land title",,,"No",,"",,"",,"Maybe, maybe not","No",,,,,,,,,,,,,"No",,,,,,,7,"The same","The same","No",,,"",1,"Yes","Beacause my current farm is ever flooded"
"07-70-44-38","Hectares","",-88,-88,-88,-88,.1,0,0,,,,,"Private owned with land title",,,"No",,"",,"",,"Maybe, maybe not","Yes","No","Yes","Yes","No","No","No","No","No","No","No","No",,"No",,,,,,,4,"Slight increase","Slight increase","No",,,"",1,"No","She has enough land and kids are few"
"59-31-16-60","Hectares","",20,13,0,0,.2,0,0,"Private owned with no land title","Private owned with land title",,,"Private owned with land title",,,"No",,"",,"",,"Likely","No",,,,,,,,,,,,,"No",,,,,,,3,"Slight decrease","Slight decrease","No",,,"",1,"Yes","For my child."
"84-43-04-55","Hectares","",.6,0,0,0,.2,0,0,"Private owned with no land title",,,,"Communally owned",,,"Yes","Other individuals","","LC Court","","Yes","Very likely","Yes","No","Yes","No","No","No","No","No","No","No","No","No",,"No",,,,,,,3,"Massive decrease","Massive decrease","No",,,"",1,"Yes","I need more land for farming and settlement."
"90-23-91-34","Hectares","",1,0,0,0,1,0,0,"Private owned with land title",,,,"Communally owned",,,"No",,"",,"",,"unlikely","No",,,,,,,,,,,,,"No",,,,,,,2,"Slight decrease","Slight decrease","No",,,"",1,"No","satisfied"
"00-25-69-00","Hectares","",.5,0,0,0,.1,0,0,"Private owned with land title",,,,"Private owned with land title",,,"No",,"",,"",,"Very unlikely","Yes","No","Yes","No","No","No","No","No","No","No","No","No",,"No",,,,,,,7,"Massive decrease","Massive decrease","No",,,"",1,"No","it's not enough"
"43-06-63-67","Hectares","",0,0,0,0,.2,0,0,,,,,"Private owned with land title",,,"Yes","Other individuals","","Tried to sort out ourselves","","No","unlikely","No",,,,,,,,,,,,,"No",,,,,,,6,"Slight decrease","Massive decrease","No",,,"",0,"Yes","To be well apart from relatives"
"28-10-90-34","Hectares","",2,1,0,0,.1,0,0,"Private owned with land title","Private owned with land title",,,"Private owned with land title",,,"No",,"",,"",,"Likely","Yes","No","Yes","No","No","Yes","No","No","No","No","No","No",,"No",,,,,,,4,"Slight increase","Slight increase","No",,,"",1,"No","I have enough"
"13-06-00-33","Hectares","",.25,0,0,0,.5,0,0,"Private owned with land title",,,,"Private owned with land title",,,"No",,"",,"",,"Very likely","Yes","No","No","No","No","Yes","No","No","No","No","No","No",,"No",,,,,,,4,"Slight decrease","Slight decrease","No",,,"",0,"No","Because of my children to sustain a living"
"93-88-34-77","Hectares","",2,0,6,0,.1,0,0,"Private owned with no land title",,"Private owned with no land title",,"Private owned with no land title",,,"No",,"",,"",,"Very unlikely","No",,,,,,,,,,,,,"No",,,,,,,10,"Massive decrease","Massive decrease","No",,,"",1,"No","it's enough"
"77-13-46-95","Hectares","",4,0,0,0,1,0,0,"Communally owned",,,,"Communally owned",,,"No",,"",,"",,"Very unlikely","Yes","No","Yes","Yes","No","No","No","No","No","No","No","No",,"No",,,,,,,20,"Slight decrease","Slight decrease","No",,,"",1,"No","we have enough"
"54-15-29-03","Hectares","",4,0,0,0,4,0,0,"Private owned with land title",,,,"Private owned with land title",,,"No",,"",,"",,"Likely","No",,,,,,,,,,,,,"No",,,,,,,5,"The same","The same","No",,,"",0,"Yes","Because of kids for them to use in future"
"58-43-21-07","Hectares","",2,0,0,0,1.5,0,0,"Communally owned",,,,"Communally owned",,,"No",,"",,"",,"Very unlikely","Yes","No","Yes","No","No","No","No","No","No","No","No","No",,"No",,,,,,,10,"Slight decrease","Massive decrease","No",,,"",1,"No","we have enough"
"54-82-42-61","Hectares","",2,3,0,0,.1,0,0,"Private owned with land title","Private owned with land title",,,"Private owned with no land title",,,"No",,"",,"",,"Maybe, maybe not","Yes","No","Yes","Yes","Yes","No","No","No","No","No","No","No",,"No",,,,,,,6,"Massive decrease","Massive decrease","No",,,"",2,"Yes","additional farm land"
"31-76-77-10","Hectares","",3,1,0,0,.18,0,0,"Private owned with land title","Private owned with land title",,,"Private owned with land title",,,"No",,"",,"",,"Very unlikely","No",,,,,,,,,,,,,"No",,,,,,,5,"Slight decrease","Slight decrease","No",,,"",1,"No","I am old I cannot manage another plot"
"75-33-12-39","Hectares","",.2,0,0,0,0,0,0,"Private owned with land title",,,,,,,"No",,"",,"",,"Maybe, maybe not","No",,,,,,,,,,,,,"No",,,,,,,1,"Slight increase","Slight increase","No",,,"",1,"Yes","for staying and farming in future"
"47-33-25-93","Hectares","",4,3,0,0,.1,0,0,"Private owned with land title","Private owned with land title",,,"Private owned with no land title",,,"No",,"",,"",,"unlikely","No",,,,,,,,,,,,,"No",,,,,,,4,"Slight decrease","Slight decrease","No",,,"",1,"No","Sufficient space"
"35-34-76-48","Hectares","",4,0,0,0,.1,0,0,"Private owned with no land title",,,,"Private owned with no land title",,,"No",,"",,"",,"Maybe, maybe not","No",,,,,,,,,,,,,"No",,,,,,,6,"Massive decrease","Massive decrease","No",,,"",1,"Yes","for the kids"
"26-98-60-20","Hectares","",0,0,0,0,1,0,0,,,,,"Communally owned",,,"No",,"",,"",,"unlikely","No",,,,,,,,,,,,,"Yes",1,"No","No","Yes","No",,8,"Slight decrease","Slight decrease","No",,,"",0,"Yes","For Farming"
"20-88-32-55","Hectares","",0,0,0,0,.4,0,0,,,,,"Private owned with land title",,,"No",,"",,"",,"unlikely","No",,,,,,,,,,,,,"No",,,,,,,0,"Slight decrease","Massive decrease","No",,,"",0,"Yes","He wants another plot for farming"
"73-42-30-97","Hectares","",.1,0,0,0,.1,0,0,"Private owned with land title",,,,"Private owned with land title",,,"Yes","Other individuals","","LC Court","","No","Very likely","No",,,,,,,,,,,,,"No",,,,,,,13,"Massive decrease","Massive decrease","No",,,"",0,"No","too old"
"38-84-78-59","Hectares","",12,0,0,0,.1,0,0,"Private owned with no land title",,,,"Private owned with no land title",,,"Yes","Other individuals","","LC Court","","No","Very unlikely","No",,,,,,,,,,,,,"No",,,,,,,34,"Massive decrease","Massive decrease","No",,,"",2,"No","the plot is big enough for me and my family"
"70-09-32-42","Hectares","",0,0,0,0,.1,0,0,,,,,"Private owned with no land title",,,"No",,"",,"",,"Very likely","No",,,,,,,,,,,,,"No",,,,,,,3,"Massive decrease","Massive decrease","No",,,"",0,"Yes","space is limited need additional plot for farming and privacy"
"76-04-07-19","Hectares","",2,0,0,0,0,0,0,"Private owned with land title",,,,,,,"No",,"",,"",,"Very unlikely","Yes","No","Yes","No","No","No","No","No","No","No","No","No",,"No",,,,,,,1,"Massive decrease","Massive decrease","No",,,"",1,"No","too old"
"70-32-51-26","Hectares","",0,0,0,0,.1,0,0,,,,,"Private owned with no land title",,,"No",,"",,"",,"Very likely","No",,,,,,,,,,,,,"No",,,,,,,6,"Massive decrease","Massive decrease","No",,,"",0,"Yes","not enough space where am staying"
"56-61-77-64","Hectares","",0,0,0,0,1,0,0,,,,,"Communally owned",,,"No",,"",,"",,"unlikely","No",,,,,,,,,,,,,"No",,,,,,,19,"Slight decrease","Slight decrease","No",,,"",0,"Yes","For Farming and move from the village."
"50-82-91-34","Hectares","",2,0,0,0,.1,0,0,"Private owned with land title",,,,"Private owned with land title",,,"No",,"",,"",,"unlikely","Yes","No","Yes","No","No","No","No","Yes","No","No","No","No",,"No",,,,,,,7,"Slight increase","Slight increase","No",,,"",1,"Yes","To build other houses to live"
"83-60-63-11","Hectares","",2,0,0,50,.1,0,0,"Private owned with land title",,,"Communally owned","Private owned with land title",,,"No",,"",,"",,"Very unlikely","Yes","No","No","Yes","No","No","No","No","No","No","No","No",,"No",,,,,,,2,"The same","Slight decrease","No",,,"",1,"Yes","To build houses for the family where they can live"
"80-51-82-08","Hectares","",2,0,0,0,.1,0,0,"Private owned with no land title",,,,"Private owned with no land title",,,"No",,"",,"",,"Very unlikely","No",,,,,,,,,,,,,"No",,,,,,,10,"Massive decrease","Massive decrease","No",,,"",1,"Yes","increase yield"
"49-80-85-60","Hectares","",9,4,0,0,1,0,0,"Private owned with land title","Private owned with land title",,,"Communally owned",,,"No",,"",,"",,"unlikely","Yes","No","Yes","No","No","No","No","No","No","No","No","No",,"No",,,,,,,22,"Slight decrease","Slight decrease","No",,,"",1,"No","Satisfied"
"81-64-86-08","Hectares","",1,0,0,0,.14,0,0,"Private owned with no land title",,,,"Private owned with land title",,,"Yes","Within family","","Clan / Elder","","Yes","unlikely","No",,,,,,,,,,,,,"No",,,,,,,6,"Slight decrease","Massive decrease","No",,,"",1,"Yes","To have enough land for my family"
"33-82-62-40","Hectares","",4,0,0,0,0,0,0,"Private owned with land title",,,,,,,"No",,"",,"",,"Maybe, maybe not","No",,,,,,,,,,,,,"No",,,,,,,43,"Slight increase","Slight increase","No",,,"",1,"No","I have enough"
"56-48-48-33","Hectares","",.6,6,0,0,.3,0,0,"Private owned with no land title","Private owned with no land title",,,"Private owned with no land title",,,"No",,"",,"",,"Very unlikely","No",,,,,,,,,,,,,"No",,,,,,,6,"Massive decrease","Massive decrease","No",,,"",1,"No","I have enough land for now."
"19-43-49-26","Hectares","",2,15,0,10,1,0,0,"Private owned with land title","Private owned with land title",,"Private owned with land title","Private owned with land title",,,"No",,"",,"",,"Maybe, maybe not","Yes","No","No","Yes","No","No","No","No","No","No","No","No",,"No",,,,,,,10,"Slight decrease","Massive decrease","No",,,"",4,"No","have enough"
"52-63-91-75","Hectares","",.5,0,0,0,.5,0,0,"Private owned with no land title",,,,"Private owned with no land title",,,"No",,"",,"",,"Maybe, maybe not","No",,,,,,,,,,,,,"No",,,,,,,100,"Massive decrease","Massive decrease","No",,,"",1,"No","no money"
"60-93-32-66","Hectares","",0,0,0,0,.1,0,0,,,,,"Private owned with land title",,,"No",,"",,"",,"Maybe, maybe not","No",,,,,,,,,,,,,"No",,,,,,,1,"Slight increase","Slight increase","No",,,"",0,"Yes","For my kids to build and farm on in future"
"37-44-93-64","Hectares","",1,0,0,0,.1,0,0,"Private owned with land title",,,,"Communally owned",,,"No",,"",,"",,"unlikely","No",,,,,,,,,,,,,"No",,,,,,,2,"Slight decrease","Slight decrease","No",,,"",2,"No","Satisfied"
"83-19-87-02","Hectares","",0,0,0,0,.2,0,0,,,,,"Private owned with land title",,,"No",,"",,"",,"Very unlikely","No",,,,,,,,,,,,,"No",,,,,,,25,"Slight decrease","Massive decrease","No",,,"",0,"No","I'm comfortable with what I have."
"83-26-13-29","Hectares","",0,0,0,0,.1,0,0,,,,,"Private owned with land title",,,"No",,"",,"",,"Very unlikely","Yes","No","Yes","No","No","No","No","Yes","No","No","No","No",,"No",,,,,,,2,"The same","The same","No",,,"",0,"Yes","To make vegetable gardens and sell to people for income"
"02-40-91-04","Hectares","",6,0,0,0,.2,0,0,"Private owned with land title",,,,"Private owned with land title",,,"No",,"",,"",,"Maybe, maybe not","Yes","No","Yes","Yes","Yes","No","No","No","No","No","No","No",,"No",,,,,,,9,"Slight decrease","Slight decrease","No",,,"",1,"Yes","I don't know tomorrow so I might need one for other purposes"
"31-74-57-88","Hectares","",0,0,0,0,0,0,0,,,,,,,,"No",,"",,"",,"Very unlikely","No",,,,,,,,,,,,,"No",,,,,,,3,"Massive decrease","Massive decrease","No",,,"",0,"No","I'm comfortable where I'm right now."
"09-16-66-27","Hectares","",1,.5,0,0,.1,0,0,"Private owned with land title","Private owned with land title",,,"Private owned with land title",,,"No",,"",,"",,"Maybe, maybe not","No",,,,,,,,,,,,,"No",,,,,,,0,"Slight increase","Slight increase","No",,,"",1,"No","The one I have is enough for me"
"02-99-67-45","Hectares","",1,0,0,0,0,0,0,"Private owned with land title",,,,,,,"No",,"",,"",,"Maybe, maybe not","No",,,,,,,,,,,,,"No",,,,,,,50,"Slight increase","Slight increase","No",,,"",1,"No","Because we get water from far"
"18-26-92-76","Hectares","",3,0,0,0,.2,0,0,"Communally owned",,,,"Communally owned",,,"Yes","Other individuals","","Village headman / chairperson","","Yes","Very unlikely","Yes","No","Yes","Yes","No","No","No","No","No","No","No","No",,"No",,,,,,,20,"The same","Massive decrease","No",,,"",2,"Yes","farming"
"54-98-92-77","Hectares","",600,0,0,0,.5,0,0,"Private owned with no land title",,,,"Private owned with no land title",,,"No",,"",,"",,"Very unlikely","No",,,,,,,,,,,,,"No",,,,,,,0,"Slight decrease","Massive decrease","No",,,"",1,"No","no funds"
"94-90-21-30","Hectares","",6,3,0,0,.2,0,0,"Private owned with land title","Private owned with land title",,,"Private owned with land title",,,"No",,"",,"",,"Maybe, maybe not","No",,,,,,,,,,,,,"No",,,,,,,3,"Slight increase","Slight increase","No",,,"",2,"Yes","For high yield"
"34-25-16-71","Hectares","",2,1,0,0,.1,0,0,"Communally owned","Communally owned",,,"Communally owned",,,"No",,"",,"",,"Maybe, maybe not","No",,,,,,,,,,,,,"No",,,,,,,4,"The same","The same","No",,,"",1,"No","satisfied"
"26-18-25-14","Hectares","",0,0,0,0,.5,0,0,,,,,"Private owned with land title",,,"No",,"",,"",,"Very unlikely","No",,,,,,,,,,,,,"No",,,,,,,3,"Massive decrease","Massive decrease","No",,,"",0,"No","Even if I have the intention, I don't have money"
"62-93-86-46","Hectares","",4,0,0,0,.3,0,0,"Private owned with land title",,,,"Private owned with land title",,,"Yes","Within family","","Nowhere","","Yes","Very likely","No",,,,,,,,,,,,,"No",,,,,,,0,"Massive decrease","Massive decrease","No",,,"",1,"Yes","when I get older need to settle sowhere far from other people"
"85-20-92-08","Hectares","",1,0,0,0,0,0,0,"Co-share/ co-farming",,,,,,,"No",,"",,"",,"Very likely","No",,,,,,,,,,,,,"Yes",2,"Yes","No","Yes","No",,0,"The same","The same","No",,,"",1,"Yes","additional farm to produce more"
"65-60-16-01","Hectares","",0,0,0,0,.1,0,0,,,,,"Private owned with land title",,,"No",,"",,"",,"Very unlikely","No",,,,,,,,,,,,,"No",,,,,,,0,"The same","The same","No",,,"",0,"No","No money to buy another plot"
"83-41-72-29","Hectares","",6,0,0,0,.1,0,0,"Communally owned",,,,"Communally owned",,,"No",,"",,"",,"Maybe, maybe not","Yes","No","Yes","No","No","No","No","No","No","No","No","No",,"No",,,,,,,6,"The same","The same","No",,,"",1,"Yes","to build"
"21-46-08-35","Hectares","",1,0,.1,0,0,0,0,"Communally owned",,"Communally owned",,,,,"No",,"",,"",,"Very unlikely","No",,,,,,,,,,,,,"No",,,,,,,44,"The same","The same","No",,,"",0,"Yes","for future kids"
"37-32-34-84","Hectares","",1,0,0,0,0,0,0,"Communally owned",,,,,,,"No",,"",,"",,"Very unlikely","Yes","No","Yes","No","No","No","No","No","No","No","No","No",,"No",,,,,,,8,"The same","The same","No",,,"",2,"No","satisfied"
"13-52-22-69","Hectares","",5,0,0,0,.25,0,0,"Private owned with land title",,,,"Private owned with land title",,,"No",,"",,"",,"unlikely","No",,,,,,,,,,,,,"No",,,,,,,0,"Slight decrease","Slight decrease","No",,,"",1,"No","Because I have no money for an additional plot"
"39-17-92-41","Hectares","",6,3,4,0,0,0,0,"Communally owned","Communally owned","Communally owned",,,,,"Yes","Within family","","Village headman / chairperson","","Yes","unlikely","Yes","No","Yes","No","No","No","No","No","No","No","No","No",,"No",,,,,,,0,"Massive decrease","Massive decrease","No",,,"",3,"No","Land is enough"
"33-45-72-89","Hectares","",2,0,0,0,.1,0,0,"Communally owned",,,,"Communally owned",,,"No",,"",,"",,"Very likely","No",,,,,,,,,,,,,"No",,,,,,,6,"The same","The same","No",,,"",2,"No","there are enough for the family"
"31-31-05-64","Hectares","",0,0,0,0,.4,0,0,,,,,"Private owned with no land title",,,"No",,"",,"",,"Very unlikely","No",,,,,,,,,,,,,"No",,,,,,,4,"Massive decrease","Massive decrease","No",,,"",0,"Yes","I need more land for farming."
"86-99-45-42","Hectares","",10,8,0,0,1,0,0,"Private owned with land title","Private owned with land title",,,"Communally owned",,,"No",,"",,"",,"unlikely","No",,,,,,,,,,,,,"No",,,,,,,10,"Slight decrease","Slight decrease","No",,,"",1,"No","Satisfied"
"56-98-53-98","Hectares","",2,1,4,4,1,0,0,"Private owned with land title","Private owned with land title","Communally owned","Communally owned","Private owned with land title",,,"No",,"",,"",,"unlikely","Yes","No","No","Yes","Yes","No","No","No","No","No","No","No",,"No",,,,,,,9,"Slight decrease","Massive decrease","No",,,"",1,"No","I'm okay with what I have now."
"56-36-96-19","Hectares","",.2,0,0,0,.1,0,0,"Private owned with land title",,,,"Private owned with land title",,,"No",,"",,"",,"Likely","No",,,,,,,,,,,,,"No",,,,,,,6,"Slight increase","Slight increase","No",,,"",1,"Yes","My farm is too small"
"50-58-13-59","Hectares","",0,0,0,0,.1,0,0,,,,,"Communally owned",,,"No",,"",,"",,"Very likely","No",,,,,,,,,,,,,"No",,,,,,,14,"Slight increase","Slight increase","No",,,"",0,"Yes","the space is limited need additional plot to farm"
"96-16-19-85","Hectares","",3,6,0,-888,.01,0,0,"Communally owned","Communally owned",,,"Communally owned",,,"No",,"",,"",,"Likely","Yes","No","No","No","No","No","No","No","No","Yes","No","No",,"No",,,,,,,3,"Massive decrease","Massive decrease","No",,,"",2,"Yes","for security purposes if one land is not good can move to that one"
"64-96-31-31","Hectares","",.7,0,0,6,.5,0,0,"Private owned with no land title",,,"Private owned with no land title","Private owned with no land title",,,"No",,"",,"",,"Very likely","No",,,,,,,,,,,,,"No",,,,,,,0,"Massive decrease","Massive decrease","No",,,"",0,"No","no money"
"12-39-25-67","Hectares","",0,0,0,0,.2,0,0,,,,,"Private owned with no land title",,,"Yes","Other individuals","","Village headman / chairperson","","Yes","Very unlikely","Yes","No","Yes","No","No","No","No","No","No","Yes","No","No",,"No",,,,,,,7,"Slight decrease","Massive decrease","No",,,"",0,"Yes","because my kids have no space to build structures."
"94-38-82-64","Hectares","",0,0,0,0,.2,0,0,,,,,"Private owned with no land title",,,"No",,"",,"",,"Very unlikely","No",,,,,,,,,,,,,"No",,,,,,,3,"Slight decrease","Massive decrease","No",,,"",0,"No","I need a much bigger plot than this one so that I start farming."
"32-40-73-26","Hectares","",1,0,0,0,.3,0,0,"Private owned with land title",,,,"Private owned with land title",,,"No",,"",,"",,"Maybe, maybe not","No",,,,,,,,,,,,,"No",,,,,,,2,"Slight increase","Slight increase","No",,,"",1,"No","Too old and have enough"
"27-85-21-15","Hectares","",0,0,0,0,0,0,0,,,,,,,,"No",,"",,"",,"Very unlikely","No",,,,,,,,,,,,,"No",,,,,,,2,"Slight decrease","Massive decrease","No",,,"",0,"No","I don't have money to buy a new plot."
"31-68-89-01","Hectares","",0,0,0,0,.5,0,0,,,,,"Private owned with no land title",,,"No",,"",,"",,"unlikely","No",,,,,,,,,,,,,"No",,,,,,,23,"The same","The same","No",,,"",0,"No","not enough land"
"72-31-90-61","Hectares","",0,0,4,4,.2,0,0,,,"Communally owned","Communally owned","Private owned with no land title",,,"No",,"",,"",,"Very unlikely","No",,,,,,,,,,,,,"No",,,,,,,14,"Slight decrease","Slight decrease","No",,,"",1,"Yes","My kids are growing they will need space to build."
"80-54-37-07","Hectares","",2,0,0,0,.4,0,0,"Private owned with no land title",,,,"Private owned with no land title",,,"Yes","Within family","","Nowhere","","No","Very likely","Yes","No","Yes","No","No","No","No","No","No","No","No","No",,"No",,,,,,,3,"Massive decrease","Massive decrease","No",,,"",1,"Yes","Need more land for my kids."
"36-19-32-95","Hectares","",3,0,0,0,1,0,0,"Private owned with land title",,,,"Communally owned",,,"No",,"",,"",,"unlikely","No",,,,,,,,,,,,,"No",,,,,,,2,"Slight decrease","Slight decrease","No",,,"",2,"No","Satisfied"
"75-71-40-40","Hectares","",.8,0,0,0,.1,0,0,"Private owned with land title",,,,"Private owned with land title",,,"No",,"",,"",,"Maybe, maybe not","No",,,,,,,,,,,,,"No",,,,,,,0,"The same","The same","No",,,"",1,"Yes","Plot to do more farm activities"
"37-54-02-07","Hectares","",6,2,0,4,.2,0,0,"Private owned with land title","Private owned with land title",,"Communally owned","Private owned with land title",,,"Yes","Other individuals","","LC Court","","Yes","unlikely","Yes","No","No","Yes","No","No","No","No","No","No","No","No",,"No",,,,,,,4,"Slight decrease","Slight decrease","No",,,"",5,"No","I have enough land"
"60-74-79-59","Hectares","",1,0,0,0,.7,0,0,"Communally owned",,,,"Communally owned",,,"No",,"",,"",,"Very unlikely","No",,,,,,,,,,,,,"No",,,,,,,10,"The same","Massive decrease","No",,,"",1,"No","we have enough"
"96-89-11-69","Hectares","",15,0,0,0,.1,0,0,"Communally owned",,,,"Communally owned",,,"No",,"",,"",,"Very unlikely","Yes","No","Yes","No","No","No","No","No","No","No","No","No",,"No",,,,,,,1,"The same","The same","No",,,"",2,"No","satisfied"
"44-81-28-86","Hectares","",1,0,0,0,1,0,0,"Private owned with no land title",,,,"Private owned with no land title",,,"No",,"",,"",,"unlikely","Yes","No","Yes","Yes","No","No","No","No","No","No","No","No",,"No",,,,,,,4,"Slight decrease","Massive decrease","No",,,"",1,"Yes","Because the one we have is too small"
"33-26-68-81","Hectares","",.5,0,0,0,.2,0,0,"Private owned with land title",,,,"Private owned with land title",,,"Yes","Other individuals","","Clan / Elder","","Yes","Maybe, maybe not","Yes","No","Yes","No","No","No","No","No","No","Yes","No","No",,"Yes",.3,"Yes","No","No","No",,8,"Slight decrease","Slight decrease","No",,,"",1,"Yes","She aspires to venture into business on a different plot"
"12-27-31-91","Hectares","",2,0,0,0,1,0,0,"Private owned with no land title",,,,"Communally owned",,,"Yes","Other individuals","","Clan / Elder","","No","Likely","Yes","No","No","No","No","No","No","No","No","Yes","No","No",,"Yes",2,"Yes","No","No","No",,9,"Slight decrease","Slight decrease","No",,,"",1,"Yes","To have where there will be no disputes."
"44-39-19-46","Hectares","",0,0,0,0,.1,0,0,,,,,"Private owned with no land title",,,"Yes","Within family","","Clan / Elder","","Yes","Very unlikely","Yes","No","No","Yes","No","No","No","No","No","No","No","No",,"No",,,,,,,5,"Slight decrease","Massive decrease","No",,,"",2,"No","I have enough land"
"19-73-20-43","Hectares","",35,24,0,100,.2,0,0,"Private owned with land title","Private owned with land title",,"Private owned with land title","Private owned with land title",,,"No",,"",,"",,"Very unlikely","No",,,,,,,,,,,,,"No",,,,,,,30,"The same","The same","No",,,"",1,"Yes","To build houses for the family to stay"
"86-42-35-25","Hectares","",.5,0,0,0,.1,0,0,"Private owned with land title",,,,"Private owned with land title",,,"No",,"",,"",,"Very likely","Yes","No","Yes","No","No","No","No","No","No","No","No","No",,"No",,,,,,,12,"The same","Slight increase","No",,,"",1,"Yes","To build a house for my kids"
"21-53-70-02","Hectares","",.5,0,0,0,.2,0,0,"Communally owned",,,,"Communally owned",,,"Yes","Other individuals","","Village headman / chairperson","","No","Very likely","No",,,,,,,,,,,,,"No",,,,,,,10,"Slight decrease","Slight decrease","No",,,"",1,"No","we have enough"
"36-25-22-73","Hectares","",2,0,0,0,.2,0,0,"Private owned with land title",,,,"Private owned with land title",,,"Yes","Other individuals","","Clan / Elder","","Yes","unlikely","No",,,,,,,,,,,,,"Yes",2,"Yes","No","No","No",,14,"Slight decrease","Slight decrease","No",,,"",1,"Yes","She has children, Paternal issues on the current plot might affect her children in the future."
"61-61-32-11","Hectares","",600,0,0,0,1,0,0,"Private owned with land title",,,,"Private owned with land title",,,"No",,"",,"",,"unlikely","Yes","No","Yes","No","No","No","No","No","No","No","No","No",,"No",,,,,,,15,"Slight decrease","Massive decrease","No",,,"",2,"No","we are fine with what we have now"
"57-36-34-63","Hectares","",2,0,0,0,.1,0,0,"Communally owned",,,,"Communally owned",,,"No",,"",,"",,"Likely","Yes","No","Yes","Yes","No","No","No","No","No","No","No","No",,"No",,,,,,,1,"The same","Massive decrease","No",,,"",1,"No","I have enough"
"53-72-73-00","Hectares","",.5,0,0,0,.5,0,0,"Private owned with no land title",,,,"Private owned with no land title",,,"No",,"",,"",,"Maybe, maybe not","No",,,,,,,,,,,,,"No",,,,,,,0,"Massive decrease","Massive decrease","No",,,"",1,"No","no money"
"33-70-72-42","Hectares","",0,0,0,0,.1,0,0,,,,,"Private owned with land title",,,"No",,"",,"",,"unlikely","No",,,,,,,,,,,,,"No",,,,,,,2,"Slight decrease","Slight decrease","No",,,"",0,"No","land is very expensive for me"
"52-18-64-85","Hectares","",3,0,0,0,.2,0,0,"Communally owned",,,,"Communally owned",,,"No",,"",,"",,"Maybe, maybe not","No",,,,,,,,,,,,,"No",,,,,,,10,"The same","Massive decrease","No",,,"",1,"No","I have enough"
"42-07-25-32","Hectares","",8,0,0,0,.1,0,0,"Private owned with land title",,,,"Private owned with no land title",,,"No",,"",,"",,"Very likely","Yes","No","Yes","No","No","No","No","No","No","No","No","No",,"No",,,,,,,3,"The same","The same","No",,,"",2,"Yes","need more plot to cultivate to produce more"
"39-53-01-83","Hectares","",2,0,0,0,.4,0,0,"Private owned with land title",,,,"Private owned with land title",,,"No",,"",,"",,"unlikely","No",,,,,,,,,,,,,"Yes",1,"Yes","No","No","No",,4,"Slight decrease","Slight decrease","No",,,"",1,"Yes","Too many people where we stay"
"33-51-31-80","Hectares","",1,0,0,0,600,0,0,"Private owned with no land title",,,,"Private owned with no land title",,,"No",,"",,"",,"unlikely","No",,,,,,,,,,,,,"No",,,,,,,7,"Slight decrease","Massive decrease","No",,,"",1,"No","have enough"
"94-39-43-68","Hectares","",5,0,0,0,.5,0,0,"Communally owned",,,,"Communally owned",,,"No",,"",,"",,"Very likely","Yes","No","Yes","No","No","No","No","No","No","No","No","No",,"No",,,,,,,5,"Slight decrease","Slight decrease","No",,,"",1,"No","we have enough"
"03-54-18-25","Hectares","",2,0,0,0,.5,0,0,"Private owned with land title",,,,"Private owned with land title",,,"No",,"",,"",,"Very unlikely","No",,,,,,,,,,,,,"No",,,,,,,3,"Massive decrease","Massive decrease","No",,,"",4,"No","I have enough land."
"27-58-94-59","Hectares","",1,0,0,0,600,0,0,"Private owned with no land title",,,,"Private owned with no land title",,,"Yes","Within family","","LC Court","","No","Very likely","No",,,,,,,,,,,,,"No",,,,,,,6,"Slight decrease","Massive decrease","No",,,"",2,"No","have enough"
"33-86-19-67","Hectares","",0,0,0,0,.1,0,0,,,,,"Communally owned",,,"No",,"",,"",,"Very likely","No",,,,,,,,,,,,,"No",,,,,,,7,"The same","The same","No",,,"",0,"Yes","To build"
"09-53-75-86","Hectares","",3,2,0,0,1,0,0,"Private owned with no land title","Private owned with no land title",,,"Private owned with no land title",,,"No",,"",,"",,"Very unlikely","No",,,,,,,,,,,,,"No",,,,,,,6,"Massive decrease","Massive decrease","No",,,"",3,"Yes","Because of flood, the area where I farm now gets flooded."
"85-34-92-87","Hectares","",4,2,0,0,.1,0,0,"Communally owned","Communally owned",,,"Communally owned",,,"No",,"",,"",,"Likely","No",,,,,,,,,,,,,"No",,,,,,,5,"The same","The same","No",,,"",1,"Yes","to move"
"75-94-09-47","Hectares","",0,0,0,0,0,0,0,,,,,,,,"No",,"",,"",,"Maybe, maybe not","No",,,,,,,,,,,,,"No",,,,,,,9,"The same","The same","No",,,"",0,"Yes","To build"
"84-71-43-61","Hectares","",0,0,0,0,0,0,0,,,,,,,,"No",,"",,"",,"unlikely","No",,,,,,,,,,,,,"No",,,,,,,4,"Slight decrease","Slight decrease","No",,,"",0,"Yes","For Farming"
"07-42-93-10","Hectares","",1,0,0,0,.1,0,0,"Communally owned",,,,"Communally owned",,,"Yes","Other individuals","","LC Court","","Yes","Very likely","Yes","No","Yes","No","No","No","No","No","No","No","No","No",,"No",,,,,,,3,"The same","The same","No",,,"",4,"Yes","to plough"
"06-11-12-17","Hectares","",2,0,0,0,.1,0,0,"Private owned with land title",,,,"Private owned with land title",,,"No",,"",,"",,"unlikely","Yes","No","Yes","Yes","No","No","No","No","No","No","No","No",,"No",,,,,,,7,"The same","The same","No",,,"",1,"Yes","To build another house for rent"
"15-55-21-38","Hectares","",1,0,0,0,.1,0,0,"Private owned with land title",,,,"Communally owned",,,"Yes","Other individuals","","Magistrate","","No","Very likely","No",,,,,,,,,,,,,"No",,,,,,,2,"Massive decrease","Massive decrease","No",,,"",2,"No","it's enough"
"61-89-87-62","Hectares","",2,0,0,0,1,0,0,"Communally owned",,,,"Communally owned",,,"No",,"",,"",,"unlikely","No",,,,,,,,,,,,,"No",,,,,,,5,"The same","The same","No",,,"",1,"No","Satisfied"
"05-53-30-00","Hectares","",0,0,0,0,1,0,0,,,,,"Private owned with land title",,,"No",,"",,"",,"Very unlikely","No",,,,,,,,,,,,,"No",,,,,,,4,"Slight decrease","Massive decrease","No",,,"",0,"No","I don't have money to buy a new plot since I'm not working."
"00-18-71-95","Hectares","",.2,0,0,0,.1,0,0,"Private owned with land title",,,,"Private owned with land title",,,"No",,"",,"",,"Very unlikely","No",,,,,,,,,,,,,"No",,,,,,,1,"The same","The same","No",,,"",1,"No","They are fine where they stay"
"93-03-74-23","Hectares","",.9,0,0,0,.2,0,0,"Communally owned",,,,"Communally owned",,,"No",,"",,"",,"Maybe, maybe not","Yes","No","Yes","No","No","No","No","No","No","No","No","No",,"No",,,,,,,2,"The same","Slight decrease","No",,,"",1,"No","we have enough"
"98-02-00-97","Hectares","",0,0,0,0,0,0,0,,,,,,,,"No",,"",,"",,"Maybe, maybe not","No",,,,,,,,,,,,,"No",,,,,,,3,"Slight increase","Slight increase","No",,,"",0,"Yes","To built a permanent structure"
"39-55-54-03","Hectares","",.2,0,0,0,8,0,0,"Private owned with land title",,,,"Private owned with land title",,,"No",,"",,"",,"Likely","No",,,,,,,,,,,,,"No",,,,,,,9,"Massive decrease","Massive decrease","No",,,"",2,"No","it's enough"
"55-64-77-57","Hectares","",10,0,0,0,.1,0,0,"Private owned with land title",,,,"Private owned with land title",,,"No",,"",,"",,"Maybe, maybe not","No",,,,,,,,,,,,,"No",,,,,,,21,"Massive decrease","Massive decrease","No",,,"",2,"No","enough"
"12-97-85-94","Hectares","",0,0,0,0,.5,0,0,,,,,"Communally owned",,,"No",,"",,"",,"Very likely","Yes","No","Yes","No","No","No","No","No","No","No","No","No",,"No",,,,,,,10,"Slight decrease","The same","No",,,"",0,"Yes","in dry land for cattle farming"
"85-58-05-93","Hectares","",.4,0,0,0,.1,0,0,"Private owned with land title",,,,"Private owned with land title",,,"No",,"",,"",,"Likely","No",,,,,,,,,,,,,"No",,,,,,,2,"Slight increase","Slight increase","No",,,"",1,"No","Have enough"
"36-06-01-35","Hectares","",4,1,0,0,.2,0,0,"Private owned with land title","Private owned with land title",,,"Private owned with land title",,,"Yes","Within family","","Clan / Elder","","No","Likely","Yes","No","No","No","No","No","No","No","No","Yes","No","No",,"No",,,,,,,3,"Slight decrease","Massive decrease","No",,,"",1,"Yes","The area is floody he wants area for his cattle"
"11-36-65-74","Hectares","",0,0,0,0,0,0,0,,,,,,,,"No",,"",,"",,"Very unlikely","No",,,,,,,,,,,,,"No",,,,,,,4,"The same","The same","No",,,"",0,"Yes","For Farming."
"87-74-62-05","Hectares","",1.04,0,0,0,.3,0,0,"Private owned with land title",,,,"Private owned with land title",,,"No",,"",,"",,"Very unlikely","Yes","No","Yes","No","No","No","No","No","No","No","No","No",,"No",,,,,,,5,"Slight increase","Slight increase","No",,,"",5,"No","What he has is enough"
"74-09-83-15","Hectares","",2,0,0,0,1,0,0,"Private owned with no land title",,,,"Private owned with land title",,,"No",,"",,"",,"unlikely","No",,,,,,,,,,,,,"Yes",1,"No","No","Yes","No",,20,"Slight decrease","Slight decrease","No",,,"",1,"No","satisfied"
"99-86-29-88","Hectares","",6,0,0,0,.1,0,0,"Communally owned",,,,"Communally owned",,,"No",,"",,"",,"Maybe, maybe not","Yes","No","Yes","No","No","No","No","No","No","No","No","No",,"No",,,,,,,5,"The same","The same","No",,,"",2,"No","urban area"
"10-97-13-34","Hectares","",1,0,0,0,.1,0,0,"Private owned with land title",,,,"Private owned with land title",,,"No",,"",,"",,"Maybe, maybe not","Yes","No","Yes","No","No","No","No","No","No","Yes","No","No",,"No",,,,,,,6,"Slight increase","Slight increase","No",,,"",5,"Yes","Current farm there's no yield and we do not get anything from it"
"53-72-96-12","Hectares","",6,1,0,0,.2,0,0,"Private owned with no land title","Private owned with no land title",,,"Private owned with land title",,,"Yes","Other individuals","","Clan / Elder","","No","Likely","No",,,,,,,,,,,,,"No",,,,,,,1,"Slight decrease","Slight decrease","No",,,"",1,"Yes","To avoid noise and  land disputes"
"22-21-62-20","Hectares","",.4,0,0,0,.1,0,0,"Private owned with land title",,,,"Private owned with land title",,,"No",,"",,"",,"Maybe, maybe not","No",,,,,,,,,,,,,"No",,,,,,,1,"Slight increase","Slight increase","No",,,"",6,"Yes","To increase yield"
"64-31-79-16","Hectares","",.4,0,0,0,.1,0,0,"Private owned with land title",,,,"Private owned with land title",,,"No",,"",,"",,"Likely","Yes","No","Yes","No","No","No","No","No","No","Yes","No","No",,"No",,,,,,,4,"Slight increase","Slight increase","No",,,"",1,"No","I have enough"
"01-18-26-42","Hectares","",2,0,0,0,.1,0,0,"Private owned with no land title",,,,"Private owned with no land title",,,"Yes","Other individuals","","LC Court","","Yes","Maybe, maybe not","No",,,,,,,,,,,,,"No",,,,,,,3,"Massive decrease","Massive decrease","No",,,"",1,"Yes","the plot am having is not fertile"
"82-55-52-94","Hectares","",6,6,0,0,.1,0,0,"Communally owned","Communally owned",,,"Communally owned",,,"No",,"",,"",,"Maybe, maybe not","No",,,,,,,,,,,,,"No",,,,,,,2,"The same","The same","No",,,"",0,"No","satisfied"
"19-07-40-38","Hectares","",4,0,0,0,.1,0,0,"Private owned with land title",,,,"Private owned with land title",,,"No",,"",,"",,"Very unlikely","No",,,,,,,,,,,,,"No",,,,,,,3,"The same","Massive increase","No",,,"",1,"Yes","she needs another plot for business purpose like growing vegetables"
"65-17-55-88","Hectares","",4,3,0,0,1,0,0,"Private owned with land title","Private owned with land title",,,"Communally owned",,,"No",,"",,"",,"unlikely","No",,,,,,,,,,,,,"No",,,,,,,0,"The same","The same","No",,,"",1,"No","satisfied"
"71-44-93-64","Hectares","",.7,1,0,9,.5,0,0,"Private owned with no land title","Private owned with no land title",,"Communally owned","Private owned with no land title",,,"No",,"",,"",,"unlikely","Yes","No","No","No","Yes","No","No","No","No","No","No","No",,"No",,,,,,,9,"The same","Massive decrease","No",,,"",6,"No","not enough land"
"34-19-14-62","Hectares","",.2,0,0,0,.1,0,0,"Private owned with land title",,,,"Private owned with land title",,,"No",,"",,"",,"Very unlikely","No",,,,,,,,,,,,,"No",,,,,,,1,"Slight increase","Slight increase","No",,,"",1,"Yes","To build rooms for rent in order to generate income"
"22-51-06-37","Hectares","",2,0,0,0,.2,0,0,"Private owned with no land title",,,,"Private owned with no land title",,,"Yes","Within family","","Clan / Elder","","No","Likely","Yes","No","No","No","No","No","No","No","No","Yes","No","No",,"No",,,,,,,5,"Slight decrease","Slight decrease","No",,,"",1,"Yes","To reduce starvation"
"27-70-53-20","Hectares","",0,0,0,0,.1,0,0,,,,,"Private owned with no land title",,,"No",,"",,"",,"Very unlikely","No",,,,,,,,,,,,,"No",,,,,,,3,"Slight decrease","Massive decrease","No",,,"",0,"No","I don't have money to buy a new plot."
"98-81-19-82","Hectares","",.5,0,0,0,.5,0,0,"Private owned with no land title",,,,"Private owned with no land title",,,"No",,"",,"",,"Maybe, maybe not","No",,,,,,,,,,,,,"No",,,,,,,5,"Slight decrease","Massive decrease","No",,,"",1,"No","no money"
"39-67-03-82","Hectares","",6,44,0,-888,.002,0,0,"Communally owned","Communally owned",,,"Communally owned",,,"No",,"",,"",,"Very unlikely","No",,,,,,,,,,,,,"No",,,,,,,6,"Massive decrease","Massive decrease","No",,,"",3,"No","Land is enough"
"46-14-07-81","Hectares","",3,0,0,0,.1,0,0,"Communally owned",,,,"Communally owned",,,"No",,"",,"",,"Very unlikely","Yes","No","Yes","Yes","No","No","No","Yes","No","No","No","No",,"No",,,,,,,3,"Slight decrease","Slight increase","No",,,"",1,"Yes","Yes in town"
