interview__key,r_food_ind__id,numdays_7d,food_source_7d__1,food_source_7d__2,food_source_7d__3,food_source_7d__4,food_source_7d__5,food_source_7d__6,food_source_7d__7,food_source_7d__8,food_source_7d__9,food_source_7d__96,foos_source_oth
"77-20-39-35","Cereals- rice, maize, chapatti, wheat, sorghum, bread, etc",7,"No","No","No","No","Yes","No","No","No","No","No",""
"77-20-39-35","Vegetables- spinach, pumpkin, cabbage, tomato, onion",3,"No","No","No","No","Yes","No","No","No","No","No",""
"77-20-39-35","Meat, poultry, organ meat- goat, sheep, cow, chicken, liver, kidney, intestines",7,"No","No","No","No","Yes","No","No","No","No","No",""
"77-20-39-35","Fish and seafood (dried or fresh)- sardines, dagaa/omena",7,"No","No","No","No","Yes","No","No","No","No","No",""
"71-78-53-70","Cereals- rice, maize, chapatti, wheat, sorghum, bread, etc",5,"No","No","No","No","Yes","No","No","No","No","No",""
"71-78-53-70","Roots and tubers- potato, sweet potato, cassava, arrow roots, cooking banana",1,"No","No","No","No","Yes","No","No","No","No","No",""
"71-78-53-70","Vegetables- spinach, pumpkin, cabbage, tomato, onion",2,"No","No","No","No","Yes","No","No","No","No","No",""
"71-78-53-70","Fruits- orange, mango, guava, rice paw paw/papaya, pineapple, etc",1,"No","No","No","No","Yes","No","No","No","No","No",""
"71-78-53-70","Meat, poultry, organ meat- goat, sheep, cow, chicken, liver, kidney, intestines",4,"No","No","No","No","Yes","No","No","No","No","No",""
"71-78-53-70","Eggs",4,"No","No","No","No","Yes","No","No","No","No","No",""
"71-78-53-70","Fish and seafood (dried or fresh)- sardines, dagaa/omena",5,"No","No","No","No","Yes","No","No","No","No","No",""
"71-78-53-70","Oil/fats- oil, fat, butter, ghee, etc",5,"No","No","No","No","Yes","No","No","No","No","No",""
"71-78-53-70","Sugar and sweets- sugar, honey, sweets, desserts",5,"No","No","No","No","Yes","No","No","No","No","No",""
"71-78-53-70","Miscellaneous- tea, coffee, beverages, condiments, spices",7,"No","No","No","No","Yes","No","No","No","No","No",""
"46-91-82-56","Fruits- orange, mango, guava, rice paw paw/papaya, pineapple, etc",3,"Yes","No","No","No","No","No","No","No","No","No",""
"46-91-82-56","Meat, poultry, organ meat- goat, sheep, cow, chicken, liver, kidney, intestines",7,"No","No","No","No","Yes","No","No","No","No","No",""
"46-91-82-56","Sugar and sweets- sugar, honey, sweets, desserts",7,"No","No","No","No","Yes","No","No","No","No","No",""
"46-91-82-56","Miscellaneous- tea, coffee, beverages, condiments, spices",7,"No","No","No","No","Yes","No","No","No","No","No",""
"20-85-85-47","Cereals- rice, maize, chapatti, wheat, sorghum, bread, etc",7,"No","No","No","No","No","No","No","No","No","Yes","bought with social grand (government grand)"
"20-85-85-47","Vegetables- spinach, pumpkin, cabbage, tomato, onion",3,"No","No","No","No","No","No","No","Yes","No","No",""
"20-85-85-47","Meat, poultry, organ meat- goat, sheep, cow, chicken, liver, kidney, intestines",1,"No","No","No","No","No","No","No","No","No","Yes","bought with social grand (government grand)"
"20-85-85-47","Oil/fats- oil, fat, butter, ghee, etc",7,"No","No","No","No","No","No","No","No","No","Yes","bought with social grand (government grand)"
"20-85-85-47","Sugar and sweets- sugar, honey, sweets, desserts",4,"No","No","No","No","No","No","No","Yes","No","No",""
"20-85-85-47","Miscellaneous- tea, coffee, beverages, condiments, spices",1,"No","No","No","No","No","No","No","Yes","No","No",""
"34-53-75-33","Vegetables- spinach, pumpkin, cabbage, tomato, onion",2,"No","No","No","No","Yes","No","No","No","No","No",""
"34-53-75-33","Meat, poultry, organ meat- goat, sheep, cow, chicken, liver, kidney, intestines",3,"No","No","No","No","Yes","No","No","No","No","No",""
"34-53-75-33","Fish and seafood (dried or fresh)- sardines, dagaa/omena",3,"No","No","No","No","Yes","No","No","No","No","No",""
"56-13-50-35","Cereals- rice, maize, chapatti, wheat, sorghum, bread, etc",7,"No","No","No","No","Yes","No","No","No","No","No",""
"56-13-50-35","Vegetables- spinach, pumpkin, cabbage, tomato, onion",5,"Yes","No","No","No","No","No","No","No","No","No",""
"56-13-50-35","Meat, poultry, organ meat- goat, sheep, cow, chicken, liver, kidney, intestines",7,"No","No","No","No","Yes","No","No","No","No","No",""
"58-38-99-88","Cereals- rice, maize, chapatti, wheat, sorghum, bread, etc",7,"No","No","No","No","Yes","No","No","No","No","No",""
"58-38-99-88","Meat, poultry, organ meat- goat, sheep, cow, chicken, liver, kidney, intestines",3,"No","No","No","No","Yes","No","No","No","No","No",""
"58-38-99-88","Oil/fats- oil, fat, butter, ghee, etc",7,"No","No","No","No","Yes","No","No","No","No","No",""
"58-38-99-88","Sugar and sweets- sugar, honey, sweets, desserts",3,"No","No","No","No","Yes","No","No","No","No","No",""
"81-26-40-75","Cereals- rice, maize, chapatti, wheat, sorghum, bread, etc",3,"No","No","No","No","Yes","No","No","No","No","No",""
"81-26-40-75","Roots and tubers- potato, sweet potato, cassava, arrow roots, cooking banana",2,"No","No","No","No","Yes","No","No","No","No","No",""
"81-26-40-75","Vegetables- spinach, pumpkin, cabbage, tomato, onion",3,"No","No","No","No","Yes","No","No","No","No","No",""
"81-26-40-75","Fruits- orange, mango, guava, rice paw paw/papaya, pineapple, etc",2,"No","No","No","No","Yes","No","No","No","No","No",""
"81-26-40-75","Meat, poultry, organ meat- goat, sheep, cow, chicken, liver, kidney, intestines",4,"No","No","No","No","Yes","No","No","No","No","No",""
"81-26-40-75","Pulses, legumes, nuts, seeds",2,"No","No","No","No","No","No","No","Yes","No","No",""
"81-26-40-75","Oil/fats- oil, fat, butter, ghee, etc",7,"No","No","No","No","Yes","No","No","No","No","No",""
"81-26-40-75","Sugar and sweets- sugar, honey, sweets, desserts",7,"No","No","No","No","Yes","No","No","No","No","No",""
"81-26-40-75","Miscellaneous- tea, coffee, beverages, condiments, spices",4,"No","No","No","No","Yes","No","No","No","No","No",""
"39-76-70-00","Cereals- rice, maize, chapatti, wheat, sorghum, bread, etc",1,"No","No","No","No","No","No","No","No","No","Yes","bought from the shop"
"84-11-99-46","Cereals- rice, maize, chapatti, wheat, sorghum, bread, etc",7,"No","No","No","No","Yes","No","No","No","No","No",""
"84-11-99-46","Vegetables- spinach, pumpkin, cabbage, tomato, onion",1,"No","No","No","No","No","No","No","Yes","No","No",""
"84-11-99-46","Oil/fats- oil, fat, butter, ghee, etc",7,"No","No","No","No","Yes","No","No","No","No","No",""
"84-11-99-46","Sugar and sweets- sugar, honey, sweets, desserts",1,"No","No","No","No","Yes","No","No","No","No","No",""
"07-72-86-35","Cereals- rice, maize, chapatti, wheat, sorghum, bread, etc",7,"No","No","No","No","Yes","No","No","No","No","No",""
"07-72-86-35","Vegetables- spinach, pumpkin, cabbage, tomato, onion",5,"No","No","No","No","Yes","No","No","No","No","No",""
"07-72-86-35","Meat, poultry, organ meat- goat, sheep, cow, chicken, liver, kidney, intestines",4,"No","No","No","No","Yes","No","No","No","No","No",""
"07-72-86-35","Oil/fats- oil, fat, butter, ghee, etc",7,"No","No","No","No","Yes","No","No","No","No","No",""
"07-72-86-35","Sugar and sweets- sugar, honey, sweets, desserts",7,"No","No","No","No","Yes","No","No","No","No","No",""
"76-67-31-58","Cereals- rice, maize, chapatti, wheat, sorghum, bread, etc",7,"No","No","No","No","Yes","No","No","No","No","No",""
"76-67-31-58","Roots and tubers- potato, sweet potato, cassava, arrow roots, cooking banana",2,"No","No","No","No","Yes","No","No","No","No","No",""
"76-67-31-58","Vegetables- spinach, pumpkin, cabbage, tomato, onion",7,"No","No","No","No","Yes","No","No","No","No","No",""
"76-67-31-58","Meat, poultry, organ meat- goat, sheep, cow, chicken, liver, kidney, intestines",2,"No","No","No","No","Yes","No","No","No","No","No",""
"76-67-31-58","Fish and seafood (dried or fresh)- sardines, dagaa/omena",5,"No","No","No","No","Yes","No","No","No","No","No",""
"76-67-31-58","Oil/fats- oil, fat, butter, ghee, etc",7,"No","No","No","No","Yes","No","No","No","No","No",""
"37-57-47-28","Cereals- rice, maize, chapatti, wheat, sorghum, bread, etc",7,"No","No","No","No","Yes","No","No","No","No","No",""
"37-57-47-28","Vegetables- spinach, pumpkin, cabbage, tomato, onion",4,"No","No","No","No","Yes","No","No","No","No","No",""
"37-57-47-28","Meat, poultry, organ meat- goat, sheep, cow, chicken, liver, kidney, intestines",7,"No","No","No","No","Yes","No","No","No","No","No",""
"37-57-47-28","Fish and seafood (dried or fresh)- sardines, dagaa/omena",3,"No","No","No","No","Yes","No","No","No","No","No",""
"37-57-47-28","Oil/fats- oil, fat, butter, ghee, etc",7,"No","No","No","No","Yes","No","No","No","No","No",""
"37-57-47-28","Sugar and sweets- sugar, honey, sweets, desserts",7,"No","No","No","No","Yes","No","No","No","No","No",""
"01-40-66-32","Cereals- rice, maize, chapatti, wheat, sorghum, bread, etc",7,"No","No","No","No","Yes","No","No","No","No","No",""
"01-40-66-32","Vegetables- spinach, pumpkin, cabbage, tomato, onion",2,"No","No","No","Yes","Yes","No","No","No","No","No",""
"01-40-66-32","Meat, poultry, organ meat- goat, sheep, cow, chicken, liver, kidney, intestines",2,"No","No","No","No","Yes","No","No","No","No","No",""
"13-26-58-11","Cereals- rice, maize, chapatti, wheat, sorghum, bread, etc",7,"No","No","No","Yes","No","No","No","No","No","No",""
"13-26-58-11","Roots and tubers- potato, sweet potato, cassava, arrow roots, cooking banana",1,"No","No","No","Yes","No","No","No","No","No","No",""
"53-48-83-71","Cereals- rice, maize, chapatti, wheat, sorghum, bread, etc",3,"No","No","No","No","Yes","No","No","No","No","No",""
"53-48-83-71","Vegetables- spinach, pumpkin, cabbage, tomato, onion",3,"No","No","No","No","Yes","No","No","No","No","No",""
"53-48-83-71","Meat, poultry, organ meat- goat, sheep, cow, chicken, liver, kidney, intestines",3,"No","No","No","No","Yes","No","No","No","No","No",""
"53-48-83-71","Milk and milk products- fresh, powdered, yogurt, cheese, etc",3,"No","No","No","No","Yes","No","No","No","No","No",""
"53-48-83-71","Oil/fats- oil, fat, butter, ghee, etc",3,"No","No","No","No","Yes","No","No","No","No","No",""
"53-48-83-71","Sugar and sweets- sugar, honey, sweets, desserts",6,"No","No","No","No","Yes","No","No","No","No","No",""
"53-48-83-71","Miscellaneous- tea, coffee, beverages, condiments, spices",5,"No","No","No","No","Yes","No","No","No","No","No",""
"27-13-62-90","Cereals- rice, maize, chapatti, wheat, sorghum, bread, etc",2,"No","No","No","No","Yes","No","No","No","No","No",""
"27-13-62-90","Meat, poultry, organ meat- goat, sheep, cow, chicken, liver, kidney, intestines",7,"No","No","No","No","Yes","No","No","No","No","No",""
"85-22-01-46","Cereals- rice, maize, chapatti, wheat, sorghum, bread, etc",7,"No","No","No","No","No","No","No","Yes","No","No",""
"85-22-01-46","Roots and tubers- potato, sweet potato, cassava, arrow roots, cooking banana",3,"No","No","No","No","No","No","No","Yes","No","No",""
"85-22-01-46","Vegetables- spinach, pumpkin, cabbage, tomato, onion",7,"No","No","No","No","No","No","No","Yes","No","No",""
"85-22-01-46","Meat, poultry, organ meat- goat, sheep, cow, chicken, liver, kidney, intestines",4,"No","No","No","No","No","No","No","Yes","No","No",""
"85-22-01-46","Oil/fats- oil, fat, butter, ghee, etc",7,"No","No","No","No","No","No","No","Yes","No","No",""
"85-22-01-46","Sugar and sweets- sugar, honey, sweets, desserts",7,"No","No","No","No","No","No","No","Yes","No","No",""
"85-22-01-46","Miscellaneous- tea, coffee, beverages, condiments, spices",7,"No","No","No","No","No","No","No","Yes","No","No",""
"69-98-12-23","Cereals- rice, maize, chapatti, wheat, sorghum, bread, etc",7,"No","No","No","No","Yes","No","No","No","No","No",""
"69-98-12-23","Vegetables- spinach, pumpkin, cabbage, tomato, onion",3,"No","No","No","No","Yes","No","No","No","No","No",""
"69-98-12-23","Meat, poultry, organ meat- goat, sheep, cow, chicken, liver, kidney, intestines",3,"No","No","No","No","Yes","No","No","No","No","No",""
"69-98-12-23","Fish and seafood (dried or fresh)- sardines, dagaa/omena",2,"No","No","No","No","Yes","No","No","No","No","No",""
"69-98-12-23","Milk and milk products- fresh, powdered, yogurt, cheese, etc",1,"No","No","No","No","Yes","No","No","No","No","No",""
"69-98-12-23","Oil/fats- oil, fat, butter, ghee, etc",7,"No","No","No","No","Yes","No","No","No","No","No",""
"69-98-12-23","Sugar and sweets- sugar, honey, sweets, desserts",7,"No","No","No","No","Yes","No","No","No","No","No",""
"13-16-89-71","Cereals- rice, maize, chapatti, wheat, sorghum, bread, etc",1,"No","No","No","No","Yes","No","No","No","No","No",""
"13-16-89-71","Meat, poultry, organ meat- goat, sheep, cow, chicken, liver, kidney, intestines",1,"No","No","No","No","Yes","No","No","No","No","No",""
"13-16-89-71","Fish and seafood (dried or fresh)- sardines, dagaa/omena",2,"No","No","No","No","Yes","No","No","No","No","No",""
"13-16-89-71","Sugar and sweets- sugar, honey, sweets, desserts",7,"No","No","No","No","Yes","No","No","No","No","No",""
"56-66-41-20","Cereals- rice, maize, chapatti, wheat, sorghum, bread, etc",5,"No","No","No","No","No","No","No","No","No","Yes","bought from the shop"
"56-66-41-20","Vegetables- spinach, pumpkin, cabbage, tomato, onion",7,"No","No","No","No","No","No","No","No","No","Yes","bought from the market"
"56-66-41-20","Meat, poultry, organ meat- goat, sheep, cow, chicken, liver, kidney, intestines",1,"No","No","No","No","No","No","No","No","No","Yes","bought from the shop"
"81-47-86-65","Fruits- orange, mango, guava, rice paw paw/papaya, pineapple, etc",3,"No","No","No","No","Yes","No","No","No","No","No",""
"93-67-97-18","Cereals- rice, maize, chapatti, wheat, sorghum, bread, etc",7,"No","No","No","No","Yes","No","No","No","No","No",""
"93-67-97-18","Roots and tubers- potato, sweet potato, cassava, arrow roots, cooking banana",1,"No","No","No","No","Yes","No","No","No","No","No",""
"93-67-97-18","Fruits- orange, mango, guava, rice paw paw/papaya, pineapple, etc",7,"No","No","Yes","No","No","No","No","No","No","No",""
"93-67-97-18","Meat, poultry, organ meat- goat, sheep, cow, chicken, liver, kidney, intestines",3,"No","No","No","No","Yes","No","No","No","No","No",""
"93-67-97-18","Eggs",1,"No","No","No","No","Yes","No","No","No","No","No",""
"93-67-97-18","Milk and milk products- fresh, powdered, yogurt, cheese, etc",5,"No","No","No","No","Yes","No","No","No","No","No",""
"93-67-97-18","Sugar and sweets- sugar, honey, sweets, desserts",7,"No","No","No","No","Yes","No","No","No","No","No",""
"93-67-97-18","Miscellaneous- tea, coffee, beverages, condiments, spices",7,"No","No","No","No","Yes","No","No","No","No","No",""
"38-26-42-37","Cereals- rice, maize, chapatti, wheat, sorghum, bread, etc",2,"No","No","No","No","No","No","No","Yes","No","No",""
"38-26-42-37","Vegetables- spinach, pumpkin, cabbage, tomato, onion",1,"Yes","No","No","No","No","No","No","No","No","No",""
"38-26-42-37","Fruits- orange, mango, guava, rice paw paw/papaya, pineapple, etc",2,"Yes","No","No","No","No","No","No","No","No","No",""
"38-26-42-37","Meat, poultry, organ meat- goat, sheep, cow, chicken, liver, kidney, intestines",2,"No","No","No","No","Yes","No","No","No","No","No",""
"38-26-42-37","Fish and seafood (dried or fresh)- sardines, dagaa/omena",4,"No","No","No","No","Yes","No","No","No","No","No",""
"38-26-42-37","Oil/fats- oil, fat, butter, ghee, etc",7,"No","No","No","No","Yes","No","No","No","No","No",""
"38-26-42-37","Sugar and sweets- sugar, honey, sweets, desserts",7,"No","No","No","No","Yes","No","No","No","No","No",""
"38-26-42-37","Miscellaneous- tea, coffee, beverages, condiments, spices",7,"No","No","No","No","Yes","No","No","No","No","No",""
"05-99-34-61","Cereals- rice, maize, chapatti, wheat, sorghum, bread, etc",7,"No","No","No","No","Yes","No","No","No","No","No",""
"05-99-34-61","Roots and tubers- potato, sweet potato, cassava, arrow roots, cooking banana",2,"No","No","No","No","Yes","No","No","No","No","No",""
"05-99-34-61","Vegetables- spinach, pumpkin, cabbage, tomato, onion",7,"Yes","No","No","No","Yes","No","No","No","No","No",""
"05-99-34-61","Fruits- orange, mango, guava, rice paw paw/papaya, pineapple, etc",1,"No","No","No","No","Yes","No","No","No","No","No",""
"05-99-34-61","Meat, poultry, organ meat- goat, sheep, cow, chicken, liver, kidney, intestines",7,"No","No","No","No","Yes","No","No","No","No","No",""
"05-99-34-61","Eggs",3,"No","No","No","No","Yes","No","No","No","No","No",""
"05-99-34-61","Oil/fats- oil, fat, butter, ghee, etc",7,"No","No","No","No","Yes","No","No","No","No","No",""
"05-99-34-61","Sugar and sweets- sugar, honey, sweets, desserts",7,"No","No","No","No","Yes","No","No","No","No","No",""
"05-99-34-61","Miscellaneous- tea, coffee, beverages, condiments, spices",7,"No","No","No","No","Yes","No","No","No","No","No",""
"82-77-34-88","Vegetables- spinach, pumpkin, cabbage, tomato, onion",1,"Yes","No","No","No","No","No","No","No","No","No",""
"82-77-34-88","Oil/fats- oil, fat, butter, ghee, etc",5,"No","No","No","No","Yes","No","No","No","No","No",""
"82-77-34-88","Sugar and sweets- sugar, honey, sweets, desserts",7,"No","No","No","No","Yes","No","No","No","No","No",""
"58-42-23-81","Cereals- rice, maize, chapatti, wheat, sorghum, bread, etc",7,"No","No","No","No","Yes","No","No","No","No","No",""
"58-42-23-81","Vegetables- spinach, pumpkin, cabbage, tomato, onion",3,"Yes","No","No","No","No","No","No","No","No","No",""
"58-42-23-81","Fruits- orange, mango, guava, rice paw paw/papaya, pineapple, etc",1,"No","No","No","No","Yes","No","No","No","No","No",""
"58-42-23-81","Meat, poultry, organ meat- goat, sheep, cow, chicken, liver, kidney, intestines",6,"No","No","No","No","Yes","No","No","No","No","No",""
"58-42-23-81","Eggs",2,"No","No","No","No","Yes","No","No","No","No","No",""
"58-42-23-81","Milk and milk products- fresh, powdered, yogurt, cheese, etc",5,"No","No","No","No","Yes","No","No","No","No","No",""
"58-42-23-81","Oil/fats- oil, fat, butter, ghee, etc",7,"No","No","No","No","Yes","No","No","No","No","No",""
"58-42-23-81","Sugar and sweets- sugar, honey, sweets, desserts",7,"No","No","No","No","Yes","No","No","No","No","No",""
"58-42-23-81","Miscellaneous- tea, coffee, beverages, condiments, spices",7,"No","No","No","No","Yes","No","No","No","No","No",""
"41-08-83-81","Cereals- rice, maize, chapatti, wheat, sorghum, bread, etc",7,"No","No","No","No","Yes","No","No","No","No","No",""
"41-08-83-81","Vegetables- spinach, pumpkin, cabbage, tomato, onion",2,"No","No","No","No","Yes","No","No","No","No","No",""
"37-72-45-16","Cereals- rice, maize, chapatti, wheat, sorghum, bread, etc",3,"No","No","No","No","Yes","No","No","No","No","No",""
"37-72-45-16","Meat, poultry, organ meat- goat, sheep, cow, chicken, liver, kidney, intestines",1,"No","No","No","No","Yes","No","No","No","No","No",""
"86-82-46-77","Cereals- rice, maize, chapatti, wheat, sorghum, bread, etc",3,"No","No","No","No","No","No","No","No","No","Yes","bought from the shop"
"86-82-46-77","Vegetables- spinach, pumpkin, cabbage, tomato, onion",4,"No","No","No","No","No","No","No","No","No","Yes","bought from the shop"
"86-82-46-77","Meat, poultry, organ meat- goat, sheep, cow, chicken, liver, kidney, intestines",5,"No","No","No","No","No","No","No","No","No","Yes","bought from the shop"
"86-82-46-77","Eggs",4,"No","No","No","No","No","No","No","No","No","Yes","bought from the shop"
"86-82-46-77","Fish and seafood (dried or fresh)- sardines, dagaa/omena",2,"No","No","No","No","No","No","No","No","No","Yes","bought from the market"
"35-59-75-62","Meat, poultry, organ meat- goat, sheep, cow, chicken, liver, kidney, intestines",2,"No","No","No","No","Yes","No","No","No","No","No",""
"35-59-75-62","Milk and milk products- fresh, powdered, yogurt, cheese, etc",2,"No","No","No","No","Yes","No","No","No","No","No",""
"35-59-75-62","Sugar and sweets- sugar, honey, sweets, desserts",2,"No","No","No","No","Yes","No","No","No","No","No",""
"31-89-28-30","Meat, poultry, organ meat- goat, sheep, cow, chicken, liver, kidney, intestines",7,"No","No","No","No","No","No","No","No","No","Yes","bought from the market"
"31-89-28-30","Fish and seafood (dried or fresh)- sardines, dagaa/omena",1,"No","No","No","No","No","No","No","No","No","Yes","bought from the market"
"61-82-08-02","Cereals- rice, maize, chapatti, wheat, sorghum, bread, etc",2,"No","No","No","No","Yes","No","No","No","No","No",""
"61-82-08-02","Meat, poultry, organ meat- goat, sheep, cow, chicken, liver, kidney, intestines",2,"No","No","No","No","Yes","No","No","No","No","No",""
"67-96-75-77","Cereals- rice, maize, chapatti, wheat, sorghum, bread, etc",2,"No","No","No","No","Yes","No","No","No","No","No",""
"67-96-75-77","Vegetables- spinach, pumpkin, cabbage, tomato, onion",1,"No","No","No","No","Yes","No","No","No","No","No",""
"19-03-14-53","Cereals- rice, maize, chapatti, wheat, sorghum, bread, etc",6,"No","No","No","No","Yes","No","No","No","No","No",""
"19-03-14-53","Vegetables- spinach, pumpkin, cabbage, tomato, onion",2,"No","No","No","No","Yes","No","No","No","No","No",""
"19-03-14-53","Meat, poultry, organ meat- goat, sheep, cow, chicken, liver, kidney, intestines",3,"No","No","No","No","Yes","No","No","No","No","No",""
"12-01-31-29","Cereals- rice, maize, chapatti, wheat, sorghum, bread, etc",7,"No","No","No","No","Yes","No","No","No","No","No",""
"12-01-31-29","Vegetables- spinach, pumpkin, cabbage, tomato, onion",7,"No","No","No","No","Yes","No","No","No","No","No",""
"12-01-31-29","Oil/fats- oil, fat, butter, ghee, etc",7,"No","No","No","No","Yes","No","No","No","No","No",""
"12-01-31-29","Miscellaneous- tea, coffee, beverages, condiments, spices",7,"No","No","No","No","Yes","No","No","No","No","No",""
"16-72-17-16","Cereals- rice, maize, chapatti, wheat, sorghum, bread, etc",4,"Yes","No","No","No","No","No","No","No","No","Yes","she bought the bread"
"16-72-17-16","Vegetables- spinach, pumpkin, cabbage, tomato, onion",2,"No","No","No","No","No","No","No","No","No","Yes","They buy from the market"
"16-72-17-16","Meat, poultry, organ meat- goat, sheep, cow, chicken, liver, kidney, intestines",7,"No","No","No","No","No","No","No","No","No","Yes","Buy from the shop"
"38-21-18-12","Cereals- rice, maize, chapatti, wheat, sorghum, bread, etc",5,"No","No","No","No","Yes","No","No","No","No","No",""
"38-21-18-12","Meat, poultry, organ meat- goat, sheep, cow, chicken, liver, kidney, intestines",1,"No","No","No","No","Yes","No","No","No","No","No",""
"75-80-02-90","Fruits- orange, mango, guava, rice paw paw/papaya, pineapple, etc",1,"No","No","No","No","No","No","No","Yes","No","No",""
"75-80-02-90","Meat, poultry, organ meat- goat, sheep, cow, chicken, liver, kidney, intestines",1,"No","No","No","No","Yes","No","No","No","No","No",""
"43-41-21-85","Cereals- rice, maize, chapatti, wheat, sorghum, bread, etc",3,"No","No","No","No","Yes","No","No","No","No","No",""
"43-41-21-85","Roots and tubers- potato, sweet potato, cassava, arrow roots, cooking banana",3,"No","No","No","No","Yes","No","No","No","No","No",""
"43-41-21-85","Vegetables- spinach, pumpkin, cabbage, tomato, onion",7,"No","No","No","No","Yes","No","No","No","No","No",""
"43-41-21-85","Fruits- orange, mango, guava, rice paw paw/papaya, pineapple, etc",5,"No","No","No","No","Yes","No","No","No","No","No",""
"43-41-21-85","Meat, poultry, organ meat- goat, sheep, cow, chicken, liver, kidney, intestines",2,"No","No","No","No","Yes","No","No","No","No","No",""
"43-41-21-85","Fish and seafood (dried or fresh)- sardines, dagaa/omena",3,"No","No","No","No","Yes","No","No","No","No","No",""
"43-41-21-85","Milk and milk products- fresh, powdered, yogurt, cheese, etc",5,"No","No","No","No","Yes","No","No","No","No","No",""
"43-41-21-85","Oil/fats- oil, fat, butter, ghee, etc",7,"No","No","No","No","Yes","No","No","No","No","No",""
"43-41-21-85","Sugar and sweets- sugar, honey, sweets, desserts",7,"No","No","No","No","Yes","No","No","No","No","No",""
"43-41-21-85","Miscellaneous- tea, coffee, beverages, condiments, spices",7,"No","No","No","No","Yes","No","No","No","No","No",""
"66-22-88-29","Cereals- rice, maize, chapatti, wheat, sorghum, bread, etc",7,"No","No","No","No","Yes","No","No","No","No","No",""
"66-22-88-29","Vegetables- spinach, pumpkin, cabbage, tomato, onion",4,"No","No","No","No","Yes","No","No","No","No","No",""
"66-22-88-29","Meat, poultry, organ meat- goat, sheep, cow, chicken, liver, kidney, intestines",6,"No","No","No","No","Yes","No","No","No","No","No",""
"66-22-88-29","Oil/fats- oil, fat, butter, ghee, etc",6,"No","No","No","No","Yes","No","No","No","No","No",""
"66-22-88-29","Sugar and sweets- sugar, honey, sweets, desserts",4,"No","No","No","No","Yes","No","No","No","No","No",""
"42-66-53-78","Cereals- rice, maize, chapatti, wheat, sorghum, bread, etc",2,"No","No","No","No","Yes","No","No","No","No","No",""
"19-23-31-06","Cereals- rice, maize, chapatti, wheat, sorghum, bread, etc",2,"No","No","No","No","No","No","No","No","No","Yes","Bought from the shop"
"19-23-31-06","Vegetables- spinach, pumpkin, cabbage, tomato, onion",3,"Yes","No","No","No","No","No","No","No","No","No",""
"19-23-31-06","Fruits- orange, mango, guava, rice paw paw/papaya, pineapple, etc",1,"No","No","No","No","No","No","No","No","No","Yes","bought from the shop"
"19-23-31-06","Meat, poultry, organ meat- goat, sheep, cow, chicken, liver, kidney, intestines",2,"No","No","No","No","No","No","No","No","No","Yes","bought from the market"
"19-23-31-06","Fish and seafood (dried or fresh)- sardines, dagaa/omena",2,"No","No","No","No","No","No","No","No","No","Yes","Bought from the market"
"62-33-60-14","Roots and tubers- potato, sweet potato, cassava, arrow roots, cooking banana",1,"Yes","No","No","No","No","No","No","No","No","No",""
"62-33-60-14","Vegetables- spinach, pumpkin, cabbage, tomato, onion",7,"No","No","No","No","Yes","No","No","No","No","No",""
"62-33-60-14","Fruits- orange, mango, guava, rice paw paw/papaya, pineapple, etc",5,"Yes","No","No","No","No","No","No","No","No","No",""
"62-33-60-14","Meat, poultry, organ meat- goat, sheep, cow, chicken, liver, kidney, intestines",5,"Yes","No","No","No","No","No","No","No","No","No",""
"62-33-60-14","Fish and seafood (dried or fresh)- sardines, dagaa/omena",1,"No","No","No","No","Yes","No","No","No","No","No",""
"62-33-60-14","Milk and milk products- fresh, powdered, yogurt, cheese, etc",2,"Yes","No","No","No","No","No","No","No","No","No",""
"89-36-04-43","Cereals- rice, maize, chapatti, wheat, sorghum, bread, etc",5,"No","No","No","No","Yes","No","No","No","No","No",""
"89-36-04-43","Vegetables- spinach, pumpkin, cabbage, tomato, onion",2,"No","No","No","No","Yes","No","No","No","No","No",""
"89-36-04-43","Meat, poultry, organ meat- goat, sheep, cow, chicken, liver, kidney, intestines",5,"No","No","No","No","Yes","No","No","No","No","No",""
"89-36-04-43","Fish and seafood (dried or fresh)- sardines, dagaa/omena",2,"No","No","No","No","Yes","No","No","No","No","No",""
"87-86-68-37","Cereals- rice, maize, chapatti, wheat, sorghum, bread, etc",7,"No","No","No","No","No","No","No","No","No","Yes","bought from the shop"
"87-86-68-37","Roots and tubers- potato, sweet potato, cassava, arrow roots, cooking banana",2,"No","No","No","No","No","No","No","No","No","Yes","bought from the shop"
"87-86-68-37","Vegetables- spinach, pumpkin, cabbage, tomato, onion",7,"No","No","No","No","No","No","No","No","No","Yes","bought from the market"
"87-86-68-37","Fruits- orange, mango, guava, rice paw paw/papaya, pineapple, etc",3,"No","No","No","No","No","No","No","No","No","Yes","bought from the shop"
"87-86-68-37","Meat, poultry, organ meat- goat, sheep, cow, chicken, liver, kidney, intestines",7,"No","No","No","No","No","No","No","No","No","Yes","bought from the shop"
"87-86-68-37","Eggs",2,"No","No","No","No","No","No","No","No","No","Yes","bought from the shop"
"87-86-68-37","Fish and seafood (dried or fresh)- sardines, dagaa/omena",2,"No","No","No","No","No","No","No","No","No","Yes","bought from the market"
"87-86-68-37","Oil/fats- oil, fat, butter, ghee, etc",7,"No","No","No","No","No","No","No","No","No","Yes","bought from the shop"
"87-86-68-37","Sugar and sweets- sugar, honey, sweets, desserts",7,"No","No","No","No","No","No","No","No","No","Yes","bought from the shop"
"87-86-68-37","Miscellaneous- tea, coffee, beverages, condiments, spices",7,"No","No","No","No","No","No","No","No","No","Yes","bought from the shop"
"12-94-76-31","Cereals- rice, maize, chapatti, wheat, sorghum, bread, etc",7,"No","No","No","No","No","No","No","No","No","Yes","bought from the shop"
"12-94-76-31","Vegetables- spinach, pumpkin, cabbage, tomato, onion",7,"No","No","No","No","No","No","No","No","No","Yes","bought from the shop"
"12-94-76-31","Oil/fats- oil, fat, butter, ghee, etc",7,"No","No","No","No","No","No","No","Yes","No","No",""
"25-74-03-84","Cereals- rice, maize, chapatti, wheat, sorghum, bread, etc",7,"No","No","No","No","Yes","No","No","No","No","No",""
"25-74-03-84","Vegetables- spinach, pumpkin, cabbage, tomato, onion",7,"No","No","No","No","Yes","No","No","No","No","No",""
"25-74-03-84","Meat, poultry, organ meat- goat, sheep, cow, chicken, liver, kidney, intestines",2,"No","No","No","No","Yes","No","No","No","No","No",""
"25-74-03-84","Fish and seafood (dried or fresh)- sardines, dagaa/omena",3,"No","No","No","No","Yes","No","No","No","No","No",""
"25-74-03-84","Milk and milk products- fresh, powdered, yogurt, cheese, etc",7,"No","No","No","No","Yes","No","No","No","No","No",""
"25-74-03-84","Oil/fats- oil, fat, butter, ghee, etc",7,"No","No","No","No","Yes","No","No","No","No","No",""
"25-74-03-84","Sugar and sweets- sugar, honey, sweets, desserts",7,"No","No","No","No","Yes","No","No","No","No","No",""
"98-23-98-25","Cereals- rice, maize, chapatti, wheat, sorghum, bread, etc",4,"Yes","No","No","No","Yes","No","No","No","No","No",""
"98-23-98-25","Meat, poultry, organ meat- goat, sheep, cow, chicken, liver, kidney, intestines",3,"No","No","No","No","Yes","No","No","No","No","No",""
"98-23-98-25","Milk and milk products- fresh, powdered, yogurt, cheese, etc",5,"Yes","No","No","No","No","No","No","No","No","No",""
"98-23-98-25","Oil/fats- oil, fat, butter, ghee, etc",7,"No","No","No","No","Yes","No","No","No","No","No",""
"98-23-98-25","Sugar and sweets- sugar, honey, sweets, desserts",7,"No","No","No","No","Yes","No","No","No","No","No",""
"01-01-07-49","Cereals- rice, maize, chapatti, wheat, sorghum, bread, etc",7,"No","No","No","No","Yes","No","No","No","No","No",""
"01-01-07-49","Vegetables- spinach, pumpkin, cabbage, tomato, onion",3,"No","No","No","No","Yes","No","No","No","No","No",""
"01-01-07-49","Meat, poultry, organ meat- goat, sheep, cow, chicken, liver, kidney, intestines",2,"No","No","No","No","Yes","No","No","No","No","No",""
"01-01-07-49","Fish and seafood (dried or fresh)- sardines, dagaa/omena",2,"No","No","No","No","Yes","No","No","No","No","No",""
"01-01-07-49","Milk and milk products- fresh, powdered, yogurt, cheese, etc",1,"No","No","No","No","Yes","No","No","No","No","No",""
"01-01-07-49","Oil/fats- oil, fat, butter, ghee, etc",7,"No","No","No","No","Yes","No","No","No","No","No",""
"01-01-07-49","Sugar and sweets- sugar, honey, sweets, desserts",7,"No","No","No","No","Yes","No","No","No","No","No",""
"01-01-07-49","Miscellaneous- tea, coffee, beverages, condiments, spices",2,"No","No","No","No","Yes","No","No","No","No","No",""
"05-21-83-90","Cereals- rice, maize, chapatti, wheat, sorghum, bread, etc",7,"Yes","No","No","No","No","No","No","No","No","No",""
"05-21-83-90","Roots and tubers- potato, sweet potato, cassava, arrow roots, cooking banana",4,"No","No","No","No","Yes","No","No","No","No","No",""
"05-21-83-90","Vegetables- spinach, pumpkin, cabbage, tomato, onion",2,"No","No","No","No","Yes","No","No","No","No","No",""
"05-21-83-90","Fruits- orange, mango, guava, rice paw paw/papaya, pineapple, etc",3,"No","No","No","No","Yes","No","No","No","No","No",""
"05-21-83-90","Meat, poultry, organ meat- goat, sheep, cow, chicken, liver, kidney, intestines",5,"No","No","No","No","Yes","No","No","No","No","No",""
"05-21-83-90","Fish and seafood (dried or fresh)- sardines, dagaa/omena",3,"No","No","No","No","Yes","No","No","No","No","No",""
"05-21-83-90","Milk and milk products- fresh, powdered, yogurt, cheese, etc",7,"Yes","No","No","No","No","No","No","No","No","No",""
"05-21-83-90","Oil/fats- oil, fat, butter, ghee, etc",7,"No","No","No","No","Yes","No","No","No","No","No",""
"05-21-83-90","Sugar and sweets- sugar, honey, sweets, desserts",7,"No","No","No","No","Yes","No","No","No","No","No",""
"05-21-83-90","Miscellaneous- tea, coffee, beverages, condiments, spices",4,"No","No","No","No","Yes","No","No","No","No","No",""
"77-16-48-10","Cereals- rice, maize, chapatti, wheat, sorghum, bread, etc",4,"No","No","No","No","Yes","No","No","No","No","No",""
"77-16-48-10","Vegetables- spinach, pumpkin, cabbage, tomato, onion",2,"No","No","No","No","Yes","No","No","No","No","No",""
"77-16-48-10","Oil/fats- oil, fat, butter, ghee, etc",6,"No","No","No","No","Yes","No","No","No","No","No",""
"77-16-48-10","Miscellaneous- tea, coffee, beverages, condiments, spices",7,"No","No","No","No","Yes","No","No","No","No","No",""
"75-23-18-05","Cereals- rice, maize, chapatti, wheat, sorghum, bread, etc",7,"No","No","No","No","Yes","No","No","No","No","No",""
"75-23-18-05","Vegetables- spinach, pumpkin, cabbage, tomato, onion",5,"No","No","No","No","Yes","No","No","No","No","No",""
"75-23-18-05","Meat, poultry, organ meat- goat, sheep, cow, chicken, liver, kidney, intestines",4,"No","No","No","No","Yes","No","No","No","No","No",""
"75-23-18-05","Fish and seafood (dried or fresh)- sardines, dagaa/omena",3,"No","No","No","No","Yes","No","No","No","No","No",""
"83-84-60-99","Cereals- rice, maize, chapatti, wheat, sorghum, bread, etc",7,"No","No","No","No","Yes","No","No","No","No","No",""
"83-84-60-99","Vegetables- spinach, pumpkin, cabbage, tomato, onion",5,"Yes","No","No","No","No","No","No","No","No","No",""
"83-84-60-99","Meat, poultry, organ meat- goat, sheep, cow, chicken, liver, kidney, intestines",4,"No","No","No","No","Yes","No","No","No","No","No",""
"83-84-60-99","Fish and seafood (dried or fresh)- sardines, dagaa/omena",7,"Yes","No","No","No","No","No","No","No","No","No",""
"83-84-60-99","Milk and milk products- fresh, powdered, yogurt, cheese, etc",7,"Yes","No","No","No","No","No","No","No","No","No",""
"83-84-60-99","Oil/fats- oil, fat, butter, ghee, etc",7,"No","No","No","No","Yes","No","No","No","No","No",""
"83-84-60-99","Sugar and sweets- sugar, honey, sweets, desserts",7,"No","No","No","No","Yes","No","No","No","No","No",""
"56-18-51-85","Cereals- rice, maize, chapatti, wheat, sorghum, bread, etc",7,"No","No","No","No","Yes","No","No","No","No","No",""
"56-18-51-85","Vegetables- spinach, pumpkin, cabbage, tomato, onion",7,"No","No","No","No","Yes","No","No","No","No","No",""
"56-18-51-85","Meat, poultry, organ meat- goat, sheep, cow, chicken, liver, kidney, intestines",2,"No","No","No","No","Yes","No","No","No","No","No",""
"56-18-51-85","Fish and seafood (dried or fresh)- sardines, dagaa/omena",3,"No","No","No","No","Yes","No","No","No","No","No",""
"56-18-51-85","Oil/fats- oil, fat, butter, ghee, etc",7,"No","No","No","No","Yes","No","No","No","No","No",""
"56-18-51-85","Sugar and sweets- sugar, honey, sweets, desserts",7,"No","No","No","No","Yes","No","No","No","No","No",""
"56-18-51-85","Miscellaneous- tea, coffee, beverages, condiments, spices",7,"No","No","No","No","Yes","No","No","No","No","No",""
"26-38-66-11","Cereals- rice, maize, chapatti, wheat, sorghum, bread, etc",7,"No","No","No","No","Yes","No","No","No","No","No",""
"26-38-66-11","Vegetables- spinach, pumpkin, cabbage, tomato, onion",7,"No","No","No","No","Yes","No","No","No","No","No",""
"26-38-66-11","Meat, poultry, organ meat- goat, sheep, cow, chicken, liver, kidney, intestines",3,"No","No","No","No","Yes","No","No","No","No","No",""
"26-38-66-11","Milk and milk products- fresh, powdered, yogurt, cheese, etc",2,"No","No","No","No","Yes","No","No","No","No","No",""
"26-38-66-11","Oil/fats- oil, fat, butter, ghee, etc",7,"No","No","No","No","Yes","No","No","No","No","No",""
"26-38-66-11","Sugar and sweets- sugar, honey, sweets, desserts",4,"No","No","No","No","Yes","No","No","No","No","No",""
"46-68-27-34","Cereals- rice, maize, chapatti, wheat, sorghum, bread, etc",7,"No","No","No","No","Yes","No","No","No","No","No",""
"46-68-27-34","Vegetables- spinach, pumpkin, cabbage, tomato, onion",2,"Yes","No","No","No","No","No","No","No","No","No",""
"46-68-27-34","Meat, poultry, organ meat- goat, sheep, cow, chicken, liver, kidney, intestines",3,"No","No","No","No","Yes","No","No","No","No","No",""
"46-68-27-34","Oil/fats- oil, fat, butter, ghee, etc",7,"No","No","No","No","Yes","No","No","No","No","No",""
"78-16-14-09","Cereals- rice, maize, chapatti, wheat, sorghum, bread, etc",7,"No","No","No","No","Yes","No","No","No","No","No",""
"78-16-14-09","Meat, poultry, organ meat- goat, sheep, cow, chicken, liver, kidney, intestines",2,"No","No","No","No","Yes","No","No","No","No","No",""
"78-16-14-09","Milk and milk products- fresh, powdered, yogurt, cheese, etc",3,"Yes","No","No","No","No","No","No","No","No","No",""
"78-16-14-09","Oil/fats- oil, fat, butter, ghee, etc",7,"No","No","No","No","Yes","No","No","No","No","No",""
"78-16-14-09","Sugar and sweets- sugar, honey, sweets, desserts",4,"No","No","No","No","Yes","No","No","No","No","No",""
"01-32-09-43","Cereals- rice, maize, chapatti, wheat, sorghum, bread, etc",7,"No","No","No","No","Yes","No","No","No","No","No",""
"01-32-09-43","Meat, poultry, organ meat- goat, sheep, cow, chicken, liver, kidney, intestines",3,"No","No","No","No","Yes","No","No","No","No","No",""
"11-29-18-58","Cereals- rice, maize, chapatti, wheat, sorghum, bread, etc",7,"No","No","No","No","Yes","No","No","No","No","No",""
"11-29-18-58","Vegetables- spinach, pumpkin, cabbage, tomato, onion",7,"Yes","No","No","No","No","No","No","No","No","No",""
"11-29-18-58","Meat, poultry, organ meat- goat, sheep, cow, chicken, liver, kidney, intestines",1,"No","No","No","No","Yes","No","No","No","No","No",""
"11-29-18-58","Fish and seafood (dried or fresh)- sardines, dagaa/omena",3,"No","No","No","No","Yes","No","No","No","No","No",""
"11-29-18-58","Oil/fats- oil, fat, butter, ghee, etc",7,"No","No","No","No","Yes","No","No","No","No","No",""
"11-29-18-58","Sugar and sweets- sugar, honey, sweets, desserts",7,"No","No","No","No","Yes","No","No","No","No","No",""
"53-42-47-52","Cereals- rice, maize, chapatti, wheat, sorghum, bread, etc",7,"No","No","No","No","Yes","No","No","No","No","No",""
"53-42-47-52","Meat, poultry, organ meat- goat, sheep, cow, chicken, liver, kidney, intestines",2,"No","No","No","No","Yes","No","No","No","No","No",""
"53-42-47-52","Fish and seafood (dried or fresh)- sardines, dagaa/omena",5,"No","Yes","No","No","No","No","No","No","No","No",""
"53-42-47-52","Oil/fats- oil, fat, butter, ghee, etc",7,"No","No","No","No","Yes","No","No","No","No","No",""
"53-42-47-52","Sugar and sweets- sugar, honey, sweets, desserts",7,"No","No","No","No","Yes","No","No","No","No","No",""
"01-17-72-49","Cereals- rice, maize, chapatti, wheat, sorghum, bread, etc",7,"Yes","No","No","No","No","No","No","No","No","No",""
"01-17-72-49","Vegetables- spinach, pumpkin, cabbage, tomato, onion",2,"Yes","No","No","No","No","No","No","No","No","No",""
"01-17-72-49","Meat, poultry, organ meat- goat, sheep, cow, chicken, liver, kidney, intestines",3,"No","No","No","No","Yes","No","No","No","No","No",""
"01-17-72-49","Oil/fats- oil, fat, butter, ghee, etc",7,"No","No","No","No","Yes","No","No","No","No","No",""
"40-86-48-02","Cereals- rice, maize, chapatti, wheat, sorghum, bread, etc",7,"No","No","No","No","Yes","No","No","No","No","No",""
"40-86-48-02","Roots and tubers- potato, sweet potato, cassava, arrow roots, cooking banana",2,"No","No","No","No","Yes","No","No","No","No","No",""
"40-86-48-02","Vegetables- spinach, pumpkin, cabbage, tomato, onion",7,"No","No","No","No","Yes","No","No","No","No","No",""
"40-86-48-02","Fish and seafood (dried or fresh)- sardines, dagaa/omena",2,"No","No","No","No","Yes","No","No","No","No","No",""
"40-86-48-02","Oil/fats- oil, fat, butter, ghee, etc",7,"No","No","No","No","Yes","No","No","No","No","No",""
"40-86-48-02","Miscellaneous- tea, coffee, beverages, condiments, spices",6,"Yes","No","No","No","No","No","No","No","No","No",""
"67-11-34-32","Cereals- rice, maize, chapatti, wheat, sorghum, bread, etc",7,"No","No","No","No","Yes","No","No","No","No","No",""
"67-11-34-32","Vegetables- spinach, pumpkin, cabbage, tomato, onion",2,"Yes","No","No","No","No","No","No","No","No","No",""
"67-11-34-32","Meat, poultry, organ meat- goat, sheep, cow, chicken, liver, kidney, intestines",3,"No","No","No","No","Yes","No","No","No","No","No",""
"67-11-34-32","Oil/fats- oil, fat, butter, ghee, etc",7,"No","No","No","No","Yes","No","No","No","No","No",""
"47-85-49-06","Cereals- rice, maize, chapatti, wheat, sorghum, bread, etc",7,"No","No","No","No","Yes","No","No","No","No","No",""
"47-85-49-06","Vegetables- spinach, pumpkin, cabbage, tomato, onion",2,"No","No","No","No","No","No","No","Yes","No","No",""
"47-85-49-06","Meat, poultry, organ meat- goat, sheep, cow, chicken, liver, kidney, intestines",1,"No","No","No","No","Yes","No","No","No","No","No",""
"47-85-49-06","Fish and seafood (dried or fresh)- sardines, dagaa/omena",2,"No","No","No","No","Yes","No","No","No","No","No",""
"47-85-49-06","Oil/fats- oil, fat, butter, ghee, etc",6,"No","No","No","No","Yes","No","No","No","No","No",""
"68-03-09-51","Cereals- rice, maize, chapatti, wheat, sorghum, bread, etc",7,"No","No","No","No","Yes","No","No","No","No","No",""
"68-03-09-51","Vegetables- spinach, pumpkin, cabbage, tomato, onion",2,"No","No","No","No","Yes","No","No","No","No","No",""
"68-03-09-51","Meat, poultry, organ meat- goat, sheep, cow, chicken, liver, kidney, intestines",4,"No","No","No","No","Yes","No","No","No","No","No",""
"68-03-09-51","Fish and seafood (dried or fresh)- sardines, dagaa/omena",5,"No","Yes","No","No","No","No","No","No","No","No",""
"68-03-09-51","Milk and milk products- fresh, powdered, yogurt, cheese, etc",5,"No","No","No","No","No","No","No","Yes","No","No",""
"68-03-09-51","Oil/fats- oil, fat, butter, ghee, etc",7,"No","No","No","No","Yes","No","No","No","No","No",""
"68-03-09-51","Sugar and sweets- sugar, honey, sweets, desserts",7,"No","No","No","No","Yes","No","No","No","No","No",""
"68-03-09-51","Miscellaneous- tea, coffee, beverages, condiments, spices",3,"No","No","No","No","Yes","No","No","No","No","No",""
"14-68-63-82","Cereals- rice, maize, chapatti, wheat, sorghum, bread, etc",7,"No","No","No","No","Yes","No","No","No","No","No",""
"14-68-63-82","Fish and seafood (dried or fresh)- sardines, dagaa/omena",3,"No","No","No","No","Yes","No","No","No","No","No",""
"14-68-63-82","Oil/fats- oil, fat, butter, ghee, etc",5,"No","No","No","No","Yes","No","No","No","No","No",""
"14-68-63-82","Sugar and sweets- sugar, honey, sweets, desserts",7,"No","No","No","No","Yes","No","No","No","No","No",""
"80-91-19-12","Cereals- rice, maize, chapatti, wheat, sorghum, bread, etc",7,"No","No","No","No","Yes","No","No","No","No","No",""
"80-91-19-12","Pulses, legumes, nuts, seeds",2,"Yes","No","No","No","No","No","No","No","No","No",""
"80-91-19-12","Milk and milk products- fresh, powdered, yogurt, cheese, etc",7,"Yes","No","No","No","No","No","No","No","No","No",""
"80-91-19-12","Oil/fats- oil, fat, butter, ghee, etc",2,"No","No","No","No","Yes","No","No","No","No","No",""
"25-98-38-14","Cereals- rice, maize, chapatti, wheat, sorghum, bread, etc",6,"Yes","No","No","No","No","No","No","No","No","No",""
"25-98-38-14","Oil/fats- oil, fat, butter, ghee, etc",3,"No","No","No","No","Yes","No","No","No","No","No",""
"50-33-61-65","Cereals- rice, maize, chapatti, wheat, sorghum, bread, etc",7,"No","No","No","No","Yes","No","No","Yes","No","No",""
"50-33-61-65","Vegetables- spinach, pumpkin, cabbage, tomato, onion",2,"No","No","No","No","Yes","No","No","Yes","No","No",""
"50-33-61-65","Oil/fats- oil, fat, butter, ghee, etc",7,"No","No","No","No","Yes","No","No","Yes","No","No",""
"88-90-25-85","Cereals- rice, maize, chapatti, wheat, sorghum, bread, etc",7,"Yes","No","No","No","Yes","No","No","No","No","No",""
"88-90-25-85","Vegetables- spinach, pumpkin, cabbage, tomato, onion",2,"No","No","No","No","Yes","No","No","No","No","No",""
"88-90-25-85","Meat, poultry, organ meat- goat, sheep, cow, chicken, liver, kidney, intestines",3,"Yes","No","No","No","No","No","No","No","No","No",""
"88-90-25-85","Fish and seafood (dried or fresh)- sardines, dagaa/omena",2,"No","No","No","No","Yes","No","No","No","No","No",""
"88-90-25-85","Milk and milk products- fresh, powdered, yogurt, cheese, etc",4,"Yes","No","No","No","No","No","No","No","No","No",""
"88-90-25-85","Oil/fats- oil, fat, butter, ghee, etc",7,"No","No","No","No","Yes","No","No","No","No","No",""
"88-90-25-85","Sugar and sweets- sugar, honey, sweets, desserts",7,"No","No","No","No","Yes","No","No","No","No","No",""
"04-83-20-68","Cereals- rice, maize, chapatti, wheat, sorghum, bread, etc",7,"No","No","No","No","Yes","No","No","No","No","No",""
"04-83-20-68","Vegetables- spinach, pumpkin, cabbage, tomato, onion",3,"No","No","No","No","Yes","No","No","No","No","No",""
"04-83-20-68","Fish and seafood (dried or fresh)- sardines, dagaa/omena",5,"No","Yes","No","No","No","No","No","No","No","No",""
"04-83-20-68","Milk and milk products- fresh, powdered, yogurt, cheese, etc",3,"Yes","No","No","No","No","No","No","No","No","No",""
"04-83-20-68","Oil/fats- oil, fat, butter, ghee, etc",7,"No","No","No","No","Yes","No","No","No","No","No",""
"04-83-20-68","Sugar and sweets- sugar, honey, sweets, desserts",7,"No","No","No","No","Yes","No","No","No","No","No",""
"09-59-67-21","Cereals- rice, maize, chapatti, wheat, sorghum, bread, etc",7,"No","No","No","No","Yes","No","No","No","No","No",""
"09-59-67-21","Vegetables- spinach, pumpkin, cabbage, tomato, onion",7,"No","No","No","No","Yes","No","No","No","No","No",""
"09-59-67-21","Fish and seafood (dried or fresh)- sardines, dagaa/omena",5,"No","No","No","No","Yes","No","No","No","No","No",""
"09-59-67-21","Oil/fats- oil, fat, butter, ghee, etc",4,"No","No","No","No","Yes","No","No","No","No","No",""
"35-03-03-59","Cereals- rice, maize, chapatti, wheat, sorghum, bread, etc",7,"Yes","No","No","No","No","No","No","No","No","No",""
"35-03-03-59","Meat, poultry, organ meat- goat, sheep, cow, chicken, liver, kidney, intestines",5,"Yes","No","No","No","No","No","No","No","No","No",""
"35-03-03-59","Milk and milk products- fresh, powdered, yogurt, cheese, etc",7,"Yes","No","No","No","No","No","No","No","No","No",""
"35-03-03-59","Oil/fats- oil, fat, butter, ghee, etc",7,"No","No","No","No","Yes","No","No","No","No","No",""
"10-50-64-24","Cereals- rice, maize, chapatti, wheat, sorghum, bread, etc",2,"No","No","No","No","Yes","No","No","No","No","No",""
"10-50-64-24","Vegetables- spinach, pumpkin, cabbage, tomato, onion",2,"No","No","No","No","Yes","No","No","No","No","No",""
"10-50-64-24","Meat, poultry, organ meat- goat, sheep, cow, chicken, liver, kidney, intestines",1,"No","No","No","No","Yes","No","No","No","No","No",""
"10-50-64-24","Fish and seafood (dried or fresh)- sardines, dagaa/omena",7,"No","Yes","No","No","No","No","No","No","No","No",""
"10-50-64-24","Oil/fats- oil, fat, butter, ghee, etc",7,"No","No","No","No","Yes","No","No","No","No","No",""
"10-50-64-24","Sugar and sweets- sugar, honey, sweets, desserts",2,"No","No","No","No","Yes","No","No","No","No","No",""
"10-50-64-24","Miscellaneous- tea, coffee, beverages, condiments, spices",2,"No","No","No","No","Yes","No","No","No","No","No",""
"13-56-95-25","Cereals- rice, maize, chapatti, wheat, sorghum, bread, etc",5,"No","No","No","No","Yes","No","No","No","No","No",""
"13-56-95-25","Vegetables- spinach, pumpkin, cabbage, tomato, onion",3,"No","No","No","No","Yes","No","No","No","No","No",""
"13-56-95-25","Fish and seafood (dried or fresh)- sardines, dagaa/omena",3,"No","Yes","No","No","No","No","No","No","No","No",""
"13-56-95-25","Oil/fats- oil, fat, butter, ghee, etc",6,"No","No","No","No","Yes","No","No","No","No","No",""
"36-88-00-01","Cereals- rice, maize, chapatti, wheat, sorghum, bread, etc",7,"No","No","No","No","Yes","No","No","No","No","No",""
"36-88-00-01","Vegetables- spinach, pumpkin, cabbage, tomato, onion",5,"No","No","No","No","Yes","No","No","No","No","No",""
"36-88-00-01","Meat, poultry, organ meat- goat, sheep, cow, chicken, liver, kidney, intestines",2,"No","No","No","No","Yes","No","No","No","No","No",""
"36-88-00-01","Fish and seafood (dried or fresh)- sardines, dagaa/omena",7,"No","Yes","No","No","No","No","No","No","No","No",""
"36-88-00-01","Milk and milk products- fresh, powdered, yogurt, cheese, etc",7,"No","No","No","No","Yes","No","No","No","No","No",""
"36-88-00-01","Oil/fats- oil, fat, butter, ghee, etc",7,"No","No","No","No","Yes","No","No","No","No","No",""
"36-88-00-01","Sugar and sweets- sugar, honey, sweets, desserts",5,"No","No","No","No","Yes","No","No","No","No","No",""
"36-88-00-01","Miscellaneous- tea, coffee, beverages, condiments, spices",7,"No","No","No","No","Yes","No","No","No","No","No",""
"63-25-21-02","Cereals- rice, maize, chapatti, wheat, sorghum, bread, etc",7,"No","No","No","No","Yes","No","No","No","No","No",""
"63-25-21-02","Vegetables- spinach, pumpkin, cabbage, tomato, onion",7,"Yes","No","No","No","No","No","No","No","No","No",""
"63-25-21-02","Meat, poultry, organ meat- goat, sheep, cow, chicken, liver, kidney, intestines",2,"No","No","No","No","Yes","No","No","No","No","No",""
"63-25-21-02","Fish and seafood (dried or fresh)- sardines, dagaa/omena",6,"No","Yes","No","No","No","No","No","No","No","No",""
"63-25-21-02","Milk and milk products- fresh, powdered, yogurt, cheese, etc",6,"Yes","No","No","No","No","No","No","No","No","No",""
"63-25-21-02","Oil/fats- oil, fat, butter, ghee, etc",7,"No","No","No","No","Yes","No","No","No","No","No",""
"63-25-21-02","Sugar and sweets- sugar, honey, sweets, desserts",5,"No","No","No","No","Yes","No","No","No","No","No",""
"63-25-21-02","Miscellaneous- tea, coffee, beverages, condiments, spices",2,"No","No","No","No","Yes","No","No","No","No","No",""
"08-07-30-74","Cereals- rice, maize, chapatti, wheat, sorghum, bread, etc",7,"Yes","No","No","No","Yes","No","No","No","No","No",""
"08-07-30-74","Sugar and sweets- sugar, honey, sweets, desserts",2,"Yes","No","No","No","Yes","No","No","Yes","No","No",""
"18-39-69-08","Cereals- rice, maize, chapatti, wheat, sorghum, bread, etc",3,"No","No","No","No","Yes","No","No","No","No","No",""
"18-39-69-08","Roots and tubers- potato, sweet potato, cassava, arrow roots, cooking banana",2,"No","No","No","No","Yes","No","No","No","No","No",""
"18-39-69-08","Vegetables- spinach, pumpkin, cabbage, tomato, onion",3,"No","No","No","No","Yes","No","No","No","No","No",""
"18-39-69-08","Fruits- orange, mango, guava, rice paw paw/papaya, pineapple, etc",2,"Yes","No","No","No","No","No","No","No","No","No",""
"18-39-69-08","Meat, poultry, organ meat- goat, sheep, cow, chicken, liver, kidney, intestines",7,"No","No","No","No","Yes","No","No","No","No","No",""
"18-39-69-08","Fish and seafood (dried or fresh)- sardines, dagaa/omena",2,"No","Yes","No","No","No","No","No","No","No","No",""
"18-39-69-08","Oil/fats- oil, fat, butter, ghee, etc",7,"No","No","No","No","Yes","No","No","No","No","No",""
"18-39-69-08","Sugar and sweets- sugar, honey, sweets, desserts",7,"No","No","No","No","Yes","No","No","No","No","No",""
"18-39-69-08","Miscellaneous- tea, coffee, beverages, condiments, spices",7,"No","No","No","No","Yes","No","No","No","No","No",""
"97-46-11-48","Cereals- rice, maize, chapatti, wheat, sorghum, bread, etc",7,"No","No","No","No","No","No","No","No","No","Yes","bought from the shop"
"97-46-11-48","Roots and tubers- potato, sweet potato, cassava, arrow roots, cooking banana",3,"No","No","No","No","No","No","No","No","No","Yes","bought from the shop"
"97-46-11-48","Vegetables- spinach, pumpkin, cabbage, tomato, onion",2,"No","No","No","No","No","No","No","No","No","Yes","bought from the market in town"
"97-46-11-48","Meat, poultry, organ meat- goat, sheep, cow, chicken, liver, kidney, intestines",4,"No","No","No","No","No","No","No","No","No","Yes","bought from the shop"
"97-46-11-48","Fish and seafood (dried or fresh)- sardines, dagaa/omena",2,"No","No","No","No","No","No","No","No","No","Yes","bought from the market in town"
"97-46-11-48","Milk and milk products- fresh, powdered, yogurt, cheese, etc",2,"No","No","No","No","No","No","No","Yes","No","No",""
"97-46-11-48","Oil/fats- oil, fat, butter, ghee, etc",7,"No","No","No","No","No","No","No","No","No","Yes","bought from the shop"
"97-46-11-48","Sugar and sweets- sugar, honey, sweets, desserts",7,"No","No","No","No","No","No","No","No","No","Yes","bought from the shop"
"97-46-11-48","Miscellaneous- tea, coffee, beverages, condiments, spices",7,"No","No","No","No","No","No","No","No","No","Yes","bought teabags from the shop"
"12-85-99-43","Cereals- rice, maize, chapatti, wheat, sorghum, bread, etc",7,"No","No","No","No","No","No","No","No","No","Yes","bought from the shop"
"12-85-99-43","Milk and milk products- fresh, powdered, yogurt, cheese, etc",7,"No","No","No","No","No","No","No","Yes","No","No",""
"55-14-49-61","Cereals- rice, maize, chapatti, wheat, sorghum, bread, etc",1,"No","No","No","No","Yes","No","No","No","No","No",""
"55-14-49-61","Vegetables- spinach, pumpkin, cabbage, tomato, onion",2,"No","No","No","No","Yes","No","No","No","No","No",""
"55-14-49-61","Meat, poultry, organ meat- goat, sheep, cow, chicken, liver, kidney, intestines",7,"No","No","No","No","Yes","No","No","No","No","No",""
"94-26-98-86","Cereals- rice, maize, chapatti, wheat, sorghum, bread, etc",7,"No","No","No","No","Yes","No","No","No","No","No",""
"94-26-98-86","Vegetables- spinach, pumpkin, cabbage, tomato, onion",2,"No","No","No","No","Yes","No","No","No","No","No",""
"94-26-98-86","Fruits- orange, mango, guava, rice paw paw/papaya, pineapple, etc",7,"No","No","No","No","No","No","No","Yes","No","No",""
"94-26-98-86","Meat, poultry, organ meat- goat, sheep, cow, chicken, liver, kidney, intestines",3,"No","No","No","No","Yes","No","No","No","No","No",""
"94-26-98-86","Fish and seafood (dried or fresh)- sardines, dagaa/omena",2,"No","No","No","No","Yes","No","No","No","No","No",""
"94-26-98-86","Milk and milk products- fresh, powdered, yogurt, cheese, etc",1,"No","No","No","No","No","No","No","Yes","No","No",""
"94-26-98-86","Oil/fats- oil, fat, butter, ghee, etc",7,"No","No","No","No","Yes","No","No","No","No","No",""
"94-26-98-86","Sugar and sweets- sugar, honey, sweets, desserts",5,"No","No","No","No","Yes","No","No","No","No","No",""
"32-96-01-37","Cereals- rice, maize, chapatti, wheat, sorghum, bread, etc",7,"Yes","No","No","No","No","No","No","No","No","No",""
"32-96-01-37","Vegetables- spinach, pumpkin, cabbage, tomato, onion",3,"Yes","No","No","No","No","No","No","No","No","No",""
"32-96-01-37","Pulses, legumes, nuts, seeds",2,"Yes","No","No","No","No","No","No","No","No","No",""
"32-96-01-37","Milk and milk products- fresh, powdered, yogurt, cheese, etc",1,"Yes","No","No","No","No","No","No","No","No","No",""
"32-96-01-37","Oil/fats- oil, fat, butter, ghee, etc",7,"No","No","No","No","Yes","No","No","No","No","No",""
"41-92-38-71","Roots and tubers- potato, sweet potato, cassava, arrow roots, cooking banana",1,"No","No","No","No","No","No","No","Yes","No","No",""
"41-92-38-71","Milk and milk products- fresh, powdered, yogurt, cheese, etc",3,"No","No","No","No","No","No","No","Yes","No","No",""
"41-92-38-71","Oil/fats- oil, fat, butter, ghee, etc",7,"No","No","No","No","Yes","No","No","No","No","No",""
"41-92-38-71","Sugar and sweets- sugar, honey, sweets, desserts",5,"No","No","No","No","Yes","No","No","No","No","No",""
"41-92-38-71","Miscellaneous- tea, coffee, beverages, condiments, spices",5,"No","No","No","No","Yes","No","No","No","No","No",""
"43-40-50-14","Cereals- rice, maize, chapatti, wheat, sorghum, bread, etc",3,"No","No","No","No","Yes","No","No","No","No","No",""
"43-40-50-14","Roots and tubers- potato, sweet potato, cassava, arrow roots, cooking banana",1,"No","No","No","No","Yes","No","No","No","No","No",""
"43-40-50-14","Vegetables- spinach, pumpkin, cabbage, tomato, onion",3,"No","No","No","No","Yes","No","No","No","No","No",""
"43-40-50-14","Fish and seafood (dried or fresh)- sardines, dagaa/omena",4,"No","No","No","No","Yes","No","No","No","No","No",""
"43-40-50-14","Pulses, legumes, nuts, seeds",3,"Yes","No","No","No","No","No","No","No","No","No",""
"43-40-50-14","Milk and milk products- fresh, powdered, yogurt, cheese, etc",7,"Yes","No","No","No","No","No","No","No","No","No",""
"43-40-50-14","Oil/fats- oil, fat, butter, ghee, etc",7,"No","No","No","No","Yes","No","No","No","No","No",""
"43-40-50-14","Sugar and sweets- sugar, honey, sweets, desserts",6,"No","No","No","No","Yes","No","No","No","No","No",""
"43-40-50-14","Miscellaneous- tea, coffee, beverages, condiments, spices",4,"No","No","No","No","Yes","No","No","No","No","No",""
"33-52-73-44","Roots and tubers- potato, sweet potato, cassava, arrow roots, cooking banana",1,"No","No","No","No","Yes","No","No","No","No","No",""
"33-52-73-44","Vegetables- spinach, pumpkin, cabbage, tomato, onion",1,"No","No","No","No","Yes","No","No","No","No","No",""
"33-52-73-44","Fruits- orange, mango, guava, rice paw paw/papaya, pineapple, etc",3,"Yes","No","No","No","No","No","No","No","No","No",""
"33-52-73-44","Meat, poultry, organ meat- goat, sheep, cow, chicken, liver, kidney, intestines",1,"No","No","No","No","Yes","No","No","No","No","No",""
"33-52-73-44","Fish and seafood (dried or fresh)- sardines, dagaa/omena",1,"No","No","No","No","Yes","No","No","No","No","No",""
"33-52-73-44","Pulses, legumes, nuts, seeds",5,"Yes","No","No","No","No","No","No","No","No","No",""
"33-52-73-44","Milk and milk products- fresh, powdered, yogurt, cheese, etc",7,"Yes","No","No","No","No","No","No","No","No","No",""
"33-52-73-44","Oil/fats- oil, fat, butter, ghee, etc",7,"No","No","No","No","Yes","No","No","No","No","No",""
"33-52-73-44","Sugar and sweets- sugar, honey, sweets, desserts",4,"No","No","No","No","Yes","No","No","No","No","No",""
"17-65-44-15","Cereals- rice, maize, chapatti, wheat, sorghum, bread, etc",7,"No","No","No","No","No","No","No","No","No","Yes","bought from the shop"
"17-65-44-15","Vegetables- spinach, pumpkin, cabbage, tomato, onion",3,"No","No","No","No","No","No","No","Yes","No","No",""
"17-65-44-15","Fruits- orange, mango, guava, rice paw paw/papaya, pineapple, etc",1,"No","No","No","No","No","No","No","Yes","No","No",""
"17-65-44-15","Meat, poultry, organ meat- goat, sheep, cow, chicken, liver, kidney, intestines",2,"No","No","No","No","No","No","No","Yes","No","No",""
"17-65-44-15","Milk and milk products- fresh, powdered, yogurt, cheese, etc",7,"No","No","No","No","No","No","No","Yes","No","No",""
"17-65-44-15","Oil/fats- oil, fat, butter, ghee, etc",1,"No","No","No","No","No","No","No","No","No","Yes","bought from the shop"
"17-65-44-15","Sugar and sweets- sugar, honey, sweets, desserts",1,"No","No","No","No","No","No","No","No","No","Yes","bought from the shop"
"77-00-14-73","Cereals- rice, maize, chapatti, wheat, sorghum, bread, etc",7,"No","No","No","No","No","No","No","No","No","Yes","bought from the shop"
"77-00-14-73","Oil/fats- oil, fat, butter, ghee, etc",7,"No","No","No","No","No","No","No","No","No","Yes","bought from the shop"
"78-98-94-60","Cereals- rice, maize, chapatti, wheat, sorghum, bread, etc",5,"No","No","No","No","Yes","No","No","No","No","No",""
"78-98-94-60","Vegetables- spinach, pumpkin, cabbage, tomato, onion",1,"Yes","No","No","No","No","No","No","No","No","No",""
"78-98-94-60","Meat, poultry, organ meat- goat, sheep, cow, chicken, liver, kidney, intestines",2,"Yes","No","No","No","No","No","No","No","No","No",""
"50-51-12-24","Cereals- rice, maize, chapatti, wheat, sorghum, bread, etc",7,"Yes","No","No","No","No","No","No","No","No","No",""
"45-72-98-81","Cereals- rice, maize, chapatti, wheat, sorghum, bread, etc",2,"No","No","No","No","Yes","No","No","No","No","No",""
"45-72-98-81","Vegetables- spinach, pumpkin, cabbage, tomato, onion",7,"No","No","No","No","Yes","No","No","No","No","No",""
"45-72-98-81","Oil/fats- oil, fat, butter, ghee, etc",7,"No","No","No","No","Yes","No","No","No","No","No",""
"45-72-98-81","Sugar and sweets- sugar, honey, sweets, desserts",3,"No","No","No","No","Yes","No","No","No","No","No",""
"98-20-22-18","Cereals- rice, maize, chapatti, wheat, sorghum, bread, etc",2,"No","No","No","No","Yes","No","No","No","No","No",""
"98-20-22-18","Vegetables- spinach, pumpkin, cabbage, tomato, onion",3,"No","No","No","No","Yes","No","No","No","No","No",""
"98-20-22-18","Eggs",2,"No","No","No","No","Yes","No","No","No","No","No",""
"98-20-22-18","Fish and seafood (dried or fresh)- sardines, dagaa/omena",1,"No","No","No","No","No","No","No","Yes","No","No",""
"98-20-22-18","Miscellaneous- tea, coffee, beverages, condiments, spices",7,"No","No","No","No","Yes","No","No","No","No","No",""
"12-87-62-64","Cereals- rice, maize, chapatti, wheat, sorghum, bread, etc",7,"No","No","No","No","Yes","No","No","No","No","No",""
"12-87-62-64","Pulses, legumes, nuts, seeds",5,"No","No","No","No","No","No","No","Yes","No","No",""
"12-87-62-64","Milk and milk products- fresh, powdered, yogurt, cheese, etc",7,"Yes","No","No","No","No","No","No","No","No","No",""
"12-87-62-64","Oil/fats- oil, fat, butter, ghee, etc",3,"No","No","No","No","Yes","No","No","No","No","No",""
"12-87-62-64","Sugar and sweets- sugar, honey, sweets, desserts",7,"No","No","No","No","Yes","No","No","No","No","No",""
"02-24-60-64","Cereals- rice, maize, chapatti, wheat, sorghum, bread, etc",7,"No","No","No","No","No","No","No","No","No","Yes","pound from the little millet they harvested"
"02-24-60-64","Milk and milk products- fresh, powdered, yogurt, cheese, etc",3,"No","No","No","No","No","No","No","Yes","No","Yes","Sometimes they buy within the village to people who has cattles"
"35-93-85-84","Cereals- rice, maize, chapatti, wheat, sorghum, bread, etc",1,"No","No","No","No","Yes","No","No","No","No","No",""
"35-93-85-84","Meat, poultry, organ meat- goat, sheep, cow, chicken, liver, kidney, intestines",7,"No","No","No","No","Yes","No","No","No","No","No",""
"35-93-85-84","Oil/fats- oil, fat, butter, ghee, etc",7,"No","No","No","No","Yes","No","No","No","Yes","No",""
"35-93-85-84","Miscellaneous- tea, coffee, beverages, condiments, spices",7,"No","No","No","No","Yes","No","No","No","No","No",""
"25-08-98-52","Roots and tubers- potato, sweet potato, cassava, arrow roots, cooking banana",1,"No","No","No","No","Yes","No","No","No","No","No",""
"25-08-98-52","Fish and seafood (dried or fresh)- sardines, dagaa/omena",3,"No","Yes","No","No","No","No","No","No","No","No",""
"25-08-98-52","Pulses, legumes, nuts, seeds",2,"Yes","No","No","No","No","No","No","No","No","No",""
"46-54-30-66","Cereals- rice, maize, chapatti, wheat, sorghum, bread, etc",4,"Yes","No","No","No","No","No","No","No","No","No",""
"46-54-30-66","Vegetables- spinach, pumpkin, cabbage, tomato, onion",6,"No","No","No","No","Yes","No","No","No","No","No",""
"46-54-30-66","Fruits- orange, mango, guava, rice paw paw/papaya, pineapple, etc",7,"No","No","No","No","No","No","No","Yes","No","No",""
"46-54-30-66","Pulses, legumes, nuts, seeds",7,"Yes","No","No","No","No","No","No","No","No","No",""
"46-54-30-66","Milk and milk products- fresh, powdered, yogurt, cheese, etc",7,"Yes","No","No","No","No","No","No","No","No","No",""
"46-54-30-66","Oil/fats- oil, fat, butter, ghee, etc",7,"No","No","No","No","Yes","No","No","No","No","No",""
"46-54-30-66","Sugar and sweets- sugar, honey, sweets, desserts",7,"No","No","No","No","Yes","No","No","No","No","No",""
"19-66-62-79","Meat, poultry, organ meat- goat, sheep, cow, chicken, liver, kidney, intestines",2,"No","No","No","No","No","No","No","Yes","No","No",""
"19-66-62-79","Oil/fats- oil, fat, butter, ghee, etc",7,"No","No","No","No","Yes","No","No","No","No","No",""
"19-66-62-79","Sugar and sweets- sugar, honey, sweets, desserts",2,"No","No","No","No","Yes","No","No","No","No","No",""
"38-52-59-99","Cereals- rice, maize, chapatti, wheat, sorghum, bread, etc",3,"No","No","No","No","No","No","No","No","No","Yes","bought from the shop"
"38-52-59-99","Meat, poultry, organ meat- goat, sheep, cow, chicken, liver, kidney, intestines",2,"No","No","No","No","No","No","No","No","No","Yes","bought meat from people within the village"
"18-01-52-21","Cereals- rice, maize, chapatti, wheat, sorghum, bread, etc",7,"No","No","No","No","No","No","No","Yes","No","No",""
"52-91-87-71","Cereals- rice, maize, chapatti, wheat, sorghum, bread, etc",7,"No","No","No","No","Yes","No","No","No","No","No",""
"52-91-87-71","Vegetables- spinach, pumpkin, cabbage, tomato, onion",7,"No","No","Yes","No","Yes","No","No","No","No","No",""
"52-91-87-71","Meat, poultry, organ meat- goat, sheep, cow, chicken, liver, kidney, intestines",7,"No","No","No","No","Yes","No","No","No","No","No",""
"52-91-87-71","Miscellaneous- tea, coffee, beverages, condiments, spices",3,"No","No","No","No","Yes","No","No","No","No","No",""
"86-58-98-12","Cereals- rice, maize, chapatti, wheat, sorghum, bread, etc",7,"No","No","No","No","Yes","No","No","No","No","No",""
"86-58-98-12","Vegetables- spinach, pumpkin, cabbage, tomato, onion",5,"No","No","No","No","Yes","No","No","No","No","No",""
"86-58-98-12","Meat, poultry, organ meat- goat, sheep, cow, chicken, liver, kidney, intestines",2,"No","No","No","No","Yes","No","No","No","No","No",""
"86-58-98-12","Fish and seafood (dried or fresh)- sardines, dagaa/omena",1,"No","No","No","No","Yes","No","No","No","No","No",""
"86-58-98-12","Oil/fats- oil, fat, butter, ghee, etc",7,"No","No","No","No","Yes","No","No","No","No","No",""
"18-53-78-30","Cereals- rice, maize, chapatti, wheat, sorghum, bread, etc",6,"No","No","No","No","Yes","No","No","No","No","No",""
"18-53-78-30","Vegetables- spinach, pumpkin, cabbage, tomato, onion",2,"Yes","No","No","No","No","No","No","No","No","No",""
"18-53-78-30","Pulses, legumes, nuts, seeds",5,"No","No","No","No","No","No","No","Yes","No","No",""
"18-53-78-30","Milk and milk products- fresh, powdered, yogurt, cheese, etc",4,"Yes","No","No","No","No","No","No","No","No","No",""
"18-53-78-30","Oil/fats- oil, fat, butter, ghee, etc",4,"No","No","No","No","Yes","No","No","No","No","No",""
"21-70-10-93","Cereals- rice, maize, chapatti, wheat, sorghum, bread, etc",7,"No","No","No","No","Yes","No","No","No","No","No",""
"21-70-10-93","Roots and tubers- potato, sweet potato, cassava, arrow roots, cooking banana",3,"No","No","No","No","Yes","No","No","No","No","No",""
"21-70-10-93","Vegetables- spinach, pumpkin, cabbage, tomato, onion",2,"No","No","No","No","Yes","No","No","No","No","No",""
"21-70-10-93","Meat, poultry, organ meat- goat, sheep, cow, chicken, liver, kidney, intestines",7,"No","No","No","No","Yes","No","No","No","No","No",""
"21-70-10-93","Fish and seafood (dried or fresh)- sardines, dagaa/omena",3,"No","No","No","No","Yes","No","No","No","No","No",""
"21-70-10-93","Oil/fats- oil, fat, butter, ghee, etc",7,"No","No","No","No","Yes","No","No","No","No","No",""
"21-70-10-93","Sugar and sweets- sugar, honey, sweets, desserts",7,"No","No","No","No","Yes","No","No","No","No","No",""
"21-70-10-93","Miscellaneous- tea, coffee, beverages, condiments, spices",7,"No","No","No","No","Yes","No","No","No","No","No",""
"51-51-64-02","Cereals- rice, maize, chapatti, wheat, sorghum, bread, etc",7,"Yes","No","No","No","No","No","No","No","No","No",""
"51-51-64-02","Vegetables- spinach, pumpkin, cabbage, tomato, onion",1,"No","No","No","No","Yes","No","No","No","No","No",""
"51-51-64-02","Meat, poultry, organ meat- goat, sheep, cow, chicken, liver, kidney, intestines",1,"No","No","No","No","Yes","No","No","No","No","No",""
"51-51-64-02","Pulses, legumes, nuts, seeds",2,"Yes","No","No","No","No","No","No","No","No","No",""
"51-51-64-02","Milk and milk products- fresh, powdered, yogurt, cheese, etc",5,"Yes","No","No","No","No","No","No","No","No","No",""
"51-51-64-02","Oil/fats- oil, fat, butter, ghee, etc",3,"No","No","No","No","Yes","No","No","No","No","No",""
"65-04-27-87","Cereals- rice, maize, chapatti, wheat, sorghum, bread, etc",7,"No","No","No","No","No","No","No","No","No","Yes","bought from the shop"
"65-04-27-87","Vegetables- spinach, pumpkin, cabbage, tomato, onion",7,"No","No","No","No","No","No","No","No","No","Yes","bought from the shop"
"65-04-27-87","Fruits- orange, mango, guava, rice paw paw/papaya, pineapple, etc",1,"Yes","No","No","No","No","No","No","No","No","No",""
"65-04-27-87","Fish and seafood (dried or fresh)- sardines, dagaa/omena",3,"No","No","No","No","No","No","No","No","No","Yes","bought from the market in town"
"65-04-27-87","Oil/fats- oil, fat, butter, ghee, etc",7,"No","No","No","No","No","No","No","No","No","Yes","bought from the shop"
"65-04-27-87","Miscellaneous- tea, coffee, beverages, condiments, spices",4,"No","No","No","No","No","No","No","No","No","Yes","bought coffee from the shop"
"26-67-17-34","Cereals- rice, maize, chapatti, wheat, sorghum, bread, etc",7,"No","No","No","No","No","No","No","Yes","No","No",""
"26-67-17-34","Vegetables- spinach, pumpkin, cabbage, tomato, onion",3,"Yes","No","No","No","No","No","No","No","No","No",""
"12-55-61-25","Cereals- rice, maize, chapatti, wheat, sorghum, bread, etc",7,"No","No","No","No","No","No","No","No","No","Yes","Bought from the shop"
"12-55-61-25","Vegetables- spinach, pumpkin, cabbage, tomato, onion",2,"No","No","No","No","No","No","No","Yes","No","No",""
"12-55-61-25","Meat, poultry, organ meat- goat, sheep, cow, chicken, liver, kidney, intestines",3,"No","No","No","No","No","No","No","No","No","Yes","bought from the village market"
"12-55-61-25","Milk and milk products- fresh, powdered, yogurt, cheese, etc",2,"No","No","No","No","No","No","No","No","No","Yes","bought from the local community,those that have cattles"
"12-55-61-25","Oil/fats- oil, fat, butter, ghee, etc",7,"No","No","No","No","No","No","No","No","No","Yes","bought from the shop"
"70-21-00-12","Cereals- rice, maize, chapatti, wheat, sorghum, bread, etc",7,"No","No","No","No","Yes","No","No","No","No","No",""
"70-21-00-12","Roots and tubers- potato, sweet potato, cassava, arrow roots, cooking banana",3,"No","No","No","No","Yes","No","No","No","No","No",""
"70-21-00-12","Vegetables- spinach, pumpkin, cabbage, tomato, onion",5,"Yes","No","No","No","No","No","No","No","No","No",""
"70-21-00-12","Meat, poultry, organ meat- goat, sheep, cow, chicken, liver, kidney, intestines",2,"Yes","No","No","No","No","No","No","No","No","No",""
"70-21-00-12","Eggs",2,"Yes","No","No","No","No","No","No","No","No","No",""
"70-21-00-12","Milk and milk products- fresh, powdered, yogurt, cheese, etc",7,"Yes","No","No","No","No","No","No","No","No","No",""
"70-21-00-12","Oil/fats- oil, fat, butter, ghee, etc",6,"No","No","No","No","Yes","No","No","No","No","No",""
"09-96-00-56","Fruits- orange, mango, guava, rice paw paw/papaya, pineapple, etc",5,"Yes","No","No","No","No","No","No","No","No","No",""
"09-96-00-56","Meat, poultry, organ meat- goat, sheep, cow, chicken, liver, kidney, intestines",1,"No","No","No","No","No","No","No","Yes","No","No",""
"09-96-00-56","Pulses, legumes, nuts, seeds",3,"Yes","No","No","No","No","No","No","No","No","No",""
"09-96-00-56","Oil/fats- oil, fat, butter, ghee, etc",2,"No","No","No","No","No","No","No","Yes","No","No",""
"93-46-32-90","Cereals- rice, maize, chapatti, wheat, sorghum, bread, etc",7,"No","No","No","No","Yes","No","No","No","No","No",""
"93-46-32-90","Vegetables- spinach, pumpkin, cabbage, tomato, onion",2,"No","No","No","No","Yes","No","No","No","No","No",""
"93-46-32-90","Meat, poultry, organ meat- goat, sheep, cow, chicken, liver, kidney, intestines",3,"No","No","No","No","Yes","No","No","No","No","No",""
"93-46-32-90","Milk and milk products- fresh, powdered, yogurt, cheese, etc",7,"Yes","No","No","No","No","No","No","No","No","No",""
"93-46-32-90","Oil/fats- oil, fat, butter, ghee, etc",7,"No","No","No","No","Yes","No","No","No","No","No",""
"93-46-32-90","Sugar and sweets- sugar, honey, sweets, desserts",7,"No","No","No","No","Yes","No","No","No","No","No",""
"93-46-32-90","Miscellaneous- tea, coffee, beverages, condiments, spices",7,"No","No","No","No","Yes","No","No","No","No","No",""
"39-76-52-63","Cereals- rice, maize, chapatti, wheat, sorghum, bread, etc",7,"Yes","No","No","No","No","No","No","No","No","No",""
"39-76-52-63","Meat, poultry, organ meat- goat, sheep, cow, chicken, liver, kidney, intestines",2,"No","No","No","No","Yes","No","No","No","No","No",""
"39-76-52-63","Pulses, legumes, nuts, seeds",5,"Yes","No","No","No","No","No","No","No","No","No",""
"39-76-52-63","Oil/fats- oil, fat, butter, ghee, etc",5,"No","No","No","No","Yes","No","No","No","No","No",""
"44-39-76-83","Cereals- rice, maize, chapatti, wheat, sorghum, bread, etc",7,"Yes","No","No","No","No","No","No","No","No","No",""
"44-39-76-83","Vegetables- spinach, pumpkin, cabbage, tomato, onion",1,"No","No","No","No","Yes","No","No","No","No","No",""
"44-39-76-83","Meat, poultry, organ meat- goat, sheep, cow, chicken, liver, kidney, intestines",3,"No","No","No","No","Yes","No","No","No","No","No",""
"44-39-76-83","Oil/fats- oil, fat, butter, ghee, etc",7,"No","No","No","No","Yes","No","No","No","No","No",""
"44-39-76-83","Sugar and sweets- sugar, honey, sweets, desserts",7,"No","No","No","No","Yes","No","No","No","No","No",""
"44-39-76-83","Miscellaneous- tea, coffee, beverages, condiments, spices",7,"No","No","No","No","Yes","No","No","No","No","No",""
"57-92-68-31","Cereals- rice, maize, chapatti, wheat, sorghum, bread, etc",7,"Yes","No","No","No","Yes","No","No","No","No","No",""
"57-92-68-31","Vegetables- spinach, pumpkin, cabbage, tomato, onion",2,"Yes","No","No","No","No","No","No","No","No","No",""
"57-92-68-31","Milk and milk products- fresh, powdered, yogurt, cheese, etc",4,"No","No","No","No","Yes","No","No","No","No","No",""
"70-75-80-97","Cereals- rice, maize, chapatti, wheat, sorghum, bread, etc",5,"No","No","No","No","Yes","No","No","No","No","No",""
"37-91-43-52","Cereals- rice, maize, chapatti, wheat, sorghum, bread, etc",7,"No","No","No","No","Yes","No","No","No","No","No",""
"37-91-43-52","Fish and seafood (dried or fresh)- sardines, dagaa/omena",5,"No","No","No","No","Yes","No","No","No","No","No",""
"93-94-95-33","Cereals- rice, maize, chapatti, wheat, sorghum, bread, etc",4,"No","No","No","No","Yes","No","No","No","No","No",""
"50-37-72-10","Cereals- rice, maize, chapatti, wheat, sorghum, bread, etc",7,"No","No","No","No","No","No","No","No","No","Yes","bought from the shop"
"50-37-72-10","Vegetables- spinach, pumpkin, cabbage, tomato, onion",1,"No","No","No","No","No","No","No","Yes","No","No",""
"50-37-72-10","Fruits- orange, mango, guava, rice paw paw/papaya, pineapple, etc",1,"No","No","No","No","No","No","No","Yes","No","No",""
"50-37-72-10","Meat, poultry, organ meat- goat, sheep, cow, chicken, liver, kidney, intestines",1,"Yes","No","No","No","No","No","No","No","No","No",""
"50-37-72-10","Fish and seafood (dried or fresh)- sardines, dagaa/omena",1,"No","No","No","No","No","No","No","Yes","No","No",""
"50-37-72-10","Oil/fats- oil, fat, butter, ghee, etc",7,"No","No","No","No","No","No","No","No","No","Yes","bought from the shop"
"29-63-76-51","Cereals- rice, maize, chapatti, wheat, sorghum, bread, etc",5,"No","No","No","No","Yes","No","No","No","No","No",""
"29-63-76-51","Vegetables- spinach, pumpkin, cabbage, tomato, onion",4,"No","No","No","No","Yes","No","No","No","No","No",""
"29-63-76-51","Fish and seafood (dried or fresh)- sardines, dagaa/omena",2,"No","No","No","No","Yes","No","No","No","No","No",""
"71-36-35-44","Cereals- rice, maize, chapatti, wheat, sorghum, bread, etc",7,"Yes","No","No","No","No","No","No","No","No","No",""
"71-36-35-44","Vegetables- spinach, pumpkin, cabbage, tomato, onion",1,"No","No","No","No","No","No","No","Yes","No","No",""
"71-36-35-44","Meat, poultry, organ meat- goat, sheep, cow, chicken, liver, kidney, intestines",2,"No","No","No","No","No","No","No","Yes","No","No",""
"71-36-35-44","Fish and seafood (dried or fresh)- sardines, dagaa/omena",2,"No","No","No","No","No","No","No","Yes","No","No",""
"71-36-35-44","Oil/fats- oil, fat, butter, ghee, etc",7,"No","No","No","No","Yes","No","No","No","No","No",""
"71-36-35-44","Sugar and sweets- sugar, honey, sweets, desserts",4,"No","No","No","No","Yes","No","No","No","No","No",""
"20-65-14-78","Cereals- rice, maize, chapatti, wheat, sorghum, bread, etc",7,"No","No","No","No","Yes","No","No","No","No","No",""
"20-65-14-78","Vegetables- spinach, pumpkin, cabbage, tomato, onion",7,"No","No","No","No","Yes","No","No","No","No","No",""
"20-65-14-78","Meat, poultry, organ meat- goat, sheep, cow, chicken, liver, kidney, intestines",5,"No","No","No","No","Yes","No","No","No","No","No",""
"20-65-14-78","Fish and seafood (dried or fresh)- sardines, dagaa/omena",7,"No","Yes","No","No","No","No","No","No","No","No",""
"20-65-14-78","Milk and milk products- fresh, powdered, yogurt, cheese, etc",3,"No","No","No","No","Yes","No","No","No","No","No",""
"20-65-14-78","Oil/fats- oil, fat, butter, ghee, etc",7,"No","No","No","No","Yes","No","No","No","No","No",""
"20-65-14-78","Sugar and sweets- sugar, honey, sweets, desserts",6,"No","No","No","No","Yes","No","No","No","No","No",""
"60-95-57-22","Cereals- rice, maize, chapatti, wheat, sorghum, bread, etc",5,"No","No","No","No","No","No","No","No","No","Yes","Bought from the shop"
"60-95-57-22","Fish and seafood (dried or fresh)- sardines, dagaa/omena",3,"No","No","No","No","No","No","No","No","No","Yes","Bought within the village"
"17-61-49-75","Cereals- rice, maize, chapatti, wheat, sorghum, bread, etc",7,"Yes","No","No","No","No","No","No","No","No","No",""
"17-61-49-75","Vegetables- spinach, pumpkin, cabbage, tomato, onion",5,"Yes","No","No","No","No","No","No","No","No","No",""
"17-61-49-75","Pulses, legumes, nuts, seeds",5,"Yes","No","No","No","No","No","No","No","No","No",""
"17-61-49-75","Oil/fats- oil, fat, butter, ghee, etc",5,"No","No","No","No","Yes","No","No","No","No","No",""
"02-95-98-52","Vegetables- spinach, pumpkin, cabbage, tomato, onion",2,"No","No","No","No","Yes","No","No","No","No","No",""
"02-95-98-52","Fish and seafood (dried or fresh)- sardines, dagaa/omena",7,"No","Yes","No","No","No","No","No","No","No","No",""
"02-95-98-52","Oil/fats- oil, fat, butter, ghee, etc",3,"No","No","No","Yes","No","No","No","No","No","No",""
"77-54-37-57","Cereals- rice, maize, chapatti, wheat, sorghum, bread, etc",6,"Yes","No","No","No","No","No","No","No","No","No",""
"77-54-37-57","Vegetables- spinach, pumpkin, cabbage, tomato, onion",2,"Yes","No","No","No","No","No","No","Yes","No","No",""
"77-54-37-57","Oil/fats- oil, fat, butter, ghee, etc",3,"Yes","No","No","No","Yes","No","No","Yes","No","No",""
"49-81-42-49","Cereals- rice, maize, chapatti, wheat, sorghum, bread, etc",4,"No","No","No","No","Yes","No","No","No","No","No",""
"49-81-42-49","Vegetables- spinach, pumpkin, cabbage, tomato, onion",7,"Yes","No","No","No","No","No","No","No","No","No",""
"49-81-42-49","Meat, poultry, organ meat- goat, sheep, cow, chicken, liver, kidney, intestines",4,"No","No","No","No","Yes","No","No","No","No","No",""
"49-81-42-49","Fish and seafood (dried or fresh)- sardines, dagaa/omena",2,"Yes","No","No","No","No","No","No","No","No","No",""
"07-97-99-00","Cereals- rice, maize, chapatti, wheat, sorghum, bread, etc",7,"Yes","No","No","No","No","No","No","No","No","No",""
"07-97-99-00","Meat, poultry, organ meat- goat, sheep, cow, chicken, liver, kidney, intestines",1,"No","No","No","No","Yes","No","No","No","No","No",""
"07-97-99-00","Pulses, legumes, nuts, seeds",7,"No","No","No","No","Yes","No","No","No","No","No",""
"07-97-99-00","Oil/fats- oil, fat, butter, ghee, etc",3,"No","No","No","No","Yes","No","No","No","No","No",""
"61-38-38-57","Cereals- rice, maize, chapatti, wheat, sorghum, bread, etc",7,"No","No","No","No","No","No","No","No","No","Yes","bought from the shop"
"61-38-38-57","Vegetables- spinach, pumpkin, cabbage, tomato, onion",1,"No","No","No","No","No","No","No","No","No","Yes","bought from the local village people with gardens"
"61-38-38-57","Meat, poultry, organ meat- goat, sheep, cow, chicken, liver, kidney, intestines",1,"No","No","No","No","No","No","No","No","No","Yes","bought from the shop"
"61-38-38-57","Milk and milk products- fresh, powdered, yogurt, cheese, etc",1,"No","No","No","No","No","No","No","No","No","Yes","bought from the local village people within the village"
"61-38-38-57","Oil/fats- oil, fat, butter, ghee, etc",7,"No","No","No","No","No","No","No","No","No","Yes","bought from the shop"
"61-38-38-57","Sugar and sweets- sugar, honey, sweets, desserts",7,"No","No","No","No","No","No","No","No","No","Yes","bought from the shop"
"61-38-38-57","Miscellaneous- tea, coffee, beverages, condiments, spices",7,"No","No","No","No","No","No","No","No","No","Yes","bought teabags from the shop"
"80-45-81-35","Cereals- rice, maize, chapatti, wheat, sorghum, bread, etc",1,"No","No","No","No","No","No","No","Yes","No","No",""
"80-45-81-35","Meat, poultry, organ meat- goat, sheep, cow, chicken, liver, kidney, intestines",2,"No","No","No","No","Yes","No","No","No","No","No",""
"80-45-81-35","Milk and milk products- fresh, powdered, yogurt, cheese, etc",7,"No","No","No","No","Yes","No","No","No","No","No",""
"80-45-81-35","Oil/fats- oil, fat, butter, ghee, etc",7,"No","No","No","No","Yes","No","No","Yes","No","No",""
"80-45-81-35","Sugar and sweets- sugar, honey, sweets, desserts",7,"No","No","No","No","Yes","No","No","No","No","No",""
"47-70-03-35","Cereals- rice, maize, chapatti, wheat, sorghum, bread, etc",7,"No","No","No","No","Yes","No","No","No","No","No",""
"47-70-03-35","Fruits- orange, mango, guava, rice paw paw/papaya, pineapple, etc",2,"Yes","No","No","No","No","No","No","No","No","No",""
"47-70-03-35","Meat, poultry, organ meat- goat, sheep, cow, chicken, liver, kidney, intestines",2,"No","No","No","No","Yes","No","No","No","No","No",""
"47-70-03-35","Fish and seafood (dried or fresh)- sardines, dagaa/omena",1,"No","No","No","No","No","No","No","Yes","No","No",""
"73-01-72-24","Cereals- rice, maize, chapatti, wheat, sorghum, bread, etc",7,"No","No","No","No","Yes","No","No","No","No","No",""
"73-01-72-24","Meat, poultry, organ meat- goat, sheep, cow, chicken, liver, kidney, intestines",6,"No","No","No","No","Yes","No","No","No","No","No",""
"73-01-72-24","Pulses, legumes, nuts, seeds",1,"No","No","No","No","Yes","No","No","No","No","No",""
"73-01-72-24","Oil/fats- oil, fat, butter, ghee, etc",5,"No","No","No","No","Yes","No","No","No","No","No",""
"70-18-85-80","Cereals- rice, maize, chapatti, wheat, sorghum, bread, etc",7,"Yes","No","No","No","Yes","No","No","No","No","No",""
"70-18-85-80","Meat, poultry, organ meat- goat, sheep, cow, chicken, liver, kidney, intestines",3,"No","No","No","No","Yes","No","No","No","No","No",""
"70-18-85-80","Oil/fats- oil, fat, butter, ghee, etc",7,"No","No","No","No","Yes","No","No","Yes","No","No",""
"59-96-51-48","Cereals- rice, maize, chapatti, wheat, sorghum, bread, etc",2,"Yes","No","No","No","No","No","No","No","No","No",""
"59-96-51-48","Meat, poultry, organ meat- goat, sheep, cow, chicken, liver, kidney, intestines",2,"No","No","No","No","Yes","No","No","No","No","No",""
"59-96-51-48","Oil/fats- oil, fat, butter, ghee, etc",7,"No","No","No","No","Yes","No","No","No","No","No",""
"59-96-51-48","Sugar and sweets- sugar, honey, sweets, desserts",7,"No","No","No","No","Yes","No","No","No","No","No",""
"59-96-51-48","Miscellaneous- tea, coffee, beverages, condiments, spices",7,"No","No","No","No","Yes","No","No","No","No","No",""
"47-24-68-80","Cereals- rice, maize, chapatti, wheat, sorghum, bread, etc",7,"Yes","No","No","No","No","No","No","No","No","No",""
"47-24-68-80","Milk and milk products- fresh, powdered, yogurt, cheese, etc",3,"Yes","No","No","No","No","No","No","No","No","No",""
"98-95-69-34","Cereals- rice, maize, chapatti, wheat, sorghum, bread, etc",7,"Yes","No","No","No","No","No","No","No","No","No",""
"98-95-69-34","Meat, poultry, organ meat- goat, sheep, cow, chicken, liver, kidney, intestines",7,"No","No","No","No","No","No","No","No","No","Yes","Bought from the shops"
"98-95-69-34","Fish and seafood (dried or fresh)- sardines, dagaa/omena",3,"No","No","No","No","No","No","No","No","No","Yes","Bought from the shop"
"94-61-58-26","Cereals- rice, maize, chapatti, wheat, sorghum, bread, etc",5,"No","No","No","No","No","No","No","No","No","Yes","Bought from the shop"
"94-61-58-26","Vegetables- spinach, pumpkin, cabbage, tomato, onion",7,"Yes","No","No","No","No","No","No","No","No","No",""
"94-61-58-26","Fruits- orange, mango, guava, rice paw paw/papaya, pineapple, etc",3,"Yes","No","No","No","No","No","No","No","No","No",""
"94-61-58-26","Meat, poultry, organ meat- goat, sheep, cow, chicken, liver, kidney, intestines",2,"No","No","No","No","No","No","No","No","No","Yes","Bought from the shop"
"94-61-58-26","Eggs",2,"No","No","No","No","No","No","No","No","No","Yes","Bought from the shop"
"94-61-58-26","Fish and seafood (dried or fresh)- sardines, dagaa/omena",4,"No","Yes","No","No","No","No","No","No","No","No",""
"84-70-48-38","Meat, poultry, organ meat- goat, sheep, cow, chicken, liver, kidney, intestines",5,"No","No","No","No","Yes","No","No","No","No","No",""
"84-70-48-38","Sugar and sweets- sugar, honey, sweets, desserts",2,"No","No","No","No","Yes","No","No","No","No","No",""
"46-07-52-30","Cereals- rice, maize, chapatti, wheat, sorghum, bread, etc",7,"No","No","No","No","Yes","No","No","No","No","No",""
"46-07-52-30","Vegetables- spinach, pumpkin, cabbage, tomato, onion",5,"No","No","No","No","Yes","No","No","No","No","No",""
"46-07-52-30","Fish and seafood (dried or fresh)- sardines, dagaa/omena",3,"No","No","No","No","Yes","No","No","No","No","No",""
"46-07-52-30","Oil/fats- oil, fat, butter, ghee, etc",7,"No","No","No","No","Yes","No","No","No","No","No",""
"65-50-88-07","Cereals- rice, maize, chapatti, wheat, sorghum, bread, etc",7,"Yes","No","No","No","No","No","No","No","No","No",""
"65-50-88-07","Vegetables- spinach, pumpkin, cabbage, tomato, onion",3,"Yes","No","No","No","No","No","No","No","No","No",""
"65-50-88-07","Oil/fats- oil, fat, butter, ghee, etc",7,"No","No","No","No","Yes","No","No","No","No","No",""
"05-43-02-62","Cereals- rice, maize, chapatti, wheat, sorghum, bread, etc",7,"No","No","No","No","Yes","No","No","No","No","No",""
"05-43-02-62","Meat, poultry, organ meat- goat, sheep, cow, chicken, liver, kidney, intestines",2,"No","No","No","No","Yes","No","No","No","No","No",""
"05-43-02-62","Fish and seafood (dried or fresh)- sardines, dagaa/omena",3,"No","No","No","No","Yes","No","No","No","No","No",""
"05-43-02-62","Pulses, legumes, nuts, seeds",2,"No","No","No","No","Yes","No","No","No","No","No",""
"05-43-02-62","Milk and milk products- fresh, powdered, yogurt, cheese, etc",7,"No","No","No","No","Yes","No","No","No","No","No",""
"05-43-02-62","Oil/fats- oil, fat, butter, ghee, etc",5,"No","No","No","No","Yes","No","No","No","No","No",""
"05-43-02-62","Sugar and sweets- sugar, honey, sweets, desserts",7,"No","No","No","No","Yes","No","No","No","No","No",""
"05-43-02-62","Miscellaneous- tea, coffee, beverages, condiments, spices",7,"No","No","No","No","Yes","No","No","No","No","No",""
"83-84-84-67","Roots and tubers- potato, sweet potato, cassava, arrow roots, cooking banana",1,"Yes","No","No","No","No","No","No","No","No","No",""
"16-35-19-29","Cereals- rice, maize, chapatti, wheat, sorghum, bread, etc",1,"No","No","No","No","No","No","No","Yes","No","No",""
"16-35-19-29","Vegetables- spinach, pumpkin, cabbage, tomato, onion",2,"No","No","No","No","No","No","No","Yes","No","No",""
"16-35-19-29","Meat, poultry, organ meat- goat, sheep, cow, chicken, liver, kidney, intestines",2,"No","No","No","No","No","No","No","Yes","No","No",""
"16-35-19-29","Oil/fats- oil, fat, butter, ghee, etc",7,"No","No","No","No","No","No","No","No","No","Yes","purchased with money from family"
"16-35-19-29","Sugar and sweets- sugar, honey, sweets, desserts",7,"No","No","No","No","No","No","No","Yes","No","No",""
"16-35-19-29","Miscellaneous- tea, coffee, beverages, condiments, spices",7,"No","No","No","No","No","No","No","Yes","No","No",""
"83-90-14-37","Cereals- rice, maize, chapatti, wheat, sorghum, bread, etc",7,"Yes","No","No","No","Yes","No","No","No","No","No",""
"83-90-14-37","Meat, poultry, organ meat- goat, sheep, cow, chicken, liver, kidney, intestines",3,"No","No","No","No","Yes","No","No","No","No","No",""
"83-90-14-37","Oil/fats- oil, fat, butter, ghee, etc",4,"No","No","No","No","Yes","No","No","No","No","No",""
"83-90-14-37","Sugar and sweets- sugar, honey, sweets, desserts",7,"No","No","No","Yes","Yes","Yes","No","No","No","No",""
"56-16-94-47","Cereals- rice, maize, chapatti, wheat, sorghum, bread, etc",4,"No","No","No","Yes","Yes","No","No","No","No","No",""
"56-16-94-47","Meat, poultry, organ meat- goat, sheep, cow, chicken, liver, kidney, intestines",2,"No","No","No","No","Yes","No","No","No","No","No",""
"56-16-94-47","Oil/fats- oil, fat, butter, ghee, etc",7,"No","No","No","No","Yes","No","No","No","No","No",""
"56-16-94-47","Sugar and sweets- sugar, honey, sweets, desserts",2,"No","No","No","Yes","Yes","No","No","No","No","No",""
"16-24-71-47","Meat, poultry, organ meat- goat, sheep, cow, chicken, liver, kidney, intestines",3,"No","No","No","No","No","No","No","Yes","No","No",""
"16-24-71-47","Sugar and sweets- sugar, honey, sweets, desserts",2,"No","No","No","No","No","No","No","Yes","No","No",""
"22-33-09-47","Cereals- rice, maize, chapatti, wheat, sorghum, bread, etc",7,"No","No","No","No","Yes","No","No","No","No","No",""
"22-33-09-47","Fish and seafood (dried or fresh)- sardines, dagaa/omena",7,"No","No","No","No","Yes","No","No","No","No","No",""
"22-33-09-47","Oil/fats- oil, fat, butter, ghee, etc",7,"Yes","No","No","No","Yes","No","No","No","No","No",""
"89-17-95-50","Cereals- rice, maize, chapatti, wheat, sorghum, bread, etc",7,"Yes","No","No","No","Yes","No","No","No","No","No",""
"89-17-95-50","Vegetables- spinach, pumpkin, cabbage, tomato, onion",3,"No","No","No","No","Yes","No","No","Yes","No","No",""
"89-17-95-50","Meat, poultry, organ meat- goat, sheep, cow, chicken, liver, kidney, intestines",5,"No","No","No","No","Yes","No","No","No","No","No",""
"89-17-95-50","Fish and seafood (dried or fresh)- sardines, dagaa/omena",1,"No","No","No","No","Yes","No","No","No","No","No",""
"89-17-95-50","Milk and milk products- fresh, powdered, yogurt, cheese, etc",4,"No","No","No","No","Yes","No","No","Yes","No","No",""
"89-17-95-50","Oil/fats- oil, fat, butter, ghee, etc",7,"No","No","No","No","Yes","No","No","No","No","No",""
"89-17-95-50","Sugar and sweets- sugar, honey, sweets, desserts",5,"No","No","No","No","Yes","No","No","No","No","No",""
"71-12-87-82","Cereals- rice, maize, chapatti, wheat, sorghum, bread, etc",3,"No","No","No","No","Yes","No","No","No","No","No",""
"71-12-87-82","Vegetables- spinach, pumpkin, cabbage, tomato, onion",3,"No","No","No","No","Yes","No","No","No","No","No",""
"71-12-87-82","Meat, poultry, organ meat- goat, sheep, cow, chicken, liver, kidney, intestines",1,"No","No","No","No","Yes","No","No","No","No","No",""
"71-12-87-82","Oil/fats- oil, fat, butter, ghee, etc",7,"No","No","No","No","Yes","No","No","No","No","No",""
"71-12-87-82","Sugar and sweets- sugar, honey, sweets, desserts",2,"No","No","No","No","Yes","No","No","No","No","No",""
"71-12-87-82","Miscellaneous- tea, coffee, beverages, condiments, spices",2,"No","No","No","No","Yes","No","No","No","No","No",""
"93-78-86-25","Cereals- rice, maize, chapatti, wheat, sorghum, bread, etc",7,"No","No","No","No","Yes","No","No","No","No","No",""
"93-78-86-25","Vegetables- spinach, pumpkin, cabbage, tomato, onion",2,"No","No","No","No","Yes","No","No","No","No","No",""
"93-78-86-25","Meat, poultry, organ meat- goat, sheep, cow, chicken, liver, kidney, intestines",3,"No","No","No","No","Yes","No","No","No","No","No",""
"93-78-86-25","Pulses, legumes, nuts, seeds",2,"No","No","No","No","Yes","No","No","No","No","No",""
"93-78-86-25","Milk and milk products- fresh, powdered, yogurt, cheese, etc",7,"Yes","No","No","No","No","No","No","No","No","No",""
"34-03-26-96","Cereals- rice, maize, chapatti, wheat, sorghum, bread, etc",2,"No","No","No","No","No","No","No","No","No","Yes","Bought from the shop"
"34-03-26-96","Meat, poultry, organ meat- goat, sheep, cow, chicken, liver, kidney, intestines",5,"No","No","No","No","No","No","No","No","No","Yes","Bought from the market"
"34-03-26-96","Milk and milk products- fresh, powdered, yogurt, cheese, etc",5,"Yes","No","No","No","No","No","No","No","No","No",""
"83-62-75-30","Cereals- rice, maize, chapatti, wheat, sorghum, bread, etc",7,"No","No","No","No","Yes","No","No","No","No","No",""
"83-62-75-30","Vegetables- spinach, pumpkin, cabbage, tomato, onion",2,"No","No","No","No","Yes","No","No","No","No","No",""
"83-62-75-30","Meat, poultry, organ meat- goat, sheep, cow, chicken, liver, kidney, intestines",1,"No","No","No","No","Yes","No","No","No","No","No",""
"83-62-75-30","Fish and seafood (dried or fresh)- sardines, dagaa/omena",6,"No","Yes","No","No","Yes","No","No","No","No","No",""
"83-62-75-30","Oil/fats- oil, fat, butter, ghee, etc",7,"No","No","No","No","Yes","No","No","No","No","No",""
"39-30-68-16","Cereals- rice, maize, chapatti, wheat, sorghum, bread, etc",7,"No","No","No","No","Yes","No","No","No","No","No",""
"39-30-68-16","Vegetables- spinach, pumpkin, cabbage, tomato, onion",1,"No","No","No","No","Yes","No","No","No","No","No",""
"39-30-68-16","Fruits- orange, mango, guava, rice paw paw/papaya, pineapple, etc",2,"No","No","No","No","Yes","No","No","No","No","No",""
"39-30-68-16","Fish and seafood (dried or fresh)- sardines, dagaa/omena",3,"No","No","No","No","Yes","No","No","No","No","No",""
"39-30-68-16","Milk and milk products- fresh, powdered, yogurt, cheese, etc",1,"No","No","No","No","Yes","No","No","No","No","No",""
"39-30-68-16","Oil/fats- oil, fat, butter, ghee, etc",7,"No","No","No","No","Yes","No","No","No","No","No",""
"39-30-68-16","Sugar and sweets- sugar, honey, sweets, desserts",5,"No","No","No","No","Yes","No","No","No","No","No",""
"39-30-68-16","Miscellaneous- tea, coffee, beverages, condiments, spices",7,"No","No","No","No","Yes","No","No","No","No","No",""
"25-67-10-82","Cereals- rice, maize, chapatti, wheat, sorghum, bread, etc",3,"No","No","No","No","No","No","No","Yes","No","No",""
"25-67-10-82","Vegetables- spinach, pumpkin, cabbage, tomato, onion",5,"No","No","No","No","No","No","No","Yes","No","No",""
"25-67-10-82","Meat, poultry, organ meat- goat, sheep, cow, chicken, liver, kidney, intestines",3,"No","No","No","No","No","No","No","Yes","No","No",""
"25-67-10-82","Fish and seafood (dried or fresh)- sardines, dagaa/omena",2,"No","No","No","No","No","No","No","Yes","No","No",""
"25-67-10-82","Oil/fats- oil, fat, butter, ghee, etc",7,"No","No","No","No","No","No","No","Yes","No","No",""
"87-90-13-56","Cereals- rice, maize, chapatti, wheat, sorghum, bread, etc",7,"No","No","No","No","No","No","No","No","No","Yes","social grand"
"87-90-13-56","Vegetables- spinach, pumpkin, cabbage, tomato, onion",7,"Yes","No","No","No","No","No","No","No","No","No",""
"87-90-13-56","Meat, poultry, organ meat- goat, sheep, cow, chicken, liver, kidney, intestines",2,"No","No","No","No","No","No","No","No","No","Yes","purchased with money from social grand"
"87-90-13-56","Sugar and sweets- sugar, honey, sweets, desserts",7,"No","No","No","No","No","No","No","No","No","Yes","purchased with money from social grand (government)"
"87-90-13-56","Miscellaneous- tea, coffee, beverages, condiments, spices",2,"No","No","No","No","No","No","No","No","No","Yes","purchased with money from social grand (government)"
"38-81-07-74","Cereals- rice, maize, chapatti, wheat, sorghum, bread, etc",7,"No","No","No","No","Yes","No","No","No","No","No",""
"38-81-07-74","Vegetables- spinach, pumpkin, cabbage, tomato, onion",7,"Yes","No","No","No","No","No","No","No","No","No",""
"38-81-07-74","Meat, poultry, organ meat- goat, sheep, cow, chicken, liver, kidney, intestines",1,"No","No","No","No","Yes","No","No","No","No","No",""
"29-17-63-12","Cereals- rice, maize, chapatti, wheat, sorghum, bread, etc",7,"No","No","No","No","Yes","No","No","No","No","No",""
"29-17-63-12","Vegetables- spinach, pumpkin, cabbage, tomato, onion",3,"No","No","No","No","Yes","No","No","No","No","No",""
"29-17-63-12","Meat, poultry, organ meat- goat, sheep, cow, chicken, liver, kidney, intestines",4,"No","No","No","No","Yes","No","No","No","No","No",""
"29-17-63-12","Oil/fats- oil, fat, butter, ghee, etc",7,"No","No","No","No","Yes","No","No","No","No","No",""
"29-17-63-12","Sugar and sweets- sugar, honey, sweets, desserts",7,"No","No","No","No","Yes","No","No","No","No","No",""
"29-17-63-12","Miscellaneous- tea, coffee, beverages, condiments, spices",7,"No","No","No","No","Yes","No","No","No","No","No",""
"09-87-36-18","Cereals- rice, maize, chapatti, wheat, sorghum, bread, etc",7,"No","No","No","No","Yes","No","No","No","No","No",""
"09-87-36-18","Vegetables- spinach, pumpkin, cabbage, tomato, onion",1,"Yes","No","No","No","No","No","No","No","No","No",""
"09-87-36-18","Meat, poultry, organ meat- goat, sheep, cow, chicken, liver, kidney, intestines",3,"Yes","No","No","No","No","No","No","No","No","No",""
"09-87-36-18","Fish and seafood (dried or fresh)- sardines, dagaa/omena",1,"No","No","No","No","Yes","No","No","No","No","No",""
"09-87-36-18","Milk and milk products- fresh, powdered, yogurt, cheese, etc",3,"Yes","No","No","No","No","No","No","No","No","No",""
"09-87-36-18","Oil/fats- oil, fat, butter, ghee, etc",7,"No","No","No","No","Yes","No","No","No","No","No",""
"09-87-36-18","Sugar and sweets- sugar, honey, sweets, desserts",7,"No","No","No","No","Yes","No","No","No","No","No",""
"37-47-43-04","Cereals- rice, maize, chapatti, wheat, sorghum, bread, etc",7,"No","No","No","No","Yes","No","No","No","No","No",""
"37-47-43-04","Vegetables- spinach, pumpkin, cabbage, tomato, onion",7,"Yes","No","No","No","No","No","No","No","No","No",""
"37-47-43-04","Meat, poultry, organ meat- goat, sheep, cow, chicken, liver, kidney, intestines",7,"No","No","No","No","Yes","No","No","No","No","No",""
"37-47-43-04","Oil/fats- oil, fat, butter, ghee, etc",3,"No","No","No","No","Yes","No","No","No","No","No",""
"37-47-43-04","Sugar and sweets- sugar, honey, sweets, desserts",4,"No","No","No","No","Yes","No","No","No","No","No",""
"37-47-43-04","Miscellaneous- tea, coffee, beverages, condiments, spices",1,"No","No","No","No","Yes","No","No","No","No","No",""
"19-94-92-45","Cereals- rice, maize, chapatti, wheat, sorghum, bread, etc",7,"No","No","No","No","Yes","No","No","No","No","No",""
"19-94-92-45","Vegetables- spinach, pumpkin, cabbage, tomato, onion",3,"Yes","No","No","No","Yes","No","No","No","No","No",""
"19-94-92-45","Meat, poultry, organ meat- goat, sheep, cow, chicken, liver, kidney, intestines",6,"No","No","No","No","Yes","No","No","No","No","No",""
"01-51-77-20","Cereals- rice, maize, chapatti, wheat, sorghum, bread, etc",7,"Yes","No","No","No","No","No","No","No","No","No",""
"01-51-77-20","Meat, poultry, organ meat- goat, sheep, cow, chicken, liver, kidney, intestines",2,"No","No","No","No","Yes","No","No","No","No","No",""
"01-51-77-20","Oil/fats- oil, fat, butter, ghee, etc",7,"No","No","No","No","Yes","No","No","No","No","No",""
"01-51-77-20","Sugar and sweets- sugar, honey, sweets, desserts",2,"No","No","No","No","Yes","No","No","No","No","No",""
"14-21-66-73","Vegetables- spinach, pumpkin, cabbage, tomato, onion",1,"No","No","No","No","Yes","No","No","No","No","No",""
"14-21-66-73","Meat, poultry, organ meat- goat, sheep, cow, chicken, liver, kidney, intestines",2,"No","No","No","No","Yes","No","No","No","No","No",""
"14-21-66-73","Pulses, legumes, nuts, seeds",1,"No","No","No","No","Yes","No","No","No","No","No",""
"14-21-66-73","Milk and milk products- fresh, powdered, yogurt, cheese, etc",7,"No","No","No","No","No","No","No","Yes","No","No",""
"14-21-66-73","Oil/fats- oil, fat, butter, ghee, etc",7,"No","No","No","No","Yes","No","No","No","No","No",""
"14-21-66-73","Sugar and sweets- sugar, honey, sweets, desserts",7,"No","No","No","No","Yes","No","No","No","No","No",""
"14-21-66-73","Miscellaneous- tea, coffee, beverages, condiments, spices",7,"No","No","No","No","Yes","No","No","No","No","No",""
"10-12-38-23","Cereals- rice, maize, chapatti, wheat, sorghum, bread, etc",6,"No","No","No","No","Yes","No","No","No","No","No",""
"10-12-38-23","Milk and milk products- fresh, powdered, yogurt, cheese, etc",7,"No","No","No","No","No","No","No","Yes","No","No",""
"06-71-23-79","Cereals- rice, maize, chapatti, wheat, sorghum, bread, etc",3,"Yes","No","No","No","No","No","No","No","No","No",""
"06-71-23-79","Vegetables- spinach, pumpkin, cabbage, tomato, onion",3,"No","No","No","No","No","No","No","Yes","No","No",""
"06-71-23-79","Fish and seafood (dried or fresh)- sardines, dagaa/omena",1,"No","No","No","No","No","No","No","Yes","No","No",""
"06-71-23-79","Oil/fats- oil, fat, butter, ghee, etc",5,"No","No","No","No","No","No","No","Yes","No","No",""
"06-71-23-79","Sugar and sweets- sugar, honey, sweets, desserts",4,"No","No","No","No","No","No","No","Yes","No","No",""
"09-86-92-43","Cereals- rice, maize, chapatti, wheat, sorghum, bread, etc",7,"Yes","No","No","No","No","No","No","No","No","No",""
"09-86-92-43","Fruits- orange, mango, guava, rice paw paw/papaya, pineapple, etc",3,"Yes","No","No","No","No","No","No","No","No","No",""
"09-86-92-43","Oil/fats- oil, fat, butter, ghee, etc",4,"No","No","No","No","Yes","No","No","Yes","No","No",""
"65-52-71-81","Cereals- rice, maize, chapatti, wheat, sorghum, bread, etc",7,"Yes","No","No","No","No","No","No","No","No","No",""
"65-52-71-81","Meat, poultry, organ meat- goat, sheep, cow, chicken, liver, kidney, intestines",7,"No","No","No","No","Yes","No","No","No","No","No",""
"65-52-71-81","Milk and milk products- fresh, powdered, yogurt, cheese, etc",7,"Yes","No","No","No","Yes","No","No","No","No","No",""
"65-52-71-81","Oil/fats- oil, fat, butter, ghee, etc",3,"No","No","No","No","Yes","No","No","No","No","No",""
"88-09-14-40","Cereals- rice, maize, chapatti, wheat, sorghum, bread, etc",7,"No","No","No","No","Yes","No","No","No","No","Yes","pounding maize for consumption"
"88-09-14-40","Vegetables- spinach, pumpkin, cabbage, tomato, onion",2,"Yes","No","No","No","No","No","No","No","No","No",""
"88-09-14-40","Milk and milk products- fresh, powdered, yogurt, cheese, etc",3,"Yes","No","No","No","No","No","No","No","No","No",""
"88-09-14-40","Oil/fats- oil, fat, butter, ghee, etc",5,"No","No","No","No","Yes","No","No","No","No","No",""
"51-32-55-02","Cereals- rice, maize, chapatti, wheat, sorghum, bread, etc",3,"Yes","No","No","No","No","No","No","No","No","No",""
"51-32-55-02","Vegetables- spinach, pumpkin, cabbage, tomato, onion",1,"No","No","No","No","No","No","No","Yes","No","No",""
"51-32-55-02","Meat, poultry, organ meat- goat, sheep, cow, chicken, liver, kidney, intestines",1,"No","No","No","No","No","No","No","Yes","No","No",""
"51-32-55-02","Oil/fats- oil, fat, butter, ghee, etc",7,"No","No","No","No","No","No","No","No","No","Yes","bought with social grand (government)"
"51-32-55-02","Sugar and sweets- sugar, honey, sweets, desserts",7,"No","No","No","No","No","No","No","Yes","No","No",""
"51-32-55-02","Miscellaneous- tea, coffee, beverages, condiments, spices",2,"No","No","No","No","No","No","No","Yes","No","No",""
"25-85-18-57","Cereals- rice, maize, chapatti, wheat, sorghum, bread, etc",7,"No","No","No","No","Yes","No","No","No","No","No",""
"25-85-18-57","Meat, poultry, organ meat- goat, sheep, cow, chicken, liver, kidney, intestines",2,"No","No","No","No","Yes","No","No","No","No","No",""
"25-85-18-57","Pulses, legumes, nuts, seeds",2,"No","No","No","No","Yes","No","No","No","No","No",""
"25-85-18-57","Milk and milk products- fresh, powdered, yogurt, cheese, etc",4,"No","No","No","No","No","No","No","Yes","No","No",""
"25-85-18-57","Oil/fats- oil, fat, butter, ghee, etc",4,"No","No","No","No","Yes","No","No","No","No","No",""
"08-01-73-79","Vegetables- spinach, pumpkin, cabbage, tomato, onion",7,"No","No","No","No","Yes","No","No","No","No","No",""
"08-01-73-79","Milk and milk products- fresh, powdered, yogurt, cheese, etc",1,"No","No","No","Yes","No","No","No","No","No","No",""
"30-31-42-54","Cereals- rice, maize, chapatti, wheat, sorghum, bread, etc",7,"Yes","No","No","No","No","No","No","No","No","No",""
"30-31-42-54","Meat, poultry, organ meat- goat, sheep, cow, chicken, liver, kidney, intestines",2,"No","No","No","No","Yes","No","No","No","No","No",""
"30-31-42-54","Oil/fats- oil, fat, butter, ghee, etc",7,"No","No","No","No","Yes","No","No","No","No","No",""
"59-41-41-82","Cereals- rice, maize, chapatti, wheat, sorghum, bread, etc",7,"Yes","No","No","No","No","No","No","No","No","No",""
"59-41-41-82","Meat, poultry, organ meat- goat, sheep, cow, chicken, liver, kidney, intestines",1,"No","No","No","No","Yes","No","No","No","No","No",""
"59-41-41-82","Milk and milk products- fresh, powdered, yogurt, cheese, etc",2,"No","No","No","No","Yes","No","No","No","No","No",""
"59-41-41-82","Oil/fats- oil, fat, butter, ghee, etc",7,"No","No","No","No","Yes","No","No","No","No","No",""
"59-41-41-82","Sugar and sweets- sugar, honey, sweets, desserts",4,"No","No","No","No","Yes","No","No","No","No","No",""
"86-80-66-75","Cereals- rice, maize, chapatti, wheat, sorghum, bread, etc",2,"No","No","No","No","Yes","No","No","No","No","No",""
"86-80-66-75","Vegetables- spinach, pumpkin, cabbage, tomato, onion",3,"No","No","No","Yes","No","No","No","No","No","No",""
"86-80-66-75","Meat, poultry, organ meat- goat, sheep, cow, chicken, liver, kidney, intestines",7,"No","No","No","No","Yes","No","No","No","No","No",""
"86-80-66-75","Milk and milk products- fresh, powdered, yogurt, cheese, etc",7,"No","No","No","No","No","No","No","Yes","No","No",""
"86-80-66-75","Oil/fats- oil, fat, butter, ghee, etc",7,"No","No","No","No","Yes","No","No","No","No","No",""
"86-80-66-75","Sugar and sweets- sugar, honey, sweets, desserts",7,"No","No","No","No","Yes","No","No","No","No","No",""
"86-80-66-75","Miscellaneous- tea, coffee, beverages, condiments, spices",2,"No","No","No","No","Yes","No","No","No","No","No",""
"36-82-19-46","Cereals- rice, maize, chapatti, wheat, sorghum, bread, etc",4,"No","No","No","No","Yes","No","No","Yes","No","No",""
"36-82-19-46","Vegetables- spinach, pumpkin, cabbage, tomato, onion",3,"No","No","No","No","No","No","No","Yes","No","No",""
"36-82-19-46","Meat, poultry, organ meat- goat, sheep, cow, chicken, liver, kidney, intestines",1,"No","No","No","No","Yes","No","No","No","No","No",""
"36-82-19-46","Oil/fats- oil, fat, butter, ghee, etc",3,"No","No","No","No","Yes","No","No","Yes","No","No",""
"87-16-84-48","Cereals- rice, maize, chapatti, wheat, sorghum, bread, etc",7,"No","No","No","No","Yes","No","No","No","No","No",""
"87-16-84-48","Fruits- orange, mango, guava, rice paw paw/papaya, pineapple, etc",2,"Yes","No","No","No","No","No","No","No","No","No",""
"87-16-84-48","Oil/fats- oil, fat, butter, ghee, etc",3,"No","No","No","No","Yes","No","No","No","No","No",""
"85-15-56-74","Cereals- rice, maize, chapatti, wheat, sorghum, bread, etc",1,"No","No","No","No","Yes","No","No","No","No","No",""
"85-15-56-74","Meat, poultry, organ meat- goat, sheep, cow, chicken, liver, kidney, intestines",3,"No","No","No","No","Yes","No","No","No","No","No",""
"85-15-56-74","Milk and milk products- fresh, powdered, yogurt, cheese, etc",3,"Yes","No","No","No","No","No","No","No","No","No",""
"99-52-45-97","Cereals- rice, maize, chapatti, wheat, sorghum, bread, etc",7,"No","No","No","No","Yes","No","No","No","No","No",""
"99-52-45-97","Fish and seafood (dried or fresh)- sardines, dagaa/omena",3,"No","Yes","No","No","No","No","No","No","No","No",""
"99-52-45-97","Milk and milk products- fresh, powdered, yogurt, cheese, etc",7,"Yes","No","No","No","No","No","No","No","No","No",""
"99-52-45-97","Oil/fats- oil, fat, butter, ghee, etc",3,"No","No","No","No","Yes","No","No","No","No","No",""
"99-52-45-97","Sugar and sweets- sugar, honey, sweets, desserts",7,"No","No","No","No","Yes","No","No","No","No","No",""
"22-42-05-31","Cereals- rice, maize, chapatti, wheat, sorghum, bread, etc",7,"No","No","No","No","Yes","No","No","No","No","No",""
"22-42-05-31","Vegetables- spinach, pumpkin, cabbage, tomato, onion",7,"Yes","No","No","No","No","No","No","No","No","No",""
"22-42-05-31","Meat, poultry, organ meat- goat, sheep, cow, chicken, liver, kidney, intestines",4,"No","No","No","No","Yes","No","No","No","No","No",""
"22-42-05-31","Fish and seafood (dried or fresh)- sardines, dagaa/omena",2,"No","No","No","No","Yes","No","No","No","No","No",""
"22-42-05-31","Milk and milk products- fresh, powdered, yogurt, cheese, etc",7,"Yes","No","No","No","No","No","No","No","No","No",""
"22-42-05-31","Oil/fats- oil, fat, butter, ghee, etc",7,"No","No","No","No","Yes","No","No","No","No","No",""
"22-42-05-31","Sugar and sweets- sugar, honey, sweets, desserts",7,"No","No","No","No","Yes","No","No","No","No","No",""
"17-88-76-49","Cereals- rice, maize, chapatti, wheat, sorghum, bread, etc",7,"No","No","No","No","Yes","No","No","No","No","No",""
"17-88-76-49","Fish and seafood (dried or fresh)- sardines, dagaa/omena",5,"No","No","No","No","Yes","No","No","No","No","No",""
"95-93-26-61","Cereals- rice, maize, chapatti, wheat, sorghum, bread, etc",7,"No","No","No","No","Yes","No","No","No","No","No",""
"95-93-26-61","Meat, poultry, organ meat- goat, sheep, cow, chicken, liver, kidney, intestines",1,"No","No","No","No","Yes","No","No","No","No","No",""
"95-93-26-61","Milk and milk products- fresh, powdered, yogurt, cheese, etc",5,"No","No","No","No","Yes","No","No","Yes","No","No",""
"66-25-20-13","Cereals- rice, maize, chapatti, wheat, sorghum, bread, etc",7,"No","No","No","No","No","No","No","No","No","Yes","bought from the shop"
"66-25-20-13","Meat, poultry, organ meat- goat, sheep, cow, chicken, liver, kidney, intestines",2,"No","No","No","No","No","No","No","No","No","Yes","bought from the village market"
"66-25-20-13","Milk and milk products- fresh, powdered, yogurt, cheese, etc",3,"No","No","No","No","No","No","No","No","No","Yes","bought from the local village people"
"66-25-20-13","Oil/fats- oil, fat, butter, ghee, etc",7,"No","No","No","No","No","No","No","No","No","Yes","bought from the shop"
"66-25-20-13","Sugar and sweets- sugar, honey, sweets, desserts",2,"No","No","No","No","No","No","No","Yes","No","No",""
"66-25-20-13","Miscellaneous- tea, coffee, beverages, condiments, spices",2,"No","No","No","No","No","No","No","Yes","No","No",""
"56-49-46-49","Vegetables- spinach, pumpkin, cabbage, tomato, onion",3,"No","No","No","No","Yes","No","No","No","No","No",""
"56-49-46-49","Meat, poultry, organ meat- goat, sheep, cow, chicken, liver, kidney, intestines",4,"No","No","No","No","Yes","No","No","No","No","No",""
"56-49-46-49","Fish and seafood (dried or fresh)- sardines, dagaa/omena",1,"No","No","No","No","Yes","No","No","No","No","No",""
"56-49-46-49","Sugar and sweets- sugar, honey, sweets, desserts",4,"No","No","No","No","Yes","No","No","No","No","No",""
"56-49-46-49","Miscellaneous- tea, coffee, beverages, condiments, spices",3,"No","No","No","No","Yes","No","No","No","No","No",""
"00-63-35-41","Cereals- rice, maize, chapatti, wheat, sorghum, bread, etc",7,"No","No","No","No","Yes","No","No","No","No","No",""
"00-63-35-41","Vegetables- spinach, pumpkin, cabbage, tomato, onion",6,"No","No","No","No","Yes","No","No","No","No","No",""
"00-63-35-41","Meat, poultry, organ meat- goat, sheep, cow, chicken, liver, kidney, intestines",2,"No","No","No","No","Yes","No","No","No","No","No",""
"00-63-35-41","Fish and seafood (dried or fresh)- sardines, dagaa/omena",3,"No","No","No","No","Yes","No","No","No","No","No",""
"00-63-35-41","Oil/fats- oil, fat, butter, ghee, etc",7,"No","No","No","No","Yes","No","No","No","No","No",""
"35-73-88-21","Cereals- rice, maize, chapatti, wheat, sorghum, bread, etc",7,"No","No","No","No","Yes","No","No","No","No","No",""
"35-73-88-21","Vegetables- spinach, pumpkin, cabbage, tomato, onion",2,"Yes","No","No","No","No","No","No","No","No","No",""
"35-73-88-21","Oil/fats- oil, fat, butter, ghee, etc",1,"No","No","No","No","Yes","No","No","No","No","No",""
"90-22-40-74","Cereals- rice, maize, chapatti, wheat, sorghum, bread, etc",7,"Yes","No","No","No","No","No","No","No","No","No",""
"90-22-40-74","Oil/fats- oil, fat, butter, ghee, etc",7,"No","No","No","No","Yes","No","No","No","No","No",""
"90-22-40-74","Sugar and sweets- sugar, honey, sweets, desserts",2,"No","No","No","No","Yes","No","No","No","No","No",""
"71-58-33-81","Cereals- rice, maize, chapatti, wheat, sorghum, bread, etc",7,"No","No","No","No","Yes","No","No","No","No","No",""
"71-58-33-81","Vegetables- spinach, pumpkin, cabbage, tomato, onion",3,"No","No","No","No","Yes","No","No","No","No","No",""
"71-58-33-81","Meat, poultry, organ meat- goat, sheep, cow, chicken, liver, kidney, intestines",5,"No","No","No","No","Yes","No","No","No","No","No",""
"71-58-33-81","Fish and seafood (dried or fresh)- sardines, dagaa/omena",6,"No","Yes","No","No","No","No","No","No","No","No",""
"71-58-33-81","Milk and milk products- fresh, powdered, yogurt, cheese, etc",3,"No","No","No","No","No","No","No","Yes","No","No",""
"71-58-33-81","Oil/fats- oil, fat, butter, ghee, etc",7,"No","No","No","No","Yes","No","No","No","No","No",""
"71-58-33-81","Sugar and sweets- sugar, honey, sweets, desserts",7,"No","No","No","No","Yes","No","No","No","No","No",""
"85-67-71-58","Cereals- rice, maize, chapatti, wheat, sorghum, bread, etc",7,"No","No","No","No","No","No","No","No","No","Yes","Takes maize to the hammer mill to get maize meal for pap"
"85-67-71-58","Vegetables- spinach, pumpkin, cabbage, tomato, onion",3,"No","No","No","No","No","No","No","No","No","Yes","bought from the shop"
"85-67-71-58","Fruits- orange, mango, guava, rice paw paw/papaya, pineapple, etc",1,"No","No","No","No","No","No","No","Yes","No","No",""
"85-67-71-58","Meat, poultry, organ meat- goat, sheep, cow, chicken, liver, kidney, intestines",3,"No","No","No","No","No","No","No","No","No","Yes","bought from the shop"
"85-67-71-58","Eggs",3,"No","No","No","No","No","No","No","No","No","Yes","he normally buys cooked eggs from local shops in the village"
"85-67-71-58","Oil/fats- oil, fat, butter, ghee, etc",7,"No","No","No","No","No","No","No","No","No","Yes","bought from the shop"
"85-67-71-58","Miscellaneous- tea, coffee, beverages, condiments, spices",7,"No","No","No","No","No","No","No","No","No","Yes","buys teabags from the shop"
"01-61-71-69","Cereals- rice, maize, chapatti, wheat, sorghum, bread, etc",7,"Yes","No","No","No","Yes","No","No","No","No","No",""
"01-61-71-69","Vegetables- spinach, pumpkin, cabbage, tomato, onion",3,"Yes","No","No","No","No","No","No","No","No","No",""
"01-61-71-69","Meat, poultry, organ meat- goat, sheep, cow, chicken, liver, kidney, intestines",5,"No","No","No","No","Yes","No","No","No","No","No",""
"01-61-71-69","Fish and seafood (dried or fresh)- sardines, dagaa/omena",1,"No","No","No","No","Yes","No","No","No","No","No",""
"01-61-71-69","Milk and milk products- fresh, powdered, yogurt, cheese, etc",7,"Yes","No","No","No","No","No","No","No","No","No",""
"01-61-71-69","Oil/fats- oil, fat, butter, ghee, etc",7,"No","No","No","No","Yes","No","No","No","No","No",""
"01-61-71-69","Sugar and sweets- sugar, honey, sweets, desserts",7,"No","No","No","No","Yes","No","No","No","No","No",""
"75-50-19-75","Cereals- rice, maize, chapatti, wheat, sorghum, bread, etc",7,"Yes","No","No","No","Yes","No","No","Yes","No","No",""
"75-50-19-75","Vegetables- spinach, pumpkin, cabbage, tomato, onion",7,"Yes","No","No","No","Yes","No","No","No","No","No",""
"89-26-96-48","Cereals- rice, maize, chapatti, wheat, sorghum, bread, etc",7,"Yes","No","No","No","No","No","No","No","No","No",""
"89-26-96-48","Milk and milk products- fresh, powdered, yogurt, cheese, etc",2,"No","No","No","No","Yes","No","No","No","No","No",""
"89-26-96-48","Oil/fats- oil, fat, butter, ghee, etc",2,"No","No","No","No","Yes","No","No","No","No","No",""
"73-20-13-57","Cereals- rice, maize, chapatti, wheat, sorghum, bread, etc",7,"No","No","No","No","Yes","No","No","No","No","No",""
"73-20-13-57","Vegetables- spinach, pumpkin, cabbage, tomato, onion",3,"Yes","No","No","No","No","No","No","No","No","No",""
"73-20-13-57","Milk and milk products- fresh, powdered, yogurt, cheese, etc",4,"No","No","No","No","Yes","No","No","No","No","No",""
"73-20-13-57","Oil/fats- oil, fat, butter, ghee, etc",3,"No","No","No","No","Yes","No","No","No","No","No",""
"55-53-09-17","Cereals- rice, maize, chapatti, wheat, sorghum, bread, etc",5,"No","No","No","No","Yes","No","No","No","No","No",""
"55-53-09-17","Vegetables- spinach, pumpkin, cabbage, tomato, onion",2,"No","No","No","No","Yes","No","No","No","No","No",""
"55-53-09-17","Fish and seafood (dried or fresh)- sardines, dagaa/omena",3,"No","No","No","No","Yes","No","No","No","No","No",""
"55-53-09-17","Oil/fats- oil, fat, butter, ghee, etc",4,"No","No","No","No","Yes","No","No","No","No","No",""
"16-20-70-88","Fruits- orange, mango, guava, rice paw paw/papaya, pineapple, etc",7,"No","No","No","No","Yes","No","No","No","No","No",""
"16-20-70-88","Meat, poultry, organ meat- goat, sheep, cow, chicken, liver, kidney, intestines",2,"No","No","No","No","Yes","No","No","No","No","No",""
"16-20-70-88","Fish and seafood (dried or fresh)- sardines, dagaa/omena",2,"No","No","No","No","Yes","No","No","No","No","No",""
"16-20-70-88","Milk and milk products- fresh, powdered, yogurt, cheese, etc",7,"No","No","No","No","Yes","No","No","No","No","No",""
"16-20-70-88","Oil/fats- oil, fat, butter, ghee, etc",7,"No","No","No","No","Yes","No","No","No","No","No",""
"16-20-70-88","Sugar and sweets- sugar, honey, sweets, desserts",7,"No","No","No","No","Yes","No","No","No","No","No",""
"16-20-70-88","Miscellaneous- tea, coffee, beverages, condiments, spices",7,"No","No","No","No","Yes","No","No","No","No","No",""
"14-74-46-71","Vegetables- spinach, pumpkin, cabbage, tomato, onion",1,"No","No","No","No","Yes","No","No","No","No","No",""
"14-74-46-71","Meat, poultry, organ meat- goat, sheep, cow, chicken, liver, kidney, intestines",3,"No","No","No","No","Yes","No","No","No","No","No",""
"14-74-46-71","Fish and seafood (dried or fresh)- sardines, dagaa/omena",3,"No","Yes","No","No","No","No","No","No","No","No",""
"15-43-32-03","Cereals- rice, maize, chapatti, wheat, sorghum, bread, etc",3,"No","No","No","No","Yes","No","No","No","No","No",""
"15-43-32-03","Oil/fats- oil, fat, butter, ghee, etc",2,"No","No","No","Yes","No","No","No","No","No","No",""
"62-79-94-11","Cereals- rice, maize, chapatti, wheat, sorghum, bread, etc",2,"No","No","No","No","Yes","No","No","No","No","No",""
"62-79-94-11","Meat, poultry, organ meat- goat, sheep, cow, chicken, liver, kidney, intestines",2,"No","No","No","No","Yes","No","No","No","No","No",""
"62-79-94-11","Pulses, legumes, nuts, seeds",2,"No","No","No","No","Yes","No","No","No","No","No",""
"62-79-94-11","Milk and milk products- fresh, powdered, yogurt, cheese, etc",1,"No","No","No","No","Yes","No","No","No","No","No",""
"62-79-94-11","Sugar and sweets- sugar, honey, sweets, desserts",1,"No","No","No","No","Yes","No","No","No","No","No",""
"74-11-35-62","Cereals- rice, maize, chapatti, wheat, sorghum, bread, etc",1,"No","No","No","No","Yes","No","No","No","No","No",""
"74-11-35-62","Fruits- orange, mango, guava, rice paw paw/papaya, pineapple, etc",1,"Yes","No","No","No","No","No","No","No","No","No",""
"74-11-35-62","Fish and seafood (dried or fresh)- sardines, dagaa/omena",2,"No","No","No","No","Yes","No","No","No","No","No",""
"74-11-35-62","Pulses, legumes, nuts, seeds",1,"No","No","No","No","Yes","No","No","No","No","No",""
"74-11-35-62","Oil/fats- oil, fat, butter, ghee, etc",7,"No","No","No","No","Yes","No","No","No","No","No",""
"07-05-49-00","Cereals- rice, maize, chapatti, wheat, sorghum, bread, etc",7,"No","No","No","No","Yes","No","No","No","No","No",""
"07-05-49-00","Vegetables- spinach, pumpkin, cabbage, tomato, onion",7,"No","No","No","No","Yes","No","No","No","No","No",""
"07-05-49-00","Meat, poultry, organ meat- goat, sheep, cow, chicken, liver, kidney, intestines",5,"No","No","No","No","Yes","No","No","No","No","No",""
"07-05-49-00","Eggs",2,"No","No","No","No","Yes","No","No","No","No","No",""
"07-05-49-00","Fish and seafood (dried or fresh)- sardines, dagaa/omena",3,"No","Yes","No","No","No","No","No","No","No","No",""
"07-05-49-00","Milk and milk products- fresh, powdered, yogurt, cheese, etc",4,"No","No","No","No","Yes","No","No","No","No","No",""
"07-05-49-00","Oil/fats- oil, fat, butter, ghee, etc",7,"No","No","No","No","Yes","No","No","No","No","No",""
"07-05-49-00","Sugar and sweets- sugar, honey, sweets, desserts",7,"No","No","No","No","Yes","No","No","No","No","No",""
"12-21-07-33","Cereals- rice, maize, chapatti, wheat, sorghum, bread, etc",7,"No","No","No","No","No","No","No","No","No","Yes","bought from the shop"
"12-21-07-33","Meat, poultry, organ meat- goat, sheep, cow, chicken, liver, kidney, intestines",3,"No","No","No","No","No","No","No","No","No","Yes","bought from the local village market"
"12-21-07-33","Milk and milk products- fresh, powdered, yogurt, cheese, etc",4,"Yes","No","No","No","No","No","No","No","No","No",""
"12-21-07-33","Oil/fats- oil, fat, butter, ghee, etc",7,"No","No","No","No","No","No","No","No","No","Yes","bought from the shop"
"12-21-07-33","Miscellaneous- tea, coffee, beverages, condiments, spices",2,"No","No","No","No","No","No","No","No","No","Yes","Bought tea bags from the shop"
"23-59-76-04","Cereals- rice, maize, chapatti, wheat, sorghum, bread, etc",7,"No","No","No","No","Yes","No","No","No","No","No",""
"23-59-76-04","Meat, poultry, organ meat- goat, sheep, cow, chicken, liver, kidney, intestines",2,"No","No","No","No","Yes","No","No","No","No","No",""
"23-59-76-04","Oil/fats- oil, fat, butter, ghee, etc",6,"No","No","No","No","Yes","No","No","No","No","No",""
"23-59-76-04","Sugar and sweets- sugar, honey, sweets, desserts",4,"No","No","No","No","Yes","No","No","No","No","No",""
"93-87-90-66","Cereals- rice, maize, chapatti, wheat, sorghum, bread, etc",1,"No","No","No","No","No","No","No","No","No","Yes","Bought from the shop"
"93-87-90-66","Vegetables- spinach, pumpkin, cabbage, tomato, onion",1,"No","No","No","No","No","No","No","Yes","No","No",""
"93-87-90-66","Fruits- orange, mango, guava, rice paw paw/papaya, pineapple, etc",1,"No","No","No","No","No","No","No","Yes","No","No",""
"93-87-90-66","Meat, poultry, organ meat- goat, sheep, cow, chicken, liver, kidney, intestines",2,"No","No","No","No","No","No","No","No","No","Yes","Bought from the market"
"93-87-90-66","Milk and milk products- fresh, powdered, yogurt, cheese, etc",1,"No","No","No","No","No","No","No","Yes","No","No",""
"93-87-90-66","Oil/fats- oil, fat, butter, ghee, etc",7,"No","No","No","No","No","No","No","No","No","Yes","bought from the shop"
"93-87-90-66","Sugar and sweets- sugar, honey, sweets, desserts",1,"No","No","No","No","No","No","No","No","No","Yes","Bought from the shop"
"93-87-90-66","Miscellaneous- tea, coffee, beverages, condiments, spices",1,"No","No","No","No","No","No","No","No","No","Yes","Bought some teabags from the shop"
"16-34-09-13","Cereals- rice, maize, chapatti, wheat, sorghum, bread, etc",7,"No","No","No","No","Yes","No","No","No","No","No",""
"16-34-09-13","Meat, poultry, organ meat- goat, sheep, cow, chicken, liver, kidney, intestines",4,"No","No","No","No","Yes","No","No","No","No","No",""
"16-34-09-13","Fish and seafood (dried or fresh)- sardines, dagaa/omena",2,"No","No","No","No","Yes","No","No","No","No","No",""
"16-34-09-13","Milk and milk products- fresh, powdered, yogurt, cheese, etc",3,"No","No","No","No","Yes","No","No","No","No","No",""
"16-34-09-13","Oil/fats- oil, fat, butter, ghee, etc",3,"No","No","No","No","Yes","No","No","No","No","No",""
"85-82-50-77","Cereals- rice, maize, chapatti, wheat, sorghum, bread, etc",7,"No","No","No","No","Yes","No","No","No","No","No",""
"85-82-50-77","Meat, poultry, organ meat- goat, sheep, cow, chicken, liver, kidney, intestines",2,"No","No","No","No","Yes","No","No","No","No","No",""
"85-82-50-77","Milk and milk products- fresh, powdered, yogurt, cheese, etc",1,"No","No","No","No","Yes","No","No","No","No","No",""
"85-82-50-77","Oil/fats- oil, fat, butter, ghee, etc",5,"No","No","No","No","Yes","No","No","No","No","No",""
"89-27-41-66","Cereals- rice, maize, chapatti, wheat, sorghum, bread, etc",2,"No","No","No","No","No","No","No","No","No","Yes","bought from the shop"
"89-27-41-66","Vegetables- spinach, pumpkin, cabbage, tomato, onion",3,"Yes","No","No","No","No","No","No","No","No","No",""
"89-27-41-66","Fruits- orange, mango, guava, rice paw paw/papaya, pineapple, etc",6,"Yes","No","No","No","No","No","No","No","No","No",""
"89-27-41-66","Meat, poultry, organ meat- goat, sheep, cow, chicken, liver, kidney, intestines",3,"No","No","No","No","No","No","No","No","No","Yes","bought from the market"
"89-27-41-66","Fish and seafood (dried or fresh)- sardines, dagaa/omena",2,"No","No","No","No","No","No","No","No","No","Yes","bought from the market"
"89-27-41-66","Milk and milk products- fresh, powdered, yogurt, cheese, etc",2,"Yes","No","No","No","No","No","No","No","No","No",""
"89-27-41-66","Oil/fats- oil, fat, butter, ghee, etc",7,"No","No","No","No","No","No","No","No","No","Yes","bought from the shop"
"22-81-16-32","Cereals- rice, maize, chapatti, wheat, sorghum, bread, etc",7,"No","No","No","No","Yes","No","No","No","No","No",""
"22-81-16-32","Meat, poultry, organ meat- goat, sheep, cow, chicken, liver, kidney, intestines",1,"No","No","No","No","Yes","No","No","No","No","No",""
"22-81-16-32","Fish and seafood (dried or fresh)- sardines, dagaa/omena",7,"No","Yes","No","No","No","No","No","No","No","No",""
"22-81-16-32","Miscellaneous- tea, coffee, beverages, condiments, spices",4,"No","No","No","No","Yes","No","No","No","No","No",""
"54-44-06-88","Cereals- rice, maize, chapatti, wheat, sorghum, bread, etc",7,"No","No","No","No","Yes","No","No","No","No","No",""
"54-44-06-88","Vegetables- spinach, pumpkin, cabbage, tomato, onion",3,"Yes","No","No","No","No","No","No","No","No","No",""
"54-44-06-88","Fish and seafood (dried or fresh)- sardines, dagaa/omena",2,"No","No","No","No","No","No","No","No","No","Yes","fishing"
"54-44-06-88","Milk and milk products- fresh, powdered, yogurt, cheese, etc",7,"No","No","No","No","No","No","No","Yes","No","No",""
"47-49-80-52","Cereals- rice, maize, chapatti, wheat, sorghum, bread, etc",7,"No","No","No","No","Yes","No","No","No","No","No",""
"47-49-80-52","Meat, poultry, organ meat- goat, sheep, cow, chicken, liver, kidney, intestines",7,"No","No","No","No","Yes","No","No","No","No","No",""
"47-49-80-52","Oil/fats- oil, fat, butter, ghee, etc",5,"No","No","No","No","Yes","No","No","No","No","No",""
"93-73-35-44","Cereals- rice, maize, chapatti, wheat, sorghum, bread, etc",7,"No","No","No","No","Yes","No","No","No","No","No",""
"93-73-35-44","Meat, poultry, organ meat- goat, sheep, cow, chicken, liver, kidney, intestines",3,"No","No","No","No","Yes","No","No","No","No","No",""
"93-73-35-44","Fish and seafood (dried or fresh)- sardines, dagaa/omena",2,"No","No","No","No","Yes","No","No","No","No","No",""
"93-73-35-44","Pulses, legumes, nuts, seeds",1,"No","No","No","No","Yes","No","No","No","No","No",""
"93-73-35-44","Milk and milk products- fresh, powdered, yogurt, cheese, etc",7,"No","No","No","No","No","No","No","No","No","Yes","From neighours"
"93-73-35-44","Oil/fats- oil, fat, butter, ghee, etc",3,"No","No","No","No","Yes","No","No","No","No","No",""
"08-77-46-38","Cereals- rice, maize, chapatti, wheat, sorghum, bread, etc",7,"No","No","No","No","Yes","No","No","No","No","No",""
"08-77-46-38","Fish and seafood (dried or fresh)- sardines, dagaa/omena",3,"No","No","No","No","Yes","No","No","No","No","No",""
"85-57-73-17","Cereals- rice, maize, chapatti, wheat, sorghum, bread, etc",5,"No","No","No","No","Yes","No","No","No","No","No",""
"85-57-73-17","Meat, poultry, organ meat- goat, sheep, cow, chicken, liver, kidney, intestines",3,"No","No","No","No","Yes","No","No","No","No","No",""
"85-57-73-17","Oil/fats- oil, fat, butter, ghee, etc",5,"No","No","No","No","Yes","No","No","No","No","No",""
"85-57-73-17","Sugar and sweets- sugar, honey, sweets, desserts",5,"No","No","No","No","Yes","No","No","No","No","No",""
"85-57-73-17","Miscellaneous- tea, coffee, beverages, condiments, spices",4,"No","No","No","No","Yes","No","No","No","No","No",""
"48-05-99-35","Cereals- rice, maize, chapatti, wheat, sorghum, bread, etc",7,"No","No","No","No","Yes","No","No","No","No","No",""
"48-05-99-35","Vegetables- spinach, pumpkin, cabbage, tomato, onion",7,"No","No","No","No","Yes","No","No","No","No","No",""
"48-05-99-35","Meat, poultry, organ meat- goat, sheep, cow, chicken, liver, kidney, intestines",2,"No","No","No","No","No","No","No","Yes","No","No",""
"48-05-99-35","Fish and seafood (dried or fresh)- sardines, dagaa/omena",7,"No","No","No","No","Yes","No","No","No","No","No",""
"48-05-99-35","Milk and milk products- fresh, powdered, yogurt, cheese, etc",4,"No","No","No","No","No","No","No","Yes","No","No",""
"48-05-99-35","Oil/fats- oil, fat, butter, ghee, etc",7,"No","No","No","No","Yes","No","No","No","No","No",""
"48-05-99-35","Sugar and sweets- sugar, honey, sweets, desserts",4,"No","No","No","No","Yes","No","No","No","No","No",""
"67-13-56-73","Cereals- rice, maize, chapatti, wheat, sorghum, bread, etc",7,"No","No","No","No","Yes","No","No","No","No","No",""
"67-13-56-73","Meat, poultry, organ meat- goat, sheep, cow, chicken, liver, kidney, intestines",3,"No","No","No","No","Yes","No","No","No","No","No",""
"67-13-56-73","Fish and seafood (dried or fresh)- sardines, dagaa/omena",4,"No","No","No","No","Yes","No","No","No","No","No",""
"97-33-85-90","Cereals- rice, maize, chapatti, wheat, sorghum, bread, etc",7,"No","No","No","No","Yes","No","No","No","No","Yes","pounding maize for consumption"
"97-33-85-90","Meat, poultry, organ meat- goat, sheep, cow, chicken, liver, kidney, intestines",2,"No","No","No","No","Yes","No","No","No","No","No",""
"97-33-85-90","Milk and milk products- fresh, powdered, yogurt, cheese, etc",1,"No","No","No","No","No","No","No","Yes","No","No",""
"97-33-85-90","Oil/fats- oil, fat, butter, ghee, etc",5,"No","No","No","No","Yes","No","No","No","No","No",""
"10-54-97-94","Cereals- rice, maize, chapatti, wheat, sorghum, bread, etc",7,"No","No","No","No","No","No","No","No","No","Yes","bought from the shop"
"10-54-97-94","Meat, poultry, organ meat- goat, sheep, cow, chicken, liver, kidney, intestines",7,"No","No","No","No","No","No","No","No","No","Yes","bought from the shop"
"10-54-97-94","Milk and milk products- fresh, powdered, yogurt, cheese, etc",2,"No","No","No","No","No","No","No","No","No","Yes","bought from the local village people"
"10-54-97-94","Oil/fats- oil, fat, butter, ghee, etc",7,"No","No","No","No","No","No","No","No","No","Yes","bought from the shop"
"10-54-97-94","Sugar and sweets- sugar, honey, sweets, desserts",1,"No","No","No","No","No","No","No","No","No","Yes","bought from the shop"
"50-35-50-04","Cereals- rice, maize, chapatti, wheat, sorghum, bread, etc",1,"No","No","No","No","No","No","No","Yes","No","No",""
"50-35-50-04","Roots and tubers- potato, sweet potato, cassava, arrow roots, cooking banana",1,"No","No","No","No","Yes","No","No","No","No","No",""
"50-35-50-04","Pulses, legumes, nuts, seeds",1,"No","No","No","No","Yes","No","No","No","No","No",""
"50-35-50-04","Oil/fats- oil, fat, butter, ghee, etc",7,"No","No","No","No","Yes","No","No","No","No","No",""
"50-35-50-04","Sugar and sweets- sugar, honey, sweets, desserts",1,"No","No","No","No","Yes","No","No","No","No","No",""
"62-96-39-45","Cereals- rice, maize, chapatti, wheat, sorghum, bread, etc",7,"Yes","No","No","No","No","No","No","Yes","No","No",""
"62-96-39-45","Vegetables- spinach, pumpkin, cabbage, tomato, onion",7,"Yes","No","No","No","No","No","No","No","No","No",""
"62-96-39-45","Meat, poultry, organ meat- goat, sheep, cow, chicken, liver, kidney, intestines",1,"No","No","No","No","Yes","No","No","No","No","No",""
"62-96-39-45","Fish and seafood (dried or fresh)- sardines, dagaa/omena",2,"No","No","No","No","Yes","No","No","No","No","No",""
"44-55-26-98","Cereals- rice, maize, chapatti, wheat, sorghum, bread, etc",4,"No","No","No","No","Yes","No","No","No","No","No",""
"44-55-26-98","Vegetables- spinach, pumpkin, cabbage, tomato, onion",1,"No","No","No","Yes","No","No","No","No","No","No",""
"44-55-26-98","Meat, poultry, organ meat- goat, sheep, cow, chicken, liver, kidney, intestines",1,"No","No","No","No","Yes","No","No","No","No","No",""
"44-55-26-98","Oil/fats- oil, fat, butter, ghee, etc",7,"No","No","No","No","Yes","No","No","No","No","No",""
"44-55-26-98","Sugar and sweets- sugar, honey, sweets, desserts",7,"No","No","No","No","Yes","No","No","No","No","No",""
"44-55-26-98","Miscellaneous- tea, coffee, beverages, condiments, spices",3,"No","No","No","No","Yes","No","No","No","No","No",""
"93-47-96-78","Cereals- rice, maize, chapatti, wheat, sorghum, bread, etc",4,"No","No","No","No","Yes","No","No","No","No","No",""
"93-47-96-78","Roots and tubers- potato, sweet potato, cassava, arrow roots, cooking banana",1,"No","No","No","No","Yes","No","No","No","No","No",""
"93-47-96-78","Vegetables- spinach, pumpkin, cabbage, tomato, onion",2,"No","No","No","No","Yes","No","No","No","No","No",""
"93-47-96-78","Meat, poultry, organ meat- goat, sheep, cow, chicken, liver, kidney, intestines",2,"No","No","No","No","Yes","No","No","No","No","No",""
"93-47-96-78","Fish and seafood (dried or fresh)- sardines, dagaa/omena",1,"No","No","No","No","Yes","No","No","No","No","No",""
"93-47-96-78","Oil/fats- oil, fat, butter, ghee, etc",7,"No","No","No","No","Yes","No","No","No","No","No",""
"18-43-28-32","Cereals- rice, maize, chapatti, wheat, sorghum, bread, etc",7,"No","No","No","No","Yes","No","No","No","No","No",""
"18-43-28-32","Roots and tubers- potato, sweet potato, cassava, arrow roots, cooking banana",1,"No","No","No","No","Yes","No","No","No","No","No",""
"18-43-28-32","Vegetables- spinach, pumpkin, cabbage, tomato, onion",1,"No","No","No","No","Yes","No","No","No","No","No",""
"18-43-28-32","Fruits- orange, mango, guava, rice paw paw/papaya, pineapple, etc",2,"No","No","No","No","Yes","No","No","No","No","No",""
"18-43-28-32","Meat, poultry, organ meat- goat, sheep, cow, chicken, liver, kidney, intestines",7,"No","No","No","No","Yes","No","No","No","No","No",""
"18-43-28-32","Eggs",3,"No","No","No","No","Yes","No","No","No","No","No",""
"18-43-28-32","Fish and seafood (dried or fresh)- sardines, dagaa/omena",1,"No","No","No","No","Yes","No","No","No","No","No",""
"18-43-28-32","Milk and milk products- fresh, powdered, yogurt, cheese, etc",7,"No","No","No","No","Yes","No","No","No","No","No",""
"18-43-28-32","Oil/fats- oil, fat, butter, ghee, etc",7,"No","No","No","No","Yes","No","No","No","No","No",""
"18-43-28-32","Sugar and sweets- sugar, honey, sweets, desserts",7,"No","No","No","No","Yes","No","No","No","No","No",""
"18-43-28-32","Miscellaneous- tea, coffee, beverages, condiments, spices",7,"No","No","No","No","Yes","No","No","No","No","No",""
"37-21-15-22","Cereals- rice, maize, chapatti, wheat, sorghum, bread, etc",5,"No","No","No","No","Yes","No","No","No","No","No",""
"37-21-15-22","Vegetables- spinach, pumpkin, cabbage, tomato, onion",2,"No","No","No","No","Yes","No","No","No","No","No",""
"37-21-15-22","Meat, poultry, organ meat- goat, sheep, cow, chicken, liver, kidney, intestines",7,"No","No","No","No","Yes","No","No","No","No","No",""
"37-21-15-22","Fish and seafood (dried or fresh)- sardines, dagaa/omena",2,"No","No","No","No","Yes","No","No","No","No","No",""
"37-21-15-22","Oil/fats- oil, fat, butter, ghee, etc",7,"No","No","No","No","Yes","No","No","No","No","No",""
"37-21-15-22","Sugar and sweets- sugar, honey, sweets, desserts",7,"No","No","No","No","Yes","No","No","No","No","No",""
"87-15-89-67","Cereals- rice, maize, chapatti, wheat, sorghum, bread, etc",1,"No","No","No","No","No","No","No","Yes","No","No",""
"87-15-89-67","Fish and seafood (dried or fresh)- sardines, dagaa/omena",1,"No","No","No","Yes","No","No","No","No","No","No",""
"87-15-89-67","Pulses, legumes, nuts, seeds",2,"No","No","No","No","No","No","No","Yes","No","No",""
"87-15-89-67","Oil/fats- oil, fat, butter, ghee, etc",1,"No","No","No","No","No","No","No","Yes","No","No",""
"87-15-89-67","Sugar and sweets- sugar, honey, sweets, desserts",3,"No","No","No","No","No","No","No","Yes","No","No",""
"79-26-09-22","Cereals- rice, maize, chapatti, wheat, sorghum, bread, etc",7,"No","No","No","No","No","Yes","No","Yes","No","No",""
"79-26-09-22","Vegetables- spinach, pumpkin, cabbage, tomato, onion",5,"No","No","No","No","No","No","No","No","No","Yes","Bought from the market in town"
"79-26-09-22","Fish and seafood (dried or fresh)- sardines, dagaa/omena",3,"No","No","No","No","No","No","No","No","No","Yes","Bought from the market"
"75-05-90-14","Cereals- rice, maize, chapatti, wheat, sorghum, bread, etc",1,"Yes","No","No","No","No","No","No","No","No","No",""
"75-05-90-14","Vegetables- spinach, pumpkin, cabbage, tomato, onion",7,"Yes","No","No","No","No","No","No","No","No","No",""
"75-05-90-14","Oil/fats- oil, fat, butter, ghee, etc",7,"No","No","No","No","Yes","No","No","No","No","No",""
"24-85-21-24","Cereals- rice, maize, chapatti, wheat, sorghum, bread, etc",7,"No","No","No","No","Yes","No","No","No","No","No",""
"24-85-21-24","Vegetables- spinach, pumpkin, cabbage, tomato, onion",2,"No","No","No","No","Yes","No","No","No","No","No",""
"24-85-21-24","Meat, poultry, organ meat- goat, sheep, cow, chicken, liver, kidney, intestines",2,"No","No","No","No","Yes","No","No","No","No","No",""
"24-85-21-24","Fish and seafood (dried or fresh)- sardines, dagaa/omena",1,"No","No","No","No","Yes","No","No","No","No","No",""
"24-85-21-24","Oil/fats- oil, fat, butter, ghee, etc",6,"No","No","No","No","Yes","No","No","No","No","No",""
"91-48-78-65","Cereals- rice, maize, chapatti, wheat, sorghum, bread, etc",7,"No","No","No","No","Yes","No","No","No","No","No",""
"91-48-78-65","Vegetables- spinach, pumpkin, cabbage, tomato, onion",1,"No","No","No","No","Yes","No","No","No","No","No",""
"91-48-78-65","Meat, poultry, organ meat- goat, sheep, cow, chicken, liver, kidney, intestines",6,"No","No","No","No","Yes","No","No","No","No","No",""
"91-48-78-65","Oil/fats- oil, fat, butter, ghee, etc",7,"No","No","No","No","Yes","No","No","No","No","No",""
"32-52-77-66","Vegetables- spinach, pumpkin, cabbage, tomato, onion",3,"Yes","No","No","No","No","No","No","No","No","No",""
"32-52-77-66","Meat, poultry, organ meat- goat, sheep, cow, chicken, liver, kidney, intestines",1,"No","No","No","No","Yes","No","No","No","No","No",""
"32-52-77-66","Fish and seafood (dried or fresh)- sardines, dagaa/omena",1,"No","No","No","No","Yes","No","No","No","No","No",""
"32-52-77-66","Oil/fats- oil, fat, butter, ghee, etc",7,"No","No","No","No","Yes","No","No","No","No","No",""
"26-89-84-58","Cereals- rice, maize, chapatti, wheat, sorghum, bread, etc",7,"No","No","No","No","Yes","No","No","No","No","No",""
"26-89-84-58","Vegetables- spinach, pumpkin, cabbage, tomato, onion",2,"No","No","No","No","Yes","No","No","No","No","No",""
"26-89-84-58","Meat, poultry, organ meat- goat, sheep, cow, chicken, liver, kidney, intestines",7,"No","No","No","No","Yes","No","No","No","No","No",""
"26-89-84-58","Eggs",2,"No","No","No","No","Yes","No","No","No","No","No",""
"26-89-84-58","Fish and seafood (dried or fresh)- sardines, dagaa/omena",3,"No","No","No","No","Yes","No","No","No","No","No",""
"26-89-84-58","Milk and milk products- fresh, powdered, yogurt, cheese, etc",7,"No","No","No","No","Yes","No","No","No","No","No",""
"26-89-84-58","Oil/fats- oil, fat, butter, ghee, etc",7,"No","No","No","No","Yes","No","No","No","No","No",""
"26-89-84-58","Sugar and sweets- sugar, honey, sweets, desserts",7,"No","No","No","No","Yes","No","No","No","No","No",""
"59-38-71-66","Cereals- rice, maize, chapatti, wheat, sorghum, bread, etc",1,"Yes","No","No","No","No","No","No","No","No","No",""
"59-38-71-66","Vegetables- spinach, pumpkin, cabbage, tomato, onion",2,"Yes","No","No","No","No","No","No","No","No","No",""
"59-38-71-66","Meat, poultry, organ meat- goat, sheep, cow, chicken, liver, kidney, intestines",1,"No","No","No","No","No","No","No","No","No","Yes","bought with own money of selling vegetables"
"59-38-71-66","Fish and seafood (dried or fresh)- sardines, dagaa/omena",1,"No","No","No","No","No","No","No","No","No","Yes","bought with social grand (government)"
"59-38-71-66","Oil/fats- oil, fat, butter, ghee, etc",7,"No","No","No","No","No","No","No","No","No","Yes","bought with money from selling chickens"
"59-38-71-66","Sugar and sweets- sugar, honey, sweets, desserts",3,"No","No","No","No","No","No","No","No","No","Yes","bought with money from selling chickens"
"59-38-71-66","Miscellaneous- tea, coffee, beverages, condiments, spices",1,"No","No","No","No","No","No","No","No","No","Yes","bought with money from selling chickens"
"02-07-52-84","Cereals- rice, maize, chapatti, wheat, sorghum, bread, etc",3,"No","No","No","No","No","No","No","No","No","Yes","bought from the shop"
"02-07-52-84","Roots and tubers- potato, sweet potato, cassava, arrow roots, cooking banana",1,"No","No","No","No","No","No","No","No","No","Yes","bought from the shop"
"02-07-52-84","Meat, poultry, organ meat- goat, sheep, cow, chicken, liver, kidney, intestines",7,"No","No","No","No","No","No","No","No","No","Yes","bought from the market"
"02-07-52-84","Fish and seafood (dried or fresh)- sardines, dagaa/omena",3,"No","No","No","No","No","No","No","No","No","Yes","bought from the market"
"02-07-52-84","Oil/fats- oil, fat, butter, ghee, etc",7,"No","No","No","No","No","No","No","No","No","Yes","bought from the shop"
"02-07-52-84","Sugar and sweets- sugar, honey, sweets, desserts",1,"No","No","No","No","No","No","No","No","No","Yes","bought from the shop"
"77-80-39-86","Cereals- rice, maize, chapatti, wheat, sorghum, bread, etc",5,"No","No","No","No","Yes","No","No","No","No","No",""
"77-80-39-86","Meat, poultry, organ meat- goat, sheep, cow, chicken, liver, kidney, intestines",5,"No","No","No","No","Yes","No","No","No","No","No",""
"77-80-39-86","Fish and seafood (dried or fresh)- sardines, dagaa/omena",1,"No","No","No","No","Yes","No","No","No","No","No",""
"77-80-39-86","Oil/fats- oil, fat, butter, ghee, etc",7,"No","No","No","No","Yes","No","No","No","No","No",""
"72-51-39-42","Cereals- rice, maize, chapatti, wheat, sorghum, bread, etc",2,"No","No","No","No","No","No","No","Yes","No","No",""
"72-51-39-42","Vegetables- spinach, pumpkin, cabbage, tomato, onion",2,"No","No","No","No","Yes","No","No","No","No","No",""
"72-51-39-42","Meat, poultry, organ meat- goat, sheep, cow, chicken, liver, kidney, intestines",3,"No","No","No","No","Yes","No","No","No","No","No",""
"72-51-39-42","Milk and milk products- fresh, powdered, yogurt, cheese, etc",7,"Yes","No","No","No","No","No","No","No","No","No",""
"72-51-39-42","Oil/fats- oil, fat, butter, ghee, etc",7,"No","No","No","No","Yes","No","No","No","No","No",""
"72-51-39-42","Sugar and sweets- sugar, honey, sweets, desserts",5,"No","No","No","No","Yes","No","No","No","No","No",""
"72-51-39-42","Miscellaneous- tea, coffee, beverages, condiments, spices",7,"No","No","No","No","Yes","No","No","No","No","No",""
"87-64-80-93","Cereals- rice, maize, chapatti, wheat, sorghum, bread, etc",7,"No","No","No","No","Yes","No","No","No","No","Yes","Pounding maize"
"87-64-80-93","Vegetables- spinach, pumpkin, cabbage, tomato, onion",3,"Yes","No","No","No","No","No","No","No","No","No",""
"87-64-80-93","Fish and seafood (dried or fresh)- sardines, dagaa/omena",2,"No","No","No","No","Yes","No","No","No","No","No",""
"87-64-80-93","Oil/fats- oil, fat, butter, ghee, etc",5,"No","No","No","No","Yes","No","No","No","No","No",""
"36-99-07-56","Cereals- rice, maize, chapatti, wheat, sorghum, bread, etc",3,"No","No","No","No","Yes","No","No","No","No","No",""
"36-99-07-56","Roots and tubers- potato, sweet potato, cassava, arrow roots, cooking banana",3,"Yes","No","No","No","No","No","No","No","No","No",""
"36-99-07-56","Oil/fats- oil, fat, butter, ghee, etc",3,"No","No","No","No","Yes","No","No","No","No","No",""
"75-89-92-79","Meat, poultry, organ meat- goat, sheep, cow, chicken, liver, kidney, intestines",6,"No","No","No","No","Yes","No","No","No","No","No",""
"75-89-92-79","Fish and seafood (dried or fresh)- sardines, dagaa/omena",2,"No","No","No","No","Yes","No","No","No","No","No",""
"75-89-92-79","Milk and milk products- fresh, powdered, yogurt, cheese, etc",3,"No","No","No","No","Yes","No","No","No","No","No",""
"75-89-92-79","Oil/fats- oil, fat, butter, ghee, etc",6,"No","No","No","Yes","No","No","No","No","No","No",""
"44-34-32-32","Cereals- rice, maize, chapatti, wheat, sorghum, bread, etc",7,"Yes","No","No","No","No","No","No","No","No","No",""
"53-52-93-15","Cereals- rice, maize, chapatti, wheat, sorghum, bread, etc",7,"No","No","No","No","No","No","No","Yes","No","No",""
"53-52-93-15","Meat, poultry, organ meat- goat, sheep, cow, chicken, liver, kidney, intestines",7,"No","No","No","No","No","No","No","Yes","No","No",""
"53-52-93-15","Oil/fats- oil, fat, butter, ghee, etc",6,"No","No","No","No","No","No","No","Yes","No","No",""
"58-35-74-86","Cereals- rice, maize, chapatti, wheat, sorghum, bread, etc",7,"No","No","No","No","Yes","No","No","No","No","No",""
"58-35-74-86","Vegetables- spinach, pumpkin, cabbage, tomato, onion",4,"No","No","No","No","Yes","No","No","No","No","No",""
"58-35-74-86","Meat, poultry, organ meat- goat, sheep, cow, chicken, liver, kidney, intestines",3,"No","No","No","No","Yes","No","No","No","No","No",""
"58-35-74-86","Fish and seafood (dried or fresh)- sardines, dagaa/omena",1,"No","No","No","No","Yes","No","No","No","No","No",""
"58-35-74-86","Milk and milk products- fresh, powdered, yogurt, cheese, etc",7,"Yes","No","No","No","No","No","No","No","No","No",""
"58-35-74-86","Oil/fats- oil, fat, butter, ghee, etc",7,"No","No","No","No","Yes","No","No","No","No","No",""
"58-35-74-86","Sugar and sweets- sugar, honey, sweets, desserts",5,"No","No","No","No","Yes","No","No","No","No","No",""
"23-82-30-50","Cereals- rice, maize, chapatti, wheat, sorghum, bread, etc",5,"Yes","No","No","No","No","No","No","No","No","No",""
"23-82-30-50","Meat, poultry, organ meat- goat, sheep, cow, chicken, liver, kidney, intestines",4,"No","No","No","No","Yes","No","No","No","No","No",""
"23-82-30-50","Oil/fats- oil, fat, butter, ghee, etc",4,"No","No","No","No","Yes","No","No","No","No","No",""
"23-82-30-50","Sugar and sweets- sugar, honey, sweets, desserts",6,"No","No","No","No","Yes","No","No","No","No","No",""
"76-76-95-07","Cereals- rice, maize, chapatti, wheat, sorghum, bread, etc",7,"No","No","No","No","Yes","No","No","No","No","No",""
"76-76-95-07","Vegetables- spinach, pumpkin, cabbage, tomato, onion",1,"No","No","No","No","Yes","No","No","No","No","No",""
"76-76-95-07","Meat, poultry, organ meat- goat, sheep, cow, chicken, liver, kidney, intestines",7,"No","No","No","No","Yes","No","No","No","No","No",""
"76-76-95-07","Fish and seafood (dried or fresh)- sardines, dagaa/omena",2,"No","No","No","No","Yes","No","No","No","No","No",""
"76-76-95-07","Milk and milk products- fresh, powdered, yogurt, cheese, etc",2,"No","No","No","No","Yes","No","No","No","No","No",""
"76-76-95-07","Oil/fats- oil, fat, butter, ghee, etc",7,"No","No","No","No","Yes","No","No","No","No","No",""
"76-76-95-07","Sugar and sweets- sugar, honey, sweets, desserts",7,"No","No","No","No","Yes","No","No","No","No","No",""
"76-76-95-07","Miscellaneous- tea, coffee, beverages, condiments, spices",7,"No","No","No","No","Yes","No","No","No","No","No",""
"69-18-54-45","Cereals- rice, maize, chapatti, wheat, sorghum, bread, etc",1,"No","No","No","No","Yes","No","No","No","No","No",""
"69-18-54-45","Roots and tubers- potato, sweet potato, cassava, arrow roots, cooking banana",3,"No","No","No","No","Yes","No","No","No","No","No",""
"69-18-54-45","Vegetables- spinach, pumpkin, cabbage, tomato, onion",2,"No","No","No","No","Yes","No","No","No","No","No",""
"69-18-54-45","Meat, poultry, organ meat- goat, sheep, cow, chicken, liver, kidney, intestines",4,"No","No","No","No","Yes","No","No","No","No","No",""
"69-18-54-45","Oil/fats- oil, fat, butter, ghee, etc",7,"No","No","No","No","Yes","No","No","No","No","No",""
"69-18-54-45","Sugar and sweets- sugar, honey, sweets, desserts",7,"No","No","No","No","Yes","No","No","No","No","No",""
"69-18-54-45","Miscellaneous- tea, coffee, beverages, condiments, spices",7,"No","No","No","No","Yes","No","No","No","No","No",""
"99-14-10-16","Cereals- rice, maize, chapatti, wheat, sorghum, bread, etc",7,"No","No","No","No","Yes","No","No","No","No","No",""
"99-14-10-16","Vegetables- spinach, pumpkin, cabbage, tomato, onion",7,"No","No","No","No","Yes","No","No","No","No","No",""
"55-02-31-58","Cereals- rice, maize, chapatti, wheat, sorghum, bread, etc",2,"Yes","No","No","No","No","No","No","No","No","No",""
"55-02-31-58","Vegetables- spinach, pumpkin, cabbage, tomato, onion",1,"No","No","No","No","No","No","No","Yes","No","No",""
"55-02-31-58","Meat, poultry, organ meat- goat, sheep, cow, chicken, liver, kidney, intestines",1,"No","No","No","No","No","No","No","Yes","No","No",""
"55-02-31-58","Milk and milk products- fresh, powdered, yogurt, cheese, etc",1,"No","No","No","No","No","No","No","Yes","No","No",""
"55-65-32-92","Cereals- rice, maize, chapatti, wheat, sorghum, bread, etc",7,"Yes","No","No","No","Yes","No","No","No","No","No",""
"55-65-32-92","Fruits- orange, mango, guava, rice paw paw/papaya, pineapple, etc",7,"Yes","No","No","No","No","No","No","No","No","No",""
"55-65-32-92","Oil/fats- oil, fat, butter, ghee, etc",3,"No","No","No","No","Yes","No","No","Yes","No","No",""
"66-00-67-40","Cereals- rice, maize, chapatti, wheat, sorghum, bread, etc",7,"No","No","No","No","Yes","No","No","No","No","No",""
"66-00-67-40","Meat, poultry, organ meat- goat, sheep, cow, chicken, liver, kidney, intestines",6,"No","No","No","No","No","No","No","Yes","No","No",""
"66-00-67-40","Milk and milk products- fresh, powdered, yogurt, cheese, etc",7,"Yes","No","No","No","No","No","No","No","No","No",""
"41-51-06-54","Cereals- rice, maize, chapatti, wheat, sorghum, bread, etc",5,"No","No","No","No","Yes","No","No","No","No","No",""
"41-51-06-54","Fruits- orange, mango, guava, rice paw paw/papaya, pineapple, etc",3,"No","No","No","No","Yes","No","No","No","No","No",""
"41-51-06-54","Meat, poultry, organ meat- goat, sheep, cow, chicken, liver, kidney, intestines",5,"No","No","No","No","Yes","No","No","No","No","No",""
"41-51-06-54","Eggs",7,"Yes","No","No","No","No","No","No","No","No","No",""
"41-51-06-54","Fish and seafood (dried or fresh)- sardines, dagaa/omena",5,"No","No","No","No","Yes","No","No","No","No","No",""
"41-51-06-54","Milk and milk products- fresh, powdered, yogurt, cheese, etc",7,"Yes","No","No","No","No","No","No","No","No","No",""
"41-51-06-54","Oil/fats- oil, fat, butter, ghee, etc",7,"No","No","No","No","Yes","No","No","No","No","No",""
"41-51-06-54","Sugar and sweets- sugar, honey, sweets, desserts",7,"No","No","No","No","Yes","No","No","No","No","No",""
"41-51-06-54","Miscellaneous- tea, coffee, beverages, condiments, spices",6,"No","No","No","No","Yes","No","No","No","No","No",""
"07-18-54-62","Vegetables- spinach, pumpkin, cabbage, tomato, onion",2,"No","No","No","No","No","No","No","No","No","Yes","bought with money from peace work"
"07-18-54-62","Meat, poultry, organ meat- goat, sheep, cow, chicken, liver, kidney, intestines",7,"No","No","No","No","No","No","No","No","No","Yes","money from peace work"
"07-18-54-62","Oil/fats- oil, fat, butter, ghee, etc",7,"No","No","No","No","No","No","No","No","No","Yes","money from peace work"
"07-18-54-62","Sugar and sweets- sugar, honey, sweets, desserts",7,"No","No","No","No","Yes","No","No","No","No","No",""
"07-18-54-62","Miscellaneous- tea, coffee, beverages, condiments, spices",3,"No","No","No","No","Yes","No","No","No","No","No",""
"73-70-79-76","Cereals- rice, maize, chapatti, wheat, sorghum, bread, etc",6,"No","No","No","No","Yes","No","No","No","No","No",""
"73-70-79-76","Vegetables- spinach, pumpkin, cabbage, tomato, onion",2,"No","No","No","No","Yes","No","No","No","No","No",""
"73-70-79-76","Meat, poultry, organ meat- goat, sheep, cow, chicken, liver, kidney, intestines",4,"No","No","No","No","Yes","No","No","No","No","No",""
"73-70-79-76","Fish and seafood (dried or fresh)- sardines, dagaa/omena",2,"No","No","No","No","Yes","No","No","No","No","No",""
"73-70-79-76","Oil/fats- oil, fat, butter, ghee, etc",7,"No","No","No","No","Yes","No","No","No","No","No",""
"40-83-72-17","Cereals- rice, maize, chapatti, wheat, sorghum, bread, etc",7,"No","No","No","No","Yes","No","No","No","No","No",""
"40-83-72-17","Fish and seafood (dried or fresh)- sardines, dagaa/omena",2,"No","No","No","No","Yes","No","No","No","No","No",""
"40-83-72-17","Oil/fats- oil, fat, butter, ghee, etc",7,"No","No","No","No","Yes","No","No","No","No","No",""
"23-74-18-51","Cereals- rice, maize, chapatti, wheat, sorghum, bread, etc",7,"Yes","No","No","No","No","No","No","No","No","No",""
"23-74-18-51","Meat, poultry, organ meat- goat, sheep, cow, chicken, liver, kidney, intestines",1,"No","No","No","No","Yes","No","No","No","No","No",""
"23-74-18-51","Milk and milk products- fresh, powdered, yogurt, cheese, etc",2,"No","No","No","No","No","No","No","Yes","No","No",""
"23-74-18-51","Oil/fats- oil, fat, butter, ghee, etc",7,"No","No","No","No","Yes","No","No","No","No","No",""
"23-74-18-51","Sugar and sweets- sugar, honey, sweets, desserts",1,"No","No","No","No","Yes","No","No","No","No","No",""
"18-88-43-52","Cereals- rice, maize, chapatti, wheat, sorghum, bread, etc",7,"No","No","No","No","No","No","No","Yes","No","No",""
"18-88-43-52","Vegetables- spinach, pumpkin, cabbage, tomato, onion",2,"No","No","No","No","No","No","No","No","No","Yes","bought from the local village people"
"18-88-43-52","Meat, poultry, organ meat- goat, sheep, cow, chicken, liver, kidney, intestines",2,"No","No","No","No","No","No","No","Yes","No","No",""
"18-88-43-52","Eggs",2,"No","No","No","No","No","No","No","Yes","No","No",""
"18-88-43-52","Fish and seafood (dried or fresh)- sardines, dagaa/omena",3,"No","No","No","No","No","No","No","No","No","Yes","bought from the local fishman"
"18-88-43-52","Oil/fats- oil, fat, butter, ghee, etc",0,"No","No","No","No","No","No","No","No","No","Yes","bought from the shop"
"18-88-43-52","Sugar and sweets- sugar, honey, sweets, desserts",7,"No","No","No","No","No","No","No","No","No","Yes","bought from the shop"
"18-88-43-52","Miscellaneous- tea, coffee, beverages, condiments, spices",2,"No","No","No","No","No","No","No","No","No","Yes","bought from the shop"
"72-37-85-07","Cereals- rice, maize, chapatti, wheat, sorghum, bread, etc",7,"No","No","No","No","Yes","No","No","No","No","No",""
"72-37-85-07","Roots and tubers- potato, sweet potato, cassava, arrow roots, cooking banana",1,"No","No","No","No","No","No","No","Yes","No","No",""
"72-37-85-07","Vegetables- spinach, pumpkin, cabbage, tomato, onion",1,"Yes","No","No","No","No","No","No","No","No","No",""
"72-37-85-07","Meat, poultry, organ meat- goat, sheep, cow, chicken, liver, kidney, intestines",1,"No","No","No","No","Yes","No","No","No","No","No",""
"72-37-85-07","Oil/fats- oil, fat, butter, ghee, etc",5,"No","No","No","No","Yes","No","No","No","No","No",""
"84-90-52-18","Cereals- rice, maize, chapatti, wheat, sorghum, bread, etc",7,"No","No","No","No","No","No","No","No","No","Yes","bought from the shop"
"84-90-52-18","Vegetables- spinach, pumpkin, cabbage, tomato, onion",3,"No","No","No","No","No","No","No","No","No","Yes","bought from the shop"
"84-90-52-18","Fruits- orange, mango, guava, rice paw paw/papaya, pineapple, etc",4,"No","No","No","No","No","No","No","No","No","Yes","bought from the shop"
"84-90-52-18","Meat, poultry, organ meat- goat, sheep, cow, chicken, liver, kidney, intestines",6,"No","No","No","No","No","No","No","No","No","Yes","bought from the market"
"84-90-52-18","Fish and seafood (dried or fresh)- sardines, dagaa/omena",1,"No","No","No","No","No","No","No","No","No","Yes","bought from the market"
"84-90-52-18","Milk and milk products- fresh, powdered, yogurt, cheese, etc",2,"No","No","No","No","No","No","No","No","No","Yes","bought from the shop"
"84-90-52-18","Oil/fats- oil, fat, butter, ghee, etc",7,"No","No","No","No","No","No","No","No","No","Yes","bought from the shop"
"84-90-52-18","Miscellaneous- tea, coffee, beverages, condiments, spices",7,"No","No","No","No","No","No","No","No","No","Yes","bought from the shop"
"94-23-16-05","Cereals- rice, maize, chapatti, wheat, sorghum, bread, etc",2,"No","No","No","No","No","No","No","No","No","Yes","money from own fish business"
"94-23-16-05","Vegetables- spinach, pumpkin, cabbage, tomato, onion",2,"No","No","No","No","No","No","No","No","No","Yes","money from business"
"94-23-16-05","Fruits- orange, mango, guava, rice paw paw/papaya, pineapple, etc",1,"Yes","No","No","No","No","No","No","No","No","No",""
"94-23-16-05","Fish and seafood (dried or fresh)- sardines, dagaa/omena",2,"No","No","No","No","No","No","No","No","No","Yes","from own business"
"94-23-16-05","Pulses, legumes, nuts, seeds",3,"No","No","No","No","No","No","No","Yes","No","No",""
"94-23-16-05","Milk and milk products- fresh, powdered, yogurt, cheese, etc",2,"No","No","No","No","Yes","No","No","No","No","No",""
"94-23-16-05","Oil/fats- oil, fat, butter, ghee, etc",7,"No","No","No","No","Yes","No","No","No","No","No",""
"94-23-16-05","Sugar and sweets- sugar, honey, sweets, desserts",2,"No","No","No","No","Yes","No","No","No","No","No",""
"94-23-16-05","Miscellaneous- tea, coffee, beverages, condiments, spices",2,"No","No","No","No","Yes","No","No","No","No","No",""
"52-32-19-59","Cereals- rice, maize, chapatti, wheat, sorghum, bread, etc",7,"Yes","No","No","No","No","No","No","No","No","No",""
"52-32-19-59","Vegetables- spinach, pumpkin, cabbage, tomato, onion",2,"No","No","No","No","Yes","No","No","No","No","No",""
"52-32-19-59","Fruits- orange, mango, guava, rice paw paw/papaya, pineapple, etc",2,"Yes","No","No","No","Yes","No","No","No","No","No",""
"52-32-19-59","Meat, poultry, organ meat- goat, sheep, cow, chicken, liver, kidney, intestines",7,"No","No","No","No","Yes","No","No","No","No","No",""
"52-32-19-59","Pulses, legumes, nuts, seeds",3,"No","No","No","No","No","No","No","Yes","No","No",""
"52-32-19-59","Milk and milk products- fresh, powdered, yogurt, cheese, etc",4,"Yes","No","No","No","No","No","No","Yes","No","No",""
"52-32-19-59","Oil/fats- oil, fat, butter, ghee, etc",7,"No","No","No","No","Yes","No","No","No","No","No",""
"99-83-95-63","Cereals- rice, maize, chapatti, wheat, sorghum, bread, etc",7,"Yes","No","No","No","Yes","No","No","No","No","No",""
"99-83-95-63","Meat, poultry, organ meat- goat, sheep, cow, chicken, liver, kidney, intestines",1,"No","No","No","No","Yes","No","No","No","No","No",""
"99-83-95-63","Fish and seafood (dried or fresh)- sardines, dagaa/omena",2,"No","Yes","No","No","No","No","No","No","No","No",""
"99-83-95-63","Milk and milk products- fresh, powdered, yogurt, cheese, etc",5,"No","No","No","No","Yes","No","No","No","No","No",""
"99-83-95-63","Oil/fats- oil, fat, butter, ghee, etc",7,"No","No","No","No","Yes","No","No","No","No","No",""
"99-83-95-63","Sugar and sweets- sugar, honey, sweets, desserts",7,"No","No","No","No","Yes","No","No","No","No","No",""
"46-29-66-50","Cereals- rice, maize, chapatti, wheat, sorghum, bread, etc",7,"No","No","No","No","No","No","No","No","No","Yes","bought from the shop"
"46-29-66-50","Vegetables- spinach, pumpkin, cabbage, tomato, onion",1,"No","No","No","No","No","No","No","No","No","Yes","bought from the market"
"46-29-66-50","Meat, poultry, organ meat- goat, sheep, cow, chicken, liver, kidney, intestines",1,"No","No","No","No","No","No","No","No","No","Yes","bought from the market in the village"
"46-29-66-50","Oil/fats- oil, fat, butter, ghee, etc",7,"No","No","No","No","No","No","No","No","No","Yes","bought from the shop"
"46-29-66-50","Sugar and sweets- sugar, honey, sweets, desserts",7,"No","No","No","No","No","No","No","No","No","Yes","bought from the shop"
"46-29-66-50","Miscellaneous- tea, coffee, beverages, condiments, spices",3,"No","No","No","No","No","No","No","No","No","Yes","bought teabags from the shop"
"82-09-67-93","Cereals- rice, maize, chapatti, wheat, sorghum, bread, etc",7,"No","No","No","No","Yes","No","No","No","No","No",""
"82-09-67-93","Vegetables- spinach, pumpkin, cabbage, tomato, onion",4,"No","No","No","No","Yes","No","No","No","No","No",""
"82-09-67-93","Meat, poultry, organ meat- goat, sheep, cow, chicken, liver, kidney, intestines",3,"No","No","No","No","Yes","No","No","No","No","No",""
"82-09-67-93","Fish and seafood (dried or fresh)- sardines, dagaa/omena",1,"No","No","No","No","Yes","No","No","No","No","No",""
"82-09-67-93","Milk and milk products- fresh, powdered, yogurt, cheese, etc",4,"No","No","No","No","Yes","No","No","No","No","No",""
"82-09-67-93","Oil/fats- oil, fat, butter, ghee, etc",7,"No","No","No","No","Yes","No","No","No","No","No",""
"82-09-67-93","Sugar and sweets- sugar, honey, sweets, desserts",2,"No","No","No","No","Yes","No","No","No","No","No",""
"53-00-44-01","Cereals- rice, maize, chapatti, wheat, sorghum, bread, etc",7,"No","No","No","No","Yes","No","No","No","No","No",""
"53-00-44-01","Meat, poultry, organ meat- goat, sheep, cow, chicken, liver, kidney, intestines",3,"No","No","No","No","Yes","No","No","No","No","No",""
"53-00-44-01","Fish and seafood (dried or fresh)- sardines, dagaa/omena",1,"No","No","No","No","Yes","No","No","No","No","No",""
"53-00-44-01","Milk and milk products- fresh, powdered, yogurt, cheese, etc",7,"Yes","No","No","No","No","No","No","No","No","No",""
"53-00-44-01","Oil/fats- oil, fat, butter, ghee, etc",7,"No","No","No","No","Yes","No","No","No","No","No",""
"53-00-44-01","Sugar and sweets- sugar, honey, sweets, desserts",7,"No","No","No","No","Yes","No","No","No","No","No",""
"34-98-47-22","Roots and tubers- potato, sweet potato, cassava, arrow roots, cooking banana",1,"No","No","No","Yes","No","No","No","No","No","No",""
"34-98-47-22","Vegetables- spinach, pumpkin, cabbage, tomato, onion",1,"No","No","No","No","Yes","No","No","No","No","No",""
"34-98-47-22","Meat, poultry, organ meat- goat, sheep, cow, chicken, liver, kidney, intestines",1,"No","No","No","No","Yes","No","No","No","No","No",""
"34-98-47-22","Fish and seafood (dried or fresh)- sardines, dagaa/omena",1,"No","No","No","No","Yes","No","No","No","No","No",""
"34-98-47-22","Oil/fats- oil, fat, butter, ghee, etc",1,"No","No","No","No","Yes","No","No","No","No","No",""
"34-98-47-22","Sugar and sweets- sugar, honey, sweets, desserts",7,"No","No","No","No","Yes","No","No","No","No","No",""
"78-72-01-35","Cereals- rice, maize, chapatti, wheat, sorghum, bread, etc",4,"No","No","No","No","Yes","No","No","No","No","No",""
"78-72-01-35","Fish and seafood (dried or fresh)- sardines, dagaa/omena",1,"No","No","No","No","Yes","No","No","No","No","No",""
"78-72-01-35","Oil/fats- oil, fat, butter, ghee, etc",5,"No","No","No","No","Yes","No","No","No","No","No",""
"78-72-01-35","Sugar and sweets- sugar, honey, sweets, desserts",3,"No","No","No","No","Yes","No","No","No","No","No",""
"78-72-01-35","Miscellaneous- tea, coffee, beverages, condiments, spices",1,"No","No","No","No","Yes","No","No","No","No","No",""
"04-97-48-20","Cereals- rice, maize, chapatti, wheat, sorghum, bread, etc",4,"No","No","No","No","Yes","No","No","No","No","No",""
"99-10-52-87","Cereals- rice, maize, chapatti, wheat, sorghum, bread, etc",7,"No","No","No","No","Yes","No","No","No","No","No",""
"99-10-52-87","Meat, poultry, organ meat- goat, sheep, cow, chicken, liver, kidney, intestines",7,"No","No","No","No","Yes","No","No","No","No","No",""
"99-10-52-87","Oil/fats- oil, fat, butter, ghee, etc",7,"No","No","No","No","Yes","No","No","No","No","No",""
"92-62-56-72","Cereals- rice, maize, chapatti, wheat, sorghum, bread, etc",7,"No","No","No","No","Yes","No","No","No","No","No",""
"92-62-56-72","Vegetables- spinach, pumpkin, cabbage, tomato, onion",3,"No","No","No","No","Yes","No","No","No","No","No",""
"92-62-56-72","Meat, poultry, organ meat- goat, sheep, cow, chicken, liver, kidney, intestines",3,"No","No","No","No","Yes","No","No","No","No","No",""
"92-62-56-72","Fish and seafood (dried or fresh)- sardines, dagaa/omena",7,"No","No","No","No","Yes","No","No","No","No","No",""
"92-62-56-72","Milk and milk products- fresh, powdered, yogurt, cheese, etc",4,"No","No","No","No","Yes","No","No","No","No","No",""
"92-62-56-72","Oil/fats- oil, fat, butter, ghee, etc",7,"No","No","No","No","Yes","No","No","No","No","No",""
"92-62-56-72","Sugar and sweets- sugar, honey, sweets, desserts",7,"No","No","No","No","Yes","No","No","No","No","No",""
"39-32-10-47","Cereals- rice, maize, chapatti, wheat, sorghum, bread, etc",7,"No","No","No","No","Yes","No","No","No","No","Yes","pounding maize"
"39-32-10-47","Vegetables- spinach, pumpkin, cabbage, tomato, onion",3,"Yes","No","No","No","No","No","No","No","No","No",""
"39-32-10-47","Meat, poultry, organ meat- goat, sheep, cow, chicken, liver, kidney, intestines",1,"No","No","No","No","Yes","No","No","No","No","No",""
"39-32-10-47","Fish and seafood (dried or fresh)- sardines, dagaa/omena",2,"No","No","No","No","Yes","No","No","No","No","No",""
"39-32-10-47","Milk and milk products- fresh, powdered, yogurt, cheese, etc",7,"Yes","No","No","No","No","No","No","No","No","No",""
"25-20-66-75","Cereals- rice, maize, chapatti, wheat, sorghum, bread, etc",3,"Yes","No","No","No","No","No","No","No","No","No",""
"25-20-66-75","Roots and tubers- potato, sweet potato, cassava, arrow roots, cooking banana",3,"No","No","No","No","Yes","No","No","No","No","No",""
"25-20-66-75","Vegetables- spinach, pumpkin, cabbage, tomato, onion",7,"No","No","No","No","Yes","No","No","No","No","No",""
"25-20-66-75","Fruits- orange, mango, guava, rice paw paw/papaya, pineapple, etc",7,"No","No","No","No","No","No","No","Yes","No","No",""
"25-20-66-75","Meat, poultry, organ meat- goat, sheep, cow, chicken, liver, kidney, intestines",5,"No","No","No","No","No","No","No","Yes","No","No",""
"25-20-66-75","Fish and seafood (dried or fresh)- sardines, dagaa/omena",4,"No","No","No","No","Yes","No","No","No","No","No",""
"25-20-66-75","Pulses, legumes, nuts, seeds",7,"Yes","No","No","No","No","No","No","No","No","No",""
"25-20-66-75","Oil/fats- oil, fat, butter, ghee, etc",7,"No","No","No","No","Yes","No","No","No","No","No",""
"25-20-66-75","Miscellaneous- tea, coffee, beverages, condiments, spices",7,"No","No","No","No","Yes","No","No","No","No","No",""
"98-95-69-84","Cereals- rice, maize, chapatti, wheat, sorghum, bread, etc",7,"No","No","No","No","Yes","No","No","No","No","No",""
"98-95-69-84","Vegetables- spinach, pumpkin, cabbage, tomato, onion",7,"No","No","No","No","Yes","No","No","No","No","No",""
"98-95-69-84","Oil/fats- oil, fat, butter, ghee, etc",7,"No","No","No","No","Yes","No","No","No","No","No",""
"18-35-44-26","Cereals- rice, maize, chapatti, wheat, sorghum, bread, etc",7,"No","No","No","No","Yes","No","No","No","No","No",""
"18-35-44-26","Vegetables- spinach, pumpkin, cabbage, tomato, onion",1,"Yes","No","No","No","No","No","No","No","No","No",""
"18-35-44-26","Meat, poultry, organ meat- goat, sheep, cow, chicken, liver, kidney, intestines",2,"No","No","No","No","Yes","No","No","No","No","No",""
"18-35-44-26","Pulses, legumes, nuts, seeds",1,"No","No","No","No","Yes","No","No","No","No","No",""
"59-94-58-22","Cereals- rice, maize, chapatti, wheat, sorghum, bread, etc",7,"No","No","No","No","Yes","No","No","No","No","No",""
"59-94-58-22","Meat, poultry, organ meat- goat, sheep, cow, chicken, liver, kidney, intestines",1,"No","No","No","No","Yes","No","No","No","No","No",""
"59-94-58-22","Oil/fats- oil, fat, butter, ghee, etc",1,"No","No","No","No","Yes","No","No","No","No","No",""
"40-32-33-96","Cereals- rice, maize, chapatti, wheat, sorghum, bread, etc",1,"No","No","No","Yes","No","No","No","No","No","No",""
"40-32-33-96","Meat, poultry, organ meat- goat, sheep, cow, chicken, liver, kidney, intestines",2,"No","No","No","No","Yes","No","No","No","No","No",""
"40-32-33-96","Oil/fats- oil, fat, butter, ghee, etc",2,"No","No","No","No","Yes","No","No","No","No","No",""
"40-32-33-96","Sugar and sweets- sugar, honey, sweets, desserts",3,"No","No","No","No","Yes","No","No","No","No","No",""
"42-15-88-64","Cereals- rice, maize, chapatti, wheat, sorghum, bread, etc",5,"No","No","No","No","Yes","No","No","No","No","No",""
"42-15-88-64","Meat, poultry, organ meat- goat, sheep, cow, chicken, liver, kidney, intestines",5,"No","No","No","No","Yes","No","No","No","No","No",""
"42-15-88-64","Oil/fats- oil, fat, butter, ghee, etc",7,"No","No","No","No","Yes","No","No","No","No","No",""
"42-15-88-64","Sugar and sweets- sugar, honey, sweets, desserts",7,"No","No","No","No","Yes","No","No","No","No","No",""
"42-15-88-64","Miscellaneous- tea, coffee, beverages, condiments, spices",7,"No","No","No","No","Yes","No","No","No","No","No",""
"19-83-07-46","Cereals- rice, maize, chapatti, wheat, sorghum, bread, etc",7,"No","No","No","No","No","No","No","Yes","No","No",""
"19-83-07-46","Fish and seafood (dried or fresh)- sardines, dagaa/omena",5,"No","No","No","No","No","No","No","Yes","No","No",""
"19-83-07-46","Oil/fats- oil, fat, butter, ghee, etc",7,"No","No","No","No","No","No","No","Yes","No","No",""
"16-76-24-92","Cereals- rice, maize, chapatti, wheat, sorghum, bread, etc",7,"No","No","No","No","No","No","No","No","No","Yes","bought from the shop"
"16-76-24-92","Meat, poultry, organ meat- goat, sheep, cow, chicken, liver, kidney, intestines",1,"No","No","No","No","No","No","No","No","No","Yes","Bought from the market"
"16-76-24-92","Fish and seafood (dried or fresh)- sardines, dagaa/omena",1,"No","No","No","No","No","No","No","No","No","Yes","bought from the local fishman"
"16-76-24-92","Milk and milk products- fresh, powdered, yogurt, cheese, etc",2,"No","No","No","No","No","No","No","Yes","No","No",""
"16-76-24-92","Oil/fats- oil, fat, butter, ghee, etc",6,"No","No","No","No","No","No","No","No","No","Yes","bought from the shop"
"16-76-24-92","Miscellaneous- tea, coffee, beverages, condiments, spices",7,"No","No","No","No","No","No","No","No","No","Yes","Bought teabags from the shop"
"16-98-25-56","Cereals- rice, maize, chapatti, wheat, sorghum, bread, etc",7,"No","No","No","No","Yes","No","No","Yes","No","No",""
"16-98-25-56","Milk and milk products- fresh, powdered, yogurt, cheese, etc",1,"No","No","No","No","Yes","No","No","Yes","No","No",""
"16-98-25-56","Oil/fats- oil, fat, butter, ghee, etc",7,"No","No","No","No","Yes","No","No","Yes","No","No",""
"08-81-97-68","Cereals- rice, maize, chapatti, wheat, sorghum, bread, etc",7,"Yes","No","No","No","No","No","No","No","No","No",""
"08-81-97-68","Meat, poultry, organ meat- goat, sheep, cow, chicken, liver, kidney, intestines",7,"No","No","No","No","Yes","No","No","No","No","No",""
"08-81-97-68","Fish and seafood (dried or fresh)- sardines, dagaa/omena",3,"No","No","No","No","Yes","No","No","No","No","No",""
"08-81-97-68","Oil/fats- oil, fat, butter, ghee, etc",7,"No","No","No","No","Yes","No","No","No","No","No",""
"08-81-97-68","Sugar and sweets- sugar, honey, sweets, desserts",3,"No","No","No","No","Yes","No","No","No","No","No",""
"90-75-59-18","Cereals- rice, maize, chapatti, wheat, sorghum, bread, etc",7,"No","No","No","No","Yes","No","No","No","No","No",""
"90-75-59-18","Vegetables- spinach, pumpkin, cabbage, tomato, onion",3,"No","No","No","No","Yes","No","No","No","No","No",""
"90-75-59-18","Meat, poultry, organ meat- goat, sheep, cow, chicken, liver, kidney, intestines",2,"No","No","No","No","Yes","No","No","No","No","No",""
"90-75-59-18","Fish and seafood (dried or fresh)- sardines, dagaa/omena",2,"No","No","No","No","Yes","No","No","No","No","No",""
"90-75-59-18","Oil/fats- oil, fat, butter, ghee, etc",4,"No","No","No","No","Yes","No","No","No","No","No",""
"01-70-02-35","Cereals- rice, maize, chapatti, wheat, sorghum, bread, etc",7,"No","No","No","No","No","No","No","No","No","Yes","bought from the shop"
"01-70-02-35","Meat, poultry, organ meat- goat, sheep, cow, chicken, liver, kidney, intestines",7,"No","No","No","No","No","No","No","No","No","Yes","bought from the shop"
"01-70-02-35","Oil/fats- oil, fat, butter, ghee, etc",7,"No","No","No","No","No","No","No","No","No","Yes","bought from the shop"
"23-94-09-23","Cereals- rice, maize, chapatti, wheat, sorghum, bread, etc",7,"No","No","No","No","No","No","No","No","No","Yes","bought from the shop"
"23-94-09-23","Roots and tubers- potato, sweet potato, cassava, arrow roots, cooking banana",7,"No","No","No","No","No","No","No","No","No","Yes","bought from the shop"
"23-94-09-23","Vegetables- spinach, pumpkin, cabbage, tomato, onion",7,"No","No","No","No","No","No","No","No","No","Yes","Bought from the shop"
"23-94-09-23","Fruits- orange, mango, guava, rice paw paw/papaya, pineapple, etc",1,"No","No","No","No","No","No","No","Yes","No","No",""
"23-94-09-23","Meat, poultry, organ meat- goat, sheep, cow, chicken, liver, kidney, intestines",7,"No","No","No","No","No","No","No","No","No","Yes","bought from the shop"
"23-94-09-23","Fish and seafood (dried or fresh)- sardines, dagaa/omena",1,"No","No","No","No","No","No","No","No","No","Yes","bought from the local fishermen in the village"
"23-94-09-23","Oil/fats- oil, fat, butter, ghee, etc",7,"No","No","No","No","No","No","No","No","No","Yes","bought from the shop"
"23-94-09-23","Sugar and sweets- sugar, honey, sweets, desserts",7,"No","No","No","No","No","No","No","No","No","Yes","bought from the shop"
"23-94-09-23","Miscellaneous- tea, coffee, beverages, condiments, spices",7,"No","No","No","No","No","No","No","No","No","Yes","bought teabags from the shop"
"08-72-61-50","Fruits- orange, mango, guava, rice paw paw/papaya, pineapple, etc",3,"Yes","No","No","No","No","No","No","Yes","No","No",""
"83-59-21-47","Oil/fats- oil, fat, butter, ghee, etc",1,"No","No","No","No","Yes","No","No","No","No","No",""
"78-07-95-11","Cereals- rice, maize, chapatti, wheat, sorghum, bread, etc",7,"No","No","No","No","No","No","No","No","No","Yes","pounding maize"
"78-07-95-11","Vegetables- spinach, pumpkin, cabbage, tomato, onion",1,"Yes","No","No","No","No","No","No","No","No","No",""
"78-07-95-11","Oil/fats- oil, fat, butter, ghee, etc",2,"No","No","No","No","Yes","No","No","No","No","No",""
"70-58-67-82","Cereals- rice, maize, chapatti, wheat, sorghum, bread, etc",7,"No","No","No","No","Yes","No","No","No","No","No",""
"70-58-67-82","Roots and tubers- potato, sweet potato, cassava, arrow roots, cooking banana",3,"Yes","No","No","No","No","No","No","No","No","No",""
"70-58-67-82","Meat, poultry, organ meat- goat, sheep, cow, chicken, liver, kidney, intestines",1,"No","No","No","No","Yes","No","No","No","No","No",""
"70-58-67-82","Fish and seafood (dried or fresh)- sardines, dagaa/omena",7,"No","No","No","No","Yes","No","No","No","No","No",""
"70-58-67-82","Oil/fats- oil, fat, butter, ghee, etc",7,"No","No","No","No","Yes","No","No","No","No","No",""
"70-58-67-82","Sugar and sweets- sugar, honey, sweets, desserts",5,"No","No","No","No","Yes","No","No","No","No","No",""
"47-04-86-67","Cereals- rice, maize, chapatti, wheat, sorghum, bread, etc",1,"No","No","No","Yes","No","No","No","No","No","No",""
"47-04-86-67","Milk and milk products- fresh, powdered, yogurt, cheese, etc",7,"Yes","No","No","No","No","No","No","No","No","No",""
"47-04-86-67","Oil/fats- oil, fat, butter, ghee, etc",7,"No","No","No","No","Yes","No","No","No","No","No",""
"47-04-86-67","Sugar and sweets- sugar, honey, sweets, desserts",2,"No","No","No","No","Yes","No","No","No","No","No",""
"92-02-45-21","Cereals- rice, maize, chapatti, wheat, sorghum, bread, etc",7,"No","No","No","No","No","No","No","No","No","Yes","bought from the shop"
"92-02-45-21","Fish and seafood (dried or fresh)- sardines, dagaa/omena",1,"No","No","No","No","No","No","No","No","No","Yes","Bought from the local village fisherman"
"92-02-45-21","Milk and milk products- fresh, powdered, yogurt, cheese, etc",2,"No","No","No","No","No","No","No","No","No","Yes","bought from the local village people"
"92-02-45-21","Oil/fats- oil, fat, butter, ghee, etc",7,"No","No","No","No","No","No","No","No","No","Yes","Bought from the shop"
"92-02-45-21","Sugar and sweets- sugar, honey, sweets, desserts",2,"No","No","No","No","No","No","No","No","No","Yes","Bought from the shop"
"88-75-68-17","Cereals- rice, maize, chapatti, wheat, sorghum, bread, etc",7,"No","No","No","No","Yes","No","No","No","No","No",""
"88-75-68-17","Oil/fats- oil, fat, butter, ghee, etc",7,"No","No","No","No","Yes","No","No","No","No","No",""
"88-75-68-17","Sugar and sweets- sugar, honey, sweets, desserts",7,"No","No","No","No","Yes","No","No","No","No","No",""
"24-82-46-82","Cereals- rice, maize, chapatti, wheat, sorghum, bread, etc",7,"No","No","No","No","Yes","No","No","No","No","No",""
"24-82-46-82","Meat, poultry, organ meat- goat, sheep, cow, chicken, liver, kidney, intestines",7,"No","No","No","No","Yes","No","No","No","No","No",""
"24-82-46-82","Oil/fats- oil, fat, butter, ghee, etc",7,"No","No","No","No","Yes","No","No","No","No","No",""
"24-82-46-82","Sugar and sweets- sugar, honey, sweets, desserts",2,"No","No","No","No","Yes","No","No","No","No","No",""
"21-42-97-88","Cereals- rice, maize, chapatti, wheat, sorghum, bread, etc",7,"Yes","No","No","No","No","No","No","No","No","No",""
"21-42-97-88","Meat, poultry, organ meat- goat, sheep, cow, chicken, liver, kidney, intestines",3,"No","No","No","No","Yes","No","No","No","No","No",""
"21-42-97-88","Fish and seafood (dried or fresh)- sardines, dagaa/omena",5,"No","No","No","No","No","No","No","Yes","No","No",""
"21-42-97-88","Milk and milk products- fresh, powdered, yogurt, cheese, etc",2,"No","No","No","No","Yes","No","No","No","No","No",""
"21-42-97-88","Oil/fats- oil, fat, butter, ghee, etc",5,"No","No","No","No","Yes","No","No","No","No","No",""
"87-09-20-52","Cereals- rice, maize, chapatti, wheat, sorghum, bread, etc",7,"No","No","No","No","Yes","No","No","No","No","No",""
"87-09-20-52","Meat, poultry, organ meat- goat, sheep, cow, chicken, liver, kidney, intestines",1,"No","No","No","No","Yes","No","No","No","No","No",""
"87-09-20-52","Fish and seafood (dried or fresh)- sardines, dagaa/omena",1,"No","No","No","No","Yes","No","No","No","No","No",""
"87-09-20-52","Oil/fats- oil, fat, butter, ghee, etc",7,"No","No","No","No","Yes","No","No","No","No","No",""
"68-10-75-89","Cereals- rice, maize, chapatti, wheat, sorghum, bread, etc",1,"No","No","No","No","Yes","No","No","No","No","No",""
"68-10-75-89","Vegetables- spinach, pumpkin, cabbage, tomato, onion",1,"No","No","No","No","Yes","No","No","No","No","No",""
"68-10-75-89","Meat, poultry, organ meat- goat, sheep, cow, chicken, liver, kidney, intestines",2,"No","No","No","No","Yes","No","No","No","No","No",""
"68-10-75-89","Fish and seafood (dried or fresh)- sardines, dagaa/omena",7,"No","Yes","No","No","No","No","No","No","No","No",""
"68-10-75-89","Milk and milk products- fresh, powdered, yogurt, cheese, etc",2,"No","No","No","No","Yes","No","No","No","No","No",""
"68-10-75-89","Oil/fats- oil, fat, butter, ghee, etc",7,"No","No","No","No","Yes","No","No","No","No","No",""
"68-10-75-89","Sugar and sweets- sugar, honey, sweets, desserts",2,"No","No","No","No","Yes","No","No","No","No","No",""
"43-52-85-97","Cereals- rice, maize, chapatti, wheat, sorghum, bread, etc",7,"Yes","No","No","No","Yes","No","No","No","No","No",""
"43-52-85-97","Vegetables- spinach, pumpkin, cabbage, tomato, onion",3,"Yes","No","No","No","No","No","No","No","No","No",""
"43-52-85-97","Fish and seafood (dried or fresh)- sardines, dagaa/omena",4,"No","No","No","No","Yes","No","No","No","No","No",""
"43-52-85-97","Milk and milk products- fresh, powdered, yogurt, cheese, etc",7,"Yes","No","No","No","No","No","No","No","No","No",""
"43-52-85-97","Oil/fats- oil, fat, butter, ghee, etc",7,"No","No","No","No","Yes","No","No","No","No","No",""
"43-52-85-97","Sugar and sweets- sugar, honey, sweets, desserts",7,"No","No","No","No","Yes","No","No","No","No","No",""
"00-31-45-58","Cereals- rice, maize, chapatti, wheat, sorghum, bread, etc",7,"No","No","No","No","No","No","No","No","No","Yes","bought from the shop"
"00-31-45-58","Meat, poultry, organ meat- goat, sheep, cow, chicken, liver, kidney, intestines",1,"No","No","No","No","No","No","No","No","No","Yes","Bought from the market"
"00-31-45-58","Fish and seafood (dried or fresh)- sardines, dagaa/omena",3,"No","No","No","No","No","No","No","No","No","Yes","bought from the local fishman"
"00-31-45-58","Oil/fats- oil, fat, butter, ghee, etc",7,"No","No","No","No","No","No","No","No","No","Yes","bought from the shop"
"89-47-55-13","Cereals- rice, maize, chapatti, wheat, sorghum, bread, etc",7,"Yes","No","No","No","Yes","No","No","No","No","No",""
"89-47-55-13","Meat, poultry, organ meat- goat, sheep, cow, chicken, liver, kidney, intestines",2,"No","No","No","No","Yes","No","No","No","No","No",""
"89-47-55-13","Fish and seafood (dried or fresh)- sardines, dagaa/omena",2,"No","Yes","No","No","No","No","No","No","No","No",""
"89-47-55-13","Milk and milk products- fresh, powdered, yogurt, cheese, etc",7,"Yes","No","No","No","No","No","No","No","No","No",""
"89-47-55-13","Oil/fats- oil, fat, butter, ghee, etc",7,"No","No","No","No","Yes","No","No","No","No","No",""
"89-47-55-13","Sugar and sweets- sugar, honey, sweets, desserts",7,"No","No","No","No","Yes","No","No","No","No","No",""
"86-75-09-05","Cereals- rice, maize, chapatti, wheat, sorghum, bread, etc",7,"No","No","No","No","Yes","No","No","Yes","No","No",""
"86-75-09-05","Fish and seafood (dried or fresh)- sardines, dagaa/omena",7,"No","Yes","No","No","No","No","No","No","No","No",""
"86-75-09-05","Oil/fats- oil, fat, butter, ghee, etc",7,"No","No","No","No","Yes","No","No","No","No","No",""
"70-15-38-18","Cereals- rice, maize, chapatti, wheat, sorghum, bread, etc",7,"Yes","No","No","No","Yes","No","No","No","No","No",""
"70-15-38-18","Vegetables- spinach, pumpkin, cabbage, tomato, onion",7,"Yes","No","No","No","No","No","No","No","No","No",""
"70-15-38-18","Oil/fats- oil, fat, butter, ghee, etc",7,"No","No","No","No","Yes","No","No","No","No","No",""
"13-43-56-11","Cereals- rice, maize, chapatti, wheat, sorghum, bread, etc",7,"No","No","No","No","No","No","No","No","No","Yes","bought from the shop"
"13-43-56-11","Vegetables- spinach, pumpkin, cabbage, tomato, onion",3,"Yes","No","No","No","No","No","No","No","No","No",""
"13-43-56-11","Meat, poultry, organ meat- goat, sheep, cow, chicken, liver, kidney, intestines",3,"No","No","No","No","No","No","No","No","No","Yes","bought from the market"
"13-43-56-11","Milk and milk products- fresh, powdered, yogurt, cheese, etc",1,"No","No","No","No","No","No","No","Yes","No","No",""
"13-43-56-11","Oil/fats- oil, fat, butter, ghee, etc",7,"No","No","No","No","No","No","No","No","No","Yes","bought from the shop"
"13-43-56-11","Sugar and sweets- sugar, honey, sweets, desserts",3,"No","No","No","No","No","No","No","No","No","Yes","bought from the shop"
"13-43-56-11","Miscellaneous- tea, coffee, beverages, condiments, spices",2,"No","No","No","No","No","No","No","No","No","Yes","bought from the shop"
"41-78-59-34","Cereals- rice, maize, chapatti, wheat, sorghum, bread, etc",7,"Yes","No","No","No","No","No","No","No","No","No",""
"41-78-59-34","Meat, poultry, organ meat- goat, sheep, cow, chicken, liver, kidney, intestines",2,"No","No","No","No","Yes","No","No","No","No","No",""
"41-78-59-34","Milk and milk products- fresh, powdered, yogurt, cheese, etc",7,"Yes","No","No","No","No","No","No","No","No","No",""
"41-78-59-34","Oil/fats- oil, fat, butter, ghee, etc",7,"Yes","No","No","No","No","No","No","No","No","No",""
"76-42-64-83","Cereals- rice, maize, chapatti, wheat, sorghum, bread, etc",2,"Yes","No","No","No","No","No","No","No","No","No",""
"76-42-64-83","Meat, poultry, organ meat- goat, sheep, cow, chicken, liver, kidney, intestines",2,"No","No","No","No","Yes","No","No","No","No","No",""
"76-42-64-83","Fish and seafood (dried or fresh)- sardines, dagaa/omena",1,"No","No","No","No","Yes","No","No","No","No","No",""
"76-42-64-83","Milk and milk products- fresh, powdered, yogurt, cheese, etc",3,"No","No","No","Yes","Yes","No","No","No","No","No",""
"76-42-64-83","Oil/fats- oil, fat, butter, ghee, etc",2,"No","No","No","No","Yes","No","No","No","No","No",""
"76-42-64-83","Sugar and sweets- sugar, honey, sweets, desserts",7,"No","No","No","No","Yes","No","No","No","No","No",""
"76-42-64-83","Miscellaneous- tea, coffee, beverages, condiments, spices",7,"No","No","No","No","Yes","No","No","No","No","No",""
"60-08-55-10","Cereals- rice, maize, chapatti, wheat, sorghum, bread, etc",6,"No","No","No","No","Yes","No","No","No","No","No",""
"60-08-55-10","Vegetables- spinach, pumpkin, cabbage, tomato, onion",3,"Yes","No","No","No","No","No","No","No","No","No",""
"60-08-55-10","Meat, poultry, organ meat- goat, sheep, cow, chicken, liver, kidney, intestines",6,"No","No","No","No","Yes","No","No","No","No","No",""
"60-08-55-10","Pulses, legumes, nuts, seeds",3,"No","No","No","No","Yes","No","No","No","No","No",""
"60-08-55-10","Oil/fats- oil, fat, butter, ghee, etc",6,"No","No","No","No","Yes","No","No","No","No","No",""
"09-76-96-87","Cereals- rice, maize, chapatti, wheat, sorghum, bread, etc",1,"No","No","No","No","Yes","No","No","No","No","No",""
"09-76-96-87","Meat, poultry, organ meat- goat, sheep, cow, chicken, liver, kidney, intestines",1,"No","No","No","No","Yes","No","No","No","No","No",""
"09-76-96-87","Fish and seafood (dried or fresh)- sardines, dagaa/omena",2,"No","No","No","No","Yes","No","No","No","No","No",""
"24-13-90-91","Cereals- rice, maize, chapatti, wheat, sorghum, bread, etc",7,"No","No","No","No","Yes","No","No","No","No","No",""
"24-13-90-91","Fish and seafood (dried or fresh)- sardines, dagaa/omena",2,"No","Yes","No","No","No","No","No","No","No","No",""
"24-13-90-91","Milk and milk products- fresh, powdered, yogurt, cheese, etc",7,"Yes","No","No","No","No","No","No","No","No","No",""
"24-13-90-91","Miscellaneous- tea, coffee, beverages, condiments, spices",1,"Yes","No","No","No","No","No","No","No","No","No",""
"79-64-90-22","Cereals- rice, maize, chapatti, wheat, sorghum, bread, etc",7,"No","No","No","No","No","No","No","No","No","Yes","bought from the shop"
"79-64-90-22","Vegetables- spinach, pumpkin, cabbage, tomato, onion",1,"No","No","No","No","No","No","No","Yes","No","No",""
"79-64-90-22","Fish and seafood (dried or fresh)- sardines, dagaa/omena",1,"No","No","No","No","No","No","No","No","No","Yes","bought from the shop"
"79-64-90-22","Oil/fats- oil, fat, butter, ghee, etc",6,"No","No","No","No","No","No","No","No","No","Yes","bought from the shop"
"88-15-47-53","Cereals- rice, maize, chapatti, wheat, sorghum, bread, etc",7,"No","No","No","No","Yes","No","No","No","No","No",""
"88-15-47-53","Meat, poultry, organ meat- goat, sheep, cow, chicken, liver, kidney, intestines",1,"No","No","No","No","Yes","No","No","No","No","No",""
"88-15-47-53","Fish and seafood (dried or fresh)- sardines, dagaa/omena",3,"No","Yes","No","No","No","No","No","No","No","No",""
"74-17-56-50","Cereals- rice, maize, chapatti, wheat, sorghum, bread, etc",7,"No","No","No","No","Yes","No","No","No","No","No",""
"74-17-56-50","Fish and seafood (dried or fresh)- sardines, dagaa/omena",2,"No","No","No","No","Yes","No","No","No","No","No",""
"74-17-56-50","Oil/fats- oil, fat, butter, ghee, etc",2,"No","No","No","No","Yes","No","No","No","No","No",""
"74-17-56-50","Sugar and sweets- sugar, honey, sweets, desserts",7,"No","No","No","No","Yes","No","No","No","No","No",""
"74-17-56-50","Miscellaneous- tea, coffee, beverages, condiments, spices",3,"No","No","No","No","Yes","No","No","No","No","No",""
"65-73-74-13","Cereals- rice, maize, chapatti, wheat, sorghum, bread, etc",7,"Yes","No","No","No","Yes","No","No","No","No","No",""
"65-73-74-13","Vegetables- spinach, pumpkin, cabbage, tomato, onion",3,"Yes","No","No","No","No","No","No","No","No","No",""
"65-73-74-13","Meat, poultry, organ meat- goat, sheep, cow, chicken, liver, kidney, intestines",4,"No","No","No","No","Yes","No","No","No","No","No",""
"65-73-74-13","Fish and seafood (dried or fresh)- sardines, dagaa/omena",7,"No","No","No","No","Yes","No","No","No","No","No",""
"65-73-74-13","Milk and milk products- fresh, powdered, yogurt, cheese, etc",3,"Yes","No","No","No","No","No","No","No","No","No",""
"65-73-74-13","Oil/fats- oil, fat, butter, ghee, etc",7,"No","No","No","No","Yes","No","No","No","No","No",""
"65-73-74-13","Sugar and sweets- sugar, honey, sweets, desserts",7,"No","No","No","No","Yes","No","No","No","No","No",""
"78-26-64-75","Cereals- rice, maize, chapatti, wheat, sorghum, bread, etc",7,"No","No","No","Yes","No","No","No","No","No","No",""
"78-26-64-75","Vegetables- spinach, pumpkin, cabbage, tomato, onion",7,"No","No","No","Yes","No","No","No","No","No","No",""
"78-26-64-75","Meat, poultry, organ meat- goat, sheep, cow, chicken, liver, kidney, intestines",5,"No","No","No","No","Yes","No","No","No","No","No",""
"78-26-64-75","Fish and seafood (dried or fresh)- sardines, dagaa/omena",6,"No","No","No","No","Yes","No","No","No","No","No",""
"78-26-64-75","Oil/fats- oil, fat, butter, ghee, etc",7,"No","No","No","No","Yes","No","No","No","No","No",""
"57-56-64-78","Cereals- rice, maize, chapatti, wheat, sorghum, bread, etc",7,"No","No","No","No","Yes","No","No","No","No","No",""
"57-56-64-78","Vegetables- spinach, pumpkin, cabbage, tomato, onion",5,"No","No","No","No","Yes","No","No","No","No","No",""
"57-56-64-78","Meat, poultry, organ meat- goat, sheep, cow, chicken, liver, kidney, intestines",2,"No","No","No","No","Yes","No","No","No","No","No",""
"57-56-64-78","Fish and seafood (dried or fresh)- sardines, dagaa/omena",3,"No","No","No","No","Yes","No","No","No","No","No",""
"57-56-64-78","Oil/fats- oil, fat, butter, ghee, etc",7,"No","No","No","No","Yes","No","No","No","No","No",""
"79-27-11-92","Cereals- rice, maize, chapatti, wheat, sorghum, bread, etc",7,"No","No","No","No","Yes","No","No","No","No","No",""
"79-27-11-92","Vegetables- spinach, pumpkin, cabbage, tomato, onion",3,"No","No","No","No","Yes","No","No","No","No","No",""
"79-27-11-92","Meat, poultry, organ meat- goat, sheep, cow, chicken, liver, kidney, intestines",4,"No","No","No","No","Yes","No","No","No","No","No",""
"79-27-11-92","Fish and seafood (dried or fresh)- sardines, dagaa/omena",3,"No","Yes","No","No","No","No","No","No","No","No",""
"79-27-11-92","Milk and milk products- fresh, powdered, yogurt, cheese, etc",2,"No","No","No","No","Yes","No","No","No","No","No",""
"79-27-11-92","Oil/fats- oil, fat, butter, ghee, etc",7,"No","No","No","No","Yes","No","No","No","No","No",""
"79-27-11-92","Sugar and sweets- sugar, honey, sweets, desserts",7,"No","No","No","No","Yes","No","No","No","No","No",""
"01-06-16-47","Cereals- rice, maize, chapatti, wheat, sorghum, bread, etc",6,"Yes","No","No","No","No","No","No","No","No","No",""
"01-06-16-47","Meat, poultry, organ meat- goat, sheep, cow, chicken, liver, kidney, intestines",2,"No","No","No","No","Yes","No","No","No","No","No",""
"01-06-16-47","Milk and milk products- fresh, powdered, yogurt, cheese, etc",1,"Yes","No","No","No","No","No","No","No","No","No",""
"01-06-16-47","Oil/fats- oil, fat, butter, ghee, etc",7,"No","No","No","No","Yes","No","No","No","No","No",""
"80-39-36-38","Cereals- rice, maize, chapatti, wheat, sorghum, bread, etc",7,"Yes","No","No","No","No","No","No","No","No","No",""
"80-39-36-38","Meat, poultry, organ meat- goat, sheep, cow, chicken, liver, kidney, intestines",2,"No","No","No","No","No","No","No","No","No","Yes","bought from the market"
"80-39-36-38","Fish and seafood (dried or fresh)- sardines, dagaa/omena",4,"No","No","No","No","No","No","No","No","No","Yes","Bought from the local fishman"
"80-39-36-38","Oil/fats- oil, fat, butter, ghee, etc",7,"No","No","No","No","No","No","No","No","No","Yes","Bought from the shop"
"80-39-36-38","Sugar and sweets- sugar, honey, sweets, desserts",2,"No","No","No","No","No","No","No","No","No","Yes","Bought from the shop"
"80-39-36-38","Miscellaneous- tea, coffee, beverages, condiments, spices",7,"No","No","No","No","No","No","No","No","No","Yes","Bought teabags from the shop"
"96-17-52-94","Cereals- rice, maize, chapatti, wheat, sorghum, bread, etc",7,"No","No","No","No","Yes","No","No","No","No","No",""
"96-17-52-94","Vegetables- spinach, pumpkin, cabbage, tomato, onion",2,"Yes","No","No","No","No","No","No","No","No","No",""
"96-17-52-94","Meat, poultry, organ meat- goat, sheep, cow, chicken, liver, kidney, intestines",1,"No","No","No","No","Yes","No","No","No","No","No",""
"96-17-52-94","Fish and seafood (dried or fresh)- sardines, dagaa/omena",4,"No","No","No","No","Yes","No","No","No","No","No",""
"96-17-52-94","Oil/fats- oil, fat, butter, ghee, etc",4,"No","No","No","No","Yes","No","No","No","No","No",""
"67-51-54-29","Cereals- rice, maize, chapatti, wheat, sorghum, bread, etc",2,"Yes","No","No","No","No","No","No","No","No","No",""
"67-51-54-29","Sugar and sweets- sugar, honey, sweets, desserts",3,"No","No","No","No","Yes","No","No","No","No","No",""
"94-25-30-28","Cereals- rice, maize, chapatti, wheat, sorghum, bread, etc",7,"No","No","No","No","Yes","No","No","No","No","Yes","pounding maize"
"99-05-99-45","Cereals- rice, maize, chapatti, wheat, sorghum, bread, etc",1,"No","No","No","No","Yes","No","No","No","No","No",""
"99-05-99-45","Vegetables- spinach, pumpkin, cabbage, tomato, onion",2,"No","No","No","No","Yes","No","No","No","No","No",""
"99-05-99-45","Meat, poultry, organ meat- goat, sheep, cow, chicken, liver, kidney, intestines",2,"No","No","No","No","No","No","No","Yes","No","No",""
"99-05-99-45","Pulses, legumes, nuts, seeds",3,"Yes","No","No","No","No","No","No","No","No","No",""
"55-49-77-29","Cereals- rice, maize, chapatti, wheat, sorghum, bread, etc",3,"No","No","No","No","Yes","No","No","No","No","No",""
"55-49-77-29","Vegetables- spinach, pumpkin, cabbage, tomato, onion",1,"No","No","No","No","Yes","No","No","No","No","No",""
"55-49-77-29","Fruits- orange, mango, guava, rice paw paw/papaya, pineapple, etc",2,"No","No","No","No","Yes","No","No","No","No","No",""
"55-49-77-29","Meat, poultry, organ meat- goat, sheep, cow, chicken, liver, kidney, intestines",1,"No","No","No","No","Yes","No","No","No","No","No",""
"55-49-77-29","Pulses, legumes, nuts, seeds",1,"Yes","No","No","No","No","No","No","No","No","No",""
"55-49-77-29","Milk and milk products- fresh, powdered, yogurt, cheese, etc",2,"No","No","No","No","Yes","No","No","No","No","No",""
"55-49-77-29","Oil/fats- oil, fat, butter, ghee, etc",7,"No","No","No","No","Yes","No","No","No","No","No",""
"55-49-77-29","Sugar and sweets- sugar, honey, sweets, desserts",7,"No","No","No","No","Yes","No","No","No","No","No",""
"55-49-77-29","Miscellaneous- tea, coffee, beverages, condiments, spices",2,"No","No","No","No","Yes","No","No","No","No","No",""
"59-94-70-54","Cereals- rice, maize, chapatti, wheat, sorghum, bread, etc",7,"No","No","No","No","Yes","No","No","No","No","No",""
"59-94-70-54","Vegetables- spinach, pumpkin, cabbage, tomato, onion",2,"No","No","No","No","Yes","No","No","No","No","No",""
"59-94-70-54","Meat, poultry, organ meat- goat, sheep, cow, chicken, liver, kidney, intestines",3,"No","No","No","No","Yes","No","No","No","No","No",""
"59-94-70-54","Fish and seafood (dried or fresh)- sardines, dagaa/omena",7,"No","Yes","No","No","No","No","No","No","No","No",""
"59-94-70-54","Milk and milk products- fresh, powdered, yogurt, cheese, etc",7,"Yes","No","No","No","No","No","No","No","No","No",""
"59-94-70-54","Sugar and sweets- sugar, honey, sweets, desserts",5,"No","No","No","No","Yes","No","No","No","No","No",""
"18-48-78-90","Cereals- rice, maize, chapatti, wheat, sorghum, bread, etc",5,"No","No","No","No","Yes","No","No","No","No","No",""
"18-48-78-90","Vegetables- spinach, pumpkin, cabbage, tomato, onion",4,"No","No","No","No","Yes","No","No","No","No","No",""
"18-48-78-90","Meat, poultry, organ meat- goat, sheep, cow, chicken, liver, kidney, intestines",4,"No","No","No","No","Yes","No","No","No","No","No",""
"18-48-78-90","Fish and seafood (dried or fresh)- sardines, dagaa/omena",7,"No","No","No","No","Yes","No","No","No","No","No",""
"18-48-78-90","Oil/fats- oil, fat, butter, ghee, etc",7,"No","No","No","No","Yes","No","No","No","No","No",""
"18-48-78-90","Sugar and sweets- sugar, honey, sweets, desserts",7,"No","No","No","No","Yes","No","No","No","No","No",""
"91-78-23-71","Cereals- rice, maize, chapatti, wheat, sorghum, bread, etc",7,"No","No","No","No","Yes","No","No","No","No","No",""
"91-78-23-71","Vegetables- spinach, pumpkin, cabbage, tomato, onion",2,"Yes","No","No","No","No","No","No","No","No","No",""
"91-78-23-71","Meat, poultry, organ meat- goat, sheep, cow, chicken, liver, kidney, intestines",1,"No","No","No","No","No","No","No","Yes","No","No",""
"91-78-23-71","Oil/fats- oil, fat, butter, ghee, etc",7,"Yes","No","No","No","No","No","No","No","No","No",""
"91-78-23-71","Sugar and sweets- sugar, honey, sweets, desserts",7,"No","No","No","No","Yes","No","No","No","No","No",""
"79-02-43-99","Cereals- rice, maize, chapatti, wheat, sorghum, bread, etc",7,"No","No","No","No","Yes","No","No","No","No","No",""
"79-02-43-99","Fish and seafood (dried or fresh)- sardines, dagaa/omena",5,"No","No","No","No","Yes","No","No","No","No","No",""
"79-02-43-99","Oil/fats- oil, fat, butter, ghee, etc",4,"No","No","No","No","Yes","No","No","No","No","No",""
"05-99-22-70","Pulses, legumes, nuts, seeds",7,"Yes","No","No","No","No","No","No","No","No","No",""
"19-70-78-40","Cereals- rice, maize, chapatti, wheat, sorghum, bread, etc",3,"No","No","No","No","Yes","No","No","No","No","No",""
"19-70-78-40","Meat, poultry, organ meat- goat, sheep, cow, chicken, liver, kidney, intestines",1,"No","No","No","No","Yes","No","No","No","No","No",""
"19-70-78-40","Milk and milk products- fresh, powdered, yogurt, cheese, etc",2,"No","No","No","No","Yes","No","No","No","No","No",""
"19-70-78-40","Oil/fats- oil, fat, butter, ghee, etc",2,"No","No","No","No","Yes","No","No","No","No","No",""
"24-76-11-61","Cereals- rice, maize, chapatti, wheat, sorghum, bread, etc",7,"No","No","No","No","Yes","No","No","No","No","No",""
"24-76-11-61","Vegetables- spinach, pumpkin, cabbage, tomato, onion",2,"Yes","No","No","No","No","No","No","No","No","No",""
"24-76-11-61","Meat, poultry, organ meat- goat, sheep, cow, chicken, liver, kidney, intestines",7,"No","No","No","No","Yes","No","No","No","No","No",""
"24-76-11-61","Fish and seafood (dried or fresh)- sardines, dagaa/omena",1,"No","No","No","No","Yes","No","No","No","No","No",""
"24-76-11-61","Milk and milk products- fresh, powdered, yogurt, cheese, etc",4,"Yes","No","No","No","No","No","No","No","No","No",""
"24-76-11-61","Oil/fats- oil, fat, butter, ghee, etc",7,"No","No","No","No","Yes","No","No","No","No","No",""
"24-76-11-61","Sugar and sweets- sugar, honey, sweets, desserts",7,"No","No","No","No","Yes","No","No","No","No","No",""
"24-76-11-61","Miscellaneous- tea, coffee, beverages, condiments, spices",7,"No","No","No","No","Yes","No","No","No","No","No",""
"01-56-68-49","Cereals- rice, maize, chapatti, wheat, sorghum, bread, etc",7,"No","No","No","No","No","No","No","No","No","Yes","bought from the shop"
"01-56-68-49","Fish and seafood (dried or fresh)- sardines, dagaa/omena",7,"No","No","No","No","No","No","No","No","No","Yes","bought from the local fishman"
"01-56-68-49","Oil/fats- oil, fat, butter, ghee, etc",7,"No","No","No","No","No","No","No","No","No","Yes","bought from the shop"
"48-81-58-75","Cereals- rice, maize, chapatti, wheat, sorghum, bread, etc",7,"No","No","No","No","Yes","No","No","No","No","No",""
"48-81-58-75","Fish and seafood (dried or fresh)- sardines, dagaa/omena",1,"No","No","No","No","Yes","No","No","No","No","No",""
"48-81-58-75","Oil/fats- oil, fat, butter, ghee, etc",7,"No","No","No","No","Yes","No","No","No","No","No",""
"88-17-46-63","Cereals- rice, maize, chapatti, wheat, sorghum, bread, etc",7,"No","No","No","No","Yes","No","No","No","No","No",""
"88-17-46-63","Vegetables- spinach, pumpkin, cabbage, tomato, onion",4,"No","No","No","No","Yes","No","No","No","No","No",""
"88-17-46-63","Meat, poultry, organ meat- goat, sheep, cow, chicken, liver, kidney, intestines",6,"No","No","No","No","Yes","No","No","No","No","No",""
"88-17-46-63","Fish and seafood (dried or fresh)- sardines, dagaa/omena",2,"No","No","No","No","Yes","No","No","No","No","No",""
"88-17-46-63","Oil/fats- oil, fat, butter, ghee, etc",6,"No","No","No","No","Yes","No","No","No","No","No",""
"64-24-89-62","Cereals- rice, maize, chapatti, wheat, sorghum, bread, etc",7,"No","No","No","No","Yes","No","No","No","No","No",""
"64-24-89-62","Vegetables- spinach, pumpkin, cabbage, tomato, onion",2,"No","No","No","No","Yes","No","No","No","No","No",""
"64-24-89-62","Fruits- orange, mango, guava, rice paw paw/papaya, pineapple, etc",7,"No","No","No","No","Yes","No","No","No","No","No",""
"64-24-89-62","Fish and seafood (dried or fresh)- sardines, dagaa/omena",2,"No","No","No","No","Yes","No","No","No","No","No",""
"64-24-89-62","Milk and milk products- fresh, powdered, yogurt, cheese, etc",7,"Yes","No","No","No","No","No","No","No","No","No",""
"64-24-89-62","Oil/fats- oil, fat, butter, ghee, etc",7,"No","No","No","No","Yes","No","No","No","No","No",""
"64-24-89-62","Sugar and sweets- sugar, honey, sweets, desserts",7,"No","No","No","No","Yes","No","No","No","No","No",""
"79-97-16-20","Cereals- rice, maize, chapatti, wheat, sorghum, bread, etc",7,"No","No","No","Yes","No","No","No","No","No","No",""
"22-78-59-76","Cereals- rice, maize, chapatti, wheat, sorghum, bread, etc",7,"No","No","No","No","Yes","No","No","No","No","No",""
"22-78-59-76","Vegetables- spinach, pumpkin, cabbage, tomato, onion",5,"No","No","No","No","Yes","No","No","No","No","No",""
"22-78-59-76","Meat, poultry, organ meat- goat, sheep, cow, chicken, liver, kidney, intestines",3,"No","No","No","No","Yes","No","No","No","No","No",""
"22-78-59-76","Fish and seafood (dried or fresh)- sardines, dagaa/omena",7,"No","Yes","No","No","No","No","No","No","No","No",""
"22-78-59-76","Milk and milk products- fresh, powdered, yogurt, cheese, etc",4,"No","No","No","No","Yes","No","No","No","No","No",""
"22-78-59-76","Oil/fats- oil, fat, butter, ghee, etc",7,"No","No","No","No","Yes","No","No","No","No","No",""
"22-78-59-76","Sugar and sweets- sugar, honey, sweets, desserts",7,"No","No","No","No","Yes","No","No","No","No","No",""
"68-66-94-81","Cereals- rice, maize, chapatti, wheat, sorghum, bread, etc",7,"Yes","No","No","No","No","No","No","No","No","No",""
"68-66-94-81","Vegetables- spinach, pumpkin, cabbage, tomato, onion",3,"No","No","No","No","Yes","No","No","No","No","No",""
"68-66-94-81","Fish and seafood (dried or fresh)- sardines, dagaa/omena",3,"No","Yes","No","No","No","No","No","No","No","No",""
"68-66-94-81","Oil/fats- oil, fat, butter, ghee, etc",7,"No","No","No","No","Yes","No","No","No","No","No",""
"55-05-77-24","Cereals- rice, maize, chapatti, wheat, sorghum, bread, etc",5,"No","No","No","No","No","No","No","No","No","Yes","b"
"55-05-77-24","Vegetables- spinach, pumpkin, cabbage, tomato, onion",2,"No","No","No","No","No","No","No","No","No","Yes","bought from the shop"
"55-05-77-24","Fruits- orange, mango, guava, rice paw paw/papaya, pineapple, etc",2,"No","No","No","No","No","No","No","No","No","Yes","bought from the shop"
"55-05-77-24","Meat, poultry, organ meat- goat, sheep, cow, chicken, liver, kidney, intestines",2,"No","No","No","No","No","No","No","No","No","Yes","bought from the shop"
"55-05-77-24","Eggs",1,"No","No","No","No","No","No","No","Yes","No","No",""
"55-05-77-24","Fish and seafood (dried or fresh)- sardines, dagaa/omena",4,"No","No","No","No","No","No","No","No","No","Yes","bought from local fishman"
"55-05-77-24","Oil/fats- oil, fat, butter, ghee, etc",7,"No","No","No","No","No","No","No","No","No","Yes","bought from the shop"
"55-05-77-24","Sugar and sweets- sugar, honey, sweets, desserts",4,"No","No","No","No","No","No","No","No","No","Yes","bought from the shop"
"55-05-77-24","Miscellaneous- tea, coffee, beverages, condiments, spices",4,"No","No","No","No","No","No","No","No","No","Yes","bought teabags from the shop"
"96-11-62-92","Cereals- rice, maize, chapatti, wheat, sorghum, bread, etc",7,"No","No","No","No","Yes","No","No","No","No","No",""
"96-11-62-92","Vegetables- spinach, pumpkin, cabbage, tomato, onion",2,"No","No","Yes","No","No","No","No","No","No","No",""
"96-11-62-92","Meat, poultry, organ meat- goat, sheep, cow, chicken, liver, kidney, intestines",3,"Yes","No","No","No","Yes","No","No","No","No","No",""
"96-11-62-92","Oil/fats- oil, fat, butter, ghee, etc",7,"No","No","No","No","Yes","No","No","No","No","No",""
"78-34-55-08","Cereals- rice, maize, chapatti, wheat, sorghum, bread, etc",7,"No","No","No","No","Yes","No","No","No","No","No",""
"78-34-55-08","Fish and seafood (dried or fresh)- sardines, dagaa/omena",7,"No","Yes","No","No","No","No","No","No","No","No",""
"78-34-55-08","Milk and milk products- fresh, powdered, yogurt, cheese, etc",5,"No","No","No","No","No","No","No","Yes","No","No",""
"78-34-55-08","Oil/fats- oil, fat, butter, ghee, etc",7,"No","No","No","No","Yes","No","No","No","No","No",""
"78-34-55-08","Sugar and sweets- sugar, honey, sweets, desserts",4,"No","No","No","No","Yes","No","No","No","No","No",""
"62-52-92-33","Vegetables- spinach, pumpkin, cabbage, tomato, onion",2,"No","No","No","No","Yes","No","No","No","No","No",""
"62-52-92-33","Fish and seafood (dried or fresh)- sardines, dagaa/omena",4,"No","Yes","No","No","No","No","No","No","No","No",""
"62-52-92-33","Pulses, legumes, nuts, seeds",2,"No","No","No","No","Yes","No","No","No","No","No",""
"11-84-22-34","Cereals- rice, maize, chapatti, wheat, sorghum, bread, etc",7,"No","No","No","No","Yes","No","No","No","No","No",""
"11-84-22-34","Meat, poultry, organ meat- goat, sheep, cow, chicken, liver, kidney, intestines",1,"No","No","No","No","Yes","No","No","No","No","No",""
"11-84-22-34","Fish and seafood (dried or fresh)- sardines, dagaa/omena",3,"No","Yes","No","No","Yes","No","No","No","No","No",""
"11-84-22-34","Oil/fats- oil, fat, butter, ghee, etc",7,"No","No","No","No","Yes","No","No","No","No","No",""
"11-84-22-34","Miscellaneous- tea, coffee, beverages, condiments, spices",3,"No","No","No","No","Yes","No","No","No","No","No",""
"75-25-19-33","Cereals- rice, maize, chapatti, wheat, sorghum, bread, etc",2,"Yes","No","No","No","No","No","No","No","No","No",""
"75-25-19-33","Sugar and sweets- sugar, honey, sweets, desserts",3,"No","No","No","No","Yes","No","No","No","No","No",""
"25-28-42-89","Cereals- rice, maize, chapatti, wheat, sorghum, bread, etc",7,"No","No","No","No","Yes","No","No","No","No","No",""
"25-28-42-89","Oil/fats- oil, fat, butter, ghee, etc",5,"No","No","No","No","Yes","No","No","No","No","No",""
"17-22-63-49","Cereals- rice, maize, chapatti, wheat, sorghum, bread, etc",1,"No","No","No","No","No","No","No","Yes","No","No",""
"17-22-63-49","Vegetables- spinach, pumpkin, cabbage, tomato, onion",1,"No","No","No","No","No","No","No","Yes","No","No",""
"17-22-63-49","Meat, poultry, organ meat- goat, sheep, cow, chicken, liver, kidney, intestines",3,"No","No","No","No","No","No","No","Yes","No","No",""
"17-22-63-49","Fish and seafood (dried or fresh)- sardines, dagaa/omena",1,"No","No","No","No","Yes","No","No","No","No","No",""
"17-22-63-49","Pulses, legumes, nuts, seeds",1,"No","No","No","No","No","No","No","Yes","No","No",""
"17-22-63-49","Oil/fats- oil, fat, butter, ghee, etc",6,"No","No","No","No","Yes","No","No","No","No","No",""
"17-22-63-49","Sugar and sweets- sugar, honey, sweets, desserts",1,"No","No","No","No","No","No","No","Yes","No","No",""
"75-11-04-39","Cereals- rice, maize, chapatti, wheat, sorghum, bread, etc",1,"No","No","No","No","Yes","No","No","No","No","No",""
"75-11-04-39","Vegetables- spinach, pumpkin, cabbage, tomato, onion",2,"No","No","No","No","Yes","No","No","No","No","No",""
"75-11-04-39","Fruits- orange, mango, guava, rice paw paw/papaya, pineapple, etc",3,"Yes","No","No","No","No","No","No","No","No","No",""
"75-11-04-39","Fish and seafood (dried or fresh)- sardines, dagaa/omena",3,"No","No","No","No","Yes","No","No","No","No","No",""
"75-11-04-39","Milk and milk products- fresh, powdered, yogurt, cheese, etc",7,"Yes","No","No","No","No","No","No","No","No","No",""
"75-11-04-39","Sugar and sweets- sugar, honey, sweets, desserts",7,"No","No","No","No","Yes","No","No","No","No","No",""
"42-13-72-77","Milk and milk products- fresh, powdered, yogurt, cheese, etc",2,"No","No","No","Yes","No","No","No","No","No","No",""
"42-13-72-77","Oil/fats- oil, fat, butter, ghee, etc",7,"No","No","No","No","Yes","No","No","No","No","No",""
"22-71-31-86","Cereals- rice, maize, chapatti, wheat, sorghum, bread, etc",7,"No","No","No","No","Yes","No","No","No","No","No",""
"22-71-31-86","Meat, poultry, organ meat- goat, sheep, cow, chicken, liver, kidney, intestines",2,"No","No","No","No","Yes","No","No","No","No","No",""
"22-71-31-86","Fish and seafood (dried or fresh)- sardines, dagaa/omena",2,"No","No","No","No","Yes","No","No","No","No","No",""
"22-71-31-86","Oil/fats- oil, fat, butter, ghee, etc",3,"No","No","No","No","Yes","No","No","No","No","No",""
"72-79-67-76","Cereals- rice, maize, chapatti, wheat, sorghum, bread, etc",7,"Yes","No","No","No","Yes","No","No","No","No","No",""
"72-79-67-76","Fish and seafood (dried or fresh)- sardines, dagaa/omena",1,"No","No","No","No","Yes","No","No","No","No","No",""
"72-79-67-76","Oil/fats- oil, fat, butter, ghee, etc",4,"No","No","No","No","Yes","No","No","No","No","No",""
"55-61-00-58","Cereals- rice, maize, chapatti, wheat, sorghum, bread, etc",3,"No","No","No","No","Yes","No","No","No","No","No",""
"55-61-00-58","Vegetables- spinach, pumpkin, cabbage, tomato, onion",1,"No","No","No","No","No","No","No","Yes","No","No",""
"55-61-00-58","Meat, poultry, organ meat- goat, sheep, cow, chicken, liver, kidney, intestines",2,"No","No","No","No","Yes","No","No","No","No","No",""
"55-61-00-58","Eggs",3,"No","No","No","No","No","No","No","Yes","No","No",""
"55-61-00-58","Pulses, legumes, nuts, seeds",1,"No","No","No","No","Yes","No","No","No","No","No",""
"55-61-00-58","Oil/fats- oil, fat, butter, ghee, etc",7,"No","No","No","No","Yes","No","No","No","No","No",""
"55-61-00-58","Sugar and sweets- sugar, honey, sweets, desserts",7,"No","No","No","No","Yes","No","No","No","No","No",""
"55-61-00-58","Miscellaneous- tea, coffee, beverages, condiments, spices",7,"No","No","No","No","Yes","No","No","No","No","No",""
"83-84-11-33","Cereals- rice, maize, chapatti, wheat, sorghum, bread, etc",7,"No","No","No","No","No","No","No","No","No","Yes","bought from the shop"
"83-84-11-33","Fish and seafood (dried or fresh)- sardines, dagaa/omena",7,"No","Yes","No","No","No","No","No","No","No","No",""
"83-84-11-33","Milk and milk products- fresh, powdered, yogurt, cheese, etc",2,"Yes","No","No","No","No","No","No","No","No","No",""
"83-84-11-33","Oil/fats- oil, fat, butter, ghee, etc",7,"No","No","No","No","No","No","No","No","No","Yes","bought from the shop"
"57-06-39-78","Cereals- rice, maize, chapatti, wheat, sorghum, bread, etc",7,"No","No","No","No","Yes","No","No","No","No","No",""
"57-06-39-78","Vegetables- spinach, pumpkin, cabbage, tomato, onion",3,"No","No","Yes","No","No","No","No","No","No","No",""
"57-06-39-78","Fish and seafood (dried or fresh)- sardines, dagaa/omena",1,"No","No","No","No","Yes","No","No","No","No","No",""
"57-06-39-78","Oil/fats- oil, fat, butter, ghee, etc",7,"No","No","No","No","Yes","No","No","No","No","No",""
"28-44-47-60","Cereals- rice, maize, chapatti, wheat, sorghum, bread, etc",7,"No","No","No","No","Yes","No","No","No","No","No",""
"28-44-47-60","Vegetables- spinach, pumpkin, cabbage, tomato, onion",2,"No","No","No","No","Yes","No","No","No","No","No",""
"28-44-47-60","Meat, poultry, organ meat- goat, sheep, cow, chicken, liver, kidney, intestines",4,"No","No","No","No","Yes","No","No","No","No","No",""
"28-44-47-60","Oil/fats- oil, fat, butter, ghee, etc",7,"No","No","No","No","Yes","No","No","No","No","No",""
"28-44-47-60","Sugar and sweets- sugar, honey, sweets, desserts",1,"No","No","No","No","Yes","No","No","No","No","No",""
"99-83-86-30","Cereals- rice, maize, chapatti, wheat, sorghum, bread, etc",1,"No","No","No","No","Yes","No","No","No","No","No",""
"99-83-86-30","Vegetables- spinach, pumpkin, cabbage, tomato, onion",3,"No","No","No","No","Yes","No","No","No","No","No",""
"99-83-86-30","Fruits- orange, mango, guava, rice paw paw/papaya, pineapple, etc",1,"No","No","No","No","Yes","No","No","No","No","No",""
"99-83-86-30","Meat, poultry, organ meat- goat, sheep, cow, chicken, liver, kidney, intestines",3,"No","No","No","No","Yes","No","No","No","No","No",""
"99-83-86-30","Milk and milk products- fresh, powdered, yogurt, cheese, etc",7,"Yes","No","No","No","No","No","No","No","No","No",""
"99-83-86-30","Oil/fats- oil, fat, butter, ghee, etc",7,"No","No","No","No","Yes","No","No","No","No","No",""
"99-83-86-30","Sugar and sweets- sugar, honey, sweets, desserts",7,"No","No","No","No","Yes","No","No","No","No","No",""
"99-83-86-30","Miscellaneous- tea, coffee, beverages, condiments, spices",3,"No","No","No","No","Yes","No","No","No","No","No",""
"95-87-87-82","Cereals- rice, maize, chapatti, wheat, sorghum, bread, etc",7,"No","No","No","No","No","No","No","No","No","Yes","bought from the shop"
"95-87-87-82","Meat, poultry, organ meat- goat, sheep, cow, chicken, liver, kidney, intestines",2,"No","No","No","No","No","No","No","Yes","No","No",""
"95-87-87-82","Fish and seafood (dried or fresh)- sardines, dagaa/omena",5,"No","Yes","No","No","No","No","No","No","No","No",""
"51-10-14-61","Cereals- rice, maize, chapatti, wheat, sorghum, bread, etc",7,"No","No","No","No","Yes","No","No","No","No","No",""
"51-10-14-61","Fish and seafood (dried or fresh)- sardines, dagaa/omena",1,"No","No","No","No","Yes","No","No","No","No","No",""
"51-10-14-61","Oil/fats- oil, fat, butter, ghee, etc",7,"No","No","No","No","Yes","No","No","No","No","No",""
"38-80-77-22","Cereals- rice, maize, chapatti, wheat, sorghum, bread, etc",1,"Yes","No","No","No","No","No","No","No","No","No",""
"38-80-77-22","Fish and seafood (dried or fresh)- sardines, dagaa/omena",3,"No","No","No","No","Yes","No","No","No","No","No",""
"38-80-77-22","Pulses, legumes, nuts, seeds",2,"Yes","No","No","No","No","No","No","No","No","No",""
"32-85-49-35","Cereals- rice, maize, chapatti, wheat, sorghum, bread, etc",7,"No","No","No","No","Yes","No","No","No","No","No",""
"32-85-49-35","Vegetables- spinach, pumpkin, cabbage, tomato, onion",7,"No","No","No","No","No","No","No","Yes","No","No",""
"32-85-49-35","Fish and seafood (dried or fresh)- sardines, dagaa/omena",1,"No","No","No","No","No","No","No","Yes","No","No",""
"32-85-49-35","Milk and milk products- fresh, powdered, yogurt, cheese, etc",7,"No","No","No","No","Yes","No","No","No","No","No",""
"32-85-49-35","Oil/fats- oil, fat, butter, ghee, etc",5,"No","No","No","No","Yes","No","No","No","No","No",""
"67-57-93-16","Cereals- rice, maize, chapatti, wheat, sorghum, bread, etc",7,"Yes","No","No","No","No","No","No","No","No","No",""
"67-57-93-16","Vegetables- spinach, pumpkin, cabbage, tomato, onion",5,"No","No","No","No","Yes","No","No","No","No","No",""
"67-57-93-16","Meat, poultry, organ meat- goat, sheep, cow, chicken, liver, kidney, intestines",3,"No","No","No","No","Yes","No","No","No","No","No",""
"67-57-93-16","Fish and seafood (dried or fresh)- sardines, dagaa/omena",3,"No","No","No","No","Yes","No","No","No","No","No",""
"67-57-93-16","Oil/fats- oil, fat, butter, ghee, etc",7,"No","No","No","No","Yes","No","No","No","No","No",""
"67-57-93-16","Sugar and sweets- sugar, honey, sweets, desserts",7,"No","No","No","No","Yes","No","No","No","No","No",""
"66-09-29-33","Cereals- rice, maize, chapatti, wheat, sorghum, bread, etc",7,"No","No","No","No","Yes","No","No","No","No","No",""
"66-09-29-33","Milk and milk products- fresh, powdered, yogurt, cheese, etc",4,"No","No","No","No","No","No","No","Yes","No","No",""
"66-09-29-33","Oil/fats- oil, fat, butter, ghee, etc",4,"No","No","No","No","Yes","No","No","No","No","No",""
"66-09-29-33","Sugar and sweets- sugar, honey, sweets, desserts",3,"No","No","No","No","No","No","No","Yes","No","No",""
"88-76-61-78","Cereals- rice, maize, chapatti, wheat, sorghum, bread, etc",5,"No","No","No","No","Yes","No","No","No","No","No",""
"88-76-61-78","Vegetables- spinach, pumpkin, cabbage, tomato, onion",2,"No","No","No","No","Yes","No","No","No","No","No",""
"88-76-61-78","Meat, poultry, organ meat- goat, sheep, cow, chicken, liver, kidney, intestines",3,"No","No","No","No","Yes","No","No","No","No","No",""
"88-76-61-78","Oil/fats- oil, fat, butter, ghee, etc",5,"No","No","No","No","Yes","No","No","No","No","No",""
"45-30-93-43","Cereals- rice, maize, chapatti, wheat, sorghum, bread, etc",7,"No","No","No","No","Yes","No","No","No","No","No",""
"45-30-93-43","Fish and seafood (dried or fresh)- sardines, dagaa/omena",1,"No","No","No","No","Yes","No","No","No","No","No",""
"45-30-93-43","Milk and milk products- fresh, powdered, yogurt, cheese, etc",3,"No","No","No","No","Yes","No","No","No","No","No",""
"45-30-93-43","Oil/fats- oil, fat, butter, ghee, etc",6,"No","No","No","No","Yes","No","No","No","No","No",""
"45-30-93-43","Sugar and sweets- sugar, honey, sweets, desserts",2,"No","No","No","No","Yes","No","No","No","No","No",""
"39-72-47-05","Cereals- rice, maize, chapatti, wheat, sorghum, bread, etc",7,"No","No","No","No","No","No","No","No","No","Yes","bought from the shop"
"39-72-47-05","Fruits- orange, mango, guava, rice paw paw/papaya, pineapple, etc",1,"No","No","No","No","No","No","No","No","No","Yes","bought from the local market"
"39-72-47-05","Meat, poultry, organ meat- goat, sheep, cow, chicken, liver, kidney, intestines",1,"No","No","No","No","No","No","No","No","No","Yes","bought from the market"
"39-72-47-05","Fish and seafood (dried or fresh)- sardines, dagaa/omena",7,"No","No","No","No","No","No","No","No","No","Yes","bought from the local fishman"
"39-72-47-05","Oil/fats- oil, fat, butter, ghee, etc",7,"No","No","No","No","No","No","No","No","No","Yes","bought from the shop"
"91-78-19-91","Cereals- rice, maize, chapatti, wheat, sorghum, bread, etc",7,"No","No","No","No","Yes","No","No","No","No","No",""
"91-78-19-91","Vegetables- spinach, pumpkin, cabbage, tomato, onion",3,"No","No","No","No","Yes","No","No","No","No","No",""
"91-78-19-91","Meat, poultry, organ meat- goat, sheep, cow, chicken, liver, kidney, intestines",3,"No","No","No","No","Yes","No","No","No","No","No",""
"91-78-19-91","Fish and seafood (dried or fresh)- sardines, dagaa/omena",2,"No","No","No","No","No","Yes","No","No","No","No",""
"91-78-19-91","Milk and milk products- fresh, powdered, yogurt, cheese, etc",4,"No","No","No","No","Yes","No","No","No","No","No",""
"91-78-19-91","Oil/fats- oil, fat, butter, ghee, etc",7,"No","No","No","No","No","Yes","No","No","No","No",""
"91-78-19-91","Sugar and sweets- sugar, honey, sweets, desserts",7,"No","No","No","No","Yes","No","No","No","No","No",""
"80-88-34-81","Cereals- rice, maize, chapatti, wheat, sorghum, bread, etc",7,"Yes","No","No","No","Yes","No","No","No","No","No",""
"80-88-34-81","Vegetables- spinach, pumpkin, cabbage, tomato, onion",2,"No","No","No","No","Yes","No","No","No","No","No",""
"00-93-28-41","Cereals- rice, maize, chapatti, wheat, sorghum, bread, etc",7,"No","No","No","No","Yes","No","No","No","No","No",""
"00-93-28-41","Meat, poultry, organ meat- goat, sheep, cow, chicken, liver, kidney, intestines",1,"No","No","No","No","Yes","No","No","No","No","No",""
"00-93-28-41","Fish and seafood (dried or fresh)- sardines, dagaa/omena",1,"No","No","No","No","Yes","No","No","No","No","No",""
"00-93-28-41","Oil/fats- oil, fat, butter, ghee, etc",3,"No","No","No","No","Yes","No","No","No","No","No",""
"15-34-12-49","Cereals- rice, maize, chapatti, wheat, sorghum, bread, etc",7,"No","No","No","No","Yes","No","No","No","No","No",""
"15-34-12-49","Vegetables- spinach, pumpkin, cabbage, tomato, onion",2,"No","No","No","No","Yes","No","No","No","No","No",""
"15-34-12-49","Meat, poultry, organ meat- goat, sheep, cow, chicken, liver, kidney, intestines",4,"No","No","No","No","No","No","No","Yes","No","No",""
"15-34-12-49","Fish and seafood (dried or fresh)- sardines, dagaa/omena",4,"No","Yes","No","No","No","No","No","No","No","No",""
"15-34-12-49","Milk and milk products- fresh, powdered, yogurt, cheese, etc",2,"No","No","No","No","No","No","Yes","No","No","No",""
"15-34-12-49","Oil/fats- oil, fat, butter, ghee, etc",7,"No","No","No","No","Yes","No","No","No","No","No",""
"15-34-12-49","Sugar and sweets- sugar, honey, sweets, desserts",7,"No","No","No","No","Yes","No","No","No","No","No",""
"57-48-46-10","Cereals- rice, maize, chapatti, wheat, sorghum, bread, etc",7,"Yes","No","No","No","No","No","No","No","No","No",""
"57-48-46-10","Meat, poultry, organ meat- goat, sheep, cow, chicken, liver, kidney, intestines",6,"Yes","No","No","No","No","No","No","No","No","No",""
"57-48-46-10","Fish and seafood (dried or fresh)- sardines, dagaa/omena",2,"No","No","No","No","Yes","No","No","No","No","No",""
"57-48-46-10","Milk and milk products- fresh, powdered, yogurt, cheese, etc",1,"No","No","No","No","Yes","No","No","No","No","No",""
"57-48-46-10","Oil/fats- oil, fat, butter, ghee, etc",7,"No","No","No","No","Yes","No","No","No","No","No",""
"17-87-43-63","Cereals- rice, maize, chapatti, wheat, sorghum, bread, etc",7,"No","No","No","No","No","No","No","No","No","Yes","bought from the shop"
"17-87-43-63","Vegetables- spinach, pumpkin, cabbage, tomato, onion",7,"No","No","No","No","No","No","No","No","No","Yes","bought from the local village people with gardens"
"17-87-43-63","Meat, poultry, organ meat- goat, sheep, cow, chicken, liver, kidney, intestines",6,"No","No","No","No","No","No","No","No","No","Yes","bought from the shop"
"17-87-43-63","Fish and seafood (dried or fresh)- sardines, dagaa/omena",3,"No","No","No","No","No","No","No","No","No","Yes","bought from the local fishman"
"17-87-43-63","Oil/fats- oil, fat, butter, ghee, etc",7,"No","No","No","No","No","No","No","No","No","Yes","bought from the shop"
"17-87-43-63","Sugar and sweets- sugar, honey, sweets, desserts",3,"No","No","No","No","No","No","No","No","No","Yes","bought from the shop"
"17-87-43-63","Miscellaneous- tea, coffee, beverages, condiments, spices",3,"No","No","No","No","No","No","No","No","No","Yes","bought from the shop"
"11-23-87-11","Cereals- rice, maize, chapatti, wheat, sorghum, bread, etc",7,"No","No","No","No","Yes","No","No","No","No","No",""
"33-90-70-88","Cereals- rice, maize, chapatti, wheat, sorghum, bread, etc",7,"No","No","No","No","Yes","No","No","No","No","No",""
"33-90-70-88","Meat, poultry, organ meat- goat, sheep, cow, chicken, liver, kidney, intestines",3,"No","No","No","No","Yes","No","No","No","No","No",""
"33-90-70-88","Fish and seafood (dried or fresh)- sardines, dagaa/omena",2,"No","Yes","No","No","No","No","No","No","No","No",""
"33-90-70-88","Oil/fats- oil, fat, butter, ghee, etc",7,"No","No","No","No","Yes","No","No","No","No","No",""
"33-90-70-88","Sugar and sweets- sugar, honey, sweets, desserts",5,"No","No","No","No","Yes","No","No","No","No","No",""
"42-88-20-46","Cereals- rice, maize, chapatti, wheat, sorghum, bread, etc",1,"Yes","No","No","No","Yes","No","No","No","No","No",""
"42-88-20-46","Fish and seafood (dried or fresh)- sardines, dagaa/omena",7,"No","Yes","No","No","No","No","No","No","No","No",""
"42-88-20-46","Oil/fats- oil, fat, butter, ghee, etc",7,"No","No","No","No","Yes","No","No","No","No","No",""
"42-88-20-46","Sugar and sweets- sugar, honey, sweets, desserts",7,"No","No","No","No","Yes","No","No","No","No","No",""
"42-88-20-46","Miscellaneous- tea, coffee, beverages, condiments, spices",7,"No","No","No","No","Yes","No","No","No","No","No",""
"56-60-42-49","Cereals- rice, maize, chapatti, wheat, sorghum, bread, etc",3,"No","No","No","No","Yes","No","No","No","No","No",""
"56-60-42-49","Roots and tubers- potato, sweet potato, cassava, arrow roots, cooking banana",2,"No","No","No","No","Yes","No","No","No","No","No",""
"56-60-42-49","Vegetables- spinach, pumpkin, cabbage, tomato, onion",7,"No","No","No","No","Yes","No","No","No","No","No",""
"56-60-42-49","Fruits- orange, mango, guava, rice paw paw/papaya, pineapple, etc",4,"No","No","No","No","Yes","No","No","No","No","No",""
"56-60-42-49","Meat, poultry, organ meat- goat, sheep, cow, chicken, liver, kidney, intestines",5,"No","No","No","No","Yes","No","No","No","No","No",""
"56-60-42-49","Fish and seafood (dried or fresh)- sardines, dagaa/omena",1,"No","No","No","No","Yes","No","No","No","No","No",""
"56-60-42-49","Oil/fats- oil, fat, butter, ghee, etc",7,"No","No","No","No","Yes","No","No","No","No","No",""
"56-60-42-49","Sugar and sweets- sugar, honey, sweets, desserts",7,"No","No","No","No","Yes","No","No","No","No","No",""
"56-60-42-49","Miscellaneous- tea, coffee, beverages, condiments, spices",7,"No","No","No","No","Yes","No","No","No","No","No",""
"06-49-16-95","Cereals- rice, maize, chapatti, wheat, sorghum, bread, etc",1,"No","No","No","Yes","No","No","No","No","No","No",""
"06-49-16-95","Fish and seafood (dried or fresh)- sardines, dagaa/omena",2,"No","No","No","No","Yes","No","No","No","No","No",""
"06-49-16-95","Pulses, legumes, nuts, seeds",1,"Yes","No","No","No","No","No","No","No","No","No",""
"06-49-16-95","Milk and milk products- fresh, powdered, yogurt, cheese, etc",2,"No","No","No","No","Yes","No","No","No","No","No",""
"06-49-16-95","Oil/fats- oil, fat, butter, ghee, etc",7,"No","No","No","No","Yes","No","No","No","No","No",""
"06-49-16-95","Sugar and sweets- sugar, honey, sweets, desserts",2,"No","No","No","No","No","No","No","Yes","No","No",""
"14-59-43-81","Cereals- rice, maize, chapatti, wheat, sorghum, bread, etc",1,"Yes","No","No","No","No","No","No","No","No","No",""
"14-59-43-81","Vegetables- spinach, pumpkin, cabbage, tomato, onion",1,"No","No","No","No","Yes","No","No","No","No","No",""
"14-59-43-81","Fruits- orange, mango, guava, rice paw paw/papaya, pineapple, etc",3,"No","No","No","No","Yes","No","No","No","No","No",""
"14-59-43-81","Fish and seafood (dried or fresh)- sardines, dagaa/omena",2,"No","No","No","No","Yes","No","No","No","No","No",""
"14-59-43-81","Oil/fats- oil, fat, butter, ghee, etc",7,"No","No","No","No","Yes","No","No","No","No","No",""
"14-59-43-81","Sugar and sweets- sugar, honey, sweets, desserts",7,"No","No","No","No","Yes","No","No","No","No","No",""
"14-59-43-81","Miscellaneous- tea, coffee, beverages, condiments, spices",3,"No","No","No","No","Yes","No","No","No","No","No",""
"43-19-04-75","Cereals- rice, maize, chapatti, wheat, sorghum, bread, etc",7,"Yes","No","No","No","Yes","No","No","No","No","No",""
"43-19-04-75","Vegetables- spinach, pumpkin, cabbage, tomato, onion",7,"Yes","No","No","No","No","No","No","No","No","No",""
"43-19-04-75","Oil/fats- oil, fat, butter, ghee, etc",3,"No","No","No","No","Yes","No","No","No","No","No",""
"25-55-58-39","Cereals- rice, maize, chapatti, wheat, sorghum, bread, etc",7,"No","No","No","No","Yes","No","No","No","No","No",""
"25-55-58-39","Vegetables- spinach, pumpkin, cabbage, tomato, onion",1,"No","No","No","No","Yes","No","No","No","No","No",""
"25-55-58-39","Fish and seafood (dried or fresh)- sardines, dagaa/omena",2,"No","No","No","No","No","No","No","Yes","No","No",""
"25-55-58-39","Oil/fats- oil, fat, butter, ghee, etc",7,"No","No","No","No","Yes","No","No","Yes","No","No",""
"25-55-58-39","Sugar and sweets- sugar, honey, sweets, desserts",7,"No","No","No","No","Yes","No","No","No","No","No",""
"25-55-58-39","Miscellaneous- tea, coffee, beverages, condiments, spices",3,"No","No","No","No","Yes","No","No","No","No","No",""
"56-55-71-21","Cereals- rice, maize, chapatti, wheat, sorghum, bread, etc",5,"No","No","No","No","Yes","No","No","No","No","No",""
"56-55-71-21","Fish and seafood (dried or fresh)- sardines, dagaa/omena",6,"Yes","No","No","No","No","No","No","No","No","No",""
"56-55-71-21","Oil/fats- oil, fat, butter, ghee, etc",6,"No","No","No","No","Yes","No","No","No","No","No",""
"26-16-97-29","Cereals- rice, maize, chapatti, wheat, sorghum, bread, etc",7,"No","No","No","No","Yes","No","No","No","No","No",""
"26-16-97-29","Vegetables- spinach, pumpkin, cabbage, tomato, onion",4,"No","No","No","No","Yes","No","No","No","No","No",""
"26-16-97-29","Fish and seafood (dried or fresh)- sardines, dagaa/omena",7,"No","Yes","No","No","No","No","No","No","No","No",""
"26-16-97-29","Milk and milk products- fresh, powdered, yogurt, cheese, etc",5,"Yes","No","No","No","No","No","No","No","No","No",""
"26-16-97-29","Oil/fats- oil, fat, butter, ghee, etc",7,"No","No","No","No","Yes","No","No","No","No","No",""
"26-16-97-29","Sugar and sweets- sugar, honey, sweets, desserts",5,"No","No","No","No","Yes","No","No","No","No","No",""
"94-40-34-45","Cereals- rice, maize, chapatti, wheat, sorghum, bread, etc",7,"No","No","No","No","Yes","No","No","No","No","No",""
"94-40-34-45","Vegetables- spinach, pumpkin, cabbage, tomato, onion",2,"No","No","No","No","Yes","No","No","No","No","No",""
"94-40-34-45","Meat, poultry, organ meat- goat, sheep, cow, chicken, liver, kidney, intestines",3,"No","No","No","No","Yes","No","No","No","No","No",""
"94-40-34-45","Fish and seafood (dried or fresh)- sardines, dagaa/omena",7,"No","Yes","No","No","No","No","No","No","No","No",""
"94-40-34-45","Milk and milk products- fresh, powdered, yogurt, cheese, etc",2,"No","No","No","No","Yes","No","No","No","No","No",""
"94-40-34-45","Oil/fats- oil, fat, butter, ghee, etc",7,"No","No","No","No","Yes","No","No","No","No","No",""
"94-40-34-45","Sugar and sweets- sugar, honey, sweets, desserts",3,"No","No","No","No","Yes","No","No","No","No","No",""
"57-09-13-31","Cereals- rice, maize, chapatti, wheat, sorghum, bread, etc",7,"No","No","No","No","No","No","No","No","No","Yes","Bought from the shop"
"57-09-13-31","Roots and tubers- potato, sweet potato, cassava, arrow roots, cooking banana",2,"No","No","No","No","No","No","No","No","No","Yes","bought from the shop"
"57-09-13-31","Vegetables- spinach, pumpkin, cabbage, tomato, onion",2,"No","No","No","No","No","No","No","No","No","Yes","bought from the people selling in villages"
"57-09-13-31","Fruits- orange, mango, guava, rice paw paw/papaya, pineapple, etc",1,"Yes","No","No","No","No","No","No","No","No","No",""
"57-09-13-31","Meat, poultry, organ meat- goat, sheep, cow, chicken, liver, kidney, intestines",5,"No","No","No","No","No","No","No","No","No","Yes","bought from the market"
"57-09-13-31","Fish and seafood (dried or fresh)- sardines, dagaa/omena",2,"No","No","No","No","No","No","No","No","No","Yes","bought from the market"
"57-09-13-31","Milk and milk products- fresh, powdered, yogurt, cheese, etc",1,"Yes","No","No","No","No","No","No","No","No","No",""
"57-09-13-31","Oil/fats- oil, fat, butter, ghee, etc",7,"No","No","No","No","No","No","No","No","No","Yes","bought from the shop"
"57-09-13-31","Miscellaneous- tea, coffee, beverages, condiments, spices",3,"No","No","No","No","No","No","No","No","No","Yes","Bought teabags from the shop"
"06-81-92-15","Cereals- rice, maize, chapatti, wheat, sorghum, bread, etc",7,"No","No","No","No","Yes","No","No","No","No","No",""
"06-81-92-15","Vegetables- spinach, pumpkin, cabbage, tomato, onion",2,"No","No","No","No","Yes","No","No","No","No","No",""
"06-81-92-15","Meat, poultry, organ meat- goat, sheep, cow, chicken, liver, kidney, intestines",2,"No","No","No","No","Yes","No","No","No","No","No",""
"06-81-92-15","Fish and seafood (dried or fresh)- sardines, dagaa/omena",4,"No","No","No","No","Yes","No","No","No","No","No",""
"06-81-92-15","Milk and milk products- fresh, powdered, yogurt, cheese, etc",3,"No","No","No","No","Yes","No","No","No","No","No",""
"06-81-92-15","Oil/fats- oil, fat, butter, ghee, etc",4,"No","No","No","No","Yes","No","No","No","No","No",""
"06-81-92-15","Sugar and sweets- sugar, honey, sweets, desserts",3,"No","No","No","No","No","Yes","No","No","No","No",""
"71-51-46-91","Cereals- rice, maize, chapatti, wheat, sorghum, bread, etc",3,"Yes","No","No","No","No","No","No","No","No","No",""
"71-51-46-91","Vegetables- spinach, pumpkin, cabbage, tomato, onion",1,"No","No","No","No","Yes","No","No","No","No","No",""
"71-51-46-91","Meat, poultry, organ meat- goat, sheep, cow, chicken, liver, kidney, intestines",2,"No","No","No","No","Yes","No","No","No","No","No",""
"71-51-46-91","Fish and seafood (dried or fresh)- sardines, dagaa/omena",2,"No","No","No","No","Yes","No","No","No","No","No",""
"71-51-46-91","Pulses, legumes, nuts, seeds",1,"Yes","No","No","No","No","No","No","No","No","No",""
"71-51-46-91","Milk and milk products- fresh, powdered, yogurt, cheese, etc",1,"No","No","No","No","Yes","No","No","No","No","No",""
"99-70-86-40","Cereals- rice, maize, chapatti, wheat, sorghum, bread, etc",7,"No","No","No","No","Yes","No","No","No","No","No",""
"99-70-86-40","Roots and tubers- potato, sweet potato, cassava, arrow roots, cooking banana",1,"No","No","No","No","Yes","No","No","No","No","No",""
"99-70-86-40","Meat, poultry, organ meat- goat, sheep, cow, chicken, liver, kidney, intestines",6,"No","No","No","No","Yes","No","No","No","No","No",""
"99-70-86-40","Oil/fats- oil, fat, butter, ghee, etc",4,"No","No","No","No","Yes","No","No","No","No","No",""
"54-72-28-02","Cereals- rice, maize, chapatti, wheat, sorghum, bread, etc",3,"Yes","No","No","No","No","No","No","No","No","No",""
"54-72-28-02","Meat, poultry, organ meat- goat, sheep, cow, chicken, liver, kidney, intestines",3,"No","No","No","No","Yes","No","No","No","No","No",""
"54-72-28-02","Fish and seafood (dried or fresh)- sardines, dagaa/omena",3,"No","No","No","No","Yes","No","No","No","No","No",""
"54-72-28-02","Milk and milk products- fresh, powdered, yogurt, cheese, etc",7,"Yes","No","No","No","No","No","No","No","No","No",""
"44-70-83-36","Cereals- rice, maize, chapatti, wheat, sorghum, bread, etc",7,"No","No","No","No","Yes","No","No","No","No","No",""
"44-70-83-36","Vegetables- spinach, pumpkin, cabbage, tomato, onion",2,"No","No","No","No","Yes","No","No","No","No","No",""
"44-70-83-36","Milk and milk products- fresh, powdered, yogurt, cheese, etc",5,"Yes","No","No","No","No","No","No","No","No","No",""
"44-70-83-36","Oil/fats- oil, fat, butter, ghee, etc",6,"No","No","No","No","Yes","No","No","No","No","No",""
"44-70-83-36","Sugar and sweets- sugar, honey, sweets, desserts",4,"No","No","No","No","Yes","No","No","No","No","No",""
"44-70-83-36","Miscellaneous- tea, coffee, beverages, condiments, spices",6,"No","No","No","No","Yes","No","No","No","No","No",""
"76-32-33-95","Cereals- rice, maize, chapatti, wheat, sorghum, bread, etc",7,"No","No","No","No","Yes","No","No","No","No","No",""
"76-32-33-95","Meat, poultry, organ meat- goat, sheep, cow, chicken, liver, kidney, intestines",3,"No","No","No","No","No","No","No","Yes","No","No",""
"76-32-33-95","Milk and milk products- fresh, powdered, yogurt, cheese, etc",7,"No","No","No","No","No","No","No","Yes","No","No",""
"01-38-25-96","Cereals- rice, maize, chapatti, wheat, sorghum, bread, etc",3,"No","No","No","No","Yes","No","No","No","No","No",""
"01-38-25-96","Vegetables- spinach, pumpkin, cabbage, tomato, onion",5,"No","No","No","No","Yes","No","No","No","No","No",""
"01-38-25-96","Oil/fats- oil, fat, butter, ghee, etc",5,"No","No","No","No","Yes","No","No","No","No","No",""
"01-38-25-96","Sugar and sweets- sugar, honey, sweets, desserts",7,"No","No","No","No","Yes","No","No","No","No","No",""
"01-38-25-96","Miscellaneous- tea, coffee, beverages, condiments, spices",5,"No","No","No","No","Yes","No","No","No","No","No",""
"89-39-79-72","Vegetables- spinach, pumpkin, cabbage, tomato, onion",7,"No","No","Yes","No","No","No","No","No","No","No",""
"00-49-63-51","Cereals- rice, maize, chapatti, wheat, sorghum, bread, etc",7,"No","No","No","Yes","No","No","No","No","No","No",""
"00-49-63-51","Roots and tubers- potato, sweet potato, cassava, arrow roots, cooking banana",3,"No","No","Yes","No","No","No","No","No","No","No",""
"76-58-89-37","Cereals- rice, maize, chapatti, wheat, sorghum, bread, etc",2,"No","No","No","No","Yes","No","No","No","No","No",""
"76-58-89-37","Meat, poultry, organ meat- goat, sheep, cow, chicken, liver, kidney, intestines",3,"No","No","No","No","Yes","No","No","No","No","No",""
"76-58-89-37","Oil/fats- oil, fat, butter, ghee, etc",3,"No","No","No","No","Yes","No","No","No","No","No",""
"76-58-89-37","Sugar and sweets- sugar, honey, sweets, desserts",5,"No","No","No","No","Yes","No","No","No","No","No",""
"20-56-52-98","Cereals- rice, maize, chapatti, wheat, sorghum, bread, etc",7,"Yes","No","No","No","Yes","No","No","No","No","No",""
"20-56-52-98","Vegetables- spinach, pumpkin, cabbage, tomato, onion",3,"Yes","No","No","No","No","No","No","Yes","No","No",""
"20-56-52-98","Meat, poultry, organ meat- goat, sheep, cow, chicken, liver, kidney, intestines",1,"No","No","No","No","Yes","No","No","No","No","No",""
"64-47-42-17","Cereals- rice, maize, chapatti, wheat, sorghum, bread, etc",7,"Yes","No","No","No","No","No","No","No","No","No",""
"64-47-42-17","Vegetables- spinach, pumpkin, cabbage, tomato, onion",1,"No","No","No","No","Yes","No","No","No","No","No",""
"64-47-42-17","Meat, poultry, organ meat- goat, sheep, cow, chicken, liver, kidney, intestines",1,"Yes","No","No","No","No","No","No","No","No","No",""
"64-47-42-17","Fish and seafood (dried or fresh)- sardines, dagaa/omena",3,"No","No","No","No","Yes","No","No","No","No","No",""
"64-47-42-17","Oil/fats- oil, fat, butter, ghee, etc",7,"No","No","No","No","Yes","No","No","No","No","No",""
"13-81-47-95","Cereals- rice, maize, chapatti, wheat, sorghum, bread, etc",7,"No","No","No","No","No","Yes","No","No","No","No",""
"13-81-47-95","Fish and seafood (dried or fresh)- sardines, dagaa/omena",2,"No","No","No","No","Yes","No","No","No","No","No",""
"13-81-47-95","Oil/fats- oil, fat, butter, ghee, etc",4,"No","No","No","No","No","No","Yes","No","No","No",""
"13-81-47-95","Sugar and sweets- sugar, honey, sweets, desserts",6,"No","No","No","No","Yes","No","No","No","No","No",""
"29-99-72-08","Cereals- rice, maize, chapatti, wheat, sorghum, bread, etc",7,"No","No","No","No","Yes","No","No","No","No","No",""
"29-99-72-08","Vegetables- spinach, pumpkin, cabbage, tomato, onion",3,"No","No","No","No","Yes","No","No","No","No","No",""
"29-99-72-08","Fish and seafood (dried or fresh)- sardines, dagaa/omena",2,"No","No","No","No","Yes","No","No","No","No","No",""
"29-99-72-08","Milk and milk products- fresh, powdered, yogurt, cheese, etc",2,"Yes","No","No","No","No","No","No","No","No","No",""
"29-99-72-08","Oil/fats- oil, fat, butter, ghee, etc",4,"No","No","No","No","Yes","No","No","No","No","No",""
"24-83-83-50","Cereals- rice, maize, chapatti, wheat, sorghum, bread, etc",7,"No","No","No","No","Yes","No","No","No","No","No",""
"24-83-83-50","Milk and milk products- fresh, powdered, yogurt, cheese, etc",7,"Yes","No","No","No","No","No","No","No","No","No",""
"47-22-90-00","Cereals- rice, maize, chapatti, wheat, sorghum, bread, etc",7,"No","No","No","No","Yes","No","No","No","No","No",""
"47-22-90-00","Fish and seafood (dried or fresh)- sardines, dagaa/omena",3,"No","No","No","No","Yes","No","No","No","No","No",""
"47-22-90-00","Oil/fats- oil, fat, butter, ghee, etc",3,"No","No","No","No","Yes","No","No","No","No","No",""
"98-86-29-38","Cereals- rice, maize, chapatti, wheat, sorghum, bread, etc",7,"Yes","No","No","No","Yes","No","No","Yes","No","No",""
"98-86-29-38","Vegetables- spinach, pumpkin, cabbage, tomato, onion",1,"No","No","No","No","No","No","No","Yes","No","No",""
"98-86-29-38","Fish and seafood (dried or fresh)- sardines, dagaa/omena",1,"No","No","No","No","Yes","No","No","No","No","No",""
"98-86-29-38","Oil/fats- oil, fat, butter, ghee, etc",7,"No","No","No","No","Yes","No","No","No","No","No",""
"38-47-12-60","Cereals- rice, maize, chapatti, wheat, sorghum, bread, etc",7,"No","No","No","No","Yes","No","No","No","No","No",""
"38-47-12-60","Meat, poultry, organ meat- goat, sheep, cow, chicken, liver, kidney, intestines",3,"No","No","No","No","Yes","No","No","No","No","No",""
"38-47-12-60","Oil/fats- oil, fat, butter, ghee, etc",7,"No","No","No","No","Yes","No","No","No","No","No",""
"38-47-12-60","Sugar and sweets- sugar, honey, sweets, desserts",7,"No","No","No","No","Yes","No","No","No","No","No",""
"28-88-27-77","Cereals- rice, maize, chapatti, wheat, sorghum, bread, etc",7,"No","No","No","No","No","No","No","Yes","No","No",""
"28-88-27-77","Vegetables- spinach, pumpkin, cabbage, tomato, onion",7,"Yes","No","No","No","No","No","No","No","No","No",""
"28-88-27-77","Meat, poultry, organ meat- goat, sheep, cow, chicken, liver, kidney, intestines",2,"No","No","No","No","Yes","No","No","No","No","No",""
"28-88-27-77","Oil/fats- oil, fat, butter, ghee, etc",7,"No","No","No","No","Yes","No","No","No","No","No",""
"28-88-27-77","Sugar and sweets- sugar, honey, sweets, desserts",7,"No","No","No","No","Yes","No","No","No","No","No",""
"29-11-74-01","Cereals- rice, maize, chapatti, wheat, sorghum, bread, etc",7,"No","No","No","No","Yes","No","No","No","No","No",""
"29-11-74-01","Vegetables- spinach, pumpkin, cabbage, tomato, onion",7,"Yes","No","No","No","No","No","No","No","No","No",""
"29-11-74-01","Oil/fats- oil, fat, butter, ghee, etc",7,"No","No","No","No","Yes","No","No","No","No","No",""
"23-17-08-61","Fruits- orange, mango, guava, rice paw paw/papaya, pineapple, etc",3,"No","No","No","No","No","No","No","Yes","No","No",""
"23-17-08-61","Eggs",1,"Yes","No","No","No","No","No","No","No","No","No",""
"23-17-08-61","Fish and seafood (dried or fresh)- sardines, dagaa/omena",7,"No","No","No","No","Yes","No","No","No","No","No",""
"23-17-08-61","Milk and milk products- fresh, powdered, yogurt, cheese, etc",7,"Yes","No","No","No","No","No","No","No","No","No",""
"23-17-08-61","Oil/fats- oil, fat, butter, ghee, etc",7,"No","No","No","No","Yes","No","No","No","No","No",""
"09-04-42-43","Fish and seafood (dried or fresh)- sardines, dagaa/omena",1,"No","No","No","No","Yes","No","No","No","No","No",""
"09-04-42-43","Milk and milk products- fresh, powdered, yogurt, cheese, etc",1,"Yes","No","No","No","No","No","No","No","No","No",""
"09-04-42-43","Sugar and sweets- sugar, honey, sweets, desserts",1,"No","No","No","No","Yes","No","No","No","No","No",""
"60-44-87-63","Cereals- rice, maize, chapatti, wheat, sorghum, bread, etc",7,"No","No","No","No","No","No","No","No","No","Yes","bought from the shop"
"60-44-87-63","Fruits- orange, mango, guava, rice paw paw/papaya, pineapple, etc",1,"No","No","Yes","No","No","No","No","No","No","No",""
"60-44-87-63","Meat, poultry, organ meat- goat, sheep, cow, chicken, liver, kidney, intestines",7,"No","No","No","No","No","No","No","No","No","Yes","bought from the market"
"60-44-87-63","Fish and seafood (dried or fresh)- sardines, dagaa/omena",2,"No","No","No","No","No","No","No","No","No","Yes","bought from local fishman"
"60-44-87-63","Milk and milk products- fresh, powdered, yogurt, cheese, etc",7,"Yes","No","No","No","No","No","No","No","No","No",""
"60-44-87-63","Oil/fats- oil, fat, butter, ghee, etc",7,"No","No","No","No","No","No","No","No","No","Yes","bought from the shop"
"60-44-87-63","Miscellaneous- tea, coffee, beverages, condiments, spices",2,"No","No","No","No","No","No","No","No","No","Yes","bought sugar and tea bags from the shop"
"37-91-11-53","Vegetables- spinach, pumpkin, cabbage, tomato, onion",7,"No","No","Yes","No","No","No","No","No","No","No",""
"37-91-11-53","Meat, poultry, organ meat- goat, sheep, cow, chicken, liver, kidney, intestines",1,"No","No","No","No","Yes","No","No","No","No","No",""
"37-91-11-53","Oil/fats- oil, fat, butter, ghee, etc",1,"No","No","No","No","Yes","No","No","No","No","No",""
"37-91-11-53","Sugar and sweets- sugar, honey, sweets, desserts",1,"No","No","No","No","Yes","No","No","No","No","No",""
"24-83-18-16","Cereals- rice, maize, chapatti, wheat, sorghum, bread, etc",7,"No","No","No","No","No","No","No","No","No","Yes","bought from the shop"
"24-83-18-16","Roots and tubers- potato, sweet potato, cassava, arrow roots, cooking banana",2,"No","No","No","No","No","No","No","No","No","Yes","bought from the shop"
"24-83-18-16","Vegetables- spinach, pumpkin, cabbage, tomato, onion",4,"No","No","No","No","No","No","No","No","No","Yes","bought from the local village people"
"24-83-18-16","Meat, poultry, organ meat- goat, sheep, cow, chicken, liver, kidney, intestines",7,"No","No","No","No","No","No","No","No","No","Yes","bought from the market in the village"
"24-83-18-16","Fish and seafood (dried or fresh)- sardines, dagaa/omena",1,"No","No","No","No","No","No","No","No","No","Yes","bought from the market in town"
"24-83-18-16","Oil/fats- oil, fat, butter, ghee, etc",7,"No","No","No","No","No","No","No","No","No","Yes","bought from the shop"
"24-83-18-16","Sugar and sweets- sugar, honey, sweets, desserts",5,"No","No","No","No","No","No","No","No","No","Yes","bought from the shop"
"24-83-18-16","Miscellaneous- tea, coffee, beverages, condiments, spices",2,"No","No","No","No","No","No","No","No","No","Yes","bought from the shop"
"43-94-30-73","Cereals- rice, maize, chapatti, wheat, sorghum, bread, etc",7,"Yes","No","No","No","Yes","No","No","No","No","No",""
"43-94-30-73","Vegetables- spinach, pumpkin, cabbage, tomato, onion",3,"No","No","Yes","No","No","No","No","No","No","No",""
"43-94-30-73","Milk and milk products- fresh, powdered, yogurt, cheese, etc",2,"No","No","No","No","No","No","No","Yes","No","No",""
"43-94-30-73","Oil/fats- oil, fat, butter, ghee, etc",7,"No","No","No","No","Yes","No","No","No","No","No",""
"98-89-20-76","Cereals- rice, maize, chapatti, wheat, sorghum, bread, etc",7,"No","No","No","No","Yes","No","No","No","No","No",""
"98-89-20-76","Meat, poultry, organ meat- goat, sheep, cow, chicken, liver, kidney, intestines",3,"No","No","No","No","Yes","No","No","No","No","No",""
"98-89-20-76","Milk and milk products- fresh, powdered, yogurt, cheese, etc",2,"No","No","No","No","Yes","No","No","No","No","No",""
"18-82-94-56","Cereals- rice, maize, chapatti, wheat, sorghum, bread, etc",7,"Yes","No","No","No","No","No","No","No","No","No",""
"18-82-94-56","Milk and milk products- fresh, powdered, yogurt, cheese, etc",7,"Yes","No","No","No","No","No","No","No","No","No",""
"15-08-96-97","Fruits- orange, mango, guava, rice paw paw/papaya, pineapple, etc",1,"No","No","No","No","No","No","No","Yes","No","No",""
"15-08-96-97","Fish and seafood (dried or fresh)- sardines, dagaa/omena",7,"No","Yes","No","No","No","No","No","No","No","No",""
"15-08-96-97","Milk and milk products- fresh, powdered, yogurt, cheese, etc",3,"No","No","No","No","Yes","No","No","No","No","No",""
"59-27-01-58","Cereals- rice, maize, chapatti, wheat, sorghum, bread, etc",7,"No","No","No","Yes","No","No","No","No","No","No",""
"59-27-01-58","Vegetables- spinach, pumpkin, cabbage, tomato, onion",2,"No","No","No","No","Yes","No","No","No","No","No",""
"59-27-01-58","Meat, poultry, organ meat- goat, sheep, cow, chicken, liver, kidney, intestines",1,"No","No","No","No","Yes","No","No","No","No","No",""
"59-27-01-58","Fish and seafood (dried or fresh)- sardines, dagaa/omena",7,"No","No","Yes","No","No","No","No","No","No","No",""
"06-40-81-20","Cereals- rice, maize, chapatti, wheat, sorghum, bread, etc",4,"No","No","No","No","Yes","No","No","No","No","No",""
"06-40-81-20","Fish and seafood (dried or fresh)- sardines, dagaa/omena",2,"No","No","No","No","Yes","No","No","No","No","No",""
"63-00-59-35","Cereals- rice, maize, chapatti, wheat, sorghum, bread, etc",7,"No","No","No","No","Yes","No","No","No","No","No",""
"63-00-59-35","Fish and seafood (dried or fresh)- sardines, dagaa/omena",3,"No","No","No","No","Yes","No","No","No","No","No",""
"63-00-59-35","Oil/fats- oil, fat, butter, ghee, etc",6,"No","No","No","No","Yes","No","No","No","No","No",""
"20-12-20-33","Cereals- rice, maize, chapatti, wheat, sorghum, bread, etc",1,"No","No","No","Yes","No","No","No","No","No","No",""
"20-12-20-33","Fish and seafood (dried or fresh)- sardines, dagaa/omena",1,"No","No","No","No","Yes","No","No","No","No","No",""
"20-12-20-33","Milk and milk products- fresh, powdered, yogurt, cheese, etc",3,"No","No","No","No","Yes","No","No","No","No","No",""
"20-12-20-33","Oil/fats- oil, fat, butter, ghee, etc",7,"No","No","No","No","Yes","No","No","No","No","No",""
"20-12-20-33","Sugar and sweets- sugar, honey, sweets, desserts",7,"No","No","No","No","Yes","No","No","No","No","No",""
"20-12-20-33","Miscellaneous- tea, coffee, beverages, condiments, spices",7,"No","No","No","No","Yes","No","No","No","No","No",""
"13-16-46-47","Meat, poultry, organ meat- goat, sheep, cow, chicken, liver, kidney, intestines",3,"No","No","No","No","Yes","No","No","No","No","No",""
"13-16-46-47","Fish and seafood (dried or fresh)- sardines, dagaa/omena",2,"No","Yes","No","No","No","No","No","No","No","No",""
"12-47-95-08","Cereals- rice, maize, chapatti, wheat, sorghum, bread, etc",7,"Yes","No","No","No","Yes","No","No","No","No","No",""
"12-47-95-08","Meat, poultry, organ meat- goat, sheep, cow, chicken, liver, kidney, intestines",3,"No","No","No","No","Yes","No","No","No","No","No",""
"12-47-95-08","Fish and seafood (dried or fresh)- sardines, dagaa/omena",1,"No","No","No","No","Yes","No","No","No","No","No",""
"12-47-95-08","Milk and milk products- fresh, powdered, yogurt, cheese, etc",1,"No","No","No","No","Yes","No","No","No","No","No",""
"12-47-95-08","Oil/fats- oil, fat, butter, ghee, etc",6,"No","No","No","No","Yes","No","No","No","No","No",""
"49-36-47-00","Cereals- rice, maize, chapatti, wheat, sorghum, bread, etc",5,"Yes","No","No","No","No","No","No","No","No","No",""
"49-36-47-00","Fish and seafood (dried or fresh)- sardines, dagaa/omena",5,"No","No","No","No","Yes","No","No","No","No","No",""
"49-36-47-00","Milk and milk products- fresh, powdered, yogurt, cheese, etc",1,"Yes","No","No","No","No","No","No","No","No","No",""
"49-36-47-00","Oil/fats- oil, fat, butter, ghee, etc",5,"No","No","No","No","Yes","No","No","No","No","No",""
"49-36-47-00","Sugar and sweets- sugar, honey, sweets, desserts",3,"No","No","No","No","Yes","No","No","No","No","No",""
"69-98-34-60","Meat, poultry, organ meat- goat, sheep, cow, chicken, liver, kidney, intestines",1,"No","No","No","No","Yes","No","No","No","No","No",""
"69-98-34-60","Fish and seafood (dried or fresh)- sardines, dagaa/omena",1,"No","No","No","No","Yes","No","No","No","No","No",""
"69-98-34-60","Oil/fats- oil, fat, butter, ghee, etc",7,"No","No","No","No","Yes","No","No","No","No","No",""
"11-55-67-72","Cereals- rice, maize, chapatti, wheat, sorghum, bread, etc",3,"No","No","No","No","Yes","No","No","No","No","No",""
"11-55-67-72","Vegetables- spinach, pumpkin, cabbage, tomato, onion",2,"No","No","No","No","Yes","No","No","No","No","No",""
"11-55-67-72","Meat, poultry, organ meat- goat, sheep, cow, chicken, liver, kidney, intestines",1,"No","No","No","No","Yes","No","No","No","No","No",""
"11-55-67-72","Milk and milk products- fresh, powdered, yogurt, cheese, etc",2,"Yes","No","No","No","No","No","No","No","No","No",""
"86-18-52-98","Cereals- rice, maize, chapatti, wheat, sorghum, bread, etc",7,"No","No","No","No","Yes","No","No","No","No","No",""
"86-18-52-98","Fish and seafood (dried or fresh)- sardines, dagaa/omena",7,"Yes","No","No","No","No","No","No","No","No","No",""
"86-18-52-98","Milk and milk products- fresh, powdered, yogurt, cheese, etc",2,"No","No","No","No","Yes","No","No","No","No","No",""
"86-18-52-98","Oil/fats- oil, fat, butter, ghee, etc",7,"No","No","No","No","Yes","No","No","No","No","No",""
"86-18-52-98","Sugar and sweets- sugar, honey, sweets, desserts",4,"No","No","No","No","Yes","No","No","No","No","No",""
"86-18-52-98","Miscellaneous- tea, coffee, beverages, condiments, spices",1,"No","No","No","No","Yes","No","No","No","No","No",""
"59-98-46-38","Meat, poultry, organ meat- goat, sheep, cow, chicken, liver, kidney, intestines",1,"No","No","No","No","No","No","No","Yes","No","No",""
"59-98-46-38","Fish and seafood (dried or fresh)- sardines, dagaa/omena",3,"No","No","No","No","Yes","No","No","No","No","No",""
"59-98-46-38","Milk and milk products- fresh, powdered, yogurt, cheese, etc",3,"No","No","No","No","No","No","No","Yes","No","No",""
"59-98-46-38","Oil/fats- oil, fat, butter, ghee, etc",3,"No","No","No","No","Yes","No","No","No","No","No",""
"87-83-58-77","Roots and tubers- potato, sweet potato, cassava, arrow roots, cooking banana",1,"Yes","No","No","No","No","No","No","No","No","No",""
"87-83-58-77","Meat, poultry, organ meat- goat, sheep, cow, chicken, liver, kidney, intestines",1,"No","No","No","No","No","No","No","Yes","No","No",""
"87-83-58-77","Fish and seafood (dried or fresh)- sardines, dagaa/omena",2,"No","No","No","No","No","No","No","Yes","No","No",""
"15-59-01-11","Cereals- rice, maize, chapatti, wheat, sorghum, bread, etc",7,"No","No","No","No","Yes","No","No","No","No","No",""
"15-59-01-11","Roots and tubers- potato, sweet potato, cassava, arrow roots, cooking banana",3,"No","No","No","No","Yes","No","No","No","No","No",""
"15-59-01-11","Vegetables- spinach, pumpkin, cabbage, tomato, onion",2,"No","No","No","No","Yes","No","No","No","No","No",""
"15-59-01-11","Fruits- orange, mango, guava, rice paw paw/papaya, pineapple, etc",1,"Yes","No","No","No","No","No","No","No","No","No",""
"15-59-01-11","Meat, poultry, organ meat- goat, sheep, cow, chicken, liver, kidney, intestines",4,"No","No","No","No","Yes","No","No","No","No","No",""
"15-59-01-11","Eggs",1,"No","No","No","No","Yes","No","No","No","No","No",""
"15-59-01-11","Fish and seafood (dried or fresh)- sardines, dagaa/omena",7,"No","No","No","No","Yes","No","No","No","No","No",""
"15-59-01-11","Milk and milk products- fresh, powdered, yogurt, cheese, etc",2,"No","No","No","No","No","No","No","Yes","No","No",""
"15-59-01-11","Oil/fats- oil, fat, butter, ghee, etc",7,"No","No","No","No","Yes","No","No","No","No","No",""
"15-59-01-11","Sugar and sweets- sugar, honey, sweets, desserts",3,"No","No","No","No","Yes","No","No","No","No","No",""
"15-59-01-11","Miscellaneous- tea, coffee, beverages, condiments, spices",6,"No","No","No","No","Yes","No","No","No","No","No",""
"74-82-76-84","Cereals- rice, maize, chapatti, wheat, sorghum, bread, etc",5,"No","No","No","No","Yes","No","No","No","No","No",""
"74-82-76-84","Vegetables- spinach, pumpkin, cabbage, tomato, onion",7,"No","No","No","No","Yes","No","No","No","No","No",""
"74-82-76-84","Fruits- orange, mango, guava, rice paw paw/papaya, pineapple, etc",5,"No","No","No","No","Yes","No","No","No","No","No",""
"74-82-76-84","Meat, poultry, organ meat- goat, sheep, cow, chicken, liver, kidney, intestines",4,"No","No","No","No","Yes","No","No","No","No","No",""
"74-82-76-84","Eggs",2,"No","No","No","No","Yes","No","No","No","No","No",""
"74-82-76-84","Milk and milk products- fresh, powdered, yogurt, cheese, etc",3,"No","No","No","No","Yes","No","No","No","No","No",""
"74-82-76-84","Oil/fats- oil, fat, butter, ghee, etc",7,"No","No","No","No","Yes","No","No","No","No","No",""
"74-82-76-84","Sugar and sweets- sugar, honey, sweets, desserts",7,"No","No","No","No","Yes","No","No","No","No","No",""
"74-82-76-84","Miscellaneous- tea, coffee, beverages, condiments, spices",6,"No","No","No","No","Yes","No","No","No","No","No",""
"08-93-57-76","Cereals- rice, maize, chapatti, wheat, sorghum, bread, etc",7,"No","No","No","No","Yes","No","No","No","No","No",""
"08-93-57-76","Fish and seafood (dried or fresh)- sardines, dagaa/omena",3,"No","No","No","No","Yes","No","No","No","No","No",""
"08-93-57-76","Pulses, legumes, nuts, seeds",4,"No","No","No","No","Yes","No","No","No","No","No",""
"08-93-57-76","Oil/fats- oil, fat, butter, ghee, etc",7,"No","No","No","No","Yes","No","No","No","No","No",""
"70-90-57-92","Cereals- rice, maize, chapatti, wheat, sorghum, bread, etc",1,"No","No","No","No","Yes","No","No","No","No","No",""
"70-90-57-92","Vegetables- spinach, pumpkin, cabbage, tomato, onion",1,"No","No","No","Yes","No","No","No","No","No","No",""
"70-90-57-92","Oil/fats- oil, fat, butter, ghee, etc",7,"No","No","No","No","Yes","No","No","No","No","No",""
"70-90-57-92","Sugar and sweets- sugar, honey, sweets, desserts",7,"No","No","No","No","Yes","No","No","No","No","No",""
"70-90-57-92","Miscellaneous- tea, coffee, beverages, condiments, spices",7,"No","No","No","No","Yes","No","No","No","No","No",""
"50-31-04-37","Cereals- rice, maize, chapatti, wheat, sorghum, bread, etc",7,"Yes","No","No","No","No","No","No","No","No","No",""
"50-31-04-37","Milk and milk products- fresh, powdered, yogurt, cheese, etc",4,"No","No","No","No","Yes","No","No","No","No","No",""
"50-31-04-37","Oil/fats- oil, fat, butter, ghee, etc",7,"No","No","No","No","Yes","No","No","No","No","No",""
"50-31-04-37","Sugar and sweets- sugar, honey, sweets, desserts",7,"No","No","No","No","Yes","No","No","No","No","No",""
"67-02-08-74","Eggs",2,"No","No","No","No","Yes","No","No","No","No","No",""
"67-02-08-74","Fish and seafood (dried or fresh)- sardines, dagaa/omena",7,"No","Yes","No","No","No","No","No","No","No","No",""
"67-02-08-74","Milk and milk products- fresh, powdered, yogurt, cheese, etc",7,"No","No","No","No","Yes","No","No","No","No","No",""
"67-02-08-74","Oil/fats- oil, fat, butter, ghee, etc",7,"No","No","No","No","No","No","Yes","No","No","No",""
"67-02-08-74","Sugar and sweets- sugar, honey, sweets, desserts",7,"No","No","No","No","No","No","Yes","No","No","No",""
"67-02-08-74","Miscellaneous- tea, coffee, beverages, condiments, spices",1,"No","No","No","No","Yes","No","No","No","No","No",""
"53-15-78-38","Cereals- rice, maize, chapatti, wheat, sorghum, bread, etc",2,"No","No","No","No","Yes","No","No","No","No","No",""
"53-15-78-38","Meat, poultry, organ meat- goat, sheep, cow, chicken, liver, kidney, intestines",7,"No","No","No","No","Yes","No","No","No","No","No",""
"53-15-78-38","Milk and milk products- fresh, powdered, yogurt, cheese, etc",7,"Yes","No","No","No","No","No","No","No","No","No",""
"53-15-78-38","Oil/fats- oil, fat, butter, ghee, etc",7,"No","No","No","No","Yes","No","No","No","No","No",""
"32-33-43-26","Cereals- rice, maize, chapatti, wheat, sorghum, bread, etc",7,"No","No","No","No","Yes","No","No","No","No","No",""
"32-33-43-26","Vegetables- spinach, pumpkin, cabbage, tomato, onion",7,"No","No","Yes","No","No","No","No","No","No","No",""
"32-33-43-26","Oil/fats- oil, fat, butter, ghee, etc",7,"No","No","No","No","Yes","No","No","No","No","No",""
"46-04-74-49","Cereals- rice, maize, chapatti, wheat, sorghum, bread, etc",7,"No","No","No","No","Yes","No","No","No","No","No",""
"46-04-74-49","Vegetables- spinach, pumpkin, cabbage, tomato, onion",7,"No","No","No","No","Yes","No","No","No","No","No",""
"46-04-74-49","Meat, poultry, organ meat- goat, sheep, cow, chicken, liver, kidney, intestines",2,"No","No","No","No","Yes","No","No","No","No","No",""
"46-04-74-49","Fish and seafood (dried or fresh)- sardines, dagaa/omena",7,"No","Yes","No","No","No","No","No","No","No","No",""
"46-04-74-49","Oil/fats- oil, fat, butter, ghee, etc",7,"No","No","No","No","Yes","No","No","No","No","No",""
"46-04-74-49","Sugar and sweets- sugar, honey, sweets, desserts",5,"No","No","No","No","Yes","No","No","No","No","No",""
"35-13-76-39","Cereals- rice, maize, chapatti, wheat, sorghum, bread, etc",7,"No","No","No","No","Yes","No","No","No","No","No",""
"35-13-76-39","Vegetables- spinach, pumpkin, cabbage, tomato, onion",1,"No","No","No","No","Yes","No","No","No","No","No",""
"35-13-76-39","Meat, poultry, organ meat- goat, sheep, cow, chicken, liver, kidney, intestines",6,"No","No","No","No","Yes","No","No","No","No","No",""
"35-13-76-39","Fish and seafood (dried or fresh)- sardines, dagaa/omena",5,"No","No","No","No","Yes","No","No","No","No","No",""
"35-13-76-39","Milk and milk products- fresh, powdered, yogurt, cheese, etc",7,"Yes","No","No","No","No","No","No","No","No","No",""
"35-13-76-39","Oil/fats- oil, fat, butter, ghee, etc",6,"No","No","No","No","Yes","No","No","No","No","No",""
"16-06-75-38","Cereals- rice, maize, chapatti, wheat, sorghum, bread, etc",2,"Yes","No","No","No","No","No","No","No","No","No",""
"16-06-75-38","Pulses, legumes, nuts, seeds",2,"No","No","No","No","Yes","No","No","No","No","No",""
"27-27-07-57","Cereals- rice, maize, chapatti, wheat, sorghum, bread, etc",7,"Yes","No","No","Yes","Yes","No","No","No","No","No",""
"27-27-07-57","Vegetables- spinach, pumpkin, cabbage, tomato, onion",3,"No","No","No","No","Yes","No","No","No","No","No",""
"02-68-96-18","Cereals- rice, maize, chapatti, wheat, sorghum, bread, etc",2,"No","No","No","No","Yes","No","No","No","No","No",""
"02-68-96-18","Meat, poultry, organ meat- goat, sheep, cow, chicken, liver, kidney, intestines",1,"No","No","No","No","Yes","No","No","No","No","No",""
"02-68-96-18","Fish and seafood (dried or fresh)- sardines, dagaa/omena",1,"No","No","No","No","Yes","No","No","No","No","No",""
"02-68-96-18","Sugar and sweets- sugar, honey, sweets, desserts",2,"No","No","No","No","Yes","No","No","No","No","No",""
"43-77-79-21","Fish and seafood (dried or fresh)- sardines, dagaa/omena",1,"No","Yes","No","No","No","No","No","No","No","No",""
"43-77-79-21","Oil/fats- oil, fat, butter, ghee, etc",2,"No","No","No","No","No","No","No","Yes","No","No",""
"11-26-50-63","Cereals- rice, maize, chapatti, wheat, sorghum, bread, etc",3,"Yes","No","No","No","No","No","No","No","No","No",""
"11-26-50-63","Fish and seafood (dried or fresh)- sardines, dagaa/omena",1,"No","No","No","No","Yes","No","No","No","No","No",""
"11-26-50-63","Milk and milk products- fresh, powdered, yogurt, cheese, etc",2,"No","No","No","Yes","No","No","No","No","No","No",""
"28-01-01-55","Fish and seafood (dried or fresh)- sardines, dagaa/omena",2,"No","No","No","No","No","No","No","Yes","No","No",""
"32-20-61-73","Cereals- rice, maize, chapatti, wheat, sorghum, bread, etc",1,"Yes","No","No","No","No","No","No","No","No","No",""
"32-20-61-73","Roots and tubers- potato, sweet potato, cassava, arrow roots, cooking banana",1,"No","No","No","No","No","No","No","Yes","No","No",""
"32-20-61-73","Vegetables- spinach, pumpkin, cabbage, tomato, onion",1,"No","No","No","No","No","No","No","Yes","No","No",""
"32-20-61-73","Fish and seafood (dried or fresh)- sardines, dagaa/omena",1,"No","No","No","No","No","No","No","Yes","No","No",""
"32-20-61-73","Pulses, legumes, nuts, seeds",2,"Yes","No","No","No","No","No","No","No","No","No",""
"32-20-61-73","Oil/fats- oil, fat, butter, ghee, etc",2,"No","No","No","No","No","No","No","Yes","No","No",""
"32-20-61-73","Sugar and sweets- sugar, honey, sweets, desserts",2,"No","No","No","No","No","No","No","Yes","No","No",""
"20-30-02-96","Cereals- rice, maize, chapatti, wheat, sorghum, bread, etc",7,"No","No","No","No","Yes","No","No","No","No","No",""
"20-30-02-96","Fish and seafood (dried or fresh)- sardines, dagaa/omena",6,"No","No","No","No","Yes","No","No","No","No","No",""
"20-30-02-96","Oil/fats- oil, fat, butter, ghee, etc",7,"No","No","No","No","Yes","No","No","No","No","No",""
"91-05-38-43","Cereals- rice, maize, chapatti, wheat, sorghum, bread, etc",7,"No","No","No","No","Yes","No","No","No","No","No",""
"91-05-38-43","Vegetables- spinach, pumpkin, cabbage, tomato, onion",5,"Yes","No","No","No","No","No","No","No","No","No",""
"91-05-38-43","Fruits- orange, mango, guava, rice paw paw/papaya, pineapple, etc",5,"Yes","No","No","No","No","No","No","No","No","No",""
"91-05-38-43","Meat, poultry, organ meat- goat, sheep, cow, chicken, liver, kidney, intestines",5,"Yes","No","No","No","No","No","No","No","No","No",""
"91-05-38-43","Eggs",7,"Yes","No","No","No","No","No","No","No","No","No",""
"91-05-38-43","Oil/fats- oil, fat, butter, ghee, etc",7,"No","No","No","No","Yes","No","No","No","No","No",""
"44-19-28-63","Cereals- rice, maize, chapatti, wheat, sorghum, bread, etc",7,"No","No","No","No","Yes","No","No","No","No","No",""
"44-19-28-63","Vegetables- spinach, pumpkin, cabbage, tomato, onion",5,"No","No","No","No","Yes","No","No","No","No","No",""
"44-19-28-63","Meat, poultry, organ meat- goat, sheep, cow, chicken, liver, kidney, intestines",2,"No","No","No","No","Yes","No","No","No","No","No",""
"44-19-28-63","Fish and seafood (dried or fresh)- sardines, dagaa/omena",7,"No","Yes","No","No","No","No","No","No","No","No",""
"44-19-28-63","Milk and milk products- fresh, powdered, yogurt, cheese, etc",2,"No","No","No","No","No","No","No","Yes","No","No",""
"44-19-28-63","Oil/fats- oil, fat, butter, ghee, etc",7,"No","No","No","No","Yes","No","No","No","No","No",""
"44-19-28-63","Sugar and sweets- sugar, honey, sweets, desserts",7,"No","No","No","No","Yes","No","No","No","No","No",""
"72-93-96-93","Cereals- rice, maize, chapatti, wheat, sorghum, bread, etc",7,"No","No","No","No","Yes","No","No","No","No","No",""
"72-93-96-93","Roots and tubers- potato, sweet potato, cassava, arrow roots, cooking banana",3,"No","No","No","No","Yes","No","No","No","No","No",""
"72-93-96-93","Vegetables- spinach, pumpkin, cabbage, tomato, onion",1,"Yes","No","No","No","No","No","No","No","No","No",""
"72-93-96-93","Meat, poultry, organ meat- goat, sheep, cow, chicken, liver, kidney, intestines",5,"No","No","No","No","Yes","No","No","No","No","No",""
"72-93-96-93","Fish and seafood (dried or fresh)- sardines, dagaa/omena",7,"No","No","No","No","Yes","No","No","No","No","No",""
"72-93-96-93","Oil/fats- oil, fat, butter, ghee, etc",7,"No","No","No","No","Yes","No","No","No","No","No",""
"72-93-96-93","Sugar and sweets- sugar, honey, sweets, desserts",7,"No","No","No","No","Yes","No","No","No","No","No",""
"23-83-04-10","Cereals- rice, maize, chapatti, wheat, sorghum, bread, etc",7,"No","No","No","No","Yes","No","No","No","No","No",""
"23-83-04-10","Vegetables- spinach, pumpkin, cabbage, tomato, onion",4,"Yes","No","No","No","No","No","No","No","No","No",""
"23-83-04-10","Meat, poultry, organ meat- goat, sheep, cow, chicken, liver, kidney, intestines",5,"No","No","No","No","Yes","No","No","No","No","No",""
"23-83-04-10","Fish and seafood (dried or fresh)- sardines, dagaa/omena",3,"No","No","No","No","Yes","No","No","No","No","No",""
"23-83-04-10","Milk and milk products- fresh, powdered, yogurt, cheese, etc",3,"Yes","No","No","No","No","No","No","No","No","No",""
"23-83-04-10","Oil/fats- oil, fat, butter, ghee, etc",7,"No","No","No","No","Yes","No","No","No","No","No",""
"66-67-12-43","Cereals- rice, maize, chapatti, wheat, sorghum, bread, etc",7,"Yes","No","No","No","No","No","No","No","No","No",""
"66-67-12-43","Vegetables- spinach, pumpkin, cabbage, tomato, onion",7,"No","No","Yes","No","No","No","No","No","No","No",""
"66-67-12-43","Fruits- orange, mango, guava, rice paw paw/papaya, pineapple, etc",4,"Yes","No","No","No","No","No","No","No","No","No",""
"66-67-12-43","Meat, poultry, organ meat- goat, sheep, cow, chicken, liver, kidney, intestines",1,"Yes","No","No","No","No","No","No","No","No","No",""
"66-67-12-43","Milk and milk products- fresh, powdered, yogurt, cheese, etc",7,"No","No","No","No","Yes","No","No","No","No","No",""
"66-67-12-43","Oil/fats- oil, fat, butter, ghee, etc",7,"No","No","No","No","Yes","No","No","No","No","No",""
"66-67-12-43","Sugar and sweets- sugar, honey, sweets, desserts",7,"No","No","No","No","Yes","No","No","No","No","No",""
"10-88-25-17","Cereals- rice, maize, chapatti, wheat, sorghum, bread, etc",7,"No","No","No","No","No","No","No","No","No","Yes","Bought from the shop"
"10-88-25-17","Meat, poultry, organ meat- goat, sheep, cow, chicken, liver, kidney, intestines",2,"No","No","No","No","No","No","No","Yes","No","No",""
"10-88-25-17","Fish and seafood (dried or fresh)- sardines, dagaa/omena",4,"No","No","No","No","No","No","No","No","No","Yes","bought from the market"
"10-88-25-17","Oil/fats- oil, fat, butter, ghee, etc",7,"No","No","No","No","No","No","No","No","No","Yes","Bought from the shop"
"15-20-57-47","Cereals- rice, maize, chapatti, wheat, sorghum, bread, etc",7,"No","No","No","No","Yes","No","No","No","No","No",""
"15-20-57-47","Vegetables- spinach, pumpkin, cabbage, tomato, onion",2,"Yes","No","No","No","No","No","No","No","No","No",""
"15-20-57-47","Fish and seafood (dried or fresh)- sardines, dagaa/omena",5,"No","No","No","No","Yes","No","No","No","No","No",""
"15-20-57-47","Oil/fats- oil, fat, butter, ghee, etc",4,"No","No","No","No","Yes","No","No","No","No","No",""
"36-81-71-64","Cereals- rice, maize, chapatti, wheat, sorghum, bread, etc",3,"No","No","No","No","Yes","No","No","No","No","No",""
"36-81-71-64","Meat, poultry, organ meat- goat, sheep, cow, chicken, liver, kidney, intestines",1,"No","No","No","No","No","No","No","Yes","No","No",""
"36-81-71-64","Fish and seafood (dried or fresh)- sardines, dagaa/omena",7,"No","No","No","No","Yes","No","No","No","No","No",""
"36-81-71-64","Milk and milk products- fresh, powdered, yogurt, cheese, etc",7,"Yes","No","No","No","No","No","No","No","No","No",""
"36-81-71-64","Oil/fats- oil, fat, butter, ghee, etc",7,"No","No","No","No","Yes","No","No","No","No","No",""
"36-81-71-64","Sugar and sweets- sugar, honey, sweets, desserts",7,"No","No","No","No","Yes","No","No","No","No","No",""
"36-81-71-64","Miscellaneous- tea, coffee, beverages, condiments, spices",7,"No","No","No","No","Yes","No","No","No","No","No",""
"34-71-72-72","Cereals- rice, maize, chapatti, wheat, sorghum, bread, etc",4,"No","No","No","No","Yes","No","No","No","No","No",""
"34-71-72-72","Vegetables- spinach, pumpkin, cabbage, tomato, onion",3,"Yes","No","No","No","No","No","No","No","No","No",""
"34-71-72-72","Fruits- orange, mango, guava, rice paw paw/papaya, pineapple, etc",1,"No","No","No","No","No","No","No","Yes","No","No",""
"34-71-72-72","Meat, poultry, organ meat- goat, sheep, cow, chicken, liver, kidney, intestines",1,"No","No","No","No","No","No","No","Yes","No","No",""
"34-71-72-72","Eggs",2,"Yes","No","No","No","No","No","No","No","No","No",""
"34-71-72-72","Pulses, legumes, nuts, seeds",1,"Yes","No","No","No","No","No","No","No","No","No",""
"34-71-72-72","Oil/fats- oil, fat, butter, ghee, etc",7,"No","No","No","No","Yes","No","No","No","No","No",""
"34-71-72-72","Sugar and sweets- sugar, honey, sweets, desserts",7,"No","No","No","No","Yes","No","No","No","No","No",""
"34-71-72-72","Miscellaneous- tea, coffee, beverages, condiments, spices",4,"No","No","No","No","Yes","No","No","No","No","No",""
"66-60-15-44","Cereals- rice, maize, chapatti, wheat, sorghum, bread, etc",7,"No","No","No","No","Yes","No","No","No","No","No",""
"66-60-15-44","Vegetables- spinach, pumpkin, cabbage, tomato, onion",2,"No","No","No","No","Yes","No","No","No","No","No",""
"66-60-15-44","Meat, poultry, organ meat- goat, sheep, cow, chicken, liver, kidney, intestines",2,"No","No","No","No","Yes","No","No","No","No","No",""
"66-60-15-44","Fish and seafood (dried or fresh)- sardines, dagaa/omena",1,"No","No","No","No","Yes","No","No","No","No","No",""
"66-60-15-44","Milk and milk products- fresh, powdered, yogurt, cheese, etc",7,"Yes","No","No","No","No","No","No","No","No","No",""
"66-60-15-44","Oil/fats- oil, fat, butter, ghee, etc",7,"No","No","No","No","Yes","No","No","No","No","No",""
"66-60-15-44","Sugar and sweets- sugar, honey, sweets, desserts",7,"No","No","No","No","Yes","No","No","No","No","No",""
"86-30-61-13","Cereals- rice, maize, chapatti, wheat, sorghum, bread, etc",7,"Yes","No","No","No","No","No","No","No","No","No",""
"86-30-61-13","Vegetables- spinach, pumpkin, cabbage, tomato, onion",1,"Yes","No","No","No","No","No","No","No","No","No",""
"86-30-61-13","Pulses, legumes, nuts, seeds",4,"No","No","No","No","No","No","No","Yes","No","No",""
"86-30-61-13","Oil/fats- oil, fat, butter, ghee, etc",7,"No","No","No","No","Yes","No","No","No","No","No",""
"36-54-39-30","Cereals- rice, maize, chapatti, wheat, sorghum, bread, etc",7,"No","No","No","No","Yes","No","No","No","No","Yes","Pounding maize"
"36-54-39-30","Vegetables- spinach, pumpkin, cabbage, tomato, onion",2,"Yes","No","No","No","No","No","No","No","No","No",""
"74-23-76-31","Cereals- rice, maize, chapatti, wheat, sorghum, bread, etc",7,"No","No","No","No","Yes","No","No","No","No","No",""
"74-23-76-31","Vegetables- spinach, pumpkin, cabbage, tomato, onion",2,"Yes","No","No","No","No","No","No","No","No","No",""
"74-23-76-31","Fish and seafood (dried or fresh)- sardines, dagaa/omena",7,"No","No","No","No","Yes","No","No","No","No","No",""
"22-34-78-24","Cereals- rice, maize, chapatti, wheat, sorghum, bread, etc",7,"No","No","No","No","Yes","No","No","No","No","No",""
"22-34-78-24","Meat, poultry, organ meat- goat, sheep, cow, chicken, liver, kidney, intestines",5,"No","No","No","No","Yes","No","No","No","No","No",""
"22-34-78-24","Oil/fats- oil, fat, butter, ghee, etc",7,"No","No","No","No","Yes","No","No","No","No","No",""
"78-05-45-34","Vegetables- spinach, pumpkin, cabbage, tomato, onion",2,"No","No","No","No","Yes","No","No","No","No","No",""
"78-05-45-34","Fish and seafood (dried or fresh)- sardines, dagaa/omena",2,"No","Yes","No","No","No","No","No","No","No","No",""
"05-02-80-96","Cereals- rice, maize, chapatti, wheat, sorghum, bread, etc",7,"No","No","No","No","Yes","No","No","No","No","No",""
"05-02-80-96","Vegetables- spinach, pumpkin, cabbage, tomato, onion",2,"Yes","No","No","No","No","No","No","No","No","No",""
"05-02-80-96","Fish and seafood (dried or fresh)- sardines, dagaa/omena",2,"No","No","No","No","Yes","No","No","No","No","No",""
"05-02-80-96","Milk and milk products- fresh, powdered, yogurt, cheese, etc",7,"Yes","No","No","No","No","No","No","No","No","No",""
"05-02-80-96","Oil/fats- oil, fat, butter, ghee, etc",7,"No","No","No","No","Yes","No","No","No","No","No",""
"83-39-85-57","Cereals- rice, maize, chapatti, wheat, sorghum, bread, etc",7,"No","No","No","No","Yes","No","No","No","No","No",""
"83-39-85-57","Fish and seafood (dried or fresh)- sardines, dagaa/omena",3,"No","No","No","No","Yes","No","No","No","No","Yes","catching in mosquito nets"
"83-39-85-57","Oil/fats- oil, fat, butter, ghee, etc",4,"No","No","No","No","Yes","No","No","No","No","No",""
"02-11-27-45","Cereals- rice, maize, chapatti, wheat, sorghum, bread, etc",2,"No","No","No","No","No","No","No","Yes","No","No",""
"02-11-27-45","Vegetables- spinach, pumpkin, cabbage, tomato, onion",2,"No","No","Yes","No","No","No","No","No","No","No",""
"02-11-27-45","Meat, poultry, organ meat- goat, sheep, cow, chicken, liver, kidney, intestines",2,"No","No","No","No","Yes","No","No","No","No","No",""
"02-11-27-45","Milk and milk products- fresh, powdered, yogurt, cheese, etc",1,"Yes","No","No","No","No","No","No","No","No","No",""
"66-26-16-39","Cereals- rice, maize, chapatti, wheat, sorghum, bread, etc",7,"No","No","No","No","Yes","No","No","No","No","No",""
"66-26-16-39","Vegetables- spinach, pumpkin, cabbage, tomato, onion",3,"No","No","No","No","Yes","No","No","No","No","No",""
"66-26-16-39","Meat, poultry, organ meat- goat, sheep, cow, chicken, liver, kidney, intestines",2,"No","No","No","No","Yes","No","No","No","No","No",""
"66-26-16-39","Fish and seafood (dried or fresh)- sardines, dagaa/omena",7,"No","Yes","No","No","No","No","No","No","No","No",""
"66-26-16-39","Milk and milk products- fresh, powdered, yogurt, cheese, etc",7,"Yes","No","No","No","No","No","No","No","No","No",""
"66-26-16-39","Oil/fats- oil, fat, butter, ghee, etc",7,"No","Yes","No","No","No","No","No","No","No","No",""
"66-26-16-39","Sugar and sweets- sugar, honey, sweets, desserts",5,"No","No","No","No","Yes","No","No","No","No","No",""
"74-47-09-34","Cereals- rice, maize, chapatti, wheat, sorghum, bread, etc",1,"Yes","No","No","No","No","No","No","No","No","No",""
"74-47-09-34","Meat, poultry, organ meat- goat, sheep, cow, chicken, liver, kidney, intestines",1,"No","No","No","No","Yes","No","No","No","No","No",""
"74-47-09-34","Fish and seafood (dried or fresh)- sardines, dagaa/omena",2,"No","No","No","No","Yes","No","No","No","No","No",""
"74-47-09-34","Oil/fats- oil, fat, butter, ghee, etc",7,"No","No","No","No","Yes","No","No","No","No","No",""
"74-42-03-33","Cereals- rice, maize, chapatti, wheat, sorghum, bread, etc",7,"No","No","No","No","Yes","No","No","No","No","No",""
"74-42-03-33","Vegetables- spinach, pumpkin, cabbage, tomato, onion",7,"No","No","No","No","Yes","No","No","No","No","No",""
"74-42-03-33","Meat, poultry, organ meat- goat, sheep, cow, chicken, liver, kidney, intestines",2,"No","No","No","No","No","No","No","Yes","No","No",""
"74-42-03-33","Fish and seafood (dried or fresh)- sardines, dagaa/omena",7,"No","Yes","No","No","No","No","No","No","No","No",""
"74-42-03-33","Oil/fats- oil, fat, butter, ghee, etc",3,"No","No","No","No","Yes","No","No","No","No","No",""
"74-42-03-33","Sugar and sweets- sugar, honey, sweets, desserts",3,"No","No","No","No","Yes","No","No","No","No","No",""
"24-64-36-53","Cereals- rice, maize, chapatti, wheat, sorghum, bread, etc",7,"Yes","No","No","No","Yes","No","No","No","No","No",""
"24-64-36-53","Vegetables- spinach, pumpkin, cabbage, tomato, onion",2,"No","No","No","No","Yes","No","No","No","No","No",""
"24-64-36-53","Oil/fats- oil, fat, butter, ghee, etc",3,"No","No","No","No","Yes","No","No","No","No","No",""
"39-16-84-49","Meat, poultry, organ meat- goat, sheep, cow, chicken, liver, kidney, intestines",2,"No","No","No","No","Yes","No","No","No","No","No",""
"39-16-84-49","Milk and milk products- fresh, powdered, yogurt, cheese, etc",2,"Yes","No","No","No","No","No","No","No","No","No",""
"39-16-84-49","Sugar and sweets- sugar, honey, sweets, desserts",2,"No","No","No","No","Yes","No","No","No","No","No",""
"65-82-18-72","Cereals- rice, maize, chapatti, wheat, sorghum, bread, etc",7,"No","No","No","No","Yes","No","No","No","No","No",""
"65-82-18-72","Meat, poultry, organ meat- goat, sheep, cow, chicken, liver, kidney, intestines",1,"No","No","No","No","Yes","No","No","No","No","No",""
"65-82-18-72","Fish and seafood (dried or fresh)- sardines, dagaa/omena",2,"No","No","No","No","Yes","No","No","No","No","No",""
"65-82-18-72","Oil/fats- oil, fat, butter, ghee, etc",7,"No","No","No","No","Yes","No","No","No","No","No",""
"65-82-18-72","Sugar and sweets- sugar, honey, sweets, desserts",7,"No","No","No","No","Yes","No","No","No","No","No",""
"65-82-18-72","Miscellaneous- tea, coffee, beverages, condiments, spices",7,"No","No","No","No","Yes","No","No","No","No","No",""
"98-04-19-51","Cereals- rice, maize, chapatti, wheat, sorghum, bread, etc",2,"No","No","No","No","No","No","No","Yes","No","No",""
"98-04-19-51","Pulses, legumes, nuts, seeds",3,"No","No","No","No","Yes","No","No","No","No","No",""
"33-66-03-17","Cereals- rice, maize, chapatti, wheat, sorghum, bread, etc",3,"No","No","No","No","Yes","No","No","Yes","No","No",""
"33-66-03-17","Fish and seafood (dried or fresh)- sardines, dagaa/omena",2,"No","No","No","No","Yes","No","No","No","No","No",""
"33-66-03-17","Milk and milk products- fresh, powdered, yogurt, cheese, etc",2,"Yes","No","No","No","No","No","No","No","No","No",""
"33-66-03-17","Oil/fats- oil, fat, butter, ghee, etc",5,"No","No","No","No","Yes","No","No","No","No","No",""
"33-66-03-17","Sugar and sweets- sugar, honey, sweets, desserts",3,"No","No","No","No","Yes","No","No","No","No","No",""
"33-66-03-17","Miscellaneous- tea, coffee, beverages, condiments, spices",7,"No","No","No","No","Yes","No","No","No","No","No",""
"23-12-49-21","Cereals- rice, maize, chapatti, wheat, sorghum, bread, etc",7,"No","No","No","No","Yes","No","No","No","No","No",""
"23-12-49-21","Meat, poultry, organ meat- goat, sheep, cow, chicken, liver, kidney, intestines",2,"No","No","No","No","Yes","No","No","No","No","No",""
"23-12-49-21","Oil/fats- oil, fat, butter, ghee, etc",7,"No","No","No","No","Yes","No","No","Yes","No","No",""
"23-12-49-21","Sugar and sweets- sugar, honey, sweets, desserts",2,"No","No","No","No","Yes","No","No","No","No","No",""
"95-95-21-82","Cereals- rice, maize, chapatti, wheat, sorghum, bread, etc",7,"Yes","No","No","No","Yes","No","No","Yes","No","No",""
"95-95-21-82","Fish and seafood (dried or fresh)- sardines, dagaa/omena",4,"No","No","No","No","Yes","No","No","No","No","No",""
"95-95-21-82","Oil/fats- oil, fat, butter, ghee, etc",6,"No","No","No","No","Yes","No","No","No","No","No",""
"95-95-21-82","Sugar and sweets- sugar, honey, sweets, desserts",6,"No","No","No","No","Yes","No","No","No","No","No",""
"95-95-21-82","Miscellaneous- tea, coffee, beverages, condiments, spices",6,"No","No","No","No","Yes","No","No","No","No","No",""
"84-16-65-13","Vegetables- spinach, pumpkin, cabbage, tomato, onion",1,"No","No","No","No","Yes","No","No","No","No","No",""
"84-16-65-13","Fish and seafood (dried or fresh)- sardines, dagaa/omena",7,"No","No","No","No","Yes","No","No","No","No","No",""
"84-16-65-13","Milk and milk products- fresh, powdered, yogurt, cheese, etc",7,"Yes","No","No","No","No","No","No","No","No","No",""
"35-36-66-35","Vegetables- spinach, pumpkin, cabbage, tomato, onion",2,"No","No","Yes","No","No","No","No","No","No","No",""
"35-36-66-35","Meat, poultry, organ meat- goat, sheep, cow, chicken, liver, kidney, intestines",1,"No","No","No","No","No","No","No","Yes","No","No",""
"35-36-66-35","Fish and seafood (dried or fresh)- sardines, dagaa/omena",2,"No","No","No","No","Yes","No","No","No","No","No",""
"35-36-66-35","Milk and milk products- fresh, powdered, yogurt, cheese, etc",2,"Yes","No","No","No","No","No","No","No","No","No",""
"22-48-72-19","Cereals- rice, maize, chapatti, wheat, sorghum, bread, etc",7,"No","No","No","No","Yes","No","No","No","No","No",""
"22-48-72-19","Meat, poultry, organ meat- goat, sheep, cow, chicken, liver, kidney, intestines",7,"No","No","No","No","Yes","No","No","No","No","No",""
"22-48-72-19","Oil/fats- oil, fat, butter, ghee, etc",7,"No","No","No","No","Yes","No","No","No","No","No",""
"22-48-72-19","Sugar and sweets- sugar, honey, sweets, desserts",7,"No","No","No","No","Yes","No","No","No","No","No",""
"22-48-72-19","Miscellaneous- tea, coffee, beverages, condiments, spices",7,"No","No","No","No","Yes","No","No","No","No","No",""
"16-02-48-49","Cereals- rice, maize, chapatti, wheat, sorghum, bread, etc",7,"No","No","No","No","Yes","No","No","No","No","No",""
"16-02-48-49","Fish and seafood (dried or fresh)- sardines, dagaa/omena",3,"No","No","No","No","No","No","No","Yes","No","No",""
"16-02-48-49","Oil/fats- oil, fat, butter, ghee, etc",7,"No","No","No","No","Yes","No","No","No","No","No",""
"16-02-48-49","Sugar and sweets- sugar, honey, sweets, desserts",7,"No","No","No","No","Yes","No","No","No","No","No",""
"88-09-49-72","Cereals- rice, maize, chapatti, wheat, sorghum, bread, etc",7,"No","No","No","No","Yes","No","No","No","No","No",""
"88-09-49-72","Fish and seafood (dried or fresh)- sardines, dagaa/omena",1,"No","No","No","No","Yes","No","No","No","No","No",""
"46-87-53-18","Cereals- rice, maize, chapatti, wheat, sorghum, bread, etc",7,"No","No","No","No","Yes","No","No","No","No","No",""
"46-87-53-18","Vegetables- spinach, pumpkin, cabbage, tomato, onion",7,"Yes","No","No","No","No","No","No","No","No","No",""
"46-87-53-18","Meat, poultry, organ meat- goat, sheep, cow, chicken, liver, kidney, intestines",2,"No","No","No","No","Yes","No","No","No","No","No",""
"46-87-53-18","Eggs",7,"No","No","No","No","Yes","No","No","No","No","No",""
"46-87-53-18","Fish and seafood (dried or fresh)- sardines, dagaa/omena",7,"No","Yes","No","No","No","No","No","No","No","No",""
"46-87-53-18","Milk and milk products- fresh, powdered, yogurt, cheese, etc",2,"No","No","No","No","Yes","No","No","No","No","No",""
"46-87-53-18","Oil/fats- oil, fat, butter, ghee, etc",7,"No","No","No","No","Yes","No","No","No","No","No",""
"46-87-53-18","Sugar and sweets- sugar, honey, sweets, desserts",4,"No","No","No","No","Yes","No","No","No","No","No",""
"24-20-26-70","Cereals- rice, maize, chapatti, wheat, sorghum, bread, etc",1,"Yes","No","No","No","No","No","No","No","No","No",""
"24-20-26-70","Pulses, legumes, nuts, seeds",7,"Yes","No","No","No","No","No","No","No","No","No",""
"52-82-33-48","Cereals- rice, maize, chapatti, wheat, sorghum, bread, etc",7,"No","No","No","No","Yes","No","No","No","No","No",""
"52-82-33-48","Vegetables- spinach, pumpkin, cabbage, tomato, onion",7,"Yes","No","No","No","No","No","No","No","No","No",""
"52-82-33-48","Meat, poultry, organ meat- goat, sheep, cow, chicken, liver, kidney, intestines",1,"Yes","No","No","No","No","No","No","No","No","No",""
"52-82-33-48","Fish and seafood (dried or fresh)- sardines, dagaa/omena",1,"No","Yes","No","No","No","No","No","No","No","No",""
"52-82-33-48","Oil/fats- oil, fat, butter, ghee, etc",7,"No","No","No","No","Yes","No","No","No","No","No",""
"52-82-33-48","Sugar and sweets- sugar, honey, sweets, desserts",7,"No","No","No","No","Yes","No","No","No","No","No",""
"26-48-97-52","Cereals- rice, maize, chapatti, wheat, sorghum, bread, etc",7,"No","No","No","No","Yes","No","No","No","No","No",""
"26-48-97-52","Vegetables- spinach, pumpkin, cabbage, tomato, onion",7,"No","No","No","No","Yes","No","No","No","No","No",""
"26-48-97-52","Meat, poultry, organ meat- goat, sheep, cow, chicken, liver, kidney, intestines",5,"No","No","No","No","Yes","No","No","No","No","No",""
"26-48-97-52","Fish and seafood (dried or fresh)- sardines, dagaa/omena",2,"No","No","No","No","Yes","No","No","No","No","No",""
"26-48-97-52","Milk and milk products- fresh, powdered, yogurt, cheese, etc",1,"Yes","No","No","No","No","No","No","No","No","No",""
"26-48-97-52","Oil/fats- oil, fat, butter, ghee, etc",7,"No","No","No","No","Yes","No","No","No","No","No",""
"33-86-77-56","Cereals- rice, maize, chapatti, wheat, sorghum, bread, etc",7,"Yes","No","No","No","No","No","No","No","No","No",""
"33-86-77-56","Fish and seafood (dried or fresh)- sardines, dagaa/omena",3,"No","No","No","No","Yes","No","No","No","No","No",""
"33-86-77-56","Milk and milk products- fresh, powdered, yogurt, cheese, etc",4,"No","No","No","No","No","No","No","Yes","No","No",""
"33-86-77-56","Oil/fats- oil, fat, butter, ghee, etc",3,"No","No","No","No","Yes","No","No","No","No","No",""
"78-86-05-10","Fruits- orange, mango, guava, rice paw paw/papaya, pineapple, etc",1,"No","No","No","No","Yes","No","No","No","No","No",""
"78-86-05-10","Meat, poultry, organ meat- goat, sheep, cow, chicken, liver, kidney, intestines",3,"No","No","No","No","Yes","No","No","No","No","No",""
"78-86-05-10","Sugar and sweets- sugar, honey, sweets, desserts",2,"No","No","No","No","Yes","No","No","No","No","No",""
"15-96-39-00","Cereals- rice, maize, chapatti, wheat, sorghum, bread, etc",7,"No","No","No","No","Yes","No","No","No","No","No",""
"15-96-39-00","Vegetables- spinach, pumpkin, cabbage, tomato, onion",2,"No","No","No","No","Yes","No","No","No","No","No",""
"15-96-39-00","Meat, poultry, organ meat- goat, sheep, cow, chicken, liver, kidney, intestines",1,"No","No","No","No","Yes","No","No","No","No","No",""
"15-96-39-00","Fish and seafood (dried or fresh)- sardines, dagaa/omena",3,"No","No","No","No","Yes","No","No","No","No","No",""
"15-96-39-00","Milk and milk products- fresh, powdered, yogurt, cheese, etc",1,"No","No","No","No","Yes","No","No","No","No","No",""
"15-96-39-00","Oil/fats- oil, fat, butter, ghee, etc",7,"No","No","No","No","Yes","No","No","No","No","No",""
"15-96-39-00","Sugar and sweets- sugar, honey, sweets, desserts",7,"No","No","No","No","Yes","No","No","No","No","No",""
"39-41-06-02","Cereals- rice, maize, chapatti, wheat, sorghum, bread, etc",5,"No","No","No","No","Yes","No","No","No","No","No",""
"39-41-06-02","Roots and tubers- potato, sweet potato, cassava, arrow roots, cooking banana",1,"Yes","No","No","No","No","No","No","No","No","No",""
"39-41-06-02","Fruits- orange, mango, guava, rice paw paw/papaya, pineapple, etc",1,"No","No","No","No","No","No","No","Yes","No","No",""
"39-41-06-02","Meat, poultry, organ meat- goat, sheep, cow, chicken, liver, kidney, intestines",2,"No","No","No","No","Yes","No","No","No","No","No",""
"39-41-06-02","Milk and milk products- fresh, powdered, yogurt, cheese, etc",3,"Yes","No","No","No","No","No","No","No","No","No",""
"39-41-06-02","Oil/fats- oil, fat, butter, ghee, etc",7,"No","No","No","No","Yes","No","No","No","No","No",""
"95-15-78-87","Fish and seafood (dried or fresh)- sardines, dagaa/omena",3,"No","No","No","No","Yes","No","No","No","No","No",""
"52-97-51-26","Cereals- rice, maize, chapatti, wheat, sorghum, bread, etc",7,"No","No","No","No","Yes","No","No","No","No","No",""
"52-97-51-26","Meat, poultry, organ meat- goat, sheep, cow, chicken, liver, kidney, intestines",2,"No","No","No","No","Yes","No","No","No","No","No",""
"02-78-29-37","Cereals- rice, maize, chapatti, wheat, sorghum, bread, etc",7,"No","No","No","No","No","No","No","No","No","Yes","bought from the shop"
"02-78-29-37","Meat, poultry, organ meat- goat, sheep, cow, chicken, liver, kidney, intestines",4,"No","No","No","No","No","No","No","No","No","Yes","bought from the market"
"02-78-29-37","Fish and seafood (dried or fresh)- sardines, dagaa/omena",3,"No","No","No","No","No","No","No","No","No","Yes","bought from the local fishman"
"02-78-29-37","Milk and milk products- fresh, powdered, yogurt, cheese, etc",2,"No","No","No","No","No","No","No","No","No","Yes","bought from the local village people"
"02-78-29-37","Oil/fats- oil, fat, butter, ghee, etc",7,"No","No","No","No","No","No","No","No","No","Yes","bought from the shop"
"27-36-10-42","Cereals- rice, maize, chapatti, wheat, sorghum, bread, etc",7,"No","No","No","No","Yes","No","No","No","No","No",""
"27-36-10-42","Meat, poultry, organ meat- goat, sheep, cow, chicken, liver, kidney, intestines",4,"No","No","No","No","Yes","No","No","No","No","No",""
"27-36-10-42","Milk and milk products- fresh, powdered, yogurt, cheese, etc",7,"Yes","No","No","No","No","No","No","No","No","No",""
"27-36-10-42","Oil/fats- oil, fat, butter, ghee, etc",7,"No","No","No","No","Yes","No","No","No","No","No",""
"27-36-10-42","Sugar and sweets- sugar, honey, sweets, desserts",7,"No","No","No","No","Yes","No","No","No","No","No",""
"45-97-40-37","Cereals- rice, maize, chapatti, wheat, sorghum, bread, etc",7,"No","No","No","No","Yes","No","No","No","No","No",""
"45-97-40-37","Roots and tubers- potato, sweet potato, cassava, arrow roots, cooking banana",1,"No","No","No","No","Yes","No","No","No","No","No",""
"45-97-40-37","Meat, poultry, organ meat- goat, sheep, cow, chicken, liver, kidney, intestines",1,"No","No","No","No","Yes","No","No","No","No","No",""
"45-97-40-37","Oil/fats- oil, fat, butter, ghee, etc",5,"No","No","No","No","Yes","No","No","No","No","No",""
"41-24-37-83","Cereals- rice, maize, chapatti, wheat, sorghum, bread, etc",7,"No","No","No","No","Yes","No","No","No","No","No",""
"41-24-37-83","Vegetables- spinach, pumpkin, cabbage, tomato, onion",2,"No","No","No","No","Yes","No","No","No","No","No",""
"41-24-37-83","Meat, poultry, organ meat- goat, sheep, cow, chicken, liver, kidney, intestines",3,"No","No","No","No","No","No","No","Yes","No","No",""
"41-24-37-83","Fish and seafood (dried or fresh)- sardines, dagaa/omena",2,"No","No","No","No","No","No","No","Yes","No","No",""
"41-24-37-83","Milk and milk products- fresh, powdered, yogurt, cheese, etc",3,"Yes","No","No","No","No","No","No","No","No","No",""
"41-24-37-83","Oil/fats- oil, fat, butter, ghee, etc",7,"No","No","No","No","Yes","No","No","No","No","No",""
"41-24-37-83","Sugar and sweets- sugar, honey, sweets, desserts",4,"No","No","No","No","Yes","No","No","No","No","No",""
"90-44-42-58","Cereals- rice, maize, chapatti, wheat, sorghum, bread, etc",7,"No","No","No","No","Yes","No","No","No","No","No",""
"90-44-42-58","Vegetables- spinach, pumpkin, cabbage, tomato, onion",3,"No","No","No","No","Yes","No","No","No","No","No",""
"90-44-42-58","Meat, poultry, organ meat- goat, sheep, cow, chicken, liver, kidney, intestines",4,"No","No","No","No","Yes","No","No","No","No","No",""
"90-44-42-58","Fish and seafood (dried or fresh)- sardines, dagaa/omena",5,"No","No","No","No","Yes","No","No","No","No","No",""
"90-44-42-58","Milk and milk products- fresh, powdered, yogurt, cheese, etc",2,"No","No","No","No","No","No","No","Yes","No","No",""
"90-44-42-58","Oil/fats- oil, fat, butter, ghee, etc",7,"No","No","No","No","Yes","No","No","No","No","No",""
"90-44-42-58","Sugar and sweets- sugar, honey, sweets, desserts",3,"No","No","No","No","Yes","No","No","No","No","No",""
"15-49-26-93","Cereals- rice, maize, chapatti, wheat, sorghum, bread, etc",7,"No","No","No","No","Yes","No","No","No","No","No",""
"15-49-26-93","Roots and tubers- potato, sweet potato, cassava, arrow roots, cooking banana",2,"No","No","No","No","Yes","No","No","No","No","No",""
"15-49-26-93","Vegetables- spinach, pumpkin, cabbage, tomato, onion",7,"Yes","No","No","No","No","No","No","No","No","No",""
"15-49-26-93","Meat, poultry, organ meat- goat, sheep, cow, chicken, liver, kidney, intestines",6,"No","No","No","No","Yes","No","No","No","No","No",""
"15-49-26-93","Fish and seafood (dried or fresh)- sardines, dagaa/omena",1,"No","No","No","No","Yes","No","No","No","No","No",""
"15-49-26-93","Oil/fats- oil, fat, butter, ghee, etc",7,"No","No","No","No","Yes","No","No","No","No","No",""
"29-96-24-29","Cereals- rice, maize, chapatti, wheat, sorghum, bread, etc",7,"No","No","No","No","No","No","No","No","No","Yes","bought from the shop"
"29-96-24-29","Vegetables- spinach, pumpkin, cabbage, tomato, onion",1,"No","No","No","No","No","No","No","No","No","Yes","bought from the market"
"29-96-24-29","Fruits- orange, mango, guava, rice paw paw/papaya, pineapple, etc",1,"No","No","No","No","No","No","No","Yes","No","No",""
"29-96-24-29","Meat, poultry, organ meat- goat, sheep, cow, chicken, liver, kidney, intestines",3,"No","No","No","No","No","No","No","No","No","Yes","bought from the market"
"29-96-24-29","Fish and seafood (dried or fresh)- sardines, dagaa/omena",5,"No","Yes","No","No","No","No","No","No","No","No",""
"29-96-24-29","Milk and milk products- fresh, powdered, yogurt, cheese, etc",7,"Yes","No","No","No","No","No","No","No","No","No",""
"29-96-24-29","Oil/fats- oil, fat, butter, ghee, etc",7,"No","No","No","No","No","No","No","No","No","Yes","bought from the shop"
"29-96-24-29","Sugar and sweets- sugar, honey, sweets, desserts",7,"No","No","No","No","No","No","No","No","No","Yes","bought from the shop"
"29-96-24-29","Miscellaneous- tea, coffee, beverages, condiments, spices",7,"No","No","No","No","No","No","No","No","No","Yes","bought coffee from the shop"
"88-98-18-23","Cereals- rice, maize, chapatti, wheat, sorghum, bread, etc",7,"No","No","No","No","No","No","No","No","No","Yes","bought from the shop"
"88-98-18-23","Meat, poultry, organ meat- goat, sheep, cow, chicken, liver, kidney, intestines",5,"No","No","No","No","No","No","No","No","No","Yes","bought from the shop"
"88-98-18-23","Fish and seafood (dried or fresh)- sardines, dagaa/omena",3,"No","No","No","No","No","No","No","No","No","Yes","bought from the local fishman"
"88-98-18-23","Oil/fats- oil, fat, butter, ghee, etc",7,"No","No","No","No","No","No","No","No","No","Yes","bought from the shop"
"88-98-18-23","Miscellaneous- tea, coffee, beverages, condiments, spices",3,"No","No","No","No","No","No","No","No","No","Yes","bought from the shop"
"03-33-61-52","Cereals- rice, maize, chapatti, wheat, sorghum, bread, etc",7,"No","No","No","No","Yes","No","No","No","No","No",""
"03-33-61-52","Vegetables- spinach, pumpkin, cabbage, tomato, onion",2,"No","No","No","No","Yes","No","No","No","No","No",""
"03-33-61-52","Meat, poultry, organ meat- goat, sheep, cow, chicken, liver, kidney, intestines",6,"No","No","No","No","Yes","No","No","No","No","No",""
"03-33-61-52","Fish and seafood (dried or fresh)- sardines, dagaa/omena",3,"No","No","No","No","Yes","No","No","No","No","No",""
"03-33-61-52","Oil/fats- oil, fat, butter, ghee, etc",7,"No","No","No","No","Yes","No","No","No","No","No",""
"03-33-61-52","Sugar and sweets- sugar, honey, sweets, desserts",7,"No","No","No","No","Yes","No","No","No","No","No",""
"03-33-61-52","Miscellaneous- tea, coffee, beverages, condiments, spices",7,"No","No","No","No","Yes","No","No","No","No","No",""
"95-42-30-88","Milk and milk products- fresh, powdered, yogurt, cheese, etc",3,"No","No","No","No","Yes","No","No","No","No","No",""
"41-58-71-65","Cereals- rice, maize, chapatti, wheat, sorghum, bread, etc",1,"No","No","No","No","Yes","No","No","No","No","No",""
"41-58-71-65","Meat, poultry, organ meat- goat, sheep, cow, chicken, liver, kidney, intestines",6,"No","No","No","No","Yes","No","No","No","No","No",""
"41-58-71-65","Sugar and sweets- sugar, honey, sweets, desserts",3,"No","No","No","No","Yes","No","No","No","No","No",""
"47-41-93-44","Cereals- rice, maize, chapatti, wheat, sorghum, bread, etc",1,"Yes","No","No","No","No","No","No","No","No","No",""
"47-41-93-44","Vegetables- spinach, pumpkin, cabbage, tomato, onion",2,"No","No","No","No","Yes","No","No","No","No","No",""
"47-41-93-44","Meat, poultry, organ meat- goat, sheep, cow, chicken, liver, kidney, intestines",2,"No","No","No","No","Yes","No","No","No","No","No",""
"47-41-93-44","Pulses, legumes, nuts, seeds",3,"No","No","No","No","No","No","No","Yes","No","No",""
"44-97-44-34","Cereals- rice, maize, chapatti, wheat, sorghum, bread, etc",7,"Yes","No","No","No","No","No","No","No","No","No",""
"44-97-44-34","Roots and tubers- potato, sweet potato, cassava, arrow roots, cooking banana",3,"No","No","No","No","Yes","No","No","No","No","No",""
"44-97-44-34","Vegetables- spinach, pumpkin, cabbage, tomato, onion",3,"No","No","No","No","Yes","No","No","No","No","No",""
"44-97-44-34","Meat, poultry, organ meat- goat, sheep, cow, chicken, liver, kidney, intestines",7,"No","No","No","No","Yes","No","No","No","No","No",""
"44-97-44-34","Eggs",3,"No","No","No","No","Yes","No","No","No","No","No",""
"44-97-44-34","Fish and seafood (dried or fresh)- sardines, dagaa/omena",5,"No","No","No","No","Yes","No","No","No","No","No",""
"44-97-44-34","Pulses, legumes, nuts, seeds",3,"Yes","No","No","No","No","No","No","No","No","No",""
"44-97-44-34","Oil/fats- oil, fat, butter, ghee, etc",7,"No","No","No","No","Yes","No","No","No","No","No",""
"44-97-44-34","Sugar and sweets- sugar, honey, sweets, desserts",3,"No","No","No","No","Yes","No","No","No","No","No",""
"44-97-44-34","Miscellaneous- tea, coffee, beverages, condiments, spices",3,"No","No","No","No","Yes","No","No","No","No","No",""
"39-60-71-79","Cereals- rice, maize, chapatti, wheat, sorghum, bread, etc",2,"No","No","No","No","Yes","No","No","No","No","No",""
"39-60-71-79","Roots and tubers- potato, sweet potato, cassava, arrow roots, cooking banana",1,"No","No","No","No","No","No","No","Yes","No","No",""
"39-60-71-79","Vegetables- spinach, pumpkin, cabbage, tomato, onion",1,"No","No","No","No","No","No","No","Yes","No","No",""
"39-60-71-79","Meat, poultry, organ meat- goat, sheep, cow, chicken, liver, kidney, intestines",2,"No","No","No","No","Yes","No","No","No","No","No",""
"39-60-71-79","Fish and seafood (dried or fresh)- sardines, dagaa/omena",2,"No","No","No","No","Yes","No","No","No","No","No",""
"39-60-71-79","Milk and milk products- fresh, powdered, yogurt, cheese, etc",3,"No","No","No","No","Yes","No","No","No","No","No",""
"39-60-71-79","Oil/fats- oil, fat, butter, ghee, etc",7,"No","No","No","No","Yes","No","No","No","No","No",""
"39-60-71-79","Sugar and sweets- sugar, honey, sweets, desserts",2,"No","No","No","No","Yes","No","No","No","No","No",""
"39-60-71-79","Miscellaneous- tea, coffee, beverages, condiments, spices",2,"No","No","No","No","Yes","No","No","No","No","No",""
"02-67-41-60","Cereals- rice, maize, chapatti, wheat, sorghum, bread, etc",7,"No","No","No","No","Yes","No","No","No","No","No",""
"02-67-41-60","Vegetables- spinach, pumpkin, cabbage, tomato, onion",2,"No","No","No","No","Yes","No","No","No","No","No",""
"02-67-41-60","Meat, poultry, organ meat- goat, sheep, cow, chicken, liver, kidney, intestines",2,"No","No","No","No","Yes","No","No","No","No","No",""
"02-67-41-60","Fish and seafood (dried or fresh)- sardines, dagaa/omena",2,"No","No","No","No","Yes","No","No","No","No","No",""
"02-67-41-60","Milk and milk products- fresh, powdered, yogurt, cheese, etc",7,"No","No","No","No","No","No","No","Yes","No","No",""
"02-67-41-60","Oil/fats- oil, fat, butter, ghee, etc",7,"No","No","No","No","Yes","No","No","No","No","No",""
"02-67-41-60","Sugar and sweets- sugar, honey, sweets, desserts",7,"No","No","No","No","Yes","No","No","No","No","No",""
"83-56-74-03","Cereals- rice, maize, chapatti, wheat, sorghum, bread, etc",7,"Yes","No","No","No","No","No","No","No","No","No",""
"83-56-74-03","Roots and tubers- potato, sweet potato, cassava, arrow roots, cooking banana",1,"No","No","No","No","Yes","No","No","No","No","No",""
"83-56-74-03","Fruits- orange, mango, guava, rice paw paw/papaya, pineapple, etc",1,"No","No","No","No","Yes","No","No","No","No","No",""
"83-56-74-03","Oil/fats- oil, fat, butter, ghee, etc",7,"No","No","No","No","Yes","No","No","No","No","No",""
"04-28-47-30","Cereals- rice, maize, chapatti, wheat, sorghum, bread, etc",7,"No","No","No","No","Yes","No","No","No","No","No",""
"04-28-47-30","Vegetables- spinach, pumpkin, cabbage, tomato, onion",7,"No","No","No","No","Yes","No","No","No","No","No",""
"04-28-47-30","Meat, poultry, organ meat- goat, sheep, cow, chicken, liver, kidney, intestines",2,"No","No","No","No","Yes","No","No","No","No","No",""
"04-28-47-30","Fish and seafood (dried or fresh)- sardines, dagaa/omena",3,"No","No","No","No","Yes","No","No","No","No","No",""
"04-28-47-30","Oil/fats- oil, fat, butter, ghee, etc",7,"No","No","No","No","Yes","No","No","No","No","No",""
"01-68-97-25","Cereals- rice, maize, chapatti, wheat, sorghum, bread, etc",3,"No","No","No","No","Yes","No","No","No","No","No",""
"01-68-97-25","Vegetables- spinach, pumpkin, cabbage, tomato, onion",3,"Yes","No","No","No","No","No","No","No","No","No",""
"01-68-97-25","Fruits- orange, mango, guava, rice paw paw/papaya, pineapple, etc",1,"Yes","No","No","No","No","No","No","No","No","No",""
"01-68-97-25","Meat, poultry, organ meat- goat, sheep, cow, chicken, liver, kidney, intestines",3,"No","No","No","No","Yes","No","No","No","No","No",""
"01-68-97-25","Milk and milk products- fresh, powdered, yogurt, cheese, etc",7,"Yes","No","No","No","No","No","No","No","No","No",""
"01-68-97-25","Sugar and sweets- sugar, honey, sweets, desserts",7,"No","No","No","No","Yes","No","No","No","No","No",""
"66-08-16-26","Cereals- rice, maize, chapatti, wheat, sorghum, bread, etc",1,"Yes","No","No","No","No","No","No","No","No","No",""
"66-08-16-26","Meat, poultry, organ meat- goat, sheep, cow, chicken, liver, kidney, intestines",1,"No","No","No","No","Yes","No","No","No","No","No",""
"66-08-16-26","Fish and seafood (dried or fresh)- sardines, dagaa/omena",2,"No","No","No","No","Yes","No","No","No","No","No",""
"66-08-16-26","Pulses, legumes, nuts, seeds",1,"Yes","No","No","No","No","No","No","No","No","No",""
"66-08-16-26","Oil/fats- oil, fat, butter, ghee, etc",7,"No","No","No","No","Yes","No","No","No","No","No",""
"66-08-16-26","Sugar and sweets- sugar, honey, sweets, desserts",2,"No","No","No","No","Yes","No","No","No","No","No",""
"93-32-02-54","Cereals- rice, maize, chapatti, wheat, sorghum, bread, etc",7,"Yes","No","No","No","No","No","No","No","No","No",""
"93-32-02-54","Vegetables- spinach, pumpkin, cabbage, tomato, onion",7,"No","No","Yes","No","No","No","No","No","No","No",""
"93-32-02-54","Meat, poultry, organ meat- goat, sheep, cow, chicken, liver, kidney, intestines",5,"No","No","No","No","No","No","No","No","No","Yes","bought from the market"
"93-32-02-54","Fish and seafood (dried or fresh)- sardines, dagaa/omena",3,"No","No","No","No","No","No","No","No","No","Yes","bought from the local fishman"
"93-32-02-54","Oil/fats- oil, fat, butter, ghee, etc",7,"No","No","No","No","No","No","No","No","No","Yes","bought from the shop"
"83-94-17-95","Cereals- rice, maize, chapatti, wheat, sorghum, bread, etc",7,"No","No","No","No","Yes","No","No","No","No","No",""
"83-94-17-95","Roots and tubers- potato, sweet potato, cassava, arrow roots, cooking banana",3,"No","No","No","No","Yes","No","No","No","No","No",""
"83-94-17-95","Vegetables- spinach, pumpkin, cabbage, tomato, onion",5,"No","No","No","No","Yes","No","No","No","No","No",""
"83-94-17-95","Fruits- orange, mango, guava, rice paw paw/papaya, pineapple, etc",2,"No","No","No","No","Yes","No","No","No","No","No",""
"83-94-17-95","Meat, poultry, organ meat- goat, sheep, cow, chicken, liver, kidney, intestines",5,"No","No","No","No","Yes","No","No","No","No","No",""
"83-94-17-95","Eggs",3,"No","No","No","No","Yes","No","No","No","No","No",""
"83-94-17-95","Fish and seafood (dried or fresh)- sardines, dagaa/omena",7,"No","No","No","No","Yes","No","No","No","No","No",""
"83-94-17-95","Pulses, legumes, nuts, seeds",2,"No","No","No","No","Yes","No","No","No","No","No",""
"83-94-17-95","Milk and milk products- fresh, powdered, yogurt, cheese, etc",4,"Yes","No","No","No","No","No","No","No","No","No",""
"83-94-17-95","Oil/fats- oil, fat, butter, ghee, etc",7,"No","No","No","No","Yes","No","No","No","No","No",""
"83-94-17-95","Sugar and sweets- sugar, honey, sweets, desserts",7,"No","No","No","No","Yes","No","No","No","No","No",""
"83-94-17-95","Miscellaneous- tea, coffee, beverages, condiments, spices",5,"No","No","No","No","Yes","No","No","No","No","No",""
"60-60-16-78","Cereals- rice, maize, chapatti, wheat, sorghum, bread, etc",7,"No","No","No","No","Yes","No","No","No","No","No",""
"60-60-16-78","Vegetables- spinach, pumpkin, cabbage, tomato, onion",5,"No","No","No","No","Yes","No","No","No","No","No",""
"60-60-16-78","Milk and milk products- fresh, powdered, yogurt, cheese, etc",5,"Yes","No","No","No","No","No","No","No","No","No",""
"26-78-47-00","Cereals- rice, maize, chapatti, wheat, sorghum, bread, etc",7,"No","No","No","No","Yes","No","No","No","No","No",""
"26-78-47-00","Milk and milk products- fresh, powdered, yogurt, cheese, etc",7,"Yes","No","No","No","No","No","No","No","No","No",""
"79-98-45-89","Cereals- rice, maize, chapatti, wheat, sorghum, bread, etc",7,"No","No","No","No","Yes","No","No","No","No","No",""
"79-98-45-89","Meat, poultry, organ meat- goat, sheep, cow, chicken, liver, kidney, intestines",1,"No","No","No","No","Yes","No","No","No","No","No",""
"79-98-45-89","Oil/fats- oil, fat, butter, ghee, etc",1,"No","No","No","No","Yes","No","No","No","No","No",""
"90-54-49-60","Cereals- rice, maize, chapatti, wheat, sorghum, bread, etc",7,"Yes","No","No","No","Yes","No","No","No","No","No",""
"90-54-49-60","Meat, poultry, organ meat- goat, sheep, cow, chicken, liver, kidney, intestines",5,"No","No","No","No","Yes","No","No","No","No","No",""
"90-54-49-60","Oil/fats- oil, fat, butter, ghee, etc",7,"No","No","No","No","Yes","No","No","No","No","No",""
"31-84-01-85","Cereals- rice, maize, chapatti, wheat, sorghum, bread, etc",7,"No","No","No","No","Yes","No","No","No","No","No",""
"31-84-01-85","Meat, poultry, organ meat- goat, sheep, cow, chicken, liver, kidney, intestines",2,"No","No","No","No","Yes","No","No","No","No","No",""
"31-84-01-85","Fish and seafood (dried or fresh)- sardines, dagaa/omena",7,"No","Yes","No","No","No","No","No","No","No","No",""
"31-84-01-85","Milk and milk products- fresh, powdered, yogurt, cheese, etc",2,"No","No","No","No","No","No","No","Yes","No","No",""
"31-84-01-85","Oil/fats- oil, fat, butter, ghee, etc",7,"No","No","No","No","Yes","No","No","No","No","No",""
"31-84-01-85","Sugar and sweets- sugar, honey, sweets, desserts",7,"No","No","No","No","Yes","No","No","No","No","No",""
"40-47-23-70","Cereals- rice, maize, chapatti, wheat, sorghum, bread, etc",7,"No","No","No","No","Yes","No","No","No","No","No",""
"40-47-23-70","Vegetables- spinach, pumpkin, cabbage, tomato, onion",2,"No","No","No","No","No","No","No","Yes","No","No",""
"40-47-23-70","Meat, poultry, organ meat- goat, sheep, cow, chicken, liver, kidney, intestines",3,"No","No","No","No","No","No","No","Yes","No","No",""
"40-47-23-70","Fish and seafood (dried or fresh)- sardines, dagaa/omena",1,"No","No","No","No","Yes","No","No","No","No","No",""
"40-47-23-70","Milk and milk products- fresh, powdered, yogurt, cheese, etc",5,"No","No","No","No","No","No","No","Yes","No","No",""
"40-47-23-70","Oil/fats- oil, fat, butter, ghee, etc",6,"No","No","No","No","No","Yes","No","No","No","No",""
"40-47-23-70","Sugar and sweets- sugar, honey, sweets, desserts",5,"No","No","No","No","Yes","No","No","No","No","No",""
"97-69-93-58","Cereals- rice, maize, chapatti, wheat, sorghum, bread, etc",7,"No","No","No","No","Yes","No","No","No","No","No",""
"97-69-93-58","Vegetables- spinach, pumpkin, cabbage, tomato, onion",2,"No","Yes","No","No","No","No","No","No","No","No",""
"97-69-93-58","Fish and seafood (dried or fresh)- sardines, dagaa/omena",5,"No","Yes","No","No","No","No","No","No","No","No",""
"97-69-93-58","Milk and milk products- fresh, powdered, yogurt, cheese, etc",4,"No","No","No","No","No","No","No","Yes","No","No",""
"97-69-93-58","Oil/fats- oil, fat, butter, ghee, etc",7,"No","No","No","No","Yes","No","No","No","No","No",""
"97-69-93-58","Sugar and sweets- sugar, honey, sweets, desserts",5,"No","No","No","No","No","No","No","Yes","No","No",""
"58-00-80-50","Cereals- rice, maize, chapatti, wheat, sorghum, bread, etc",7,"No","No","No","No","Yes","No","No","No","No","No",""
"58-00-80-50","Fish and seafood (dried or fresh)- sardines, dagaa/omena",2,"No","No","No","No","No","No","No","Yes","No","No",""
"58-00-80-50","Oil/fats- oil, fat, butter, ghee, etc",3,"No","No","No","No","Yes","No","No","No","No","No",""
"16-58-48-79","Cereals- rice, maize, chapatti, wheat, sorghum, bread, etc",7,"No","No","No","No","Yes","No","No","No","No","No",""
"16-58-48-79","Roots and tubers- potato, sweet potato, cassava, arrow roots, cooking banana",1,"No","No","No","No","Yes","No","No","No","No","No",""
"16-58-48-79","Vegetables- spinach, pumpkin, cabbage, tomato, onion",7,"Yes","No","No","No","No","No","No","No","No","No",""
"16-58-48-79","Meat, poultry, organ meat- goat, sheep, cow, chicken, liver, kidney, intestines",1,"No","No","No","No","Yes","No","No","No","No","No",""
"16-58-48-79","Milk and milk products- fresh, powdered, yogurt, cheese, etc",7,"Yes","No","No","No","No","No","No","No","No","No",""
"16-58-48-79","Oil/fats- oil, fat, butter, ghee, etc",7,"No","No","No","No","Yes","No","No","No","No","No",""
"16-58-48-79","Sugar and sweets- sugar, honey, sweets, desserts",7,"No","No","No","No","Yes","No","No","No","No","No",""
"16-58-48-79","Miscellaneous- tea, coffee, beverages, condiments, spices",7,"No","No","No","No","Yes","No","No","No","No","No",""
"05-01-86-08","Cereals- rice, maize, chapatti, wheat, sorghum, bread, etc",7,"No","No","No","No","Yes","No","No","No","No","No",""
"05-01-86-08","Meat, poultry, organ meat- goat, sheep, cow, chicken, liver, kidney, intestines",3,"No","No","No","No","Yes","No","No","No","No","No",""
"05-01-86-08","Fish and seafood (dried or fresh)- sardines, dagaa/omena",2,"No","Yes","No","No","No","No","No","No","No","No",""
"05-01-86-08","Milk and milk products- fresh, powdered, yogurt, cheese, etc",1,"No","No","No","No","Yes","No","No","No","No","No",""
"05-01-86-08","Oil/fats- oil, fat, butter, ghee, etc",7,"No","No","No","No","Yes","No","No","No","No","No",""
"05-01-86-08","Sugar and sweets- sugar, honey, sweets, desserts",2,"No","No","No","No","Yes","No","No","No","No","No",""
"89-75-04-06","Cereals- rice, maize, chapatti, wheat, sorghum, bread, etc",7,"No","No","No","No","Yes","No","No","No","No","No",""
"89-75-04-06","Vegetables- spinach, pumpkin, cabbage, tomato, onion",4,"Yes","No","No","No","No","No","No","No","No","No",""
"89-75-04-06","Meat, poultry, organ meat- goat, sheep, cow, chicken, liver, kidney, intestines",1,"No","No","No","No","Yes","No","No","No","No","No",""
"89-75-04-06","Oil/fats- oil, fat, butter, ghee, etc",5,"No","No","No","No","Yes","No","No","No","No","No",""
"52-25-69-44","Cereals- rice, maize, chapatti, wheat, sorghum, bread, etc",3,"No","No","No","No","Yes","No","No","No","No","No",""
"52-25-69-44","Meat, poultry, organ meat- goat, sheep, cow, chicken, liver, kidney, intestines",2,"No","No","No","No","Yes","No","No","Yes","No","No",""
"52-25-69-44","Oil/fats- oil, fat, butter, ghee, etc",7,"No","No","No","No","Yes","No","No","Yes","No","No",""
"52-25-69-44","Sugar and sweets- sugar, honey, sweets, desserts",7,"No","No","No","No","Yes","No","No","No","No","No",""
"52-25-69-44","Miscellaneous- tea, coffee, beverages, condiments, spices",6,"No","No","No","No","Yes","No","No","No","No","No",""
"71-97-04-61","Cereals- rice, maize, chapatti, wheat, sorghum, bread, etc",5,"No","No","No","No","Yes","No","No","No","No","No",""
"71-97-04-61","Vegetables- spinach, pumpkin, cabbage, tomato, onion",4,"No","No","No","No","Yes","No","No","No","No","No",""
"71-97-04-61","Meat, poultry, organ meat- goat, sheep, cow, chicken, liver, kidney, intestines",2,"No","No","No","No","Yes","No","No","No","No","No",""
"71-97-04-61","Fish and seafood (dried or fresh)- sardines, dagaa/omena",1,"No","No","No","No","Yes","No","No","No","No","No",""
"71-97-04-61","Oil/fats- oil, fat, butter, ghee, etc",6,"No","No","No","No","Yes","No","No","No","No","No",""
"46-80-42-17","Cereals- rice, maize, chapatti, wheat, sorghum, bread, etc",7,"No","No","No","No","No","No","No","No","No","Yes","bought from the shop"
"46-80-42-17","Vegetables- spinach, pumpkin, cabbage, tomato, onion",2,"No","No","No","No","No","No","No","No","No","Yes","bought from the shop"
"46-80-42-17","Meat, poultry, organ meat- goat, sheep, cow, chicken, liver, kidney, intestines",7,"No","No","No","No","No","No","No","No","No","Yes","bought from the shop"
"46-80-42-17","Oil/fats- oil, fat, butter, ghee, etc",7,"No","No","No","No","No","No","No","No","No","Yes","bought from the shop"
"58-78-23-20","Cereals- rice, maize, chapatti, wheat, sorghum, bread, etc",4,"No","No","No","No","Yes","No","No","No","No","No",""
"58-78-23-20","Roots and tubers- potato, sweet potato, cassava, arrow roots, cooking banana",2,"No","No","No","No","Yes","No","No","No","No","No",""
"58-78-23-20","Vegetables- spinach, pumpkin, cabbage, tomato, onion",1,"No","No","No","No","Yes","No","No","No","No","No",""
"58-78-23-20","Fruits- orange, mango, guava, rice paw paw/papaya, pineapple, etc",3,"No","No","No","No","Yes","No","No","No","No","No",""
"58-78-23-20","Meat, poultry, organ meat- goat, sheep, cow, chicken, liver, kidney, intestines",3,"No","No","No","No","Yes","No","No","No","No","No",""
"58-78-23-20","Eggs",4,"No","No","No","No","Yes","No","No","No","No","No",""
"58-78-23-20","Fish and seafood (dried or fresh)- sardines, dagaa/omena",7,"No","No","No","No","Yes","No","No","No","No","No",""
"58-78-23-20","Milk and milk products- fresh, powdered, yogurt, cheese, etc",2,"No","No","No","No","No","No","No","Yes","No","No",""
"58-78-23-20","Oil/fats- oil, fat, butter, ghee, etc",7,"No","No","No","No","Yes","No","No","No","No","No",""
"58-78-23-20","Sugar and sweets- sugar, honey, sweets, desserts",7,"No","No","No","No","Yes","No","No","No","No","No",""
"35-69-94-08","Cereals- rice, maize, chapatti, wheat, sorghum, bread, etc",7,"No","No","No","No","Yes","No","No","No","No","No",""
"35-69-94-08","Vegetables- spinach, pumpkin, cabbage, tomato, onion",3,"No","No","No","No","Yes","No","No","No","No","No",""
"35-69-94-08","Meat, poultry, organ meat- goat, sheep, cow, chicken, liver, kidney, intestines",2,"No","No","No","No","Yes","No","No","No","No","No",""
"35-69-94-08","Milk and milk products- fresh, powdered, yogurt, cheese, etc",7,"Yes","No","No","No","No","No","No","No","No","No",""
"35-69-94-08","Oil/fats- oil, fat, butter, ghee, etc",7,"No","No","No","No","Yes","No","No","No","No","No",""
"35-69-94-08","Sugar and sweets- sugar, honey, sweets, desserts",7,"No","No","No","No","Yes","No","No","No","No","No",""
"35-69-94-08","Miscellaneous- tea, coffee, beverages, condiments, spices",7,"No","No","No","No","Yes","No","No","No","No","No",""
"10-25-31-32","Cereals- rice, maize, chapatti, wheat, sorghum, bread, etc",7,"No","No","No","No","Yes","No","No","No","No","No",""
"10-25-31-32","Vegetables- spinach, pumpkin, cabbage, tomato, onion",1,"Yes","No","No","No","No","No","No","No","No","No",""
"10-25-31-32","Oil/fats- oil, fat, butter, ghee, etc",5,"No","No","No","No","Yes","No","No","No","No","No",""
"10-25-31-32","Sugar and sweets- sugar, honey, sweets, desserts",3,"No","No","No","No","Yes","No","No","No","No","No",""
"38-79-29-34","Cereals- rice, maize, chapatti, wheat, sorghum, bread, etc",3,"No","No","No","No","Yes","No","No","No","No","No",""
"38-79-29-34","Roots and tubers- potato, sweet potato, cassava, arrow roots, cooking banana",2,"No","No","No","No","Yes","No","No","No","No","No",""
"38-79-29-34","Vegetables- spinach, pumpkin, cabbage, tomato, onion",6,"No","No","No","No","Yes","No","No","No","No","No",""
"38-79-29-34","Fruits- orange, mango, guava, rice paw paw/papaya, pineapple, etc",2,"No","No","No","No","Yes","No","No","No","No","No",""
"38-79-29-34","Meat, poultry, organ meat- goat, sheep, cow, chicken, liver, kidney, intestines",4,"No","No","No","No","Yes","No","No","No","No","No",""
"38-79-29-34","Eggs",1,"No","No","No","No","Yes","No","No","No","No","No",""
"38-79-29-34","Fish and seafood (dried or fresh)- sardines, dagaa/omena",4,"No","No","No","No","Yes","No","No","No","No","No",""
"38-79-29-34","Pulses, legumes, nuts, seeds",2,"No","No","No","No","Yes","No","No","No","No","No",""
"38-79-29-34","Oil/fats- oil, fat, butter, ghee, etc",7,"No","No","No","No","Yes","No","No","No","No","No",""
"38-79-29-34","Sugar and sweets- sugar, honey, sweets, desserts",7,"No","No","No","No","Yes","No","No","No","No","No",""
"89-83-56-79","Cereals- rice, maize, chapatti, wheat, sorghum, bread, etc",7,"No","No","No","No","Yes","No","No","No","No","No",""
"89-83-56-79","Vegetables- spinach, pumpkin, cabbage, tomato, onion",3,"No","No","No","No","Yes","No","No","No","No","No",""
"89-83-56-79","Meat, poultry, organ meat- goat, sheep, cow, chicken, liver, kidney, intestines",4,"No","No","No","No","Yes","No","No","No","No","No",""
"89-83-56-79","Fish and seafood (dried or fresh)- sardines, dagaa/omena",2,"No","No","No","No","Yes","No","No","No","No","No",""
"89-83-56-79","Milk and milk products- fresh, powdered, yogurt, cheese, etc",6,"No","No","No","No","No","No","No","Yes","No","No",""
"89-83-56-79","Oil/fats- oil, fat, butter, ghee, etc",5,"No","No","No","No","Yes","No","No","No","No","No",""
"50-21-50-41","Cereals- rice, maize, chapatti, wheat, sorghum, bread, etc",1,"Yes","No","No","No","No","No","No","No","No","No",""
"50-21-50-41","Vegetables- spinach, pumpkin, cabbage, tomato, onion",1,"No","No","No","Yes","No","No","No","No","No","No",""
"50-21-50-41","Meat, poultry, organ meat- goat, sheep, cow, chicken, liver, kidney, intestines",1,"No","No","No","No","Yes","No","No","No","No","No",""
"50-21-50-41","Oil/fats- oil, fat, butter, ghee, etc",2,"No","No","No","No","Yes","No","No","No","No","No",""
"50-21-50-41","Sugar and sweets- sugar, honey, sweets, desserts",3,"No","No","No","No","Yes","No","No","No","No","No",""
"44-19-49-55","Cereals- rice, maize, chapatti, wheat, sorghum, bread, etc",2,"Yes","No","No","No","No","No","No","No","No","No",""
"44-19-49-55","Meat, poultry, organ meat- goat, sheep, cow, chicken, liver, kidney, intestines",2,"No","No","No","No","Yes","No","No","No","No","No",""
"44-19-49-55","Milk and milk products- fresh, powdered, yogurt, cheese, etc",2,"No","No","No","No","Yes","No","No","No","No","No",""
"44-19-49-55","Oil/fats- oil, fat, butter, ghee, etc",7,"No","No","No","No","Yes","No","No","No","No","No",""
"44-19-49-55","Sugar and sweets- sugar, honey, sweets, desserts",7,"No","No","No","No","Yes","No","No","No","No","No",""
"44-19-49-55","Miscellaneous- tea, coffee, beverages, condiments, spices",7,"No","No","No","No","Yes","No","No","No","No","No",""
"55-68-88-94","Cereals- rice, maize, chapatti, wheat, sorghum, bread, etc",7,"No","No","No","No","Yes","No","No","No","No","No",""
"55-68-88-94","Meat, poultry, organ meat- goat, sheep, cow, chicken, liver, kidney, intestines",5,"No","No","No","No","No","No","No","Yes","No","No",""
"55-68-88-94","Fish and seafood (dried or fresh)- sardines, dagaa/omena",2,"No","No","No","No","Yes","No","No","No","No","No",""
"55-68-88-94","Milk and milk products- fresh, powdered, yogurt, cheese, etc",2,"No","No","No","No","No","No","No","Yes","No","No",""
"55-68-88-94","Oil/fats- oil, fat, butter, ghee, etc",2,"No","No","No","No","Yes","No","No","No","No","No",""
"59-93-51-03","Cereals- rice, maize, chapatti, wheat, sorghum, bread, etc",7,"No","No","No","No","Yes","No","No","No","No","No",""
"59-93-51-03","Vegetables- spinach, pumpkin, cabbage, tomato, onion",5,"Yes","No","No","No","No","No","No","No","No","No",""
"07-70-44-38","Cereals- rice, maize, chapatti, wheat, sorghum, bread, etc",3,"No","No","No","No","Yes","No","No","No","No","No",""
"07-70-44-38","Meat, poultry, organ meat- goat, sheep, cow, chicken, liver, kidney, intestines",1,"No","No","No","No","Yes","No","No","No","No","No",""
"07-70-44-38","Fish and seafood (dried or fresh)- sardines, dagaa/omena",2,"No","No","No","No","No","No","No","Yes","No","No",""
"07-70-44-38","Oil/fats- oil, fat, butter, ghee, etc",5,"No","No","No","No","No","No","No","Yes","No","No",""
"59-31-16-60","Cereals- rice, maize, chapatti, wheat, sorghum, bread, etc",7,"No","No","No","No","Yes","No","No","No","No","No",""
"59-31-16-60","Vegetables- spinach, pumpkin, cabbage, tomato, onion",4,"Yes","No","No","No","Yes","No","No","No","No","No",""
"59-31-16-60","Fruits- orange, mango, guava, rice paw paw/papaya, pineapple, etc",5,"No","No","No","No","Yes","No","No","No","No","No",""
"59-31-16-60","Meat, poultry, organ meat- goat, sheep, cow, chicken, liver, kidney, intestines",7,"No","No","No","No","Yes","No","No","No","No","No",""
"59-31-16-60","Fish and seafood (dried or fresh)- sardines, dagaa/omena",2,"No","No","No","No","Yes","No","No","No","No","No",""
"59-31-16-60","Oil/fats- oil, fat, butter, ghee, etc",7,"No","No","No","No","Yes","No","No","No","No","No",""
"84-43-04-55","Cereals- rice, maize, chapatti, wheat, sorghum, bread, etc",7,"No","No","No","No","Yes","No","No","No","No","No",""
"84-43-04-55","Vegetables- spinach, pumpkin, cabbage, tomato, onion",3,"No","No","No","No","Yes","No","No","No","No","No",""
"84-43-04-55","Meat, poultry, organ meat- goat, sheep, cow, chicken, liver, kidney, intestines",2,"No","No","No","No","Yes","No","No","No","No","No",""
"84-43-04-55","Fish and seafood (dried or fresh)- sardines, dagaa/omena",5,"No","No","No","No","Yes","No","No","No","No","No",""
"84-43-04-55","Oil/fats- oil, fat, butter, ghee, etc",7,"No","No","No","No","Yes","No","No","No","No","No",""
"84-43-04-55","Sugar and sweets- sugar, honey, sweets, desserts",5,"No","No","No","No","Yes","No","No","No","No","No",""
"90-23-91-34","Cereals- rice, maize, chapatti, wheat, sorghum, bread, etc",7,"No","No","No","No","Yes","No","No","No","No","No",""
"90-23-91-34","Fish and seafood (dried or fresh)- sardines, dagaa/omena",7,"No","No","No","No","Yes","No","No","No","No","No",""
"90-23-91-34","Oil/fats- oil, fat, butter, ghee, etc",7,"No","No","No","No","Yes","No","No","No","No","No",""
"00-25-69-00","Cereals- rice, maize, chapatti, wheat, sorghum, bread, etc",7,"No","No","No","No","Yes","No","No","No","No","No",""
"00-25-69-00","Vegetables- spinach, pumpkin, cabbage, tomato, onion",1,"No","No","No","No","Yes","No","No","No","No","No",""
"00-25-69-00","Fish and seafood (dried or fresh)- sardines, dagaa/omena",7,"No","Yes","No","No","No","No","No","No","No","No",""
"00-25-69-00","Sugar and sweets- sugar, honey, sweets, desserts",7,"No","No","No","No","Yes","No","No","No","No","No",""
"00-25-69-00","Miscellaneous- tea, coffee, beverages, condiments, spices",7,"No","No","No","No","Yes","No","No","No","No","No",""
"43-06-63-67","Cereals- rice, maize, chapatti, wheat, sorghum, bread, etc",7,"No","No","No","No","Yes","No","No","No","No","No",""
"43-06-63-67","Meat, poultry, organ meat- goat, sheep, cow, chicken, liver, kidney, intestines",2,"No","No","No","No","Yes","No","No","No","No","No",""
"28-10-90-34","Cereals- rice, maize, chapatti, wheat, sorghum, bread, etc",7,"No","No","No","No","Yes","No","No","Yes","No","No",""
"28-10-90-34","Vegetables- spinach, pumpkin, cabbage, tomato, onion",5,"No","No","No","No","Yes","No","No","No","No","No",""
"28-10-90-34","Meat, poultry, organ meat- goat, sheep, cow, chicken, liver, kidney, intestines",1,"No","No","No","No","Yes","No","No","No","No","No",""
"28-10-90-34","Milk and milk products- fresh, powdered, yogurt, cheese, etc",2,"Yes","No","No","No","No","No","No","Yes","No","No",""
"28-10-90-34","Oil/fats- oil, fat, butter, ghee, etc",5,"No","No","No","No","Yes","No","No","No","No","No",""
"13-06-00-33","Cereals- rice, maize, chapatti, wheat, sorghum, bread, etc",5,"No","No","No","No","Yes","No","No","No","No","No",""
"13-06-00-33","Meat, poultry, organ meat- goat, sheep, cow, chicken, liver, kidney, intestines",4,"No","No","No","No","Yes","No","No","No","No","No",""
"13-06-00-33","Fish and seafood (dried or fresh)- sardines, dagaa/omena",2,"No","No","No","No","Yes","No","No","No","No","No",""
"13-06-00-33","Miscellaneous- tea, coffee, beverages, condiments, spices",3,"No","No","No","No","Yes","No","No","No","No","No",""
"93-88-34-77","Cereals- rice, maize, chapatti, wheat, sorghum, bread, etc",2,"No","No","No","No","No","No","No","Yes","No","No",""
"93-88-34-77","Meat, poultry, organ meat- goat, sheep, cow, chicken, liver, kidney, intestines",2,"No","No","No","No","Yes","No","No","No","No","No",""
"93-88-34-77","Pulses, legumes, nuts, seeds",2,"No","No","No","No","No","No","No","Yes","No","No",""
"77-13-46-95","Cereals- rice, maize, chapatti, wheat, sorghum, bread, etc",7,"Yes","No","No","No","Yes","No","No","No","No","No",""
"77-13-46-95","Meat, poultry, organ meat- goat, sheep, cow, chicken, liver, kidney, intestines",2,"No","No","No","No","Yes","No","No","No","No","No",""
"77-13-46-95","Milk and milk products- fresh, powdered, yogurt, cheese, etc",7,"Yes","No","No","No","No","No","No","No","No","No",""
"77-13-46-95","Oil/fats- oil, fat, butter, ghee, etc",7,"No","No","No","No","Yes","No","No","No","No","No",""
"77-13-46-95","Sugar and sweets- sugar, honey, sweets, desserts",7,"No","No","No","No","Yes","No","No","No","No","No",""
"54-15-29-03","Cereals- rice, maize, chapatti, wheat, sorghum, bread, etc",7,"No","No","No","No","Yes","No","No","No","No","No",""
"54-15-29-03","Vegetables- spinach, pumpkin, cabbage, tomato, onion",5,"Yes","No","No","No","No","No","No","No","No","No",""
"54-15-29-03","Oil/fats- oil, fat, butter, ghee, etc",7,"No","No","No","No","Yes","No","No","No","No","No",""
"54-15-29-03","Miscellaneous- tea, coffee, beverages, condiments, spices",7,"No","No","No","No","Yes","No","No","No","No","No",""
"58-43-21-07","Cereals- rice, maize, chapatti, wheat, sorghum, bread, etc",7,"No","No","No","No","Yes","No","No","No","No","No",""
"58-43-21-07","Meat, poultry, organ meat- goat, sheep, cow, chicken, liver, kidney, intestines",7,"No","No","No","No","Yes","No","No","No","No","No",""
"58-43-21-07","Milk and milk products- fresh, powdered, yogurt, cheese, etc",7,"Yes","No","No","No","No","No","No","No","No","No",""
"58-43-21-07","Oil/fats- oil, fat, butter, ghee, etc",7,"No","No","No","No","Yes","No","No","No","No","No",""
"58-43-21-07","Sugar and sweets- sugar, honey, sweets, desserts",7,"No","No","No","No","Yes","No","No","No","No","No",""
"31-76-77-10","Cereals- rice, maize, chapatti, wheat, sorghum, bread, etc",7,"No","No","No","No","Yes","No","No","No","No","No",""
"31-76-77-10","Fish and seafood (dried or fresh)- sardines, dagaa/omena",7,"No","Yes","No","No","No","No","No","No","No","No",""
"31-76-77-10","Oil/fats- oil, fat, butter, ghee, etc",7,"No","No","No","No","Yes","No","No","No","No","No",""
"75-33-12-39","Cereals- rice, maize, chapatti, wheat, sorghum, bread, etc",7,"No","No","No","No","Yes","No","No","No","No","No",""
"75-33-12-39","Vegetables- spinach, pumpkin, cabbage, tomato, onion",7,"Yes","No","No","No","No","No","No","No","No","No",""
"75-33-12-39","Meat, poultry, organ meat- goat, sheep, cow, chicken, liver, kidney, intestines",1,"No","No","No","No","Yes","No","No","No","No","No",""
"75-33-12-39","Oil/fats- oil, fat, butter, ghee, etc",7,"No","No","No","No","Yes","No","No","No","No","No",""
"47-33-25-93","Cereals- rice, maize, chapatti, wheat, sorghum, bread, etc",7,"No","No","No","No","No","No","No","No","No","Yes","She spent her last week at  the funeral"
"47-33-25-93","Meat, poultry, organ meat- goat, sheep, cow, chicken, liver, kidney, intestines",7,"No","No","No","No","No","No","No","No","Yes","No",""
"47-33-25-93","Oil/fats- oil, fat, butter, ghee, etc",7,"No","No","No","No","No","No","No","No","Yes","No",""
"35-34-76-48","Fruits- orange, mango, guava, rice paw paw/papaya, pineapple, etc",1,"No","No","No","No","No","No","No","Yes","No","No",""
"35-34-76-48","Meat, poultry, organ meat- goat, sheep, cow, chicken, liver, kidney, intestines",2,"No","No","No","No","Yes","No","No","No","No","No",""
"35-34-76-48","Pulses, legumes, nuts, seeds",1,"Yes","No","No","No","No","No","No","No","No","No",""
"35-34-76-48","Milk and milk products- fresh, powdered, yogurt, cheese, etc",2,"Yes","No","No","No","No","No","No","No","No","No",""
"35-34-76-48","Sugar and sweets- sugar, honey, sweets, desserts",2,"No","No","No","No","Yes","No","No","No","No","No",""
"26-98-60-20","Cereals- rice, maize, chapatti, wheat, sorghum, bread, etc",7,"No","No","No","No","Yes","No","No","No","No","No",""
"26-98-60-20","Vegetables- spinach, pumpkin, cabbage, tomato, onion",7,"No","No","Yes","No","No","No","No","No","No","No",""
"26-98-60-20","Fruits- orange, mango, guava, rice paw paw/papaya, pineapple, etc",3,"No","No","No","No","No","No","No","Yes","No","No",""
"26-98-60-20","Meat, poultry, organ meat- goat, sheep, cow, chicken, liver, kidney, intestines",2,"No","No","No","No","Yes","No","No","No","No","No",""
"26-98-60-20","Fish and seafood (dried or fresh)- sardines, dagaa/omena",1,"No","No","No","No","Yes","No","No","No","No","No",""
"26-98-60-20","Milk and milk products- fresh, powdered, yogurt, cheese, etc",2,"No","No","No","No","Yes","No","No","No","No","No",""
"26-98-60-20","Oil/fats- oil, fat, butter, ghee, etc",7,"No","No","No","No","Yes","No","No","No","No","No",""
"26-98-60-20","Sugar and sweets- sugar, honey, sweets, desserts",7,"No","No","No","No","Yes","No","No","No","No","No",""
"26-98-60-20","Miscellaneous- tea, coffee, beverages, condiments, spices",3,"No","No","No","No","No","No","No","Yes","No","No",""
"20-88-32-55","Cereals- rice, maize, chapatti, wheat, sorghum, bread, etc",7,"No","No","No","No","Yes","No","No","No","No","No",""
"20-88-32-55","Vegetables- spinach, pumpkin, cabbage, tomato, onion",3,"No","No","No","No","Yes","No","No","No","No","No",""
"20-88-32-55","Meat, poultry, organ meat- goat, sheep, cow, chicken, liver, kidney, intestines",5,"No","No","No","No","Yes","No","No","No","No","No",""
"73-42-30-97","Roots and tubers- potato, sweet potato, cassava, arrow roots, cooking banana",1,"No","No","No","No","No","No","No","Yes","No","No",""
"73-42-30-97","Vegetables- spinach, pumpkin, cabbage, tomato, onion",2,"No","No","Yes","No","No","No","No","No","No","No",""
"73-42-30-97","Fish and seafood (dried or fresh)- sardines, dagaa/omena",2,"No","No","No","No","No","No","No","Yes","No","No",""
"38-84-78-59","Cereals- rice, maize, chapatti, wheat, sorghum, bread, etc",7,"No","No","No","No","Yes","No","No","No","No","No",""
"38-84-78-59","Vegetables- spinach, pumpkin, cabbage, tomato, onion",1,"Yes","No","No","No","No","No","No","No","No","No",""
"38-84-78-59","Meat, poultry, organ meat- goat, sheep, cow, chicken, liver, kidney, intestines",1,"No","No","No","No","No","No","No","Yes","No","No",""
"38-84-78-59","Fish and seafood (dried or fresh)- sardines, dagaa/omena",7,"Yes","No","No","No","No","No","No","No","No","No",""
"38-84-78-59","Pulses, legumes, nuts, seeds",2,"Yes","No","No","No","No","No","No","No","No","No",""
"70-09-32-42","Cereals- rice, maize, chapatti, wheat, sorghum, bread, etc",1,"No","No","No","No","Yes","No","No","No","No","No",""
"70-09-32-42","Vegetables- spinach, pumpkin, cabbage, tomato, onion",3,"No","No","Yes","No","No","No","No","No","No","No",""
"70-09-32-42","Meat, poultry, organ meat- goat, sheep, cow, chicken, liver, kidney, intestines",7,"No","No","No","No","Yes","No","No","No","No","No",""
"76-04-07-19","Cereals- rice, maize, chapatti, wheat, sorghum, bread, etc",7,"No","No","No","No","Yes","No","No","No","No","No",""
"76-04-07-19","Vegetables- spinach, pumpkin, cabbage, tomato, onion",1,"No","No","No","No","Yes","No","No","No","No","No",""
"76-04-07-19","Meat, poultry, organ meat- goat, sheep, cow, chicken, liver, kidney, intestines",2,"No","No","No","No","No","No","No","Yes","No","No",""
"76-04-07-19","Fish and seafood (dried or fresh)- sardines, dagaa/omena",1,"No","No","No","No","Yes","No","No","No","No","No",""
"76-04-07-19","Sugar and sweets- sugar, honey, sweets, desserts",3,"No","No","No","No","Yes","No","No","No","No","No",""
"76-04-07-19","Miscellaneous- tea, coffee, beverages, condiments, spices",3,"No","No","No","No","Yes","No","No","No","No","No",""
"70-32-51-26","Meat, poultry, organ meat- goat, sheep, cow, chicken, liver, kidney, intestines",2,"No","No","No","No","No","No","No","Yes","No","No",""
"70-32-51-26","Milk and milk products- fresh, powdered, yogurt, cheese, etc",6,"Yes","No","No","No","No","No","No","No","No","No",""
"70-32-51-26","Sugar and sweets- sugar, honey, sweets, desserts",6,"No","No","No","No","Yes","No","No","No","No","No",""
"56-61-77-64","Cereals- rice, maize, chapatti, wheat, sorghum, bread, etc",7,"No","No","No","No","Yes","No","No","No","No","No",""
"56-61-77-64","Roots and tubers- potato, sweet potato, cassava, arrow roots, cooking banana",1,"No","No","No","No","Yes","No","No","No","No","No",""
"56-61-77-64","Vegetables- spinach, pumpkin, cabbage, tomato, onion",7,"No","No","No","No","Yes","No","No","No","No","No",""
"56-61-77-64","Meat, poultry, organ meat- goat, sheep, cow, chicken, liver, kidney, intestines",3,"No","No","No","No","Yes","No","No","No","No","No",""
"56-61-77-64","Eggs",1,"Yes","No","No","No","No","No","No","No","No","No",""
"56-61-77-64","Fish and seafood (dried or fresh)- sardines, dagaa/omena",4,"No","No","No","No","Yes","No","No","No","No","No",""
"56-61-77-64","Milk and milk products- fresh, powdered, yogurt, cheese, etc",1,"No","No","No","No","Yes","No","No","No","No","No",""
"56-61-77-64","Oil/fats- oil, fat, butter, ghee, etc",7,"No","No","No","No","Yes","No","No","No","No","No",""
"56-61-77-64","Sugar and sweets- sugar, honey, sweets, desserts",3,"No","No","No","No","Yes","No","No","No","No","No",""
"56-61-77-64","Miscellaneous- tea, coffee, beverages, condiments, spices",3,"No","No","No","No","Yes","No","No","No","No","No",""
"50-82-91-34","Cereals- rice, maize, chapatti, wheat, sorghum, bread, etc",7,"No","No","No","No","No","No","No","No","No","Yes","bought from the shop"
"50-82-91-34","Meat, poultry, organ meat- goat, sheep, cow, chicken, liver, kidney, intestines",1,"No","No","No","No","No","No","No","No","No","Yes","bought from the shop"
"50-82-91-34","Fish and seafood (dried or fresh)- sardines, dagaa/omena",2,"No","Yes","No","No","No","No","No","No","No","No",""
"50-82-91-34","Oil/fats- oil, fat, butter, ghee, etc",7,"No","No","No","No","No","No","No","No","No","Yes","bought from the shop"
"50-82-91-34","Sugar and sweets- sugar, honey, sweets, desserts",1,"No","No","No","No","No","No","No","Yes","No","No",""
"83-60-63-11","Cereals- rice, maize, chapatti, wheat, sorghum, bread, etc",7,"No","No","No","No","No","No","No","No","No","Yes","bought from the shop"
"83-60-63-11","Meat, poultry, organ meat- goat, sheep, cow, chicken, liver, kidney, intestines",5,"No","No","No","No","No","No","No","No","No","Yes","bought from the market"
"83-60-63-11","Fish and seafood (dried or fresh)- sardines, dagaa/omena",4,"No","Yes","No","No","No","No","No","No","No","No",""
"83-60-63-11","Milk and milk products- fresh, powdered, yogurt, cheese, etc",7,"Yes","No","No","No","No","No","No","No","No","No",""
"83-60-63-11","Oil/fats- oil, fat, butter, ghee, etc",7,"No","No","No","No","No","No","No","No","No","Yes","bought from the shop"
"80-51-82-08","Cereals- rice, maize, chapatti, wheat, sorghum, bread, etc",2,"No","No","No","No","Yes","No","No","No","No","No",""
"80-51-82-08","Vegetables- spinach, pumpkin, cabbage, tomato, onion",6,"Yes","No","No","No","No","No","No","No","No","No",""
"80-51-82-08","Meat, poultry, organ meat- goat, sheep, cow, chicken, liver, kidney, intestines",1,"No","No","No","No","No","No","No","Yes","No","No",""
"80-51-82-08","Fish and seafood (dried or fresh)- sardines, dagaa/omena",6,"No","No","No","No","Yes","No","No","No","No","No",""
"49-80-85-60","Cereals- rice, maize, chapatti, wheat, sorghum, bread, etc",7,"Yes","No","No","No","No","No","No","No","No","No",""
"49-80-85-60","Roots and tubers- potato, sweet potato, cassava, arrow roots, cooking banana",1,"Yes","No","No","No","No","No","No","No","No","No",""
"49-80-85-60","Vegetables- spinach, pumpkin, cabbage, tomato, onion",1,"Yes","No","No","No","No","No","No","No","No","No",""
"49-80-85-60","Fruits- orange, mango, guava, rice paw paw/papaya, pineapple, etc",3,"Yes","No","No","No","No","No","No","No","No","No",""
"49-80-85-60","Milk and milk products- fresh, powdered, yogurt, cheese, etc",2,"No","No","No","No","Yes","No","No","No","No","No",""
"49-80-85-60","Oil/fats- oil, fat, butter, ghee, etc",5,"No","No","No","No","Yes","No","No","No","No","No",""
"49-80-85-60","Sugar and sweets- sugar, honey, sweets, desserts",7,"No","No","No","No","Yes","No","No","No","No","No",""
"81-64-86-08","Cereals- rice, maize, chapatti, wheat, sorghum, bread, etc",7,"No","No","No","No","Yes","No","No","No","No","No",""
"81-64-86-08","Meat, poultry, organ meat- goat, sheep, cow, chicken, liver, kidney, intestines",2,"No","No","No","No","Yes","No","No","No","No","No",""
"81-64-86-08","Fish and seafood (dried or fresh)- sardines, dagaa/omena",2,"No","No","No","No","Yes","No","No","No","No","No",""
"81-64-86-08","Oil/fats- oil, fat, butter, ghee, etc",7,"No","No","No","No","Yes","No","No","No","No","No",""
"33-82-62-40","Cereals- rice, maize, chapatti, wheat, sorghum, bread, etc",7,"No","No","No","No","Yes","No","No","No","No","No",""
"33-82-62-40","Meat, poultry, organ meat- goat, sheep, cow, chicken, liver, kidney, intestines",6,"No","No","No","No","Yes","No","No","No","No","No",""
"33-82-62-40","Fish and seafood (dried or fresh)- sardines, dagaa/omena",6,"No","No","No","No","Yes","No","No","No","No","No",""
"33-82-62-40","Oil/fats- oil, fat, butter, ghee, etc",7,"No","No","No","No","Yes","No","No","No","No","No",""
"33-82-62-40","Sugar and sweets- sugar, honey, sweets, desserts",7,"No","No","No","No","Yes","No","No","No","No","No",""
"56-48-48-33","Cereals- rice, maize, chapatti, wheat, sorghum, bread, etc",7,"No","No","No","No","Yes","No","No","No","No","No",""
"56-48-48-33","Vegetables- spinach, pumpkin, cabbage, tomato, onion",7,"Yes","No","No","No","No","No","No","No","No","No",""
"56-48-48-33","Meat, poultry, organ meat- goat, sheep, cow, chicken, liver, kidney, intestines",2,"No","No","No","No","Yes","No","No","No","No","No",""
"56-48-48-33","Fish and seafood (dried or fresh)- sardines, dagaa/omena",7,"No","Yes","No","No","No","No","No","No","No","No",""
"56-48-48-33","Oil/fats- oil, fat, butter, ghee, etc",7,"No","No","No","No","Yes","No","No","No","No","No",""
"56-48-48-33","Sugar and sweets- sugar, honey, sweets, desserts",5,"No","No","No","No","Yes","No","No","No","No","No",""
"19-43-49-26","Cereals- rice, maize, chapatti, wheat, sorghum, bread, etc",1,"Yes","No","No","No","No","No","No","No","No","No",""
"19-43-49-26","Vegetables- spinach, pumpkin, cabbage, tomato, onion",3,"No","No","No","No","Yes","No","No","No","No","No",""
"19-43-49-26","Fish and seafood (dried or fresh)- sardines, dagaa/omena",7,"No","No","No","No","Yes","No","No","No","No","No",""
"19-43-49-26","Oil/fats- oil, fat, butter, ghee, etc",7,"No","No","No","No","Yes","No","No","No","No","No",""
"19-43-49-26","Sugar and sweets- sugar, honey, sweets, desserts",3,"No","No","No","No","Yes","No","No","No","No","No",""
"52-63-91-75","Cereals- rice, maize, chapatti, wheat, sorghum, bread, etc",5,"No","No","No","Yes","No","No","No","No","No","No",""
"60-93-32-66","Cereals- rice, maize, chapatti, wheat, sorghum, bread, etc",7,"No","No","No","No","Yes","No","No","No","No","No",""
"60-93-32-66","Oil/fats- oil, fat, butter, ghee, etc",4,"No","No","No","No","Yes","No","No","No","No","No",""
"37-44-93-64","Cereals- rice, maize, chapatti, wheat, sorghum, bread, etc",6,"No","No","No","No","Yes","No","No","No","No","No",""
"37-44-93-64","Meat, poultry, organ meat- goat, sheep, cow, chicken, liver, kidney, intestines",5,"No","No","No","No","Yes","No","No","No","No","No",""
"37-44-93-64","Fish and seafood (dried or fresh)- sardines, dagaa/omena",3,"No","No","No","No","Yes","No","No","No","No","No",""
"37-44-93-64","Milk and milk products- fresh, powdered, yogurt, cheese, etc",1,"No","No","No","No","Yes","No","No","No","No","No",""
"37-44-93-64","Oil/fats- oil, fat, butter, ghee, etc",6,"No","No","No","No","Yes","No","No","No","No","No",""
"37-44-93-64","Sugar and sweets- sugar, honey, sweets, desserts",7,"No","No","No","No","Yes","No","No","No","No","No",""
"37-44-93-64","Miscellaneous- tea, coffee, beverages, condiments, spices",7,"No","No","No","No","Yes","No","No","No","No","No",""
"83-19-87-02","Cereals- rice, maize, chapatti, wheat, sorghum, bread, etc",7,"No","No","No","No","Yes","No","No","No","No","No",""
"83-19-87-02","Meat, poultry, organ meat- goat, sheep, cow, chicken, liver, kidney, intestines",3,"No","No","No","No","Yes","No","No","No","No","No",""
"83-19-87-02","Fish and seafood (dried or fresh)- sardines, dagaa/omena",7,"No","No","No","No","Yes","No","No","No","No","No",""
"83-19-87-02","Oil/fats- oil, fat, butter, ghee, etc",7,"No","No","No","No","Yes","No","No","No","No","No",""
"83-26-13-29","Cereals- rice, maize, chapatti, wheat, sorghum, bread, etc",7,"No","No","No","No","No","No","No","No","No","Yes","bought from the shop"
"83-26-13-29","Vegetables- spinach, pumpkin, cabbage, tomato, onion",3,"No","No","Yes","No","No","No","No","No","No","No",""
"83-26-13-29","Meat, poultry, organ meat- goat, sheep, cow, chicken, liver, kidney, intestines",3,"No","No","No","No","No","No","No","No","No","Yes","bought from the local market"
"83-26-13-29","Milk and milk products- fresh, powdered, yogurt, cheese, etc",7,"Yes","No","No","No","No","No","No","No","No","No",""
"83-26-13-29","Oil/fats- oil, fat, butter, ghee, etc",5,"No","No","No","No","No","No","No","No","No","Yes","bought from the shop"
"83-26-13-29","Sugar and sweets- sugar, honey, sweets, desserts",7,"No","No","No","No","No","No","No","No","No","Yes","bought from the shop"
"83-26-13-29","Miscellaneous- tea, coffee, beverages, condiments, spices",4,"No","No","No","No","No","No","No","No","No","Yes","bought from the shop"
"02-40-91-04","Vegetables- spinach, pumpkin, cabbage, tomato, onion",2,"No","No","No","No","Yes","No","No","No","No","No",""
"02-40-91-04","Meat, poultry, organ meat- goat, sheep, cow, chicken, liver, kidney, intestines",2,"No","No","No","No","Yes","No","No","No","No","No",""
"02-40-91-04","Sugar and sweets- sugar, honey, sweets, desserts",2,"No","No","No","No","Yes","No","No","No","No","No",""
"31-74-57-88","Cereals- rice, maize, chapatti, wheat, sorghum, bread, etc",7,"No","No","No","No","Yes","No","No","No","No","No",""
"31-74-57-88","Vegetables- spinach, pumpkin, cabbage, tomato, onion",7,"No","No","No","No","Yes","No","No","No","No","No",""
"31-74-57-88","Meat, poultry, organ meat- goat, sheep, cow, chicken, liver, kidney, intestines",2,"No","No","No","No","Yes","No","No","No","No","No",""
"31-74-57-88","Fish and seafood (dried or fresh)- sardines, dagaa/omena",7,"No","Yes","No","No","No","No","No","No","No","No",""
"31-74-57-88","Oil/fats- oil, fat, butter, ghee, etc",4,"No","No","No","No","Yes","No","No","No","No","No",""
"31-74-57-88","Sugar and sweets- sugar, honey, sweets, desserts",3,"No","No","No","No","Yes","No","No","No","No","No",""
"09-16-66-27","Cereals- rice, maize, chapatti, wheat, sorghum, bread, etc",7,"No","No","No","No","Yes","No","No","No","No","No",""
"09-16-66-27","Vegetables- spinach, pumpkin, cabbage, tomato, onion",7,"No","No","No","No","Yes","No","No","No","No","No",""
"09-16-66-27","Fish and seafood (dried or fresh)- sardines, dagaa/omena",6,"No","No","No","No","Yes","No","No","No","No","No",""
"09-16-66-27","Milk and milk products- fresh, powdered, yogurt, cheese, etc",4,"Yes","No","No","No","Yes","No","No","No","No","No",""
"09-16-66-27","Oil/fats- oil, fat, butter, ghee, etc",5,"No","No","No","No","Yes","No","No","No","No","No",""
"02-99-67-45","Cereals- rice, maize, chapatti, wheat, sorghum, bread, etc",7,"No","No","No","No","Yes","No","No","No","No","No",""
"02-99-67-45","Vegetables- spinach, pumpkin, cabbage, tomato, onion",2,"No","No","No","No","Yes","No","No","No","No","No",""
"02-99-67-45","Oil/fats- oil, fat, butter, ghee, etc",4,"No","No","No","No","Yes","No","No","No","No","No",""
"18-26-92-76","Cereals- rice, maize, chapatti, wheat, sorghum, bread, etc",7,"No","No","No","No","Yes","No","No","No","No","No",""
"18-26-92-76","Vegetables- spinach, pumpkin, cabbage, tomato, onion",7,"Yes","No","No","No","No","No","No","No","No","No",""
"18-26-92-76","Meat, poultry, organ meat- goat, sheep, cow, chicken, liver, kidney, intestines",1,"No","No","No","No","Yes","No","No","No","No","No",""
"18-26-92-76","Eggs",1,"Yes","No","No","No","No","No","No","No","No","No",""
"18-26-92-76","Fish and seafood (dried or fresh)- sardines, dagaa/omena",2,"No","Yes","No","No","No","No","No","No","No","No",""
"18-26-92-76","Milk and milk products- fresh, powdered, yogurt, cheese, etc",7,"Yes","No","No","No","No","No","No","No","No","No",""
"18-26-92-76","Oil/fats- oil, fat, butter, ghee, etc",7,"No","No","No","No","Yes","No","No","No","No","No",""
"18-26-92-76","Sugar and sweets- sugar, honey, sweets, desserts",7,"No","No","No","No","Yes","No","No","No","No","No",""
"54-98-92-77","Cereals- rice, maize, chapatti, wheat, sorghum, bread, etc",1,"No","No","No","No","Yes","No","No","No","No","No",""
"54-98-92-77","Fish and seafood (dried or fresh)- sardines, dagaa/omena",7,"No","No","No","No","Yes","No","No","No","No","No",""
"54-98-92-77","Oil/fats- oil, fat, butter, ghee, etc",7,"No","No","No","No","Yes","No","No","No","No","No",""
"94-90-21-30","Cereals- rice, maize, chapatti, wheat, sorghum, bread, etc",7,"No","No","No","Yes","Yes","No","No","No","No","No",""
"94-90-21-30","Vegetables- spinach, pumpkin, cabbage, tomato, onion",6,"No","No","No","No","Yes","No","No","No","No","No",""
"94-90-21-30","Meat, poultry, organ meat- goat, sheep, cow, chicken, liver, kidney, intestines",5,"No","No","No","No","Yes","No","No","No","No","No",""
"94-90-21-30","Oil/fats- oil, fat, butter, ghee, etc",7,"No","No","No","No","Yes","No","No","No","No","No",""
"34-25-16-71","Cereals- rice, maize, chapatti, wheat, sorghum, bread, etc",7,"No","No","No","No","Yes","No","No","No","No","No",""
"34-25-16-71","Vegetables- spinach, pumpkin, cabbage, tomato, onion",1,"Yes","No","No","No","No","No","No","No","No","No",""
"34-25-16-71","Meat, poultry, organ meat- goat, sheep, cow, chicken, liver, kidney, intestines",7,"Yes","No","No","No","No","No","No","No","No","No",""
"34-25-16-71","Oil/fats- oil, fat, butter, ghee, etc",7,"No","No","No","No","Yes","No","No","No","No","No",""
"26-18-25-14","Cereals- rice, maize, chapatti, wheat, sorghum, bread, etc",7,"No","No","No","No","Yes","No","No","No","No","No",""
"26-18-25-14","Vegetables- spinach, pumpkin, cabbage, tomato, onion",7,"No","No","No","No","Yes","No","No","No","No","No",""
"26-18-25-14","Fish and seafood (dried or fresh)- sardines, dagaa/omena",7,"No","Yes","No","No","No","No","No","No","No","No",""
"26-18-25-14","Milk and milk products- fresh, powdered, yogurt, cheese, etc",3,"No","No","No","No","Yes","No","No","No","No","No",""
"26-18-25-14","Oil/fats- oil, fat, butter, ghee, etc",7,"No","No","No","No","Yes","No","No","No","No","No",""
"26-18-25-14","Sugar and sweets- sugar, honey, sweets, desserts",3,"No","No","No","No","Yes","No","No","No","No","No",""
"62-93-86-46","Vegetables- spinach, pumpkin, cabbage, tomato, onion",1,"No","No","No","No","Yes","No","No","No","No","No",""
"62-93-86-46","Fish and seafood (dried or fresh)- sardines, dagaa/omena",6,"No","No","No","No","Yes","No","No","No","No","No",""
"62-93-86-46","Milk and milk products- fresh, powdered, yogurt, cheese, etc",1,"No","No","No","No","Yes","No","No","No","No","No",""
"62-93-86-46","Sugar and sweets- sugar, honey, sweets, desserts",4,"No","No","No","No","Yes","No","No","No","No","No",""
"85-20-92-08","Cereals- rice, maize, chapatti, wheat, sorghum, bread, etc",3,"Yes","No","No","No","No","No","No","No","No","No",""
"85-20-92-08","Vegetables- spinach, pumpkin, cabbage, tomato, onion",3,"No","No","No","No","Yes","No","No","No","No","No",""
"85-20-92-08","Meat, poultry, organ meat- goat, sheep, cow, chicken, liver, kidney, intestines",2,"No","No","No","No","Yes","No","No","No","No","No",""
"85-20-92-08","Sugar and sweets- sugar, honey, sweets, desserts",1,"No","No","No","No","Yes","No","No","No","No","No",""
"65-60-16-01","Cereals- rice, maize, chapatti, wheat, sorghum, bread, etc",7,"No","No","No","No","No","No","No","No","No","Yes","bought from the shop"
"65-60-16-01","Fish and seafood (dried or fresh)- sardines, dagaa/omena",3,"No","No","No","No","No","No","No","Yes","No","No",""
"83-41-72-29","Cereals- rice, maize, chapatti, wheat, sorghum, bread, etc",7,"No","No","No","No","Yes","No","No","No","No","No",""
"83-41-72-29","Vegetables- spinach, pumpkin, cabbage, tomato, onion",7,"Yes","No","No","No","No","No","No","No","No","No",""
"83-41-72-29","Meat, poultry, organ meat- goat, sheep, cow, chicken, liver, kidney, intestines",2,"No","No","No","No","Yes","No","No","No","No","No",""
"83-41-72-29","Fish and seafood (dried or fresh)- sardines, dagaa/omena",2,"No","Yes","No","No","No","No","No","No","No","No",""
"83-41-72-29","Milk and milk products- fresh, powdered, yogurt, cheese, etc",2,"Yes","No","No","No","No","No","No","Yes","No","No",""
"83-41-72-29","Oil/fats- oil, fat, butter, ghee, etc",7,"No","No","No","No","Yes","No","No","No","No","No",""
"21-46-08-35","Cereals- rice, maize, chapatti, wheat, sorghum, bread, etc",5,"Yes","No","No","No","No","No","No","No","No","No",""
"21-46-08-35","Vegetables- spinach, pumpkin, cabbage, tomato, onion",5,"Yes","No","No","No","No","No","No","No","No","No",""
"21-46-08-35","Fish and seafood (dried or fresh)- sardines, dagaa/omena",3,"No","No","No","No","Yes","No","No","No","No","No",""
"21-46-08-35","Oil/fats- oil, fat, butter, ghee, etc",5,"No","No","No","No","Yes","No","No","No","No","No",""
"37-32-34-84","Cereals- rice, maize, chapatti, wheat, sorghum, bread, etc",7,"Yes","No","No","No","Yes","No","No","No","No","No",""
"37-32-34-84","Vegetables- spinach, pumpkin, cabbage, tomato, onion",7,"Yes","No","Yes","No","No","No","No","No","No","No",""
"37-32-34-84","Fish and seafood (dried or fresh)- sardines, dagaa/omena",1,"No","No","No","No","Yes","No","No","No","No","No",""
"37-32-34-84","Oil/fats- oil, fat, butter, ghee, etc",3,"No","No","No","No","Yes","No","No","No","No","No",""
"13-52-22-69","Cereals- rice, maize, chapatti, wheat, sorghum, bread, etc",7,"No","No","No","No","Yes","No","No","No","No","No",""
"13-52-22-69","Meat, poultry, organ meat- goat, sheep, cow, chicken, liver, kidney, intestines",2,"No","No","No","No","Yes","No","No","No","No","No",""
"13-52-22-69","Fish and seafood (dried or fresh)- sardines, dagaa/omena",2,"No","No","No","No","Yes","No","No","No","No","No",""
"13-52-22-69","Milk and milk products- fresh, powdered, yogurt, cheese, etc",2,"No","No","No","No","No","No","No","Yes","No","No",""
"13-52-22-69","Oil/fats- oil, fat, butter, ghee, etc",6,"No","No","No","No","Yes","No","No","No","No","No",""
"13-52-22-69","Sugar and sweets- sugar, honey, sweets, desserts",2,"No","No","No","No","Yes","No","No","No","No","No",""
"39-17-92-41","Cereals- rice, maize, chapatti, wheat, sorghum, bread, etc",6,"Yes","No","No","No","No","No","No","No","No","No",""
"39-17-92-41","Roots and tubers- potato, sweet potato, cassava, arrow roots, cooking banana",1,"No","No","No","No","Yes","No","No","No","No","No",""
"39-17-92-41","Vegetables- spinach, pumpkin, cabbage, tomato, onion",2,"No","No","No","No","Yes","No","No","No","No","No",""
"39-17-92-41","Meat, poultry, organ meat- goat, sheep, cow, chicken, liver, kidney, intestines",5,"No","No","No","No","Yes","No","No","No","No","No",""
"39-17-92-41","Fish and seafood (dried or fresh)- sardines, dagaa/omena",7,"No","No","No","No","Yes","No","No","No","No","No",""
"39-17-92-41","Pulses, legumes, nuts, seeds",6,"No","No","No","No","Yes","No","No","No","No","No",""
"39-17-92-41","Milk and milk products- fresh, powdered, yogurt, cheese, etc",5,"No","No","No","No","Yes","No","No","No","No","No",""
"39-17-92-41","Oil/fats- oil, fat, butter, ghee, etc",7,"No","No","No","No","Yes","No","No","No","No","No",""
"39-17-92-41","Sugar and sweets- sugar, honey, sweets, desserts",1,"No","No","No","No","Yes","No","No","No","No","No",""
"33-45-72-89","Cereals- rice, maize, chapatti, wheat, sorghum, bread, etc",7,"No","No","No","No","Yes","No","No","No","No","No",""
"33-45-72-89","Vegetables- spinach, pumpkin, cabbage, tomato, onion",2,"No","No","No","No","No","No","No","Yes","No","No",""
"33-45-72-89","Meat, poultry, organ meat- goat, sheep, cow, chicken, liver, kidney, intestines",2,"No","No","No","No","Yes","No","No","No","No","No",""
"33-45-72-89","Fish and seafood (dried or fresh)- sardines, dagaa/omena",7,"No","Yes","No","No","No","No","No","No","No","No",""
"31-31-05-64","Cereals- rice, maize, chapatti, wheat, sorghum, bread, etc",7,"No","No","No","No","Yes","No","No","No","No","No",""
"31-31-05-64","Vegetables- spinach, pumpkin, cabbage, tomato, onion",3,"No","No","No","No","No","No","No","Yes","No","No",""
"31-31-05-64","Fish and seafood (dried or fresh)- sardines, dagaa/omena",7,"No","Yes","No","No","No","No","No","No","No","No",""
"31-31-05-64","Oil/fats- oil, fat, butter, ghee, etc",7,"No","No","No","No","Yes","No","No","No","No","No",""
"31-31-05-64","Sugar and sweets- sugar, honey, sweets, desserts",3,"No","No","No","No","Yes","No","No","No","No","No",""
"86-99-45-42","Cereals- rice, maize, chapatti, wheat, sorghum, bread, etc",7,"No","No","No","No","Yes","No","No","No","No","No",""
"86-99-45-42","Vegetables- spinach, pumpkin, cabbage, tomato, onion",2,"No","No","No","No","Yes","No","No","No","No","No",""
"86-99-45-42","Fruits- orange, mango, guava, rice paw paw/papaya, pineapple, etc",2,"No","No","No","No","Yes","No","No","No","No","No",""
"86-99-45-42","Fish and seafood (dried or fresh)- sardines, dagaa/omena",7,"No","No","No","No","Yes","No","No","No","No","No",""
"86-99-45-42","Oil/fats- oil, fat, butter, ghee, etc",7,"No","No","No","No","Yes","No","No","No","No","No",""
"86-99-45-42","Sugar and sweets- sugar, honey, sweets, desserts",7,"No","No","No","No","Yes","No","No","No","No","No",""
"86-99-45-42","Miscellaneous- tea, coffee, beverages, condiments, spices",7,"No","No","No","No","Yes","No","No","No","No","No",""
"56-98-53-98","Cereals- rice, maize, chapatti, wheat, sorghum, bread, etc",7,"No","No","No","No","Yes","No","No","No","No","No",""
"56-98-53-98","Vegetables- spinach, pumpkin, cabbage, tomato, onion",6,"No","No","No","No","Yes","No","No","No","No","No",""
"56-98-53-98","Meat, poultry, organ meat- goat, sheep, cow, chicken, liver, kidney, intestines",2,"No","No","No","No","Yes","No","No","No","No","No",""
"56-98-53-98","Fish and seafood (dried or fresh)- sardines, dagaa/omena",5,"No","No","No","No","Yes","No","No","No","No","No",""
"56-36-96-19","Cereals- rice, maize, chapatti, wheat, sorghum, bread, etc",7,"No","No","No","No","Yes","No","No","No","No","No",""
"56-36-96-19","Vegetables- spinach, pumpkin, cabbage, tomato, onion",3,"No","No","No","No","Yes","No","No","No","No","No",""
"56-36-96-19","Meat, poultry, organ meat- goat, sheep, cow, chicken, liver, kidney, intestines",1,"No","No","No","No","Yes","No","No","No","No","No",""
"56-36-96-19","Fish and seafood (dried or fresh)- sardines, dagaa/omena",2,"No","No","No","No","Yes","No","No","Yes","No","No",""
"56-36-96-19","Oil/fats- oil, fat, butter, ghee, etc",6,"No","No","No","No","Yes","No","No","No","No","No",""
"50-58-13-59","Fish and seafood (dried or fresh)- sardines, dagaa/omena",7,"No","Yes","No","No","Yes","No","No","No","No","No",""
"50-58-13-59","Sugar and sweets- sugar, honey, sweets, desserts",2,"No","No","No","No","Yes","No","No","No","No","No",""
"50-58-13-59","Miscellaneous- tea, coffee, beverages, condiments, spices",4,"No","No","No","No","Yes","No","No","No","No","No",""
"96-16-19-85","Cereals- rice, maize, chapatti, wheat, sorghum, bread, etc",1,"Yes","No","No","No","No","No","No","No","No","No",""
"96-16-19-85","Oil/fats- oil, fat, butter, ghee, etc",7,"No","No","No","No","Yes","No","No","No","No","No",""
"64-96-31-31","Cereals- rice, maize, chapatti, wheat, sorghum, bread, etc",2,"No","No","No","No","Yes","No","No","No","No","No",""
"64-96-31-31","Roots and tubers- potato, sweet potato, cassava, arrow roots, cooking banana",5,"No","No","No","No","Yes","No","No","No","No","No",""
"64-96-31-31","Vegetables- spinach, pumpkin, cabbage, tomato, onion",5,"No","No","No","No","Yes","No","No","No","No","No",""
"64-96-31-31","Fruits- orange, mango, guava, rice paw paw/papaya, pineapple, etc",1,"No","No","No","No","No","No","No","Yes","No","No",""
"64-96-31-31","Meat, poultry, organ meat- goat, sheep, cow, chicken, liver, kidney, intestines",5,"No","No","No","No","Yes","No","No","No","No","No",""
"64-96-31-31","Fish and seafood (dried or fresh)- sardines, dagaa/omena",3,"No","No","No","No","Yes","No","No","No","No","No",""
"64-96-31-31","Milk and milk products- fresh, powdered, yogurt, cheese, etc",2,"Yes","No","No","No","No","No","No","No","No","No",""
"64-96-31-31","Oil/fats- oil, fat, butter, ghee, etc",7,"No","No","No","No","Yes","No","No","No","No","No",""
"64-96-31-31","Sugar and sweets- sugar, honey, sweets, desserts",3,"No","No","No","No","Yes","No","No","No","No","No",""
"64-96-31-31","Miscellaneous- tea, coffee, beverages, condiments, spices",3,"No","No","No","No","Yes","No","No","No","No","No",""
"12-39-25-67","Cereals- rice, maize, chapatti, wheat, sorghum, bread, etc",7,"No","No","No","No","Yes","No","No","No","No","No",""
"12-39-25-67","Vegetables- spinach, pumpkin, cabbage, tomato, onion",7,"No","No","No","No","Yes","No","No","No","No","No",""
"12-39-25-67","Fish and seafood (dried or fresh)- sardines, dagaa/omena",7,"No","No","No","No","Yes","No","No","No","No","No",""
"94-38-82-64","Cereals- rice, maize, chapatti, wheat, sorghum, bread, etc",7,"No","No","No","No","Yes","No","No","No","No","No",""
"94-38-82-64","Vegetables- spinach, pumpkin, cabbage, tomato, onion",2,"No","No","No","No","Yes","No","No","No","No","No",""
"94-38-82-64","Meat, poultry, organ meat- goat, sheep, cow, chicken, liver, kidney, intestines",2,"No","No","No","No","Yes","No","No","No","No","No",""
"94-38-82-64","Fish and seafood (dried or fresh)- sardines, dagaa/omena",3,"No","No","No","No","Yes","No","No","No","No","No",""
"32-40-73-26","Cereals- rice, maize, chapatti, wheat, sorghum, bread, etc",5,"No","No","No","No","Yes","No","No","No","No","No",""
"32-40-73-26","Vegetables- spinach, pumpkin, cabbage, tomato, onion",2,"No","No","No","No","Yes","No","No","No","No","No",""
"32-40-73-26","Meat, poultry, organ meat- goat, sheep, cow, chicken, liver, kidney, intestines",3,"No","No","No","No","Yes","No","No","No","No","No",""
"32-40-73-26","Fish and seafood (dried or fresh)- sardines, dagaa/omena",3,"No","No","No","No","Yes","No","No","No","No","No",""
"32-40-73-26","Milk and milk products- fresh, powdered, yogurt, cheese, etc",1,"No","No","No","No","No","Yes","No","Yes","No","No",""
"32-40-73-26","Oil/fats- oil, fat, butter, ghee, etc",5,"No","No","No","No","Yes","No","No","No","No","No",""
"27-85-21-15","Cereals- rice, maize, chapatti, wheat, sorghum, bread, etc",7,"No","No","No","No","Yes","No","No","No","No","No",""
"27-85-21-15","Vegetables- spinach, pumpkin, cabbage, tomato, onion",7,"No","No","No","No","Yes","No","No","No","No","No",""
"27-85-21-15","Meat, poultry, organ meat- goat, sheep, cow, chicken, liver, kidney, intestines",2,"No","No","No","No","Yes","No","No","No","No","No",""
"27-85-21-15","Fish and seafood (dried or fresh)- sardines, dagaa/omena",4,"No","No","No","No","Yes","No","No","No","No","No",""
"31-68-89-01","Roots and tubers- potato, sweet potato, cassava, arrow roots, cooking banana",2,"No","No","No","No","No","No","No","Yes","No","No",""
"31-68-89-01","Vegetables- spinach, pumpkin, cabbage, tomato, onion",7,"No","No","No","No","Yes","No","No","No","No","No",""
"31-68-89-01","Fruits- orange, mango, guava, rice paw paw/papaya, pineapple, etc",1,"No","No","No","Yes","No","No","No","No","No","No",""
"31-68-89-01","Fish and seafood (dried or fresh)- sardines, dagaa/omena",3,"No","No","No","No","Yes","No","No","No","No","No",""
"31-68-89-01","Milk and milk products- fresh, powdered, yogurt, cheese, etc",2,"No","No","No","No","Yes","No","No","No","No","No",""
"31-68-89-01","Oil/fats- oil, fat, butter, ghee, etc",4,"No","No","No","No","Yes","No","No","No","No","No",""
"31-68-89-01","Sugar and sweets- sugar, honey, sweets, desserts",2,"No","No","No","No","Yes","No","No","No","No","No",""
"72-31-90-61","Cereals- rice, maize, chapatti, wheat, sorghum, bread, etc",7,"No","No","No","No","Yes","No","No","No","No","No",""
"72-31-90-61","Vegetables- spinach, pumpkin, cabbage, tomato, onion",2,"No","No","No","No","Yes","No","No","No","No","No",""
"72-31-90-61","Meat, poultry, organ meat- goat, sheep, cow, chicken, liver, kidney, intestines",2,"No","No","No","No","Yes","No","No","No","No","No",""
"72-31-90-61","Fish and seafood (dried or fresh)- sardines, dagaa/omena",6,"No","No","No","No","Yes","No","No","No","No","No",""
"72-31-90-61","Oil/fats- oil, fat, butter, ghee, etc",7,"No","No","No","No","Yes","No","No","No","No","No",""
"80-54-37-07","Cereals- rice, maize, chapatti, wheat, sorghum, bread, etc",7,"No","No","No","No","Yes","No","No","No","No","No",""
"80-54-37-07","Milk and milk products- fresh, powdered, yogurt, cheese, etc",5,"No","No","No","No","No","No","No","Yes","No","No",""
"80-54-37-07","Oil/fats- oil, fat, butter, ghee, etc",7,"No","No","No","No","Yes","No","No","No","No","No",""
"80-54-37-07","Sugar and sweets- sugar, honey, sweets, desserts",3,"No","No","No","No","Yes","No","No","No","No","No",""
"36-19-32-95","Cereals- rice, maize, chapatti, wheat, sorghum, bread, etc",7,"No","No","No","No","Yes","No","No","No","No","No",""
"36-19-32-95","Roots and tubers- potato, sweet potato, cassava, arrow roots, cooking banana",2,"No","No","No","No","Yes","No","No","No","No","No",""
"36-19-32-95","Vegetables- spinach, pumpkin, cabbage, tomato, onion",3,"No","No","No","No","Yes","No","No","No","No","No",""
"36-19-32-95","Fruits- orange, mango, guava, rice paw paw/papaya, pineapple, etc",3,"No","No","No","No","Yes","No","No","No","No","No",""
"36-19-32-95","Meat, poultry, organ meat- goat, sheep, cow, chicken, liver, kidney, intestines",7,"No","No","No","No","Yes","No","No","No","No","No",""
"36-19-32-95","Fish and seafood (dried or fresh)- sardines, dagaa/omena",1,"No","No","No","No","Yes","No","No","No","No","No",""
"36-19-32-95","Oil/fats- oil, fat, butter, ghee, etc",7,"No","No","No","No","Yes","No","No","No","No","No",""
"36-19-32-95","Sugar and sweets- sugar, honey, sweets, desserts",7,"No","No","No","No","Yes","No","No","No","No","No",""
"36-19-32-95","Miscellaneous- tea, coffee, beverages, condiments, spices",7,"No","No","No","No","Yes","No","No","No","No","No",""
"75-71-40-40","Cereals- rice, maize, chapatti, wheat, sorghum, bread, etc",7,"No","No","No","No","No","No","No","No","No","Yes","Bought from the shop"
"75-71-40-40","Vegetables- spinach, pumpkin, cabbage, tomato, onion",2,"No","No","No","No","No","No","No","No","No","Yes","bought from the market"
"75-71-40-40","Meat, poultry, organ meat- goat, sheep, cow, chicken, liver, kidney, intestines",3,"No","No","No","No","No","No","No","No","No","Yes","bought from the market"
"75-71-40-40","Fish and seafood (dried or fresh)- sardines, dagaa/omena",1,"No","No","No","No","No","No","No","No","No","Yes","bought from the market"
"75-71-40-40","Milk and milk products- fresh, powdered, yogurt, cheese, etc",1,"No","No","No","No","No","No","No","Yes","No","No",""
"75-71-40-40","Oil/fats- oil, fat, butter, ghee, etc",7,"No","No","No","No","No","No","No","No","No","Yes","bought from the shop"
"75-71-40-40","Sugar and sweets- sugar, honey, sweets, desserts",4,"No","No","No","No","No","No","No","No","No","Yes","bought from the shop"
"75-71-40-40","Miscellaneous- tea, coffee, beverages, condiments, spices",3,"No","No","No","No","No","No","No","No","No","Yes","bought from the shop"
"37-54-02-07","Cereals- rice, maize, chapatti, wheat, sorghum, bread, etc",7,"No","No","No","No","Yes","No","No","No","No","No",""
"37-54-02-07","Vegetables- spinach, pumpkin, cabbage, tomato, onion",6,"No","No","No","No","Yes","No","No","No","No","No",""
"37-54-02-07","Meat, poultry, organ meat- goat, sheep, cow, chicken, liver, kidney, intestines",3,"No","No","No","No","Yes","No","No","No","No","No",""
"37-54-02-07","Fish and seafood (dried or fresh)- sardines, dagaa/omena",2,"No","No","No","No","Yes","No","No","No","No","No",""
"60-74-79-59","Cereals- rice, maize, chapatti, wheat, sorghum, bread, etc",7,"No","No","No","No","Yes","No","No","No","No","No",""
"60-74-79-59","Vegetables- spinach, pumpkin, cabbage, tomato, onion",7,"No","No","No","No","Yes","No","No","No","No","No",""
"60-74-79-59","Milk and milk products- fresh, powdered, yogurt, cheese, etc",3,"Yes","No","No","No","Yes","No","No","No","No","No",""
"60-74-79-59","Oil/fats- oil, fat, butter, ghee, etc",7,"No","No","No","No","Yes","No","No","No","No","No",""
"60-74-79-59","Sugar and sweets- sugar, honey, sweets, desserts",7,"No","No","No","No","Yes","No","No","No","No","No",""
"96-89-11-69","Cereals- rice, maize, chapatti, wheat, sorghum, bread, etc",7,"Yes","No","No","No","No","No","No","No","No","No",""
"96-89-11-69","Milk and milk products- fresh, powdered, yogurt, cheese, etc",3,"Yes","No","No","No","No","No","No","No","No","No",""
"44-81-28-86","Cereals- rice, maize, chapatti, wheat, sorghum, bread, etc",3,"No","No","No","No","Yes","No","No","No","No","No",""
"44-81-28-86","Vegetables- spinach, pumpkin, cabbage, tomato, onion",1,"No","No","No","No","Yes","No","No","No","No","No",""
"44-81-28-86","Meat, poultry, organ meat- goat, sheep, cow, chicken, liver, kidney, intestines",1,"No","No","No","No","Yes","No","No","No","No","No",""
"44-81-28-86","Milk and milk products- fresh, powdered, yogurt, cheese, etc",1,"No","No","No","No","Yes","No","No","No","No","No",""
"44-81-28-86","Oil/fats- oil, fat, butter, ghee, etc",4,"No","No","No","No","Yes","No","No","No","No","No",""
"44-81-28-86","Sugar and sweets- sugar, honey, sweets, desserts",1,"No","No","No","No","Yes","No","No","No","No","No",""
"33-26-68-81","Cereals- rice, maize, chapatti, wheat, sorghum, bread, etc",3,"No","No","No","No","Yes","No","No","No","No","No",""
"33-26-68-81","Vegetables- spinach, pumpkin, cabbage, tomato, onion",2,"No","No","No","No","Yes","No","No","No","No","No",""
"33-26-68-81","Fish and seafood (dried or fresh)- sardines, dagaa/omena",2,"No","No","No","No","Yes","No","No","No","No","No",""
"12-27-31-91","Cereals- rice, maize, chapatti, wheat, sorghum, bread, etc",7,"Yes","No","No","No","No","No","No","No","No","No",""
"12-27-31-91","Vegetables- spinach, pumpkin, cabbage, tomato, onion",1,"Yes","No","No","No","No","No","No","No","No","No",""
"12-27-31-91","Meat, poultry, organ meat- goat, sheep, cow, chicken, liver, kidney, intestines",1,"No","No","No","No","Yes","No","No","No","No","No",""
"12-27-31-91","Oil/fats- oil, fat, butter, ghee, etc",2,"No","No","No","No","No","No","No","Yes","No","No",""
"44-39-19-46","Cereals- rice, maize, chapatti, wheat, sorghum, bread, etc",7,"No","No","No","No","Yes","No","No","No","No","No",""
"44-39-19-46","Vegetables- spinach, pumpkin, cabbage, tomato, onion",5,"No","No","No","No","Yes","No","No","No","No","No",""
"44-39-19-46","Fish and seafood (dried or fresh)- sardines, dagaa/omena",7,"No","No","No","No","Yes","No","No","No","No","No",""
"19-73-20-43","Cereals- rice, maize, chapatti, wheat, sorghum, bread, etc",7,"No","No","No","No","No","No","No","No","No","Yes","bought from the shop"
"19-73-20-43","Vegetables- spinach, pumpkin, cabbage, tomato, onion",3,"No","No","Yes","No","No","No","No","Yes","No","No",""
"19-73-20-43","Meat, poultry, organ meat- goat, sheep, cow, chicken, liver, kidney, intestines",7,"No","No","No","No","No","No","No","No","No","Yes","bought from the market"
"19-73-20-43","Oil/fats- oil, fat, butter, ghee, etc",7,"No","No","No","No","No","No","No","No","No","Yes","bought from the shop"
"19-73-20-43","Sugar and sweets- sugar, honey, sweets, desserts",7,"No","No","No","No","No","No","No","No","No","Yes","bought from the shop"
"19-73-20-43","Miscellaneous- tea, coffee, beverages, condiments, spices",7,"No","No","No","No","No","No","No","No","No","Yes","bought from the shop"
"86-42-35-25","Cereals- rice, maize, chapatti, wheat, sorghum, bread, etc",2,"No","No","No","No","No","No","No","Yes","No","No",""
"86-42-35-25","Oil/fats- oil, fat, butter, ghee, etc",7,"No","No","No","No","No","No","No","Yes","No","No",""
"21-53-70-02","Cereals- rice, maize, chapatti, wheat, sorghum, bread, etc",7,"No","No","No","No","Yes","No","No","No","No","No",""
"21-53-70-02","Fish and seafood (dried or fresh)- sardines, dagaa/omena",2,"No","No","No","No","Yes","No","No","No","No","No",""
"21-53-70-02","Sugar and sweets- sugar, honey, sweets, desserts",3,"No","No","No","No","Yes","No","No","No","No","No",""
"36-25-22-73","Cereals- rice, maize, chapatti, wheat, sorghum, bread, etc",7,"Yes","No","No","No","Yes","No","No","No","No","No",""
"36-25-22-73","Vegetables- spinach, pumpkin, cabbage, tomato, onion",3,"No","No","No","No","Yes","No","No","No","No","No",""
"36-25-22-73","Milk and milk products- fresh, powdered, yogurt, cheese, etc",2,"No","No","No","No","Yes","No","No","No","No","No",""
"36-25-22-73","Oil/fats- oil, fat, butter, ghee, etc",4,"No","No","No","No","Yes","No","No","No","No","No",""
"61-61-32-11","Cereals- rice, maize, chapatti, wheat, sorghum, bread, etc",3,"No","No","No","No","Yes","No","No","No","No","No",""
"61-61-32-11","Oil/fats- oil, fat, butter, ghee, etc",3,"No","No","No","No","Yes","No","No","No","No","No",""
"57-36-34-63","Cereals- rice, maize, chapatti, wheat, sorghum, bread, etc",7,"No","No","No","No","Yes","No","No","No","No","No",""
"57-36-34-63","Meat, poultry, organ meat- goat, sheep, cow, chicken, liver, kidney, intestines",1,"No","No","No","No","No","No","No","Yes","No","No",""
"57-36-34-63","Oil/fats- oil, fat, butter, ghee, etc",7,"No","No","No","No","Yes","No","No","No","No","No",""
"53-72-73-00","Fish and seafood (dried or fresh)- sardines, dagaa/omena",7,"No","No","No","No","No","No","No","Yes","No","No",""
"33-70-72-42","Cereals- rice, maize, chapatti, wheat, sorghum, bread, etc",6,"No","No","No","No","Yes","No","No","No","No","No",""
"33-70-72-42","Fish and seafood (dried or fresh)- sardines, dagaa/omena",4,"No","No","No","No","Yes","No","No","No","No","No",""
"52-18-64-85","Cereals- rice, maize, chapatti, wheat, sorghum, bread, etc",7,"Yes","No","No","No","No","No","No","No","No","No",""
"52-18-64-85","Meat, poultry, organ meat- goat, sheep, cow, chicken, liver, kidney, intestines",3,"No","No","No","No","Yes","No","No","No","No","No",""
"52-18-64-85","Oil/fats- oil, fat, butter, ghee, etc",1,"No","No","No","No","No","No","No","Yes","No","No",""
"42-07-25-32","Vegetables- spinach, pumpkin, cabbage, tomato, onion",2,"No","No","No","No","Yes","No","No","No","No","No",""
"42-07-25-32","Meat, poultry, organ meat- goat, sheep, cow, chicken, liver, kidney, intestines",3,"No","No","No","No","Yes","No","No","No","No","No",""
"42-07-25-32","Fish and seafood (dried or fresh)- sardines, dagaa/omena",3,"No","No","No","No","Yes","No","No","No","No","No",""
"42-07-25-32","Sugar and sweets- sugar, honey, sweets, desserts",3,"No","No","No","No","Yes","No","No","No","No","No",""
"39-53-01-83","Cereals- rice, maize, chapatti, wheat, sorghum, bread, etc",3,"No","No","No","No","Yes","No","No","No","No","No",""
"39-53-01-83","Vegetables- spinach, pumpkin, cabbage, tomato, onion",3,"Yes","No","No","No","No","No","No","No","No","No",""
"39-53-01-83","Meat, poultry, organ meat- goat, sheep, cow, chicken, liver, kidney, intestines",2,"No","No","No","No","Yes","No","No","No","No","No",""
"39-53-01-83","Fish and seafood (dried or fresh)- sardines, dagaa/omena",1,"No","Yes","No","No","No","No","No","No","No","No",""
"39-53-01-83","Oil/fats- oil, fat, butter, ghee, etc",7,"No","No","No","No","Yes","No","No","No","No","No",""
"33-51-31-80","Fish and seafood (dried or fresh)- sardines, dagaa/omena",2,"No","No","No","No","No","No","No","Yes","No","No",""
"33-51-31-80","Oil/fats- oil, fat, butter, ghee, etc",3,"No","No","No","Yes","No","No","No","No","No","No",""
"33-51-31-80","Sugar and sweets- sugar, honey, sweets, desserts",1,"No","No","No","No","Yes","No","No","No","No","No",""
"94-39-43-68","Cereals- rice, maize, chapatti, wheat, sorghum, bread, etc",7,"No","No","No","No","Yes","No","No","No","No","No",""
"94-39-43-68","Meat, poultry, organ meat- goat, sheep, cow, chicken, liver, kidney, intestines",2,"No","No","No","No","Yes","No","No","No","No","No",""
"94-39-43-68","Fish and seafood (dried or fresh)- sardines, dagaa/omena",7,"No","Yes","No","No","No","No","No","No","No","No",""
"94-39-43-68","Oil/fats- oil, fat, butter, ghee, etc",7,"No","No","No","No","Yes","No","No","No","No","No",""
"94-39-43-68","Sugar and sweets- sugar, honey, sweets, desserts",7,"No","No","No","No","Yes","No","No","No","No","No",""
"03-54-18-25","Cereals- rice, maize, chapatti, wheat, sorghum, bread, etc",7,"No","No","No","No","Yes","No","No","No","No","No",""
"03-54-18-25","Vegetables- spinach, pumpkin, cabbage, tomato, onion",2,"No","No","No","No","Yes","No","No","No","No","No",""
"03-54-18-25","Meat, poultry, organ meat- goat, sheep, cow, chicken, liver, kidney, intestines",2,"No","No","No","No","Yes","No","No","No","No","No",""
"03-54-18-25","Fish and seafood (dried or fresh)- sardines, dagaa/omena",7,"No","Yes","No","No","No","No","No","No","No","No",""
"03-54-18-25","Milk and milk products- fresh, powdered, yogurt, cheese, etc",7,"Yes","No","No","No","No","No","No","No","No","No",""
"03-54-18-25","Oil/fats- oil, fat, butter, ghee, etc",7,"No","No","No","No","Yes","No","No","No","No","No",""
"03-54-18-25","Sugar and sweets- sugar, honey, sweets, desserts",4,"No","No","No","No","Yes","No","No","No","No","No",""
"27-58-94-59","Oil/fats- oil, fat, butter, ghee, etc",7,"No","No","No","No","Yes","No","No","No","No","No",""
"27-58-94-59","Sugar and sweets- sugar, honey, sweets, desserts",3,"No","No","No","No","Yes","No","No","No","No","No",""
"33-86-19-67","Cereals- rice, maize, chapatti, wheat, sorghum, bread, etc",7,"No","No","No","No","Yes","No","No","No","No","No",""
"33-86-19-67","Vegetables- spinach, pumpkin, cabbage, tomato, onion",1,"No","No","No","No","Yes","No","No","Yes","No","No",""
"33-86-19-67","Fish and seafood (dried or fresh)- sardines, dagaa/omena",7,"No","Yes","No","No","No","No","No","No","No","No",""
"33-86-19-67","Oil/fats- oil, fat, butter, ghee, etc",7,"No","No","No","No","Yes","No","No","Yes","No","No",""
"09-53-75-86","Cereals- rice, maize, chapatti, wheat, sorghum, bread, etc",7,"No","No","No","No","Yes","No","No","No","No","No",""
"09-53-75-86","Vegetables- spinach, pumpkin, cabbage, tomato, onion",3,"No","No","No","No","Yes","No","No","No","No","No",""
"09-53-75-86","Meat, poultry, organ meat- goat, sheep, cow, chicken, liver, kidney, intestines",2,"Yes","No","No","No","No","No","No","No","No","No",""
"09-53-75-86","Fish and seafood (dried or fresh)- sardines, dagaa/omena",7,"No","Yes","No","No","No","No","No","No","No","No",""
"09-53-75-86","Oil/fats- oil, fat, butter, ghee, etc",7,"No","No","No","No","Yes","No","No","No","No","No",""
"09-53-75-86","Sugar and sweets- sugar, honey, sweets, desserts",5,"No","No","No","No","Yes","No","No","No","No","No",""
"85-34-92-87","Cereals- rice, maize, chapatti, wheat, sorghum, bread, etc",4,"No","No","No","No","Yes","No","No","No","No","No",""
"85-34-92-87","Vegetables- spinach, pumpkin, cabbage, tomato, onion",2,"Yes","No","No","No","No","No","No","Yes","No","No",""
"75-94-09-47","Cereals- rice, maize, chapatti, wheat, sorghum, bread, etc",3,"No","No","No","No","Yes","No","No","No","No","No",""
"75-94-09-47","Vegetables- spinach, pumpkin, cabbage, tomato, onion",2,"Yes","No","No","No","No","No","No","No","No","No",""
"75-94-09-47","Meat, poultry, organ meat- goat, sheep, cow, chicken, liver, kidney, intestines",7,"No","No","No","No","Yes","No","No","No","No","No",""
"75-94-09-47","Fish and seafood (dried or fresh)- sardines, dagaa/omena",7,"No","No","No","No","Yes","No","No","No","No","No",""
"75-94-09-47","Oil/fats- oil, fat, butter, ghee, etc",7,"No","No","No","No","Yes","No","No","No","No","No",""
"75-94-09-47","Sugar and sweets- sugar, honey, sweets, desserts",2,"No","No","No","No","Yes","No","No","No","No","No",""
"75-94-09-47","Miscellaneous- tea, coffee, beverages, condiments, spices",2,"No","No","No","No","Yes","No","No","No","No","No",""
"84-71-43-61","Cereals- rice, maize, chapatti, wheat, sorghum, bread, etc",7,"No","No","No","No","Yes","No","No","No","No","No",""
"84-71-43-61","Fruits- orange, mango, guava, rice paw paw/papaya, pineapple, etc",7,"Yes","No","No","No","No","No","No","No","No","No",""
"84-71-43-61","Fish and seafood (dried or fresh)- sardines, dagaa/omena",7,"No","Yes","No","No","No","No","No","No","No","No",""
"84-71-43-61","Oil/fats- oil, fat, butter, ghee, etc",7,"No","No","No","No","Yes","No","No","No","No","No",""
"84-71-43-61","Sugar and sweets- sugar, honey, sweets, desserts",2,"No","No","No","No","Yes","No","No","No","No","No",""
"84-71-43-61","Miscellaneous- tea, coffee, beverages, condiments, spices",1,"No","No","No","No","Yes","No","No","No","No","No",""
"07-42-93-10","Cereals- rice, maize, chapatti, wheat, sorghum, bread, etc",7,"No","No","No","No","Yes","No","No","No","No","No",""
"07-42-93-10","Vegetables- spinach, pumpkin, cabbage, tomato, onion",3,"Yes","No","No","No","No","No","No","No","No","No",""
"07-42-93-10","Fish and seafood (dried or fresh)- sardines, dagaa/omena",7,"No","Yes","No","No","No","No","No","No","No","No",""
"07-42-93-10","Oil/fats- oil, fat, butter, ghee, etc",7,"No","No","No","No","Yes","No","No","No","No","No",""
"06-11-12-17","Cereals- rice, maize, chapatti, wheat, sorghum, bread, etc",7,"No","No","No","No","No","No","No","No","No","Yes","Bought from the shop"
"06-11-12-17","Vegetables- spinach, pumpkin, cabbage, tomato, onion",3,"No","No","No","No","No","No","No","No","No","Yes","bought from the market"
"06-11-12-17","Meat, poultry, organ meat- goat, sheep, cow, chicken, liver, kidney, intestines",4,"No","No","No","No","No","No","No","No","No","Yes","bought from the market"
"06-11-12-17","Oil/fats- oil, fat, butter, ghee, etc",7,"No","No","No","No","No","No","No","No","No","Yes","bought from the shop"
"06-11-12-17","Sugar and sweets- sugar, honey, sweets, desserts",2,"No","No","No","No","No","No","No","No","No","Yes","bought from the shop"
"15-55-21-38","Cereals- rice, maize, chapatti, wheat, sorghum, bread, etc",1,"Yes","No","No","No","No","No","No","No","No","No",""
"15-55-21-38","Roots and tubers- potato, sweet potato, cassava, arrow roots, cooking banana",2,"Yes","No","No","No","No","No","No","No","No","No",""
"15-55-21-38","Meat, poultry, organ meat- goat, sheep, cow, chicken, liver, kidney, intestines",4,"Yes","No","No","No","No","No","No","No","No","No",""
"15-55-21-38","Fish and seafood (dried or fresh)- sardines, dagaa/omena",5,"No","Yes","No","No","No","No","No","No","No","No",""
"15-55-21-38","Milk and milk products- fresh, powdered, yogurt, cheese, etc",6,"Yes","No","No","No","No","No","No","No","No","No",""
"15-55-21-38","Sugar and sweets- sugar, honey, sweets, desserts",5,"No","No","No","No","Yes","No","No","No","No","No",""
"61-89-87-62","Cereals- rice, maize, chapatti, wheat, sorghum, bread, etc",7,"No","No","No","No","Yes","No","No","No","No","No",""
"61-89-87-62","Roots and tubers- potato, sweet potato, cassava, arrow roots, cooking banana",1,"No","No","No","No","Yes","No","No","No","No","No",""
"61-89-87-62","Vegetables- spinach, pumpkin, cabbage, tomato, onion",1,"No","No","No","No","Yes","No","No","No","No","No",""
"61-89-87-62","Fruits- orange, mango, guava, rice paw paw/papaya, pineapple, etc",7,"Yes","No","No","No","No","No","No","No","No","No",""
"61-89-87-62","Fish and seafood (dried or fresh)- sardines, dagaa/omena",7,"No","Yes","No","No","No","No","No","No","No","No",""
"61-89-87-62","Milk and milk products- fresh, powdered, yogurt, cheese, etc",2,"No","No","No","No","Yes","No","No","No","No","No",""
"61-89-87-62","Oil/fats- oil, fat, butter, ghee, etc",7,"No","No","No","No","Yes","No","No","No","No","No",""
"61-89-87-62","Sugar and sweets- sugar, honey, sweets, desserts",3,"No","No","No","No","Yes","No","No","No","No","No",""
"05-53-30-00","Cereals- rice, maize, chapatti, wheat, sorghum, bread, etc",6,"No","No","No","No","Yes","No","No","No","No","No",""
"05-53-30-00","Meat, poultry, organ meat- goat, sheep, cow, chicken, liver, kidney, intestines",1,"Yes","No","No","No","Yes","No","No","No","No","No",""
"00-18-71-95","Cereals- rice, maize, chapatti, wheat, sorghum, bread, etc",7,"No","No","No","No","No","No","No","No","No","Yes","Bought from the shop"
"00-18-71-95","Fish and seafood (dried or fresh)- sardines, dagaa/omena",7,"No","Yes","No","No","No","No","No","No","No","No",""
"00-18-71-95","Oil/fats- oil, fat, butter, ghee, etc",7,"No","No","No","No","No","No","No","No","No","Yes","bought from the shop"
"00-18-71-95","Sugar and sweets- sugar, honey, sweets, desserts",7,"No","No","No","No","No","No","No","No","No","Yes","bought from the shop"
"93-03-74-23","Cereals- rice, maize, chapatti, wheat, sorghum, bread, etc",7,"Yes","No","No","No","No","No","No","No","No","No",""
"93-03-74-23","Fish and seafood (dried or fresh)- sardines, dagaa/omena",7,"No","Yes","No","No","No","No","No","No","No","No",""
"93-03-74-23","Milk and milk products- fresh, powdered, yogurt, cheese, etc",7,"No","No","No","No","Yes","No","No","No","No","No",""
"98-02-00-97","Cereals- rice, maize, chapatti, wheat, sorghum, bread, etc",4,"No","No","No","No","Yes","No","No","No","No","No",""
"98-02-00-97","Vegetables- spinach, pumpkin, cabbage, tomato, onion",1,"No","No","No","No","Yes","No","No","No","No","No",""
"98-02-00-97","Meat, poultry, organ meat- goat, sheep, cow, chicken, liver, kidney, intestines",7,"No","No","No","No","Yes","No","No","No","No","No",""
"98-02-00-97","Fish and seafood (dried or fresh)- sardines, dagaa/omena",1,"No","No","No","No","Yes","No","No","No","No","No",""
"98-02-00-97","Oil/fats- oil, fat, butter, ghee, etc",7,"No","No","No","No","Yes","No","No","No","No","No",""
"39-55-54-03","Cereals- rice, maize, chapatti, wheat, sorghum, bread, etc",1,"No","No","No","No","Yes","No","No","No","No","No",""
"39-55-54-03","Vegetables- spinach, pumpkin, cabbage, tomato, onion",2,"No","No","No","No","No","No","No","Yes","No","No",""
"39-55-54-03","Fish and seafood (dried or fresh)- sardines, dagaa/omena",2,"No","Yes","No","No","No","No","No","No","No","No",""
"55-64-77-57","Cereals- rice, maize, chapatti, wheat, sorghum, bread, etc",1,"No","No","No","No","Yes","No","No","No","No","No",""
"55-64-77-57","Vegetables- spinach, pumpkin, cabbage, tomato, onion",3,"No","No","No","No","Yes","No","No","No","No","No",""
"55-64-77-57","Milk and milk products- fresh, powdered, yogurt, cheese, etc",3,"No","No","No","No","Yes","No","No","No","No","No",""
"55-64-77-57","Sugar and sweets- sugar, honey, sweets, desserts",3,"No","No","No","No","Yes","No","No","No","No","No",""
"55-64-77-57","Miscellaneous- tea, coffee, beverages, condiments, spices",4,"No","No","No","No","Yes","No","No","No","No","No",""
"12-97-85-94","Cereals- rice, maize, chapatti, wheat, sorghum, bread, etc",7,"No","No","No","No","Yes","No","No","No","No","No",""
"12-97-85-94","Fish and seafood (dried or fresh)- sardines, dagaa/omena",7,"No","Yes","No","No","No","No","No","No","No","No",""
"12-97-85-94","Oil/fats- oil, fat, butter, ghee, etc",7,"No","No","No","No","Yes","No","No","No","No","No",""
"85-58-05-93","Cereals- rice, maize, chapatti, wheat, sorghum, bread, etc",7,"No","No","No","No","Yes","No","No","No","No","No",""
"85-58-05-93","Roots and tubers- potato, sweet potato, cassava, arrow roots, cooking banana",2,"No","No","No","No","Yes","No","No","No","No","No",""
"85-58-05-93","Oil/fats- oil, fat, butter, ghee, etc",4,"No","No","No","No","No","No","No","Yes","No","No",""
"36-06-01-35","Cereals- rice, maize, chapatti, wheat, sorghum, bread, etc",7,"No","No","No","No","Yes","No","No","No","No","No",""
"36-06-01-35","Vegetables- spinach, pumpkin, cabbage, tomato, onion",5,"Yes","No","No","No","No","No","No","No","No","No",""
"36-06-01-35","Fish and seafood (dried or fresh)- sardines, dagaa/omena",7,"No","Yes","No","No","Yes","No","No","No","No","No",""
"36-06-01-35","Oil/fats- oil, fat, butter, ghee, etc",7,"No","No","No","No","Yes","No","No","No","No","No",""
"11-36-65-74","Cereals- rice, maize, chapatti, wheat, sorghum, bread, etc",7,"No","No","No","No","Yes","No","No","No","No","No",""
"11-36-65-74","Roots and tubers- potato, sweet potato, cassava, arrow roots, cooking banana",2,"No","No","No","No","Yes","No","No","No","No","No",""
"11-36-65-74","Fruits- orange, mango, guava, rice paw paw/papaya, pineapple, etc",1,"No","No","No","No","Yes","No","No","No","No","No",""
"11-36-65-74","Fish and seafood (dried or fresh)- sardines, dagaa/omena",3,"No","No","No","No","Yes","No","No","No","No","No",""
"11-36-65-74","Milk and milk products- fresh, powdered, yogurt, cheese, etc",1,"No","No","No","No","No","No","No","Yes","No","No",""
"11-36-65-74","Oil/fats- oil, fat, butter, ghee, etc",7,"No","No","No","No","Yes","No","No","No","No","No",""
"87-74-62-05","Cereals- rice, maize, chapatti, wheat, sorghum, bread, etc",7,"No","No","No","No","No","No","No","No","No","Yes","bought from the shop"
"87-74-62-05","Roots and tubers- potato, sweet potato, cassava, arrow roots, cooking banana",7,"No","No","No","No","No","No","No","No","No","Yes","bought from the shop"
"87-74-62-05","Meat, poultry, organ meat- goat, sheep, cow, chicken, liver, kidney, intestines",4,"No","No","No","No","No","No","No","No","No","Yes","bought from the market"
"87-74-62-05","Fish and seafood (dried or fresh)- sardines, dagaa/omena",7,"No","Yes","No","No","No","No","No","No","No","No",""
"87-74-62-05","Milk and milk products- fresh, powdered, yogurt, cheese, etc",7,"Yes","No","No","No","No","No","No","No","No","No",""
"87-74-62-05","Oil/fats- oil, fat, butter, ghee, etc",7,"No","No","No","No","No","No","No","No","No","Yes","bought from the shop"
"74-09-83-15","Cereals- rice, maize, chapatti, wheat, sorghum, bread, etc",7,"Yes","No","No","No","No","No","No","No","No","No",""
"74-09-83-15","Roots and tubers- potato, sweet potato, cassava, arrow roots, cooking banana",3,"No","No","No","No","Yes","No","No","No","No","No",""
"74-09-83-15","Vegetables- spinach, pumpkin, cabbage, tomato, onion",7,"Yes","No","No","No","No","No","No","No","No","No",""
"74-09-83-15","Fruits- orange, mango, guava, rice paw paw/papaya, pineapple, etc",2,"No","No","No","No","Yes","No","No","No","No","No",""
"74-09-83-15","Meat, poultry, organ meat- goat, sheep, cow, chicken, liver, kidney, intestines",3,"Yes","No","No","No","No","No","No","No","No","No",""
"74-09-83-15","Eggs",4,"No","No","No","No","Yes","No","No","No","No","No",""
"74-09-83-15","Fish and seafood (dried or fresh)- sardines, dagaa/omena",4,"No","No","No","No","Yes","No","No","No","No","No",""
"74-09-83-15","Milk and milk products- fresh, powdered, yogurt, cheese, etc",3,"Yes","No","No","No","No","No","No","No","No","No",""
"74-09-83-15","Oil/fats- oil, fat, butter, ghee, etc",7,"No","No","No","No","Yes","No","No","No","No","No",""
"74-09-83-15","Sugar and sweets- sugar, honey, sweets, desserts",7,"No","No","No","No","Yes","No","No","No","No","No",""
"74-09-83-15","Miscellaneous- tea, coffee, beverages, condiments, spices",7,"No","No","No","No","Yes","No","No","No","No","No",""
"99-86-29-88","Cereals- rice, maize, chapatti, wheat, sorghum, bread, etc",7,"No","No","No","No","Yes","No","No","No","No","No",""
"99-86-29-88","Meat, poultry, organ meat- goat, sheep, cow, chicken, liver, kidney, intestines",4,"Yes","No","No","No","No","No","No","No","No","No",""
"99-86-29-88","Milk and milk products- fresh, powdered, yogurt, cheese, etc",7,"Yes","No","No","No","No","No","No","No","No","No",""
"99-86-29-88","Oil/fats- oil, fat, butter, ghee, etc",7,"No","No","No","No","Yes","No","No","No","No","No",""
"10-97-13-34","Cereals- rice, maize, chapatti, wheat, sorghum, bread, etc",7,"No","No","No","No","Yes","No","No","No","No","No",""
"10-97-13-34","Fish and seafood (dried or fresh)- sardines, dagaa/omena",7,"No","No","No","No","Yes","No","No","Yes","No","No",""
"10-97-13-34","Milk and milk products- fresh, powdered, yogurt, cheese, etc",5,"Yes","No","No","No","No","No","No","No","No","No",""
"10-97-13-34","Oil/fats- oil, fat, butter, ghee, etc",6,"No","No","No","No","Yes","No","No","No","No","No",""
"53-72-96-12","Cereals- rice, maize, chapatti, wheat, sorghum, bread, etc",7,"No","No","No","No","Yes","No","No","No","No","No",""
"53-72-96-12","Roots and tubers- potato, sweet potato, cassava, arrow roots, cooking banana",3,"No","No","No","No","Yes","No","No","No","No","No",""
"53-72-96-12","Vegetables- spinach, pumpkin, cabbage, tomato, onion",4,"No","No","No","No","Yes","No","No","No","No","No",""
"53-72-96-12","Fish and seafood (dried or fresh)- sardines, dagaa/omena",7,"No","Yes","No","No","No","No","No","No","No","No",""
"53-72-96-12","Oil/fats- oil, fat, butter, ghee, etc",7,"No","No","No","No","Yes","No","No","No","No","No",""
"22-21-62-20","Cereals- rice, maize, chapatti, wheat, sorghum, bread, etc",7,"No","No","No","No","Yes","No","No","No","No","No",""
"22-21-62-20","Fish and seafood (dried or fresh)- sardines, dagaa/omena",7,"No","No","No","No","No","No","No","Yes","No","No",""
"22-21-62-20","Oil/fats- oil, fat, butter, ghee, etc",5,"No","No","No","No","Yes","No","No","No","No","No",""
"64-31-79-16","Cereals- rice, maize, chapatti, wheat, sorghum, bread, etc",7,"No","No","No","No","Yes","No","No","No","No","No",""
"64-31-79-16","Vegetables- spinach, pumpkin, cabbage, tomato, onion",2,"No","No","No","No","Yes","No","No","No","No","No",""
"64-31-79-16","Meat, poultry, organ meat- goat, sheep, cow, chicken, liver, kidney, intestines",1,"No","No","No","No","Yes","No","No","No","No","No",""
"64-31-79-16","Fish and seafood (dried or fresh)- sardines, dagaa/omena",3,"No","No","No","No","Yes","No","No","No","No","No",""
"64-31-79-16","Oil/fats- oil, fat, butter, ghee, etc",4,"No","No","No","No","Yes","No","No","No","No","No",""
"01-18-26-42","Cereals- rice, maize, chapatti, wheat, sorghum, bread, etc",3,"Yes","No","No","No","No","No","No","No","No","No",""
"01-18-26-42","Fish and seafood (dried or fresh)- sardines, dagaa/omena",3,"No","Yes","No","No","No","No","No","No","No","No",""
"82-55-52-94","Cereals- rice, maize, chapatti, wheat, sorghum, bread, etc",7,"No","No","No","No","Yes","No","No","No","No","No",""
"82-55-52-94","Milk and milk products- fresh, powdered, yogurt, cheese, etc",3,"No","No","No","No","Yes","No","No","Yes","No","No",""
"82-55-52-94","Oil/fats- oil, fat, butter, ghee, etc",2,"No","No","No","No","Yes","No","No","No","No","No",""
"19-07-40-38","Cereals- rice, maize, chapatti, wheat, sorghum, bread, etc",7,"Yes","No","No","No","No","No","No","No","No","No",""
"19-07-40-38","Vegetables- spinach, pumpkin, cabbage, tomato, onion",7,"Yes","No","No","No","No","No","No","No","No","No",""
"19-07-40-38","Milk and milk products- fresh, powdered, yogurt, cheese, etc",1,"Yes","No","No","No","No","No","No","No","No","No",""
"19-07-40-38","Oil/fats- oil, fat, butter, ghee, etc",1,"No","No","No","No","Yes","No","No","No","No","No",""
"65-17-55-88","Cereals- rice, maize, chapatti, wheat, sorghum, bread, etc",7,"No","No","No","No","Yes","No","No","No","No","No",""
"65-17-55-88","Roots and tubers- potato, sweet potato, cassava, arrow roots, cooking banana",1,"No","No","No","No","Yes","No","No","No","No","No",""
"65-17-55-88","Meat, poultry, organ meat- goat, sheep, cow, chicken, liver, kidney, intestines",1,"No","No","No","No","Yes","No","No","No","No","No",""
"65-17-55-88","Eggs",7,"No","No","No","No","No","No","No","Yes","No","No",""
"65-17-55-88","Fish and seafood (dried or fresh)- sardines, dagaa/omena",1,"No","No","No","No","Yes","No","No","No","No","No",""
"65-17-55-88","Milk and milk products- fresh, powdered, yogurt, cheese, etc",3,"Yes","No","No","No","No","No","No","No","No","No",""
"65-17-55-88","Oil/fats- oil, fat, butter, ghee, etc",5,"No","No","No","No","Yes","No","No","No","No","No",""
"71-44-93-64","Cereals- rice, maize, chapatti, wheat, sorghum, bread, etc",2,"No","No","No","No","Yes","No","No","No","No","No",""
"71-44-93-64","Roots and tubers- potato, sweet potato, cassava, arrow roots, cooking banana",7,"Yes","No","No","No","No","No","No","No","No","No",""
"71-44-93-64","Meat, poultry, organ meat- goat, sheep, cow, chicken, liver, kidney, intestines",7,"Yes","No","No","No","No","No","No","No","No","No",""
"71-44-93-64","Fish and seafood (dried or fresh)- sardines, dagaa/omena",7,"No","Yes","No","No","No","No","No","No","No","No",""
"71-44-93-64","Oil/fats- oil, fat, butter, ghee, etc",7,"No","No","No","No","Yes","No","No","No","No","No",""
"71-44-93-64","Sugar and sweets- sugar, honey, sweets, desserts",1,"No","No","No","No","Yes","No","No","No","No","No",""
"71-44-93-64","Miscellaneous- tea, coffee, beverages, condiments, spices",5,"No","No","No","No","Yes","No","No","No","No","No",""
"34-19-14-62","Cereals- rice, maize, chapatti, wheat, sorghum, bread, etc",7,"No","No","No","No","No","No","No","No","No","Yes","bought from the shop"
"34-19-14-62","Vegetables- spinach, pumpkin, cabbage, tomato, onion",1,"No","No","No","No","No","No","No","No","No","Yes","bought from local village gardeners"
"34-19-14-62","Fish and seafood (dried or fresh)- sardines, dagaa/omena",7,"No","Yes","No","No","No","No","No","No","No","No",""
"34-19-14-62","Milk and milk products- fresh, powdered, yogurt, cheese, etc",3,"No","No","No","No","No","No","No","Yes","No","No",""
"22-51-06-37","Cereals- rice, maize, chapatti, wheat, sorghum, bread, etc",3,"No","No","No","No","Yes","No","No","No","No","No",""
"22-51-06-37","Fish and seafood (dried or fresh)- sardines, dagaa/omena",3,"No","Yes","No","No","No","No","No","No","No","No",""
"27-70-53-20","Cereals- rice, maize, chapatti, wheat, sorghum, bread, etc",7,"No","No","No","No","Yes","No","No","No","No","No",""
"27-70-53-20","Fish and seafood (dried or fresh)- sardines, dagaa/omena",3,"No","No","No","No","Yes","No","No","No","No","No",""
"98-81-19-82","Roots and tubers- potato, sweet potato, cassava, arrow roots, cooking banana",1,"No","No","No","No","No","No","No","Yes","No","No",""
"98-81-19-82","Vegetables- spinach, pumpkin, cabbage, tomato, onion",1,"No","No","No","No","Yes","No","No","No","No","No",""
"98-81-19-82","Fish and seafood (dried or fresh)- sardines, dagaa/omena",3,"No","Yes","No","No","No","No","No","No","No","No",""
"98-81-19-82","Oil/fats- oil, fat, butter, ghee, etc",3,"No","No","No","Yes","No","No","No","No","No","No",""
"39-67-03-82","Cereals- rice, maize, chapatti, wheat, sorghum, bread, etc",2,"Yes","No","No","No","No","No","No","No","No","No",""
"39-67-03-82","Vegetables- spinach, pumpkin, cabbage, tomato, onion",2,"No","No","No","No","Yes","No","No","No","No","No",""
"39-67-03-82","Fruits- orange, mango, guava, rice paw paw/papaya, pineapple, etc",3,"Yes","No","No","No","No","No","No","No","No","No",""
"39-67-03-82","Meat, poultry, organ meat- goat, sheep, cow, chicken, liver, kidney, intestines",5,"No","No","No","No","Yes","No","No","No","No","No",""
"39-67-03-82","Fish and seafood (dried or fresh)- sardines, dagaa/omena",1,"No","No","No","No","Yes","No","No","No","No","No",""
"39-67-03-82","Pulses, legumes, nuts, seeds",2,"Yes","No","No","No","No","No","No","No","No","No",""
"39-67-03-82","Oil/fats- oil, fat, butter, ghee, etc",7,"No","No","No","No","Yes","No","No","No","No","No",""
"39-67-03-82","Sugar and sweets- sugar, honey, sweets, desserts",3,"No","No","No","No","Yes","No","No","No","No","No",""
"39-67-03-82","Miscellaneous- tea, coffee, beverages, condiments, spices",3,"No","No","No","No","Yes","No","No","No","No","No",""
"46-14-07-81","Cereals- rice, maize, chapatti, wheat, sorghum, bread, etc",7,"No","No","No","No","Yes","No","No","No","No","No",""
"46-14-07-81","Oil/fats- oil, fat, butter, ghee, etc",7,"No","No","No","No","Yes","No","No","No","No","No",""
"46-14-07-81","Sugar and sweets- sugar, honey, sweets, desserts",7,"No","No","No","No","Yes","No","No","No","No","No",""
"46-14-07-81","Miscellaneous- tea, coffee, beverages, condiments, spices",2,"No","No","No","No","Yes","No","No","No","No","No",""
