interview__key,r_infu__id,as07__1,as07__2,as07__3,as07__4,as07__5,as07__6,as07__7,as07__8,as07__9,as07__96,as07__n88,as07__n99,as07_oth,network_mostinf_gender,network_mostinf_eth,network_eth_oth,network_mostinf_agegrp,as08,as09
"77-20-39-35",1,"No","No","No","Yes","No","No","No","No","No","No","No","No",,"Men","Lozi","","In their 50s",5,3
"77-20-39-35",2,"Yes","No","No","No","No","No","No","No","No","No","No","No",,"Women","Subia","","In their 60s",7,6
"77-20-39-35",3,"No","No","No","Yes","No","No","No","No","No","No","No","No",,"Men","Mafwe","","In their 50s",3,2
"71-78-53-70",1,"No","No","No","No","No","No","No","No","No","No","Yes","No",,"Men","Lozi","","In their 50s",0,0
"71-78-53-70",2,"No","No","No","No","No","No","No","No","No","Yes","No","No",,"Men","Mafwe","","In their 50s",0,0
"71-78-53-70",3,"No","No","No","No","No","No","No","No","No","Yes","No","No",,"Men","Lozi","","In their 50s",0,0
"46-91-82-56",1,"No","No","No","No","No","No","No","No","No","Yes","No","No",,"Men","Mafwe","","In their 50s",3,3
"46-91-82-56",2,"No","No","No","No","No","No","No","Yes","No","No","No","No",,"Men","Mafwe","","In their 30s",25,5
"46-91-82-56",3,"No","No","No","No","No","No","No","No","No","Yes","No","No",,"Men","Mafwe","","In their 40s",3,3
"20-85-85-47",1,"No","No","No","No","No","No","No","No","Yes","No","No","No",,"Men","Subia","","In their 30s",3,0
"20-85-85-47",2,"No","No","No","No","No","Yes","No","No","Yes","No","No","No",,"Women","Lozi","","In their 40s",20,5
"20-85-85-47",3,"No","Yes","No","No","No","No","No","No","No","No","No","No",,"Women","Other","English","In their 40s",4,0
"34-53-75-33",1,"No","No","No","No","No","No","No","No","No","Yes","No","No",,"Men","Mafwe","","In their 40s",0,30
"34-53-75-33",2,"No","No","No","No","Yes","No","No","No","No","No","No","No",,"Men","Lozi","","In their 50s",0,30
"34-53-75-33",3,"Yes","No","No","No","Yes","No","No","No","No","No","No","No",,"Men","Subia","","In their 30s",0,14
"81-26-40-75",1,"No","No","No","No","No","Yes","No","No","No","No","No","No",,"Women","Subia","","In their 30s",0,1
"81-26-40-75",2,"No","No","No","No","No","No","No","No","No","Yes","No","No",,"Women","Mafwe","","In their 40s",6,5
"81-26-40-75",3,"No","No","No","No","Yes","No","No","No","No","No","No","No",,"Women","Subia","","In their 40s",4,2
"39-76-70-00",1,"No","No","No","Yes","No","No","No","No","No","No","No","No",,"Men","Other","Totela","In their 20s",28,1
"39-76-70-00",2,"Yes","No","No","No","No","No","No","No","No","No","No","No",,"Men","Subia","","In their 30s",2,0
"39-76-70-00",3,"Yes","No","No","No","No","No","No","No","No","No","No","No",,"Men","Other","Totela","In their 30s",3,1
"84-11-99-46",1,"No","No","No","No","No","Yes","No","No","No","No","No","No",,"Women","Other","totela","In their 30s",25,25
"07-72-86-35",1,"No","No","No","No","Yes","No","No","No","No","No","No","No",,"Men","Lozi","","In their 50s",1,6
"07-72-86-35",2,"No","No","No","No","No","No","No","Yes","No","No","No","No",,"Men","Lozi","","In their 50s",3,6
"07-72-86-35",3,"No","No","No","No","No","No","No","No","No","Yes","Yes","No",,"Men","Mafwe","","In their 40s",2,6
"76-67-31-58",1,"No","No","No","No","No","Yes","No","No","No","No","No","No",,"Men","Lozi","","In their 30s",3,1
"76-67-31-58",2,"No","No","No","No","No","No","Yes","No","No","No","No","No",,"Men","Lozi","","In their 30s",1,2
"76-67-31-58",3,"Yes","No","No","No","No","No","No","No","No","No","No","No",,"Women","Lozi","","In their 30s",3,3
"37-57-47-28",1,"No","No","No","No","No","No","Yes","No","No","No","No","No",,"Women","Subia","","In their 50s",4,2
"37-57-47-28",2,"No","No","No","No","No","No","Yes","No","No","No","No","No",,"Men","Subia","","In their 60s",5,2
"37-57-47-28",3,"No","No","No","No","No","Yes","No","No","No","No","No","No",,"Women","Subia","","In their 30s",7,2
"01-40-66-32",1,"No","No","No","No","Yes","No","No","No","No","Yes","No","No",,"Men","Lozi","","In their 40s",3,0
"01-40-66-32",2,"No","No","No","No","No","Yes","No","No","No","Yes","No","No",,"Men","Lozi","","In their 40s",20,0
"13-26-58-11",1,"No","No","No","Yes","No","No","No","No","No","No","No","No",,"Women","Subia","","In their 60s",5,2
"53-48-83-71",1,"No","No","No","No","No","No","No","No","Yes","No","No","No",,"Women","Subia","","In their 40s",20,2
"53-48-83-71",2,"No","No","No","No","No","Yes","Yes","No","Yes","No","No","No",,"Women","Lozi","","In their 20s",10,1
"53-48-83-71",3,"No","No","No","No","No","No","Yes","No","No","No","No","No",,"Women","Subia","","In their 30s",1,1
"27-13-62-90",1,"No","No","No","No","No","No","Yes","No","No","No","No","No",,"Men","Subia","","In their 30s",20,5
"27-13-62-90",2,"No","No","No","No","No","Yes","No","No","No","No","No","No",,"Women","Mafwe","","In their 20s",6,2
"85-22-01-46",1,"No","No","No","No","No","No","No","No","No","Yes","No","No",,"Men","Mafwe","","In their 50s",0,0
"85-22-01-46",2,"No","No","No","No","No","No","No","No","No","Yes","No","No",,"Men","Lozi","","In their 50s",0,0
"85-22-01-46",3,"Yes","No","No","No","No","No","No","No","No","No","No","No",,"Men","Subia","","In their 60s",0,0
"69-98-12-23",1,"No","No","No","No","No","No","Yes","No","No","No","No","No",,"Men","Subia","","In their 40s",5,2
"13-16-89-71",1,"No","No","No","No","No","No","No","No","No","Yes","No","No",,"Men","Mafwe","","In their 40s",0,0
"13-16-89-71",2,"No","No","No","No","No","No","No","No","No","Yes","No","No",,"Men","Mafwe","","In their 50s",1,0
"13-16-89-71",3,"No","No","No","No","No","No","No","Yes","No","No","No","No",,"Men","Subia","","In their 50s",1,0
"56-66-41-20",1,"Yes","No","No","No","No","No","No","No","No","No","No","No",,"Men","Mafwe","","In their 40s",2,1
"56-66-41-20",2,"Yes","No","No","No","No","No","No","No","No","No","No","No",,"Women","Subia","","In their 60s",3,0
"56-66-41-20",3,"Yes","No","No","No","No","No","No","No","No","No","No","No",,"Men","Other","Totela","In their 40s",28,4
"81-47-86-65",1,"Yes","No","No","No","No","No","No","No","No","Yes","No","No",,"Men","Other","totela","In their 30s",0,3
"81-47-86-65",2,"No","No","No","No","No","No","No","No","No","Yes","No","No",,"Men","Mafwe","","In their 30s",0,3
"81-47-86-65",3,"Yes","No","No","Yes","No","No","No","No","No","No","No","No",,"Men","Other","Totela","In their 40s",0,6
"93-67-97-18",1,"No","No","No","No","No","No","Yes","No","No","No","No","No",,"Men","Other","Totela","In their 50s",29,5
"93-67-97-18",2,"No","No","No","No","No","No","Yes","No","No","No","No","No",,"Men","Other","Totela","In their 40s",2,2
"93-67-97-18",3,"No","Yes","No","No","No","No","Yes","No","No","No","No","No",,"Men","Other","Totela","In their 40s",29,2
"38-26-42-37",1,"No","No","No","No","Yes","No","No","No","No","No","No","No",,"Men","Other","Totela","In their 50s",8,2
"38-26-42-37",2,"No","No","No","No","No","No","No","No","No","Yes","No","No",,"Men","Lozi","","In their 50s",9,0
"38-26-42-37",3,"No","No","No","No","No","No","No","No","No","Yes","No","No",,"Men","Mafwe","","In their 50s",1,0
"82-77-34-88",1,"No","No","Yes","No","No","No","No","No","No","No","No","No",,"Men","Mafwe","","In their 50s",4,2
"82-77-34-88",2,"No","No","No","No","No","No","No","No","No","Yes","No","No",,"Men","Lozi","","In their 40s",2,0
"82-77-34-88",3,"No","No","No","Yes","No","No","No","No","No","No","No","No",,"Men","Mafwe","","In their 40s",0,1
"58-42-23-81",1,"No","No","No","No","Yes","No","No","No","No","No","No","No",,"Men","Subia","","In their 60s",8,6
"58-42-23-81",2,"No","No","No","No","Yes","No","No","No","No","No","No","No",,"Men","Lozi","","In their 40s",1,0
"58-42-23-81",3,"No","No","No","No","Yes","No","No","No","No","Yes","No","No",,"Men","Lozi","","&gt;70",2,0
"41-08-83-81",1,"Yes","No","No","No","No","No","No","No","No","No","No","No",,"Men","Lozi","","In their 30s",1,3
"37-72-45-16",1,"No","No","No","No","No","No","Yes","No","No","No","No","No",,"Women","Subia","","In their 20s",2,3
"86-82-46-77",1,"No","No","No","No","No","No","No","No","No","Yes","No","No",,"Women","Other","Mbalangwe","In their 40s",2,3
"86-82-46-77",2,"No","No","No","Yes","No","No","No","No","No","No","No","No",,"Women","Lozi","","In their 50s",4,2
"86-82-46-77",3,"No","No","No","No","No","No","No","No","No","Yes","No","No",,"Men","Other","Mbalangwe","In their 30s",4,3
"35-59-75-62",1,"No","No","No","No","No","No","No","No","No","Yes","No","No",,"Men","Mafwe","","In their 40s",1,4
"35-59-75-62",2,"No","No","No","No","No","No","No","No","No","Yes","No","No",,"Men","Mafwe","","In their 50s",1,4
"35-59-75-62",3,"No","No","No","No","No","No","No","No","No","Yes","No","No",,"Women","Other","coloured","In their 40s",0,4
"31-89-28-30",1,"No","No","No","No","No","Yes","No","No","No","No","No","No",,"Women","Lozi","","In their 40s",20,20
"31-89-28-30",2,"No","No","No","No","No","No","No","No","No","Yes","No","No",,"Women","Subia","","In their 40s",22,15
"31-89-28-30",3,"No","No","No","Yes","No","No","No","No","No","No","No","No",,"Women","Lozi","","In their 30s",28,15
"61-82-08-02",1,"No","No","No","No","No","Yes","No","No","No","No","No","No",,"Women","Subia","","In their 40s",3,1
"67-96-75-77",1,"No","No","No","No","No","No","Yes","No","No","No","No","No",,"Men","Subia","","In their 30s",1,2
"19-03-14-53",1,"No","No","No","No","No","No","Yes","No","No","No","No","No",,"Women","Lozi","","In their 20s",20,2
"19-03-14-53",2,"No","No","No","Yes","No","No","No","No","No","No","No","No",,"Men","Lozi","","In their 40s",12,2
"19-03-14-53",3,"No","No","No","No","No","Yes","No","No","No","No","No","No",,"Women","Lozi","","In their 30s",25,5
"12-01-31-29",1,"No","No","No","No","No","No","Yes","No","No","No","No","No",,"Women","Lozi","","In their 50s",10,4
"12-01-31-29",2,"No","No","No","No","No","No","Yes","No","No","No","No","No",,"Women","Lozi","","In their 40s",12,3
"16-72-17-16",1,"No","No","No","No","No","Yes","No","No","No","No","No","No",,"Women","Subia","","In their 40s",9,3
"16-72-17-16",2,"No","No","No","No","No","No","Yes","No","No","No","No","No",,"Women","Subia","","In their 20s",20,10
"16-72-17-16",3,"No","No","No","Yes","No","No","No","No","No","No","No","No",,"Women","Lozi","","In their 30s",2,4
"38-21-18-12",1,"No","No","No","No","No","Yes","No","No","No","No","No","No",,"Women","Lozi","","In their 30s",28,3
"75-80-02-90",1,"No","No","No","No","No","No","No","No","No","Yes","No","No",,"Men","Mafwe","","In their 50s",1,1
"75-80-02-90",2,"No","No","No","No","No","No","No","No","No","Yes","No","No",,"Men","Mafwe","","In their 50s",1,1
"75-80-02-90",3,"No","No","No","No","No","No","No","No","No","Yes","No","No",,"Women","Other","coloured","In their 40s",1,1
"43-41-21-85",1,"No","No","No","Yes","No","No","No","No","No","No","No","No",,"Women","Subia","","In their 40s",3,0
"43-41-21-85",2,"No","No","No","No","No","No","No","No","No","Yes","No","No",,"Men","Subia","","In their 50s",1,0
"43-41-21-85",3,"No","No","No","No","No","No","No","No","No","Yes","No","No",,"Men","Mafwe","","In their 40s",0,0
"66-22-88-29",1,"No","No","No","No","No","Yes","No","No","No","No","No","No",,"Women","Lozi","","In their 50s",20,1
"66-22-88-29",2,"Yes","No","No","No","No","Yes","No","No","No","No","No","No",,"Women","Subia","","In their 40s",29,0
"66-22-88-29",3,"No","No","No","No","No","Yes","No","No","No","No","No","No",,"Women","Lozi","","In their 60s",29,1
"42-66-53-78",1,"No","No","No","No","No","Yes","No","No","No","No","No","No",,"Women","Lozi","","In their 30s",25,25
"42-66-53-78",2,"No","No","No","No","No","Yes","No","No","No","No","No","No",,"Women","Subia","","In their 30s",20,20
"19-23-31-06",1,"No","No","No","No","No","Yes","No","No","No","No","No","No",,"Women","Lozi","","In their 40s",28,5
"19-23-31-06",2,"Yes","No","No","No","No","No","No","No","No","No","No","No",,"Women","Lozi","","In their 30s",15,10
"19-23-31-06",3,"No","No","No","No","No","Yes","No","No","No","No","No","No",,"Women","Lozi","","In their 20s",23,16
"62-33-60-14",1,"No","No","No","No","No","No","No","No","No","Yes","No","No",,"Men","Mafwe","","In their 50s",1,4
"62-33-60-14",2,"No","No","No","No","No","No","No","Yes","No","No","No","No",,"Men","Mafwe","","In their 50s",1,4
"62-33-60-14",3,"No","No","No","No","No","No","No","No","No","Yes","No","No",,"Women","Other","coloured","In their 40s",0,4
"89-36-04-43",1,"No","Yes","No","No","No","No","No","No","No","Yes","No","No",,"Men","Subia","","In their 40s",6,0
"89-36-04-43",2,"No","No","No","No","No","Yes","No","No","No","Yes","No","No",,"Men","Subia","","In their 40s",5,0
"87-86-68-37",1,"No","No","No","Yes","No","No","No","No","No","No","No","No",,"Men","Mafwe","","In their 50s",24,12
"87-86-68-37",2,"No","No","No","No","No","No","No","No","No","Yes","No","No",,"Men","Mafwe","","In their 50s",4,1
"87-86-68-37",3,"No","No","No","No","No","No","No","No","No","Yes","No","No",,"Men","Mafwe","","In their 40s",3,3
"12-94-76-31",1,"No","No","No","Yes","No","No","No","No","No","No","No","No",,"Men","Subia","","In their 30s",2,2
"12-94-76-31",2,"No","No","No","No","No","No","No","No","No","Yes","No","No",,"Women","Subia","","In their 30s",10,4
"12-94-76-31",3,"No","No","No","No","No","No","Yes","No","No","No","No","No",,"Women","Subia","","In their 40s",12,6
"25-74-03-84",1,"No","No","No","No","No","Yes","No","No","No","No","No","No",,"Women","Subia","","In their 40s",2,0
"98-23-98-25",1,"No","No","No","No","Yes","No","No","No","No","No","No","No",,"Men","Mafwe","","In their 40s",5,7
"98-23-98-25",2,"No","No","No","No","Yes","No","No","No","No","No","No","No",,"Men","Mafwe","","In their 50s",10,10
"98-23-98-25",3,"No","No","No","No","Yes","No","No","No","No","No","No","No",,"Men","Mafwe","","In their 40s",6,10
"01-01-07-49",1,"No","No","No","No","No","No","No","No","No","Yes","No","No",,"Men","Subia","","In their 50s",15,0
"01-01-07-49",2,"No","No","No","No","No","No","No","No","No","Yes","No","No",,"Men","Subia","","In their 60s",2,0
"01-01-07-49",3,"No","No","No","No","No","No","No","No","No","Yes","No","No",,"Women","Subia","","In their 40s",23,0
"05-21-83-90",1,"Yes","No","No","No","No","No","No","No","No","No","No","No",,"Men","Lozi","","In their 50s",10,10
"05-21-83-90",2,"No","No","No","No","No","No","Yes","No","No","No","No","No",,"Men","Lozi","","&gt;70",5,5
"05-21-83-90",3,"Yes","No","No","No","No","No","No","No","No","No","No","No",,"Men","Lozi","","In their 40s",4,4
"77-16-48-10",1,"No","No","No","No","No","No","Yes","No","No","No","No","No",,"Women","Subia","","&gt;70",20,20
"77-16-48-10",2,"No","No","No","No","No","No","No","No","Yes","No","No","No",,"Women","Lozi","","In their 60s",20,20
"77-16-48-10",3,"No","No","No","No","No","No","No","No","Yes","No","No","No",,"Women","Subia","","In their 30s",20,20
"75-23-18-05",1,"No","No","No","No","No","No","Yes","No","No","No","No","No",,"Women","Subia","","&gt;70",20,20
"75-23-18-05",2,"No","No","No","No","No","No","Yes","No","No","No","No","No",,"Women","Subia","","In their 50s",15,15
"83-84-60-99",1,"No","No","No","No","No","No","Yes","No","No","No","No","No",,"Men","Subia","","In their 50s",6,1
"56-18-51-85",1,"No","No","No","No","No","No","No","No","Yes","No","No","No",,"Women","Subia","","&gt;70",20,2
"56-18-51-85",2,"No","No","No","No","No","No","No","No","Yes","No","No","No",,"Women","Subia","","In their 60s",20,3
"56-18-51-85",3,"No","No","No","No","No","No","No","Yes","No","No","No","No",,"Women","Subia","","In their 40s",15,2
"26-38-66-11",1,"No","No","Yes","No","No","No","No","No","No","No","No","No",,"Women","Subia","","In their 50s",15,3
"46-68-27-34",1,"No","No","No","No","No","No","Yes","No","No","No","No","No",,"Men","Subia","","In their 40s",5,4
"46-68-27-34",2,"No","No","No","No","No","No","Yes","No","No","No","No","No",,"Women","Subia","","In their 40s",3,4
"78-16-14-09",1,"No","No","No","No","Yes","No","No","No","No","No","No","No",,"Women","Mafwe","","In their 60s",4,3
"78-16-14-09",2,"Yes","No","No","No","No","No","No","No","No","No","No","No",,"Women","Mafwe","","In their 50s",4,3
"78-16-14-09",3,"No","No","No","No","Yes","No","No","No","No","No","No","No",,"Women","Mafwe","","In their 60s",5,3
"01-32-09-43",1,"No","No","No","No","No","No","No","Yes","No","No","No","No",,"Men","Subia","","In their 50s",10,5
"01-32-09-43",2,"Yes","No","No","No","No","No","No","No","No","No","No","No",,"Women","Subia","","In their 50s",2,5
"01-32-09-43",3,"Yes","No","No","No","No","No","No","No","No","No","No","No",,"Women","Subia","","In their 50s",3,5
"11-29-18-58",1,"Yes","No","No","No","No","No","No","No","No","No","No","No",,"Men","Lozi","","In their 40s",5,5
"11-29-18-58",2,"Yes","No","No","No","No","No","No","No","No","No","No","No",,"Men","Lozi","","In their 40s",5,5
"11-29-18-58",3,"No","No","No","No","Yes","No","No","No","No","No","No","No",,"Men","Lozi","","In their 60s",10,5
"53-42-47-52",1,"No","No","No","No","No","No","Yes","No","No","No","No","No",,"Women","Subia","","In their 50s",3,3
"01-17-72-49",1,"No","No","No","No","Yes","No","No","No","No","No","No","No",,"Men","Mafwe","","In their 50s",0,3
"01-17-72-49",2,"No","No","No","No","No","No","No","No","No","Yes","No","No",,"Men","Mafwe","","In their 30s",3,3
"01-17-72-49",3,"No","No","No","No","No","Yes","No","No","No","Yes","No","No",,"Men","Mafwe","","In their 30s",3,3
"40-86-48-02",1,"No","No","No","No","No","No","Yes","No","No","No","No","No",,"Men","Subia","","In their 40s",12,10
"40-86-48-02",2,"No","No","No","No","No","No","Yes","No","No","No","No","No",,"Women","Lozi","","In their 30s",25,25
"67-11-34-32",1,"No","Yes","No","No","No","No","No","No","No","No","No","No",,"Men","Mafwe","","In their 50s",8,1
"67-11-34-32",2,"No","No","Yes","No","No","No","No","No","No","No","No","No",,"Men","Mafwe","","In their 60s",15,2
"47-85-49-06",1,"No","No","No","No","No","No","Yes","No","No","No","No","No",,"Women","Subia","","In their 60s",20,25
"68-03-09-51",1,"Yes","No","No","No","No","No","No","No","No","No","No","No",,"Women","Subia","","In their 40s",3,1
"14-68-63-82",1,"No","No","No","No","No","No","Yes","No","No","No","No","No",,"Men","Subia","","In their 50s",25,28
"14-68-63-82",2,"No","No","No","No","No","No","Yes","No","No","No","No","No",,"Women","Subia","","In their 50s",23,22
"80-91-19-12",1,"No","No","No","No","Yes","No","No","No","No","No","No","No",,"Men","Mafwe","","In their 60s",8,2
"80-91-19-12",2,"No","No","No","No","Yes","No","Yes","No","No","No","No","No",,"Men","Mafwe","","&gt;70",15,3
"25-98-38-14",1,"No","No","No","No","Yes","No","No","No","No","Yes","No","No",,"Women","Mafwe","","&gt;70",2,6
"25-98-38-14",2,"No","No","No","No","Yes","No","No","No","No","No","No","No",,"Women","Mafwe","","In their 40s",0,6
"25-98-38-14",3,"No","No","No","No","Yes","No","No","No","No","No","No","No",,"Men","Mafwe","","&gt;70",0,6
"50-33-61-65",1,"No","No","No","No","Yes","No","No","No","No","No","No","No",,"Men","Mafwe","","In their 50s",0,6
"50-33-61-65",2,"No","No","No","No","Yes","No","No","No","No","No","No","No",,"Men","Mafwe","","In their 40s",0,30
"50-33-61-65",3,"No","No","No","No","No","No","No","No","No","Yes","No","No",,"Women","Mafwe","","&gt;70",7,30
"88-90-25-85",1,"No","No","No","No","Yes","No","No","No","No","No","No","No",,"Men","Mafwe","","&gt;70",5,4
"88-90-25-85",2,"No","No","Yes","No","No","No","No","No","No","No","No","No",,"Men","Mafwe","","&gt;70",3,4
"88-90-25-85",3,"No","No","No","No","Yes","No","No","No","No","No","No","No",,"Women","Mafwe","","In their 60s",5,4
"04-83-20-68",1,"No","No","No","No","No","No","No","No","Yes","No","No","No",,"Men","Subia","","In their 50s",10,2
"04-83-20-68",2,"No","No","No","No","No","Yes","No","No","No","No","No","No",,"Men","Subia","","In their 50s",5,2
"04-83-20-68",3,"No","No","No","No","No","No","Yes","No","No","No","No","No",,"Men","Subia","","In their 50s",6,2
"09-59-67-21",1,"No","No","No","No","No","No","Yes","No","No","No","No","No",,"Men","Subia","","In their 40s",10,10
"35-03-03-59",1,"No","No","No","No","Yes","No","No","No","No","No","No","No",,"Women","Mafwe","","In their 30s",10,10
"35-03-03-59",2,"No","No","No","No","Yes","No","No","No","No","No","No","No",,"Women","Mafwe","","In their 40s",15,10
"35-03-03-59",3,"No","No","No","No","Yes","No","No","No","No","No","No","No",,"Women","Mafwe","","In their 40s",10,10
"10-50-64-24",1,"No","No","Yes","No","No","No","No","No","No","No","No","No",,"Men","Subia","","In their 60s",20,0
"10-50-64-24",2,"No","No","No","No","Yes","No","No","No","No","No","No","No",,"Men","Subia","","In their 60s",0,0
"10-50-64-24",3,"No","No","No","No","Yes","No","No","No","No","No","No","No",,"Men","Subia","","In their 40s",0,0
"13-56-95-25",1,"No","No","No","No","No","Yes","No","No","No","No","No","No",,"Women","Subia","","In their 40s",25,25
"13-56-95-25",2,"No","No","No","No","No","No","Yes","No","No","No","No","No",,"Women","Subia","","In their 50s",20,20
"36-88-00-01",1,"No","No","No","No","No","Yes","No","No","No","No","No","No",,"Men","Subia","","In their 50s",5,1
"36-88-00-01",2,"No","No","No","No","No","Yes","No","No","No","No","No","No",,"Men","Subia","","In their 60s",4,1
"36-88-00-01",3,"Yes","No","No","No","No","No","No","No","No","No","No","No",,"Men","Subia","","In their 50s",5,1
"63-25-21-02",1,"No","No","No","No","No","Yes","No","No","No","No","No","No",,"Men","Subia","","In their 60s",6,2
"63-25-21-02",2,"No","No","No","No","No","No","Yes","No","No","No","No","No",,"Men","Subia","","In their 60s",5,1
"08-07-30-74",1,"No","No","No","Yes","No","No","No","No","No","No","No","No",,"Women","Other","Totela","In their 40s",0,6
"08-07-30-74",2,"No","No","Yes","No","No","No","No","No","No","No","No","No",,"Men","Other","Totela","&gt;70",0,6
"18-39-69-08",1,"No","No","No","No","Yes","No","No","No","No","No","No","No",,"Men","Subia","","In their 40s",28,5
"18-39-69-08",2,"No","No","No","No","Yes","No","No","No","No","Yes","No","No",,"Men","Subia","","In their 40s",16,0
"18-39-69-08",3,"No","No","No","No","No","No","No","No","No","Yes","No","No",,"Men","Subia","","In their 40s",6,0
"97-46-11-48",1,"No","Yes","No","No","No","No","No","No","No","No","No","No",,"Men","Subia","","In their 60s",20,10
"97-46-11-48",2,"Yes","No","No","No","No","No","No","No","No","No","No","No",,"Women","Subia","","In their 40s",8,4
"97-46-11-48",3,"No","No","No","No","No","No","Yes","No","No","No","No","No",,"Women","Subia","","In their 50s",6,3
"12-85-99-43",1,"Yes","No","No","No","No","No","No","No","No","No","No","No",,"Women","Mafwe","","In their 40s",10,0
"12-85-99-43",2,"No","No","No","No","No","No","Yes","No","No","No","No","No",,"Women","Mafwe","","In their 30s",3,0
"12-85-99-43",3,"Yes","No","No","No","No","No","No","No","No","No","No","No",,"Men","Mafwe","","In their 40s",2,0
"55-14-49-61",1,"No","No","No","No","Yes","No","No","No","No","No","No","No",,"Women","Subia","","In their 40s",1,1
"94-26-98-86",1,"No","No","No","No","No","No","Yes","No","No","No","No","No",,"Women","Subia","","In their 40s",20,12
"94-26-98-86",2,"No","No","No","Yes","No","No","No","No","No","No","No","No",,"Men","Subia","","In their 40s",3,3
"94-26-98-86",3,"No","No","No","No","No","No","Yes","No","No","No","No","No",,"Women","Subia","","In their 50s",4,4
"32-96-01-37",1,"No","No","No","No","Yes","No","No","No","No","No","No","No",,"Women","Mafwe","","In their 50s",5,3
"32-96-01-37",2,"No","No","No","No","Yes","No","No","No","No","No","No","No",,"Women","Mafwe","","In their 50s",8,5
"32-96-01-37",3,"No","No","No","No","Yes","No","No","No","No","No","No","No",,"Women","Mafwe","","In their 40s",2,2
"41-92-38-71",1,"No","No","No","No","Yes","No","No","No","No","No","No","No",,"Men","Mafwe","","In their 50s",20,5
"41-92-38-71",2,"No","No","No","No","Yes","No","No","No","No","No","No","No",,"Men","Mafwe","","&gt;70",28,2
"41-92-38-71",3,"No","No","No","No","Yes","No","Yes","No","No","No","No","No",,"Men","Mafwe","","In their 60s",2,0
"43-40-50-14",1,"No","No","No","No","Yes","No","Yes","No","No","No","No","No",,"Men","Mafwe","","&gt;70",29,20
"43-40-50-14",2,"No","No","No","No","Yes","Yes","Yes","No","No","No","No","No",,"Women","Mafwe","","In their 60s",29,20
"43-40-50-14",3,"No","No","No","No","No","No","No","No","No","Yes","No","No",,"Men","Mafwe","","In their 40s",1,0
"33-52-73-44",1,"No","No","No","No","Yes","No","Yes","No","No","No","No","No",,"Women","Mafwe","","In their 30s",28,5
"33-52-73-44",2,"No","No","No","No","Yes","No","Yes","No","No","No","No","No",,"Men","Mafwe","","In their 40s",5,2
"33-52-73-44",3,"No","No","No","No","Yes","No","No","No","Yes","No","No","No",,"Women","Mafwe","","In their 40s",5,5
"17-65-44-15",1,"Yes","No","No","No","No","No","No","No","No","No","No","No",,"Women","Mafwe","","In their 40s",6,4
"17-65-44-15",2,"Yes","No","No","No","No","No","No","No","No","No","No","No",,"Men","Mafwe","","In their 50s",6,3
"17-65-44-15",3,"No","No","No","Yes","No","No","No","No","No","No","No","No",,"Men","Mafwe","","In their 30s",1,0
"77-00-14-73",1,"Yes","No","No","No","No","No","No","No","No","No","No","No",,"Men","Mafwe","","In their 50s",4,6
"77-00-14-73",2,"No","No","No","No","No","No","No","No","No","Yes","No","No",,"Men","Mafwe","","In their 40s",3,1
"77-00-14-73",3,"No","No","No","No","No","No","Yes","No","No","No","No","No",,"Women","Mafwe","","In their 30s",29,29
"78-98-94-60",1,"No","No","Yes","No","No","No","No","No","No","No","No","No",,"Women","Subia","","In their 50s",1,1
"78-98-94-60",2,"No","No","No","No","No","No","No","No","No","Yes","No","No",,"Men","Subia","","In their 40s",1,2
"50-51-12-24",1,"No","No","No","Yes","No","No","No","No","No","No","No","No",,"Men","Other","totela","In their 40s",1,30
"45-72-98-81",1,"No","No","No","No","Yes","No","No","No","No","No","No","No",,"Women","Subia","","&gt;70",2,0
"45-72-98-81",2,"No","No","No","No","Yes","No","No","No","No","No","No","No",,"Men","Subia","","In their 60s",8,1
"45-72-98-81",3,"No","No","Yes","No","No","No","No","No","No","No","No","No",,"Women","Subia","","In their 50s",0,0
"98-20-22-18",1,"Yes","No","No","No","No","No","No","No","No","No","No","No",,"Men","Subia","","In their 40s",0,5
"98-20-22-18",2,"No","No","No","No","No","No","No","No","No","Yes","No","No",,"Men","Subia","","In their 40s",7,4
"98-20-22-18",3,"No","No","No","No","No","No","No","No","No","Yes","No","No",,"Men","Subia","","In their 40s",7,4
"12-87-62-64",1,"Yes","No","No","No","Yes","No","Yes","No","No","No","No","No",,"Men","Mafwe","","In their 50s",2,2
"12-87-62-64",2,"No","No","No","No","Yes","Yes","No","No","No","No","No","No",,"Men","Mafwe","","In their 40s",5,4
"02-24-60-64",1,"No","No","No","Yes","No","No","No","No","No","No","No","No",,"Women","Other","Totela","In their 30s",14,10
"02-24-60-64",2,"No","No","No","No","No","No","Yes","No","No","No","No","No",,"Women","Other","Totela","In their 60s",10,1
"02-24-60-64",3,"No","No","No","No","No","No","Yes","No","No","No","No","No",,"Women","Other","Totela","&gt;70",15,15
"35-93-85-84",1,"No","No","No","No","Yes","No","No","No","No","No","No","No",,"Men","Subia","","In their 40s",4,20
"35-93-85-84",2,"No","No","No","No","Yes","No","No","No","No","No","No","No",,"Men","Subia","","In their 40s",1,2
"35-93-85-84",3,"No","No","No","No","Yes","No","No","No","No","No","No","No",,"Men","Subia","","In their 30s",1,2
"25-08-98-52",1,"No","No","No","No","No","No","No","No","No","Yes","No","No",,"Men","Subia","","In their 60s",1,2
"46-54-30-66",1,"No","No","No","No","No","Yes","No","No","Yes","No","No","No",,"Women","Other","Totela","In their 60s",15,5
"46-54-30-66",2,"No","No","No","No","No","Yes","Yes","No","No","No","No","No",,"Women","Other","Tolela","In their 60s",5,3
"46-54-30-66",3,"No","No","No","No","Yes","No","No","No","No","No","No","No",,"Women","Other","Totela","In their 60s",10,3
"19-66-62-79",1,"No","No","No","No","Yes","No","Yes","No","No","No","No","No",,"Women","Other","Totela","&gt;70",28,6
"19-66-62-79",2,"No","No","No","No","Yes","No","No","No","Yes","No","No","No",,"Women","Other","Totela","In their 60s",3,1
"19-66-62-79",3,"No","No","No","No","No","Yes","Yes","No","No","No","No","No",,"Men","Other","Totela","In their 40s",15,0
"38-52-59-99",1,"No","No","No","No","Yes","No","No","No","No","No","No","No",,"Women","Other","Totela","In their 60s",3,2
"38-52-59-99",2,"No","No","No","No","No","No","No","No","No","Yes","No","No",,"Women","Other","Totela","In their 30s",5,2
"38-52-59-99",3,"No","No","No","No","Yes","No","No","No","No","No","No","No",,"Women","Other","Totela","In their 60s",4,1
"18-01-52-21",1,"No","Yes","No","No","No","No","No","No","No","No","No","No",,"Men","Other","Totela","In their 40s",1,0
"18-01-52-21",2,"No","No","No","No","No","No","Yes","No","No","No","No","No",,"Men","Other","Totela","In their 50s",29,1
"18-01-52-21",3,"No","No","No","No","No","No","Yes","No","No","No","No","No",,"Men","Other","Totela","&gt;70",2,1
"52-91-87-71",1,"No","No","No","No","Yes","No","No","No","No","No","No","No",,"Men","Subia","","In their 40s",20,20
"52-91-87-71",2,"No","No","No","No","Yes","No","No","No","No","No","No","No",,"Men","Subia","","In their 50s",1,20
"52-91-87-71",3,"No","No","No","No","Yes","No","No","No","No","No","No","No",,"Men","Subia","","In their 50s",7,20
"86-58-98-12",1,"No","No","No","No","No","No","Yes","No","No","No","No","No",,"Men","Subia","","In their 40s",20,1
"86-58-98-12",2,"No","No","No","No","No","No","Yes","No","No","No","No","No",,"Men","Subia","","In their 30s",20,4
"86-58-98-12",3,"No","No","No","No","No","No","Yes","No","No","No","No","No",,"Women","Subia","","In their 30s",20,2
"18-53-78-30",1,"Yes","No","No","No","No","No","No","No","No","No","No","No",,"Men","Mafwe","","In their 50s",1,1
"18-53-78-30",2,"No","No","No","No","No","Yes","No","No","No","No","No","No",,"Men","Mafwe","","In their 40s",15,0
"21-70-10-93",1,"No","No","Yes","No","No","No","No","No","No","No","No","No",,"Men","Subia","","In their 50s",25,5
"21-70-10-93",2,"No","No","No","No","Yes","No","No","No","No","No","No","No",,"Women","Subia","","In their 40s",0,0
"21-70-10-93",3,"No","No","No","No","Yes","No","No","No","No","No","No","No",,"Men","Subia","","In their 50s",0,0
"51-51-64-02",1,"No","No","No","No","Yes","No","No","No","No","No","No","No",,"Men","Mafwe","","In their 30s",6,-999
"65-04-27-87",1,"No","Yes","No","No","No","No","No","No","No","No","No","No",,"Men","Other","Totela","&gt;70",29,10
"65-04-27-87",2,"No","No","No","Yes","No","No","No","No","No","No","Yes","No",,"Women","Other","Totela","In their 40s",20,5
"65-04-27-87",3,"Yes","No","No","No","No","No","No","No","No","No","No","No",,"Men","Other","Totela","In their 20s",9,3
"26-67-17-34",1,"No","No","Yes","No","Yes","No","Yes","No","No","No","No","No",,"Men","Other","totela","In their 60s",0,30
"12-55-61-25",1,"No","No","No","Yes","No","No","No","No","No","No","No","No",,"Women","Other","Totela","In their 30s",29,6
"12-55-61-25",2,"Yes","No","No","No","No","No","No","No","No","No","No","No",,"Men","Other","Totela","In their 40s",4,6
"12-55-61-25",3,"No","Yes","No","No","No","No","No","No","No","No","No","No",,"Men","Other","Totela","In their 30s",29,0
"70-21-00-12",1,"No","No","Yes","No","No","No","No","No","No","No","No","No",,"Women","Subia","","In their 50s",0,0
"09-96-00-56",1,"No","No","No","No","Yes","No","Yes","No","No","No","No","No",,"Women","Other","Totela","In their 60s",28,13
"09-96-00-56",2,"No","No","No","No","No","No","No","No","Yes","No","No","No",,"Men","Other","Totela","In their 50s",0,0
"09-96-00-56",3,"No","No","No","No","No","No","Yes","No","No","No","No","No",,"Women","Other","Yeyi","In their 30s",29,29
"93-46-32-90",1,"No","No","Yes","No","No","No","No","No","No","No","No","No",,"Men","Mafwe","","&gt;70",5,2
"93-46-32-90",2,"No","No","No","No","No","No","Yes","No","No","No","No","No",,"Women","Mafwe","","&gt;70",5,2
"93-46-32-90",3,"No","No","No","No","No","No","Yes","No","No","No","No","No",,"Women","Mafwe","","&gt;70",5,2
"39-76-52-63",1,"No","No","No","Yes","No","No","No","No","No","No","No","No",,"Men","Mafwe","","In their 60s",3,3
"44-39-76-83",1,"No","No","No","No","No","No","Yes","No","No","No","No","No",,"Men","Mafwe","","In their 50s",10,5
"44-39-76-83",2,"No","No","No","No","No","No","No","No","Yes","No","No","No",,"Women","Mafwe","","In their 30s",4,5
"44-39-76-83",3,"No","No","No","No","Yes","No","No","No","No","No","No","No",,"Men","Mafwe","","In their 40s",10,5
"57-92-68-31",1,"Yes","No","No","No","Yes","No","No","No","No","No","No","No",,"Men","Other","totela","In their 50s",0,30
"57-92-68-31",2,"No","No","No","No","Yes","No","No","No","No","Yes","No","No",,"Women","Other","Totela","&gt;70",2,30
"70-75-80-97",1,"No","No","No","No","No","No","Yes","No","No","No","No","No",,"Men","Subia","","In their 50s",24,25
"70-75-80-97",2,"No","No","No","No","No","No","Yes","No","No","No","No","No",,"Women","Subia","","In their 30s",20,20
"70-75-80-97",3,"No","No","No","No","No","No","Yes","No","No","No","No","No",,"Women","Subia","","In their 40s",15,26
"37-91-43-52",1,"No","No","No","No","No","No","Yes","No","No","No","No","No",,"Women","Subia","","In their 60s",25,25
"93-94-95-33",1,"Yes","No","No","No","No","No","No","No","No","No","No","No",,"Women","Subia","","In their 40s",3,3
"93-94-95-33",2,"Yes","No","No","No","No","No","No","No","No","No","No","No",,"Men","Subia","","In their 40s",5,5
"93-94-95-33",3,"No","No","Yes","No","No","No","No","No","No","No","No","No",,"Men","Subia","","In their 50s",3,3
"50-37-72-10",1,"No","Yes","No","No","No","No","No","No","No","No","No","No",,"Men","Subia","","&gt;70",29,2
"50-37-72-10",2,"No","No","No","No","No","No","Yes","No","No","No","No","No",,"Women","Subia","","In their 50s",29,3
"50-37-72-10",3,"No","No","No","No","No","No","Yes","No","No","No","No","No",,"Women","Subia","","In their 60s",4,1
"29-63-76-51",1,"Yes","No","No","No","No","No","No","No","No","No","No","No",,"Men","Lozi","","In their 40s",15,3
"71-36-35-44",1,"No","No","No","No","No","No","Yes","No","No","No","No","No",,"Men","Mafwe","","In their 40s",5,6
"71-36-35-44",2,"No","No","No","No","Yes","No","No","No","No","No","No","No",,"Men","Mafwe","","In their 40s",6,4
"71-36-35-44",3,"No","No","No","No","Yes","No","No","No","No","No","No","No",,"Men","Mafwe","","In their 40s",7,4
"20-65-14-78",1,"No","No","No","No","No","No","Yes","No","No","No","No","No",,"Women","Subia","","In their 50s",5,1
"20-65-14-78",2,"Yes","No","No","No","No","No","No","No","No","No","No","No",,"Women","Subia","","In their 40s",10,3
"60-95-57-22",1,"Yes","No","No","No","No","No","No","No","No","No","No","No",,"Men","Lozi","","In their 30s",4,6
"60-95-57-22",2,"No","No","No","Yes","No","No","No","No","No","No","No","No",,"Men","Lozi","","In their 40s",3,2
"60-95-57-22",3,"Yes","No","No","No","No","No","No","No","No","No","No","No",,"Women","Lozi","","In their 40s",20,12
"17-61-49-75",1,"No","Yes","No","No","Yes","No","No","No","No","No","No","No",,"Women","Mafwe","","In their 40s",8,3
"17-61-49-75",2,"No","No","No","No","Yes","Yes","No","No","No","No","No","No",,"Women","Mafwe","","In their 40s",6,5
"02-95-98-52",1,"No","No","Yes","No","No","No","No","No","No","No","No","No",,"Men","Subia","","In their 60s",5,0
"02-95-98-52",2,"No","No","No","Yes","No","No","No","No","No","No","No","No",,"Men","Subia","","In their 50s",0,0
"02-95-98-52",3,"No","No","No","No","No","No","No","No","No","Yes","No","No",,"Women","Subia","","In their 50s",2,0
"77-54-37-57",1,"No","No","No","No","Yes","No","No","No","No","No","No","No",,"Women","Other","totela","&gt;70",15,10
"77-54-37-57",2,"No","No","No","No","No","No","No","No","No","Yes","No","No",,"Men","Other","totela","&gt;70",10,5
"49-81-42-49",1,"No","No","No","No","Yes","No","No","No","No","No","No","No",,"Men","Subia","","In their 60s",20,1
"49-81-42-49",2,"No","No","No","No","Yes","No","No","No","No","No","No","No",,"Women","Subia","","In their 60s",4,7
"07-97-99-00",1,"No","No","No","No","Yes","Yes","No","No","No","No","No","No",,"Women","Mafwe","","In their 60s",20,10
"61-38-38-57",1,"Yes","No","No","No","No","No","No","No","No","No","No","No",,"Men","Subia","","In their 30s",4,2
"61-38-38-57",2,"No","No","No","No","No","No","No","No","No","Yes","No","No",,"Men","Subia","","In their 40s",6,4
"61-38-38-57",3,"No","No","No","No","No","No","Yes","No","No","No","No","No",,"Men","Subia","","In their 60s",4,2
"80-45-81-35",1,"No","No","No","No","No","No","No","No","No","Yes","No","No",,"Women","Other","Totela","In their 30s",16,0
"80-45-81-35",2,"No","No","No","No","No","No","No","No","No","Yes","No","No",,"Women","Other","Totela","In their 20s",20,0
"80-45-81-35",3,"No","No","No","No","Yes","No","No","No","No","No","No","No",,"Women","Mafwe","","In their 40s",28,2
"47-70-03-35",1,"No","No","No","No","Yes","No","No","No","No","No","No","No",,"Men","Subia","","In their 40s",7,10
"47-70-03-35",2,"No","No","No","No","No","No","No","No","No","Yes","No","No",,"Men","Subia","","In their 60s",1,10
"47-70-03-35",3,"No","No","No","No","No","No","No","No","No","Yes","No","No",,"Women","Subia","","In their 30s",20,10
"73-01-72-24",1,"No","No","No","No","Yes","No","No","No","No","No","No","No",,"Women","Subia","","In their 30s",3,3
"70-18-85-80",1,"No","No","No","No","Yes","No","No","No","No","No","No","No",,"Men","Other","totela","&gt;70",0,30
"70-18-85-80",2,"No","No","Yes","No","No","No","No","No","No","No","No","No",,"Men","Other","totela","&gt;70",0,30
"70-18-85-80",3,"No","No","No","Yes","No","No","No","No","No","No","No","No",,"Women","Other","totela","In their 40s",0,30
"59-96-51-48",1,"No","No","Yes","No","No","No","No","No","No","No","No","No",,"Men","Other","mbukushu","In their 50s",0,0
"59-96-51-48",2,"No","No","No","Yes","No","No","No","No","No","No","No","No",,"Women","Other","totela","In their 40s",5,5
"59-96-51-48",3,"No","No","No","No","No","No","No","No","No","Yes","No","No",,"Women","Other","totela","In their 50s",0,0
"47-24-68-80",1,"No","No","No","No","No","No","Yes","No","No","No","No","No",,"Men","Other","Totela","In their 40s",2,30
"47-24-68-80",2,"No","No","No","Yes","No","No","No","No","No","No","No","No",,"Women","Other","totela","In their 30s",0,30
"98-95-69-34",1,"No","Yes","No","No","No","No","No","No","No","No","No","No",,"Men","Lozi","","In their 40s",28,5
"98-95-69-34",2,"No","No","No","Yes","No","No","No","No","No","No","No","No",,"Men","Lozi","","In their 30s",15,2
"98-95-69-34",3,"No","No","No","Yes","No","No","No","No","No","No","No","No",,"Men","Lozi","","In their 20s",10,2
"94-61-58-26",1,"Yes","No","No","No","No","No","No","No","No","No","No","No",,"Men","Lozi","","In their 40s",2,1
"94-61-58-26",2,"No","No","No","No","No","No","No","No","No","Yes","No","No",,"Men","Lozi","","In their 30s",2,4
"94-61-58-26",3,"No","No","No","Yes","No","No","No","No","No","No","No","No",,"Women","Lozi","","In their 50s",3,4
"84-70-48-38",1,"No","No","No","No","No","No","No","No","No","Yes","No","No",,"Men","Other","totela","In their 50s",0,0
"84-70-48-38",2,"No","No","No","No","Yes","No","No","No","No","No","No","No",,"Women","Other","Totela","In their 60s",2,0
"84-70-48-38",3,"No","No","No","No","No","No","No","No","No","Yes","No","No",,"Men","Other","totela","In their 40s",0,0
"46-07-52-30",1,"No","No","No","No","No","No","Yes","No","No","No","No","No",,"Women","Other","totela","In their 60s",25,25
"46-07-52-30",2,"No","No","No","No","No","No","Yes","No","No","No","No","No",,"Men","Mafwe","","In their 40s",20,20
"46-07-52-30",3,"No","No","No","No","No","No","Yes","No","No","No","No","No",,"Women","Mafwe","","In their 40s",15,15
"65-50-88-07",1,"No","No","No","No","No","No","No","No","No","Yes","No","No",,"Men","Lozi","","In their 30s",0,15
"65-50-88-07",2,"No","No","No","No","No","No","No","No","No","Yes","No","No",,"Women","Lozi","","In their 60s",0,15
"65-50-88-07",3,"No","No","No","No","Yes","No","No","No","No","No","No","No",,"Women","Lozi","","In their 40s",0,15
"05-43-02-62",1,"No","No","No","Yes","No","No","No","No","No","No","No","No",,"Men","Subia","","In their 50s",3,3
"05-43-02-62",2,"No","No","No","No","Yes","No","No","No","No","No","No","No",,"Men","Subia","","In their 60s",3,3
"83-84-84-67",1,"No","No","No","No","No","No","No","No","No","Yes","No","No",,"Men","Lozi","","In their 40s",1,2
"16-35-19-29",1,"No","No","No","Yes","No","No","No","No","No","No","No","No",,"Women","Lozi","","In their 40s",25,25
"16-35-19-29",2,"No","Yes","No","No","No","No","No","No","No","No","No","No",,"Men","Lozi","","In their 40s",4,0
"16-35-19-29",3,"No","No","No","Yes","No","No","No","No","No","No","No","No",,"Men","Lozi","","In their 40s",3,2
"16-24-71-47",1,"No","No","No","No","No","No","No","No","No","Yes","No","No",,"Men","Mafwe","","In their 40s",4,4
"16-24-71-47",2,"No","No","No","No","No","No","No","No","No","Yes","No","No",,"Men","Other","totela","In their 30s",1,4
"16-24-71-47",3,"No","No","No","No","No","No","No","No","No","Yes","No","No",,"Men","Mafwe","","In their 40s",4,4
"22-33-09-47",1,"No","Yes","No","No","No","No","No","No","No","No","No","No",,"Men","Lozi","","In their 40s",4,3
"89-17-95-50",1,"No","No","Yes","No","No","No","No","No","No","No","No","No",,"Men","Mafwe","","In their 60s",5,1
"71-12-87-82",1,"No","No","No","No","No","No","No","No","No","No","No","Yes",,"Men","Lozi","","In their 20s",0,0
"93-78-86-25",1,"No","No","No","No","Yes","No","No","No","No","No","No","No",,"Men","Subia","","In their 60s",1,1
"93-78-86-25",2,"No","No","No","Yes","No","No","No","No","No","No","No","No",,"Men","Subia","","In their 40s",2,1
"93-78-86-25",3,"No","No","No","No","No","No","No","Yes","No","No","No","No",,"Men","Subia","","In their 50s",1,2
"34-03-26-96",1,"No","No","No","Yes","No","No","No","No","No","No","No","No",,"Women","Subia","","In their 30s",2,2
"34-03-26-96",2,"No","Yes","No","No","No","No","No","No","No","No","No","No",,"Men","Mafwe","","In their 40s",1,0
"34-03-26-96",3,"No","No","No","Yes","No","No","No","No","No","No","No","No",,"Women","Subia","","In their 50s",2,3
"83-62-75-30",1,"No","No","No","No","No","No","Yes","No","No","No","No","No",,"Women","Subia","","In their 50s",20,15
"83-62-75-30",2,"No","No","No","No","No","No","Yes","No","No","No","No","No",,"Women","Subia","","In their 50s",10,5
"83-62-75-30",3,"No","No","No","No","No","No","Yes","No","No","No","No","No",,"Women","Subia","","In their 50s",15,6
"39-30-68-16",1,"No","No","No","No","No","No","Yes","No","No","No","No","No",,"Women","Subia","","In their 30s",20,3
"39-30-68-16",2,"No","No","No","No","No","No","Yes","No","No","No","No","No",,"Women","Subia","","In their 20s",1,2
"39-30-68-16",3,"No","No","No","No","No","No","Yes","No","No","No","No","No",,"Women","Subia","","In their 20s",10,5
"25-67-10-82",1,"No","No","No","Yes","No","No","No","No","No","No","No","No",,"Men","Lozi","","In their 60s",20,10
"25-67-10-82",2,"No","No","No","No","No","No","No","No","Yes","No","No","No",,"Men","Lozi","","In their 40s",25,1
"25-67-10-82",3,"No","No","No","No","No","Yes","No","No","No","No","No","No",,"Men","Lozi","","In their 60s",20,1
"87-90-13-56",1,"No","No","No","No","No","No","Yes","No","No","No","No","No",,"Women","Lozi","","In their 40s",28,3
"87-90-13-56",2,"No","No","No","No","No","No","Yes","No","No","No","No","No",,"Women","Lozi","","In their 50s",10,3
"87-90-13-56",3,"No","No","No","No","No","No","Yes","No","No","No","No","No",,"Men","Lozi","","In their 50s",4,1
"38-81-07-74",1,"Yes","No","No","No","No","No","Yes","No","No","No","No","No",,"Men","Mafwe","","In their 30s",20,10
"38-81-07-74",2,"No","No","No","No","No","No","Yes","No","No","No","No","No",,"Men","Mafwe","","In their 30s",28,10
"29-17-63-12",1,"No","No","Yes","No","No","No","No","No","No","No","No","No",,"Men","Subia","","In their 60s",0,0
"29-17-63-12",2,"No","No","No","No","No","No","No","No","No","Yes","No","No",,"Men","Subia","","In their 40s",2,0
"29-17-63-12",3,"No","No","No","No","Yes","No","No","No","No","No","No","No",,"Women","Subia","","In their 50s",28,5
"09-87-36-18",1,"No","No","No","No","Yes","No","No","No","No","No","No","No",,"Men","Mafwe","","&gt;70",5,4
"09-87-36-18",2,"No","No","No","No","Yes","No","No","No","No","No","No","No",,"Men","Mafwe","","&gt;70",5,4
"09-87-36-18",3,"No","No","No","No","Yes","No","No","No","No","No","No","No",,"Men","Mafwe","","&gt;70",6,4
"37-47-43-04",1,"No","No","No","No","No","No","Yes","No","No","No","No","No",,"Men","Mafwe","","In their 60s",0,0
"37-47-43-04",2,"No","No","No","No","No","No","No","No","No","Yes","No","No",,"Men","Mafwe","","In their 60s",3,0
"37-47-43-04",3,"No","No","No","No","No","No","No","No","Yes","No","No","No",,"Men","Mafwe","","In their 50s",3,0
"19-94-92-45",1,"No","No","No","No","No","Yes","Yes","No","No","No","No","No",,"Men","Other","Wambo","&gt;70",29,13
"01-51-77-20",1,"No","No","No","No","Yes","No","No","No","No","No","No","No",,"Men","Subia","","&gt;70",3,5
"01-51-77-20",2,"No","No","No","No","Yes","No","No","No","No","No","No","No",,"Men","Subia","","In their 60s",4,5
"01-51-77-20",3,"No","No","No","No","Yes","No","No","No","No","No","No","No",,"Men","Subia","","&gt;70",2,5
"14-21-66-73",1,"No","No","No","No","Yes","No","Yes","No","No","No","No","No",,"Women","Subia","","In their 60s",28,3
"14-21-66-73",2,"No","No","No","No","No","No","Yes","No","No","No","No","No",,"Women","Subia","","&gt;70",28,4
"14-21-66-73",3,"No","No","No","No","No","Yes","Yes","No","No","No","No","No",,"Men","Subia","","In their 40s",25,0
"10-12-38-23",1,"No","No","No","No","No","No","Yes","No","No","No","No","No",,"Women","Subia","","In their 30s",20,20
"10-12-38-23",3,"No","No","No","No","No","No","Yes","No","No","No","No","No",,"Women","Mafwe","","&gt;70",29,24
"10-12-38-23",4,"No","No","No","No","No","No","Yes","No","No","No","No","No",,"Women","Mafwe","","&gt;70",10,8
"06-71-23-79",1,"No","No","No","No","No","No","Yes","No","No","No","No","No",,"Women","Lozi","","In their 40s",20,2
"06-71-23-79",2,"No","No","No","No","No","No","Yes","No","Yes","No","No","No",,"Women","Mafwe","","In their 40s",25,0
"06-71-23-79",3,"No","Yes","No","No","No","No","No","No","No","No","No","No",,"Women","Lozi","","In their 50s",5,0
"09-86-92-43",1,"No","No","Yes","No","Yes","No","No","No","No","Yes","No","No",,"Men","Other","mbalangwe","&gt;70",3,10
"65-52-71-81",1,"No","No","Yes","No","Yes","No","No","No","No","No","No","No",,"Women","Mafwe","","In their 50s",20,10
"65-52-71-81",2,"No","No","Yes","No","Yes","No","No","No","No","No","No","No",,"Women","Mafwe","","In their 60s",15,12
"88-09-14-40",1,"No","No","No","No","No","No","Yes","No","No","No","No","No",,"Women","Mafwe","","&gt;70",5,10
"88-09-14-40",2,"No","No","No","No","No","No","Yes","No","No","No","No","No",,"Women","Mafwe","","&gt;70",6,9
"51-32-55-02",1,"No","No","No","No","No","No","Yes","No","No","No","No","No",,"Men","Lozi","","In their 50s",28,3
"51-32-55-02",2,"No","No","No","No","No","No","Yes","No","No","No","No","No",,"Women","Lozi","","In their 40s",2,2
"51-32-55-02",3,"No","No","No","No","No","Yes","Yes","No","No","No","No","No",,"Men","Lozi","","In their 60s",4,2
"25-85-18-57",1,"No","No","No","No","Yes","No","Yes","No","No","No","No","No",,"Men","Mafwe","","In their 40s",10,5
"25-85-18-57",2,"No","No","No","No","Yes","No","No","No","No","No","No","No",,"Women","Mafwe","","In their 60s",8,3
"25-85-18-57",3,"No","No","No","No","Yes","Yes","No","No","No","No","No","No",,"Women","Mafwe","","In their 50s",7,2
"08-01-73-79",1,"No","No","Yes","No","No","No","No","No","No","No","No","No",,"Men","Mafwe","","In their 60s",0,0
"08-01-73-79",2,"No","No","No","Yes","No","No","No","No","No","No","No","No",,"Men","Mafwe","","In their 50s",2,0
"08-01-73-79",3,"No","No","No","No","No","No","No","No","No","Yes","No","No",,"Women","Mafwe","","In their 40s",6,0
"30-31-42-54",1,"No","No","No","No","No","No","Yes","No","No","No","No","No",,"Men","Lozi","","In their 60s",29,5
"30-31-42-54",2,"No","No","No","No","No","No","Yes","No","No","No","No","No",,"Women","Lozi","","In their 60s",13,3
"30-31-42-54",3,"No","No","No","No","No","No","Yes","No","No","No","No","No",,"Women","Lozi","","In their 50s",4,4
"59-41-41-82",1,"No","No","No","No","No","No","Yes","No","No","No","No","No",,"Women","Mafwe","","In their 40s",5,5
"59-41-41-82",2,"Yes","No","No","No","No","No","No","No","No","No","No","No",,"Men","Mafwe","","In their 40s",3,3
"59-41-41-82",3,"No","No","No","No","No","No","Yes","No","No","No","No","No",,"Men","Mafwe","","In their 40s",3,3
"86-80-66-75",1,"No","No","No","No","No","No","No","Yes","No","No","No","No",,"Men","Mafwe","","In their 60s",4,0
"86-80-66-75",2,"No","No","No","Yes","No","No","No","No","No","No","No","No",,"Men","Mafwe","","In their 60s",0,0
"86-80-66-75",3,"No","No","No","No","No","No","No","No","No","Yes","No","No",,"Women","Mafwe","","In their 40s",20,0
"36-82-19-46",1,"No","No","No","No","No","No","No","No","No","Yes","No","No",,"Women","Other","mbalangwe","In their 40s",15,15
"87-16-84-48",1,"No","No","No","No","No","No","No","No","No","Yes","No","No",,"Women","Other","mbalangwe","&gt;70",15,15
"87-16-84-48",2,"No","No","No","No","No","No","No","No","No","Yes","No","No",,"Men","Other","mbalangwe","&gt;70",15,15
"87-16-84-48",3,"No","No","No","No","No","No","No","No","No","Yes","No","No",,"Women","Other","mbalangwe","In their 30s",3,10
"85-15-56-74",1,"No","No","No","No","Yes","No","No","No","No","No","No","No",,"Men","Mafwe","","In their 60s",1,1
"85-15-56-74",2,"No","No","No","No","Yes","No","No","No","No","No","No","No",,"Men","Mafwe","","In their 60s",7,2
"85-15-56-74",3,"No","No","No","No","Yes","No","No","No","No","No","No","No",,"Men","Mafwe","","In their 30s",4,2
"99-52-45-97",1,"No","No","No","No","Yes","No","No","No","No","Yes","No","No",,"Men","Lozi","","In their 60s",1,4
"99-52-45-97",2,"No","No","No","No","Yes","No","No","No","No","No","No","No",,"Men","Lozi","","In their 40s",2,4
"99-52-45-97",3,"No","No","No","No","No","No","No","No","No","Yes","No","No",,"Women","Lozi","","In their 60s",0,4
"22-42-05-31",1,"No","No","No","No","Yes","No","No","No","No","No","No","No",,"Men","Lozi","","In their 60s",1,5
"17-88-76-49",1,"Yes","No","No","No","No","No","No","No","No","No","No","No",,"Men","Mafwe","","In their 50s",0,0
"95-93-26-61",1,"No","No","No","Yes","Yes","No","No","No","No","No","No","No",,"Men","Other","mbalangwe","In their 40s",15,15
"66-25-20-13",1,"No","No","No","No","No","No","No","No","No","Yes","No","No",,"Women","Subia","","In their 60s",5,7
"66-25-20-13",2,"No","No","No","No","No","No","No","No","No","Yes","No","No",,"Men","Subia","","&gt;70",4,2
"66-25-20-13",3,"No","No","No","No","No","No","Yes","No","No","No","No","No",,"Women","Subia","","In their 40s",7,9
"56-49-46-49",1,"No","No","No","No","No","No","No","No","No","Yes","No","No",,"Women","Subia","","In their 40s",1,20
"56-49-46-49",2,"No","No","No","No","No","No","No","No","Yes","No","No","No",,"Women","Lozi","","In their 40s",1,20
"56-49-46-49",3,"No","No","No","No","Yes","No","No","No","Yes","No","No","No",,"Women","Subia","","&gt;70",2,20
"00-63-35-41",1,"No","No","No","No","No","No","Yes","No","No","No","No","No",,"Men","Subia","","&gt;70",28,28
"00-63-35-41",2,"No","No","No","No","No","No","Yes","No","No","No","No","No",,"Men","Lozi","","In their 50s",25,25
"00-63-35-41",3,"No","No","No","No","No","No","Yes","No","No","No","No","No",,"Men","Subia","","In their 30s",20,20
"35-73-88-21",1,"No","No","No","No","No","No","Yes","No","No","No","No","No",,"Women","Lozi","","In their 60s",25,25
"35-73-88-21",2,"No","No","No","No","No","No","Yes","No","No","No","No","No",,"Women","Lozi","","In their 50s",26,26
"90-22-40-74",1,"No","No","No","No","No","No","Yes","No","No","No","No","No",,"Men","Subia","","In their 30s",2,2
"90-22-40-74",2,"No","No","No","No","No","No","Yes","No","No","No","No","No",,"Men","Subia","","In their 20s",3,3
"90-22-40-74",3,"No","No","No","No","No","No","Yes","No","No","No","No","No",,"Men","Subia","","In their 30s",2,2
"71-58-33-81",1,"No","No","No","No","No","No","Yes","No","No","No","No","No",,"Men","Subia","","In their 40s",2,0
"85-67-71-58",1,"No","No","No","Yes","No","No","No","No","No","No","No","No",,"Men","Subia","","In their 40s",10,5
"85-67-71-58",2,"No","No","No","Yes","No","No","No","No","No","No","No","No",,"Men","Other","Mbalangwe","In their 50s",3,3
"85-67-71-58",3,"No","No","No","No","No","No","No","No","No","Yes","No","No",,"Men","Other","Mbalangwe","In their 40s",5,10
"01-61-71-69",1,"No","No","No","No","Yes","No","No","No","No","No","No","No",,"Men","Lozi","","In their 60s",1,3
"01-61-71-69",2,"No","No","No","No","Yes","No","No","No","No","No","No","No",,"Women","Lozi","","In their 60s",2,3
"01-61-71-69",3,"No","No","Yes","No","No","No","No","No","No","No","No","No",,"Men","Lozi","","&gt;70",5,3
"75-50-19-75",1,"No","No","No","No","No","No","No","No","No","Yes","No","No",,"Women","Subia","","In their 50s",15,15
"75-50-19-75",2,"No","No","No","No","Yes","No","No","No","No","Yes","No","No",,"Women","Subia","","In their 40s",15,15
"75-50-19-75",3,"No","No","No","No","Yes","No","No","No","No","No","No","No",,"Men","Subia","","&gt;70",15,15
"89-26-96-48",1,"No","No","No","No","Yes","No","No","No","No","No","No","No",,"Women","Mafwe","","&gt;70",5,3
"89-26-96-48",2,"No","No","No","No","Yes","No","No","No","No","No","No","No",,"Men","Mafwe","","&gt;70",3,3
"89-26-96-48",3,"No","No","No","No","Yes","No","No","No","No","No","No","No",,"Men","Mafwe","","&gt;70",4,3
"73-20-13-57",1,"No","No","No","No","Yes","No","Yes","No","No","No","No","No",,"Men","Mafwe","","In their 60s",29,3
"55-53-09-17",1,"No","No","No","No","No","No","Yes","No","No","No","No","No",,"Women","Subia","","&gt;70",20,5
"55-53-09-17",2,"No","No","No","No","No","No","Yes","No","No","No","No","No",,"Women","Subia","","In their 30s",10,5
"55-53-09-17",3,"No","No","No","No","No","No","Yes","No","No","No","No","No",,"Women","Subia","","In their 30s",20,10
"16-20-70-88",1,"No","No","No","No","Yes","No","No","No","No","No","No","No",,"Men","Other","totela","In their 60s",2,0
"16-20-70-88",2,"No","No","No","Yes","No","No","No","No","No","No","No","No",,"Men","Other","totela","In their 30s",0,1
"16-20-70-88",3,"No","No","No","Yes","No","No","No","No","No","No","No","No",,"Women","Other","totela","In their 40s",0,6
"14-74-46-71",1,"No","No","No","No","No","Yes","No","No","No","No","No","No",,"Men","Subia","","In their 60s",1,1
"14-74-46-71",2,"No","No","No","No","Yes","No","No","No","No","No","No","No",,"Men","Subia","","In their 60s",1,1
"14-74-46-71",3,"No","No","Yes","No","No","No","No","No","No","No","No","No",,"Men","Subia","","In their 60s",1,1
"62-79-94-11",1,"No","No","No","No","No","No","No","No","No","Yes","No","No",,"Men","Subia","","In their 60s",1,1
"74-11-35-62",1,"No","No","No","No","No","No","Yes","No","No","No","No","No",,"Women","Subia","","In their 60s",29,15
"74-11-35-62",2,"No","No","No","No","Yes","Yes","No","No","No","No","No","No",,"Women","Subia","","In their 50s",15,8
"74-11-35-62",3,"No","No","No","No","Yes","Yes","No","No","No","No","No","No",,"Women","Subia","","In their 60s",14,14
"07-05-49-00",1,"Yes","No","No","No","No","No","No","No","No","No","No","No",,"Men","Subia","","In their 40s",6,2
"12-21-07-33",1,"No","No","No","Yes","No","No","No","No","No","No","No","No",,"Men","Other","English","In their 40s",10,1
"12-21-07-33",2,"No","No","No","Yes","No","No","No","No","No","No","No","No",,"Men","Subia","","In their 50s",1,1
"12-21-07-33",3,"Yes","No","No","No","No","No","No","No","No","No","No","No",,"Men","Subia","","In their 30s",3,2
"23-59-76-04",1,"No","No","No","No","Yes","No","No","No","No","No","No","No",,"Women","Subia","","In their 40s",15,10
"23-59-76-04",2,"No","No","No","No","Yes","No","No","No","No","No","No","No",,"Women","Subia","","In their 30s",15,15
"23-59-76-04",3,"No","No","No","No","Yes","No","No","No","No","No","No","No",,"Men","Subia","","In their 60s",15,15
"93-87-90-66",1,"No","No","No","Yes","No","No","No","No","No","No","No","No",,"Women","Other","Totela","In their 50s",3,1
"93-87-90-66",2,"Yes","No","No","No","No","No","No","No","No","No","No","No",,"Men","Lozi","","In their 40s",1,1
"93-87-90-66",3,"No","No","No","Yes","No","No","No","No","No","No","No","No",,"Women","Lozi","","In their 40s",2,2
"16-34-09-13",1,"No","No","No","No","Yes","No","Yes","No","No","No","No","No",,"Women","Mafwe","","In their 40s",3,1
"85-82-50-77",1,"No","No","No","No","Yes","No","No","No","No","No","No","No",,"Men","Subia","","In their 40s",20,1
"85-82-50-77",2,"No","No","No","No","Yes","No","No","No","No","No","No","No",,"Women","Subia","","In their 50s",4,2
"85-82-50-77",3,"No","No","No","No","Yes","No","No","No","No","No","No","No",,"Men","Lozi","","In their 50s",10,2
"89-27-41-66",1,"No","No","No","Yes","No","No","No","No","No","No","No","No",,"Women","Subia","","In their 30s",15,4
"89-27-41-66",2,"Yes","No","No","No","No","No","No","No","No","No","No","No",,"Men","Subia","","In their 50s",5,4
"89-27-41-66",3,"Yes","No","No","No","No","No","No","No","No","No","No","No",,"Women","Subia","","In their 40s",18,5
"22-81-16-32",1,"No","No","No","No","Yes","No","No","No","No","No","No","No",,"Men","Subia","","In their 50s",0,1
"22-81-16-32",2,"No","No","No","No","Yes","No","No","No","No","No","No","No",,"Men","Subia","","In their 60s",2,1
"22-81-16-32",3,"No","No","No","No","Yes","No","No","No","No","No","No","No",,"Men","Subia","","In their 60s",1,1
"54-44-06-88",1,"No","No","No","No","No","No","Yes","No","No","No","No","No",,"Women","Subia","","In their 50s",20,20
"54-44-06-88",2,"No","No","No","No","No","No","Yes","No","No","No","No","No",,"Men","Subia","","In their 60s",8,15
"47-49-80-52",1,"No","No","No","No","No","Yes","No","No","Yes","No","No","No",,"Women","Subia","","In their 30s",10,15
"93-73-35-44",1,"No","Yes","No","No","Yes","Yes","No","No","No","No","No","No",,"Women","Mafwe","","In their 40s",29,29
"93-73-35-44",2,"No","No","No","No","Yes","No","Yes","No","No","No","No","No",,"Women","Mafwe","","In their 40s",29,3
"93-73-35-44",3,"No","No","No","No","No","Yes","No","No","No","No","No","No",,"Women","Mafwe","","In their 40s",15,1
"08-77-46-38",1,"No","No","No","No","No","Yes","No","No","No","No","No","No",,"Women","Lozi","","In their 30s",0,30
"48-05-99-35",1,"No","No","No","No","No","No","Yes","No","No","No","No","No",,"Men","Subia","","In their 30s",15,3
"67-13-56-73",1,"No","No","No","No","No","No","Yes","No","No","No","No","No",,"Women","Subia","","In their 20s",20,6
"67-13-56-73",2,"No","No","No","No","No","No","Yes","No","No","No","No","No",,"Men","Subia","","In their 20s",12,2
"67-13-56-73",3,"No","No","No","No","No","No","Yes","No","No","No","No","No",,"Women","Subia","","In their 20s",10,6
"97-33-85-90",1,"No","No","No","No","No","No","Yes","No","No","No","No","No",,"Women","Subia","","In their 40s",20,20
"97-33-85-90",2,"No","No","No","No","No","No","Yes","No","No","No","No","No",,"Men","Subia","","&gt;70",15,15
"97-33-85-90",3,"No","No","No","No","No","No","Yes","No","No","No","No","No",,"Men","Subia","","In their 60s",13,11
"10-54-97-94",1,"Yes","No","No","No","No","No","No","No","No","No","No","No",,"Men","Other","Totela","In their 40s",3,1
"10-54-97-94",2,"No","No","No","Yes","No","No","No","No","No","No","No","No",,"Men","Other","mbalangwe","In their 40s",4,4
"10-54-97-94",3,"No","No","No","No","No","No","No","No","No","Yes","No","No",,"Men","Lozi","","In their 60s",29,15
"50-35-50-04",1,"No","No","No","No","Yes","No","No","No","Yes","No","No","No",,"Women","Subia","","In their 40s",2,2
"50-35-50-04",2,"No","No","No","No","No","No","No","No","Yes","No","No","No",,"Women","Subia","","In their 60s",10,4
"50-35-50-04",3,"No","No","No","No","Yes","No","No","No","Yes","No","No","No",,"Women","Subia","","In their 60s",1,1
"62-96-39-45",1,"No","No","No","No","No","No","No","No","No","Yes","No","No",,"Women","Subia","","In their 30s",15,10
"62-96-39-45",2,"No","No","No","No","Yes","No","No","No","No","No","No","No",,"Women","Subia","","&gt;70",29,30
"62-96-39-45",3,"No","No","No","No","No","No","No","No","No","Yes","No","No",,"Women","Subia","","In their 40s",29,30
"44-55-26-98",1,"No","No","Yes","No","No","No","No","No","No","No","No","No",,"Men","Subia","","In their 60s",8,0
"44-55-26-98",2,"No","No","Yes","No","No","No","No","No","No","No","No","No",,"Men","Subia","","In their 50s",0,0
"44-55-26-98",3,"No","No","No","Yes","No","No","No","No","No","No","No","No",,"Men","Subia","","In their 50s",0,2
"93-47-96-78",1,"No","No","No","No","No","No","Yes","No","No","No","No","No",,"Women","Subia","","In their 50s",25,25
"18-43-28-32",1,"No","No","No","No","Yes","No","No","No","No","No","No","No",,"Women","Mafwe","","In their 50s",2,2
"18-43-28-32",2,"No","No","No","No","No","No","Yes","No","No","No","No","No",,"Women","Mafwe","","In their 50s",2,2
"18-43-28-32",3,"No","No","No","No","Yes","No","Yes","No","No","No","No","No",,"Women","Mafwe","","In their 50s",4,4
"37-21-15-22",1,"Yes","No","No","No","No","No","No","No","No","No","No","No",,"Men","Subia","","In their 30s",12,1
"37-21-15-22",2,"No","No","No","No","No","No","No","No","Yes","No","No","No",,"Men","Lozi","","In their 60s",18,2
"37-21-15-22",3,"No","No","No","No","No","No","No","No","No","Yes","No","No",,"Women","Subia","","In their 40s",6,2
"87-15-89-67",1,"No","No","No","No","No","No","Yes","No","No","No","No","No",,"Men","Lozi","","In their 60s",15,0
"87-15-89-67",2,"No","No","No","No","No","No","No","No","Yes","No","No","No",,"Men","Lozi","","In their 50s",20,0
"87-15-89-67",3,"No","No","No","No","No","Yes","No","No","No","No","No","No",,"Women","Lozi","","In their 30s",28,0
"79-26-09-22",1,"No","No","Yes","No","No","No","No","No","No","No","No","No",,"Women","Lozi","","In their 50s",2,2
"79-26-09-22",2,"No","No","No","No","No","No","No","No","Yes","No","No","No",,"Women","Lozi","","In their 60s",4,1
"79-26-09-22",3,"Yes","No","No","No","No","No","No","No","No","No","No","No",,"Women","Subia","","In their 30s",2,3
"75-05-90-14",1,"No","No","No","No","Yes","No","No","No","No","No","No","No",,"Women","Lozi","","In their 40s",0,0
"24-85-21-24",1,"No","No","No","No","No","No","Yes","No","No","No","No","No",,"Women","Subia","","In their 30s",25,25
"24-85-21-24",2,"No","No","No","No","No","No","Yes","No","No","No","No","No",,"Men","Subia","","In their 40s",27,27
"91-48-78-65",1,"No","No","No","No","Yes","No","No","No","No","Yes","No","No",,"Women","Subia","","In their 50s",2,1
"32-52-77-66",1,"No","No","No","No","No","No","No","No","Yes","No","No","No",,"Women","Other","totela","In their 50s",25,20
"32-52-77-66",2,"No","No","No","No","Yes","No","No","No","No","No","No","No",,"Women","Lozi","","In their 60s",6,0
"32-52-77-66",3,"Yes","No","No","No","No","No","No","No","No","No","No","No",,"Men","Other","totela","In their 50s",0,0
"26-89-84-58",1,"No","No","No","No","No","No","No","Yes","No","No","No","No",,"Women","Subia","","&gt;70",5,3
"26-89-84-58",2,"No","No","No","No","No","No","Yes","No","No","No","No","No",,"Men","Lozi","","&gt;70",20,3
"26-89-84-58",3,"No","No","No","No","No","No","No","Yes","No","No","No","No",,"Women","Lozi","","In their 50s",7,3
"59-38-71-66",1,"No","Yes","No","No","No","No","No","No","No","No","No","No",,"Men","Lozi","","In their 60s",26,10
"59-38-71-66",2,"No","No","No","No","No","No","No","No","Yes","No","No","No",,"Women","Lozi","","In their 30s",26,26
"59-38-71-66",3,"No","No","No","Yes","No","No","No","No","No","No","No","No",,"Men","Lozi","","In their 40s",5,1
"02-07-52-84",1,"No","No","No","Yes","No","No","No","No","No","No","No","No",,"Men","Mafwe","","In their 30s",5,15
"02-07-52-84",2,"No","No","No","No","No","No","Yes","No","No","No","No","No",,"Others","Subia","","In their 60s",8,4
"02-07-52-84",3,"No","No","No","No","No","No","No","No","Yes","No","No","No",,"Men","Subia","","In their 20s",3,4
"77-80-39-86",1,"Yes","No","No","No","No","No","No","No","No","No","No","No",,"Men","Subia","","In their 40s",3,6
"77-80-39-86",2,"Yes","No","No","No","No","No","No","No","No","No","No","No",,"Men","Subia","","In their 40s",0,5
"77-80-39-86",3,"Yes","No","No","Yes","No","No","No","No","No","No","No","No",,"Men","Subia","","In their 40s",0,9
"72-51-39-42",1,"No","No","No","No","No","No","No","No","No","Yes","No","No",,"Men","Subia","","In their 60s",2,0
"72-51-39-42",2,"No","No","No","No","Yes","No","No","No","No","No","No","No",,"Men","Subia","","In their 40s",6,0
"72-51-39-42",3,"No","No","No","No","Yes","No","No","No","No","No","No","No",,"Men","Subia","","In their 50s",0,0
"87-64-80-93",1,"No","No","No","No","No","No","Yes","No","No","No","No","No",,"Women","Mafwe","","In their 20s",20,20
"87-64-80-93",2,"No","No","No","No","No","No","Yes","No","No","No","No","No",,"Women","Mafwe","","In their 50s",13,13
"36-99-07-56",1,"No","No","No","No","No","No","No","No","No","Yes","No","No",,"Women","Lozi","","&gt;70",0,6
"36-99-07-56",2,"No","Yes","No","No","No","No","No","No","No","No","No","No",,"Women","Subia","","In their 50s",0,6
"75-89-92-79",1,"No","No","No","Yes","No","No","No","No","No","No","No","No",,"Women","Subia","","In their 50s",29,6
"75-89-92-79",2,"No","No","No","Yes","No","No","No","No","No","No","No","No",,"Men","Subia","","In their 50s",0,0
"75-89-92-79",3,"No","No","No","No","Yes","No","No","No","No","No","No","No",,"Men","Subia","","In their 40s",0,0
"44-34-32-32",1,"No","No","No","No","Yes","No","No","No","No","No","No","No",,"Women","Other","mbalangwe","&gt;70",15,30
"44-34-32-32",2,"No","No","No","No","Yes","No","No","No","No","No","No","No",,"Women","Other","mbalangwe","In their 50s",5,30
"44-34-32-32",3,"No","No","No","No","Yes","No","No","No","No","No","No","No",,"Women","Other","mbalangwe","In their 40s",5,30
"53-52-93-15",1,"No","Yes","No","No","No","No","No","No","No","No","No","No",,"Men","Lozi","","In their 30s",3,2
"53-52-93-15",2,"No","No","No","No","No","Yes","No","No","No","No","No","No",,"Men","Lozi","","In their 30s",4,4
"53-52-93-15",3,"No","No","No","No","No","No","Yes","No","No","No","No","No",,"Men","Subia","","In their 30s",28,3
"58-35-74-86",1,"No","No","No","No","No","No","Yes","No","No","No","No","No",,"Women","Lozi","","In their 50s",2,4
"23-82-30-50",1,"No","No","No","No","Yes","No","No","No","No","No","No","No",,"Women","Lozi","","In their 50s",0,10
"23-82-30-50",2,"No","No","No","No","Yes","No","No","No","No","No","No","No",,"Men","Lozi","","In their 50s",0,10
"23-82-30-50",3,"Yes","No","No","No","No","No","No","No","No","No","No","No",,"Men","Lozi","","In their 40s",0,10
"76-76-95-07",1,"No","No","No","No","Yes","No","No","No","No","No","No","No",,"Women","Subia","","In their 60s",29,6
"76-76-95-07",2,"No","No","No","No","No","No","No","No","No","Yes","No","No",,"Women","Subia","","In their 60s",15,0
"76-76-95-07",3,"No","No","No","Yes","No","No","No","No","No","No","No","No",,"Women","Subia","","In their 50s",8,6
"69-18-54-45",1,"No","No","No","No","No","No","No","No","No","No","No","Yes",,"Others","Mafwe","","&gt;70",0,0
"69-18-54-45",2,"No","No","No","No","No","No","No","No","No","No","No","Yes",,"Men","Mafwe","","&gt;70",0,0
"69-18-54-45",3,"No","No","No","No","No","No","No","No","No","No","No","Yes",,"Men","Lozi","","&gt;70",0,0
"99-14-10-16",1,"No","Yes","No","No","No","No","No","No","No","No","No","No",,"Women","Subia","","In their 50s",1,1
"55-02-31-58",1,"No","No","No","No","No","No","No","No","Yes","No","No","No",,"Women","Lozi","","In their 60s",20,20
"55-02-31-58",2,"No","No","No","No","No","No","Yes","No","No","No","No","No",,"Women","Lozi","","In their 40s",1,0
"55-02-31-58",3,"No","No","No","No","No","No","Yes","No","No","No","No","No",,"Men","Lozi","","In their 60s",3,0
"55-65-32-92",1,"No","No","No","No","Yes","No","Yes","No","No","Yes","No","No",,"Women","Other","mbalangwe","&gt;70",15,5
"66-00-67-40",1,"No","No","No","No","No","No","Yes","No","No","No","No","No",,"Men","Other","Mbukushu","In their 40s",14,12
"66-00-67-40",2,"No","No","No","No","No","No","Yes","No","No","No","No","No",,"Women","Mafwe","","In their 40s",15,15
"66-00-67-40",3,"No","No","No","No","No","No","No","No","Yes","No","No","No",,"Men","Mafwe","","In their 40s",10,10
"41-51-06-54",1,"No","No","No","No","No","No","Yes","No","No","No","No","No",,"Men","Mafwe","","In their 60s",0,0
"41-51-06-54",2,"No","No","No","No","Yes","No","No","No","No","No","No","No",,"Men","Mafwe","","In their 50s",25,29
"41-51-06-54",3,"No","No","No","No","Yes","No","No","No","No","No","No","No",,"Men","Mafwe","","In their 40s",26,24
"07-18-54-62",1,"No","No","No","No","No","Yes","Yes","No","No","No","No","No",,"Men","Subia","","In their 40s",25,7
"07-18-54-62",2,"No","No","No","No","No","No","Yes","No","No","No","No","No",,"Women","Subia","","In their 50s",5,3
"07-18-54-62",3,"No","No","No","No","No","No","Yes","No","No","No","No","No",,"Men","Subia","","In their 20s",28,20
"73-70-79-76",1,"No","No","No","No","No","No","Yes","No","No","No","No","No",,"Men","Subia","","In their 50s",2,0
"73-70-79-76",2,"No","No","No","No","Yes","No","No","No","No","Yes","No","No",,"Men","Other","Nigerian","In their 50s",25,8
"40-83-72-17",1,"No","No","No","No","No","No","No","No","No","Yes","No","No",,"Men","Lozi","","In their 40s",6,30
"40-83-72-17",2,"Yes","No","No","No","No","No","No","No","No","No","No","No",,"Men","Lozi","","In their 50s",10,30
"40-83-72-17",3,"No","No","No","No","Yes","No","No","No","No","No","No","No",,"Men","Lozi","","In their 60s",6,30
"23-74-18-51",1,"No","No","No","No","Yes","No","No","No","No","No","No","No",,"Men","Subia","","&gt;70",4,5
"23-74-18-51",2,"No","No","No","No","Yes","No","No","No","No","No","No","No",,"Men","Subia","","&gt;70",9,5
"23-74-18-51",3,"No","No","No","No","Yes","No","No","No","No","No","No","No",,"Men","Subia","","&gt;70",3,5
"18-88-43-52",1,"No","No","No","Yes","No","No","No","No","No","No","No","No",,"Women","Subia","","In their 50s",3,2
"18-88-43-52",2,"No","No","No","No","No","No","No","No","No","Yes","No","No",,"Men","Subia","","In their 60s",5,2
"18-88-43-52",3,"Yes","No","No","No","No","No","No","No","No","No","No","No",,"Men","Subia","","In their 40s",2,1
"72-37-85-07",1,"No","No","No","No","No","No","No","No","Yes","No","No","No",,"Women","Lozi","","In their 50s",25,25
"72-37-85-07",2,"No","No","No","No","No","No","Yes","No","No","No","No","No",,"Women","Subia","","In their 50s",25,25
"84-90-52-18",1,"Yes","No","No","No","No","No","No","No","No","No","No","No",,"Women","Subia","","In their 40s",27,6
"84-90-52-18",2,"Yes","No","No","No","No","No","No","No","No","No","No","No",,"Women","Subia","","In their 40s",7,7
"84-90-52-18",3,"Yes","No","No","No","No","No","No","No","No","No","No","No",,"Men","Subia","","In their 40s",15,20
"94-23-16-05",1,"No","No","No","No","No","No","No","No","Yes","No","No","No",,"Women","Subia","","In their 50s",28,3
"94-23-16-05",2,"No","No","No","No","No","Yes","No","No","No","No","No","No",,"Women","Subia","","In their 30s",10,2
"94-23-16-05",3,"No","Yes","No","No","No","No","No","No","No","No","No","No",,"Women","Subia","","In their 40s",4,0
"52-32-19-59",1,"No","No","No","Yes","Yes","No","No","No","No","No","No","No",,"Men","Mafwe","","In their 40s",0,0
"52-32-19-59",2,"No","No","No","Yes","Yes","No","No","No","No","No","No","No",,"Men","Mafwe","","&gt;70",2,2
"99-83-95-63",1,"No","No","No","No","Yes","No","No","No","No","No","No","No",,"Men","Mafwe","","In their 60s",5,2
"99-83-95-63",2,"No","No","No","No","Yes","No","No","No","No","No","No","No",,"Men","Mafwe","","In their 60s",6,3
"99-83-95-63",3,"No","No","No","No","Yes","No","No","No","No","No","No","No",,"Men","Mafwe","","In their 50s",2,3
"46-29-66-50",1,"No","No","No","Yes","No","No","No","No","No","No","No","No",,"Women","Subia","","In their 20s",4,4
"46-29-66-50",2,"No","No","No","No","No","No","No","No","No","Yes","No","No",,"Men","Subia","","&gt;70",2,2
"46-29-66-50",3,"No","No","No","Yes","No","No","No","No","No","No","No","No",,"Men","Other","Mbalangwe","In their 30s",4,4
"82-09-67-93",1,"Yes","No","No","No","No","No","No","No","No","No","No","No",,"Men","Mafwe","","In their 50s",2,1
"53-00-44-01",1,"No","No","Yes","No","Yes","No","No","No","No","No","No","No",,"Men","Subia","","&gt;70",5,2
"53-00-44-01",2,"No","No","Yes","No","Yes","No","No","No","No","No","No","No",,"Men","Subia","","&gt;70",4,2
"53-00-44-01",3,"No","No","No","No","Yes","No","No","No","No","No","No","No",,"Men","Subia","","&gt;70",5,2
"78-72-01-35",1,"No","No","No","No","No","No","Yes","No","No","No","No","No",,"Women","Subia","","In their 60s",29,3
"78-72-01-35",2,"No","No","No","No","No","No","Yes","No","No","No","No","No",,"Women","Subia","","In their 40s",1,1
"78-72-01-35",3,"No","No","No","No","No","No","Yes","No","No","No","No","No",,"Women","Subia","","In their 60s",1,1
"04-97-48-20",1,"No","No","No","No","No","No","Yes","No","No","No","No","No",,"Women","Other","yeyi","In their 40s",28,28
"04-97-48-20",2,"No","No","No","No","No","No","Yes","No","No","No","No","No",,"Women","Other","yeyi","In their 20s",24,20
"99-10-52-87",1,"No","No","No","No","Yes","No","No","No","No","No","No","No",,"Men","Subia","","In their 50s",0,0
"92-62-56-72",1,"No","No","No","No","No","No","Yes","No","No","No","No","No",,"Men","Mafwe","","&gt;70",10,4
"92-62-56-72",2,"No","No","No","No","Yes","No","No","No","No","No","No","No",,"Men","Mafwe","","In their 60s",5,4
"92-62-56-72",3,"No","No","No","No","Yes","No","No","No","No","No","No","No",,"Women","Mafwe","","In their 60s",10,4
"39-32-10-47",1,"No","No","No","No","No","No","Yes","No","No","No","No","No",,"Women","Other","yeyi","In their 30s",27,20
"39-32-10-47",2,"No","No","No","No","No","No","Yes","No","No","No","No","No",,"Women","Other","yeyi","In their 60s",24,20
"25-20-66-75",1,"No","Yes","No","No","No","No","No","No","No","No","No","No",,"Men","Mafwe","","&gt;70",26,10
"25-20-66-75",2,"No","No","No","No","Yes","No","No","No","No","No","No","No",,"Men","Mafwe","","In their 40s",28,17
"25-20-66-75",3,"No","No","No","No","No","Yes","No","No","No","No","No","No",,"Men","Mafwe","","In their 50s",28,8
"98-95-69-84",1,"No","No","No","No","No","No","No","No","No","No","Yes","No",,"Women","Subia","","In their 40s",1,1
"98-95-69-84",2,"No","No","No","No","No","No","Yes","No","No","No","No","No",,"Women","Subia","","&gt;70",5,5
"98-95-69-84",3,"No","No","No","No","No","No","No","No","No","No","Yes","No",,"Women","Subia","","In their 40s",4,3
"18-35-44-26",1,"No","No","No","No","Yes","No","No","No","No","No","No","No",,"Men","Subia","","&gt;70",2,2
"59-94-58-22",1,"No","No","No","No","No","No","No","No","No","Yes","No","No",,"Women","Mafwe","","&gt;70",0,0
"40-32-33-96",1,"No","No","No","No","No","No","No","No","No","Yes","No","No",,"Men","Subia","","&gt;70",15,0
"40-32-33-96",2,"No","No","No","No","No","No","No","No","No","Yes","No","No",,"Women","Subia","","In their 40s",0,0
"40-32-33-96",3,"No","No","No","No","Yes","No","No","No","No","No","No","No",,"Women","Subia","","&gt;70",0,0
"18-30-46-42",1,"No","No","No","No","No","No","No","No","No","No","No","Yes",,"Men","Lozi","","In their 20s",0,0
"18-30-46-42",2,"No","No","No","No","No","No","No","No","No","No","No","Yes",,"Men","Lozi","","In their 20s",0,0
"18-30-46-42",3,"No","No","No","No","No","No","No","No","No","No","No","Yes",,"Men","Lozi","","In their 20s",0,0
"42-15-88-64",1,"No","No","No","No","No","No","Yes","No","No","No","No","No",,"Women","Subia","","In their 30s",20,7
"42-15-88-64",2,"No","No","No","No","No","No","Yes","No","No","No","No","No",,"Women","Subia","","In their 20s",20,5
"42-15-88-64",3,"No","No","No","No","No","No","Yes","No","No","No","No","No",,"Men","Subia","","In their 30s",20,5
"19-83-07-46",1,"No","No","No","No","No","No","Yes","No","No","No","No","No",,"Men","Other","Shiyeyi","In their 50s",23,1
"19-83-07-46",2,"No","No","No","No","No","No","Yes","No","No","No","No","No",,"Men","Other","Shiyeyi","In their 40s",12,3
"19-83-07-46",3,"No","No","No","No","No","Yes","No","No","No","No","No","No",,"Men","Other","Shiyeyi","In their 40s",5,1
"16-76-24-92",1,"No","No","No","No","No","Yes","No","No","No","No","No","No",,"Women","Mafwe","","In their 30s",10,6
"16-76-24-92",2,"No","No","No","Yes","No","No","No","No","No","No","No","No",,"Women","Mafwe","","In their 30s",3,0
"16-76-24-92",3,"Yes","No","No","No","No","No","No","No","No","No","No","No",,"Men","Mafwe","","In their 40s",2,2
"16-98-25-56",1,"No","Yes","No","No","No","No","No","No","No","No","No","No",,"Women","Other","yeyi","In their 60s",0,30
"16-98-25-56",2,"No","No","No","No","No","No","Yes","No","No","No","No","No",,"Women","Other","yeyi","In their 50s",0,30
"16-98-25-56",3,"No","No","No","No","No","No","No","No","No","Yes","No","No",,"Women","Other","Yeyi","In their 30s",9,30
"08-81-97-68",1,"No","No","No","No","No","No","Yes","No","No","No","No","No",,"Women","Subia","","In their 20s",10,2
"08-81-97-68",2,"No","No","No","No","No","No","Yes","No","No","No","No","No",,"Women","Subia","","In their 20s",5,2
"08-81-97-68",3,"No","No","No","No","No","No","Yes","No","No","No","No","No",,"Women","Subia","","In their 20s",2,5
"90-75-59-18",1,"No","Yes","No","No","No","No","No","No","No","No","No","No",,"Women","Lozi","","In their 40s",20,6
"90-75-59-18",2,"No","No","No","No","No","No","No","No","Yes","No","No","No",,"Women","Mafwe","","In their 30s",29,3
"01-70-02-35",1,"No","No","No","No","No","No","No","No","No","Yes","No","No",,"Women","Subia","","In their 60s",29,29
"01-70-02-35",2,"No","No","No","No","No","No","Yes","No","No","No","No","No",,"Men","Subia","","In their 50s",29,29
"01-70-02-35",3,"Yes","No","No","No","No","No","No","No","No","No","No","No",,"Women","Subia","","In their 30s",10,10
"23-94-09-23",1,"No","No","No","No","No","No","No","No","No","Yes","No","No",,"Women","Subia","","In their 60s",3,4
"23-94-09-23",2,"No","No","No","Yes","No","No","No","No","No","No","No","No",,"Women","Subia","","In their 40s",2,4
"23-94-09-23",3,"No","No","No","No","No","No","Yes","No","No","No","No","No",,"Men","Subia","","In their 30s",29,15
"08-72-61-50",1,"No","No","No","No","Yes","No","No","No","No","No","No","No",,"Men","Subia","","In their 60s",25,3
"08-72-61-50",2,"No","No","No","No","Yes","No","No","No","No","No","No","No",,"Women","Subia","","In their 60s",15,7
"08-72-61-50",3,"No","No","No","No","Yes","No","No","No","No","No","No","No",,"Men","Subia","","In their 60s",4,2
"83-59-21-47",1,"No","No","No","No","Yes","No","No","No","No","No","No","No",,"Men","Other","yeyi","In their 50s",0,0
"83-59-21-47",2,"No","No","No","No","No","No","No","No","No","Yes","No","No",,"Men","Other","yeyi","In their 50s",25,2
"83-59-21-47",3,"No","No","No","No","Yes","No","No","No","No","No","No","No",,"Men","Other","yeyi","In their 60s",20,0
"78-07-95-11",1,"No","No","No","No","No","No","No","No","Yes","No","No","No",,"Women","Other","mbukushu","In their 60s",8,10
"78-07-95-11",2,"No","No","No","No","No","No","No","No","Yes","No","No","No",,"Women","Other","mbukushu","In their 60s",15,14
"70-58-67-82",1,"Yes","No","No","No","No","No","No","No","No","No","No","No",,"Men","Subia","","In their 40s",1,1
"70-58-67-82",2,"Yes","No","No","No","No","No","No","No","No","No","No","No",,"Men","Subia","","In their 60s",7,7
"70-58-67-82",3,"Yes","No","No","No","No","No","No","No","No","No","No","No",,"Men","Subia","","In their 60s",4,4
"47-04-86-67",1,"No","No","No","No","Yes","No","No","No","No","No","No","No",,"Men","Mafwe","","&gt;70",2,1
"47-04-86-67",2,"No","No","No","No","No","No","No","No","No","Yes","No","No",,"Women","Mafwe","","In their 30s",20,0
"47-04-86-67",3,"No","No","No","No","Yes","No","No","No","No","No","No","No",,"Women","Mafwe","","In their 50s",15,0
"92-02-45-21",1,"Yes","No","No","No","No","No","No","No","No","No","No","No",,"Men","Subia","","In their 40s",2,1
"92-02-45-21",2,"No","No","No","Yes","No","No","No","No","No","No","No","No",,"Men","Mafwe","","In their 50s",5,2
"92-02-45-21",3,"No","No","No","Yes","No","No","No","No","No","No","No","No",,"Women","Subia","","In their 30s",2,2
"88-75-68-17",1,"Yes","No","No","No","Yes","No","No","No","No","No","No","No",,"Women","Subia","","In their 50s",3,5
"88-75-68-17",2,"No","No","No","No","Yes","No","No","No","No","No","No","No",,"Women","Subia","","In their 60s",5,4
"24-82-46-82",1,"No","No","Yes","No","No","Yes","No","No","No","No","No","No",,"Men","Subia","","In their 50s",0,0
"21-42-97-88",1,"No","No","Yes","No","Yes","No","Yes","No","No","No","No","No",,"Men","Other","Yeyi","In their 60s",5,2
"21-42-97-88",2,"No","No","No","No","Yes","Yes","No","No","No","No","No","No",,"Women","Other","Yeyi","In their 60s",3,3
"21-42-97-88",3,"No","No","No","No","Yes","No","Yes","No","No","No","No","No",,"Women","Other","Yeyi","In their 50s",1,1
"87-09-20-52",1,"No","No","No","No","Yes","No","No","No","No","No","No","No",,"Men","Subia","","&gt;70",20,5
"87-09-20-52",2,"No","No","No","Yes","No","No","No","No","No","No","No","No",,"Men","Subia","","In their 60s",2,5
"87-09-20-52",3,"No","No","No","Yes","No","No","No","No","No","No","No","No",,"Men","Subia","","In their 50s",3,5
"68-10-75-89",1,"No","No","No","No","Yes","No","No","No","No","No","No","No",,"Men","Other","yeyi","In their 40s",20,2
"68-10-75-89",2,"No","No","No","No","Yes","No","No","No","No","Yes","No","No",,"Men","Other","yeyi","In their 60s",8,2
"68-10-75-89",3,"No","No","No","No","No","No","No","No","No","Yes","No","No",,"Men","Other","yeyi","In their 50s",11,0
"43-52-85-97",1,"No","No","No","No","Yes","No","No","No","No","No","No","No",,"Women","Other","Mbalangwe","In their 40s",0,6
"43-52-85-97",2,"Yes","No","No","No","No","No","No","No","No","No","No","No",,"Women","Mafwe","","In their 40s",0,6
"43-52-85-97",3,"No","No","No","No","No","Yes","No","No","No","No","No","No",,"Women","Mafwe","","In their 40s",0,6
"00-31-45-58",1,"No","No","No","No","No","No","Yes","No","No","No","No","No",,"Women","Other","yeyi","In their 30s",29,20
"00-31-45-58",2,"Yes","No","No","No","No","No","No","No","No","No","No","No",,"Women","Other","yeyi","In their 30s",15,15
"00-31-45-58",3,"No","No","No","No","No","No","Yes","No","No","No","No","No",,"Women","Other","yeyi","In their 30s",29,20
"89-47-55-13",1,"No","No","No","No","Yes","No","No","No","No","No","No","No",,"Women","Other","yeyi","In their 40s",3,5
"89-47-55-13",2,"No","No","No","No","No","No","Yes","No","No","No","No","No",,"Men","Other","yeyi","In their 60s",3,5
"89-47-55-13",3,"No","No","No","No","Yes","No","No","No","No","No","No","No",,"Women","Other","yeyi","In their 40s",5,5
"86-75-09-05",1,"No","No","No","No","No","No","No","No","No","Yes","No","No",,"Women","Subia","","In their 40s",5,6
"86-75-09-05",2,"No","No","No","No","No","No","No","No","No","Yes","No","No",,"Women","Subia","","In their 30s",3,6
"86-75-09-05",3,"No","No","No","No","No","No","Yes","No","No","No","No","No",,"Men","Subia","","In their 30s",2,30
"70-15-38-18",1,"No","No","No","No","Yes","No","No","No","No","No","No","No",,"Women","Other","Yeyi","&gt;70",0,30
"70-15-38-18",2,"No","No","Yes","No","No","No","No","No","No","No","No","No",,"Men","Other","Yeyi","&gt;70",0,30
"70-15-38-18",3,"No","No","No","No","Yes","No","No","No","No","No","No","No",,"Men","Other","Yeyi","&gt;70",0,30
"13-43-56-11",1,"No","No","No","No","No","No","Yes","No","No","No","No","No",,"Women","Subia","","In their 60s",29,29
"13-43-56-11",2,"No","No","No","No","No","Yes","No","No","No","No","No","No",,"Women","Subia","","In their 30s",22,22
"13-43-56-11",3,"No","No","No","No","No","Yes","No","No","No","No","No","No",,"Women","Subia","","In their 30s",15,15
"41-78-59-34",1,"No","No","No","No","No","No","No","No","No","Yes","No","No",,"Men","Other","yeyi","In their 60s",29,0
"41-78-59-34",2,"No","No","No","No","No","No","No","No","No","Yes","No","No",,"Men","Other","yeyi","In their 40s",0,0
"41-78-59-34",3,"No","No","No","No","No","No","Yes","No","No","Yes","No","No",,"Men","Other","yeyi","In their 40s",0,0
"76-42-64-83",1,"No","No","No","No","Yes","No","No","No","No","No","No","No",,"Men","Other","yeyi","In their 50s",0,0
"76-42-64-83",2,"No","No","No","No","Yes","No","No","No","No","No","No","No",,"Men","Other","yeyi","In their 60s",4,0
"76-42-64-83",3,"No","No","No","No","No","No","No","No","No","Yes","No","No",,"Men","Other","yeyi","In their 40s",12,0
"60-08-55-10",1,"No","Yes","No","No","No","No","No","No","No","No","No","No",,"Women","Subia","","In their 40s",2,2
"09-76-96-87",1,"No","No","No","No","No","No","Yes","No","No","No","No","No",,"Men","Other","yeyi","In their 40s",2,0
"09-76-96-87",2,"No","No","No","No","Yes","No","No","No","No","No","No","No",,"Men","Other","yeyi","In their 40s",0,0
"09-76-96-87",3,"No","No","No","No","Yes","No","No","No","No","Yes","No","No",,"Men","Other","yeyi","In their 60s",28,16
"24-13-90-91",1,"No","No","No","No","No","No","No","No","No","Yes","No","No",,"Women","Subia","","In their 50s",4,30
"24-13-90-91",2,"No","No","No","No","No","No","No","No","Yes","No","No","No",,"Men","Subia","","In their 50s",25,5
"24-13-90-91",3,"No","No","No","Yes","No","No","No","No","No","No","No","No",,"Women","Subia","","In their 40s",4,5
"79-64-90-22",1,"No","No","No","No","No","No","No","No","No","Yes","No","No",,"Men","Subia","","In their 60s",1,1
"79-64-90-22",2,"No","No","No","No","No","No","Yes","No","No","No","No","No",,"Women","Subia","","In their 60s",5,2
"79-64-90-22",3,"No","No","No","No","No","No","Yes","No","No","No","No","No",,"Men","Subia","","In their 60s",5,4
"88-15-47-53",1,"No","No","No","No","No","No","No","No","No","No","Yes","No",,"Women","Subia","","In their 50s",7,7
"88-15-47-53",2,"No","No","No","No","No","No","Yes","No","No","No","No","No",,"Women","Subia","","In their 40s",5,5
"88-15-47-53",3,"No","No","No","No","No","No","Yes","No","No","No","No","No",,"Women","Subia","","&gt;70",4,4
"74-17-56-50",1,"No","No","No","No","No","No","Yes","No","No","No","No","No",,"Women","Mafwe","","&gt;70",2,2
"74-17-56-50",2,"No","No","No","No","No","No","Yes","No","No","No","No","No",,"Men","Mafwe","","&gt;70",20,20
"74-17-56-50",3,"No","No","No","No","No","No","No","No","Yes","No","No","No",,"Men","Mafwe","","In their 40s",4,4
"65-73-74-13",1,"No","No","No","No","No","No","Yes","No","No","No","No","No",,"Men","Other","yeyi","In their 40s",5,5
"65-73-74-13",2,"No","No","No","No","No","No","No","Yes","No","No","No","No",,"Men","Other","yeyi","In their 40s",3,5
"65-73-74-13",3,"Yes","No","No","No","No","No","No","No","No","No","No","No",,"Men","Other","yeyi","In their 40s",4,5
"78-26-64-75",1,"No","No","No","No","Yes","No","No","No","No","No","No","No",,"Men","Subia","","In their 60s",0,0
"57-56-64-78",1,"No","No","No","No","No","Yes","No","No","No","No","No","No",,"Women","Mafwe","","In their 50s",21,2
"79-27-11-92",1,"No","No","No","No","No","No","Yes","No","No","No","No","No",,"Men","Subia","","In their 50s",6,1
"01-06-16-47",1,"No","No","No","No","No","No","Yes","No","No","No","No","No",,"Women","Mafwe","","In their 60s",1,0
"80-39-36-38",1,"No","No","No","No","No","No","No","No","No","Yes","No","No",,"Women","Mafwe","","In their 30s",29,1
"80-39-36-38",2,"No","No","No","Yes","No","No","No","No","No","No","No","No",,"Women","Mafwe","","In their 30s",29,20
"80-39-36-38",3,"No","No","No","Yes","No","No","No","No","No","No","No","No",,"Women","Mafwe","","In their 30s",5,2
"96-17-52-94",1,"No","No","No","No","Yes","No","No","No","No","No","No","No",,"Men","Subia","","&gt;70",4,2
"96-17-52-94",2,"No","No","No","No","No","No","Yes","No","No","No","No","No",,"Women","Subia","","In their 50s",8,2
"67-51-54-29",1,"No","No","No","No","Yes","No","No","No","No","No","No","No",,"Men","Mafwe","","In their 60s",28,1
"67-51-54-29",2,"No","No","No","No","No","No","No","No","No","Yes","No","No",,"Men","Mafwe","","&gt;70",0,0
"67-51-54-29",3,"No","No","No","No","Yes","No","No","No","No","No","No","No",,"Women","Mafwe","","&gt;70",0,0
"94-25-30-28",1,"No","No","No","No","No","No","Yes","No","No","No","No","No",,"Women","Other","yeyi","In their 50s",20,20
"94-25-30-28",2,"No","No","No","No","No","No","Yes","No","No","No","No","No",,"Women","Other","yeyi","&gt;70",15,15
"99-05-99-45",1,"No","No","No","No","No","No","No","No","No","Yes","No","No",,"Men","Mafwe","","In their 40s",1,4
"99-05-99-45",2,"Yes","No","No","No","No","No","No","No","No","No","No","No",,"Men","Mafwe","","In their 50s",0,4
"55-49-77-29",1,"No","Yes","No","No","No","No","Yes","No","No","No","No","No",,"Women","Mafwe","","In their 60s",4,4
"55-49-77-29",2,"No","No","No","No","Yes","No","Yes","No","No","No","No","No",,"Men","Mafwe","","In their 60s",3,1
"55-49-77-29",3,"No","No","No","Yes","No","No","No","No","No","No","No","No",,"Men","Mafwe","","In their 40s",25,20
"59-94-70-54",1,"Yes","No","No","No","No","No","No","No","No","No","No","No",,"Women","Subia","","In their 50s",5,2
"91-78-23-71",1,"No","No","No","No","No","No","No","No","No","Yes","No","No",,"Women","Mafwe","","In their 30s",1,1
"79-02-43-99",1,"No","No","No","No","No","No","Yes","No","No","No","No","No",,"Women","Subia","","In their 40s",25,25
"79-02-43-99",2,"No","No","No","No","No","No","Yes","No","No","No","No","No",,"Men","Lozi","","In their 30s",20,20
"05-99-22-70",1,"Yes","No","No","No","No","No","No","No","No","No","No","No",,"Men","Other","mbukushu","In their 50s",7,20
"05-99-22-70",2,"No","No","No","No","Yes","No","No","No","No","No","No","No",,"Men","Other","mbukushu","In their 30s",20,1
"05-99-22-70",3,"No","No","No","No","No","No","No","Yes","No","No","No","No",,"Men","Other","mbukushu","In their 50s",7,7
"19-70-78-40",1,"No","No","No","No","No","No","Yes","No","No","No","No","No",,"Women","Other","mbukushu","In their 60s",20,20
"19-70-78-40",2,"No","No","No","No","No","No","Yes","No","No","No","No","No",,"Women","Other","mbukushu","In their 30s",26,26
"24-76-11-61",1,"No","No","No","No","No","No","No","No","Yes","No","No","No",,"Women","Subia","","In their 30s",10,10
"24-76-11-61",2,"No","No","No","No","No","No","No","No","Yes","No","No","No",,"Women","Subia","","In their 50s",5,5
"24-76-11-61",3,"No","No","No","No","No","Yes","No","No","No","No","No","No",,"Men","Subia","","In their 50s",20,20
"01-56-68-49",1,"No","No","No","Yes","No","No","No","No","No","No","No","No",,"Men","Mafwe","","In their 40s",29,29
"01-56-68-49",2,"No","No","No","No","No","No","No","No","No","Yes","No","No",,"Women","Mafwe","","In their 40s",4,4
"01-56-68-49",3,"No","No","No","No","No","Yes","No","No","No","No","No","No",,"Women","Mafwe","","In their 30s",20,4
"48-81-58-75",1,"No","Yes","No","No","No","No","No","No","No","No","No","No",,"Women","Other","Yeyi","In their 60s",0,30
"48-81-58-75",2,"No","No","No","No","No","No","No","Yes","No","No","No","No",,"Women","Other","Yeyi","In their 30s",0,30
"48-81-58-75",3,"No","No","No","No","No","No","No","No","No","Yes","No","No",,"Women","Other","Yeyi","In their 40s",0,30
"88-17-46-63",1,"No","No","No","No","No","Yes","No","No","No","No","No","No",,"Men","Lozi","","In their 30s",12,2
"64-24-89-62",1,"No","No","No","No","Yes","No","No","No","No","No","No","No",,"Women","Subia","","In their 60s",4,2
"64-24-89-62",2,"No","No","No","No","Yes","No","No","No","No","No","No","No",,"Women","Subia","","In their 50s",4,2
"64-24-89-62",3,"No","No","No","No","Yes","No","No","No","No","No","No","No",,"Women","Subia","","In their 60s",4,2
"79-97-16-20",1,"No","No","No","No","No","No","No","No","No","No","No","Yes",,"Men","Lozi","","In their 20s",0,0
"79-97-16-20",2,"No","No","No","No","No","No","No","No","No","No","No","Yes",,"Men","Lozi","","In their 20s",0,0
"79-97-16-20",3,"No","No","No","No","No","No","No","No","No","No","No","Yes",,"Men","Lozi","","In their 20s",0,0
"22-78-59-76",1,"Yes","No","No","No","No","No","No","No","No","No","No","No",,"Men","Other","yeyi","In their 50s",2,5
"22-78-59-76",2,"No","No","No","No","Yes","No","No","No","No","No","No","No",,"Women","Other","yeyi","&gt;70",10,5
"22-78-59-76",3,"No","No","No","No","Yes","No","No","No","No","No","No","No",,"Men","Mafwe","","In their 50s",5,5
"68-66-94-81",1,"No","No","No","Yes","No","No","No","No","No","No","No","No",,"Women","Mafwe","","In their 40s",2,1
"55-05-77-24",1,"Yes","No","No","No","No","No","No","No","No","No","No","No",,"Men","Other","yeyi","In their 30s",3,5
"55-05-77-24",2,"No","No","No","Yes","No","No","No","No","No","No","No","No",,"Men","Other","Yeyi","In their 30s",10,10
"55-05-77-24",3,"No","No","No","No","No","No","No","No","No","Yes","No","No",,"Men","Other","yeyi","In their 50s",1,1
"96-11-62-92",1,"No","No","Yes","No","No","No","No","No","No","No","No","No",,"Men","Subia","","In their 50s",0,0
"78-34-55-08",1,"No","No","No","No","No","No","Yes","No","No","No","No","No",,"Women","Subia","","In their 60s",25,26
"78-34-55-08",2,"No","No","No","No","No","No","Yes","No","No","No","No","No",,"Women","Subia","","In their 30s",15,18
"62-52-92-33",1,"No","No","No","No","No","Yes","No","No","No","No","No","No",,"Men","Mafwe","","In their 40s",25,20
"62-52-92-33",2,"No","No","No","No","No","No","No","No","Yes","No","No","No",,"Men","Mafwe","","In their 50s",4,3
"62-52-92-33",3,"No","No","No","No","No","Yes","No","No","No","No","No","No",,"Men","Subia","","In their 30s",24,24
"11-84-22-34",1,"No","No","No","No","Yes","No","No","No","No","No","No","No",,"Men","Mafwe","","In their 50s",0,0
"11-84-22-34",2,"No","No","No","No","Yes","No","No","No","No","No","No","No",,"Men","Mafwe","","In their 60s",2,2
"75-25-19-33",1,"No","No","No","No","No","No","No","No","No","Yes","No","No",,"Men","Other","mbukushu","In their 50s",2,2
"75-25-19-33",2,"No","No","No","No","Yes","No","No","No","No","No","No","No",,"Men","Other","mbukushu","In their 60s",1,2
"75-25-19-33",3,"No","No","No","No","Yes","No","No","No","No","No","No","No",,"Men","Other","mbukushu","In their 50s",1,2
"25-28-42-89",1,"No","No","No","No","No","No","Yes","No","No","No","No","No",,"Men","Mafwe","","In their 30s",0,9
"25-28-42-89",2,"No","No","No","No","Yes","No","No","No","No","No","No","No",,"Men","Mafwe","","In their 30s",0,6
"17-22-63-49",1,"No","No","No","No","Yes","No","No","No","No","No","No","No",,"Women","Other","Yeyi","In their 40s",25,20
"17-22-63-49",2,"No","No","No","No","No","Yes","No","No","No","No","No","No",,"Women","Other","Yeyi","In their 30s",20,10
"17-22-63-49",3,"No","No","No","No","No","Yes","No","No","No","No","No","No",,"Women","Other","Yeyi","In their 30s",18,5
"75-11-04-39",1,"No","No","No","No","No","No","No","No","No","Yes","No","No",,"Women","Other","mayeyi","In their 50s",1,1
"75-11-04-39",2,"No","No","No","No","No","No","No","No","No","Yes","No","No",,"Men","Other","business men","In their 50s",2,1
"75-11-04-39",3,"No","No","No","No","No","No","No","No","No","Yes","No","No",,"Men","Other","zibwabwean","In their 50s",1,1
"42-13-72-77",1,"No","No","No","No","Yes","No","No","No","No","No","No","No",,"Women","Mafwe","","In their 50s",28,0
"42-13-72-77",2,"No","No","No","No","Yes","No","No","No","No","No","No","No",,"Women","Mafwe","","In their 60s",1,0
"42-13-72-77",3,"No","No","No","No","No","No","No","No","No","No","No","Yes",,"Men","Lozi","","In their 20s",0,0
"22-71-31-86",1,"No","No","No","No","No","Yes","No","No","No","No","No","No",,"Men","Mafwe","","In their 40s",3,1
"72-79-67-76",1,"No","Yes","No","No","No","No","No","No","No","No","No","No",,"Men","Mafwe","","In their 40s",0,6
"72-79-67-76",2,"No","Yes","No","No","No","No","No","No","No","No","No","No",,"Women","Mafwe","","&gt;70",0,6
"72-79-67-76",3,"No","Yes","No","No","No","No","No","No","No","No","No","No",,"Men","Mafwe","","In their 60s",0,6
"55-61-00-58",1,"No","No","No","Yes","No","No","No","No","No","No","No","No",,"Men","Subia","","In their 30s",1,1
"55-61-00-58",2,"Yes","No","No","No","No","No","No","No","No","No","No","No",,"Men","Subia","","In their 40s",2,2
"55-61-00-58",3,"No","No","No","No","Yes","No","Yes","No","No","No","No","No",,"Women","Subia","","In their 60s",28,20
"83-84-11-33",1,"Yes","No","No","No","No","No","No","No","No","No","No","No",,"Men","Mafwe","","In their 50s",1,1
"83-84-11-33",2,"No","No","No","No","No","No","No","No","No","Yes","No","No",,"Men","Other","yeyi","In their 60s",2,1
"83-84-11-33",3,"No","No","No","Yes","No","No","No","No","No","No","No","No",,"Men","Subia","","In their 40s",3,1
"57-06-39-78",1,"No","Yes","No","No","No","Yes","No","No","No","No","No","No",,"Women","Other","Yeyi","In their 30s",25,1
"28-44-47-60",1,"No","No","No","No","Yes","No","No","No","No","No","No","No",,"Women","Other","yeyi","In their 60s",5,5
"28-44-47-60",2,"Yes","No","No","No","No","No","No","No","No","No","No","No",,"Men","Other","yeyi","In their 40s",6,5
"28-44-47-60",3,"No","No","No","No","Yes","No","No","No","No","No","No","No",,"Men","Other","yeyi","In their 40s",5,5
"99-83-86-30",1,"No","No","No","Yes","No","No","Yes","No","No","No","No","No",,"Women","Subia","","In their 20s",4,2
"99-83-86-30",2,"No","No","No","No","No","No","Yes","No","No","No","No","No",,"Women","Subia","","In their 40s",2,0
"99-83-86-30",3,"No","No","No","No","Yes","No","Yes","No","No","No","No","No",,"Women","Subia","","In their 60s",28,2
"95-87-87-82",1,"No","No","No","Yes","No","No","No","No","No","No","No","No",,"Women","Other","yeyi","In their 20s",1,0
"95-87-87-82",2,"No","No","No","No","No","No","Yes","No","No","No","No","No",,"Men","Other","Yeyi","In their 20s",10,4
"95-87-87-82",3,"No","No","No","No","No","No","Yes","No","No","No","No","No",,"Women","Other","Yeyi","In their 20s",2,1
"51-10-14-61",1,"No","No","No","No","Yes","No","No","No","No","No","No","No",,"Women","Subia","","In their 60s",15,15
"51-10-14-61",2,"No","No","No","No","Yes","No","No","No","No","No","No","No",,"Women","Subia","","In their 30s",15,15
"51-10-14-61",3,"No","No","No","No","Yes","No","No","No","No","No","No","No",,"Women","Subia","","In their 40s",15,15
"38-80-77-22",1,"No","No","No","No","Yes","No","No","No","No","No","No","No",,"Men","Other","mbukushu","In their 60s",20,7
"38-80-77-22",2,"No","No","No","No","No","No","No","No","No","Yes","No","No",,"Men","Other","mbukushu","In their 60s",4,7
"38-80-77-22",3,"No","No","No","No","Yes","No","No","No","No","No","No","No",,"Men","Other","mbukushu","In their 50s",4,4
"32-85-49-35",1,"No","No","No","No","No","Yes","No","No","No","No","No","No",,"Women","Mafwe","","In their 60s",10,5
"32-85-49-35",2,"No","No","No","No","No","No","Yes","No","No","No","No","No",,"Women","Mafwe","","In their 20s",20,4
"67-57-93-16",1,"No","No","No","No","Yes","No","No","No","No","No","No","No",,"Men","Mafwe","","In their 60s",4,10
"67-57-93-16",2,"No","No","No","No","Yes","No","No","No","No","No","No","No",,"Women","Mafwe","","In their 50s",15,10
"67-57-93-16",3,"No","No","No","No","Yes","No","No","No","No","No","No","No",,"Women","Mafwe","","In their 40s",15,10
"66-09-29-33",1,"Yes","No","No","No","No","No","No","No","No","No","No","No",,"Men","Mafwe","","In their 60s",2,0
"88-76-61-78",1,"No","No","No","No","No","No","Yes","No","No","No","No","No",,"Women","Subia","","&gt;70",15,10
"45-30-93-43",1,"No","No","No","No","No","Yes","No","No","No","No","No","No",,"Men","Mafwe","","In their 40s",13,2
"45-30-93-43",2,"No","No","No","No","No","Yes","No","No","No","No","No","No",,"Men","Mafwe","","In their 40s",6,1
"45-30-93-43",3,"No","No","No","No","No","No","Yes","No","No","No","No","No",,"Men","Mafwe","","In their 50s",9,2
"39-72-47-05",1,"No","No","No","No","No","No","Yes","No","No","No","No","No",,"Women","Other","yeyi","In their 40s",10,15
"39-72-47-05",2,"No","No","No","No","No","Yes","No","No","No","No","No","No",,"Women","Other","yeyi","&gt;70",29,6
"39-72-47-05",3,"No","No","No","No","No","No","Yes","No","No","No","No","No",,"Men","Other","yeyi","In their 40s",5,4
"91-78-19-91",1,"No","No","No","No","No","No","Yes","No","No","No","No","No",,"Men","Mafwe","","In their 60s",3,1
"91-78-19-91",2,"No","No","No","Yes","No","No","No","No","No","No","No","No",,"Men","Mafwe","","In their 50s",4,2
"91-78-19-91",3,"Yes","No","No","No","No","No","No","No","No","No","No","No",,"Men","Mafwe","","In their 50s",23,3
"80-88-34-81",1,"No","No","No","No","No","No","No","No","No","Yes","No","No",,"Women","Subia","","In their 40s",20,20
"80-88-34-81",2,"No","No","No","No","No","No","Yes","No","No","No","No","No",,"Women","Lozi","","In their 60s",20,5
"80-88-34-81",3,"No","No","No","No","No","No","Yes","No","No","No","No","No",,"Men","Subia","","In their 20s",3,2
"00-93-28-41",1,"No","No","No","No","No","No","Yes","No","No","No","No","No",,"Men","Other","mbukushu","In their 60s",10,10
"15-34-12-49",1,"No","No","No","Yes","No","No","No","No","No","No","No","No",,"Men","Other","Shiyeyi","In their 60s",18,2
"15-34-12-49",2,"No","No","No","No","No","Yes","No","No","No","No","No","No",,"Men","Other","shiyeyi","In their 40s",5,1
"15-34-12-49",3,"No","No","No","Yes","No","No","No","No","No","No","No","No",,"Women","Other","Shiyeyi","In their 40s",6,2
"57-48-46-10",1,"No","Yes","No","No","Yes","Yes","No","No","No","No","No","No",,"Women","Other","Yeyi","In their 60s",25,25
"17-87-43-63",1,"No","No","No","No","No","Yes","No","No","No","No","No","No",,"Women","Subia","","In their 60s",20,5
"17-87-43-63",2,"No","No","No","No","No","Yes","No","No","No","No","No","No",,"Women","Subia","","In their 60s",25,7
"17-87-43-63",3,"No","No","No","No","No","No","No","No","No","Yes","No","No",,"Women","Subia","","In their 60s",29,20
"11-23-87-11",1,"Yes","No","No","No","No","No","No","No","No","No","No","No",,"Men","Subia","","In their 50s",4,4
"33-90-70-88",1,"No","No","No","No","Yes","No","No","No","No","No","No","No",,"Men","Mafwe","","In their 60s",5,7
"33-90-70-88",2,"No","No","No","No","Yes","No","No","No","No","No","No","No",,"Women","Mafwe","","In their 50s",5,7
"33-90-70-88",3,"No","No","No","No","No","No","No","Yes","No","No","No","No",,"Men","Mafwe","","In their 40s",5,7
"42-88-20-46",1,"No","No","No","No","Yes","No","No","No","No","No","No","No",,"Women","Mafwe","","In their 50s",7,0
"42-88-20-46",2,"No","No","No","No","Yes","No","No","No","No","No","No","No",,"Women","Subia","","In their 50s",8,2
"42-88-20-46",3,"No","No","Yes","No","No","No","No","No","No","No","No","No",,"Men","Subia","","&gt;70",28,6
"56-60-42-49",1,"No","No","No","No","No","No","No","No","Yes","No","No","No",,"Women","Mafwe","","In their 40s",28,0
"56-60-42-49",2,"No","No","No","Yes","No","No","No","No","No","No","No","No",,"Women","Mafwe","","In their 30s",1,0
"56-60-42-49",3,"No","No","No","No","No","No","Yes","No","No","No","No","No",,"Women","Mafwe","","In their 40s",26,5
"06-49-16-95",1,"No","No","No","Yes","No","No","No","No","No","No","No","No",,"Men","Other","Yeyi","In their 40s",0,0
"06-49-16-95",2,"Yes","No","No","No","No","No","No","No","No","No","No","No",,"Women","Other","yeyi","In their 30s",0,0
"06-49-16-95",3,"No","No","No","No","No","No","Yes","No","No","No","No","No",,"Men","Other","yeyi","In their 40s",1,0
"14-59-43-81",1,"No","No","No","Yes","No","No","No","No","No","No","No","No",,"Men","Mafwe","","In their 40s",3,2
"14-59-43-81",2,"No","Yes","No","No","No","No","No","No","No","No","No","No",,"Men","Mafwe","","In their 50s",2,0
"14-59-43-81",3,"No","No","No","Yes","No","No","No","No","No","No","No","No",,"Men","Mafwe","","In their 50s",10,0
"43-19-04-75",1,"No","No","No","No","No","No","No","No","No","Yes","No","No",,"Men","Subia","","In their 60s",4,4
"43-19-04-75",2,"Yes","No","No","No","No","No","No","No","No","No","No","No",,"Men","Subia","","In their 40s",4,5
"25-55-58-39",1,"Yes","No","No","No","No","No","No","No","No","No","No","No",,"Men","Mafwe","","In their 50s",0,6
"25-55-58-39",2,"No","No","No","No","Yes","No","No","No","No","No","No","No",,"Men","Mafwe","","In their 50s",0,1
"25-55-58-39",3,"No","No","No","No","Yes","No","No","No","No","No","No","No",,"Women","Mafwe","","In their 40s",0,3
"56-55-71-21",1,"No","Yes","No","No","No","No","No","No","No","No","No","No",,"Women","Subia","","In their 20s",20,15
"26-16-97-29",1,"No","No","No","No","No","No","No","No","Yes","No","No","No",,"Men","Subia","","In their 60s",14,2
"26-16-97-29",2,"No","No","No","No","No","Yes","No","No","No","No","No","No",,"Men","Subia","","In their 50s",9,2
"94-40-34-45",1,"Yes","No","No","No","No","No","No","No","No","No","No","No",,"Men","Subia","","In their 40s",2,0
"57-09-13-31",1,"No","Yes","No","No","No","No","No","No","No","No","No","No",,"Men","Mafwe","","In their 40s",29,16
"57-09-13-31",2,"No","No","No","No","No","No","Yes","No","No","No","No","No",,"Women","Mafwe","","In their 50s",5,4
"57-09-13-31",3,"No","No","No","No","No","No","Yes","No","No","No","No","No",,"Men","Mafwe","","&gt;70",29,20
"06-81-92-15",1,"Yes","No","No","No","No","No","No","No","No","No","No","No",,"Men","Mafwe","","In their 50s",3,1
"06-81-92-15",2,"Yes","No","No","No","No","No","No","No","No","No","No","No",,"Men","Mafwe","","In their 50s",14,2
"06-81-92-15",3,"No","No","No","No","No","No","Yes","No","No","No","No","No",,"Men","Mafwe","","In their 60s",23,5
"71-51-46-91",1,"No","No","No","No","No","No","No","No","No","Yes","No","No",,"Men","Other","yeyi","In their 50s",0,0
"99-70-86-40",1,"No","No","No","No","No","No","Yes","No","No","No","No","No",,"Women","Subia","","In their 60s",25,25
"99-70-86-40",2,"No","No","No","No","No","No","Yes","No","No","No","No","No",,"Women","Subia","","In their 30s",29,29
"99-70-86-40",3,"No","No","No","No","No","No","Yes","No","No","No","No","No",,"Women","Subia","","In their 60s",10,10
"54-72-28-02",1,"No","No","No","No","Yes","No","No","No","No","No","No","No",,"Men","Mafwe","","In their 60s",4,0
"54-72-28-02",2,"Yes","No","No","No","No","No","No","No","No","No","No","No",,"Men","Mafwe","","In their 50s",1,0
"54-72-28-02",3,"Yes","No","No","No","No","No","No","No","No","No","No","No",,"Men","Mafwe","","In their 40s",1,0
"93-06-95-85",1,"No","No","No","No","Yes","No","No","No","Yes","No","No","No",,"Women","Subia","","In their 60s",28,0
"93-06-95-85",2,"No","No","No","No","Yes","No","Yes","No","No","No","No","No",,"Men","Subia","","&gt;70",28,12
"93-06-95-85",3,"No","No","No","No","Yes","No","No","No","Yes","No","No","No",,"Men","Subia","","In their 30s",20,20
"44-70-83-36",1,"No","No","No","No","No","No","Yes","No","No","No","No","No",,"Men","Other","yeyi","In their 30s",25,25
"44-70-83-36",2,"No","No","No","No","No","No","Yes","No","No","No","No","No",,"Men","Other","yeyi","In their 30s",10,10
"76-32-33-95",1,"No","No","No","No","Yes","No","No","No","No","No","No","No",,"Women","Subia","","In their 20s",20,5
"76-32-33-95",2,"No","No","No","No","Yes","No","No","No","No","No","No","No",,"Women","Subia","","In their 30s",20,4
"76-32-33-95",3,"No","No","No","No","Yes","No","No","No","No","No","No","No",,"Women","Subia","","In their 30s",20,4
"01-38-25-96",1,"No","No","Yes","No","No","No","No","No","No","No","No","No",,"Men","Subia","","In their 60s",5,0
"01-38-25-96",2,"No","No","No","No","No","No","No","No","No","Yes","No","No",,"Men","Subia","","In their 60s",10,0
"01-38-25-96",3,"No","No","No","Yes","No","No","No","No","No","No","No","No",,"Men","Subia","","In their 40s",0,0
"89-39-79-72",1,"No","No","No","No","Yes","No","No","No","No","No","No","No",,"Men","Other","mbukushu","In their 60s",1,1
"89-39-79-72",2,"No","No","No","No","No","No","No","No","No","Yes","No","No",,"Men","Other","mbukushu","In their 50s",1,1
"89-39-79-72",3,"Yes","No","No","No","No","No","No","No","No","No","No","No",,"Men","Other","mbukushu","In their 40s",1,1
"00-49-63-51",1,"No","No","No","Yes","No","No","No","No","No","No","No","No",,"Men","Other","yeyi","In their 50s",2,0
"00-49-63-51",2,"No","No","No","No","No","No","No","No","No","Yes","No","No",,"Women","Other","Mbalangwe","In their 60s",4,1
"00-49-63-51",3,"No","No","No","Yes","No","No","No","No","No","No","No","No",,"Men","Other","yeyi","In their 40s",3,3
"76-58-89-37",1,"No","No","No","Yes","No","No","No","No","No","No","No","No",,"Men","Subia","","In their 50s",3,1
"76-58-89-37",2,"No","No","No","No","Yes","No","No","No","No","No","No","No",,"Women","Subia","","In their 50s",20,0
"76-58-89-37",3,"No","No","No","No","Yes","No","No","No","No","No","No","No",,"Men","Subia","","In their 60s",0,0
"20-56-52-98",1,"No","No","No","Yes","No","No","No","No","No","No","No","No",,"Men","Other","yeyi","In their 40s",0,30
"20-56-52-98",2,"No","No","Yes","No","No","No","No","No","No","No","No","No",,"Men","Other","yeyi","In their 60s",0,30
"64-47-42-17",1,"Yes","No","No","No","No","No","No","No","No","No","No","No",,"Women","Mafwe","","In their 40s",0,0
"64-47-42-17",2,"Yes","No","Yes","No","No","No","No","No","No","No","No","No",,"Men","Mafwe","","In their 30s",8,4
"64-47-42-17",3,"Yes","No","No","No","Yes","No","No","No","No","No","No","No",,"Men","Mafwe","","In their 50s",0,0
"13-81-47-95",1,"No","No","No","No","No","No","Yes","No","No","No","No","No",,"Men","Other","Shiyeyi","In their 40s",7,2
"29-99-72-08",1,"No","No","No","No","Yes","No","No","No","No","No","No","No",,"Women","Other","Yeyi","In their 60s",8,5
"24-83-83-50",1,"No","No","No","No","No","No","No","No","No","Yes","No","No",,"Women","Subia","","In their 30s",4,30
"24-83-83-50",2,"No","No","No","No","Yes","No","No","No","No","No","No","No",,"Women","Subia","","In their 40s",4,15
"47-22-90-00",1,"Yes","No","No","No","Yes","No","No","No","No","No","No","No",,"Men","Other","Yeyi","In their 50s",1,0
"47-22-90-00",2,"No","No","No","No","Yes","No","No","No","No","No","No","No",,"Men","Other","Yeyi","In their 50s",3,0
"47-22-90-00",3,"Yes","No","No","No","No","No","No","No","No","No","No","No",,"Men","Other","Yeyi","In their 60s",0,0
"98-86-29-38",1,"No","No","Yes","No","No","No","No","No","No","No","No","No",,"Men","Other","yeyi","&gt;70",0,0
"38-47-12-60",1,"No","No","No","No","Yes","No","No","No","No","No","No","No",,"Women","Subia","","In their 60s",2,5
"38-47-12-60",2,"No","No","No","No","Yes","No","No","No","No","No","No","No",,"Women","Subia","","In their 60s",3,5
"38-47-12-60",3,"No","No","No","No","Yes","No","No","No","No","No","No","No",,"Women","Subia","","In their 60s",2,5
"28-88-27-77",1,"No","No","No","No","Yes","No","Yes","No","No","No","No","No",,"Men","Subia","","In their 50s",5,7
"28-88-27-77",2,"No","No","No","No","No","No","Yes","No","No","No","No","No",,"Men","Subia","","In their 60s",5,7
"29-11-74-01",1,"No","No","No","No","Yes","No","No","No","No","No","No","No",,"Men","Mafwe","","&gt;70",0,3
"23-17-08-61",1,"No","No","No","No","Yes","No","No","No","No","No","No","No",,"Men","Mafwe","","In their 40s",29,0
"23-17-08-61",2,"No","No","No","No","No","No","No","No","No","Yes","No","No",,"Women","Mafwe","","In their 30s",28,0
"23-17-08-61",3,"No","No","No","No","Yes","No","No","No","No","No","No","No",,"Men","Mafwe","","&gt;70",8,0
"09-04-42-43",1,"No","No","No","No","No","No","No","Yes","No","No","No","No",,"Men","Subia","","In their 50s",0,4
"09-04-42-43",2,"Yes","No","No","No","No","No","No","No","No","No","No","No",,"Men","Subia","","In their 50s",0,4
"60-44-87-63",1,"No","No","No","No","No","No","No","No","No","Yes","No","No",,"Men","Other","yeyi","In their 50s",10,5
"60-44-87-63",2,"Yes","No","No","No","No","No","No","No","No","No","No","No",,"Men","Other","yeyi","In their 30s",5,3
"60-44-87-63",3,"No","Yes","No","No","No","No","No","No","No","No","No","No",,"Men","Other","Chimbundu","In their 50s",4,0
"37-91-11-53",1,"No","No","No","No","Yes","No","No","No","No","No","No","No",,"Women","Subia","","In their 60s",4,3
"37-91-11-53",2,"No","No","No","No","No","No","No","No","No","Yes","No","No",,"Women","Other","vambo","In their 60s",0,3
"37-91-11-53",3,"No","No","No","No","Yes","No","No","No","No","No","No","No",,"Men","Subia","","In their 50s",4,3
"24-83-18-16",1,"No","Yes","No","No","No","No","No","No","No","No","No","No",,"Men","Subia","","In their 30s",25,2
"24-83-18-16",2,"Yes","No","No","No","No","No","No","No","No","No","No","No",,"Men","Subia","","In their 50s",2,0
"24-83-18-16",3,"No","No","No","No","No","No","No","No","No","Yes","No","No",,"Men","Subia","","In their 60s",4,4
"43-94-30-73",1,"No","No","No","No","No","No","No","No","No","Yes","No","No",,"Men","Other","yeyi","In their 40s",3,0
"98-89-20-76",1,"No","No","Yes","No","No","No","No","No","No","No","No","No",,"Men","Subia","","&gt;70",4,4
"18-82-94-56",1,"No","No","No","No","No","No","Yes","No","No","No","No","No",,"Women","Other","Yeyi","In their 40s",3,2
"15-08-96-97",1,"No","No","No","No","Yes","No","No","No","No","No","No","No",,"Men","Mafwe","","In their 30s",7,4
"15-08-96-97",2,"No","No","Yes","No","No","No","No","No","No","No","No","No",,"Men","Mafwe","","In their 30s",2,1
"15-08-96-97",3,"No","No","No","No","Yes","No","No","No","No","No","No","No",,"Men","Mafwe","","In their 50s",7,20
"59-27-01-58",1,"No","No","No","No","No","Yes","No","No","No","No","No","No",,"Men","Mafwe","","&gt;70",12,2
"59-27-01-58",2,"No","No","No","No","No","No","Yes","No","No","No","No","No",,"Men","Mafwe","","In their 50s",11,1
"59-27-01-58",3,"No","No","No","Yes","No","No","No","No","No","No","No","No",,"Women","Mafwe","","In their 50s",3,1
"06-40-81-20",1,"No","No","No","No","No","No","Yes","No","No","No","No","No",,"Women","Mafwe","","In their 50s",25,25
"06-40-81-20",2,"No","No","No","No","No","No","Yes","No","No","No","No","No",,"Women","Mafwe","","In their 30s",15,15
"63-00-59-35",1,"No","No","No","No","No","No","Yes","No","No","No","No","No",,"Women","Other","yeyi","In their 40s",26,25
"63-00-59-35",2,"No","No","No","No","No","Yes","Yes","No","No","No","No","No",,"Women","Other","yeyi","In their 20s",28,10
"20-12-20-33",1,"No","No","Yes","No","No","No","No","No","No","No","No","No",,"Men","Subia","","&gt;70",25,5
"20-12-20-33",2,"No","No","No","No","No","No","No","No","No","Yes","No","No",,"Men","Subia","","In their 60s",5,0
"20-12-20-33",3,"No","No","No","No","No","No","Yes","No","No","No","No","No",,"Men","Subia","","In their 60s",16,0
"13-16-46-47",1,"No","No","No","No","No","No","No","Yes","No","No","No","No",,"Men","Subia","","In their 20s",3,7
"12-47-95-08",1,"No","No","Yes","No","No","No","No","No","No","No","No","No",,"Men","Other","Yeyi","&gt;70",4,4
"49-36-47-00",1,"No","No","No","No","No","No","Yes","No","No","No","No","No",,"Men","Other","Yeyi","In their 50s",3,2
"49-36-47-00",2,"No","No","No","No","No","No","Yes","No","No","No","No","No",,"Women","Other","Yeyi","In their 40s",2,2
"49-36-47-00",3,"Yes","No","No","No","No","No","No","No","No","No","No","No",,"Women","Other","Yeyi","In their 30s",2,1
"69-98-34-60",1,"No","No","No","No","No","No","No","No","No","Yes","No","No",,"Men","Other","yeyi","In their 60s",0,0
"69-98-34-60",2,"No","No","No","No","Yes","No","No","No","No","Yes","No","No",,"Men","Other","yeyi","In their 60s",0,0
"69-98-34-60",3,"No","No","No","No","No","No","No","No","No","Yes","No","No",,"Women","Other","yeyi","In their 60s",11,0
"11-55-67-72",1,"No","Yes","No","No","No","No","No","No","No","No","No","No",,"Men","Other","White","&gt;70",4,1
"11-55-67-72",2,"Yes","No","No","No","No","No","No","No","No","No","No","No",,"Men","Mafwe","","In their 50s",4,5
"11-55-67-72",3,"No","No","Yes","No","No","No","No","No","No","No","No","No",,"Men","Mafwe","","In their 60s",1,5
"86-18-52-98",1,"No","No","No","No","No","No","Yes","No","No","No","No","No",,"Women","Subia","","In their 40s",4,4
"86-18-52-98",2,"No","No","No","No","No","No","Yes","No","No","No","No","No",,"Women","Subia","","In their 40s",2,2
"86-18-52-98",3,"No","No","No","No","No","No","Yes","No","No","No","No","No",,"Women","Subia","","In their 50s",3,3
"59-98-46-38",1,"No","No","No","No","No","No","No","No","No","Yes","No","No",,"Men","Other","yeyi","In their 50s",1,1
"87-83-58-77",1,"No","No","No","Yes","No","No","No","No","No","No","No","No",,"Men","Subia","","In their 30s",20,10
"87-83-58-77",2,"No","No","No","Yes","No","No","No","No","No","No","No","No",,"Men","Subia","","In their 40s",20,10
"87-83-58-77",3,"No","No","No","Yes","No","No","No","No","No","No","No","No",,"Women","Subia","","In their 30s",20,10
"15-59-01-11",1,"Yes","No","No","No","No","No","No","No","No","No","No","No",,"Women","Subia","","In their 50s",10,5
"15-59-01-11",2,"No","No","No","No","No","No","Yes","No","No","No","No","No",,"Women","Subia","","In their 60s",5,2
"15-59-01-11",3,"No","No","No","No","No","No","Yes","No","No","No","No","No",,"Women","Subia","","&gt;70",3,3
"74-82-76-84",1,"No","No","No","No","Yes","No","No","No","No","No","No","No",,"Women","Mafwe","","In their 40s",1,5
"74-82-76-84",2,"No","No","No","No","Yes","No","No","No","No","No","No","No",,"Women","Mafwe","","In their 40s",2,5
"74-82-76-84",3,"No","No","No","No","Yes","No","No","No","No","No","No","No",,"Women","Mafwe","","In their 50s",2,5
"08-93-57-76",1,"No","No","No","No","No","No","No","No","Yes","No","No","No",,"Men","Subia","","In their 40s",1,0
"70-90-57-92",1,"No","No","No","No","No","No","No","No","No","Yes","No","No",,"Men","Subia","","In their 60s",0,0
"70-90-57-92",2,"No","No","No","No","No","No","No","No","No","Yes","No","No",,"Men","Subia","","In their 50s",0,0
"70-90-57-92",3,"No","No","No","No","Yes","No","No","No","No","No","No","No",,"Men","Subia","","In their 40s",15,0
"50-31-04-37",1,"No","No","No","No","Yes","No","No","No","No","No","No","No",,"Women","Lozi","","In their 50s",4,5
"50-31-04-37",2,"Yes","No","No","No","No","No","No","No","No","No","No","No",,"Men","Lozi","","In their 40s",3,5
"50-31-04-37",3,"No","No","No","No","Yes","No","Yes","No","No","No","No","No",,"Women","Lozi","","In their 30s",5,5
"67-02-08-74",1,"No","No","No","No","No","No","No","No","No","Yes","No","No",,"Men","Mafwe","","In their 40s",0,0
"67-02-08-74",2,"No","No","No","No","No","No","Yes","No","No","No","No","No",,"Men","Mafwe","","In their 60s",29,0
"67-02-08-74",3,"No","No","No","No","No","No","No","No","No","Yes","No","No",,"Men","Mafwe","","&gt;70",0,0
"53-15-78-38",1,"No","No","No","No","Yes","No","No","No","No","No","No","No",,"Men","Other","yeyi","In their 60s",7,7
"53-15-78-38",2,"No","No","No","No","No","No","No","No","No","Yes","No","No",,"Men","Other","yeyi","In their 50s",10,7
"53-15-78-38",3,"No","No","No","Yes","No","No","No","No","No","No","No","No",,"Men","Other","yeyi","In their 50s",1,7
"32-33-43-26",1,"Yes","No","No","No","No","No","No","No","No","No","No","No",,"Men","Subia","","In their 40s",5,5
"32-33-43-26",2,"No","No","No","No","No","No","Yes","No","No","No","No","No",,"Women","Lozi","","In their 30s",10,10
"32-33-43-26",3,"No","No","No","No","No","No","Yes","No","No","No","No","No",,"Men","Lozi","","In their 50s",3,3
"46-04-74-49",1,"Yes","No","No","No","No","No","No","No","No","No","No","No",,"Men","Subia","","In their 50s",2,0
"35-13-76-39",1,"No","No","No","No","No","No","Yes","No","No","No","No","No",,"Women","Other","yeyi","In their 40s",10,12
"35-13-76-39",2,"No","No","No","No","No","No","Yes","No","No","No","No","No",,"Women","Other","yeyi","In their 40s",14,20
"16-06-75-38",1,"No","No","No","No","No","No","No","No","No","Yes","No","No",,"Men","Other","mayeyi","In their 50s",1,1
"16-06-75-38",2,"No","No","No","No","No","No","No","No","No","Yes","No","No",,"Men","Other","mayeyi","In their 50s",2,1
"16-06-75-38",3,"No","No","No","No","No","No","No","No","No","Yes","No","No",,"Men","Other","mayeyi","In their 40s",1,1
"27-27-07-57",1,"No","No","No","No","No","Yes","No","No","No","No","No","No",,"Men","Mafwe","","In their 50s",2,1
"02-68-96-18",1,"No","Yes","No","No","No","No","No","No","No","No","No","No",,"Men","Subia","","In their 50s",4,4
"02-68-96-18",2,"No","Yes","No","No","No","No","No","No","No","No","No","No",,"Men","Subia","","In their 50s",4,4
"02-68-96-18",3,"No","Yes","No","No","No","No","No","No","No","No","No","No",,"Women","Subia","","In their 40s",28,4
"43-77-79-21",1,"No","No","No","No","Yes","No","No","No","No","No","No","No",,"Men","Mafwe","","In their 40s",0,0
"43-77-79-21",2,"No","No","No","Yes","No","No","No","No","No","No","No","No",,"Men","Mafwe","","In their 30s",25,8
"43-77-79-21",3,"No","No","No","No","No","No","No","No","No","Yes","No","No",,"Men","Mafwe","","In their 40s",0,0
"11-26-50-63",1,"No","No","No","No","Yes","No","No","No","No","Yes","No","No",,"Men","Other","yeyi","In their 60s",2,0
"11-26-50-63",2,"No","No","No","No","No","No","No","No","No","Yes","No","No",,"Men","Other","yeyi","In their 50s",0,0
"11-26-50-63",3,"No","No","No","No","Yes","No","No","No","No","No","No","No",,"Men","Other","yeyi","In their 50s",1,0
"28-01-01-55",1,"Yes","No","No","No","No","No","No","No","No","No","No","No",,"Men","Subia","","In their 50s",1,0
"28-01-01-55",2,"Yes","No","No","No","No","No","No","No","No","No","No","No",,"Men","Subia","","In their 50s",1,0
"32-20-61-73",1,"No","No","No","No","Yes","No","No","No","No","No","No","No",,"Women","Other","Yeyi","In their 50s",20,10
"32-20-61-73",2,"No","No","No","No","Yes","No","No","No","No","No","No","No",,"Women","Other","Yeyi","In their 50s",25,18
"32-20-61-73",3,"No","No","No","No","No","No","Yes","No","No","No","No","No",,"Women","Other","yeyi","In their 60s",10,3
"20-30-02-96",1,"No","No","No","No","No","Yes","No","No","No","No","No","No",,"Men","Other","Yeyi","In their 20s",25,0
"91-05-38-43",1,"No","No","No","No","Yes","No","No","No","No","No","No","No",,"Men","Subia","","In their 60s",7,2
"91-05-38-43",2,"No","No","No","No","Yes","No","No","No","No","No","No","No",,"Men","Subia","","In their 60s",25,20
"91-05-38-43",3,"No","No","No","No","Yes","No","No","No","No","No","No","No",,"Men","Subia","","In their 50s",3,1
"44-19-28-63",1,"No","Yes","No","No","No","No","No","No","No","No","No","No",,"Women","Subia","","In their 50s",3,1
"72-93-96-93",1,"Yes","No","No","No","No","No","No","No","No","No","No","No",,"Women","Subia","","In their 20s",6,6
"72-93-96-93",2,"Yes","No","No","No","No","No","No","No","No","No","No","No",,"Women","Subia","","In their 30s",4,4
"72-93-96-93",3,"Yes","No","No","No","No","No","No","No","No","No","No","No",,"Men","Subia","","In their 30s",1,1
"97-14-34-77",1,"No","No","No","No","Yes","No","No","No","No","No","No","No",,"Men","Mafwe","","In their 40s",20,1
"97-14-34-77",2,"No","No","No","No","No","No","No","No","No","Yes","No","No",,"Men","Mafwe","","In their 40s",0,0
"97-14-34-77",3,"No","No","No","No","Yes","No","No","No","No","Yes","No","No",,"Men","Mafwe","","In their 40s",5,0
"23-83-04-10",1,"No","Yes","No","No","No","No","No","No","No","No","No","No",,"Women","Other","Yeyi","In their 40s",1,1
"23-83-04-10",2,"No","Yes","No","No","No","No","No","No","No","No","No","No",,"Women","Other","Yeyi","In their 40s",12,4
"66-67-12-43",1,"No","No","No","No","No","No","No","No","Yes","No","No","No",,"Women","Subia","","In their 60s",6,6
"66-67-12-43",2,"No","No","No","No","No","No","Yes","No","No","No","No","No",,"Women","Subia","","In their 50s",3,3
"66-67-12-43",3,"No","No","No","No","No","No","No","No","No","Yes","No","No",,"Men","Subia","","In their 40s",3,3
"10-88-25-17",1,"No","Yes","No","No","No","No","No","No","No","No","No","No",,"Women","Mafwe","","In their 50s",2,3
"10-88-25-17",2,"No","No","No","Yes","No","No","No","No","No","No","No","No",,"Women","Subia","","In their 50s",4,1
"10-88-25-17",3,"No","No","No","Yes","No","No","No","No","No","No","No","No",,"Women","Subia","","In their 50s",4,5
"15-20-57-47",1,"No","No","No","No","No","No","Yes","No","No","No","No","No",,"Women","Subia","","In their 50s",29,15
"36-81-71-64",1,"No","No","No","No","Yes","No","No","No","No","No","No","No",,"Men","Other","Yeyi","In their 30s",1,0
"36-81-71-64",2,"No","Yes","No","No","Yes","No","No","No","No","No","No","No",,"Women","Other","Yeyi","In their 40s",15,0
"36-81-71-64",3,"No","No","No","No","Yes","No","Yes","No","No","No","No","No",,"Men","Other","Yeyi","In their 40s",20,0
"34-71-72-72",1,"No","Yes","No","No","No","No","No","No","No","No","No","No",,"Men","Subia","","In their 50s",8,3
"34-71-72-72",2,"No","No","No","No","Yes","Yes","No","No","No","No","No","No",,"Women","Subia","","In their 30s",28,10
"34-71-72-72",3,"No","No","No","No","Yes","No","No","No","No","No","No","No",,"Men","Subia","","In their 60s",4,2
"66-60-15-44",1,"No","No","No","No","Yes","No","No","No","No","No","No","No",,"Men","Subia","","In their 50s",0,0
"66-60-15-44",2,"No","No","No","No","Yes","No","No","No","No","No","No","No",,"Men","Subia","","In their 60s",5,0
"66-60-15-44",3,"No","No","No","No","Yes","No","No","No","No","No","No","No",,"Women","Subia","","In their 50s",6,0
"86-30-61-13",1,"No","No","No","No","Yes","No","No","No","No","No","No","No",,"Men","Subia","","In their 60s",0,0
"36-54-39-30",1,"No","No","No","No","No","No","Yes","No","No","No","No","No",,"Women","Mafwe","","In their 40s",16,16
"36-54-39-30",2,"No","No","No","No","No","No","Yes","No","No","No","No","No",,"Men","Mafwe","","In their 30s",25,25
"74-23-76-31",1,"No","No","No","No","Yes","No","No","No","No","No","No","No",,"Men","Subia","","In their 60s",5,3
"22-34-78-24",1,"No","No","No","No","No","Yes","No","No","No","No","No","No",,"Women","Mafwe","","In their 40s",15,2
"78-05-45-34",1,"No","No","No","No","No","No","No","No","No","Yes","No","No",,"Women","Mafwe","","In their 60s",3,20
"05-02-80-96",1,"No","No","No","No","No","No","Yes","No","No","No","No","No",,"Men","Other","mbukushu","In their 30s",25,25
"05-02-80-96",2,"No","No","No","No","No","No","Yes","No","No","No","No","No",,"Men","Other","mbukushu","In their 30s",20,20
"83-39-85-57",1,"No","No","No","No","No","No","Yes","No","No","No","No","No",,"Women","Mafwe","","In their 60s",20,20
"83-39-85-57",2,"No","No","No","No","No","No","Yes","No","No","No","No","No",,"Women","Mafwe","","In their 60s",15,15
"02-11-27-45",1,"No","No","No","No","Yes","No","No","No","No","No","No","No",,"Men","Subia","","&gt;70",1,4
"66-26-16-39",1,"No","No","No","No","No","No","No","No","Yes","No","No","No",,"Men","Subia","","In their 60s",25,3
"66-26-16-39",2,"No","No","No","No","No","Yes","No","No","No","No","No","No",,"Men","Subia","","In their 50s",6,2
"66-26-16-39",3,"No","No","No","No","No","Yes","No","No","No","No","No","No",,"Men","Subia","","In their 60s",7,1
"74-47-09-34",1,"No","Yes","No","No","No","No","No","No","No","No","No","No",,"Men","Other","Yeyi","In their 50s",4,3
"74-47-09-34",2,"No","No","No","No","No","No","Yes","No","No","No","No","No",,"Men","Other","Yeyi","&gt;70",25,20
"74-47-09-34",3,"No","No","No","No","No","Yes","Yes","No","No","No","No","No",,"Women","Other","Yeyi","In their 50s",21,15
"74-42-03-33",1,"Yes","No","No","No","No","No","Yes","No","No","No","No","No",,"Women","Subia","","In their 40s",7,3
"24-64-36-53",1,"No","No","No","No","Yes","No","No","No","No","No","No","No",,"Women","Subia","","&gt;70",4,4
"24-64-36-53",2,"No","No","No","No","Yes","No","No","No","No","No","No","No",,"Women","Subia","","In their 50s",4,4
"24-64-36-53",3,"Yes","No","No","No","No","No","No","No","No","No","No","No",,"Men","Subia","","In their 40s",4,4
"39-16-84-49",1,"No","Yes","Yes","No","No","No","No","No","No","No","No","No",,"Men","Other","yeyi","In their 50s",2,2
"39-16-84-49",2,"No","No","No","No","No","No","No","No","No","Yes","No","No",,"Men","Other","yeyi","In their 50s",29,2
"39-16-84-49",3,"No","No","Yes","No","No","No","No","No","No","No","No","No",,"Men","Other","yeyi","In their 50s",2,2
"65-82-18-72",1,"No","No","No","Yes","No","No","No","No","No","No","No","No",,"Men","Other","yeyi","In their 40s",5,0
"65-82-18-72",2,"No","No","No","No","Yes","No","No","No","No","No","No","No",,"Women","Other","yeyi","In their 50s",16,3
"65-82-18-72",3,"No","No","No","No","Yes","No","No","No","No","No","No","No",,"Women","Other","yeyi","In their 50s",5,0
"98-04-19-51",1,"No","No","No","No","Yes","No","No","No","No","No","No","No",,"Men","Subia","","In their 60s",1,10
"98-04-19-51",2,"No","No","No","No","Yes","No","No","No","No","No","No","No",,"Women","Subia","","&gt;70",1,10
"33-66-03-17",1,"No","No","Yes","No","No","No","No","No","No","No","No","No",,"Men","Other","Yeyi","&gt;70",0,30
"33-66-03-17",2,"Yes","No","No","No","No","No","No","No","No","No","No","No",,"Men","Other","Mbalangwe","In their 50s",0,30
"33-66-03-17",3,"Yes","No","No","No","Yes","No","No","No","No","No","No","No",,"Men","Other","Yeyi","&gt;70",0,30
"23-12-49-21",1,"Yes","No","No","No","Yes","No","No","No","No","No","No","No",,"Men","Other","Yeyi","In their 60s",0,0
"95-95-21-82",1,"No","No","Yes","No","No","No","No","No","No","No","No","No",,"Men","Other","Yeyi","&gt;70",0,30
"95-95-21-82",2,"Yes","No","No","No","No","No","No","No","No","No","No","No",,"Men","Other","Yeyi","In their 50s",0,30
"84-16-65-13",1,"No","No","No","No","Yes","No","No","No","No","No","No","No",,"Men","Other","mayeyi","In their 50s",1,7
"84-16-65-13",2,"No","No","No","No","Yes","No","No","No","No","No","No","No",,"Men","Other","mayeyi","In their 50s",2,2
"35-36-66-35",1,"No","No","No","No","No","No","No","No","No","No","Yes","No",,"Others","Subia","","In their 60s",0,4
"16-02-48-49",1,"No","No","No","No","No","No","Yes","No","No","No","No","No",,"Men","Other","Shiyeyi","In their 40s",5,2
"88-09-49-72",1,"No","No","No","No","No","No","No","No","Yes","No","No","No",,"Men","Other","yeyi","In their 50s",20,10
"88-09-49-72",2,"No","No","No","No","No","No","Yes","No","No","No","No","No",,"Women","Other","yeyi","In their 40s",24,21
"46-87-53-18",1,"Yes","No","No","No","No","No","No","No","No","No","No","No",,"Men","Subia","","In their 40s",2,1
"24-20-26-70",1,"No","No","No","No","Yes","No","Yes","No","No","No","No","No",,"Women","Other","Yeyi","In their 50s",29,29
"24-20-26-70",2,"No","No","No","No","Yes","No","Yes","No","No","No","No","No",,"Women","Other","Yeyi","In their 60s",24,20
"24-20-26-70",3,"No","No","No","No","Yes","No","Yes","No","No","No","No","No",,"Men","Other","Yeyi","In their 30s",20,20
"52-82-33-48",1,"No","No","No","No","Yes","No","No","No","No","No","No","No",,"Men","Lozi","","In their 50s",5,2
"52-82-33-48",2,"No","No","No","No","No","No","Yes","No","No","No","No","No",,"Men","Lozi","","In their 40s",3,3
"52-82-33-48",3,"No","No","No","No","No","No","Yes","No","No","No","No","No",,"Women","Lozi","","In their 60s",4,3
"26-48-97-52",1,"No","No","No","No","No","No","Yes","No","No","No","No","No",,"Women","Other","yeyi","&gt;70",20,28
"26-48-97-52",2,"No","No","No","No","No","No","Yes","No","No","No","No","No",,"Women","Other","yeyi","In their 50s",15,15
"33-86-77-56",1,"No","No","Yes","No","Yes","No","No","No","No","No","No","No",,"Men","Other","Yeyi","In their 60s",6,3
"33-86-77-56",2,"No","Yes","No","No","Yes","No","No","No","No","No","No","No",,"Men","Other","Yeyi","In their 60s",20,13
"33-86-77-56",3,"No","Yes","No","No","No","No","No","No","No","No","No","No",,"Women","Other","Yeyi","In their 60s",8,0
"78-86-05-10",1,"No","No","No","No","No","No","No","No","No","Yes","No","No",,"Men","Mafwe","","In their 30s",7,0
"78-86-05-10",2,"No","No","No","No","No","No","No","No","No","Yes","No","No",,"Women","Mafwe","","In their 50s",1,0
"78-86-05-10",3,"No","No","No","No","No","No","No","No","No","Yes","No","No",,"Men","Mafwe","","In their 50s",7,0
"15-96-39-00",1,"No","No","No","No","No","No","Yes","No","No","No","No","No",,"Women","Lozi","","&gt;70",20,3
"15-96-39-00",2,"No","No","No","No","No","No","No","No","Yes","No","No","No",,"Women","Lozi","","In their 60s",15,3
"15-96-39-00",3,"No","No","No","No","No","Yes","No","No","No","No","No","No",,"Men","Lozi","","In their 40s",10,3
"39-41-06-02",1,"No","No","No","No","No","No","No","No","No","No","Yes","No",,"Women","Subia","","In their 40s",5,5
"39-41-06-02",2,"No","No","No","No","No","No","No","No","No","Yes","No","No",,"Men","Other","Yeyi","In their 50s",0,0
"39-41-06-02",3,"No","No","No","No","No","No","No","No","No","Yes","No","No",,"Men","Other","Yeyi","In their 50s",6,7
"95-15-78-87",1,"No","No","Yes","No","No","No","No","No","No","No","No","No",,"Men","Other","mayeyi","In their 60s",0,2
"95-15-78-87",2,"No","No","Yes","No","No","No","No","No","No","No","No","No",,"Men","Other","mayeyi","In their 60s",0,0
"95-15-78-87",3,"No","No","Yes","No","No","No","No","No","No","No","No","No",,"Men","Other","mayeyi","In their 60s",2,2
"52-97-51-26",1,"Yes","No","No","No","Yes","No","No","No","No","No","No","No",,"Men","Other","Yeyi","In their 60s",1,3
"52-97-51-26",2,"No","No","No","No","Yes","No","No","No","No","No","No","No",,"Men","Lozi","","In their 60s",1,3
"02-78-29-37",1,"No","Yes","No","No","No","No","No","No","No","No","No","No",,"Men","Other","yeyi","In their 40s",3,0
"02-78-29-37",2,"No","No","No","No","No","No","Yes","No","No","No","No","No",,"Men","Other","yeyi","In their 40s",5,4
"02-78-29-37",3,"Yes","No","No","No","No","No","No","No","No","No","No","No",,"Women","Other","yeyi","In their 50s",6,4
"27-36-10-42",1,"No","No","No","No","Yes","No","No","No","No","No","No","No",,"Men","Other","yeyi","In their 50s",5,4
"27-36-10-42",2,"Yes","No","No","No","No","No","No","No","No","No","No","No",,"Women","Mafwe","","In their 40s",6,4
"27-36-10-42",3,"No","No","No","No","Yes","No","No","No","No","No","No","No",,"Women","Mafwe","","In their 40s",5,4
"45-97-40-37",1,"No","No","No","No","No","No","Yes","No","No","No","No","No",,"Women","Other","totela","In their 60s",25,25
"41-24-37-83",1,"No","No","No","No","No","No","Yes","No","No","No","No","No",,"Women","Mafwe","","In their 50s",5,2
"90-44-42-58",1,"No","No","No","No","No","Yes","No","No","No","No","No","No",,"Men","Other","Shiyeyi","In their 50s",6,2
"15-49-26-93",1,"No","No","No","No","No","No","Yes","No","No","No","No","No",,"Men","Other","totela","In their 40s",26,26
"15-49-26-93",2,"No","No","No","No","No","No","Yes","No","No","No","No","No",,"Men","Other","totela","In their 40s",25,25
"15-49-26-93",3,"No","No","No","No","No","No","Yes","No","No","No","No","No",,"Women","Other","totela","In their 50s",20,20
"29-96-24-29",1,"No","No","No","Yes","No","No","No","No","No","No","No","No",,"Men","Other","Yeyi","In their 30s",20,2
"29-96-24-29",2,"No","No","No","Yes","No","No","No","No","No","No","No","No",,"Men","Mafwe","","In their 40s",6,4
"29-96-24-29",3,"No","No","No","No","No","No","Yes","No","No","No","No","No",,"Women","Other","yeyi","In their 30s",25,3
"88-98-18-23",1,"Yes","No","No","No","No","No","No","No","No","No","No","No",,"Men","Subia","","In their 40s",20,5
"88-98-18-23",2,"Yes","No","No","No","No","No","No","No","No","No","No","No",,"Men","Subia","","In their 20s",20,15
"88-98-18-23",3,"Yes","No","No","No","No","No","No","No","No","No","No","No",,"Women","Subia","","In their 30s",15,2
"03-33-61-52",1,"No","Yes","No","No","No","No","No","No","No","No","No","No",,"Men","Lozi","","In their 50s",4,0
"03-33-61-52",2,"No","No","No","No","Yes","No","No","No","No","No","No","No",,"Men","Other","Yeyi","In their 40s",8,0
"03-33-61-52",3,"No","No","No","No","No","Yes","Yes","No","No","No","No","No",,"Women","Other","Yeyi","In their 40s",20,2
"95-42-30-88",1,"Yes","No","Yes","No","No","No","No","No","No","No","No","No",,"Men","Other","mayeyi","In their 50s",0,1
"41-58-71-65",1,"No","No","Yes","No","No","No","No","No","No","No","No","No",,"Men","Mafwe","","In their 60s",1,20
"41-58-71-65",2,"No","No","No","No","No","No","No","No","No","No","Yes","No",,"Men","Mafwe","","In their 40s",0,2
"41-58-71-65",3,"No","No","No","No","No","No","No","No","Yes","No","No","No",,"Women","Other","totela","&gt;70",2,20
"47-41-93-44",1,"Yes","No","No","No","No","No","No","No","No","No","No","No",,"Men","Mafwe","","In their 50s",2,4
"44-97-44-34",1,"No","No","No","No","Yes","No","No","No","No","No","No","No",,"Men","Other","Yeyi","In their 50s",11,8
"44-97-44-34",2,"No","No","No","No","Yes","No","No","No","No","No","No","No",,"Men","Other","Yeyi","In their 60s",5,3
"44-97-44-34",3,"No","No","No","No","Yes","No","No","No","Yes","No","No","No",,"Men","Other","yeyi","In their 50s",28,15
"39-60-71-79",1,"Yes","No","No","No","No","No","No","No","No","No","No","No",,"Women","Other","Yeyi","In their 40s",12,5
"39-60-71-79",2,"No","No","No","No","No","No","Yes","No","No","No","No","No",,"Women","Other","Yeyi","In their 40s",15,2
"39-60-71-79",3,"No","No","No","No","No","No","No","No","No","Yes","No","No",,"Men","Other","Yeyi","In their 40s",20,2
"02-67-41-60",1,"Yes","No","No","No","No","No","No","No","No","No","No","No",,"Men","Mafwe","","In their 60s",3,1
"83-56-74-03",1,"No","No","No","No","No","No","No","No","Yes","No","No","No",,"Men","Other","Yeyi","In their 50s",15,15
"83-56-74-03",2,"No","No","No","No","No","No","No","No","Yes","No","No","No",,"Men","Other","Yeyi","In their 30s",10,10
"83-56-74-03",3,"No","No","No","No","No","No","No","No","No","Yes","No","No",,"Women","Other","Yeyi","In their 40s",20,20
"04-28-47-30",1,"No","No","No","No","No","No","No","No","No","Yes","No","No",,"Men","Subia","","&gt;70",4,4
"04-28-47-30",2,"No","No","No","No","No","No","No","No","No","Yes","No","No",,"Women","Subia","","&gt;70",4,4
"01-68-97-25",1,"No","No","Yes","No","No","No","No","No","No","No","No","No",,"Men","Other","mayeyi","In their 50s",1,1
"01-68-97-25",2,"No","No","No","No","Yes","No","No","No","No","No","No","No",,"Women","Other","mayeyi","In their 50s",1,2
"01-68-97-25",3,"No","No","Yes","No","No","No","No","No","No","No","No","No",,"Men","Other","mayeyi","In their 50s",1,1
"66-08-16-26",1,"No","No","No","No","No","Yes","No","No","No","No","No","No",,"Men","Other","yeyi","In their 30s",28,15
"66-08-16-26",2,"No","No","No","No","No","Yes","Yes","No","No","No","No","No",,"Men","Other","Yeyi","In their 50s",28,27
"66-08-16-26",3,"No","No","No","No","No","No","Yes","No","No","No","No","No",,"Women","Other","yeyi","In their 40s",20,15
"93-32-02-54",1,"No","No","No","No","No","No","No","No","No","Yes","No","No",,"Women","Subia","","&gt;70",15,5
"93-32-02-54",2,"No","No","No","No","No","No","No","No","Yes","No","No","No",,"Women","Subia","","In their 60s",29,20
"93-32-02-54",3,"No","No","No","No","No","No","Yes","No","No","No","No","No",,"Men","Subia","","In their 30s",20,20
"83-94-17-95",1,"Yes","No","No","No","No","No","No","No","No","No","No","No",,"Men","Subia","","In their 40s",3,2
"60-60-16-78",1,"No","No","No","No","No","No","Yes","No","No","No","No","No",,"Women","Other","yeyi","In their 40s",20,20
"60-60-16-78",2,"No","No","No","No","No","No","Yes","No","No","No","No","No",,"Men","Other","yeyi","In their 30s",15,15
"26-78-47-00",1,"No","No","No","No","No","No","Yes","No","No","No","No","No",,"Women","Subia","","In their 60s",20,10
"26-78-47-00",2,"No","No","No","No","No","No","Yes","No","No","No","No","No",,"Women","Subia","","In their 60s",15,12
"26-78-47-00",3,"No","No","No","Yes","No","Yes","No","No","No","No","No","No",,"Women","Subia","","In their 40s",16,20
"79-98-45-89",1,"No","No","No","No","No","No","Yes","No","No","No","No","No",,"Women","Mafwe","","&gt;70",20,20
"79-98-45-89",2,"No","No","No","No","No","No","Yes","No","No","No","No","No",,"Women","Mafwe","","In their 40s",15,6
"79-98-45-89",3,"No","No","No","No","No","Yes","Yes","No","No","No","No","No",,"Women","Mafwe","","In their 30s",10,12
"90-54-49-60",1,"No","No","No","No","Yes","No","No","No","No","No","No","No",,"Men","Subia","","&gt;70",4,4
"31-84-01-85",1,"No","No","No","No","No","No","Yes","No","No","No","No","No",,"Women","Other","Shiyeyi","In their 50s",3,1
"40-47-23-70",1,"No","No","Yes","No","No","No","No","No","No","No","No","No",,"Men","Mafwe","","&gt;70",6,2
"40-47-23-70",2,"Yes","No","No","No","No","No","No","No","No","No","No","No",,"Men","Mafwe","","In their 50s",5,2
"40-47-23-70",3,"Yes","No","No","No","No","No","No","No","No","No","No","No",,"Men","Mafwe","","In their 50s",8,1
"97-69-93-58",1,"Yes","No","No","No","No","No","No","No","No","No","No","No",,"Women","Other","Shiyeyi","In their 40s",6,2
"58-00-80-50",1,"No","No","No","Yes","No","No","No","No","No","No","No","No",,"Men","Subia","","In their 50s",4,0
"16-58-48-79",1,"No","No","No","No","No","No","Yes","No","No","No","No","No",,"Women","Subia","","In their 40s",2,4
"16-58-48-79",2,"No","No","No","No","No","No","Yes","No","No","No","No","No",,"Men","Subia","","&gt;70",1,4
"16-58-48-79",3,"No","No","No","No","No","No","Yes","No","No","No","No","No",,"Men","Subia","","In their 50s",2,4
"05-01-86-08",1,"No","No","Yes","No","No","No","No","No","No","No","No","No",,"Men","Other","Shiyeyi","In their 60s",5,1
"89-75-04-06",1,"No","No","No","No","No","No","Yes","No","No","No","No","No",,"Men","Mafwe","","In their 50s",20,20
"89-75-04-06",2,"No","No","No","No","No","No","Yes","No","No","No","No","No",,"Women","Mafwe","","In their 40s",25,10
"52-25-69-44",1,"No","No","Yes","No","No","No","No","No","No","No","No","No",,"Men","Other","yeyi","&gt;70",0,0
"71-97-04-61",1,"Yes","No","No","No","No","No","Yes","No","No","No","No","No",,"Men","Subia","","In their 40s",20,25
"71-97-04-61",2,"No","No","No","No","No","No","Yes","No","No","No","No","No",,"Women","Subia","","In their 40s",26,18
"71-97-04-61",3,"No","No","No","No","No","No","Yes","No","No","No","No","No",,"Men","Subia","","In their 30s",15,15
"46-80-42-17",1,"No","No","No","No","Yes","No","No","No","No","No","No","No",,"Women","Subia","","&gt;70",5,5
"46-80-42-17",2,"No","No","No","Yes","No","No","No","No","No","No","No","No",,"Women","Subia","","In their 30s",1,0
"46-80-42-17",3,"No","No","Yes","No","No","No","No","No","No","No","No","No",,"Men","Subia","","&gt;70",3,3
"58-78-23-20",1,"No","No","No","No","No","No","Yes","No","No","No","No","No",,"Women","Other","Shiyeyi","In their 50s",10,2
"35-69-94-08",1,"No","No","No","No","No","Yes","Yes","No","No","No","No","No",,"Women","Mafwe","","In their 50s",25,25
"35-69-94-08",2,"No","No","No","No","No","No","Yes","No","No","No","No","No",,"Women","Mafwe","","In their 30s",29,29
"10-25-31-32",1,"No","No","No","No","No","No","Yes","No","No","No","No","No",,"Women","Other","totela","In their 50s",25,25
"10-25-31-32",2,"No","No","No","No","No","Yes","No","No","No","No","No","No",,"Women","Lozi","","In their 50s",20,20
"38-79-29-34",1,"Yes","No","No","No","No","No","No","No","No","No","No","No",,"Men","Other","yeyi","&gt;70",0,0
"38-79-29-34",2,"No","No","No","Yes","Yes","No","No","No","No","No","No","No",,"Men","Other","Yeyi","In their 50s",1,1
"38-79-29-34",3,"Yes","No","No","No","No","No","No","No","Yes","No","No","No",,"Men","Other","Yeyi","&gt;70",0,0
"89-83-56-79",1,"No","No","No","No","No","No","Yes","No","No","No","No","No",,"Women","Subia","","&gt;70",20,10
"50-21-50-41",1,"No","No","Yes","No","No","No","No","No","No","No","No","No",,"Men","Mafwe","","In their 60s",0,0
"50-21-50-41",2,"No","No","No","No","No","No","No","No","No","Yes","No","No",,"Men","Mafwe","","In their 50s",0,0
"50-21-50-41",3,"No","No","No","No","Yes","No","No","No","No","No","No","No",,"Men","Mafwe","","In their 60s",2,0
"44-19-49-55",1,"No","No","No","No","No","No","No","No","No","No","No","Yes",,"Men","Lozi","","In their 20s",0,0
"44-19-49-55",2,"Yes","No","No","No","No","No","No","No","No","No","No","Yes",,"Men","Lozi","","In their 20s",0,0
"44-19-49-55",3,"Yes","No","No","No","No","No","No","No","No","No","No","No",,"Men","Lozi","","In their 20s",0,0
"55-68-88-94",1,"No","No","No","No","Yes","No","No","No","No","No","No","No",,"Women","Subia","","&gt;70",4,2
"55-68-88-94",2,"No","No","No","No","Yes","No","No","No","No","No","No","No",,"Men","Subia","","&gt;70",2,0
"59-93-51-03",1,"No","No","No","No","No","No","Yes","No","No","No","No","No",,"Women","Subia","","In their 60s",20,15
"07-70-44-38",1,"No","No","No","No","No","No","Yes","No","No","No","No","No",,"Men","Other","yeyi","In their 50s",25,25
"07-70-44-38",2,"No","No","No","No","No","No","Yes","No","No","No","No","No",,"Women","Other","yeyi","In their 30s",14,20
"59-31-16-60",1,"No","No","No","No","No","No","Yes","No","No","No","No","No",,"Women","Subia","","In their 40s",3,1
"59-31-16-60",2,"No","No","Yes","No","No","No","No","No","No","No","No","No",,"Men","Subia","","In their 60s",7,1
"84-43-04-55",1,"No","No","No","No","No","Yes","No","No","No","No","No","No",,"Men","Subia","","In their 50s",3,1
"90-23-91-34",1,"No","No","No","No","No","No","Yes","No","No","No","No","No",,"Women","Subia","","In their 20s",5,5
"90-23-91-34",2,"No","No","No","No","No","No","Yes","No","No","No","No","No",,"Men","Subia","","In their 30s",7,7
"90-23-91-34",3,"No","No","No","No","No","No","Yes","No","No","No","No","No",,"Men","Subia","","In their 30s",2,2
"00-25-69-00",1,"No","No","Yes","No","No","No","No","No","No","No","No","No",,"Men","Lozi","","In their 60s",20,20
"00-25-69-00",2,"No","No","No","No","Yes","No","No","No","No","No","No","No",,"Men","Lozi","","In their 60s",4,20
"43-06-63-67",1,"Yes","No","No","No","No","No","No","No","No","No","No","No",,"Men","Lozi","","In their 40s",2,1
"43-06-63-67",2,"No","No","No","No","No","No","No","Yes","No","No","No","No",,"Men","Lozi","","In their 40s",2,2
"28-10-90-34",1,"No","No","No","No","No","No","Yes","No","No","No","No","No",,"Men","Mafwe","","In their 40s",25,25
"28-10-90-34",2,"No","No","No","No","No","Yes","Yes","No","No","No","No","No",,"Women","Mafwe","","In their 40s",29,20
"28-10-90-34",3,"No","No","No","No","No","No","Yes","No","No","No","No","No",,"Women","Mafwe","","In their 50s",24,15
"13-06-00-33",1,"No","Yes","No","No","No","No","No","No","No","No","No","No",,"Men","Subia","","In their 50s",5,0
"13-06-00-33",2,"Yes","No","No","No","No","No","No","No","No","No","No","No",,"Men","Mafwe","","In their 50s",0,0
"93-88-34-77",1,"No","No","No","No","No","No","No","No","No","Yes","No","No",,"Women","Mafwe","","In their 40s",0,1
"93-88-34-77",2,"No","No","No","No","No","No","No","No","No","Yes","No","No",,"Women","Mafwe","","In their 40s",4,1
"93-88-34-77",3,"No","No","No","No","No","No","No","No","No","Yes","No","No",,"Men","Mafwe","","In their 40s",2,1
"77-13-46-95",1,"No","No","No","No","Yes","No","No","No","No","No","No","No",,"Men","Subia","","In their 60s",10,3
"77-13-46-95",2,"No","No","No","No","Yes","No","Yes","No","No","No","No","No",,"Men","Subia","","In their 50s",10,3
"77-13-46-95",3,"No","No","No","No","Yes","No","No","No","No","No","No","No",,"Men","Subia","","In their 60s",8,3
"54-15-29-03",1,"No","No","No","No","No","Yes","No","No","No","No","No","No",,"Women","Subia","","In their 40s",2,3
"54-15-29-03",2,"No","No","No","No","No","Yes","No","No","No","No","No","No",,"Women","Subia","","In their 60s",2,3
"58-43-21-07",1,"No","No","No","No","Yes","No","No","No","No","No","No","No",,"Women","Subia","","In their 60s",10,5
"58-43-21-07",2,"No","No","No","No","Yes","No","No","No","No","No","No","No",,"Women","Subia","","In their 40s",10,5
"58-43-21-07",3,"No","No","No","No","Yes","No","No","No","No","No","No","No",,"Women","Subia","","In their 60s",10,5
"54-82-42-61",1,"No","No","No","No","No","No","No","No","No","Yes","No","No",,"Men","Mafwe","","&gt;70",6,0
"54-82-42-61",2,"No","No","No","No","Yes","No","No","No","No","No","No","No",,"Men","Mafwe","","In their 50s",0,0
"54-82-42-61",3,"No","No","No","No","No","No","No","No","No","Yes","No","No",,"Women","Mafwe","","In their 60s",4,0
"31-76-77-10",1,"No","No","Yes","No","No","No","No","No","No","No","No","No",,"Men","Subia","","In their 50s",2,0
"75-33-12-39",1,"No","Yes","No","No","No","Yes","No","No","No","No","No","No",,"Women","Subia","","In their 50s",25,25
"75-33-12-39",2,"No","Yes","No","No","No","Yes","No","No","No","No","No","No",,"Men","Lozi","","In their 50s",25,25
"75-33-12-39",3,"No","No","No","No","No","No","Yes","No","No","No","No","No",,"Women","Subia","","In their 40s",20,20
"47-33-25-93",1,"No","No","No","No","No","No","Yes","No","No","No","No","No",,"Women","Lozi","","In their 60s",10,3
"35-34-76-48",1,"No","No","No","No","No","No","No","No","No","Yes","No","No",,"Women","Mafwe","","In their 40s",4,0
"35-34-76-48",2,"No","Yes","No","No","No","No","No","No","No","No","No","No",,"Men","Other","White","&gt;70",0,0
"26-98-60-20",1,"No","No","No","No","No","No","Yes","No","No","No","No","No",,"Men","Lozi","","In their 20s",4,4
"26-98-60-20",2,"No","No","No","No","No","No","Yes","No","No","No","No","No",,"Men","Lozi","","In their 30s",5,5
"26-98-60-20",3,"No","No","No","No","No","No","Yes","No","No","No","No","No",,"Women","Lozi","","In their 30s",1,1
"20-88-32-55",1,"No","Yes","No","No","No","No","No","No","No","No","No","No",,"Men","Subia","","&gt;70",3,0
"20-88-32-55",2,"No","No","No","No","No","No","No","No","No","Yes","No","No",,"Women","Subia","","In their 50s",3,0
"73-42-30-97",1,"No","No","No","No","Yes","No","No","No","No","No","No","No",,"Women","Subia","","In their 60s",2,4
"73-42-30-97",2,"No","No","No","No","Yes","No","No","No","No","No","No","No",,"Men","Subia","","In their 50s",1,4
"73-42-30-97",3,"No","No","No","No","No","No","Yes","No","No","No","No","No",,"Women","Subia","","In their 60s",20,4
"38-84-78-59",1,"No","No","No","No","Yes","No","No","No","No","No","No","No",,"Men","Lozi","","In their 40s",1,10
"70-09-32-42",1,"No","No","No","No","Yes","No","No","No","No","No","No","No",,"Men","Subia","","In their 60s",1,4
"70-09-32-42",2,"No","No","No","No","No","No","No","No","No","Yes","No","No",,"Men","Subia","","In their 50s",1,1
"70-09-32-42",3,"No","No","No","No","No","No","No","No","No","No","No","Yes",,"Others","Subia","","In their 20s",0,0
"76-04-07-19",1,"No","No","No","No","No","No","No","No","No","No","Yes","No",,"Men","Lozi","","In their 50s",0,0
"70-32-51-26",1,"No","No","Yes","No","No","No","No","No","No","No","No","No",,"Men","Subia","","In their 50s",1,5
"56-61-77-64",1,"No","No","No","No","No","No","No","No","Yes","No","No","No",,"Women","Subia","","In their 50s",5,5
"56-61-77-64",2,"No","No","No","No","No","No","No","No","Yes","No","No","No",,"Women","Subia","","In their 30s",4,4
"56-61-77-64",3,"No","No","No","No","No","No","No","No","Yes","No","No","No",,"Men","Lozi","","In their 20s",2,2
"50-82-91-34",1,"No","Yes","No","No","No","No","No","No","No","No","No","No",,"Men","Lozi","","In their 30s",10,5
"50-82-91-34",2,"No","No","No","Yes","No","No","No","No","No","No","No","No",,"Men","Lozi","","In their 20s",3,3
"50-82-91-34",3,"No","No","No","No","No","No","Yes","No","No","No","No","No",,"Men","Lozi","","In their 20s",29,5
"83-60-63-11",1,"No","Yes","No","No","No","No","No","No","No","No","No","No",,"Men","Lozi","","&gt;70",3,0
"83-60-63-11",2,"No","Yes","No","No","No","No","No","No","No","No","No","No",,"Men","Lozi","","In their 50s",4,0
"83-60-63-11",3,"No","No","No","Yes","No","No","No","No","No","No","No","No",,"Men","Lozi","","In their 50s",7,3
"80-51-82-08",1,"No","No","Yes","No","No","No","No","No","No","No","No","No",,"Men","Lozi","","&gt;70",20,20
"80-51-82-08",2,"No","No","No","No","Yes","No","No","No","No","No","No","No",,"Men","Lozi","","&gt;70",29,20
"80-51-82-08",3,"No","No","No","No","Yes","No","No","No","No","No","No","No",,"Men","Lozi","","In their 60s",20,20
"49-80-85-60",1,"No","No","No","No","No","No","No","No","Yes","No","No","No",,"Men","Mafwe","","In their 60s",3,3
"49-80-85-60",2,"Yes","No","No","No","No","No","No","No","No","No","No","No",,"Men","Mafwe","","In their 50s",2,2
"49-80-85-60",3,"No","No","No","No","No","No","Yes","No","No","No","No","No",,"Women","Mafwe","","&gt;70",10,10
"81-64-86-08",1,"No","No","No","No","Yes","No","No","No","No","No","No","No",,"Men","Lozi","","In their 40s",0,0
"33-82-62-40",1,"No","No","No","No","No","No","Yes","No","No","No","No","No",,"Women","Lozi","","In their 60s",25,25
"33-82-62-40",2,"No","No","No","No","No","No","Yes","No","No","No","No","No",,"Women","Lozi","","In their 60s",26,26
"33-82-62-40",3,"No","No","No","No","No","No","Yes","No","No","No","No","No",,"Men","Lozi","","In their 30s",20,20
"56-48-48-33",1,"No","Yes","No","No","No","No","No","No","No","No","No","No",,"Men","Lozi","","In their 50s",4,4
"19-43-49-26",1,"No","No","No","No","Yes","No","No","No","No","No","No","No",,"Women","Lozi","","In their 60s",5,0
"19-43-49-26",2,"No","No","No","No","Yes","No","No","No","No","No","No","No",,"Men","Lozi","","In their 60s",0,0
"19-43-49-26",3,"No","No","No","No","Yes","No","No","No","No","No","No","No",,"Men","Lozi","","In their 50s",1,2
"52-63-91-75",1,"No","No","No","No","No","No","No","No","No","Yes","No","No",,"Men","Lozi","","In their 40s",0,0
"60-93-32-66",1,"No","No","No","No","No","No","Yes","No","No","No","No","No",,"Women","Lozi","","In their 60s",26,26
"60-93-32-66",2,"No","No","No","No","No","No","Yes","No","No","No","No","No",,"Men","Lozi","","In their 40s",25,25
"37-44-93-64",1,"No","No","No","No","No","No","No","No","Yes","No","No","No",,"Women","Subia","","In their 60s",4,4
"37-44-93-64",2,"No","No","No","No","No","No","No","No","Yes","No","No","No",,"Women","Subia","","In their 60s",2,2
"37-44-93-64",3,"No","No","No","No","No","No","No","No","Yes","No","No","No",,"Women","Subia","","In their 40s",1,1
"83-19-87-02",1,"No","No","No","No","No","Yes","No","No","No","No","No","No",,"Women","Lozi","","In their 30s",13,2
"83-19-87-02",2,"No","No","No","No","No","No","Yes","No","No","No","No","No",,"Women","Lozi","","In their 40s",18,4
"83-19-87-02",3,"No","No","No","No","No","No","Yes","No","No","No","No","No",,"Men","Lozi","","In their 30s",16,3
"83-26-13-29",1,"No","No","No","No","Yes","No","No","No","No","No","No","No",,"Men","Subia","","In their 60s",6,3
"83-26-13-29",2,"No","No","No","No","Yes","No","No","No","No","No","No","No",,"Men","Subia","","In their 60s",4,5
"83-26-13-29",3,"No","No","No","No","Yes","No","No","No","No","No","No","No",,"Men","Subia","","In their 40s",10,6
"02-40-91-04",1,"No","No","No","No","Yes","No","No","Yes","No","No","No","No",,"Women","Subia","","In their 50s",2,20
"02-40-91-04",2,"No","No","No","No","Yes","No","No","No","No","No","No","No",,"Women","Subia","","In their 50s",7,20
"02-40-91-04",3,"No","No","No","No","Yes","No","No","No","No","No","No","No",,"Women","Subia","","In their 40s",2,20
"31-74-57-88",1,"No","No","No","No","No","No","Yes","No","No","No","No","No",,"Women","Lozi","","In their 40s",3,3
"09-16-66-27",1,"Yes","No","No","No","No","No","Yes","No","No","No","No","No",,"Men","Other","mbalangwe","In their 30s",25,25
"02-99-67-45",1,"No","No","No","No","No","No","Yes","No","No","No","No","No",,"Women","Subia","","In their 50s",28,28
"02-99-67-45",2,"No","No","No","No","No","No","Yes","No","No","No","No","No",,"Men","Lozi","","&gt;70",24,24
"18-26-92-76",1,"No","No","No","No","No","No","Yes","No","No","No","No","No",,"Men","Lozi","","In their 60s",20,5
"18-26-92-76",2,"No","No","No","No","No","No","Yes","No","No","No","No","No",,"Women","Lozi","","In their 60s",20,5
"54-98-92-77",1,"No","No","No","No","No","No","No","No","No","Yes","No","No",,"Men","Other","yeyi","In their 40s",28,0
"54-98-92-77",2,"No","No","No","No","Yes","No","No","No","No","No","No","No",,"Women","Other","yeyi","In their 30s",28,5
"54-98-92-77",3,"No","No","No","No","No","No","No","No","No","Yes","No","No",,"Men","Other","yeyi","In their 40s",25,0
"94-90-21-30",1,"No","No","No","No","No","No","Yes","No","No","No","No","No",,"Men","Lozi","","In their 40s",20,20
"34-25-16-71",1,"No","No","No","No","No","No","No","No","No","Yes","No","No",,"Men","Subia","","&gt;70",4,4
"26-18-25-14",1,"No","No","No","No","No","No","Yes","No","No","No","No","No",,"Men","Lozi","","In their 50s",3,0
"62-93-86-46",1,"No","No","No","No","No","No","No","No","No","Yes","No","No",,"Men","Subia","","In their 50s",1,30
"62-93-86-46",2,"No","No","No","No","No","No","No","No","No","Yes","No","No",,"Men","Subia","","In their 50s",1,30
"62-93-86-46",3,"No","No","No","No","No","No","No","No","No","Yes","No","No",,"Women","Subia","","In their 40s",1,30
"85-20-92-08",1,"No","No","No","No","No","No","No","Yes","No","No","No","No",,"Women","Other","totela","In their 30s",7,4
"85-20-92-08",2,"Yes","No","No","No","No","No","No","No","No","No","No","No",,"Men","Subia","","In their 20s",7,4
"85-20-92-08",3,"No","No","Yes","No","No","No","No","No","No","No","No","No",,"Men","Lozi","","In their 50s",1,4
"65-60-16-01",1,"No","No","No","No","No","No","No","No","No","Yes","No","No",,"Men","Other","Shona","In their 50s",29,9
"65-60-16-01",2,"Yes","No","No","No","No","No","No","No","No","No","No","No",,"Men","Other","yeyi","In their 50s",10,10
"65-60-16-01",3,"No","No","No","Yes","No","No","No","No","No","No","No","No",,"Men","Other","yeyi","In their 40s",12,10
"83-41-72-29",1,"No","No","No","No","Yes","No","No","No","No","Yes","No","No",,"Women","Subia","","&gt;70",4,3
"83-41-72-29",2,"No","No","No","No","Yes","No","No","No","No","No","No","No",,"Men","Subia","","&gt;70",1,3
"21-46-08-35",1,"No","No","No","No","Yes","No","No","No","No","No","No","No",,"Men","Lozi","","In their 50s",0,10
"21-46-08-35",2,"No","No","No","No","No","Yes","No","No","No","No","No","No",,"Men","Lozi","","In their 40s",3,10
"37-32-34-84",1,"No","No","No","No","No","No","No","No","No","Yes","No","No",,"Men","Lozi","","In their 60s",5,10
"37-32-34-84",2,"No","No","No","No","No","No","No","No","No","Yes","No","No",,"Men","Lozi","","In their 50s",5,10
"13-52-22-69",1,"No","No","No","No","Yes","No","No","No","No","No","No","No",,"Men","Lozi","","In their 60s",0,0
"13-52-22-69",2,"No","No","No","No","Yes","No","No","No","No","No","No","No",,"Men","Lozi","","In their 50s",0,0
"39-17-92-41",1,"No","No","No","No","Yes","No","No","No","Yes","No","No","No",,"Men","Subia","","In their 60s",20,4
"39-17-92-41",2,"No","Yes","No","No","No","Yes","No","No","No","No","No","No",,"Women","Mafwe","","In their 40s",28,0
"39-17-92-41",3,"No","No","No","No","No","Yes","Yes","No","Yes","No","No","No",,"Women","Other","Yeyi","In their 60s",28,8
"33-45-72-89",1,"No","No","No","No","No","No","No","No","No","Yes","No","No",,"Men","Lozi","","In their 40s",4,7
"33-45-72-89",2,"No","No","No","No","No","No","No","No","No","Yes","No","No",,"Men","Lozi","","In their 50s",1,7
"33-45-72-89",3,"No","No","No","No","No","No","No","No","No","Yes","No","No",,"Men","Lozi","","In their 60s",2,7
"31-31-05-64",1,"No","No","No","No","No","No","Yes","No","No","No","No","No",,"Men","Lozi","","In their 50s",11,2
"86-99-45-42",1,"No","No","No","No","No","No","No","No","No","Yes","No","No",,"Women","Subia","","In their 50s",20,10
"86-99-45-42",2,"No","No","No","No","No","No","No","No","No","Yes","No","No",,"Women","Subia","","In their 20s",5,5
"86-99-45-42",3,"No","No","No","No","No","No","No","No","No","Yes","No","No",,"Women","Subia","","In their 20s",3,3
"56-98-53-98",1,"No","No","No","No","No","No","Yes","No","No","No","No","No",,"Women","Lozi","","In their 40s",12,2
"56-98-53-98",2,"No","No","No","No","No","No","Yes","No","No","No","No","No",,"Women","Lozi","","In their 40s",19,4
"56-36-96-19",1,"No","No","No","No","No","No","Yes","No","No","No","No","No",,"Men","Lozi","","In their 30s",15,15
"56-36-96-19",2,"No","No","No","No","No","No","Yes","No","No","No","No","No",,"Men","Lozi","","In their 40s",10,10
"50-58-13-59",1,"No","No","No","No","Yes","No","No","No","No","No","No","No",,"Men","Lozi","","In their 40s",1,7
"50-58-13-59",2,"No","No","No","No","Yes","No","No","No","No","No","No","No",,"Men","Lozi","","In their 60s",1,7
"50-58-13-59",3,"No","No","No","No","No","Yes","No","No","No","No","No","No",,"Women","Lozi","","In their 30s",4,7
"96-16-19-85",1,"No","No","No","No","Yes","No","No","No","No","No","No","No",,"Women","Subia","","In their 60s",28,28
"96-16-19-85",2,"No","No","No","No","Yes","No","Yes","No","Yes","No","No","No",,"Men","Subia","","In their 60s",28,7
"96-16-19-85",3,"No","No","No","No","Yes","No","No","No","No","No","No","No",,"Men","Subia","","In their 60s",2,2
"64-96-31-31",1,"No","No","Yes","No","No","No","No","No","No","No","No","No",,"Men","Lozi","","In their 60s",5,0
"64-96-31-31",2,"No","No","No","No","No","No","No","No","No","Yes","No","No",,"Men","Lozi","","In their 40s",2,0
"64-96-31-31",3,"No","No","No","No","No","No","No","No","No","Yes","No","No",,"Men","Lozi","","In their 40s",1,0
"12-39-25-67",1,"No","No","Yes","No","No","No","No","No","No","No","No","No",,"Men","Lozi","","In their 60s",12,2
"12-39-25-67",2,"No","No","No","No","No","Yes","No","No","No","No","No","No",,"Women","Lozi","","In their 60s",23,2
"12-39-25-67",3,"No","No","No","No","No","Yes","No","No","No","No","No","No",,"Women","Lozi","","In their 50s",9,2
"94-38-82-64",1,"No","No","Yes","No","No","No","No","No","No","No","No","No",,"Women","Lozi","","In their 50s",10,2
"94-38-82-64",2,"No","No","Yes","No","No","No","No","No","No","No","No","No",,"Men","Lozi","","In their 60s",3,1
"94-38-82-64",3,"No","No","No","No","No","Yes","No","No","No","No","No","No",,"Men","Lozi","","&gt;70",5,2
"32-40-73-26",1,"No","No","No","No","No","No","Yes","No","No","No","No","No",,"Women","Lozi","","In their 40s",29,29
"32-40-73-26",2,"No","No","No","No","No","No","Yes","No","No","No","No","No",,"Women","Lozi","","In their 50s",25,25
"27-85-21-15",1,"No","No","No","No","Yes","No","No","No","No","No","No","No",,"Women","Subia","","In their 50s",16,2
"27-85-21-15",2,"No","No","No","Yes","No","No","No","No","No","No","No","No",,"Men","Mafwe","","In their 40s",5,1
"27-85-21-15",3,"No","No","No","No","No","No","No","No","No","Yes","No","No",,"Men","Lozi","","In their 40s",2,1
"72-31-90-61",1,"No","No","No","No","No","Yes","No","No","No","No","No","No",,"Women","Lozi","","In their 60s",12,2
"72-31-90-61",2,"No","No","No","No","No","No","Yes","No","No","No","No","No",,"Women","Lozi","","In their 50s",6,1
"72-31-90-61",3,"Yes","No","No","No","No","No","No","No","No","No","No","No",,"Women","Lozi","","In their 50s",15,2
"80-54-37-07",1,"No","No","No","No","No","Yes","No","No","No","No","No","No",,"Women","Mafwe","","In their 50s",2,1
"36-19-32-95",1,"No","No","No","No","No","No","Yes","No","No","No","No","No",,"Men","Subia","","In their 60s",2,2
"36-19-32-95",2,"No","No","No","No","No","Yes","No","No","No","No","No","No",,"Women","Subia","","In their 60s",2,2
"36-19-32-95",3,"Yes","No","No","No","No","No","No","No","No","No","No","No",,"Women","Subia","","In their 40s",3,3
"75-71-40-40",1,"No","No","No","No","No","No","Yes","No","No","No","No","No",,"Women","Mafwe","","In their 40s",29,29
"75-71-40-40",2,"No","No","No","No","No","No","Yes","No","No","No","No","No",,"Women","Mafwe","","&gt;70",29,6
"75-71-40-40",3,"No","No","No","No","No","No","Yes","No","No","No","No","No",,"Women","Mafwe","","In their 60s",4,4
"37-54-02-07",1,"No","No","No","No","No","Yes","No","No","No","No","No","No",,"Women","Lozi","","In their 30s",19,2
"37-54-02-07",2,"No","No","No","No","No","Yes","No","No","No","No","No","No",,"Women","Lozi","","In their 50s",5,2
"37-54-02-07",3,"No","No","No","No","No","Yes","No","No","No","No","No","No",,"Women","Lozi","","In their 30s",14,3
"60-74-79-59",1,"No","No","No","No","Yes","No","No","No","No","No","No","No",,"Women","Lozi","","&gt;70",1,4
"60-74-79-59",2,"No","No","No","No","Yes","No","Yes","No","No","No","No","No",,"Men","Lozi","","&gt;70",1,4
"60-74-79-59",3,"No","No","No","No","Yes","No","Yes","No","No","No","No","No",,"Men","Lozi","","In their 60s",1,4
"96-89-11-69",1,"No","No","No","No","Yes","No","No","No","No","No","No","No",,"Men","Other","mbalangwe","In their 50s",3,30
"96-89-11-69",2,"No","No","No","No","Yes","No","No","No","No","No","No","No",,"Women","Other","mbalangwe","In their 60s",4,30
"44-81-28-86",1,"No","No","No","No","No","No","Yes","No","No","No","No","No",,"Men","Lozi","","In their 50s",15,0
"44-81-28-86",2,"No","No","No","No","No","No","No","No","Yes","No","No","No",,"Men","Lozi","","In their 30s",18,0
"44-81-28-86",3,"No","No","No","No","Yes","No","No","No","No","No","No","No",,"Women","Lozi","","In their 50s",23,19
"33-26-68-81",1,"No","No","No","No","No","No","No","No","Yes","No","No","No",,"Women","Subia","","In their 50s",29,3
"33-26-68-81",2,"No","No","No","No","No","No","Yes","No","No","No","No","No",,"Women","Subia","","In their 60s",4,2
"33-26-68-81",3,"No","Yes","No","No","No","No","Yes","No","No","No","No","No",,"Women","Subia","","In their 60s",9,3
"12-27-31-91",1,"No","No","No","No","No","No","Yes","No","No","No","No","No",,"Men","Other","Yeyi","In their 30s",2,2
"12-27-31-91",2,"No","No","No","No","No","No","Yes","No","No","No","No","No",,"Men","Other","Yeyi","In their 40s",1,1
"12-27-31-91",3,"No","No","No","No","No","No","Yes","No","No","No","No","No",,"Women","Other","Yeyi","In their 30s",3,3
"44-39-19-46",1,"No","No","No","Yes","No","No","No","No","No","No","No","No",,"Women","Lozi","","In their 40s",2,1
"44-39-19-46",2,"No","No","No","No","No","Yes","No","No","No","No","No","No",,"Men","Lozi","","In their 50s",16,6
"44-39-19-46",3,"No","No","No","No","No","Yes","No","No","No","No","No","No",,"Men","Lozi","","In their 50s",18,2
"19-73-20-43",1,"No","Yes","No","No","No","No","No","No","No","No","No","No",,"Men","Lozi","","In their 60s",8,1
"19-73-20-43",2,"No","No","No","Yes","No","No","No","No","No","No","No","No",,"Women","Lozi","","In their 50s",12,2
"19-73-20-43",3,"No","No","No","Yes","No","No","No","No","No","No","No","No",,"Men","Lozi","","In their 40s",2,2
"86-42-35-25",1,"No","No","No","No","No","No","Yes","No","No","No","No","No",,"Men","Lozi","","In their 40s",4,4
"86-42-35-25",2,"No","No","No","Yes","No","No","No","No","No","No","No","No",,"Men","Subia","","In their 30s",3,4
"86-42-35-25",3,"No","No","No","No","No","No","Yes","No","No","No","No","No",,"Men","Subia","","In their 30s",2,3
"21-53-70-02",1,"No","No","No","No","No","Yes","No","No","No","No","No","No",,"Men","Subia","","In their 50s",14,2
"36-25-22-73",1,"No","Yes","No","No","No","No","No","No","No","No","No","No",,"Men","Subia","","In their 50s",0,0
"36-25-22-73",2,"No","Yes","No","Yes","No","No","No","No","No","No","No","No",,"Women","Subia","","In their 50s",8,1
"61-61-32-11",1,"No","No","No","No","Yes","No","No","No","No","No","No","No",,"Men","Lozi","","In their 60s",5,0
"61-61-32-11",2,"Yes","No","No","No","No","No","No","No","No","No","No","No",,"Men","Lozi","","In their 40s",0,0
"61-61-32-11",3,"Yes","No","No","No","No","No","No","No","No","No","No","No",,"Men","Lozi","","In their 40s",0,0
"57-36-34-63",1,"No","No","No","No","Yes","No","No","No","No","No","No","No",,"Men","Subia","","In their 60s",4,4
"57-36-34-63",2,"No","No","No","No","Yes","No","No","No","No","No","No","No",,"Women","Subia","","In their 60s",10,4
"57-36-34-63",3,"No","No","No","No","Yes","No","Yes","No","No","No","No","No",,"Women","Subia","","&gt;70",10,4
"33-70-72-42",1,"No","No","No","No","No","Yes","No","No","No","No","No","No",,"Men","Lozi","","In their 30s",3,1
"52-18-64-85",1,"No","No","No","No","Yes","No","No","No","No","No","No","No",,"Men","Mafwe","","In their 60s",3,2
"52-18-64-85",2,"No","No","No","No","Yes","No","No","No","No","No","No","No",,"Women","Mafwe","","In their 50s",2,2
"52-18-64-85",3,"No","No","No","No","Yes","No","No","No","No","No","No","No",,"Men","Mafwe","","In their 50s",5,2
"42-07-25-32",1,"No","No","No","No","No","No","Yes","No","No","No","No","Yes",,"Women","Mafwe","","In their 40s",2,3
"42-07-25-32",2,"No","No","No","No","No","No","No","No","No","No","No","Yes",,"Men","Subia","","In their 40s",1,2
"42-07-25-32",3,"No","No","No","No","Yes","No","No","No","No","No","No","No",,"Men","Lozi","","In their 40s",7,1
"39-53-01-83",1,"No","No","No","No","No","Yes","No","No","No","No","No","No",,"Men","Lozi","","In their 60s",29,2
"39-53-01-83",2,"No","No","No","No","No","No","Yes","No","No","No","No","No",,"Men","Lozi","","In their 50s",20,2
"39-53-01-83",3,"No","No","No","No","No","No","Yes","No","No","No","No","No",,"Women","Lozi","","&gt;70",20,7
"33-51-31-80",1,"No","No","No","No","No","No","No","No","No","No","No","Yes",,"Men","Lozi","","In their 20s",0,0
"33-51-31-80",2,"No","No","No","No","No","No","No","No","No","No","No","Yes",,"Men","Lozi","","In their 20s",0,0
"33-51-31-80",3,"No","No","No","No","No","No","No","No","No","No","No","Yes",,"Men","Lozi","","In their 20s",0,0
"94-39-43-68",1,"No","No","No","No","Yes","No","Yes","No","No","No","No","No",,"Men","Subia","","In their 40s",4,5
"94-39-43-68",2,"No","No","No","No","No","No","Yes","No","No","No","No","No",,"Men","Subia","","In their 40s",4,5
"94-39-43-68",3,"No","No","No","No","Yes","No","No","No","No","No","No","No",,"Women","Subia","","In their 50s",5,5
"03-54-18-25",1,"No","No","No","No","No","Yes","No","No","No","No","No","No",,"Men","Subia","","In their 50s",2,2
"27-58-94-59",1,"No","No","No","No","Yes","No","No","No","No","No","No","No",,"Men","Lozi","","In their 50s",25,6
"27-58-94-59",2,"No","No","No","No","Yes","No","No","No","No","No","No","No",,"Men","Lozi","","In their 50s",0,0
"27-58-94-59",3,"No","No","No","No","No","No","No","No","No","Yes","No","No",,"Men","Lozi","","In their 40s",0,0
"33-86-19-67",1,"No","No","Yes","No","No","No","No","No","No","No","No","No",,"Men","Subia","","In their 60s",4,6
"33-86-19-67",2,"No","No","No","No","Yes","No","No","No","No","No","No","No",,"Men","Subia","","In their 60s",4,10
"33-86-19-67",3,"No","No","No","No","Yes","No","No","No","No","No","No","No",,"Women","Subia","","&gt;70",4,4
"09-53-75-86",1,"No","No","No","Yes","No","No","No","No","No","No","No","No",,"Men","Mafwe","","In their 50s",3,3
"85-34-92-87",1,"No","No","No","No","No","No","No","No","No","Yes","No","No",,"Men","Subia","","In their 40s",2,10
"85-34-92-87",2,"No","No","No","No","No","No","No","No","No","Yes","No","No",,"Men","Subia","","In their 40s",4,10
"75-94-09-47",1,"No","No","No","No","No","No","No","No","No","Yes","No","No",,"Men","Subia","","In their 40s",4,1
"75-94-09-47",2,"Yes","No","No","No","No","No","No","No","No","No","No","No",,"Men","Subia","","In their 40s",4,1
"75-94-09-47",3,"No","No","No","No","No","No","No","No","No","Yes","No","No",,"Women","Subia","","In their 30s",4,1
"84-71-43-61",1,"Yes","No","No","No","No","No","No","No","No","No","No","No",,"Men","Subia","","In their 40s",3,3
"84-71-43-61",2,"No","No","No","No","No","No","No","No","No","Yes","No","No",,"Men","Subia","","In their 50s",5,5
"84-71-43-61",3,"No","No","No","No","No","No","No","No","No","Yes","No","No",,"Men","Subia","","In their 60s",2,2
"07-42-93-10",1,"No","No","Yes","No","No","No","No","No","No","No","No","No",,"Men","Subia","","In their 60s",6,9
"06-11-12-17",1,"No","No","No","Yes","No","No","No","No","No","No","No","No",,"Men","Subia","","In their 40s",6,4
"06-11-12-17",2,"No","No","No","No","No","No","Yes","No","No","No","No","No",,"Men","Subia","","In their 50s",8,8
"06-11-12-17",3,"No","No","No","Yes","No","No","No","No","No","No","No","No",,"Men","Lozi","","In their 30s",10,3
"15-55-21-38",1,"No","No","No","No","No","No","No","No","No","Yes","No","No",,"Men","Subia","","In their 30s",15,10
"15-55-21-38",2,"No","No","No","No","No","No","No","No","No","Yes","No","No",,"Men","Subia","","In their 30s",10,10
"15-55-21-38",3,"No","No","No","No","No","No","No","No","No","Yes","No","No",,"Men","Subia","","In their 50s",4,4
"61-89-87-62",1,"No","No","No","No","No","No","Yes","No","No","No","No","No",,"Men","Subia","","In their 50s",1,1
"61-89-87-62",2,"No","No","No","No","No","No","No","No","Yes","No","No","No",,"Women","Subia","","In their 60s",2,2
"61-89-87-62",3,"No","No","No","No","No","No","Yes","No","No","No","No","No",,"Women","Subia","","In their 50s",5,5
"05-53-30-00",1,"No","No","No","No","No","No","Yes","No","No","No","No","No",,"Women","Mafwe","","In their 20s",20,10
"05-53-30-00",2,"No","No","No","No","No","Yes","No","No","No","No","No","No",,"Women","Mafwe","","In their 40s",6,5
"05-53-30-00",3,"No","No","No","No","No","Yes","No","No","No","No","No","No",,"Women","Mafwe","","In their 50s",20,2
"00-18-71-95",1,"Yes","No","No","No","No","No","No","No","No","No","No","No",,"Women","Subia","","In their 20s",10,5
"00-18-71-95",2,"Yes","No","No","No","No","No","No","No","No","No","No","No",,"Men","Subia","","In their 50s",5,2
"00-18-71-95",3,"No","No","No","No","No","No","Yes","No","No","No","No","No",,"Women","Subia","","In their 20s",7,4
"93-03-74-23",1,"No","No","No","No","No","No","Yes","No","No","No","No","No",,"Women","Subia","","In their 40s",10,6
"93-03-74-23",2,"No","No","No","No","No","No","Yes","No","No","No","No","No",,"Women","Subia","","In their 40s",10,6
"93-03-74-23",3,"No","No","No","No","No","No","Yes","No","No","No","No","No",,"Women","Subia","","In their 30s",5,6
"98-02-00-97",1,"No","No","No","No","No","No","Yes","No","Yes","No","No","No",,"Women","Subia","","In their 50s",20,20
"98-02-00-97",2,"No","No","No","No","No","No","Yes","No","No","No","No","No",,"Women","Lozi","","In their 60s",15,15
"98-02-00-97",3,"No","No","No","No","No","No","Yes","No","No","No","No","No",,"Women","Lozi","","In their 50s",14,14
"39-55-54-03",1,"No","No","No","No","Yes","No","No","No","No","No","No","No",,"Men","Subia","","In their 30s",20,7
"39-55-54-03",2,"No","No","No","No","Yes","No","No","No","No","No","No","No",,"Men","Subia","","In their 30s",20,20
"39-55-54-03",3,"No","No","No","No","No","No","No","No","No","Yes","No","No",,"Women","Subia","","In their 30s",20,20
"55-64-77-57",1,"No","No","No","No","No","No","No","No","No","No","Yes","No",,"Men","Subia","","In their 60s",1,7
"55-64-77-57",2,"No","No","No","No","Yes","No","No","No","No","No","No","No",,"Men","Subia","","&gt;70",4,7
"55-64-77-57",3,"No","No","No","No","Yes","No","No","No","No","No","No","No",,"Women","Subia","","In their 40s",1,7
"12-97-85-94",1,"No","No","No","No","No","No","Yes","No","No","No","No","No",,"Men","Subia","","In their 40s",10,2
"12-97-85-94",2,"No","No","No","No","No","No","Yes","No","No","No","No","No",,"Men","Subia","","In their 50s",8,2
"12-97-85-94",3,"Yes","No","No","No","No","No","No","No","No","No","No","No",,"Men","Subia","","In their 40s",2,2
"85-58-05-93",1,"No","No","No","No","No","No","Yes","No","No","No","No","No",,"Women","Subia","","In their 60s",20,20
"36-06-01-35",1,"No","No","No","No","Yes","No","No","No","No","No","No","No",,"Men","Subia","","&gt;70",1,1
"11-36-65-74",1,"No","No","No","No","No","No","No","No","No","Yes","No","No",,"Men","Subia","","In their 60s",4,4
"11-36-65-74",2,"No","No","No","No","No","No","No","No","No","Yes","No","No",,"Women","Subia","","In their 50s",4,4
"11-36-65-74",3,"No","No","No","No","No","No","Yes","No","No","No","No","No",,"Women","Subia","","In their 20s",5,5
"87-74-62-05",1,"No","No","No","No","No","No","Yes","No","No","No","No","No",,"Men","Subia","","In their 50s",7,4
"87-74-62-05",2,"No","No","No","Yes","No","No","No","No","No","No","No","No",,"Men","Subia","","&gt;70",5,6
"87-74-62-05",3,"No","No","No","No","No","Yes","Yes","No","No","No","No","No",,"Men","Subia","","In their 40s",6,5
"74-09-83-15",1,"Yes","No","No","No","No","No","No","No","No","No","No","No",,"Men","Subia","","In their 30s",10,5
"74-09-83-15",2,"Yes","No","No","No","No","No","No","No","No","No","No","No",,"Men","Subia","","In their 30s",5,2
"74-09-83-15",3,"Yes","No","No","No","No","No","No","No","No","No","No","No",,"Women","Subia","","In their 30s",10,5
"99-86-29-88",1,"No","No","No","No","No","No","No","No","No","Yes","No","No",,"Men","Subia","","In their 60s",4,15
"99-86-29-88",2,"No","No","No","No","No","No","No","No","No","Yes","No","No",,"Women","Subia","","&gt;70",4,30
"99-86-29-88",3,"No","No","No","No","Yes","No","No","No","No","No","No","No",,"Women","Subia","","In their 40s",4,30
"10-97-13-34",1,"No","No","No","No","No","No","Yes","No","No","No","No","No",,"Men","Subia","","In their 40s",24,24
"10-97-13-34",2,"No","No","No","No","No","Yes","No","No","No","No","No","No",,"Men","Subia","","In their 50s",20,20
"53-72-96-12",1,"No","No","Yes","No","No","No","No","No","No","No","No","No",,"Men","Subia","","In their 60s",2,2
"22-21-62-20",1,"No","No","No","No","No","Yes","Yes","No","No","No","No","No",,"Men","Subia","","In their 30s",28,25
"22-21-62-20",2,"No","No","No","No","No","No","Yes","No","No","No","No","No",,"Men","Subia","","In their 40s",25,26
"64-31-79-16",1,"No","No","No","No","No","No","Yes","No","No","No","No","No",,"Women","Subia","","In their 30s",25,25
"64-31-79-16",2,"No","No","No","No","No","No","Yes","No","No","No","No","No",,"Women","Subia","","In their 50s",20,20
"64-31-79-16",3,"No","No","No","No","No","No","Yes","No","Yes","No","No","No",,"Women","Subia","","In their 50s",10,9
"01-18-26-42",1,"No","No","No","No","No","No","No","No","No","Yes","No","No",,"Men","Subia","","In their 60s",10,4
"82-55-52-94",1,"No","No","No","No","No","No","No","No","No","Yes","No","No",,"Women","Other","yeyi","In their 60s",0,0
"19-07-40-38",1,"Yes","No","No","No","No","No","No","No","No","No","No","No",,"Men","Other","Totela","&gt;70",1,0
"19-07-40-38",2,"No","No","No","No","No","No","Yes","No","No","No","No","No",,"Men","Other","totela","In their 60s",2,1
"19-07-40-38",3,"No","No","No","No","No","No","Yes","No","No","No","No","No",,"Men","Other","Totela","In their 60s",1,0
"65-17-55-88",1,"No","No","No","No","No","No","Yes","No","No","No","No","No",,"Women","Other","Totela","In their 20s",3,3
"65-17-55-88",2,"No","No","No","No","No","No","No","No","Yes","No","No","No",,"Women","Other","Totela","In their 40s",5,5
"65-17-55-88",3,"No","No","No","No","No","No","No","No","Yes","No","No","No",,"Women","Other","Totela","In their 40s",2,2
"71-44-93-64",1,"No","No","Yes","No","No","No","No","No","No","No","No","No",,"Men","Subia","","In their 60s",27,8
"71-44-93-64",2,"No","No","No","No","No","No","Yes","No","No","No","No","No",,"Men","Subia","","In their 50s",26,0
"34-19-14-62",1,"No","No","No","Yes","No","No","No","No","No","No","No","No",,"Men","Subia","","In their 50s",15,15
"34-19-14-62",2,"Yes","No","No","No","No","No","No","No","No","No","No","No",,"Men","Subia","","In their 30s",10,2
"34-19-14-62",3,"No","No","No","No","No","No","Yes","No","No","No","No","No",,"Men","Subia","","In their 50s",29,10
"22-51-06-37",1,"No","No","No","Yes","No","No","No","No","No","No","No","No",,"Others","Subia","","&gt;70",0,0
"22-51-06-37",2,"No","No","Yes","No","No","No","No","No","No","No","No","No",,"Men","Subia","","&gt;70",0,0
"27-70-53-20",1,"No","No","No","No","No","No","Yes","No","No","No","No","No",,"Women","Subia","","In their 60s",25,2
"27-70-53-20",2,"No","No","No","No","No","No","Yes","No","No","No","No","No",,"Women","Subia","","In their 40s",23,9
"27-70-53-20",3,"No","No","No","No","No","No","Yes","No","No","No","No","No",,"Men","Subia","","In their 60s",9,1
"98-81-19-82",1,"Yes","No","No","No","No","No","No","No","No","No","No","No",,"Men","Subia","","In their 50s",0,0
"98-81-19-82",2,"No","No","No","Yes","No","No","No","No","No","No","No","No",,"Women","Subia","","In their 40s",2,0
"98-81-19-82",3,"No","No","No","No","Yes","No","No","No","No","No","No","No",,"Men","Subia","","In their 50s",0,0
"39-67-03-82",1,"No","No","No","No","Yes","No","No","No","No","No","No","No",,"Women","Subia","","In their 60s",25,10
"39-67-03-82",2,"No","No","No","No","Yes","Yes","No","No","No","No","No","No",,"Men","Subia","","In their 60s",8,5
"39-67-03-82",3,"No","No","No","No","Yes","No","No","No","Yes","No","No","No",,"Women","Subia","","In their 40s",6,3
"46-14-07-81",1,"Yes","No","No","No","No","No","No","No","No","No","No","No",,"Men","Subia","","In their 30s",2,6
"46-14-07-81",2,"Yes","No","No","No","No","No","No","No","No","No","No","No",,"Men","Subia","","In their 30s",4,5
"46-14-07-81",3,"No","No","No","No","Yes","No","No","No","No","No","No","No",,"Men","Subia","","&gt;70",5,7
