interview__key,r_crop__id,crop_area,cp06,crop_harvest,crop_output,crop_unit,crop_unit_1,crop_sale,crop_saleamt,crop_slunits,crop_slunits_1,crop_price,crop_buyer__1,crop_buyer__2,crop_buyer__3,crop_buyer__4,crop_buyer__5,crop_buyer__6,crop_buyer__96,crop_buyer_oth,crop_buyer_where,crop_homecons,crop_clunits,crop_cunits_1,crop_inkind_pay,payment_unit,payment_unit_oth,crop_gifts,gift_unit,gift_unit_oth,cp_stor,crop_oth_uses,cpunits2_oth,ouses_unit,ouses_unit_oth,cpamt,cpunits2,crop_ouse_oth,crp_irrig,irrig,irrig_others,irrig_method__1,irrig_method__2,irrig_method__3,irrig_method__4,irrig_method__5,irrig_method__96,irrig_method__n888,irrig_method__n999,seed,var_trait_1__1,var_trait_1__2,var_trait_1__3,var_trait_1__4,var_trait_1__5,var_trait_1__6,var_trait_1__7,var_trait_1__8,var_trait_1__9,var_trait_1__10,var_trait_1__11,var_trait_1__12,var_trait_1__13,var_trait_1__14,var_trait_1__15,var_trait_1__16,var_trait_1__17,var_trait_1__18,var_trait_1__19,var_trait_1__20,var_trait_1__96,var_trait_1_other,reason_imp_seed__1,reason_imp_seed__2,reason_imp_seed__3,reason_imp_seed__4,reason_imp_seed__5,reason_imp_seed__6,reason_imp_seed__7,reason_imp_seed__96,reason_imp_seed_oth,seed_source_1,seed_source_oth_1,seed_amt_1,seed_amtunits,seed_amtunits_oth,seed_price_1,cp07,cp08,reason_fert__1,reason_fert__2,reason_fert__3,reason_fert__4,reason_fert__5,reason_fert__6,reason_fert__7,reason_fert__96,reason_fert_oth,cp09,cp11
"85-11-91-18","BEANS/COWPEA","0.5","Yes","No",,,"",,,,"",,,,,,,,,,,,,"",,,"",,,"","No",,"",,"",,,"","Yes","Dam","","No","No","No","No","No","Yes","No","No",,"No","No","No","No","No","No","No","No","No","No","No","No","No","No","No","No","No","No","Yes","No","No",,"Yes",,"No","No","No","No","No","No",,,,"Yes",,,,"Yes","No","Yes","No","No","No","No","No","No","No",,"No","No"
"85-11-91-18","MAIZE","1","Yes","No",,,"",,,,"",,,,,,,,,,,,,"",,,"",,,"","No",,"",,"",,,"","Yes","Dam","","No","No","No","No","No","Yes","No","No",,"No","No","No","No","No","No","No","No","No","No","No","No","No","No","No","No","No","No","Yes","No","No",,"Yes","No","No","No","No","No","No","No",,,,,,,,"Yes","No","Yes",,"No","No","No","No","No","No",,"No","No"
"38-04-18-34","MAIZE","1","No","No",,,"",,,,"",,,,,,,,,,,,,"",,,"",,,"","No",,"",,"",,,"","No",,"",,,,,,,,,,"No","No","Yes","No","No","No",,,"No","No","No","No","No","No","No","No","No","No","No","No","No",,,,,,,,,,,,,,,,,"No","No",,"Yes","No","No","No","No","No","No",,"No","No"
"34-73-96-50","BEANS/COWPEA","1","Yes","Yes",10,"Kilograms","","No",,,"",,,,,,,,,,,10,"Kilograms","","0",,"",0,,"","No","0","",,"",,,"","No",,"",,,,,,,,,,"No","No",,"No","No",,"No","Yes","No","No","No","No","No","No","No","No","No","No","No","No","No",,"Yes","No","No","No","No","No","No","No",,,,,,,,"No","No","Yes",,"No","No","No","No","No","No",,"No","No"
"34-73-96-50","MAIZE","1","Yes","No",,,"",,,,"",,,,,,,,,,,,,"",,,"",,,"","No",,"",,"",,,"","No",,"",,,,,,,,,,"No","No","Yes","No","No",,"No",,"No","No","No","No","No","No","No","No","No","No","No","No","No",,,"Yes","No","No","No","No","No","No",,,,,,,,"No","No",,"Yes","No","No","No","No","No","No",,"No","No"
"44-14-26-56","BEANS/COWPEA","0.5","Yes","Yes",3,"Gorogoro","","No",,,"",,,,,,,,,,,3,"Gorogoro","","0",,"",1,"Kilograms","","No","1","","Kilograms","",,,"seeds","No",,"",,,,,,,,,,"No","No","Yes","No","No","No","No","No","No","No","No","No","No","No","No","No","No","No",,"No","No",,"Yes",,"No","No","No","No","No","No",,,,,,,,"Yes","No","Yes",,"No","No","No","No","No","No",,"No","No"
"44-14-26-56","MAIZE","3","Yes","No",,,"",,,,"",,,,,,,,,,,,,"",,,"",,,"","No",,"",,"",,,"","No",,"",,,,,,,,,,"Yes","No",,"No",,"No","No","No","No","No","No","No","No","No","No","No","No","No","No","No","No",,,,,,,,,,,,,,,,,"No","No","Yes",,"No","No","No","No","No","No",,"No","Yes"
"44-14-26-56","MELON/EGUSI","1","Yes","No",,,"",,,,"",,,,,,,,,,,,,"",,,"",,,"","No",,"",,"",,,"","No",,"",,,,,,,,,,"No","No","Yes","No",,,"No","No","No","No","No","No","No","No","No","No","No","No","No","No","No",,,"Yes","No","No","No","No","No","No",,,,,,,,"Yes","No","Yes",,"No","No","No","No","No","No",,"No","No"
"46-96-59-64","MAIZE","1","No","No",,,"",,,,"",,,,,,,,,,,,,"",,,"",,,"","No",,"",,"",,,"","No",,"",,,,,,,,,,"No","No",,"No","No","No","No","Yes","No","No","No","No","No","No","No","No","No","No","No","No","No",,,,,,,,,,,,,,,,,"No","No",,"Yes","No","No","No","No","No","No",,"No","No"
"01-51-99-07","MAIZE","1","No","Yes",24,"90 kg bag","","No",,,"",,,,,,,,,,,4,"90 kg bag","","20","90 kg bag","",0,,"","No","0","",,"",,,"","Yes","River/ stream","","No","No","No","No","Yes","No","No","No",,"No","No","No","No","Yes","No","No","No","No","No",,"No","No","No","No","No","No","No","No","No","No",,,,,,,,,,,,,,,,,"No","Yes",,,,,,,,,,"Yes","Yes"
"01-51-99-07","PAWPAW","0.5","No","No",,,"",,,,"",,,,,,,,,,,,,"",,,"",,,"","No",,"",,"",,,"","Yes","River/ stream","","No","No","No","No","Yes","No","No","No",,"Yes","No","No","No",,"No","No","No","No","No","No","No","No","No","No","No","No","No","No","No","No",,,,,,,,,,,,,,,,,"No","No","No","No","No","No","No","No","No","Yes",,"No","No"
"11-52-82-38","OTHER SPECIFY","1","No","Yes",8,"90 kg bag","","No",,,"",,,,,,,,,,,0,,"","0",,"",0,,"","No","0","",,"",,,"","Yes","River/ stream","","No","No","No","No","Yes","No","No","No",,"No","No","No",,"Yes","No","No","No","No","No","No","No","No","No","No","No","No","No","No","No","No",,,,,,,,,,,,,,,,,"No","No","No","No","No","No","No","No","No","Yes",,"Yes","Yes"
"11-52-82-38","MAIZE","2","No","No",,,"",,,,"",,,,,,,,,,,,,"",,,"",,,"","No",,"",,"",,,"","Yes","River/ stream","","No","No","No","No","Yes","No","No","No",,"No","No",,"No","Yes","No","No","No","No","No","No","No","No","No","No","No","No","No","No","No","No",,,,,,,,,,,,,,,,,"No","Yes",,,,,,,,,,"Yes","Yes"
"11-52-82-38","MANGO","0.25","No","No",,,"",,,,"",,,,,,,,,,,,,"",,,"",,,"","No",,"",,"",,,"","Yes","River/ stream","","No","No","No","No","Yes","No","No","No",,"No","No","No","No","Yes","No","No","No","No","No","No","No","No","No","No","No","No","No","No","No","No",,"No","Yes",,"No","No","No","No","No",,,,,,,,"Yes","No","No","No","No","No","No","No","Yes","No",,"Yes","No"
"19-06-13-08","MAIZE","1.5","No","No",,,"",,,,"",,,,,,,,,,,,,"",,,"",,,"","No",,"",,"",,,"","Yes","River/ stream","","No","No","No","No","Yes","No","No","No",,"No","No","No","No","Yes","No","No",,"No","No","No","No","No","No","No","No","No","No","No","No","No",,,,,,,,,,,,,,,,,"No","No","No","No","No","No","No","No","No","Yes",,"Yes","Yes"
"74-04-26-51","MAIZE","1","No","No",,,"",,,,"",,,,,,,,,,,,,"",,,"",,,"","No",,"",,"",,,"","Yes","River/ stream","","No","No","No","No","Yes","No","No","No",,"No","No","No","No","Yes","No","No","No","No","No","No","No","No","No","No","No","No","No","No","No","No",,,,,,,,,,,,,,,,,"Yes","Yes",,,,,,,,,,"Yes","Yes"
"37-83-74-10","BEANS/COWPEA","0.25","No","No",,,"",,,,"",,,,,,,,,,,,,"",,,"",,,"","No",,"",,"",,,"","Yes","River/ stream","","No","No","No","No","Yes","No","No","No",,"No","No","No","No","No","No","Yes","No","No","No",,"No","No","No","No","No","No","No","No","No","No",,,,,,,,,,,,,,,,,"No","No","Yes",,"No","No","No","No","No","No",,"Yes","Yes"
"37-83-74-10","MAIZE","0.5","No","No",,,"",,,,"",,,,,,,,,,,,,"",,,"",,,"","No",,"",,"",,,"","Yes","River/ stream","","No","No","No","No","Yes","No","No","No",,"No","No","Yes","No",,"No","No",,"No","No","No","No","No","No","No","No","No","No","No","No","No",,,,,,,,,,,,,,,,,"No","No","No","No","No","No","No","No","No","Yes",,"Yes","Yes"
"37-83-74-10","OTHER(SPECIFY)","0.25","No","Yes",50,"Kilograms","","Yes",30,"Kilograms","",130,"No","Yes","No","No","No","No","No",,,20,"Kilograms","","0",,"",0,,"","No","0","",,"",,,"","Yes","River/ stream","","No","No","No","No","Yes","No","No","No",,"No","No",,"No","No","Yes","No","No","No","No","No","No","No","No","No","No","No","No","No","No","No",,,,,,,,,,,,,,,,,"No","No","No","No","No","No","No","No","Yes","No",,"No","Yes"
"86-00-55-84","MAIZE","1","No","No",,,"",,,,"",,,,,,,,,,,,,"",,,"",,,"","No",,"",,"",,,"","Yes","River/ stream","","No","No","No","No","Yes","No","No","No",,"Yes","No",,"No",,"No","No","No","No","No","No","No","No","No","No","No","No","No","No","No","No",,,,,,,,,,,,,,,,,"No","No","No","No","No","No","No","No","No","Yes",,"Yes","Yes"
"17-23-66-97","GREEN VEGETABLE","0.5","No","Yes",50,"50 kg bag","","Yes",49,"50 kg bag","",57600,"No","Yes","No","No","No","No","No",,,1,"50 kg bag","","0",,"",0,,"","No","0","",,"",,,"","Yes","River/ stream","","No","No","No","No","No","Yes","No","No",,"No","No","No","No","Yes",,,"No","No","No","No","No","No","No","No","No","No","No","No","No","No",,,,,,,,,,,,,,,,,"Yes","Yes",,,,,,,,,,"Yes","Yes"
"71-45-81-79","MAIZE","2","No","No",,,"",,,,"",,,,,,,,,,,,,"",,,"",,,"","No",,"",,"",,,"","No",,"",,,,,,,,,,"No","No","Yes","No","No","No","No",,"No","No","No","No","No","No","No","No","No","No","No","No","No",,,,,,,,,,,,,,,,,"No","No",,"Yes","No","No","No","No","No","No",,"No","No"
"70-80-16-39","BEANS/COWPEA","0.5","No","Yes",225,"Kilograms","","Yes",0,,"",,,,,,,,,,,45,"Kilograms","","180","Kilograms","",0,,"","No","0","",,"",,,"","Yes","River/ stream","","No","No","No","No","Yes","No","No","No",,"No","No","Yes","No",,"No","No","No","No","No","No","No","No","No","No","No","No","No","No","No","No",,,,,,,,,,,,,,,,,"No","No","Yes","No","No","No","No","No","No","No",,"Yes","Yes"
"70-80-16-39","MAIZE","1","No","Yes",36,"90 kg bag","","Yes",33,"90 kg bag","",7200,"No","No","Yes","No","No","No","No",,,3,"90 kg bag","","0",,"",0,,"","No","0","",,"",,,"","Yes","River/ stream","","No","No","No","No","Yes","No","No","No",,"No","No","No","No","Yes",,"No","No","No","No","No","No","No","No","No","No","No",,"No","No","No",,,,,,,,,,,,,,,,,"Yes","Yes",,,,,,,,,,"Yes","Yes"
"11-00-74-85","MAIZE","1","No","No",,,"",,,,"",,,,,,,,,,,,,"",,,"",,,"","No",,"",,"",,,"","Yes","River/ stream","","No","No","No","No","Yes","No","No","No",,"No","No","No","No","Yes","No","No","No","No","No","No","No","No","No","No","No","No","No","No","No","No",,,,,,,,,,,,,,,,,"No","Yes",,,,,,,,,,"Yes","Yes"
"16-44-32-23","BEANS/COWPEA","0.5","No","Yes",2,"90 kg bag","","Yes",1,"90 kg bag","",9000,"Yes","No","No","No","No","No","No",,,1,"90 kg bag","","0",,"",0,,"","No","0","",,"",,,"","Yes","River/ stream","","No","No","No","No","Yes","No","No","No",,"No","No","Yes","No",,"No","No","No","No","No","No","No","No","No","No","No","No","No","No","No","No",,,,,,,,,,,,,,,,,"Yes","No","Yes","No","No","No","No","No","No","No",,"Yes","Yes"
"16-44-32-23","MAIZE","2","No","Yes",18,"90 kg bag","","Yes",18,"90 kg bag","",8000,"No","No","Yes","No","No","No","No",,,0,,"","0",,"",0,,"","No","0","",,"",,,"","Yes","River/ stream","","No","No","No","No","Yes","No","No","No",,"No","No","No","No","Yes","No","No",,"No","No","No","No","No","No","No","No","No","No","No","No","No",,,,,,,,,,,,,,,,,"Yes","Yes",,,,,,,,,,"Yes","Yes"
"65-53-51-27","OTHER SPECIFY","0.5","No","Yes",270,"Kilograms","","Yes",225,"Kilograms","",120,"No","Yes","No","No","No","No","No",,,45,"Kilograms","","0",,"",0,,"","No","0","",,"",,,"","Yes","River/ stream","","No","No","No","No","Yes","No","No","No",,"No","No","Yes","No",,"No","No","No","No","No","No","No","No","No","No","No","No","No","No","No","No",,,,,,,,,,,,,,,,,"No","No","Yes","No",,"No","No","No","No","No",,"Yes","No"
"65-53-51-27","MAIZE","0.5","No","No",,,"",,,,"",,,,,,,,,,,,,"",,,"",,,"","No",,"",,"",,,"","Yes","River/ stream","","No","No","No","No","Yes","No","No","No",,"No","No","Yes","No",,"No","No","No","No","No","No","No","No","No","No","No","No","No","No","No","No",,,,,,,,,,,,,,,,,"No","Yes",,,,,,,,,,"Yes","Yes"
"64-11-62-56","MAIZE","1","No","Yes",3000,"Kilograms","","Yes",3000,"Kilograms","",78,"No","No","Yes","No","No","No","No",,,0,,"","0",,"",0,,"","No","0","",,"",,,"","Yes","River/ stream","","No","No","No","No","Yes","No","No","No",,"No","No",,"No","Yes",,"No","No","No","No","No","No","No","No","No","No","No","No","No","No","No",,,,,,,,,,,,,,,,,"No","Yes",,,,,,,,,,"Yes","Yes"
"79-53-04-50","MAIZE","1","No","No",,,"",,,,"",,,,,,,,,,,,,"",,,"",,,"","No",,"",,"",,,"","Yes","River/ stream","","No","No","No","No","Yes","No","No","No",,"No","No","No","No","Yes","No","No","No","No","No","No","No","No","No","No","No","No","No","No","No","No",,,,,,,,,,,,,,,,,"No","No","Yes","No","No","No","No","No","No","No",,"Yes","Yes"
"19-99-67-92","MAIZE","1","No","Yes",10,"90 kg bag","","Yes",6,"90 kg bag","",4000,"No","Yes","No","No","No","No","No",,,3,"90 kg bag","","0",,"",1,"90 kg bag","","No","0","",,"",,,"","Yes","River/ stream","","No","No","No","No","Yes","No","No","No",,"No","No","No","No","Yes",,"No","No","No","No","No","No","No","No","No","No","No","No","No","No","No",,,,,,,,,,,,,,,,,"No","Yes",,,,,,,,,,"Yes","Yes"
"65-80-65-49","MAIZE","0.5","No","No",,,"",,,,"",,,,,,,,,,,,,"",,,"",,,"","No",,"",,"",,,"","Yes","River/ stream","","No","No","No","No","Yes","No","Yes","No",,"No","No","No","No","Yes",,"No","No","No","No","No","No","No","No","No","No","No","No","No","No","No",,,,,,,,,,,,,,,,,"No","No","Yes","No","No","No","No","No","No",,,"Yes","Yes"
"08-76-57-31","BEANS/COWPEA","1","No","Yes",22,"Kilograms","","Yes",20,"Kilograms","",120,"Yes","No",,"No","No","No","No",,,2,"Kilograms","","0",,"",0,,"","No","0","",,"",,,"","Yes","River/ stream","","No","No","No","No","Yes","No","No","No",,"No","No","No","No","Yes","No","No",,"No","No","No","No","No","No","No","No","No","No","No","No","No",,,,,,,,,,,,,,,,,"No","No","Yes","No","No","No","No","No","No","No",,"Yes","Yes"
"08-76-57-31","MAIZE","2","No","No",,,"",,,,"",,,,,,,,,,,,,"",,,"",,,"","No",,"",,"",,,"","Yes","River/ stream","","No","No","No","No","Yes","No","No","No",,"No","No","No","No","Yes","No","No","No","No","No","No","No","No","No","No","No","No","No","No","No","No",,,,,,,,,,,,,,,,,"No","No","No","No","No","No","No","No","No","Yes",,"Yes","Yes"
"36-87-83-91","MAIZE","0.5","No","No",,,"",,,,"",,,,,,,,,,,,,"",,,"",,,"","No",,"",,"",,,"","No",,"",,,,,,,,,,"No","No",,"No","No","No","No","Yes","No","No","No","No","No","No","No","No","No","No","No","No","No",,,,,,,,,,,,,,,,,"No","No","Yes",,"No","No","No","No","No","No",,"No","No"
"99-46-97-26","MAIZE","1","No","No",,,"",,,,"",,,,,,,,,,,,,"",,,"",,,"","No",,"",,"",,,"","Yes","River/ stream","","No","No","No","No","Yes","No","No","No",,"No","No","No","No","Yes","No","No","No","No","No","No","No","No","No","No","No","No","No","No","No","No",,,,,,,,,,,,,,,,,"Yes","Yes",,,,,,,,,,"Yes","Yes"
"45-95-07-81","MAIZE","4","No","No",,,"",,,,"",,,,,,,,,,,,,"",,,"",,,"","No",,"",,"",,,"","No",,"",,,,,,,,,,"No","No","Yes","No","No","No","No",,"No","No","No","No","No","No","No","No","No","No","No","No","No",,,,,,,,,,,,,,,,,"No","No","No","Yes","No","No","No","No","No","No",,"No","No"
"15-84-79-29","MAIZE","1","No","No",,,"",,,,"",,,,,,,,,,,,,"",,,"",,,"","No",,"",,"",,,"","No",,"",,,,,,,,,,"No","No","Yes","No","No","No","No",,"No","No","No","No","No","No","No","No","No","No","No","No","No",,,,,,,,,,,,,,,,,"No","No","Yes",,"No","No","No","No","No","No",,"No","No"
"70-03-65-67","MAIZE","3","Yes","No",,,"",,,,"",,,,,,,,,,,,,"",,,"",,,"","No",,"",,"",,,"","No",,"",,,,,,,,,,"No","No","Yes","No","No","No","No",,"No","No","No","No","No","No","No","No","No","No","No","No","No",,,,,,,,,,,,,,,,,"No","No",,"Yes","No","No","No","No","No","No",,"No","No"
"70-03-65-67","PIGEON PEA","3","Yes","No",,,"",,,,"",,,,,,,,,,,,,"",,,"",,,"","No",,"",,"",,,"","No",,"",,,,,,,,,,"No","No","Yes","No","No","No","No",,"No","No","No","No","No","No","No","No","No","No","No","No","No",,,,,,,,,,,,,,,,,"No","No",,"Yes","No","No","No","No","No","No",,"No","No"
"48-58-26-00","MAIZE","1.5","No","Yes",90,"Kilograms","","No",,,"",,,,,,,,,,,45,"Kilograms","","0",,"",0,,"","Yes","0","",,"","45","Kilograms","","No",,"",,,,,,,,,,"No","No",,"No","No","No","No","Yes","No","No","No","No","No","No","No","No","No","No","No","No","No",,,,,,,,,,,,,,,,,"No","No","No","Yes","No","No","No","No","No","No",,"No","No"
"48-53-15-07","BEANS/COWPEA","2","Yes","No",,,"",,,,"",,,,,,,,,,,,,"",,,"",,,"","No",,"",,"",,,"","No",,"",,,,,,,,,,"No","No","No","No","No","No","No","No","No","No","No","No","No","No","No","No","No","No","No","No","Yes",,,,,,,,,,,,,"Yes",,,"No","No","No","No","No","No","No","No","No","No","Yes",,"No","No"
"48-53-15-07","MAIZE","2","Yes","No",,,"",,,,"",,,,,,,,,,,,,"",,,"",,,"","No",,"",,"",,,"","No",,"",,,,,,,,,,"No","No","No","No","No","No","No","No","No","No","No","No","No","No","No","No","No","No","No","Yes","No",,,,,,,,,,,,,,,,,"No","No","No","No","No","No","No","No","No","Yes",,"No","No"
"44-97-24-07","BEANS/COWPEA","1","No","Yes",100,"Kilograms","","No",,,"",,,,,,,,,,,100,"Kilograms","","0",,"",0,,"","No","0","",,"",,,"","Yes","River/ stream","","No","No","No","No","Yes","No","No","No",,"No","No",,"No","Yes","No","No","No","No","No","No","No","No","No","No","No","No","No","No","No","No",,,,,,,,,,,,,,,,,"Yes","No","Yes","No","No","No","No","No","No","No",,"Yes","Yes"
"63-58-57-56","MAIZE","2","No","No",,,"",,,,"",,,,,,,,,,,,,"",,,"",,,"","No",,"",,"",,,"","No",,"",,,,,,,,,,"No","No","Yes","No","No","No","No",,"No","No","No","No","No","No","No","No","No","No","No","No","No",,,,,,,,,,,,,,,,,"No","No","No","Yes","No","No","No","No","No","No",,"No","No"
"80-45-95-05","BEANS/COWPEA","0.2","No","No",,,"",,,,"",,,,,,,,,,,,,"",,,"",,,"","No",,"",,"",,,"","No",,"",,,,,,,,,,"No","No","Yes","No","No","No","No","No","No","No","No","No","No","No","No","No","No","No","No","No","No",,,,,,,,,,,,,"Yes",,,,"No","No","No","No","Yes","No","No","No","No","No",,"No","No"
"80-45-95-05","MAIZE","2","No","No",,,"",,,,"",,,,,,,,,,,,,"",,,"",,,"","No",,"",,"",,,"","No",,"",,,,,,,,,,"Yes","No","No","No","No","No","No","No","No","No","No","No","No","No","No","No","No","No","No","No","No",,,,,,,,,,,,,,,,,"No","No","No","No","Yes","No","No","No","No","No",,"No","No"
"54-48-29-18","MAIZE","2","No","No",,,"",,,,"",,,,,,,,,,,,,"",,,"",,,"","No",,"",,"",,,"","No",,"",,,,,,,,,,"No","No","No","No","No","No","No","No","No","No","No","No","No","No","No","No","No","No","No","No","Yes",,"Yes",,"No","No","No","No","No","No",,,,,,,,"No","No","Yes",,"No","No","No","No","No","No",,"No","No"
"45-36-57-50","MAIZE","2","No","No",,,"",,,,"",,,,,,,,,,,,,"",,,"",,,"","No",,"",,"",,,"","No",,"",,,,,,,,,,"No","No","Yes","No","No","No","No",,"No","No","No","No","No","No","No","No","No","No","No","No","No",,,,,,,,,,,,,,,,,"No","No","No","Yes","No","No","No","No","No","No",,"No","No"
"29-86-40-08","MAIZE","1","No","No",,,"",,,,"",,,,,,,,,,,,,"",,,"",,,"","No",,"",,"",,,"","No",,"",,,,,,,,,,"No","No","No","No","No","No","No","No","No","No","No","No","No","No","No","No","No","No","No","No","Yes",,,,,,,,,,,,,,,,,"No","No","No","Yes","No","No","No","No","No","No",,"No","No"
"10-69-61-22","BEANS/COWPEA","0.5","No","Yes",2,"Debe","","No",,,"",,,,,,,,,,,2,"Gorogoro","","0",,"",2,"Gorogoro","","Yes","0","",,"","1","Gorogoro","","No",,"",,,,,,,,,,"No","No","No","No","No","No","No","No","No","No","No","No","No","No","No","No","No","No","Yes","No","No",,"Yes",,"No","No","No","No","No","No",,,,,,,,"No","No","Yes","No","No","No","No","No","No","No",,"No","No"
"10-69-61-22","MAIZE","1.5","No","No",,,"",,,,"",,,,,,,,,,,,,"",,,"",,,"","No",,"",,"",,,"","No",,"",,,,,,,,,,"Yes","No",,"No","No","No","No","No","No","No","No","No","No","No","No","No","No","No","No","No","No",,,,,,,,,,,,,,,,,"No","No","Yes",,"No","No","No","No","No","No",,"No","No"
"98-91-04-48","MAIZE","3","No","No",,,"",,,,"",,,,,,,,,,,,,"",,,"",,,"","No",,"",,"",,,"","Yes","River/ stream","","No","No","No","No","Yes","No","No","No",,"No","No","Yes","No",,"No","No",,"No","No","No","No","No","No","No","No","No","No","No","No","No",,,,,,,,,,,,,,,,,"No","No","No","No","No","No","Yes","No","No","No",,"Yes","Yes"
"75-25-98-04","MAIZE","0.5","No","No",,,"",,,,"",,,,,,,,,,,,,"",,,"",,,"","No",,"",,"",,,"","Yes","River/ stream","","No","No","No","No","Yes","No","No","No",,"No","No","Yes","No",,"No","No",,"No","No","No","No","No","No","No","No","No","No","No","No","No",,,,,,,,,,,,,,,,,"No","Yes",,,,,,,,,,"No","Yes"
"09-00-12-98","MAIZE","2","No","No",,,"",,,,"",,,,,,,,,,,,,"",,,"",,,"","No",,"",,"",,,"","Yes","River/ stream","","No","No","No","No","Yes","No","No","No",,"No","No","No","No","Yes",,"No",,"No","No","No","No","No","No","No","No","No","No","No","No","No",,,,,,,,,,,,,,,,,"No","Yes",,,,,,,,,,"Yes","Yes"
"13-38-59-03","MAIZE","1","No","No",,,"",,,,"",,,,,,,,,,,,,"",,,"",,,"","No",,"",,"",,,"","Yes","River/ stream","","No","No","No","No","Yes","No","No","No",,"No","No","Yes","No",,"No","No","No","No","No","No","No","No","No","No","No","No","No","No","No","No",,,,,,,,,,,,,,,,,"No","No","No","No","No","No","No","No","No","Yes",,"Yes","Yes"
"26-77-14-31","MAIZE","1","No","No",,,"",,,,"",,,,,,,,,,,,,"",,,"",,,"","No",,"",,"",,,"","Yes","River/ stream","","No","No","No","No","Yes","No","No","No",,"No","No","No","No",,"Yes","No","No","No","No","No","No","No","No","No","No","No","No","No","No","No",,,,,,,,,,,,,,,,,"No","Yes",,,,,,,,,,"No","Yes"
"04-52-21-75","MAIZE","1","No","No",,,"",,,,"",,,,,,,,,,,,,"",,,"",,,"","No",,"",,"",,,"","Yes","River/ stream","","No","No","No","No","Yes","No","No","No",,"No","No","No","No","Yes","No","No","No","No","No",,"No","No","No","No","No","No",,"No","No","No",,,,,,,,,,,,,,,,,"No","Yes",,,,,,,,,,"Yes","Yes"
"04-52-21-75","GREEN GRAMS","1","No","No",,,"",,,,"",,,,,,,,,,,,,"",,,"",,,"","No",,"",,"",,,"","Yes","River/ stream","","No","No","No","No","Yes","No","No","No",,"Yes","No",,"No","No","No","No","No",,"No","No","No","No","No","No","No","No","No","No","No","No",,,,,,,,,,,,,,,,,"No","No","No","No","No","No","No","No","No","Yes",,"Yes","Yes"
"49-10-89-14","MAIZE","2","No","Yes",17,"90 kg bag","","Yes",11,"Kilograms","",5400,"No","No","Yes","No","No","No","No",,,5,"90 kg bag","","0",,"",1,"90 kg bag","","No","0","",,"",,,"","Yes","River/ stream","","No","No","No","No","Yes","No","No","No",,"No","No","Yes","No",,,"No","No","No","No","No","No","No","No","No","No","No","No","No","No","No",,,,,,,,,,,,,,,,,"No","Yes",,,,,,,,,,"Yes","Yes"
"15-13-85-83","MAIZE","1.5","No","Yes",3300,"Kilograms","","Yes",2850,"Kilograms","",80,"No","No","Yes","No","No","No","No",,,450,"Kilograms","","0",,"",0,,"","No","0","",,"",,,"","Yes","River/ stream","","No","No","No","No","Yes","No","No","No",,"No","No",,"No","Yes","No","No","No","No","No",,"No","No","No","No","No","No","No","No","No","No",,,,,,,,,,,,,,,,,"No","Yes",,,,,,,,,,"Yes","Yes"
"81-99-34-25","MAIZE","1","No","No",,,"",,,,"",,,,,,,,,,,,,"",,,"",,,"","No",,"",,"",,,"","Yes","River/ stream","","No","No","No","No","Yes","No","No","No",,"No","No",,"No","Yes","No","No",,"No","No","No","No","No","No","No","No","No","No","No","No","No",,,,,,,,,,,,,,,,,"No","Yes",,,,,,,,,,"Yes","Yes"
"96-35-08-20","MAIZE","1","No","No",,,"",,,,"",,,,,,,,,,,,,"",,,"",,,"","No",,"",,"",,,"","Yes","River/ stream","","No","No","No","No","Yes","No","No","No",,"No","No",,"No","Yes","No","No","No","No","No","No","No","No","No","No","No","No","No","No","No",,,,,,,,,,,,,,"Yes",,,,"No","Yes",,,,,,,,,,"Yes","Yes"
"78-02-12-77","MAIZE","1","No","No",,,"",,,,"",,,,,,,,,,,,,"",,,"",,,"","No",,"",,"",,,"","Yes","River/ stream","","No","No","No","No","Yes","No","No","No",,"No","No","No","No","Yes","No","No","No","No","No","No","No","No","No","No","No",,,"No","No","No",,,,,,,,,,,,,,,,,"No","No","Yes","No","No","No","No","No","No","No",,"Yes","Yes"
"78-02-12-77","GREEN GRAMS","4","No","No",,,"",,,,"",,,,,,,,,,,,,"",,,"",,,"","No",,"",,"",,,"","Yes","River/ stream","","No","No","No","No","Yes","No","No","No",,"No","No","Yes","No",,"No","No","No","No","No","No","No","No","No","No","No","No","No","No","No","No",,,,,,,,,,,,,,,,,"No","No","Yes","No","No","No","No","No","No","No",,"Yes","Yes"
"66-37-18-93","MAIZE","2","No","Yes",1500,"Kilograms","","Yes",1000,"Kilograms","",60,"No","No","Yes","No","No","No","No",,,500,"Kilograms","","0",,"",0,,"","No","0","",,"",,,"","Yes","River/ stream","","No","No","No","No","Yes","No","No","No",,"No","No",,"No","Yes",,"No","No","No","No","No","No","No","No","No","No","No","No","No","No","No",,,,,,,,,,,,,,,,,"No","Yes",,,,,,,,,,"Yes","Yes"
"77-89-79-33","MAIZE","3","No","No",,,"",,,,"",,,,,,,,,,,,,"",,,"",,,"","No",,"",,"",,,"","Yes","River/ stream","","No","No","No","No","Yes","No","No","No",,"No","No",,"No","Yes",,"No","No","No","No","No","No","No","No","No","No","No","No","No","No","No",,,,,,,,,,,,,,,,,"Yes","Yes",,,,,,,,,,"Yes","Yes"
"09-97-47-73","BEANS/COWPEA","1","No","Yes",90,"Kilograms","","Yes",60,"Kilograms","",140,"Yes","No","No","No","No","No","No",,,30,"Kilograms","","0",,"",0,,"","No","0","",,"",,,"","Yes","River/ stream","","No","No","No","No","Yes","No","No","No",,"No","No",,"No","Yes","No","No","No","No","No","No","No","No","No","No","No","No","No","No","No","No",,,,,,,,,,,,,,,,,"No","No","Yes","No","No","No","No","No","No","No",,"Yes","Yes"
"09-97-47-73","MAIZE","1","No","No",,,"",,,,"",,,,,,,,,,,,,"",,,"",,,"","No",,"",,"",,,"","Yes","River/ stream","","No","No","No","No","Yes","No","No","No",,"No","No","Yes","No",,"No","No","No","No","No","No","No","No","No","No","No","No","No","No","No","No",,,,,,,,,,,,,,,,,"No","Yes",,,,,,,,,,"Yes","Yes"
"62-45-31-86","MAIZE","4","No","No",,,"",,,,"",,,,,,,,,,,,,"",,,"",,,"","No",,"",,"",,,"","No",,"",,,,,,,,,,"No","No","Yes","No","No","No","No",,"No","No","No","No","No","No","No","No","No","No","No","No","No",,,,,,,,,,,,,,,,,"No","No","Yes",,"No","No","No","No","No","No",,"No","No"
"96-13-78-99","MAIZE","2","No","No",,,"",,,,"",,,,,,,,,,,,,"",,,"",,,"","No",,"",,"",,,"","No",,"",,,,,,,,,,"No","No","Yes","No","No","No","No",,"No","No","No","No","No","No","No","No","No","No","No","No","No",,,,,,,,,,,,,,,,,"No","No","No","Yes","No","No","No","No","No","No",,"No","No"
"25-35-15-07","MAIZE","3","No","No",,,"",,,,"",,,,,,,,,,,,,"",,,"",,,"","No",,"",,"",,,"","No",,"",,,,,,,,,,"No","No","Yes","No","No","No","No",,"No","No","No","No","No","No","No","No","No","No","No","No","No",,,,,,,,,,,,,,,,,"No","No",,"Yes","No","No","No","No","No","No",,"No","No"
"46-89-14-96","OTHER SPECIFY","0.5","No","No",,,"",,,,"",,,,,,,,,,,,,"",,,"",,,"","No",,"",,"",,,"","No",,"",,,,,,,,,,"No","No","No","No","Yes","No","No","No","No","No","No","No","No","No","No","No","No","No","No","No","No",,,,,,,,,,,,,"Yes",,,,"No","No","No","No","No","No","No","No","Yes","No",,"No","No"
"46-89-14-96","BEANS/COWPEA","0.5","Yes","No",,,"",,,,"",,,,,,,,,,,,,"",,,"",,,"","No",,"",,"",,,"","No",,"",,,,,,,,,,"No","No","Yes","No","No","No","No","No","No","No","No","No","No","No","No","No","No","No","No","No","No",,,,,,,,,,,,,,,,,"No","No","No","No","No","No","No","No","Yes","No",,"No","No"
"46-89-14-96","MAIZE","1","Yes","No",,,"",,,,"",,,,,,,,,,,,,"",,,"",,,"","No",,"",,"",,,"","No",,"",,,,,,,,,,"No","No","Yes","No","No","No","No","No","No","No","No","No","No","No","No","No","No","No","No","No","No",,,,,,,,,,,,,,,,,"No","No","No","No","No","No","No","No","Yes","No",,"No","No"
"26-82-89-21","MAIZE","2","No","No",,,"",,,,"",,,,,,,,,,,,,"",,,"",,,"","No",,"",,"",,,"","No",,"",,,,,,,,,,"No","No",,"No","No","No","No","Yes","No","No","No","No","No","No","No","No","No","No","No","No","No",,,,,,,,,,,,,,,,,"No","No","No","Yes","No","No","No","No","No","No",,"No","No"
"22-43-50-27","BEANS/COWPEA","0.5","No","No",,,"",,,,"",,,,,,,,,,,,,"",,,"",,,"","No",,"",,"",,,"","No",,"",,,,,,,,,,"No","No","Yes","No","No","No","No","No","No","No","No","No","No","No","No","No","No","No","No","No","No",,,,,,,,,,,,,,,,,"No","No","No","No","No","No","No","No","Yes","No",,"No","No"
"22-43-50-27","MAIZE","2","No","No",,,"",,,,"",,,,,,,,,,,,,"",,,"",,,"","No",,"",,"",,,"","No",,"",,,,,,,,,,"No","No","Yes","No","No","No","No","No","No","No","No","No","No","No","No","No","No","No","No","No","No",,,,,,,,,,,,,,,,,"No","No","No","No","No","No","No","No","Yes","No",,"No","No"
"22-43-50-27","GREEN GRAMS","0.5","No","No",,,"",,,,"",,,,,,,,,,,,,"",,,"",,,"","No",,"",,"",,,"","No",,"",,,,,,,,,,"No","No","No","No","Yes","No","No","No","No","No","No","No","No","No","No","No","No","No","No","No","No",,,,,,,,,,,,,,,,,"No","No","No","No","No","No","No","No","Yes","No",,"No","No"
"41-41-55-55","MAIZE","4","No","No",,,"",,,,"",,,,,,,,,,,,,"",,,"",,,"","No",,"",,"",,,"","No",,"",,,,,,,,,,"No","No","Yes","No","No","No","No","No","No","No","No","No","No","No","No","No","No","No","No","No","No",,,,,,,,,,,,,,,,,"No","No","No","No","No","No","No","No","Yes","No",,"No","No"
"26-69-32-41","BEANS/COWPEA","0.5","No","No",,,"",,,,"",,,,,,,,,,,,,"",,,"",,,"","No",,"",,"",,,"","No",,"",,,,,,,,,,"No","No","No","No","No","No","No","No","No","No","No","No","No","No","No","No","No","No","Yes","No","No",,,,,,,,,,,,,,,,,"No","No","Yes",,"No","No","No","No","No","No",,"No","No"
"26-69-32-41","MAIZE","3","No","No",,,"",,,,"",,,,,,,,,,,,,"",,,"",,,"","No",,"",,"",,,"","No",,"",,,,,,,,,,"No","No","Yes","No","No","No","No","No","No","No","No","No","No","No","No","No","No","No","No","No","No",,,,,,,,,,,,,,,,,"No","No","Yes",,"No","No","No","No","No","No",,"No","No"
"26-69-32-41","GREEN VEGETABLE","0.5","No","Yes",400,"Numbers","","No",,,"",,,,,,,,,,,400,"Numbers","","0",,"",0,,"","No","0","",,"",,,"","No",,"",,,,,,,,,,"No","No","Yes","No","No","No","No","No","No","No","No","No","No","No","No","No","No","No",,"No","No",,,,,,,,,,,,,,,,,"No","No","Yes",,"No","No","No","No","No","No",,"No","No"
"68-81-12-32","BEANS/COWPEA","5","No","No",,,"",,,,"",,,,,,,,,,,,,"",,,"",,,"","No",,"",,"",,,"","No",,"",,,,,,,,,,"Yes","No","No","No",,"No","No","No","No","No","No","No","No","No","No","No","No","No","No","No","No",,,,,,,,,,,,,"Yes",,,,"No","No","Yes","No","No","No","No","No","No","No",,"No","No"
"68-81-12-32","MAIZE","3","No","No",,,"",,,,"",,,,,,,,,,,,,"",,,"",,,"","No",,"",,"",,,"","No",,"",,,,,,,,,,"No","No","Yes","No","No","No","No","No","No","No","No","No","No","No","No","No","No","No","No","No","No",,,,,,,,,,,,,,,,,"No","No","Yes",,"No","No","No","No","No","No",,"No","No"
"68-81-12-32","GREEN VEGETABLE","0.5","No","No",,,"",,,,"",,,,,,,,,,,,,"",,,"",,,"","No",,"",,"",,,"","No",,"",,,,,,,,,,"No","No","Yes","No","No","No","No","No","No","No","No","No","No","No","No","No","No","No",,"No","No",,,,,,,,,,,,,,,,,"No","No","Yes",,"No","No","No","No","No","No",,"No","No"
"46-49-14-82","BEANS/COWPEA","1","Yes","No",,,"",,,,"",,,,,,,,,,,,,"",,,"",,,"","No",,"",,"",,,"","No",,"",,,,,,,,,,"Yes","No","No","No","No","No","No","No","No","No","No","No","No","No","No","No","No","No","No","No","No",,,,,,,,,,,,,"Yes",,,,"No","No","Yes",,"No","No","No","No","No","No",,"No","No"
"46-49-14-82","MAIZE","1","Yes","No",,,"",,,,"",,,,,,,,,,,,,"",,,"",,,"","No",,"",,"",,,"","No",,"",,,,,,,,,,,"No","Yes","No",,"No","No","No","No","No","No","No","No","No","No","No","No","No","No","No","No",,,,,,,,,,,,,,,,,"No","No","Yes",,"No","No","No","No","No","No",,"No","No"
"46-49-14-82","GREEN VEGETABLE","0.5","No","No",,,"",,,,"",,,,,,,,,,,,,"",,,"",,,"","No",,"",,"",,,"","No",,"",,,,,,,,,,"No","No","Yes","No",,"No","No","No","No","No","No","No","No","No","No","No","No","No","No","No","No",,,,,,,,,,,,,,,,,"No","No","Yes",,"No","No","No","No","No","No",,"No","No"
"23-46-40-42","MAIZE","0.5","No","Yes",270,"Kilograms","","No",,,"",,,,,,,,,,,0,,"","0",,"",0,,"","Yes","0","",,"","270","Kilograms","","Yes","River/ stream","","No","No","No","No","Yes","No","No","No",,"No","No","Yes","No",,"No","No","No","No","No","No","No","No","No","No","No","No","No","No","No","No",,,,,,,,,,,,,,,,,"Yes","No","Yes","No","No","No","No","No","No","No",,"Yes","Yes"
"07-56-93-09","MAIZE","1","No","No",,,"",,,,"",,,,,,,,,,,,,"",,,"",,,"","No",,"",,"",,,"","No",,"",,,,,,,,,,"No","No","Yes","No","No","No","No",,"No","No","No","No","No","No","No","No","No","No","No","No","No",,,,,,,,,,,,,,,,,"No","No","Yes",,"No","No","No","No","No","No",,"No","No"
"68-88-48-96","MAIZE","2","No","Yes",28,"90 kg bag","","Yes",23,"90 kg bag","",5000,"No","No","Yes","No","No","No","No",,,5,"90 kg bag","","0",,"",0,,"","No","0","",,"",,,"","Yes","River/ stream","","No","No","No","No","Yes","No","No","No",,"No","No","No","No",,"No","No","No","No","No","No","No","No","No","No","No","No","Yes","No","No","No",,,,,,,,,,,,,,,,,"No","Yes",,,,,,,,,,"Yes","Yes"
"86-70-18-69","MAIZE","1","No","No",,,"",,,,"",,,,,,,,,,,,,"",,,"",,,"","No",,"",,"",,,"","Yes","River/ stream","","No","No","No","No","Yes","No","No","No",,"No","No","No","No","No","No","No","No","No","No","No","No","No","No","No","No","No","Yes","No","No","No",,,,,,,,,,,,,,,,,"No","Yes",,,,,,,,,,"Yes","Yes"
"40-02-31-47","MAIZE","2","No","No",,,"",,,,"",,,,,,,,,,,,,"",,,"",,,"","No",,"",,"",,,"","No",,"",,,,,,,,,,"No","No","Yes","No","No","No","No",,"No","No","No","No","No","No","No","No","No","No","No","No","No",,,,,,,,,,,,,,,,,"No","No","No","Yes","No","No","No","No","No","No",,"No","No"
"35-25-14-79","MAIZE","1","No","Yes",2,"90 kg bag","","No",,,"",,,,,,,,,,,2,"90 kg bag","","0",,"",0,,"","Yes","0","",,"","1","90 kg bag","","No",,"",,,,,,,,,,"No","No","Yes","No","No","No","No","No","No","No","No","No","No","No","No","No","No","No","No","No","No",,,,,,,,,,,,,,,,,"No","No",,"Yes","No","No","No","No","No","No",,"No","No"
"30-07-79-13","MAIZE","2","No","No",,,"",,,,"",,,,,,,,,,,,,"",,,"",,,"","No",,"",,"",,,"","No",,"",,,,,,,,,,"No","No","Yes","No","No","No","No",,"No","No","No","No","No","No","No","No","No","No","No","No","No",,,,,,,,,,,,,,,,,"No","No","No","Yes","No","No","No","No","No","No",,"No","No"
"05-61-96-62","MAIZE","2","No","No",,,"",,,,"",,,,,,,,,,,,,"",,,"",,,"","No",,"",,"",,,"","Yes","River/ stream","","No","No","No","No","Yes","No","No","No",,"No","No",,"No","Yes","No",,"No","No","No","No","No","No","No","No","No","No","No","No","No","No",,,,,,,,,,,,,,,,,"No","No","Yes","No","No","No","No","No","No","No",,"Yes","Yes"
"37-32-16-74","MAIZE","6","No","No",,,"",,,,"",,,,,,,,,,,,,"",,,"",,,"","No",,"",,"",,,"","No",,"",,,,,,,,,,"No","No",,"No","Yes","No","No","No","No","No","No","No","No","No","No","No","No","No","No","No","No",,,,,,,,,,,,,,,,,"No","No","Yes","No","No","No","No","No","No","No",,"No","No"
"74-21-41-84","MAIZE","0.5","No","No",,,"",,,,"",,,,,,,,,,,,,"",,,"",,,"","No",,"",,"",,,"","No",,"",,,,,,,,,,"No","No",,"No","Yes","No","No","No","No","No","No","No","No","No","No","No","No","No","No","No","No",,,,,,,,,,,,,,,,,"No","No","Yes","No","No","No","No","No","No","No",,"No","No"
"82-96-41-85","BEANS/COWPEA","0.45","No","No",,,"",,,,"",,,,,,,,,,,,,"",,,"",,,"","No",,"",,"",,,"","Yes","River/ stream","","No","No","No","No","Yes","No","No","No",,"No","No",,"No","Yes","No","No","No","No","No","No","No","No","No","No","No","No","No","No","No","No",,,,,,,,,,,,,,,,,"No","No","Yes","No","No","No","No","No","No","No",,"Yes","Yes"
"82-96-41-85","MAIZE","1","No","No",,,"",,,,"",,,,,,,,,,,,,"",,,"",,,"","No",,"",,"",,,"","Yes","River/ stream","","No","No","No","No","Yes","No","No","No",,"No","No",,"No","Yes","No","No","No","No","No","No","No","No","No","No","No","No","No","No","No","No",,,,,,,,,,,,,,,,,"No","No","Yes","No","No","No","No","No","No","No",,"Yes","Yes"
"86-98-25-96","MAIZE","0.5","No","Yes",1200,"Kilograms","","Yes",800,"Kilograms","",80,"Yes","No","No","No","No","No","No",,,400,"Kilograms","","0",,"",0,,"","Yes","0","",,"","100","Kilograms","","Yes","Others, specify","lake water","No","No","No","No","Yes","No","No","No",,"No","No",,"No","Yes","No",,"No","No","No","No","No","No","No","No","No","No","No","No","No","No",,,,,,,,,,,,,,,,,"No","No","Yes","No","No","No","No","No","No","No",,"Yes","Yes"
"41-61-78-73","MAIZE","1.5","No","No",,,"",,,,"",,,,,,,,,,,,,"",,,"",,,"","No",,"",,"",,,"","No",,"",,,,,,,,,,"No","No","Yes","No","No","No","No",,"No","No","No","No","No","No","No","No","No","No","No","No","No",,,,,,,,,,,,,,,,,"No","No","No","Yes","No","No","No","No","No","No",,"No","No"
"16-75-57-30","MAIZE","1","No","No",,,"",,,,"",,,,,,,,,,,,,"",,,"",,,"","No",,"",,"",,,"","No",,"",,,,,,,,,,"No","No","Yes","No","No","No","No","No","No","No","No","No","No","No","No","No","No","No","No","No","No",,,,,,,,,,,,,,,,,"No","No",,"Yes","No","No","No","No","No","No",,"No","No"
"51-48-94-50","MAIZE","1.5","No","Yes",14,"90 kg bag","","Yes",12,"90 kg bag","",7200,"Yes","No","No","No","No","No","No",,,1,"90 kg bag","","0",,"",1,"90 kg bag","","No","0","",,"",,,"","Yes","River/ stream","","No","No","No","No","Yes","No","No","No",,"No","No",,"No","Yes","No","No","No","No","No","No","No","No","No","No","No","No","No","No","No","No",,,,,,,,,,,,,,,,,"No","Yes",,,,,,,,,,"Yes","Yes"
"51-48-94-50","GREEN GRAMS","1.5","No","Yes",4,"90 kg bag","","Yes",3,"90 kg bag","",10000,"No","Yes","No","No","No","No","No",,,3,"Debe","","0",,"",2,"Debe","","Yes","0","",,"","1","Debe","","Yes","River/ stream","","No","No","No","No","Yes","No","No","No",,"No","No",,"No","Yes","No","No",,"No","No","No","No","No","No","No","No","No","No","No","No","No",,,,,,,,,,,,,,,,,"No","No","No","No","No","No","No","No","Yes","No",,"Yes","Yes"
"97-20-59-08","MAIZE","0.5","No","No",,,"",,,,"",,,,,,,,,,,,,"",,,"",,,"","No",,"",,"",,,"","Yes","River/ stream","","No","No","No","No","Yes","No","No","No",,"No","No",,"No","Yes","No","No",,"No","No","No","No","No","No","No","No","No","No","No","No","No",,,,,,,,,,,,,,,,,"No","No","Yes","No","No","No","No","No","No","No",,"No","Yes"
"82-77-24-98","MAIZE","2.5","No","No",,,"",,,,"",,,,,,,,,,,,,"",,,"",,,"","No",,"",,"",,,"","No",,"",,,,,,,,,,"No","No","No","No","Yes","No",,"No","No","No","No","No","No","No","No","No","No","No","No","No","No",,,,,,,,,,,,,"Yes",,,,"No","Yes",,,,,,,,,,"Yes","Yes"
"47-95-59-62","BEANS/COWPEA","0.5","No","No",,,"",,,,"",,,,,,,,,,,,,"",,,"",,,"","No",,"",,"",,,"","No",,"",,,,,,,,,,"No","No","Yes","No",,"No","No","No","No","No","No","No","No","No","No","No","No","No","No","No","No",,,,,,,,,,,,,"Yes",,,,"No","No","Yes",,"No","No","No","No","No","No",,"No","No"
"47-95-59-62","MAIZE","1","No","No",,,"",,,,"",,,,,,,,,,,,,"",,,"",,,"","No",,"",,"",,,"","No",,"",,,,,,,,,,"No","No","Yes","No",,"No","No","No","No","No","No","No","No","No","No","No","No","No","No","No","No",,,,,,,,,,,,,,,,,"No","No","Yes",,"No","No","No","No","No","No",,"No","No"
"47-95-59-62","GREEN VEGETABLE","0.5","No","Yes",2,"Debe","","No",,,"",,,,,,,,,,,2,"Debe","","0",,"",0,,"","No","0","",,"",,,"","No",,"",,,,,,,,,,"No","No","Yes","No",,"No","No","No","No","No","No","No","No","No","No","No","No","No","No","No","No",,,,,,,,,,,,,,,,,"No","No","Yes",,"No","No","No","No","No","No",,"No","No"
"08-94-02-07","MAIZE","0.5","No","Yes",6,"90 kg bag","","Yes",2,"90 kg bag","",5000,"No","Yes","No","No","No","No","No",,,1,"90 kg bag","","0",,"",0,,"","Yes","0","",,"","3","90 kg bag","","Yes","River/ stream","","No","No","No","No","Yes","No","No","No",,"No","No","Yes","No","No","No","No","No","No","No","No","No","No","No","No","No","No","No","No",,"No",,,,,,,,,,,,,,,,,"No","Yes",,,,,,,,,,"Yes","Yes"
"08-94-02-07","TOMATO","0.5","No","Yes",50,"Crates","","Yes",48,"Crates","",1200,"No","Yes","No","No","No","No","No",,,2,"Crates","","0",,"",0,,"","No","0","",,"",,,"","Yes","River/ stream","","No","No","No","No","Yes","No","No","No",,"No","No","Yes","No","No","No","No","No","No","No","No",,"No","No","No","No",,"No","No","No","No",,,,,,,,,,,,,,,,,"No","Yes",,,,,,,,,,"Yes","Yes"
"71-65-92-38","MAIZE","1","No","No",,,"",,,,"",,,,,,,,,,,,,"",,,"",,,"","No",,"",,"",,,"","No",,"",,,,,,,,,,"No","No","Yes","No","No","No","No","No","No","No","No","No","No","No","No","No","No","No","No","No","No",,,,,,,,,,,,,,,,,"No","No","No","No","No","No","No","No","No","Yes",,"No","No"
"64-78-16-16","BEANS/COWPEA","0.5","No","Yes",8,"Gorogoro","","No",,,"",,,,,,,,,,,8,"Gorogoro","","0",,"",0,,"","No","0","",,"",,,"","No",,"",,,,,,,,,,"No","No","Yes","No",,"No","No","No","No","No","No","No","No","No","No","No","No","No","No","No","No",,,,,,,,,,,,,,,,,"No","No","Yes","No","No","No","No","No","No","No",,"No","No"
"64-78-16-16","MAIZE","1.5","No","No",,,"",,,,"",,,,,,,,,,,,,"",,,"",,,"","No",,"",,"",,,"","No",,"",,,,,,,,,,"No","No","Yes","No",,"No","No","No","No","No","No","No","No","No","No","No","No","No","No","No","No",,,,,,,,,,,,,,,,,"No","No","Yes","No","No","No","No","No","No","No",,"No","No"
"21-44-80-94","MAIZE","1","No","No",,,"",,,,"",,,,,,,,,,,,,"",,,"",,,"","No",,"",,"",,,"","No",,"",,,,,,,,,,"No","No","Yes","No","No","No","No","No","No","No","No","No","No","No","No","No","No","No","No","No","No",,,,,,,,,,,,,,,,,"No","No","No","Yes","No","No","No","No","No","No",,"No","No"
"09-64-46-58","MAIZE","5","No","No",,,"",,,,"",,,,,,,,,,,,,"",,,"",,,"","No",,"",,"",,,"","Yes","River/ stream","","No","No","No","No","Yes","No","No","No",,"No","No","Yes","No","No","No","No","No","No","No","No","No","No","No","No","No","No","No","No",,"No",,,,,,,,,,,,,,,,,"Yes","No","Yes","No","No","No","No","No",,"No",,"Yes","Yes"
"09-64-46-58","GREEN GRAMS","1","No","Yes",1,"100 kg bag","","No",,,"",,,,,,,,,,,1,"100 kg bag","","0",,"",0,,"","No","0","",,"",,,"","Yes","River/ stream","","No","No","No","No","Yes","No","No","No",,"No","No","Yes","No","No","No","No","No","No","No","No","No","No","No","No","No",,"No","No",,"No",,,,,,,,,,,,,,,,,"Yes","No","Yes","No","No","No","No","No","No","No",,"Yes","Yes"
"59-85-28-37","MAIZE","2","No","No",,,"",,,,"",,,,,,,,,,,,,"",,,"",,,"","No",,"",,"",,,"","No",,"",,,,,,,,,,"No","No","Yes","No","No",,"No",,"No","No","No","No","No","No","No","No","No","No","No","No","No",,,,,,,,,,,,,,,,,"No","No","No","Yes","No","No","No","No","No","No",,"No","No"
"15-65-55-76","MAIZE","0.5","Yes","No",,,"",,,,"",,,,,,,,,,,,,"",,,"",,,"","No",,"",,"",,,"","No",,"",,,,,,,,,,"No","No",,"No","No","No","No","Yes","No","No","No","No","No","No","No","No","No","No","No","No","No",,,,,,,,,,,,,,,,,"No","No","No","Yes","No","No","No","No","No","No",,"No","No"
"06-65-59-46","MAIZE","2","No","No",,,"",,,,"",,,,,,,,,,,,,"",,,"",,,"","Yes",,"",,"","90","Kilograms","","No",,"",,,,,,,,,,"No","No",,"No","No","No","No","No","Yes","No","No","No","No","No","No","No","No","No","No","No","No",,,,,,,,,,,,,,,,,"No","No","Yes",,"No","No","No","No","No","No",,"No","No"
"46-83-77-72","BEANS/COWPEA","0.5","No","Yes",4,"Debe","","No",,,"",,,,,,,,,,,4,"Debe","","0",,"",1,"Debe","","No","0","",,"",,,"","No",,"",,,,,,,,,,"Yes","No",,"No","No","No","No","No","No","No","No","No","No","No","No","No","No","No","No","No","No",,,,,,,,,,,,,"Yes",,,,"No","No","Yes",,"No","No","No","No","No","No",,"No","No"
"46-83-77-72","MAIZE","1","No","No",,,"",,,,"",,,,,,,,,,,,,"",,,"",,,"","No",,"",,"",,,"","No",,"",,,,,,,,,,,"No","Yes","No",,"No","No","No","No","No","No","No","No","No","No","No","No","No","No","No","No",,,,,,,,,,,,,,,,,"No","No","Yes",,"No","No","No","No","No","No",,"No","No"
"46-83-77-72","MILLET/MAIWA","0.5","No","No",,,"",,,,"",,,,,,,,,,,,,"",,,"",,,"","No",,"",,"",,,"","No",,"",,,,,,,,,,,"No","Yes","No",,"No","No","No","No","No","No","No","No","No","No","No","No","No","No","No","No",,,,,,,,,,,,,,,,,"No","No","Yes",,"No","No","No","No","No","No",,"No","No"
"46-83-77-72","GREEN VEGETABLE","0.5","No","Yes",3,"Debe","","No",,,"",,,,,,,,,,,1,"Debe","","0",,"",0,,"","Yes","0","",,"","2","Debe","","No",,"",,,,,,,,,,"No","No","Yes","No",,"No","No","No","No","No","No","No","No","No","No","No","No","No","No","No","No",,,,,,,,,,,,,,,,,"No","No","Yes",,"No","No","No","No","No","No",,"No","No"
"13-16-83-24","MAIZE","3","No","No",,,"",,,,"",,,,,,,,,,,,,"",,,"",,,"","No",,"",,"",,,"","No",,"",,,,,,,,,,"No","No","Yes","No","No","No","No","No","No","No","No","No","No","No","No","No","No","No","No","No","No",,,,,,,,,,,,,,,,,"No","No","Yes",,"No","No","No","No","No","No",,"No","No"
"55-65-07-83","MAIZE","2","No","Yes",4450,"Kilograms","","Yes",4000,"Kilograms","",82,"No","No","Yes","No","No","No","No",,,450,"Kilograms","","0",,"",0,,"","No","0","",,"",,,"","Yes","River/ stream","","No","No","No","No","Yes","No","No","No",,"No","No","No","No",,"No","No","No","No","No","No","No","No","No","No","No","No","Yes","No","No","No",,,,,,,,,,,,,,,,,"No","Yes",,,,,,,,,,"Yes","Yes"
"30-73-95-73","MAIZE","0.5","No","No",,,"",,,,"",,,,,,,,,,,,,"",,,"",,,"","No",,"",,"",,,"","Yes","River/ stream","","No","No","No","No","Yes","No","No","No",,"No","No",,"No",,"No","No","Yes","No","No","No","No","No","No","No","No","No","No","No","No","No",,,,,,,,,,,,,,,,,"No","Yes",,,,,,,,,,"Yes","Yes"
"81-01-27-26","MAIZE","1","No","No",,,"",,,,"",,,,,,,,,,,,,"",,,"",,,"","No",,"",,"",,,"","Yes","River/ stream","","No","No","No","No","Yes","No","No","No",,"No","No",,"No","Yes","No","No",,"No","No","No","No","No","No","No","No","No","No","No","No","No",,,,,,,,,,,,,,,,,"No","Yes",,,,,,,,,,"Yes","Yes"
"15-06-78-78","MAIZE","0.5","Yes","No",,,"",,,,"",,,,,,,,,,,,,"",,,"",,,"","No",,"",,"",,,"","No",,"",,,,,,,,,,"No","No","Yes","No","No","No","No","No","No","No","No","No","No","No","No","No","No","No","No","No","No",,,,,,,,,,,,,,,,,"No","No","No","Yes","No","No","No","No","No","No",,"No","No"
"15-06-78-78","GREEN GRAMS","0.5","Yes","No",,,"",,,,"",,,,,,,,,,,,,"",,,"",,,"","No",,"",,"",,,"","No",,"",,,,,,,,,,"No","No","Yes","No","No","No","No","No","No","No","No","No","No","No","No","No","No","No","No","No","No",,,,,,,,,,,,,"Yes",,,,"No","No","No","No","Yes","No","No","No","No","No",,"No","No"
"34-54-53-25","MAIZE","6","No","No",,,"",,,,"",,,,,,,,,,,,,"",,,"",,,"","No",,"",,"",,,"","No",,"",,,,,,,,,,"No","No","Yes","No","No","No","No",,"No","No","No","No","No","No","No","No","No","No","No","No","No",,,,,,,,,,,,,,,,,"No","No","No","No","Yes","No","No","No","No","No",,"No","No"
"54-15-04-81","MAIZE","1","No","No",,,"",,,,"",,,,,,,,,,,,,"",,,"",,,"","No",,"",,"",,,"","Yes","River/ stream","","No","No","No","No","Yes","No","No","No",,"No","No","Yes","No",,"No","No","No","No","No","No","No","No","No","No","No","No","No","No","No","No",,,,,,,,,,,,,,,,,"Yes","Yes",,,,,,,,,,"Yes","Yes"
"30-29-61-21","MAIZE","2","No","No",,,"",,,,"",,,,,,,,,,,,,"",,,"",,,"","No",,"",,"",,,"","No",,"",,,,,,,,,,"No","No","No","No","Yes","No","No","No","No","No","No","No","No","No","No","No","No","No","No","No","No",,,,,,,,,,,,,,,,,"No","No","No","No","Yes","No","No","No","No","No",,"No","No"
"25-20-08-58","MAIZE","4","No","No",,,"",,,,"",,,,,,,,,,,,,"",,,"",,,"","No",,"",,"",,,"","No",,"",,,,,,,,,,"No","No","Yes","No","No",,"No","No","No","No","No","No","No","No","No","No","No","No","No","No","No",,,,,,,,,,,,,,,,,"No","No","No","No","Yes","No","No","No","No","No",,"No","No"
"12-04-44-96","MAIZE","0.5","No","Yes",6,"90 kg bag","","Yes",3,"90 kg bag","",6500,"Yes","No","No","No","No","No","No",,,1,"90 kg bag","","0",,"",0,,"","Yes","0","",,"","2","90 kg bag","","Yes","River/ stream","","No","No","No","No","Yes","No","No","No",,"No","No","No","No","Yes",,,"No","No","No","No","No","No","No","No","No","No","No","No","No","No",,,,,,,,,,,,,,,,,"No","Yes",,,,,,,,,,"Yes","Yes"
"98-27-33-85","MAIZE","1","No","Yes",4,"90 kg bag","","Yes",1,"90 kg bag","",6000,"Yes","No","No","No","No","No","No",,,3,"90 kg bag","","0",,"",0,,"","No","0","",,"",,,"","Yes","River/ stream","","No","No","No","No","Yes","No","No","No",,"No","No","No","No","Yes","No","No","No","No","No","No","No","No","No","No","No","No","No","No","No","No",,,,,,,,,,,,,,,,,"No","Yes",,,,,,,,,,"Yes","Yes"
"68-07-50-59","MAIZE","1","No","Yes",2500,"Kilograms","","Yes",1800,"Kilograms","",84,"No","No","Yes","No","No","No","No",,,700,"Kilograms","","0",,"",0,,"","No","0","",,"",,,"","Yes","River/ stream","","No","No","No","No","Yes","No","No","No",,"No","No",,"No","Yes","No","No","No","No","No","No","No","No","No","No","No","No","No","No","No","No",,,,,,,,,,,,,,,,,"No","Yes",,,,,,,,,,"Yes","Yes"
"68-07-50-59","GREEN GRAMS","1","No","Yes",600,"Kilograms","","Yes",400,"Kilograms","",130,"Yes","No","No","No","No","No","No",,,200,"Kilograms","","0",,"",0,,"","No","0","",,"",,,"","Yes","River/ stream","","No","No","No","No","Yes","No","No","No",,"No","No","No","No","No","No","No","No",,"No","No",,"No","No","No","No","No","No","Yes","No","No",,,,,,,,,,,,,,,,,"No","No","Yes","No","No","No","No","No","No","No",,"Yes","Yes"
"69-15-02-37","BEANS/COWPEA","1","Yes","No",,,"",,,,"",,,,,,,,,,,,,"",,,"",,,"","No",,"",,"",,,"","No",,"",,,,,,,,,,"No","No","Yes","No","No","No","No","No","No","No","No","No","No","No","No","No","No","No","No","No","No",,,,,,,,,,,,,,,,,"No","No","No","Yes","No","No","No","No","No","No",,"No","No"
"69-15-02-37","MAIZE","1","Yes","No",,,"",,,,"",,,,,,,,,,,,,"",,,"",,,"","No",,"",,"",,,"","No",,"",,,,,,,,,,"No","No","Yes","No","No","No","No","No","No","No","No","No","No","No","No","No","No","No","No","No","No",,,,,,,,,,,,,,,,,"No","No","No","No","Yes","No","No","No","No","No",,"No","No"
"02-78-83-36","BEANS/COWPEA","1","Yes","No",,,"",,,,"",,,,,,,,,,,,,"",,,"",,,"","No",,"",,"",,,"","No",,"",,,,,,,,,,"No","No","Yes","No","No","No","No","No","No","No","No","No","No","No","No","No","No","No","No","No","No",,,,,,,,,,,,,,,,,"No","No","No","No","No","No","No","No","Yes","No",,"No","No"
"02-78-83-36","MAIZE","1","Yes","No",,,"",,,,"",,,,,,,,,,,,,"",,,"",,,"","No",,"",,"",,,"","No",,"",,,,,,,,,,"No","No","Yes","No","No","No","No","No","No","No","No","No","No","No","No","No","No","No","No","No","No",,,,,,,,,,,,,,,,,"No","No","No","No","No","No","No","No","Yes","No",,"No","No"
"02-78-83-36","SORGHUM","1","Yes","No",,,"",,,,"",,,,,,,,,,,,,"",,,"",,,"","No",,"",,"",,,"","No",,"",,,,,,,,,,"No","No","No","No","Yes","No","No","No","No","No","No","No","No","No","No","No","No","No","No","No","No",,,,,,,,,,,,,"Yes",,,"No","No","No","No","No","No","No","No","No","Yes","No",,"No","No"
"97-59-33-64","MAIZE","2","No","Yes",8,"90 kg bag","","Yes",7,"90 kg bag","",7200,"No","No","Yes","No","No","No","No",,,1,"90 kg bag","","0",,"",0,,"","No","0","",,"",,,"","Yes","River/ stream","","No","No","No","No","Yes","No","No","No",,"No","No","No","No","Yes","No","No","No","No","No","No","No","No","No","No","No","No",,"No","No","No",,,,,,,,,,,,,,,,,"No","Yes",,,,,,,,,,"Yes","Yes"
"62-96-19-75","BEANS/COWPEA","1","No","No",,,"",,,,"",,,,,,,,,,,,,"",,,"",,,"","No",,"",,"",,,"","Yes","River/ stream","","No","No","No","No","Yes","No","No","No",,"No","No","No","No","Yes","No","No","No","No","No","No","No","No","No","No","No","No","No","No","No","No",,,,,,,,,,,,,,,,,"No","No","No","No","No","No","No","No","Yes","No",,"Yes","Yes"
"62-96-19-75","MAIZE","2","No","Yes",28,"90 kg bag","","Yes",24,"90 kg bag","",5000,"No","Yes","No","No","No","No","No",,,1,"90 kg bag","","0",,"",0,,"","Yes","0","",,"","3","90 kg bag","","Yes","River/ stream","","No","No","No","No","Yes","No","No","No",,"No","No",,"No","Yes","No","No","No","No","No","No","No","No","No","No","No","No","No","No","No","No",,,,,,,,,,,,,,,,,"No","Yes",,,,,,,,,,"Yes","Yes"
"73-91-22-23","MAIZE","1","No","No",,,"",,,,"",,,,,,,,,,,,,"",,,"",,,"","No",,"",,"",,,"","No",,"",,,,,,,,,,"No","No","Yes","No","No","No","No","No","No","No","No","No","No","No","No","No","No","No","No","No","No",,,,,,,,,,,,,,,,,"No","No","No","No","No","No","No","No","Yes","No",,"No","No"
"32-86-73-25","OTHER SPECIFY","1","No","Yes",15,"Kilograms","","Yes",15,"Kilograms","",300,"No","Yes","No","No","No","No","No",,,0,,"","0",,"",0,,"","No","0","",,"",,,"","No",,"",,,,,,,,,,"No","No","No","No",,"No","No","Yes","No","No","No","No","No","No","No","No","No","No","No","No","No",,"No","Yes","No","No","No","No","No","No",,,,,,,,"No","No","Yes","No","No","No","No","No","No","No",,"No","Yes"
"72-97-03-54","BEANS/COWPEA","1","Yes","No",,,"",,,,"",,,,,,,,,,,,,"",,,"",,,"","No",,"",,"",,,"","No",,"",,,,,,,,,,"No","No","No","No","Yes","No","No","No","No","No","No","No","No","No","No","No","No","No","No","No","No",,,,,,,,,,,,,,,,,"No","No","Yes","No","No","No","No","No","No","No",,"No","Yes"
"72-97-03-54","MAIZE","1","Yes","No",,,"",,,,"",,,,,,,,,,,,,"",,,"",,,"","No",,"",,"",,,"","No",,"",,,,,,,,,,"No","No","No","No","Yes","No","No","No","No","No","No","No","No","No","No","No","No","No","No","No","No",,,,,,,,,,,,,,,,,"No","No","Yes","No","No","No","No","No","No","No",,"No","Yes"
"15-89-37-89","MAIZE","0.5","No","Yes",300,"Kilograms","","No",,,"",,,,,,,,,,,300,"Kilograms","","0",,"",0,,"","No","0","",,"",,,"","No",,"",,,,,,,,,,"No","No",,"No","Yes","No","No",,"No","No","No","No","No","No","No","No","No","No","No","No","No",,,,,,,,,,,,,,,,,"No","No","Yes","No","No","No","No","No","No","No",,"No","Yes"
"12-79-12-74","MAIZE","0.5","No","No",,,"",,,,"",,,,,,,,,,,,,"",,,"",,,"","No",,"",,"",,,"","No",,"",,,,,,,,,,"No","No","Yes","No","No","No","No","No","No","No","No","No","No","No","No","No","No","No","No","No","No",,,,,,,,,,,,,"Yes",,,,"No","No","No","No","Yes","No","No","No","No","No",,"No","No"
"84-49-36-60","MAIZE","0.5","No","No",,,"",,,,"",,,,,,,,,,,,,"",,,"",,,"","No",,"",,"",,,"","No",,"",,,,,,,,,,"No","No","Yes","No","No","No",,"No","No","No","No","No","No","No","No","No","No","No","No","No","No",,,,,,,,,,,,,"Yes",,,,"No","No","Yes",,"No","No","No","No","No","No",,"No","No"
"84-49-36-60","GREEN VEGETABLE","0.5","No","No",,,"",,,,"",,,,,,,,,,,,,"",,,"",,,"","No",,"",,"",,,"","No",,"",,,,,,,,,,"No","No","Yes","No",,"No","No","No","No","No","No","No","No","No","No","No","No","No","No","No","No",,,,,,,,,,,,,,,,,"Yes","No","Yes",,"No","No","No","No","No","No",,"No","No"
"50-30-24-70","MAIZE","0.5","No","No",,,"",,,,"",,,,,,,,,,,,,"",,,"",,,"","No",,"",,"",,,"","No",,"",,,,,,,,,,"No","No",,"No","Yes","No","No",,"No","No","No","No","No","No","No","No","No","No","No","No","No",,,,,,,,,,,,,,,,,"No","No","Yes","No","No","No","No","No","No","No",,"No","No"
"50-30-24-70","GREEN GRAMS","0.5","No","No",,,"",,,,"",,,,,,,,,,,,,"",,,"",,,"","No",,"",,"",,,"","No",,"",,,,,,,,,,"No","No",,"No","No","No","No",,"No","No","No","No","No","No","No","No","No","No","Yes","No","No",,,,,,,,,,,,,,,,,"No","No","Yes","No","No","No","No","No","No","No",,"No","No"
"73-01-79-27","MAIZE","1.5","No","No",,,"",,,,"",,,,,,,,,,,,,"",,,"",,,"","No",,"",,"",,,"","Yes","River/ stream","","No","No","No","No","Yes","No","No","No",,"No","No",,"No","Yes","No","No","No","No","No","No","No","No","No","No","No","No","No","No","No","No",,,,,,,,,,,,,,,,,"No","No","Yes","No","No","No","No","No","No","No",,"Yes","Yes"
"61-70-56-76","BEANS/COWPEA","0.5","Yes","No",,,"",,,,"",,,,,,,,,,,,,"",,,"",,,"","No",,"",,"",,,"","No",,"",,,,,,,,,,"No","No","No","No","No","No","No","No","No","No","No","No","No","No","No","No","No","No","Yes","No","No",,,,,,,,,,,,,"Yes",,,,"Yes","No","Yes",,"No","No","No","No","No","No",,"No","No"
"61-70-56-76","MAIZE","0.5","Yes","No",,,"",,,,"",,,,,,,,,,,,,"",,,"",,,"","No",,"",,"",,,"","No",,"",,,,,,,,,,,"No","Yes","No","No","No","No","No","No","No","No","No","No","No","No","No","No","No","No","No","No",,,,,,,,,,,,,"Yes",,,,"Yes","No","Yes",,"No","No","No","No","No","No",,"No","No"
"61-70-56-76","GREEN VEGETABLE","0.2","No","No",,,"",,,,"",,,,,,,,,,,,,"",,,"",,,"","No",,"",,"",,,"","No",,"",,,,,,,,,,"No","No","Yes","No","No","No","No","No","No","No","No",,"No","No","No","No","No","No",,"No","No",,,,,,,,,,,,,,,,,"Yes","No","Yes",,"No","No","No","No","No","No",,"No","No"
"69-39-88-08","MAIZE","1","No","No",,,"",,,,"",,,,,,,,,,,,,"",,,"",,,"","No",,"",,"",,,"","Yes","River/ stream","","No","No","No","No","Yes","No","No","No",,"No","No","Yes","No",,"No","No","No","No","No","No","No","No","No","No","No","No","No","No","No","No",,,,,,,,,,,,,,,,,"No","No","Yes","No","No","No","No","No","No","No",,"Yes","No"
"46-71-69-87","MAIZE","1","No","No",,,"",,,,"",,,,,,,,,,,,,"",,,"",,,"","No",,"",,"",,,"","Yes","River/ stream","","No","No","No","No","Yes","No","No","No",,"No","No","Yes","No",,,"No","No","No","No","No","No","No","No","No","No","No","No","No","No","No",,,,,,,,,,,,,"Yes",,,,"No","No","Yes","No","No","No","No","No","No","No",,"No","Yes"
"46-71-69-87","OTHER(SPECIFY)","0.5","No","Yes",40,"Kilograms","","Yes",30,"Kilograms","",3000,"Yes","No","No","No","No","No","No",,,5,"Kilograms","","0",,"",5,"Kilograms","","No","0","",,"",,,"","Yes","River/ stream","","No","No","No","No","Yes","No","No","No",,"No","No","Yes","No",,"No","No","No","No","No","No","No","No","No","No","No","No","No","No","No","No",,,,,,,,,,,,,"Yes",,,,"No","No","Yes","No","No","No","No","No","No","No",,"Yes","Yes"
"65-63-71-66","MAIZE","1","No","No",,,"",,,,"",,,,,,,,,,,,,"",,,"",,,"","No",,"",,"",,,"","Yes","River/ stream","","No","No","No","No","Yes","No","No","No",,"No","No","No","No","Yes","No","No","No","No","No",,"No","No","No","No","No","No","No","No","No","No",,,,,,,,,,,,,,,,,"No","No","Yes","No","No","No","No","No","No",,,"Yes","No"
"15-51-80-47","MAIZE","4","No","No",,,"",,,,"",,,,,,,,,,,,,"",,,"",,,"","No",,"",,"",,,"","No",,"",,,,,,,,,,"No","No","No","No","No","No","No","No","No","No","No","No","No","No","No","No","No","No","No","No","Yes",,"No","No","No","No","No","No","No","Yes",,,,,,,,"No","No","No","Yes","No","No","No","No","No","No",,"No","Yes"
"36-59-31-86","MAIZE","1","No","Yes",1980,"Kilograms","","Yes",1800,"Kilograms","",60,"No","No","Yes","No","No","No","No",,,180,"Kilograms","","0",,"",0,,"","No","0","",,"",,,"","Yes","River/ stream","","No","No","No","No","Yes","No","No","No",,"No","No","No","No","No","No","No","No","No","No","No","No","No","No","No","No","No","Yes","No","No","No",,,,,,,,,,,,,,,,,"No","Yes",,,,,,,,,,"Yes","Yes"
"73-83-46-14","MAIZE","1","No","No",,,"",,,,"",,,,,,,,,,,,,"",,,"",,,"","No",,"",,"",,,"","Yes","River/ stream","","No","No","No","No","Yes","No","No","No",,"No","No","Yes","No",,"No","No","No","No","No","No","No","No","No","No","No","No","No","No","No","No",,,,,,,,,,,,,,,,,"No","No","Yes","No","No","No","No","No","No","No",,"No","No"
"07-04-05-10","MAIZE","0.1","No","No",,,"",,,,"",,,,,,,,,,,,,"",,,"",,,"","No",,"",,"",,,"","No",,"",,,,,,,,,,"No","No",,"No","Yes","No","No","No","No","No","No","No","No","No","No","No","No","No","No","No","No",,,,,,,,,,,,,,,,,"Yes","No","Yes","No","No","No","No","No","No","No",,"Yes","Yes"
"99-97-90-90","OTHER SPECIFY","0.5","No","No",,,"",,,,"",,,,,,,,,,,,,"",,,"",,,"","No",,"",,"",,,"","Yes","River/ stream","","No","No","No","No","Yes","No","No","No",,"No","No","Yes","No",,"No",,"No","No","No","No","No","No","No","No","No","No","No","No","No","No",,"Yes","No","No","No","No","No",,"No",,,,,,,,"No","No","Yes","No","No","No","No","No","No","No",,"No","Yes"
"99-97-90-90","MAIZE","1","No","No",,,"",,,,"",,,,,,,,,,,,,"",,,"",,,"","No",,"",,"",,,"","Yes","River/ stream","","No","No","No","No","Yes","No","No","No",,"No","No","Yes","No",,"No","No","No","No","No","No","No","No","No","No","No","No","No","No","No","No",,,,,,,,,,,,,"Yes",,,,"No","No","Yes","No","No","No","No","No","No","No",,"No","Yes"
"85-50-39-09","OTHER SPECIFY","0.25","No","No",,,"",,,,"",,,,,,,,,,,,,"",,,"",,,"","No",,"",,"",,,"","Yes","River/ stream","","No","No","No","No","Yes","No","No","No",,"No","No","No","No","No","No","No","No","No","No","No","No","Yes","No","No","No","No","No",,"No","No",,"No","Yes","No","No","No","No","No","No",,,,,,,,"No","No","No","No","No","No","No","No","Yes","No",,"No","No"
"85-50-39-09","MAIZE","1","No","Yes",36,"90 kg bag","","Yes",33,"90 kg bag","",3000,"No","Yes","No","No","No","No","No",,,2,"90 kg bag","","0",,"",1,"90 kg bag","","No","0","",,"",,,"","Yes","River/ stream","","No","No","No","No","Yes","No","No","No",,"No","No",,"No","Yes","No","No","No","No","No","No","No","No","No","No","No","No","No","No","No","No",,,,,,,,,,,,,"Yes",,,,"No","Yes",,,,,,,,,,"Yes","Yes"
"46-32-17-36","BEANS/COWPEA","1","No","Yes",2,"90 kg bag","","Yes",1,"90 kg bag","",9000,"Yes","No","No","No","No","No","No",,,1,"90 kg bag","","0",,"",0,,"","No","0","",,"",,,"","Yes","River/ stream","","No","No","No","No","Yes","No","No","No",,"No","No","No","No","Yes","No",,"No","No","No","No","No","No","No","No","No","No","No","No","No","No",,"Yes",,"No","No","No","No","No","No",,,,,,,,"No","No","Yes",,"No","No","No","No","No","No",,"No","Yes"
"46-32-17-36","MAIZE","2","No","No",,,"",,,,"",,,,,,,,,,,,,"",,,"",,,"","No",,"",,"",,,"","Yes","River/ stream","","No","No","No","No","Yes","No","No","No",,"No","No","Yes","No",,"No","No",,"No","No","No","No","No","No","No","No","No","No","No","No","No",,,,,,,,,,,,,,,,,"No","Yes",,,,,,,,,,"Yes","Yes"
"85-98-37-69","MAIZE","1.5","No","No",,,"",,,,"",,,,,,,,,,,,,"",,,"",,,"","No",,"",,"",,,"","Yes","River/ stream","","No","No","No","No","Yes","No","No","No",,"No","No",,"No","Yes","No","No","No","No","No","No","No","No","No","No","No","No","No","No","No","No",,,,,,,,,,,,,,,,,"No","Yes",,,,,,,,,,"Yes","Yes"
"65-26-91-15","MAIZE","0.5","No","No",,,"",,,,"",,,,,,,,,,,,,"",,,"",,,"","No",,"",,"",,,"","Yes","River/ stream","","No","No","No","No","Yes","No","No","No",,"No","No","No","No","Yes","No","No","No","No","No","No","No","No","No","No","No","No",,"No","No","No",,,,,,,,,,,,,,,,,"No","Yes",,,,,,,,,,"No","Yes"
"65-45-62-39","MAIZE","0.5","No","No",,,"",,,,"",,,,,,,,,,,,,"",,,"",,,"","No",,"",,"",,,"","Yes","River/ stream","","No","No","No","No","Yes","No","No","No",,"No","No","No","No","No","Yes","No","No","No","No","No","No","No","No","No","No","No","No","No","No","No",,,,,,,,,,,,,,,,,"No","No","Yes","No","No","No","No","No","No","No",,"No","Yes"
"47-59-10-25","MAIZE","1","No","No",,,"",,,,"",,,,,,,,,,,,,"",,,"",,,"","No",,"",,"",,,"","Yes","River/ stream","","No","No","No","No","Yes","No","No","No",,"No","No","Yes","No","No","No","No","No","No","No","No","No","No","No","No","No","No","No","No","No","No",,,,,,,,,,,,,,,,,"No","Yes",,,,,,,,,,"Yes","Yes"
"43-25-90-61","MAIZE","0.5","No","No",,,"",,,,"",,,,,,,,,,,,,"",,,"",,,"","No",,"",,"",,,"","No",,"",,,,,,,,,,"No","No","Yes","No","No","No","No",,"No","No","No","No","No","No","No","No","No","No","No","No","No",,,,,,,,,,,,,,,,,"No","No",,"Yes","No","No","No","No","No","No",,"No","No"
"49-70-00-09","MAIZE","2","No","No",,,"",,,,"",,,,,,,,,,,,,"",,,"",,,"","No",,"",,"",,,"","Yes","River/ stream","","No","No","No","No","Yes","No","No","No",,"No","No","No","No","Yes","No","No","No","No","No","No","No","No","No","No","No","No","No","No","No","No",,,,,,,,,,,,,,,,,"No","Yes",,,,,,,,,,"Yes","Yes"
"06-94-49-47","MAIZE","1","No","No",,,"",,,,"",,,,,,,,,,,,,"",,,"",,,"","No",,"",,"",,,"","Yes","River/ stream","","No","No","No","No","Yes","No","No","No",,"No","No","No","No","Yes","No","No",,"No","No","No","No","No","No","No","No","No","No","No","No","No",,,,,,,,,,,,,,,,,"No","Yes",,,,,,,,,,"Yes","Yes"
"19-04-54-37","MAIZE","1","No","No",,,"",,,,"",,,,,,,,,,,,,"",,,"",,,"","No",,"",,"",,,"","Yes","River/ stream","","No","No","No","No","Yes","No","No","No",,"No","No",,"No","Yes","No","No",,"No","No","No","No","No","No","No","No","No","No","No","No","No",,,,,,,,,,,,,"Yes",,,,"No","No","Yes","No","No","No","No","No","No",,,"No","No"
"59-57-12-16","MAIZE","2","No","No",,,"",,,,"",,,,,,,,,,,,,"",,,"",,,"","No",,"",,"",,,"","Yes","River/ stream","","No","No","No","No","Yes","No","No","No",,"No","No","No","No",,"No","No","No","No","No","No","No","No","No","No","No","No","Yes","No","No","No",,,,,,,,,,,,,,,,,"No","Yes",,,,,,,,,,"Yes","Yes"
"49-28-72-36","BEANS/COWPEA","2","Yes","Yes",4,"100 kg bag","","Yes",3,"100 kg bag","",10000,"No","No","Yes","No","No","No","No",,,1,"100 kg bag","","0",,"",0,,"","No","0","",,"",,,"","Yes","River/ stream","","No","No","No","No","Yes","No","No","No",,"No","No","No","No","Yes","No","No","No","No","No","No",,"No","No","No","No",,"No","No","No","No",,,,,,,,,,,,,,,,,"No","No","Yes","No","No","No","No","No","No",,,"Yes","Yes"
"49-28-72-36","MAIZE","4","No","Yes",10,"90 kg bag","","No",,,"",,,,,,,,,,,5,"90 kg bag","","4","90 kg bag","",1,"90 kg bag","","No","0","",,"",,,"","Yes","River/ stream","","No","No","No","No","Yes","No","No","No",,"No","No",,"No","Yes","No","No","No","No","No","No","No","No","No","No","No","No","No","No",,"No",,,,,,,,,,,,,,,,,"No","No","Yes","No","No","No","No","No","No","No",,"Yes","Yes"
"49-28-72-36","MELON/EGUSI","2","No","Yes",3,"Canter","","Yes",3,"Canter","",45000,"No","Yes","No","No","No","No","No",,,0,,"","0",,"",0,,"","No","0","",,"",,,"","Yes","River/ stream","","No","No","No","No","Yes","No","No","No",,,"No",,"No","Yes","No","No","No","No","No","No","No","No","No","No","No","No","No","No","No","No",,,,,,,,,,,,,,,,,"No","Yes",,,,,,,,,,"Yes","Yes"
"49-28-72-36","GREEN VEGETABLE","0.3","No","Yes",100,"Kilograms","","Yes",70,"Kilograms","",35,,"Yes","No","No",,"No","No",,,28,"Kilograms","","0",,"",2,"Kilograms","","No","0","",,"",,,"","Yes","River/ stream","","No","No","No","No","Yes","No","No","No",,,"No",,"No","Yes","No","No","No","No","No","No","No","No","No","No","No","No","No","No","No","No",,,,,,,,,,,,,,,,,"Yes","No","Yes","No","No","No","No","No",,"No",,"Yes","Yes"
"93-14-44-32","BEANS/COWPEA","0.5","No","Yes",400,"Kilograms","","Yes",350,"Kilograms","",120,"Yes",,"No","No","No","No","No",,,50,"Kilograms","","0",,"",0,,"","No","0","",,"",,,"","Yes","Others, specify","lake","No","No","No","No","Yes","No","No","No",,"No","No",,"No","Yes","No","No","No","No","No","No","No","No","No","No","No","No","No","No","No","No",,,,,,,,,,,,,,,,,"No","No","Yes","No","No","No","No","No","No","No",,"Yes","Yes"
"93-14-44-32","MAIZE","1","No","No",,,"",,,,"",,,,,,,,,,,,,"",,,"",,,"","No",,"",,"",,,"","Yes","Others, specify","lake","No","No","No","No","Yes","No","No","No",,"No","No",,"No","Yes","No","No","No","No","No","No","No","No","No","No","No","No","No","No","No","No",,,,,,,,,,,,,,,,,"No","Yes",,,,,,,,,,"Yes","Yes"
"51-90-88-91","MAIZE","1","No","No",,,"",,,,"",,,,,,,,,,,,,"",,,"",,,"","No",,"",,"",,,"","Yes","River/ stream","","No","No","No","No","Yes","No","No","No",,"No","No","Yes","No","No","No","No",,"No","No","No","No","No","No","No","No","No","No","No","No","No",,,,,,,,,,,,,,,,,"No","No","Yes","No","No","No","No","No","No","No",,"Yes","Yes"
"12-47-74-84","MAIZE","1","No","Yes",8,"90 kg bag","","Yes",8,"100 kg bag","",4000,"No","No","Yes","No","No","No","No",,,0,,"","0",,"",0,,"","No","0","",,"",,,"","Yes","River/ stream","","No","No","No","No","No","Yes","No","No",,"No","No","Yes","No","No","No","No",,"No","No","No","No","No","No","No","No","No","No","No","No","No",,,,,,,,,,,,,,,,,"Yes","Yes",,,,,,,,,,"Yes","Yes"
"66-45-27-28","MAIZE","3","No","No",,,"",,,,"",,,,,,,,,,,,,"",,,"",,,"","No",,"",,"",,,"","No",,"",,,,,,,,,,"No","No","Yes","No","No","No","No","No","No","No","No","No","No","No","No","No","No","No","No","No","No",,,,,,,,,,,,,,,,,"No","No","No","No","No","No","No","No","Yes","No",,"No","No"
"61-66-59-51","MAIZE","1","No","No",,,"",,,,"",,,,,,,,,,,,,"",,,"",,,"","No",,"",,"",,,"","Yes","River/ stream","","No","No","No","No","Yes","No","No","No",,"No","No",,"No","Yes","No","No","No","No","No","No","No","No","No","No","No","No","No","No","No","No",,,,,,,,,,,,,,,,,"No","No","Yes","No","No","No","No","No","No","No",,"No","Yes"
"78-64-43-02","MAIZE","4","No","No",,,"",,,,"",,,,,,,,,,,,,"",,,"",,,"","No",,"",,"",,,"","Yes","River/ stream","","No","No","No","No","Yes","No","No","No",,"No","No",,"No","Yes","No","No",,"No","No","No","No","No","No","No","No","No","No","No","No","No",,,,,,,,,,,,,,,,,"No","Yes",,,,,,,,,,"Yes","Yes"
"78-64-43-02","GREEN VEGETABLE","1","No","Yes",360,"Kilograms","","Yes",320,"Kilograms","",40,"No","Yes","No","No","No","No","No",,,40,"Kilograms","","0",,"",0,,"","No","0","",,"",,,"","Yes","River/ stream","","No","No","No","No","Yes","No","No","No",,"No","No",,"No","Yes","No","No",,"No","No","No","No","No","No","No","No","No","No","No","No","No",,,,,,,,,,,,,"Yes",,,,"Yes","No","Yes","No","No","No","No","No","No","No",,"Yes","Yes"
"09-79-38-80","MAIZE","10","No","No",,,"",,,,"",,,,,,,,,,,,,"",,,"",,,"","No",,"",,"",,,"","No",,"",,,,,,,,,,"No","No","Yes","No","No","No","No","No","No","No","No","No","No","No","No","No","No","No","No","No","No",,,,,,,,,,,,,,,,,"No","No","No","No","No","No","No","No","Yes","No",,"No","No"
"03-23-67-97","BEANS/COWPEA","1.5","No","Yes",1.5,"90 kg bag","","Yes",1,"90 kg bag","",6200,"Yes","No","No","No","No","No","No",,,1,"50 kg bag","","0",,"",0,,"","No","0","",,"",,,"","Yes","River/ stream","","No","No","No","No","Yes","No","No","No",,"Yes","No","No","No",,"No","No","No","No","No","No","No","No","No","No","No","No","No","No","No","No",,,,,,,,,,,,,,,,,"No","No","Yes","No","No","No","No","No","No",,,"Yes","Yes"
"03-23-67-97","MAIZE","1.5","No","Yes",54,"90 kg bag","","Yes",48,"90 kg bag","",5400,"No","No","Yes","No","No","No","No",,,4,"90 kg bag","","2","90 kg bag","",0,,"","No","0","",,"",,,"","Yes","River/ stream","","No","No","No","No","Yes","No","No","No",,"No","No","No","No","Yes","No","No","No","No","No","No","No","No","No","No","No","No","No","No",,"No",,,,,,,,,,,,,,,,,"No","Yes",,,,,,,,,,"Yes","Yes"
"84-81-25-13","MAIZE","2","No","Yes",8,"90 kg bag","","Yes",5,"90 kg bag","",4000,"Yes","No","No","No","No","No","No",,,3,"90 kg bag","","0",,"",0,,"","No","0","",,"",,,"","Yes","River/ stream","","No","No","No","No","Yes","No","No","No",,"No","No","No","No","No","No","No","No","No","No","No","No","Yes",,"No","No","No","No","No","No","No",,,"No","No","No","No","No","Yes","No",,,,,,,,"No","No","Yes","No","No","No","No","No","No",,,"No","Yes"
"01-19-86-40","MAIZE","1","No","No",,,"",,,,"",,,,,,,,,,,,,"",,,"",,,"","No",,"",,"",,,"","No",,"",,,,,,,,,,"No","No","Yes","No","No","No","No",,"No","No","No","No","No","No","No","No","No","No","No","No","No",,,,,,,,,,,,,,,,,"No","No","No","Yes","No","No","No","No","No","No",,"No","Yes"
"69-16-25-63","MAIZE","6","No","No",,,"",,,,"",,,,,,,,,,,,,"",,,"",,,"","No",,"",,"",,,"","No",,"",,,,,,,,,,"No","No","Yes","No","No","No","No",,"No","No","No","No","No","No","No","No","No","No","No","No","No",,,,,,,,,,,,,,,,,"No","No","No","Yes","No","No","No","No","No","No",,"No","No"
"58-95-91-31","BEANS/COWPEA","0.5","No","No",,,"",,,,"",,,,,,,,,,,,,"",,,"",,,"","No",,"",,"",,,"","No",,"",,,,,,,,,,"No","No","Yes","No",,"No","No","No","No","No","No","No","No","No","No","No","No","No","No","No","No",,,,,,,,,,,,,,,,,"No","No","Yes",,"No","No","No","No","No","No",,"No","No"
"58-95-91-31","MAIZE","1","No","Yes",90,"Kilograms","","No",,,"",,,,,,,,,,,4,"Gorogoro","","0",,"",0,,"","Yes","0","",,"","70","Kilograms","","No",,"",,,,,,,,,,"No","No","Yes","No",,"No","No","No","No","No","No","No","No","No","No","No","No","No","No","No","No",,,,,,,,,,,,,,,,,"No","No","Yes",,"No","No","No","No","No","No",,"No","No"
"58-95-91-31","GREEN VEGETABLE","0.5","No","No",,,"",,,,"",,,,,,,,,,,,,"",,,"",,,"","No",,"",,"",,,"","No",,"",,,,,,,,,,"No","No","Yes","No",,"No","No","No","No","No","No","No","No","No","No","No","No","No","No","No","No",,,,,,,,,,,,,,,,,"No","No","Yes",,"No","No","No","No","No","No",,"No","No"
"11-58-78-70","MAIZE","0.5","Yes","Yes",3,"90 kg bag","","Yes",1,"90 kg bag","",2800,"Yes","No","No","No","No","No","No",,,1,"90 kg bag","","30","Kilograms","",0,,"","Yes","0","",,"","60","Kilograms","","No",,"",,,,,,,,,,"No","No","Yes","No",,"No","No","No","No","No","No","No","No","No","No","No","No","No","No","No","No",,,,,,,,,,,,,,,,,"No","No","Yes","No","No","No","No","No","No","No",,"No","No"
"11-58-78-70","GREEN VEGETABLE","0.5","Yes","Yes",2,"90 kg bag","","No",,,"",,,,,,,,,,,1,"90 kg bag","","0",,"",4,"Kilograms","","No","0","",,"",,,"","No",,"",,,,,,,,,,"No","No","Yes","No",,"No","No","No","No","No","No","No","No","No","No","No","No","No","No","No","No",,,,,,,,,,,,,,,,,"No","No","Yes","No","No","No","No","No","No","No",,"No","No"
"98-97-38-21","MAIZE","1","No","No",,,"",,,,"",,,,,,,,,,,,,"",,,"",,,"","No",,"",,"",,,"","No",,"",,,,,,,,,,"No","No","Yes","No","No","No","No",,"No","No","No","No","No","No","No","No","No","No","No","No","No",,,,,,,,,,,,,,,,,"No","No","No","Yes","No","No","No","No","No","No",,"No","No"
"92-08-97-62","MAIZE","1","No","No",,,"",,,,"",,,,,,,,,,,,,"",,,"",,,"","No",,"",,"",,,"","No",,"",,,,,,,,,,"No","No","Yes","No","No","No","No",,"No","No","No","No","No","No","No","No","No","No","No","No","No",,,,,,,,,,,,,,,,,"No","No",,"Yes","No","No","No","No","No","No",,"No","No"
"59-21-82-77","BEANS/COWPEA","0.5","No","No",,,"",,,,"",,,,,,,,,,,,,"",,,"",,,"","No",,"",,"",,,"","Yes","River/ stream","","No","No","No","No","Yes","No","No","No",,,"No","No","No","Yes","No","No","No","No","No","No","No","No","No","No","No","No","No","No","No","No",,,,,,,,,,,,,,,,,"No","Yes",,,,,,,,,,"No","Yes"
"80-20-31-51","MAIZE","2","No","No",,,"",,,,"",,,,,,,,,,,,,"",,,"",,,"","No",,"",,"",,,"","No",,"",,,,,,,,,,"No","No","Yes","No","No","No","No",,"No","No","No","No","No","No","No","No","No","No","No","No","No",,,,,,,,,,,,,,,,,"No","No","No","No","No","No","No","No","Yes","No",,"No","No"
"95-73-95-89","MAIZE","3","No","No",,,"",,,,"",,,,,,,,,,,,,"",,,"",,,"","No",,"",,"",,,"","No",,"",,,,,,,,,,"No","No","Yes","No","No","No","No",,"No","No","No","No","No","No","No","No","No","No","No","No","No",,,,,,,,,,,,,,,,,"No","Yes",,,,,,,,,,"No","Yes"
"02-47-29-85","MAIZE","2","No","Yes",35,"90 kg bag","","Yes",12,"90 kg bag","",5000,"No","Yes","No","No","No","No","No",,,1,"90 kg bag","","0",,"",0,,"","Yes","0","",,"","22","90 kg bag","","Yes","River/ stream","","No","No","No","No","No","Yes","No","No",,"No","No",,"No","Yes","No","No",,"No","No","No","No","No","No","No","No","No","No","No","No","No",,,,,,,,,,,,,,,,,"No","Yes",,,,,,,,,,"Yes","Yes"
"02-67-98-73","BEANS/COWPEA","3.5","Yes","No",,,"",,,,"",,,,,,,,,,,,,"",,,"",,,"","No",,"",,"",,,"","No",,"",,,,,,,,,,"Yes","No",,"No","No","No","No","No","No","No","No","No","No","No","No","No","No","No","No","No","No",,,,,,,,,,,,,,,,,"No","No","Yes","No","No","No","No","No","No","No",,"No","Yes"
"02-67-98-73","MAIZE","1.5","Yes","No",,,"",,,,"",,,,,,,,,,,,,"",,,"",,,"","No",,"",,"",,,"","No",,"",,,,,,,,,,,"No","Yes","No","No","No","No","No","No","No","No","No","No","No","No","No","No","No","No","No","No",,,,,,,,,,,,,,,,,"No","No","Yes","No","No",,"No","No","No","No",,"No","Yes"
"02-67-98-73","GREEN VEGETABLE","0.5","No","Yes",30,"Basins","","No",,,"",,,,,,,,,,,30,"Basins","","0",,"",0,,"","No","0","",,"",,,"","No",,"",,,,,,,,,,"No","No","Yes","No",,"No","No","No","No","No","No","No","No","No","No","No","No","No","No","No","No",,,,,,,,,,,,,,,,,"No","No","Yes","No","No","No","No","No","No","No",,"No","Yes"
"92-95-45-69","BEANS/COWPEA","1","Yes","No",,,"",,,,"",,,,,,,,,,,,,"",,,"",,,"","No",,"",,"",,,"","No",,"",,,,,,,,,,"No","No","Yes","No","No","No","No",,"No","No","No","No","No","No","No","No","No","No","No","No","No",,"No","Yes","No","No","No","No","No","No",,,,,,,,"No","No",,"Yes","No","No","No","No","No","No",,"No","No"
"92-95-45-69","MAIZE","1","Yes","No",,,"",,,,"",,,,,,,,,,,,,"",,,"",,,"","No",,"",,"",,,"","No",,"",,,,,,,,,,"No","No","Yes","No","No","No","No",,"No","No","No","No","No","No","No","No","No","No","No","No","No",,,,,,,,,,,,,,,,,"No","No","Yes",,"No","No","No","No","No","No",,"No","No"
"90-89-89-25","MAIZE","1","No","No",,,"",,,,"",,,,,,,,,,,,,"",,,"",,,"","No",,"",,"",,,"","Yes","River/ stream","","No","No","No","No","Yes","No","No","No",,"No","No","Yes","No",,"No","No","No","No","No","No","No","No","No","No","No","No","No","No","No",,,,,,,,,,,,,,,,,,"No","Yes",,,,,,,,,,"Yes","Yes"
"90-89-89-25","GREEN GRAMS","1","No","Yes",0,,"",,,,"",,,,,,,,,,,,,"",,,"",,,"","No",,"",,"",,,"","Yes","River/ stream","","No","No","No","No","Yes","No","No","No",,"No","No","Yes","No",,"No","No","No","No","No","No","No","No","No","No","No","No","No","No","No","No",,,,,,,,,,,,,,,,,"No","No","Yes","No","No","No","No","No","No","No",,"Yes","Yes"
"01-16-33-75","MAIZE","0.5","No","No",,,"",,,,"",,,,,,,,,,,,,"",,,"",,,"","No",,"",,"",,,"","No",,"",,,,,,,,,,"No","No","Yes","No","No","No","No",,"No","No","No","No","No","No","No","No","No","No","No","No","No",,"Yes",,"No","No","No","No","No","No",,,,,,,,"No","No","Yes",,"No","No","No","No","No","No",,"No","No"
"44-96-14-86","BEANS/COWPEA","1","No","Yes",360,"Kilograms","","Yes",310,"Kilograms","",170,"Yes","No","No","No","No","No","No",,,50,"Kilograms","","0",,"",0,,"","No","0","",,"",,,"","Yes","River/ stream","","No","No","No","No","Yes","No","No","No",,"No","No",,"No",,"No","No","Yes","No","No","No","No","No","No","No","No","No","No","No","No","No",,,,,,,,,,,,,,,,,"No","No","No","No","No","No","No","No","Yes","No",,"Yes","Yes"
"44-96-14-86","MAIZE","1","No","Yes",12,"90 kg bag","","Yes",12,"90 kg bag","",7200,"No","No","Yes","No","No","No","No",,,0,,"","0",,"",0,,"","No","0","",,"",,,"","Yes","River/ stream","","No","No","No","No","Yes","No","No","No",,"No","No",,"No","Yes","No","No",,"No","No","No","No","No","No","No","No","No","No","No","No","No",,,,,,,,,,,,,,,,,"No","Yes",,,,,,,,,,"Yes","Yes"
"44-96-14-86","GREEN VEGETABLE","0.5","No","Yes",100,"Kilograms","","Yes",100,"Kilograms","",50,"No","Yes","No","No","No","No","No",,,0,,"","0",,"",0,,"","No","0","",,"",,,"","Yes","River/ stream","","No","No","No","No","No","Yes","No","No",,"Yes","No",,"No",,"No","No","No","No","No","No","No","No","No","No","No","No","No","No","No","No",,,,,,,,,,,,,,,,,"No","No","No","No","No","No","No","No","No","Yes",,"Yes","Yes"
"44-96-14-86","TOMATO","0.5","No","No",,,"",,,,"",,,,,,,,,,,,,"",,,"",,,"","No",,"",,"",,,"","Yes","River/ stream","","No","No","No","No","Yes","No","No","No",,"Yes","No",,"No","No","No","No","No","No","No","No","No","No","No","No","No","No","No","No","No","No",,,,,,,,,,,,,,,,,"No","No","Yes","No","No","No","No","No","No","No",,"Yes","Yes"
"47-83-83-86","MAIZE","3","No","Yes",21,"100 kg bag","","No",,,"",,,,,,,,,,,0,,"","0",,"",0,,"","Yes","0","",,"","21","100 kg bag","","Yes","Others, specify","lake","No","No","No","No","Yes","No","No","No",,,"No",,"No","Yes","No","No","No","No","No","No","No","No","No","No","No","No","No","No","No","No",,,,,,,,,,,,,,,,,"No","Yes",,,,,,,,,,"Yes","Yes"
"60-73-28-03","MAIZE","0.5","No","No",,,"",,,,"",,,,,,,,,,,,,"",,,"",,,"","No",,"",,"",,,"","No",,"",,,,,,,,,,"No","No","No","No","No","No","No","No","No","No","No","No","No","No","No","No","No","No","Yes","No","No",,"Yes",,"No","No","No","No","No","No",,,,"Yes",,,,"No","No","Yes","No","No",,"No","No","No","No",,"No","No"
"79-90-62-68","GROUND NUT/PEANUTS","0.0625","No","No",,,"",,,,"",,,,,,,,,,,,,"",,,"",,,"","No",,"",,"",,,"","No",,"",,,,,,,,,,"No","No","No","No",,"No","No","Yes","No","No","No","No","No","No","No","No","No","No","No","No","No",,"No","No","No","No","No","No","Yes","No",,,,"Yes",,,,"No","No","Yes","No","No","No","No","No","No","No",,"No","No"
"79-90-62-68","MAIZE","0.25","No","No",,,"",,,,"",,,,,,,,,,,,,"",,,"",,,"","No",,"",,"",,,"","No",,"",,,,,,,,,,"No","No","Yes","No",,"No","No",,"No","No","No","No","No","No","No","No","No","No","No","No","No",,,,,,,,,,,,,,,,,"Yes","No","Yes","No","No","No","No","No",,"No",,"Yes","No"
"04-92-66-81","MAIZE","0.5","No","No",,,"",,,,"",,,,,,,,,,,,,"",,,"",,,"","No",,"",,"",,,"","No",,"",,,,,,,,,,"No","No",,"No","Yes","No","No","No","No","No","No","No","No","No","No","No","No","No","No","No","No",,,,,,,,,,,,,,,,,"No","No","Yes","No","No","No","No","No","No","No",,"No","Yes"
"19-27-66-46","GROUND NUT/PEANUTS","0.5","No","No",,,"",,,,"",,,,,,,,,,,,,"",,,"",,,"","No",,"",,"",,,"","No",,"",,,,,,,,,,"No","No","No","No","No","No","No","Yes","No","No","No","No","No","No","No","No","No","No","No","No","No",,"Yes",,"No","No","No","No","No","No",,,,,,,,"No","No","No","No","No","No","No","No","Yes","No",,"No","No"
"19-27-66-46","GUINEA CORN/SORGHUM","0.25","No","No",,,"",,,,"",,,,,,,,,,,,,"",,,"",,,"","No",,"",,"",,,"","No",,"",,,,,,,,,,"No","No",,"No","Yes","No",,"No","No","No","No","No","No","No","No","No","No","No","No","No","No",,"No","No","No","No","No","No","Yes","No",,,,"Yes",,,,"No","No","No","No","No","No","No","No","Yes","No",,"No","No"
"19-27-66-46","GREEN GRAMS","0.5","No","Yes",3,"Kilograms","","No",,,"",,,,,,,,,,,3,"Kilograms","","0",,"",0,,"","No","0","",,"",,,"","No",,"",,,,,,,,,,"No","No","No","No","Yes","No",,"No","No","No","No","No","No","No","No","No","No","No","No","No","No",,"No","No","No","No","No","No","Yes","No",,,,,,,,"No","No","No","No","No","No","No","No","Yes","No",,"No","No"
"10-98-84-98","MAIZE","2","No","No",,,"",,,,"",,,,,,,,,,,,,"",,,"",,,"","No",,"",,"",,,"","No",,"",,,,,,,,,,"No","No","Yes","No","No","No","No","No","No","No","No","No","No","No","No","No","No","No","No","No","No",,,,,,,,,,,,,,,,,"No","No",,"Yes","No","No","No","No","No","No",,"No","Yes"
"59-89-68-30","MAIZE","1","No","Yes",300,"Kilograms","","No",,,"",,,,,,,,,,,300,"Kilograms","","0",,"",0,,"","Yes","0","",,"","100","Kilograms","","No",,"",,,,,,,,,,"No","No",,"No",,"No","Yes","No","No","No","No","No","No","No","No","No","No","No","No","No","No",,,,,,,,,,,,,,,,,"No","No","Yes","No","No","No","No","No","No","No",,"No","Yes"
"81-45-95-70","MAIZE","3","No","No",,,"",,,,"",,,,,,,,,,,,,"",,,"",,,"","No",,"",,"",,,"","No",,"",,,,,,,,,,"No","No","Yes","No",,"No","No","No","No","No","No","No","No","No","No","No","No","No","No","No","No",,,,,,,,,,,,,,,,,"No","No","Yes","No","No","No","No","No","No","No",,"No","No"
"16-03-96-06","BEANS/COWPEA","4","Yes","No",,,"",,,,"",,,,,,,,,,,,,"",,,"",,,"","No",,"",,"",,,"","No",,"",,,,,,,,,,"No","No","No","No","Yes","No","No","No","No","No","No","No","No","No","No","No","No","No","No","No","No",,,,,,,,,,,,,,,,,"No","No","Yes","No","No","No","No","No","No","No",,"No","Yes"
"16-03-96-06","MAIZE","4","Yes","No",,,"",,,,"",,,,,,,,,,,,,"",,,"",,,"","No",,"",,"",,,"","No",,"",,,,,,,,,,"No","No",,"No","Yes","No","No","No","No","No","No","No","No","No","No","No","No","No","No","No","No",,,,,,,,,,,,,,,,,"No","No","Yes","No","No","No","No","No","No","No",,"No","No"
"10-39-00-99","MAIZE","0.5","No","No",,,"",,,,"",,,,,,,,,,,,,"",,,"",,,"","No",,"",,"",,,"","No",,"",,,,,,,,,,"No","No","Yes","No",,"No","No","No","No","No","No","No","No","No","No","No","No","No","No","No","No",,,,,,,,,,,,,,,,,"No","No","Yes","No","No","No","No","No","No","No",,"No","Yes"
"85-71-09-15","MAIZE","1.5","No","No",,,"",,,,"",,,,,,,,,,,,,"",,,"",,,"","No",,"",,"",,,"","No",,"",,,,,,,,,,"No","No","No","No","No","No","No","Yes","No","No","No","No","No","No","No","No","No","No","No","No","No",,,,,,,,,,,,,,,,,"No","No","No","No","No","No","No","No","No","Yes",,"No","No"
"36-28-42-39","BEANS/COWPEA","4.5","Yes","No",,,"",,,,"",,,,,,,,,,,,,"",,,"",,,"","No",,"",,"",,,"","No",,"",,,,,,,,,,"No","No",,"No","No","No","No","Yes","No","No","No","No","No","No","No","No","No","No","No","No","No",,,,,,,,,,,,,,,,,"No","No",,"Yes","No","No","No","No","No","No",,"No","No"
"36-28-42-39","MAIZE","4.5","Yes","No",,,"",,,,"",,,,,,,,,,,,,"",,,"",,,"","No",,"",,"",,,"","No",,"",,,,,,,,,,"No","No","Yes","No","No","No","No",,"No","No","No","No","No","No","No","No","No","No","No","No","No",,,,,,,,,,,,,,,,,"No","No",,"Yes","No","No","No","No","No","No",,"No","No"
"08-84-33-33","MAIZE","2","No","No",,,"",,,,"",,,,,,,,,,,,,"",,,"",,,"","No",,"",,"",,,"","No",,"",,,,,,,,,,"No","No","Yes","No","No","No","No","No","No","No","No","No","No","No","No","No","No","No","No","No","No",,,,,,,,,,,,,,,,,"No","No",,"Yes","No","No","No","No","No","No",,"No","Yes"
"07-50-91-84","BEANS/COWPEA","2","Yes","No",,,"",,,,"",,,,,,,,,,,,,"",,,"",,,"","No",,"",,"",,,"","No",,"",,,,,,,,,,"No","No","Yes","No","No","No","No",,"No","No","No","No","No","No","No","No","No","No","No","No","No",,,,,,,,,,,,,,,,,"No","No","No","Yes","No","No","No","No","No","No",,"No","Yes"
"07-50-91-84","MAIZE","2","Yes","No",,,"",,,,"",,,,,,,,,,,,,"",,,"",,,"","No",,"",,"",,,"","No",,"",,,,,,,,,,"No","No","Yes","No","No","No","No",,"No","No","No","No","No","No","No","No","No","No","No","No","No",,,,,,,,,,,,,,,,,"No","No","No","Yes","No","No","No","No","No","No",,"No","Yes"
"87-71-97-91","BEANS/COWPEA","0.5","Yes","Yes",5,"Kilograms","","No",,,"",,,,,,,,,,,3,"Kilograms","","0",,"",0,,"","Yes","0","",,"","2","Kilograms","","No",,"",,,,,,,,,,"No","No","Yes","No","No","No","No","No","No","No","No","No","No","No","No","No","No","No","No","No","No",,,,,,,,,,,,,"Yes",,,,"No","No","No","Yes","No","No","No","No","No","No",,"No","No"
"87-71-97-91","MAIZE","0.5","Yes","No",,,"",,,,"",,,,,,,,,,,,,"",,,"",,,"","No",,"",,"",,,"","No",,"",,,,,,,,,,"No","No","Yes","No","No","No","No",,"No","No","No","No","No","No","No","No","No","No","No","No","No",,,,,,,,,,,,,,,,,"No","No","No","Yes","No","No","No","No","No","No",,"No","No"
"72-05-40-32","MAIZE","3","No","No",,,"",,,,"",,,,,,,,,,,,,"",,,"",,,"","No",,"",,"",,,"","No",,"",,,,,,,,,,"No","No","No","No","Yes","No","No","No","No","No","No","No","No","No","No","No","No","No","No","No","No",,,,,,,,,,,,,,,,,"No","No","No","No","Yes","No","No","No","No","No",,"No","Yes"
"87-43-28-28","MAIZE","1","No","No",,,"",,,,"",,,,,,,,,,,,,"",,,"",,,"","No",,"",,"",,,"","No",,"",,,,,,,,,,"No","No","No","No","No","No","No","No","No","No","No","No","No","No","No","No","No","No","No","No","Yes",,,,,,,,,,,,,,,,,"No","No","Yes",,"No","No","No","No","No","No",,"No","No"
"02-59-28-55","MAIZE","1.5","No","No",,,"",,,,"",,,,,,,,,,,,,"",,,"",,,"","No",,"",,"",,,"","No",,"",,,,,,,,,,,"No","Yes","No","No","No","No","No","No","No","No","No","No","No","No","No","No","No","No","No","No",,,,,,,,,,,,,,,,,"No","No","Yes",,"No","No","No","No","No","No",,"No","No"
"41-71-16-88","GROUND NUT/PEANUTS","0.125","No","No",,,"",,,,"",,,,,,,,,,,,,"",,,"",,,"","No",,"",,"",,,"","No",,"",,,,,,,,,,"No","No","No","No","No","No","No","Yes","No","No","No","No","No","No","No","No","No","No","No","No","No",,"No","Yes","No","No","No","No","No","No",,,,,,,,"No","No","Yes","No","No","No","No","No","No","No",,"No","No"
"41-71-16-88","MAIZE","0.125","Yes","No",,,"",,,,"",,,,,,,,,,,,,"",,,"",,,"","No",,"",,"",,,"","No",,"",,,,,,,,,,"No","No","No","No","Yes","No","No","No","No","No","No","No","No","No","No","No","No","No","No","No","No",,,,,,,,,,,,,,,,,"No","No","Yes","No","No","No","No","No","No","No",,"No","No"
"65-43-78-90","MAIZE","1","No","No",,,"",,,,"",,,,,,,,,,,,,"",,,"",,,"","No",,"",,"",,,"","No",,"",,,,,,,,,,"No","No",,"No","Yes","No","No","No","No","No",,"No","No","No","No","No","No","No","No","No","No",,,,,,,,,,,,,,,,,"No","No","Yes","No","No","No","No","No","No","No",,"No","Yes"
"37-38-94-21","BEANS/COWPEA","8","Yes","No",,,"",,,,"",,,,,,,,,,,,,"",,,"",,,"","No",,"",,"",,,"","No",,"",,,,,,,,,,"No","No","Yes","No",,"No","No","No","No","No","No","No","No","No","No","No","No","No","No","No","No",,,,,,,,,,,,,,,,,"No","No","Yes","No","No",,"No","No","No","No",,"No","No"
"37-38-94-21","MAIZE","8","Yes","No",,,"",,,,"",,,,,,,,,,,,,"",,,"",,,"","No",,"",,"",,,"","No",,"",,,,,,,,,,"No","No","Yes","No",,"No","No","No","No","No","No","No","No","No","No","No","No","No","No","No","No",,,,,,,,,,,,,,,,,"No","No","Yes","No","No",,"No","No","No","No",,"No","No"
"77-42-43-43","MAIZE","0.5","Yes","No",,,"",,,,"",,,,,,,,,,,,,"",,,"",,,"","No",,"",,"",,,"","No",,"",,,,,,,,,,"No","No","Yes","No","No","No","No","No","No","No","No","No","No","No","No","No","No","No","No","No","No",,,,,,,,,,,,,,,,,"Yes","No","Yes","No","No","No","No","No","No","No",,"Yes","No"
"68-60-50-68","MAIZE","1","No","No",,,"",,,,"",,,,,,,,,,,,,"",,,"",,,"","No",,"",,"",,,"","No",,"",,,,,,,,,,"No","No","Yes","No","No",,"No",,"No","No","No","No","No","No","No","No","No","No","No","No","No",,,,,,,,,,,,,,,,,"No","No","Yes",,"No","No","No","No","No","No",,"No","No"
"46-72-66-83","MAIZE","4","No","No",,,"",,,,"",,,,,,,,,,,,,"",,,"",,,"","No",,"",,"",,,"","No",,"",,,,,,,,,,"No","No","No","No","Yes","No","No",,"No","No","No","No","No","No","No","No","No","No","No","No","No",,,,,,,,,,,,,,,,,"No","No","No","No","Yes","No","No","No","No","No",,"No","No"
"55-56-28-22","MAIZE","4","No","No",,,"",,,,"",,,,,,,,,,,,,"",,,"",,,"","No",,"",,"",,,"","No",,"",,,,,,,,,,"No","No","No","No",,"No","Yes","No","No","No","No","No","No","No","No","No","No","No","No","No","No",,,,,,,,,,,,,,,,,"No","No","No","No","Yes","No","No","No","No","No",,"No","No"
"46-53-61-02","MAIZE","1","No","No",,,"",,,,"",,,,,,,,,,,,,"",,,"",,,"","No",,"",,"",,,"","No",,"",,,,,,,,,,"No","No","Yes","No","No","No","No",,"No","No","No","No","No","No","No","No","No","No","No","No","No",,,,,,,,,,,,,,,,,"No","No",,"Yes","No","No","No","No","No","No",,"No","No"
"71-70-88-23","MAIZE","0.5","No","No",,,"",,,,"",,,,,,,,,,,,,"",,,"",,,"","No",,"",,"",,,"","No",,"",,,,,,,,,,"No","No","Yes","No",,"No","No",,"No","No","No","No","No","No","No","No","No","No","No","No","No",,,,,,,,,,,,,,,,,"Yes","No","Yes","No","No","No","No","No","No","No",,"No","No"
"91-60-65-39","MAIZE","6","No","No",,,"",,,,"",,,,,,,,,,,,,"",,,"",,,"","No",,"",,"",,,"","No",,"",,,,,,,,,,"No","No","Yes","No","No","No","No",,"No","No","No","No","No","No","No","No","No","No","No","No","No",,,,,,,,,,,,,,,,,"No","No","No","Yes","No","No","No","No","No","No",,"No","No"
"10-18-23-80","MAIZE","1","No","No",,,"",,,,"",,,,,,,,,,,,,"",,,"",,,"","No",,"",,"",,,"","No",,"",,,,,,,,,,"No","No","No","No","No","No","No","No","No","No","No","No","No","No","No","No","No","No","No","No","Yes",,,,,,,,,,,,,,,,,"No","No","No","No","No","No","No","No","Yes","No",,"No","No"
"65-08-75-81","BEANS/COWPEA","3","Yes","No",,,"",,,,"",,,,,,,,,,,,,"",,,"",,,"","No",,"",,"",,,"","No",,"",,,,,,,,,,"No","No","No","No","Yes","No","No","No","No","No","No","No","No","No","No","No","No","No","No","No","No",,,,,,,,,,,,,,,,,"No","No","No","No","Yes","No","No","No","No","No",,"No","No"
"65-08-75-81","MAIZE","3","Yes","No",,,"",,,,"",,,,,,,,,,,,,"",,,"",,,"","No",,"",,"",,,"","No",,"",,,,,,,,,,"No","No","No","No","Yes","No","No","No","No","No","No","No","No","No","No","No","No","No","No","No","No",,,,,,,,,,,,,,,,,"No","No","No","No","Yes","No","No","No","No","No",,"No","No"
"71-59-52-11","MAIZE","1","No","No",,,"",,,,"",,,,,,,,,,,,,"",,,"",,,"","No",,"",,"",,,"","No",,"",,,,,,,,,,"No","No","Yes","No","No","No","No",,"No","No","No","No","No","No","No","No","No","No","No","No","No",,,,,,,,,,,,,,,,,"No","No","Yes",,"No","No","No","No","No","No",,"No","No"
"31-09-36-85","MAIZE","1","No","No",,,"",,,,"",,,,,,,,,,,,,"",,,"",,,"","No",,"",,"",,,"","No",,"",,,,,,,,,,"No","No","Yes","No","No","No","No",,"No","No","No","No","No","No","No","No","No","No","No","No","No",,,,,,,,,,,,,,,,,"No","No","No","Yes","No","No","No","No","No","No",,"No","Yes"
"70-36-24-93","MAIZE","3","No","No",,,"",,,,"",,,,,,,,,,,,,"",,,"",,,"","No",,"",,"",,,"","No",,"",,,,,,,,,,"No","No","Yes","No","No","No","No","No","No","No","No","No","No","No","No","No","No","No","No","No","No",,,,,,,,,,,,,,,,,"No","No","Yes",,"No","No","No","No","No","No",,"No","No"
"13-37-47-48","MAIZE","0.5","No","No",,,"",,,,"",,,,,,,,,,,,,"",,,"",,,"","No",,"",,"",,,"","No",,"",,,,,,,,,,"No","No","No","No","Yes","No","No","No","No","No","No","No","No","No","No","No","No","No","No",,"No",,,,,,,,,,,,,,,,,"No","No","Yes","No","No","No","No","No","No","No",,"No","No"
"04-02-73-28","MAIZE","0.5","No","No",,,"",,,,"",,,,,,,,,,,,,"",,,"",,,"","No",,"",,"",,,"","No",,"",,,,,,,,,,"No","No",,"No",,"No","No","Yes","No","No","No","No","No","No","No","No","No","No","No","No","No",,,,,,,,,,,,,,,,,"Yes","No","Yes","No","No","No","No","No","No","No",,"Yes","No"
"45-10-68-85","GROUND NUT/PEANUTS","0.5","No","No",,,"",,,,"",,,,,,,,,,,,,"",,,"",,,"","No",,"",,"",,,"","No",,"",,,,,,,,,,"No","No","No","No","No","No","No","Yes","No","No","No","No","No","No","No","No","No","No","No","No","No",,,,,,,,,,,,,"Yes",,,,"Yes","No","No","No","No","No","Yes","No","No","No",,"Yes","Yes"
"45-10-68-85","MAIZE","1.5","No","No",,,"",,,,"",,,,,,,,,,,,,"",,,"",,,"","No",,"",,"",,,"","No",,"",,,,,,,,,,"No","No",,"No","No","No","No","Yes","No","No","No","No","No","No","No","No","No","No","No","No","No",,,,,,,,,,,,,,,,,"Yes","No","No","No","No","No","Yes","No","No","No",,"Yes","Yes"
"72-72-49-77","BEANS/COWPEA","0.5","Yes","Yes",2,"Gorogoro","","No",,,"",,,,,,,,,,,2,"Gorogoro","","0",,"",0,,"","No","0","",,"",,,"","No",,"",,,,,,,,,,"Yes","No",,"No","No","No","No","No","No","No","No","No","No","No","No","No","No","No","No","No","No",,,,,,,,,,,,,"Yes",,,,"No","No","Yes",,"No","No","No","No","No","No",,"No","No"
"72-72-49-77","MAIZE","0.5","Yes","No",,,"",,,,"",,,,,,,,,,,,,"",,,"",,,"","No",,"",,"",,,"","No",,"",,,,,,,,,,"No","No","Yes","No",,"No","No","No","No","No","No","No","No","No","No","No","No","No","No","No","No",,,,,,,,,,,,,,,,,"No","No","Yes",,"No","No","No","No","No","No",,"No","No"
"61-58-42-30","BEANS/COWPEA","2","Yes","Yes",6,"Debe","","No",,,"",,,,,,,,,,,3,"Debe","","0",,"",1,"Debe","","Yes","0","",,"","2","Debe","","No",,"",,,,,,,,,,"No","No",,"No","Yes","No","No","No","No","No","No","No","No","No","No","No","No","No","No","No","No",,,,,,,,,,,,,"Yes",,,,"No","No","Yes","No","No","No","No","No","No","No",,"No","Yes"
"61-58-42-30","MAIZE","2","Yes","No",,,"",,,,"",,,,,,,,,,,,,"",,,"",,,"","No",,"",,"",,,"","No",,"",,,,,,,,,,"No","No","Yes","No",,"No","No","No","No","No","No","No","No","No","No","No","No","No","No","No","No",,,,,,,,,,,,,,,,,"No","No","Yes","No","No","No","No","No","No","No",,"No","Yes"
"46-76-02-18","MAIZE","0.5","No","No",,,"",,,,"",,,,,,,,,,,,,"",,,"",,,"","No",,"",,"",,,"","No",,"",,,,,,,,,,"No","No","Yes","No",,"No","No","No","No","No","No","No","No","No","No","No","No","No","No","No","No",,,,,,,,,,,,,,,,,"No","No","Yes",,"No","No","No","No","No","No",,"No","No"
"32-71-82-87","MAIZE","1.5","No","No",,,"",,,,"",,,,,,,,,,,,,"",,,"",,,"","No",,"",,"",,,"","No",,"",,,,,,,,,,"No","No","No","No","Yes","No","No","No","No","No","No","No","No","No","No","No","No","No","No","No","No",,,,,,,,,,,,,,,,,"Yes","No","Yes","No","No","No","No","No","No","No",,"Yes","No"
"32-71-82-87","MILLET/MAIWA","0.25","No","Yes",40,"Kilograms","","No",,,"",,,,,,,,,,,40,"Kilograms","","0",,"",0,,"","No","0","",,"",,,"","No",,"",,,,,,,,,,"No","No","No","No","No","No","No","No","No","No","No","No","No","No","No","No","No","No","No","Yes","No",,"No","Yes","No","No","No","No","No","No",,,,"Yes",,,,"Yes","No","Yes","No","No","No","No","No","No","No",,"No","No"
"51-19-72-02","BEANS/COWPEA","1","No","No",,,"",,,,"",,,,,,,,,,,,,"",,,"",,,"","No",,"",,"",,,"","Yes","River/ stream","","No","No","No","No","Yes","No","No","No",,"No","No",,"No",,"No","No","No","No","No","No","No","No","No","No","No","No","No","Yes","No","No",,,,,,,,,,,,,,,,,"No","No","Yes","No","No","No","No","No","No","No",,"No","Yes"
"51-19-72-02","MAIZE","1","No","No",,,"",,,,"",,,,,,,,,,,,,"",,,"",,,"","No",,"",,"",,,"","Yes","River/ stream","","No","No","No","No","Yes","No","No","No",,"No","No",,"No","Yes","No","No",,"No","No","No","No","No","No","No","No","No","No","No","No","No",,,,,,,,,,,,,,,,,"No","Yes",,,,,,,,,,"Yes","Yes"
"98-92-34-42","BEANS/COWPEA","1","Yes","No",,,"",,,,"",,,,,,,,,,,,,"",,,"",,,"","No",,"",,"",,,"","No",,"",,,,,,,,,,"No","No","No","No","Yes","No","No","No","No","No","No","No","No","No","No","No","No","No","No","No","No",,,,,,,,,,,,,"Yes",,,,"No","No","Yes","No","No","No","No","No","No","No",,"No","No"
"98-92-34-42","MAIZE","1","Yes","No",,,"",,,,"",,,,,,,,,,,,,"",,,"",,,"","No",,"",,"",,,"","No",,"",,,,,,,,,,"No","No","No","No","No","No","No","No","No","No","No","No","No","No","No","No","No","No","Yes","No","No",,,,,,,,,,,,,,,,,"No","No","Yes","No","No","No","No","No","No","No",,"No","No"
"19-17-82-94","BEANS/COWPEA","0.5","Yes","No",,,"",,,,"",,,,,,,,,,,,,"",,,"",,,"","No",,"",,"",,,"","No",,"",,,,,,,,,,"No","No","No","No","Yes","No","No","No","No","No","No","No","No","No","No","No","No","No","No","No","No",,,,,,,,,,,,,,,,,"No","No","No","No","Yes","No","No","No","No","No",,"No","No"
"19-17-82-94","MAIZE","0.5","No","No",,,"",,,,"",,,,,,,,,,,,,"",,,"",,,"","No",,"",,"",,,"","No",,"",,,,,,,,,,"No","No","No","No","No","No","No","No","No","No","No","No","No","No","No","No","No","No","No","No","Yes",,,,,,,,,,,,,,,,,"No","No","No","No","Yes","No","No","No","No","No",,"No","No"
"26-53-83-57","MAIZE","2","No","No",,,"",,,,"",,,,,,,,,,,,,"",,,"",,,"","No",,"",,"",,,"","No",,"",,,,,,,,,,"No","No","Yes","No","No","No","No","No","No","No","No","No","No","No","No","No","No","No","No","No","No",,,,,,,,,,,,,,,,,"No","No","Yes",,"No","No","No","No","No","No",,"No","Yes"
"88-09-79-89","BEANS/COWPEA","0.5","Yes","Yes",6,"Gorogoro","","No",,,"",,,,,,,,,,,5,"Gorogoro","","0",,"",1,"Gorogoro","","No","0","",,"",,,"","No",,"",,,,,,,,,,"No","No","Yes","No",,"No","No","No","No","No","No","No","No","No","No","No","No","No","No","No","No",,,,,,,,,,,,,,,,,"No","No","Yes","No","No","No","No","No","No","No",,"No","Yes"
"88-09-79-89","MAIZE","2.5","No","No",,,"",,,,"",,,,,,,,,,,,,"",,,"",,,"","No",,"",,"",,,"","No",,"",,,,,,,,,,"No","No",,"No","Yes","No","No","No","No","No","No","No","No","No","No","No","No","No","No","No","No",,,,,,,,,,,,,,,,,"No","No","Yes","No","No","No","No","No","No","No",,"No","Yes"
"88-09-79-89","MILLET/MAIWA","0.3","No","No",,,"",,,,"",,,,,,,,,,,,,"",,,"",,,"","No",,"",,"",,,"","No",,"",,,,,,,,,,"No","No","No","No","Yes","No","No","No","No","No","No","No","No","No","No","No","No","No","No","No","No",,,,,,,,,,,,,,,,,"No","No","Yes","No","No","No","No","No","No","No",,"No","Yes"
"88-09-79-89","GREEN GRAMS","0.2","No","No",,,"",,,,"",,,,,,,,,,,,,"",,,"",,,"","No",,"",,"",,,"","No",,"",,,,,,,,,,"No","No","No","No","Yes","No","No","No","No","No","No","No","No","No","No","No","No","No","No","No","No",,,,,,,,,,,,,"Yes",,,,"No","No","Yes","No","No","No","No","No","No","No",,"No","Yes"
"34-24-20-27","MAIZE","2","No","No",,,"",,,,"",,,,,,,,,,,,,"",,,"",,,"","No",,"",,"",,,"","No",,"",,,,,,,,,,"No","No","Yes","No","No","No","No","No","No","No","No","No","No","No","No","No","No","No","No","No","No",,,,,,,,,,,,,,,,,"No","No","No","No","Yes","No","No","No","No","No",,"No","Yes"
"13-99-53-09","MAIZE","3","No","No",,,"",,,,"",,,,,,,,,,,,,"",,,"",,,"","No",,"",,"",,,"","No",,"",,,,,,,,,,"No","No","No","No","No","No","No","No","No","No","No","No","No","No","No","No","No","No","No","No","Yes",,,,,,,,,,,,,,,,,"No","No","Yes",,"No","No","No",,"No","No",,"No","No"
"62-74-89-68","MAIZE","0.5","No","No",,,"",,,,"",,,,,,,,,,,,,"",,,"",,,"","No",,"",,"",,,"","No",,"",,,,,,,,,,"No","No","Yes","No",,"No","No","No","No","No","No","No","No","No","No","No","No","No","No","No","No",,,,,,,,,,,,,,,,,"No","No","Yes","No","No","No","No","No","No","No",,"No","Yes"
"58-17-83-09","MAIZE","1","No","Yes",135,"Kilograms","","No",,,"",,,,,,,,,,,40,"Kilograms","","0",,"",0,,"","Yes","0","",,"","95","Kilograms","","Yes","River/ stream","","No","No","No","No","Yes","No","No","No",,"No","No","Yes","No","No","No","No",,"No","No","No","No","No","No","No","No","No","No","No","No","No",,,,,,,,,,,,,,,,,"No","No","No","Yes","No","No","No","No","No","No",,"No","No"
"86-94-71-57","MAIZE","2.5","No","No",,,"",,,,"",,,,,,,,,,,,,"",,,"",,,"","No",,"",,"",,,"","No",,"",,,,,,,,,,"No","No",,"No","Yes","No","No","No","No","No","No","No","No","No","No","No","No","No","No","No","No",,,,,,,,,,,,,,,,,"No","Yes",,,,,,,,,,"Yes","No"
"86-94-71-57","MILLET/MAIWA","0.5","No","No",,,"",,,,"",,,,,,,,,,,,,"",,,"",,,"","No",,"",,"",,,"","No",,"",,,,,,,,,,"Yes","No","No","No",,"No","No","No","No","No","No","No","No","No","No","No","No","No","No","No","No",,"No","No","No","No","No","No","Yes","No",,,,,,,"No","No","No","No","No","No","No","No","No","Yes","No",,"No","No"
"31-45-42-89","BEANS/COWPEA","2","Yes","No",,,"",,,,"",,,,,,,,,,,,,"",,,"",,,"","No",,"",,"",,,"","No",,"",,,,,,,,,,"No","No","Yes","No","No","No","No","No","No","No","No","No","No","No","No","No","No","No","No","No","No",,,,,,,,,,,,,,,,,"No","No","No","No","Yes","No","No","No","No","No",,"No","No"
"31-45-42-89","MAIZE","2","Yes","No",,,"",,,,"",,,,,,,,,,,,,"",,,"",,,"","No",,"",,"",,,"","No",,"",,,,,,,,,,"No","No","Yes","No","No","No","No","No","No","No","No","No","No","No","No","No","No","No","No","No","No",,,,,,,,,,,,,,,,,"No","No","No","No","Yes","No","No","No","No","No",,"No","Yes"
"53-01-20-30","MAIZE","0.75","No","No",,,"",,,,"",,,,,,,,,,,,,"",,,"",,,"","No",,"",,"",,,"","No",,"",,,,,,,,,,"No","No","No","No","Yes","No","No","No","No","No","No","No","No","No","No","No","No","No","No","No","No",,,,,,,,,,,,,,,,,"No","No","No","No","No","No","No","No","Yes","No",,"No","No"
"13-52-61-75","MAIZE","2","No","No",,,"",,,,"",,,,,,,,,,,,,"",,,"",,,"","No",,"",,"",,,"","No",,"",,,,,,,,,,"No","No","Yes","No",,"No","No",,"No","No","No","No","No","No","No","No","No","No","No","No","No",,,,,,,,,,,,,,,,,"No","No","Yes","No","No","No","No","No","No","No",,"Yes","Yes"
"13-52-61-75","TOMATO","0.25","No","No",,,"",,,,"",,,,,,,,,,,,,"",,,"",,,"","No",,"",,"",,,"","Yes","Improved reservoir (plastic or cement seal)","","No","No","No","No","Yes","No","No","No",,"No","No","No","No","No","No","No","No","No","No","No","No","No","No","No","No","No","No","No","No","Yes",,,,,,,,,,,,,,,,,"No","Yes",,,,,,,,,,"Yes","No"
"78-32-01-29","MAIZE","4","No","Yes",90,"Kilograms","","No",,,"",,,,,,,,,,,50,"Kilograms","","0",,"",0,,"","Yes","0","",,"","40","Kilograms","","No",,"",,,,,,,,,,"No","No","Yes","No","No","No","No",,"No","No","No","No","No","No","No","No","No","No","No","No","No",,,,,,,,,,,,,,,,,"No","No","Yes",,"No","No","No","No","No","No",,"No","No"
"82-40-44-86","MAIZE","6","No","No",,,"",,,,"",,,,,,,,,,,,,"",,,"",,,"","No",,"",,"",,,"","No",,"",,,,,,,,,,"No","No","No","No","Yes","No","No","No","No","No","No","No","No","No","No","No","No","No","No","No","No",,,,,,,,,,,,,,,,,"No","No","No","No","Yes","No","No","No","No","No",,"No","No"
"32-71-99-16","MAIZE","1.5","No","No",,,"",,,,"",,,,,,,,,,,,,"",,,"",,,"","No",,"",,"",,,"","No",,"",,,,,,,,,,"No","No","No","No","Yes","No","No","No","No","No","No","No","No","No","No","No","No","No","No","No","No",,,,,,,,,,,,,,,,,"No","Yes",,,,,,,,,,"Yes","Yes"
"95-92-63-73","BEANS/COWPEA","4","Yes","Yes",20,"Kilograms","","No",,,"",,,,,,,,,,,9,"Kilograms","","0",,"",0,,"","Yes","0","",,"","11","Kilograms","","No",,"",,,,,,,,,,"No","No","No","No","Yes","No","No",,"No","No","No","No","No","No","No","No","No","No","No","No","No",,,,,,,,,,,,,,,,,"Yes","No","No","Yes","No","No","No","No","No","No",,"No","No"
"95-92-63-73","MAIZE","4","Yes","No",,,"",,,,"",,,,,,,,,,,,,"",,,"",,,"","No",,"",,"",,,"","No",,"",,,,,,,,,,"No","No",,"No","Yes","No","No",,"No","No","No","No","No","No","No","No","No","No","No","No","No",,,,,,,,,,,,,,,,,"Yes","No","No","Yes","No","No","No","No","No","No",,"No","Yes"
"06-17-24-58","MAIZE","3","No","No",,,"",,,,"",,,,,,,,,,,,,"",,,"",,,"","No",,"",,"",,,"","No",,"",,,,,,,,,,"No","No","No","No","No","No","No","No","No","No","No","No","No","No","No","No","No","No","No","No","Yes",,,,,,,,,,,,,,,,,"No","No","No","No","Yes","No","No","No","No","No",,"No","Yes"
"97-31-09-83","MAIZE","1","No","No",,,"",,,,"",,,,,,,,,,,,,"",,,"",,,"","No",,"",,"",,,"","No",,"",,,,,,,,,,"No","No","Yes","No","No","No","No",,"No","No","No","No","No","No","No","No","No","No","No","No","No",,,,,,,,,,,,,,,,,"Yes","No",,"Yes","No","No","No","No","No","No",,"No","No"
"56-22-99-66","GROUND NUT/PEANUTS","0.5","Yes","No",,,"",,,,"",,,,,,,,,,,,,"",,,"",,,"","No",,"",,"",,,"","No",,"",,,,,,,,,,"No","No","No","No","No","No","No","Yes","No","No","No","No","No","No","No","No","No","No","No","No","No",,"Yes","No","No","No","No","No","No","No",,,,,,,"No","No","No","Yes","No","No","No","No","No","No","No",,"No","No"
"56-22-99-66","MAIZE","0.5","Yes","No",,,"",,,,"",,,,,,,,,,,,,"",,,"",,,"","No",,"",,"",,,"","No",,"",,,,,,,,,,"No","No","No","No","Yes","No","No",,"No","No","No","No","No","No","No","No","No","No","No","No","No",,,,,,,,,,,,,,,,,"No","No","Yes","No","No","No","No","No","No","No",,"No","No"
"05-92-75-52","MAIZE","3","No","No",,,"",,,,"",,,,,,,,,,,,,"",,,"",,,"","No",,"",,"",,,"","No",,"",,,,,,,,,,"No","No","Yes","No","No","No","No",,"No","No","No","No","No","No","No","No","No","No","No","No","No",,,,,,,,,,,,,,,,,"No","No","Yes",,"No","No","No","No","No","No",,"No","No"
"89-05-59-72","MAIZE","1.5","No","No",,,"",,,,"",,,,,,,,,,,,,"",,,"",,,"","No",,"",,"",,,"","No",,"",,,,,,,,,,"No","No","Yes","No",,"No","No","No","No","No","No","No","No","No","No","No","No","No","No","No","No",,,,,,,,,,,,,,,,,"No","No","Yes","No","No",,"No","No","No","No",,"No","No"
"89-05-59-72","MILLET/MAIWA","0.5","No","No",,,"",,,,"",,,,,,,,,,,,,"",,,"",,,"","No",,"",,"",,,"","No",,"",,,,,,,,,,"No","No",,"No","Yes","No","No","No","No","No","No","No","No","No","No","No","No","No","No","No","No",,,,,,,,,,,,,,,,,"No","No","Yes",,"No",,"No","No","No","No",,"No","No"
"50-93-16-91","GROUND NUT/PEANUTS","0.5","No","No",,,"",,,,"",,,,,,,,,,,,,"",,,"",,,"","No",,"",,"",,,"","No",,"",,,,,,,,,,"No","No",,"Yes","No","No","No","No","No","No","No","No","No","No","No","No","No","No","No","No","No",,,,,,,,,,,,,,,,,"No","No","Yes","No","No","No","No","No","No","No",,"No","No"
"50-93-16-91","MAIZE","1","No","No",,,"",,,,"",,,,,,,,,,,,,"",,,"",,,"","No",,"",,"",,,"","No",,"",,,,,,,,,,"No","No","Yes","No",,"No","No","No","No","No","No","No","No","No","No","No","No","No","No","No","No",,,,,,,,,,,,,,,,,"No","No","Yes","No","No","No","No","No","No","No",,"Yes","No"
"89-68-31-84","MAIZE","1","No","Yes",5,"90 kg bag","","Yes",3,"90 kg bag","",5000,"No","Yes","No","No","No","No","No",,,2,"90 kg bag","","0",,"",0,,"","No","0","",,"",,,"","Yes","River/ stream","","No","No","No","No","Yes","No","No","No",,"No","No","No","No",,"No","No","No","No","No","No","No","No","No","No","No","No","Yes","No","No","No",,,,,,,,,,,,,,,,,"No","No","Yes","No","No","No","No","No","No","No",,"Yes","Yes"
"33-93-90-01","MILLET/MAIWA","3","No","No",,,"",,,,"",,,,,,,,,,,,,"",,,"",,,"","No",,"",,"",,,"","No",,"",,,,,,,,,,"No","No","No","Yes",,"No","No","No","No","No","No","No","No","No","No","No","No","No","No",,"No",,"No","No","No","No","Yes",,,"No",,,,,,,,"No","No","Yes","No","No","No","No","No","No","No",,"No","No"
"00-04-89-61","MAIZE","2","No","No",,,"",,,,"",,,,,,,,,,,,,"",,,"",,,"","No",,"",,"",,,"","Yes","River/ stream","","No","No","No","No","Yes","No","No","No",,"No","No","Yes","No","No","No","No",,"No","No","No","No","No","No","No","No","No","No","No","No","No",,,,,,,,,,,,,,,,,"No","Yes",,,,,,,,,,"Yes","Yes"
"98-42-90-09","MAIZE","4","No","No",,,"",,,,"",,,,,,,,,,,,,"",,,"",,,"","No",,"",,"",,,"","No",,"",,,,,,,,,,"No","No","No","No","Yes","No","No","No","No","No","No","No","No","No","No","No","No","No","No","No","No",,,,,,,,,,,,,,,,,"No","No","No","No","Yes","No","No","No","No","No",,"No","No"
"55-74-55-01","MILLET/MAIWA","0.5","No","No",,,"",,,,"",,,,,,,,,,,,,"",,,"",,,"","No",,"",,"",,,"","No",,"",,,,,,,,,,"No","No","Yes","No","No","No","No",,"No","No","No","No","No","No","No","No","No","No","No","No","No",,,,,,,,,,,,,,,,,"Yes","No","Yes","No","No","No","No","No","No","No",,"No","No"
"35-03-81-94","MAIZE","3","No","No",,,"",,,,"",,,,,,,,,,,,,"",,,"",,,"","No",,"",,"",,,"","No",,"",,,,,,,,,,"No","No","Yes","No","No","No","No","No","No","No","No","No","No","No","No","No","No","No","No","No","No",,"Yes",,"No","No","No","No","No","No",,,,,,,,"No","No","Yes",,"No","No","No","No","No","No",,"No","No"
"36-02-93-74","GROUND NUT/PEANUTS","0.25","No","No",,,"",,,,"",,,,,,,,,,,,,"",,,"",,,"","No",,"",,"",,,"","No",,"",,,,,,,,,,"No","No",,"No","Yes","No","No",,"No","No","No","No","No","No","No","No","No","No","No","No","No",,"Yes","No","No","No","No","No","No","No",,,,,,,,"No","No","No","No","No","No","No","No","Yes","No",,"No","No"
"36-02-93-74","MILLET/MAIWA","0.5","No","No",,,"",,,,"",,,,,,,,,,,,,"",,,"",,,"","No",,"",,"",,,"","No",,"",,,,,,,,,,"No","No","No","No","Yes","No","No","No","No","No","No","No","No","No","No","No","No","No","No","No","No",,"Yes","No","No","No","No","No","No","No",,,,,,,,"No","No","No","No","No","No","No","No","Yes","No",,"No","No"
"36-02-93-74","SORGHUM","1","No","No",,,"",,,,"",,,,,,,,,,,,,"",,,"",,,"","No",,"",,"",,,"","No",,"",,,,,,,,,,"No","No",,"No","Yes","No","No","No","No","No","No","No","No","No","No","No","No","No","No","No","No",,"Yes","No","No","No","No","No",,"No",,,,,,,,"No","No","No","No","No","No","No","No","Yes","No",,"No","No"
"56-43-23-52","BEANS/COWPEA","1.5","Yes","No",,,"",,,,"",,,,,,,,,,,,,"",,,"",,,"","No",,"",,"",,,"","No",,"",,,,,,,,,,"No","No","No","No","Yes","No","No","No","No","No","No","No","No","No","No","No","No","No","No","No","No",,,,,,,,,,,,,,,,,"No","No","Yes","No","No","No","No","No","No","No",,"No","No"
"56-43-23-52","MAIZE","1.5","Yes","Yes",200,"Kilograms","","No",,,"",,,,,,,,,,,45,"Kilograms","","45","Kilograms","",10,"Kilograms","","Yes","0","",,"","100","Kilograms","","No",,"",,,,,,,,,,"No","No","Yes","No",,"No","No","No","No","No","No","No","No","No","No","No","No","No","No","No","No",,,,,,,,,,,,,,,,,"No","No","Yes","No","No","No","No","No","No","No",,"No","No"
"56-43-23-52","IRISH POTATO","0.5","No","No",,,"",,,,"",,,,,,,,,,,,,"",,,"",,,"","No",,"",,"",,,"","No",,"",,,,,,,,,,"No","No","No","No","Yes","No","No","No","No","No","No","No","No","No","No","No","No","No","No","No","No",,,,,,,,,,,,,"Yes",,,,"No","No","Yes","No","No","No","No","No","No","No",,"No","No"
"56-43-23-52","GREEN VEGETABLE","0.5","No","No",,,"",,,,"",,,,,,,,,,,,,"",,,"",,,"","No",,"",,"",,,"","No",,"",,,,,,,,,,"No","No","No","No","Yes","No","No","No","No","No","No","No","No","No","No","No","No","No","No","No","No",,,,,,,,,,,,,"Yes",,,,"No","No","Yes","No","No","No","No","No","No","No",,"No","No"
"67-03-64-23","MAIZE","4","No","No",,,"",,,,"",,,,,,,,,,,,,"",,,"",,,"","No",,"",,"",,,"","No",,"",,,,,,,,,,"No","No","Yes","No","No","No","No",,"No","No","No","No","No","No","No","No","No","No","No","No","No",,,,,,,,,,,,,,,,,"No","No","Yes",,"No","No","No","No","No","No",,"No","Yes"
"74-55-51-40","MAIZE","2","No","Yes",270,"Kilograms","","No",,,"",,,,,,,,,,,90,"Kilograms","","0",,"",0,,"","Yes","0","",,"","180","Kilograms","","No",,"",,,,,,,,,,"No","No","Yes","No","No","No","No",,"No","No","No","No","No","No","No","No","No","No","No","No","No",,,,,,,,,,,,,,,,,"No","No","Yes",,"No","No","No","No","No","No",,"No","No"
"64-62-65-29","MILLET/MAIWA","0.5","Yes","Yes",50,"Kilograms","","No",,,"",,,,,,,,,,,45,"Kilograms","","0",,"",0,,"","Yes","0","",,"","5","Kilograms","","No",,"",,,,,,,,,,"No","No","Yes","No","No",,"No",,"No","No","No","No","No","No","No","No","No","No","No","No","No",,,"Yes","No","No","No","No","No","No",,,,"Yes",,,,"No","No","Yes","No","No","No","No","No","No","No",,"No","No"
"64-62-65-29","SORGHUM","0.5","Yes","Yes",50,"Kilograms","","No",,,"",,,,,,,,,,,45,"Kilograms","","0",,"",0,,"","Yes","0","",,"","5","Kilograms","","No",,"",,,,,,,,,,"No","No","Yes","No","No","No","No",,,"No","No","No","No","No","No","No","No","No","No","No","No",,,,,,,,,,,,,,,,"No","Yes","No","Yes","No","No","No","No","No","No","No",,"No","No"
"30-54-31-50","MAIZE","1","No","Yes",90,"Kilograms","","No",,,"",,,,,,,,,,,45,"Kilograms","","0",,"",0,,"","Yes","0","",,"","45","Kilograms","","No",,"",,,,,,,,,,"No","No","Yes","No","No","No","No",,"No","No","No","No","No","No","No","No","No","No","No","No","No",,,,,,,,,,,,,,,,,"No","No","Yes",,"No","No","No","No","No","No",,"No","No"
"42-02-08-83","MAIZE","1","No","No",,,"",,,,"",,,,,,,,,,,,,"",,,"",,,"","No",,"",,"",,,"","No",,"",,,,,,,,,,"No","No","Yes","No",,"No","No","No","No","No","No","No","No","No","No","No","No","No","No","No","No",,,,,,,,,,,,,,,,,"No","No","Yes","No","No","No","No","No","No","No",,"No","No"
"37-15-67-95","MAIZE","2","No","No",,,"",,,,"",,,,,,,,,,,,,"",,,"",,,"","No",,"",,"",,,"","No",,"",,,,,,,,,,"No","No","Yes","No","No","No","No",,"No","No","No","No","No","No","No","No","No","No","No","No","No",,,,,,,,,,,,,,,,,"No","No","Yes",,"No","No","No","No","No","No",,"No","Yes"
"50-11-26-74","BEANS/COWPEA","2","Yes","Yes",3,"90 kg bag","","Yes",2,"90 kg bag","",10000,"Yes","No","No","No","No","No","No",,,1,"10kg bag","","0",,"",0,,"","No","0","",,"",,,"","No",,"",,,,,,,,,,"No","No","No","No","Yes","No","No","No","No","No","No","No","No","No","No","No","No","No","No","No","No",,,,,,,,,,,,,,,,,"No","No","No","No","Yes","No","No","No","No","No",,"No","No"
"50-11-26-74","MAIZE","5","Yes","No",,,"",,,,"",,,,,,,,,,,,,"",,,"",,,"","No",,"",,"",,,"","No",,"",,,,,,,,,,"No","No","No","No","Yes","No","No","No","No","No","No","No","No","No","No","No","No","No","No","No","No",,,,,,,,,,,,,,,,,"No","No","No","Yes","No","No","No","No","No","No",,"No","No"
"41-04-96-60","BEANS/COWPEA","2","Yes","Yes",5,"Kilograms","","No",,,"",,,,,,,,,,,5,"Kilograms","","0",,"",0,,"","No","0","",,"",,,"","No",,"",,,,,,,,,,"No","No","Yes","No","No","No","No",,"No","No","No","No","No","No","No","No","No","No","No","No","No",,,,,,,,,,,,,,,,,"No","No",,"Yes","No","No","No","No","No","No",,"No","No"
"41-04-96-60","MAIZE","2","Yes","No",,,"",,,,"",,,,,,,,,,,,,"",,,"",,,"","No",,"",,"",,,"","No",,"",,,,,,,,,,"No","No","Yes","No","No",,"No",,"No","No","No","No","No","No","No","No","No","No","No","No","No",,,,,,,,,,,,,,,,,"No","No",,"Yes","No","No","No","No","No","No",,"No","No"
"57-81-30-05","MAIZE","1","No","No",,,"",,,,"",,,,,,,,,,,,,"",,,"",,,"","No",,"",,"",,,"","No",,"",,,,,,,,,,"No","No","Yes","No","No","No","No","No","No","No","No","No","No","No","No","No","No","No","No","No","No",,,,,,,,,,,,,,,,,"No","No","No","No","Yes","No","No","No","No","No",,"No","No"
"88-77-78-80","MAIZE","2","No","No",,,"",,,,"",,,,,,,,,,,,,"",,,"",,,"","No",,"",,"",,,"","No",,"",,,,,,,,,,"No","No","Yes","No","No","No","No",,"No","No","No","No","No","No","No","No","No","No","No","No","No",,,,,,,,,,,,,,,,,"Yes","No","Yes",,"No","No","No","No","No","No",,"No","Yes"
"50-74-95-60","MAIZE","1","No","Yes",1200,"Kilograms","","Yes",800,"Kilograms","",80,"No","No","Yes","No","No","No","No",,,400,"Kilograms","","0",,"",0,,"","No","0","",,"",,,"","Yes","River/ stream","","No","No","No","No","Yes","No","No","No",,"No","No",,"No","Yes","No","No","No","No","No","No","No","No","No","No","No","No","No","No","No","No",,,,,,,,,,,,,,,,,"No","Yes",,,,,,,,,,"Yes","Yes"
"50-74-95-60","TOMATO","1","No","Yes",176,"Crates","","Yes",175,"Crates","",3000,,"Yes","No","No","No","No","No",,,1,"Crates","","0",,"",0,,"","No","0","",,"",,,"","Yes","River/ stream","","No","No","No","No","Yes","No","No","No",,"No","No",,"No","Yes",,"No","No","No","No","No","No","No","No","No","No","No","No","No","No","No",,,,,,,,,,,,,,,,,"No","Yes",,,,,,,,,,"Yes","Yes"
"94-52-87-82","MAIZE","1","No","No",,,"",,,,"",,,,,,,,,,,,,"",,,"",,,"","No",,"",,"",,,"","No",,"",,,,,,,,,,"No","No","Yes","No",,"No","No","No","No","No","No","No","No","No","No","No","No","No","No","No","No",,,,,,,,,,,,,,,,,"No","No","Yes","No","No","No","No","No","No","No",,"No","No"
"36-65-12-21","GREEN VEGETABLE","0.5","No","Yes",240,"Kilograms","","Yes",200,"Kilograms","",30,"No","Yes","No","No","No","No","No",,,40,"Kilograms","","0",,"",0,,"","No","0","",,"",,,"","Yes","River/ stream","","No","No","No","No","Yes","No","No","No",,"No","No","No","No","Yes","No","No","No","No","No","No","No","No","No","No","No","No","No","No","No","No",,,,,,,,,,,,,"Yes",,,,"No","No","Yes","No","No","No","No","No","No","No",,"Yes","Yes"
"03-07-08-19","BEANS/COWPEA","2","Yes","No",,,"",,,,"",,,,,,,,,,,,,"",,,"",,,"","No",,"",,"",,,"","No",,"",,,,,,,,,,"No","No","No","No","Yes","No","No","No","No","No","No","No","No","No","No","No","No","No","No","No","No",,,,,,,,,,,,,"Yes",,,,"No","No","Yes","No","No","No","No","No","No","No",,"No","No"
"03-07-08-19","MAIZE","1.5","Yes","No",,,"",,,,"",,,,,,,,,,,,,"",,,"",,,"","No",,"",,"",,,"","No",,"",,,,,,,,,,"No","No","No","No","Yes","No","No","No","No","No","No","No","No","No","No","No","No","No","No","No","No",,,,,,,,,,,,,,,,,"No","No","Yes","No","No","No","No","No","No","No",,"No","No"
"03-07-08-19","GREEN VEGETABLE","0.5","No","No",,,"",,,,"",,,,,,,,,,,,,"",,,"",,,"","No",,"",,"",,,"","No",,"",,,,,,,,,,"No","No","No","No","Yes","No","No","No","No","No","No","No","No","No","No","No","No","No","No","No","No",,,,,,,,,,,,,,,,,"No","No","Yes","No","No","No","No","No","No","No",,"No","No"
"72-39-10-40","MAIZE","5","No","No",,,"",,,,"",,,,,,,,,,,,,"",,,"",,,"","No",,"",,"",,,"","No",,"",,,,,,,,,,"No","No","No","No","Yes","No","No","No","No","No","No","No","No","No","No","No","No","No","No","No","No",,,,,,,,,,,,,,,,,"No","No","No","Yes","No","No","No","No","No","No",,"No","No"
"20-64-53-81","BEANS/COWPEA","0.5","Yes","Yes",25,"Kilograms","","No",,,"",,,,,,,,,,,25,"Kilograms","","0",,"",0,,"","No","0","",,"",,,"","No",,"",,,,,,,,,,"No","No","Yes","No",,"No","No",,"No","No","No","No","No","No","No","No","No","No","No","No","No",,,,,,,,,,,,,,,,,"No","No","Yes",,"No","No","No","No","No","No",,"No","No"
"20-64-53-81","MAIZE","0.5","Yes","No",,,"",,,,"",,,,,,,,,,,,,"",,,"",,,"","No",,"",,"",,,"","No",,"",,,,,,,,,,"No","No","Yes","No","No","No","No",,"No","No","No","No","No","No","No","No","No","No","No","No","No",,,,,,,,,,,,,,,,,"No","No","Yes",,"No","No","No","No","No","No",,"No","No"
"64-24-49-94","MAIZE","4","No","No",,,"",,,,"",,,,,,,,,,,,,"",,,"",,,"","No",,"",,"",,,"","No",,"",,,,,,,,,,"No","No","Yes","No","No","No","No",,"No","No","No","No","No","No","No","No","No","No","No","No","No",,,,,,,,,,,,,,,,,"No","No","No","Yes","No","No","No","No","No","No",,"No","No"
"84-08-92-59","MAIZE","0.5","No","No",,,"",,,,"",,,,,,,,,,,,,"",,,"",,,"","No",,"",,"",,,"","No",,"",,,,,,,,,,"No","No","Yes","No","No","No","No",,"No","No","No","No","No","No","No","No","No","No","No","No","No",,,,,,,,,,,,,,,,,"No","No","Yes",,"No","No","No","No","No","No",,"No","No"
"80-92-01-63","CASSAVA","0.3","No","No",,,"",,,,"",,,,,,,,,,,,,"",,,"",,,"","No",,"",,"",,,"","No",,"",,,,,,,,,,"No","Yes","No","No","No","No","No",,"No","No","No","No","No","No","No","No","No","No","No","No","No",,"No","Yes","No","No","No","No","No","No",,,,,,,,"No","No","No","No","No","No","Yes","No","No","No",,"No","No"
"80-92-01-63","MAIZE","0.4","No","No",,,"",,,,"",,,,,,,,,,,,,"",,,"",,,"","No",,"",,"",,,"","No",,"",,,,,,,,,,"No","No",,"No",,"No","No","Yes","No","No","No","No","No","No","No","No","No","No","No","No","No",,,,,,,,,,,,,,,,,"No","Yes",,,,,,,,,,"No","No"
"80-92-01-63","MILLET/MAIWA","0.3","No","No",,,"",,,,"",,,,,,,,,,,,,"",,,"",,,"","No",,"",,"",,,"","No",,"",,,,,,,,,,"No","No","No","No","No","No","No",,"Yes","No","No","No","No","No","No","No","No","No","No","No","No",,"No","Yes","No","No","No","No","No","No",,,,,,,,"No","No","No","Yes","No","No","No","No","No","No",,"No","No"
"12-81-58-78","MAIZE","2","Yes","No",,,"",,,,"",,,,,,,,,,,,,"",,,"",,,"","No",,"",,"",,,"","No",,"",,,,,,,,,,"No","No","No","No","Yes","No","No","No","No","No","No","No","No","No","No","No","No","No","No","No","No",,,,,,,,,,,,,,,,,"No","No","No",,"Yes","No","No","No","No","No",,"No","Yes"
"48-70-52-60","BEANS/COWPEA","1","No","Yes",4,"100 kg bag","","Yes",3,"100 kg bag","",12000,"Yes",,"No","No","No","No","No",,,1,"50 kg bag","","0",,"",45,"Kilograms","","No","5","","Kilograms","",,,"Store for next planting season","Yes","River/ stream","","No","No","No","No","Yes","No","No","No",,"Yes","No",,"No","No","No","No","No","No","No","No","No","No","No","No","No","No","No","No",,"No",,,,,,,,,,,,,,,,,"No","Yes",,,,,,,,,,"Yes","Yes"
"48-70-52-60","MAIZE","3","No","No",,,"",,,,"",,,,,,,,,,,,,"",,,"",,,"","No",,"",,"",,,"","Yes","River/ stream","","No","No","No","No","Yes","No","No","No",,"Yes","No",,"No",,"No","No","No","No","No","No","No","No","No","No","No","No","No","No","No","No",,,,,,,,,,,,,,,,,"No","Yes",,,,,,,,,,"Yes","Yes"
"48-70-52-60","OTHER(SPECIFY)","0.5","No","Yes",1.2,"Tonnes","","Yes",1.2,"Tonnes","",20400,"No","Yes","No","No","No","No","No",,,0,,"","0",,"",0,,"","No","0","",,"",,,"","Yes","River/ stream","","No","No","No","No","Yes","No","No","No",,,"No","No","No","Yes","No","No","No","No","No","No",,"No","No","No","No","No","No","No","No","No",,,,,,,,,,,,,"Yes",,,,"No","Yes",,,,,,,,,,"Yes","Yes"
"03-69-84-05","MAIZE","0.5","No","No",,,"",,,,"",,,,,,,,,,,,,"",,,"",,,"","No",,"",,"",,,"","No",,"",,,,,,,,,,"No","No",,"No","Yes","No","No","No","No","No","No","No","No","No","No","No","No","No","No","No","No",,,,,,,,,,,,,,,,,"Yes","No","No","No","No","No","No","No","Yes","No",,"No","No"
"03-69-84-05","MILLET/MAIWA","0.5","No","No",,,"",,,,"",,,,,,,,,,,,,"",,,"",,,"","No",,"",,"",,,"","No",,"",,,,,,,,,,"No","No","No","No","Yes","No","No","No","No","No","No","No","No","No","No","No","No","No","No","No","No",,"No","Yes","No","No","No","No","No","No",,,,,,,,"No","No","Yes","No","No","No","No","No",,"No",,"No","No"
"55-07-48-89","BEANS/COWPEA","0.5","No","Yes",400,"Kilograms","","Yes",300,"Kilograms","",90,"Yes","No","No","No","No","No","No",,,100,"Kilograms","","0",,"",0,,"","No","0","",,"",,,"","Yes","River/ stream","","No","No","No","No","Yes","No","No","No",,"No","No",,"No","Yes","No","No","No","No","No","No","No","No","No","No","No","No","No","No","No","No",,,,,,,,,,,,,,,,,"No","No","Yes","No","No","No","No","No","No","No",,"Yes","Yes"
"55-07-48-89","MAIZE","0.5","No","No",,,"",,,,"",,,,,,,,,,,,,"",,,"",,,"","No",,"",,"",,,"","Yes","River/ stream","","No","No","No","No","Yes","No","No","No",,"No","No",,"No","Yes","No",,"No","No","No","No","No","No","No","No","No","No","No","No","No","No",,,,,,,,,,,,,,,,,"No","Yes",,,,,,,,,,"Yes","Yes"
"01-15-12-42","MAIZE","3","No","No",,,"",,,,"",,,,,,,,,,,,,"",,,"",,,"","No",,"",,"",,,"","No",,"",,,,,,,,,,"No","No","Yes","No","No","No","No",,"No","No","No","No","No","No","No","No","No","No","No","No","No",,,,,,,,,,,,,,,,,"No","No",,"Yes","No","No","No","No","No","No",,"No","No"
"99-30-86-99","MAIZE","2","No","No",,,"",,,,"",,,,,,,,,,,,,"",,,"",,,"","No",,"",,"",,,"","No",,"",,,,,,,,,,"No","No","No","No","Yes","No","No","No","No","No","No","No","No","No","No","No","No","No","No","No","No",,,,,,,,,,,,,,,,,"No","No","No","No","Yes","No","No","No","No","No",,"No","No"
"16-96-89-30","MAIZE","4","No","No",,,"",,,,"",,,,,,,,,,,,,"",,,"",,,"","No",,"",,"",,,"","Yes","River/ stream","","No","No","No","No","Yes","No","No","No",,"No","No","Yes","No",,"No","No","No","No","No","No","No","No","No","No","No","No","No","No","No","No",,,,,,,,,,,,,,,,,"No","Yes",,,,,,,,,,"Yes","Yes"
"26-40-62-78","MAIZE","2","No","No",,,"",,,,"",,,,,,,,,,,,,"",,,"",,,"","No",,"",,"",,,"","No",,"",,,,,,,,,,"No","No","Yes","No","No","No","No","No","No","No","No","No","No","No","No","No","No","No","No","No","No",,,,,,,,,,,,,,,,,"No","No",,"Yes","No","No","No","No","No","No",,"No","Yes"
"45-82-95-63","MAIZE","2","No","Yes",12,"90 kg bag","","Yes",9,"90 kg bag","",6000,"Yes","No","No","No","No","No","No",,,3,"90 kg bag","","0",,"",0,,"","No","0","",,"",,,"","Yes","River/ stream","","No","No","No","No","Yes","No","No","No",,"No","No","Yes","No",,"No","No","No","No","No","No","No","No","No","No","No","No","No","No","No","No",,,,,,,,,,,,,,,,,"No","No","No","No","No","No","No","No","Yes",,,"Yes","Yes"
"19-12-89-41","MAIZE","1.5","No","No",,,"",,,,"",,,,,,,,,,,,,"",,,"",,,"","No",,"",,"",,,"","Yes","River/ stream","","No","No","No","No","Yes","No","No","No",,"No","No","No","No","Yes","No","No",,"No","No","No","No","No","No","No","No","No","No","No","No","No",,,,,,,,,,,,,,,,,"Yes","No","Yes","No","No","No","No","No","No","No",,"Yes","Yes"
"86-61-90-88","MAIZE","3","No","Yes",20,"90 kg bag","","Yes",18,"90 kg bag","",7000,"No","No","Yes","No","No","No","No",,,2,"90 kg bag","","0",,"",0,,"","No","0","",,"",,,"","Yes","River/ stream","","No","No","No","No","Yes","No","No","No",,"No","No","Yes","No",,"No","No","No","No","No","No","No","No","No","No","No","No","No","No","No","No",,,,,,,,,,,,,,,,,"No","Yes",,,,,,,,,,"Yes","Yes"
"86-61-90-88","GREEN GRAMS","0.5","No","Yes",4,"90 kg bag","","Yes",4,"90 kg bag","",9000,"No","Yes","No","No","No","No","No",,,0,,"","0",,"",0,,"","No","0","",,"",,,"","Yes","River/ stream","","No","No","No","No","Yes","No","No","No",,"No","No",,"No","Yes","No",,"No","No","No","No","No","No","No","No","No","No","No","No","No","No",,,,,,,,,,,,,"Yes",,,,"No","No","No","No","No","No","No","No","Yes","No",,"Yes","Yes"
"02-81-96-02","MAIZE","0.5","No","No",,,"",,,,"",,,,,,,,,,,,,"",,,"",,,"","No",,"",,"",,,"","Yes","River/ stream","","No","No","No","No","Yes","No","No","No",,"No","No","No","No",,"No","No","Yes","No","No","No","No","No","No","No","No","No","No","No","No","No",,,,,,,,,,,,,,,,,"No","Yes",,,,,,,,,,"Yes","Yes"
"76-19-75-88","MAIZE","2","No","No",,,"",,,,"",,,,,,,,,,,,,"",,,"",,,"","No",,"",,"",,,"","No",,"",,,,,,,,,,"No","No","Yes","No","No","No","No",,"No","No","No","No","No","No","No","No","No","No","No","No","No",,,,,,,,,,,,,,,,,"No","No","No","Yes","No","No","No","No","No","No",,"No","Yes"
"66-74-73-77","MAIZE","1","No","No",,,"",,,,"",,,,,,,,,,,,,"",,,"",,,"","No",,"",,"",,,"","No",,"",,,,,,,,,,"No","No","Yes","No","No",,,"No","No","No","No","No","No","No","No","No","No","No","No","No","No",,,,,,,,,,,,,,,,,"No","No","No","Yes","No","No","No","No","No","No",,"No","Yes"
"08-37-41-83","MAIZE","0.5","No","Yes",3,"90 kg bag","","No",,,"",,,,,,,,,,,3,"90 kg bag","","0",,"",0,,"","No","0","",,"",,,"","Yes","River/ stream","","No","No","No","No","Yes","No","No","No",,,"No",,"No","Yes","No","No","No","No","No","No","No","No","No","No","No","No","No","No","No","No",,,,,,,,,,,,,,,,,"No","Yes",,,,,,,,,,"Yes","Yes"
"68-02-84-17","MAIZE","1","No","Yes",1000,"Kilograms","","Yes",900,"Kilograms","",80,"No","No","Yes","No","No","No","No",,,100,"Kilograms","","0",,"",0,,"","No","0","",,"",,,"","Yes","River/ stream","","No","No","No","No","Yes","No","No","No",,"No","No",,"No","Yes","No","No","No","No","No","No","No","No","No","No","No","No","No","No","No","No",,,,,,,,,,,,,,,,,"No","No","Yes","No","No","No","No","No","No","No",,"Yes","Yes"
"75-80-31-44","MAIZE","1.5","No","No",,,"",,,,"",,,,,,,,,,,,,"",,,"",,,"","No",,"",,"",,,"","Yes","River/ stream","","No","No","No","No","Yes","No","No","No",,"No","No","No","No",,"No","No","No","No","No","No","No","No","No","No","No","No","Yes","No","No","No",,,,,,,,,,,,,,,,,"No","No","Yes","No","No","No","No","No","No","No",,"Yes","Yes"
"69-86-48-74","MAIZE","1","No","Yes",24,"90 kg bag","","Yes",24,"90 kg bag","",6750,"No","No","Yes","No","No","No","No",,,0,,"","0",,"",0,,"","No","0","",,"",,,"","Yes","River/ stream","","No","No","No","No","Yes","No","No","No",,"No","No","No","No","Yes","No","No",,"No","No","No","No","No","No","No","No","No","No","No","No","No",,,,,,,,,,,,,,,,,"No","Yes",,,,,,,,,,"Yes","Yes"
"71-45-11-71","MAIZE","1","No","No",,,"",,,,"",,,,,,,,,,,,,"",,,"",,,"","No",,"",,"",,,"","Yes","River/ stream","","No","No","No","No","Yes","No","No","No",,"No","No","Yes","No",,"No","No","No","No","No","No","No","No","No","No","No","No","No","No","No","No",,,,,,,,,,,,,,,,,"No","Yes",,,,,,,,,,"Yes","Yes"
"48-20-93-40","GROUND NUT/PEANUTS","0.25","No","Yes",20,"Kilograms","","Yes",10,"Kilograms","",200,"No","Yes","No","No","No","No","No",,,3,"Kilograms","","3","Kilograms","",2,"Kilograms","","Yes","0","",,"","2","Kilograms","","No",,"",,,,,,,,,,"No","No","Yes","No","No","No","No","No","No","No","No","No","No","No","No","No","No","No",,"No","No",,"No","Yes","No","No","No","No","No","No",,,,,,,,"Yes","No","No","No","No","No","No","No","Yes","No",,"No","No"
"48-20-93-40","MAIZE","0.5","No","No",,,"",,,,"",,,,,,,,,,,,,"",,,"",,,"","No",,"",,"",,,"","No",,"",,,,,,,,,,"No","No","Yes","No","No","No","No","No","No","No","No","No","No","No","No","No","No","No","No",,"No",,,,,,,,,,,,,,,,,"Yes","No","Yes","No","No","No","No","No",,"No",,"Yes","No"
"48-20-93-40","MILLET/MAIWA","0.25","No","No",,,"",,,,"",,,,,,,,,,,,,"",,,"",,,"","No",,"",,"",,,"","No",,"",,,,,,,,,,"No","No","Yes","No","No","No","No",,"No","No","No","No","No","No","No","No","No","No","No",,"No",,"No","No","No","No","Yes","No","No","No",,,,,,,,"Yes","No",,"No","No","No","No","No","Yes","No",,"No","No"
"11-74-52-10","MAIZE","6","No","No",,,"",,,,"",,,,,,,,,,,,,"",,,"",,,"","No",,"",,"",,,"","No",,"",,,,,,,,,,"No","No","Yes","No","No","No","No",,"No","No","No","No","No","No","No","No","No","No","No","No","No",,,,,,,,,,,,,,,,,"Yes","No","Yes",,"No","No","No","No","No","No",,"No","Yes"
"97-74-49-80","MAIZE","1.5","No","No",,,"",,,,"",,,,,,,,,,,,,"",,,"",,,"","No",,"",,"",,,"","No",,"",,,,,,,,,,"No","No","Yes","No","No","No","No",,"No","No","No","No","No","No","No","No","No","No","No","No","No",,,,,,,,,,,,,,,,,"No","No","No","Yes",,"No","No","No","No","No",,"No","No"
"65-28-28-23","MAIZE","2","No","No",,,"",,,,"",,,,,,,,,,,,,"",,,"",,,"","No",,"",,"",,,"","Yes","River/ stream","","No","No","No","No","Yes","No","No","No",,"No","No",,"No","Yes","No","No","No","No","No","No","No","No","No","No","No","No","No","No","No","No",,,,,,,,,,,,,,,,,"No","Yes",,,,,,,,,,"Yes","Yes"
"65-28-28-23","GREEN VEGETABLE","0.25","Yes","Yes",80,"Kilograms","","Yes",60,"Kilograms","",25,"No","Yes","No","No","No","No","No",,,20,"Kilograms","","0",,"",0,,"","No","0","",,"",,,"","Yes","River/ stream","","No","No","No","No","Yes","No","No","No",,"No","No",,"No","Yes",,"No","No","No","No","No","No","No","No","No","No","No","No","No","No","No",,,,,,,,,,,,,,,,,"No","No","No","No","No","No","No","No","Yes","No",,"Yes","No"
"65-28-28-23","GREEN GRAMS","2","No","Yes",3,"90 kg bag","","Yes",2,"90 kg bag","",10000,"Yes","No","No","No","No","No","No",,,1,"90 kg bag","","0",,"",0,,"","No","0","",,"",,,"","Yes","River/ stream","","No","No","No","No","Yes","No","No","No",,"No","No",,"No","Yes",,"No","No","No","No","No","No","No","No","No","No","No","No","No","No","No",,,,,,,,,,,,,,,,,"No","Yes",,,,,,,,,,"Yes","Yes"
"57-80-52-25","MAIZE","1","No","No",,,"",,,,"",,,,,,,,,,,,,"",,,"",,,"","No",,"",,"",,,"","Yes","River/ stream","","No","No","No","No","Yes","No","No","No",,"No","No","Yes","No",,"No","No","No","No","No","No","No","No","No","No","No","No","No","No","No","No",,,,,,,,,,,,,,,,,"No","Yes",,,,,,,,,,"Yes","Yes"
"72-15-05-10","GROUND NUT/PEANUTS","0.5","No","No",,,"",,,,"",,,,,,,,,,,,,"",,,"",,,"","No",,"",,"",,,"","No",,"",,,,,,,,,,"No","No","No","No","No","No","No","No","No","No","No","No","No","No","No","No","No","No","No","No","Yes",,"Yes",,"No","No","No","No","No","No",,,,,,,,"No","No","Yes",,"No","No","No","No","No","No",,"No","No"
"72-15-05-10","MILLET/MAIWA","0.5","No","No",,,"",,,,"",,,,,,,,,,,,,"",,,"",,,"","No",,"",,"",,,"","No",,"",,,,,,,,,,"No","No","No","No","No","No","No","No","No","No","No","No","No","No","No","No","No","No","No","No","Yes",,"Yes","No","No","No","No","No","No","No",,,,,,,,"No","No","Yes","No","No","No","No","No","No","No",,"No","No"
"86-09-61-31","MAIZE","0.25","No","No",,,"",,,,"",,,,,,,,,,,,,"",,,"",,,"","No",,"",,"",,,"","No",,"",,,,,,,,,,"No","No","Yes","No","No","No","No",,"No","No","No","No","No","No","No","No","No","No","No","No","No",,,,,,,,,,,,,,,,,"No","No","Yes",,"No","No","No","No","No","No",,"No","No"
"93-25-93-51","MAIZE","6","No","No",,,"",,,,"",,,,,,,,,,,,,"",,,"",,,"","No",,"",,"",,,"","No",,"",,,,,,,,,,"No","No","Yes","No","No","No","No",,"No","No","No","No","No","No","No","No","No","No","No","No","No",,,,,,,,,,,,,,,,,"No","No",,"Yes","No","No","No","No","No","No",,"No","No"
"04-39-31-02","MAIZE","0.5","No","No",,,"",,,,"",,,,,,,,,,,,,"",,,"",,,"","No",,"",,"",,,"","Yes","River/ stream","","No","No","No","No","Yes","No","No","No",,"No","No","Yes","No",,"No","No","No","No","No","No","No","No","No","No","No","No","No","No",,"No",,,,,,,,,,,,,,,,,"No","No","Yes","No","No","No","No","No","No","No",,"Yes","Yes"
"95-71-10-81","MAIZE","1","No","Yes",12,"90 kg bag","","Yes",9,"90 kg bag","",5200,"No","No","Yes","No","No","No","No",,,3,"90 kg bag","","0",,"",0,,"","No","0","",,"",,,"","Yes","River/ stream","","No","No","No","No","Yes","No","No","No",,"No","No","No","No",,"No","No","No","No","No","No","No","No","No","No","No","No",,"No","Yes","No",,,,,,,,,,,,,,,,,"No","Yes",,,,,,,,,,"Yes","Yes"
"71-69-40-35","BEANS/COWPEA","1.5","Yes","No",,,"",,,,"",,,,,,,,,,,,,"",,,"",,,"","No",,"",,"",,,"","No",,"",,,,,,,,,,"No","No","No","No","Yes","No","No","No","No","No","No","No","No","No","No","No","No","No","No","No","No",,,,,,,,,,,,,,,,,"No","No","Yes","No","No","No","No","No","No","No",,"Yes","Yes"
"71-69-40-35","MAIZE","1.5","Yes","No",,,"",,,,"",,,,,,,,,,,,,"",,,"",,,"","No",,"",,"",,,"","No",,"",,,,,,,,,,"No","No","Yes","No",,"No","No","No","No","No","No","No","No","No","No","No","No","No","No","No","No",,,,,,,,,,,,,,,,,"No","No","Yes","No","No","No","No","No","No","No",,"Yes","Yes"
"71-69-40-35","GREEN GRAMS","0.5","No","No",,,"",,,,"",,,,,,,,,,,,,"",,,"",,,"","No",,"",,"",,,"","No",,"",,,,,,,,,,"No","No","No","No","Yes","No","No","No","No","No","No","No","No","No","No","No","No","No","No","No","No",,,,,,,,,,,,,,,,,"No","No","Yes","No","No","No","No","No","No","No",,"Yes","Yes"
"53-46-63-99","MAIZE","3","No","No",,,"",,,,"",,,,,,,,,,,,,"",,,"",,,"","No",,"",,"",,,"","No",,"",,,,,,,,,,"No","No","Yes","No","No","No","No",,"No","No","No","No","No","No","No","No","No","No","No","No","No",,,,,,,,,,,,,,,,,"No","No","No","Yes","No","No","No","No","No","No",,"No","No"
"48-13-13-53","MAIZE","1","No","No",,,"",,,,"",,,,,,,,,,,,,"",,,"",,,"","No",,"",,"",,,"","No",,"",,,,,,,,,,"No","No","No","No","Yes","No","No","No","No","No","No","No","No","No","No","No","No","No","No","No","No",,,,,,,,,,,,,,,,,"No","No","Yes","No","No","No","No","No","No","No",,"No","Yes"
"38-34-24-20","BEANS/COWPEA","0.7","Yes","No",,,"",,,,"",,,,,,,,,,,,,"",,,"",,,"","No",,"",,"",,,"","No",,"",,,,,,,,,,"No","No","No","No","Yes","No","No","No","No","No","No","No","No","No","No","No","No","No","No","No","No",,,,,,,,,,,,,"Yes",,,,"No","No","Yes","No","No","No","No","No","No","No",,"No","No"
"38-34-24-20","MAIZE","0.7","Yes","No",,,"",,,,"",,,,,,,,,,,,,"",,,"",,,"","No",,"",,"",,,"","No",,"",,,,,,,,,,"No","No","Yes","No",,"No","No","No","No","No","No","No","No","No","No","No","No","No","No","No","No",,,,,,,,,,,,,,,,,"No","No","Yes","No","No","No","No","No","No","No",,"No","No"
"38-34-24-20","GREEN VEGETABLE","0.3","No","Yes",1.5,"Kilograms","","No",,,"",,,,,,,,,,,1,"Kilograms","","0",,"",.5,"Kilograms","","No","0","",,"",,,"","No",,"",,,,,,,,,,"No","No","Yes","No",,"No","No","No","No","No","No","No","No","No","No","No","No","No","No","No","No",,,,,,,,,,,,,,,,,"No","No","Yes","No","No","No","No","No","No","No",,"No","No"
"38-26-85-56","BEANS/COWPEA","3","Yes","No",,,"",,,,"",,,,,,,,,,,,,"",,,"",,,"","No",,"",,"",,,"","No",,"",,,,,,,,,,"No","No","No","No","Yes","No","No","No","No","No","No","No","No","No","No","No","No","No","No","No","No",,,,,,,,,,,,,"Yes",,,,"No","No","Yes","No","No","No","No","No","No","No",,"Yes","No"
"38-26-85-56","MAIZE","3","Yes","Yes",2,"100 kg bag","","No",,,"",,,,,,,,,,,1,"50 kg bag","","0",,"",1,"50 kg bag","","Yes","0","",,"","1","90 kg bag","","No",,"",,,,,,,,,,"No","No","Yes","No",,"No","No","No","No","No","No","No","No","No","No","No","No","No","No","No","No",,,,,,,,,,,,,,,,,"No","No","Yes","No","No","No","No","No","No","No",,"Yes","No"
"71-71-39-84","MAIZE","1","Yes","Yes",2,"100 kg bag","","No",,,"",,,,,,,,,,,1,"100 kg bag","","0",,"",10,"Kilograms","","Yes","0","",,"","1","100 kg bag","","No",,"",,,,,,,,,,"No","No","Yes","No",,"No","No","No","No","No","No","No","No","No","No","No","No","No","No","No","No",,,,,,,,,,,,,,,,,"No","No","Yes","No","No","No","No","No","No","No",,"Yes","No"
"71-71-39-84","GREEN VEGETABLE","1","Yes","Yes",5,"Gorogoro","","No",,,"",,,,,,,,,,,4,"Gorogoro","","0",,"",1,"Gorogoro","","No","0","",,"",,,"","No",,"",,,,,,,,,,"No","No","Yes","No",,"No","No","No","No","No","No","No","No","No","No","No","No","No","No","No","No",,,,,,,,,,,,,"Yes",,,,"No","No","Yes","No","No","No","No","No","No","No",,"Yes","No"
"52-15-60-99","MAIZE","3","No","No",,,"",,,,"",,,,,,,,,,,,,"",,,"",,,"","No",,"",,"",,,"","Yes","River/ stream","","No","No","No","No","Yes","No","No","No",,"No","No","Yes","No","No","No","No","No","No","No","No","No","No","No","No","No","No","No","No","No","No",,,,,,,,,,,,,,,,,"No","No","No","No","Yes","No","No","No","No","No",,"No","No"
"82-73-01-57","MAIZE","1","No","Yes",7,"90 kg bag","","No",,,"",,,,,,,,,,,1,"90 kg bag","","0",,"",0,,"","Yes","0","",,"","6","90 kg bag","","Yes","River/ stream","","No","No","No","No","Yes","No","No","No",,"No","No","No","No","Yes","No","No","No","No","No","No","No","No","No","No","No","No","No","No","No","No",,,,,,,,,,,,,,,,,"No","Yes",,,,,,,,,,"Yes","Yes"
"89-62-46-70","MAIZE","0.5","No","No",,,"",,,,"",,,,,,,,,,,,,"",,,"",,,"","No",,"",,"",,,"","Yes","River/ stream","","No","No","No","No","Yes","No","No","No",,"No","No",,"No","Yes","No","No","No","No","No","No","No","No","No","No","No","No","No","No","No","No",,,,,,,,,,,,,,,,,"No","Yes",,,,,,,,,,"Yes","Yes"
"54-18-77-83","MAIZE","1.5","No","No",,,"",,,,"",,,,,,,,,,,,,"",,,"",,,"","No",,"",,"",,,"","No",,"",,,,,,,,,,"No","No","Yes","No","No","No","No",,"No","No","No","No","No","No","No","No","No","No","No","No","No",,,,,,,,,,,,,,,,,"No","No","Yes",,"No","No","No","No","No","No",,"No","No"
"33-07-96-51","MAIZE","1","No","No",,,"",,,,"",,,,,,,,,,,,,"",,,"",,,"","No",,"",,"",,,"","Yes","River/ stream","","No","No","No","No","Yes","No","No","No",,"No","No","No","No","Yes","No","No","No","No","No","No","No","No","No","No","No","No","No","No",,"No",,,,,,,,,,,,,,,,,"No","Yes",,,,,,,,,,"Yes","Yes"
"10-60-87-78","MAIZE","1","No","Yes",4,"90 kg bag","","No",,,"",,,,,,,,,,,3,"90 kg bag","","0",,"",0,,"","Yes","0","",,"","1","90 kg bag","","Yes","River/ stream","","No","No","No","No","Yes","No","No","No",,"No","No","No","No","Yes","No","No",,"No","No","No","No","No","No","No","No","No","No","No","No","No",,,,,,,,,,,,,,,,,"No","Yes",,,,,,,,,,"Yes","Yes"
"94-01-94-60","MAIZE","3","No","No",,,"",,,,"",,,,,,,,,,,,,"",,,"",,,"","No",,"",,"",,,"","No",,"",,,,,,,,,,"No","No",,"No","Yes","No","No",,"No","No","No","No","No","No","No","No","No","No","No","No","No",,,,,,,,,,,,,,,,,"Yes","No","No","No","No","No","No","No","Yes","No",,"Yes","No"
"26-94-35-48","BEANS/COWPEA","2","Yes","No",,,"",,,,"",,,,,,,,,,,,,"",,,"",,,"","No",,"",,"",,,"","No",,"",,,,,,,,,,"No","No","No","No","Yes","No","No","No","No","No","No","No","No","No","No","No","No","No","No","No","No",,,,,,,,,,,,,,,,,"No","No","Yes","No","No","No","No","No","No","No",,"No","No"
"26-94-35-48","MAIZE","2","No","No",,,"",,,,"",,,,,,,,,,,,,"",,,"",,,"","No",,"",,"",,,"","No",,"",,,,,,,,,,"No","No","Yes","No",,"No","No","No","No","No","No","No","No","No","No","No","No","No","No","No","No",,,,,,,,,,,,,,,,,"No","No","Yes","No","No",,"No","No","No","No",,"No","No"
"34-70-02-31","MAIZE","0.5","No","No",,,"",,,,"",,,,,,,,,,,,,"",,,"",,,"","No",,"",,"",,,"","No",,"",,,,,,,,,,"No","No",,"No","Yes","No",,"No","No","No","No","No","No","No","No","No","No","No","No","No","No",,,,,,,,,,,,,,,,,"No","Yes",,,,,,,,,,"No","No"
"34-70-02-31","MILLET/MAIWA","0.1","No","Yes",10,"Kilograms","","No",,,"",,,,,,,,,,,10,"Kilograms","","0",,"",0,,"","No","0","",,"",,,"","No",,"",,,,,,,,,,"No","No","No","No","No","No","No","No","No","No","No","No","No","No","No","No","No","No","Yes","No","No",,,"Yes","No","No","No","No","No","No",,,,"Yes",,,,"No","Yes",,,,,,,,,,"No","No"
"95-85-00-75","MAIZE","1.5","No","No",,,"",,,,"",,,,,,,,,,,,,"",,,"",,,"","No",,"",,"",,,"","No",,"",,,,,,,,,,"No","No","Yes","No",,"No","No","No","No","No","No","No","No","No","No","No","No","No","No","No","No",,,,,,,,,,,,,"Yes",,,,"No","No","No","No","Yes","No","No","No","No","No",,"No","No"
"41-04-08-56","MAIZE","3","No","No",,,"",,,,"",,,,,,,,,,,,,"",,,"",,,"","No",,"",,"",,,"","No",,"",,,,,,,,,,"No","No","Yes","No","No","No","No",,"No","No","No","No","No","No","No","No","No","No","No","No","No",,,,,,,,,,,,,,,,,"No","No","No","No","Yes","No","No","No","No","No",,"No","No"
"05-33-40-10","MAIZE","0.5","No","No",,,"",,,,"",,,,,,,,,,,,,"",,,"",,,"","No",,"",,"",,,"","No",,"",,,,,,,,,,"No","No","No","No","No","No","No","Yes","No","No","No","No","No","No","No","No","No","No","No","No","No",,"Yes",,"No","No","No","No","No","No",,,,,,,,"No","No","No","Yes","No","No","No","No","No","No",,"Yes","No"
"42-16-66-43","MAIZE","3","No","No",,,"",,,,"",,,,,,,,,,,,,"",,,"",,,"","No",,"",,"",,,"","No",,"",,,,,,,,,,"No","No",,"No","Yes","No","No","No","No","No","No","No","No","No","No","No","No","No","No","No","No",,,,,,,,,,,,,,,,,"No","No","Yes","No","No","No","No","No","No","No",,"No","Yes"
"07-13-95-29","BEANS/COWPEA","1","No","Yes",400,"Kilograms","","Yes",300,"Kilograms","",100,"Yes","No","No","No","No","No","No",,,100,"Kilograms","","0",,"",0,,"","No","0","",,"",,,"","Yes","River/ stream","","No","No","No","No","Yes","No","No","No",,"No","No",,"No","Yes","No","No","No","No","No","No","No","No","No","No","No","No","No","No","No","No",,,,,,,,,,,,,,,,,"No","No","Yes","No","No","No","No","No","No","No",,"Yes","Yes"
"07-13-95-29","MAIZE","1","No","Yes",2400,"Kilograms","","Yes",2000,"Kilograms","",80,"No","No","Yes","No","No","No","No",,,400,"Kilograms","","0",,"",0,,"","No","0","",,"",,,"","Yes","River/ stream","","No","No","No","No","Yes","No","No","No",,"No","No","No","No","Yes",,"No","No","No","No",,"No","No","No","No","No","No","No","No","No","No",,,,,,,,,,,,,,,,,"No","Yes",,,,,,,,,,"Yes","Yes"
"96-93-55-42","GROUND NUT/PEANUTS","0.25","No","No",,,"",,,,"",,,,,,,,,,,,,"",,,"",,,"","No",,"",,"",,,"","No",,"",,,,,,,,,,"No","No","Yes","No",,"No","No",,"No","No","No","No","No","No","No","No","No","No","No","No","No",,"No","Yes","No","No","No","No","No","No",,,,,,,,"No","No","No","No","No","No","No","No","Yes","No",,"No","No"
"96-93-55-42","MAIZE","0.75","Yes","No",,,"",,,,"",,,,,,,,,,,,,"",,,"",,,"","No",,"",,"",,,"","No",,"",,,,,,,,,,"No","No",,"No","Yes","No","No","No","No","No","No","No","No","No","No","No","No","No","No","No","No",,,,,,,,,,,,,"Yes",,,,"Yes","No","Yes","No","No","No","No","No","No","No",,"No","No"
"96-93-55-42","MILLET/MAIWA","0.75","Yes","No",,,"",,,,"",,,,,,,,,,,,,"",,,"",,,"","No",,"",,"",,,"","No",,"",,,,,,,,,,,"No","No","No","Yes","No","No","No","No","No","No","No","No","No","No","No","No","No","No","No","No",,"No","No","No","No","No","No","Yes","No",,,,,,,,"Yes","No","Yes","No","No","No","No","No",,"No",,"No","No"
"40-51-79-00","MAIZE","0.5","No","No",,,"",,,,"",,,,,,,,,,,,,"",,,"",,,"","No",,"",,"",,,"","No",,"",,,,,,,,,,"No","No","Yes","No","No","No","No",,"No","No","No","No","No","No","No","No","No","No","No","No","No",,,,,,,,,,,,,,,,,"Yes","No","No","No","No","No","No","No","Yes","No",,"Yes","No"
"80-05-91-55","MAIZE","4","No","No",,,"",,,,"",,,,,,,,,,,,,"",,,"",,,"","No",,"",,"",,,"","No",,"",,,,,,,,,,"No","No","No","No","Yes","No","No","No","No","No","No","No","No","No","No","No","No","No","No","No","No",,,,,,,,,,,,,,,,,"No","No","No","No","Yes","No","No","No","No","No",,"No","No"
"78-46-05-26","MAIZE","2","No","No",,,"",,,,"",,,,,,,,,,,,,"",,,"",,,"","No",,"",,"",,,"","No",,"",,,,,,,,,,"No","No","Yes","No","No","No","No",,"No","No","No","No","No","No","No","No","No","No","No","No","No",,,,,,,,,,,,,,,,,"No","No","Yes",,"No","No","No","No","No","No",,"No","Yes"
"21-65-85-03","MAIZE","1.5","No","No",,,"",,,,"",,,,,,,,,,,,,"",,,"",,,"","No",,"",,"",,,"","No",,"",,,,,,,,,,"No","No","No","No","Yes","No","No","No","No","No","No","No","No","No","No","No","No","No","No","No","No",,,,,,,,,,,,,,,,,"No","No","Yes",,"No","No","No","No","No","No",,"Yes","No"
"03-81-70-83","MAIZE","1","No","Yes",1000,"Kilograms","","Yes",800,"Kilograms","",84,"No","No","Yes","No","No","No","No",,,200,"Kilograms","","0",,"",0,,"","No","0","",,"",,,"","Yes","River/ stream","","No","No","No","No","Yes","No","No","No",,"No","No",,"No","Yes","No","No","No","No","No","No","No","No","No","No","No","No","No","No","No","No",,,,,,,,,,,,,,,,,"No","Yes",,,,,,,,,,"Yes","Yes"
"94-65-34-20","BEANS/COWPEA","1","Yes","Yes",2,"Gorogoro","","No",,,"",,,,,,,,,,,2,"Gorogoro","","0",,"",0,,"","No","0","",,"",,,"","No",,"",,,,,,,,,,"No","No","Yes","No","No","No","No","No","No","No","No","No","No","No","No","No","No","No","No","No","No",,,,,,,,,,,,,,,,,"No","No","Yes","No","No","No","No","No","No","No",,"No","No"
"94-65-34-20","MAIZE","4","No","No",,,"",,,,"",,,,,,,,,,,,,"",,,"",,,"","No",,"",,"",,,"","No",,"",,,,,,,,,,"No","No","Yes","No",,"No","No","No","No","No","No","No","No","No","No","No","No","No","No","No","No",,,,,,,,,,,,,,,,,"No","No","Yes","No","No","No","No","No","No","No",,"No","No"
"17-73-42-21","BEANS/COWPEA","1.5","Yes","Yes",8,"Gorogoro","","No",,,"",,,,,,,,,,,5,"Gorogoro","","0",,"",2,"Gorogoro","","No","0","",,"",,,"","No",,"",,,,,,,,,,"No","No","No",,"Yes","No","No","No","No","No","No","No","No","No","No","No","No","No","No","No","No",,,,,,,,,,,,,,,,,"No","No","Yes","No","No","No","No","No","No","No",,"No","Yes"
"17-73-42-21","MAIZE","1.5","Yes","No",,,"",,,,"",,,,,,,,,,,,,"",,,"",,,"","No",,"",,"",,,"","No",,"",,,,,,,,,,"No","No","Yes","No",,"No","No","No","No","No","No","No","No","No","No","No","No","No","No","No","No",,,,,,,,,,,,,,,,,"No","No","Yes","No","No","No","No","No","No","No",,"No","Yes"
"97-62-36-16","MAIZE","0.5","No","No",,,"",,,,"",,,,,,,,,,,,,"",,,"",,,"","No",,"",,"",,,"","No",,"",,,,,,,,,,"No","No","Yes","No","No","No","No","No","No","No","No","No","No","No","No","No","No","No","No",,"No",,,,,,,,,,,,,,,,,"No","Yes",,,,,,,,,,"Yes","No"
"97-62-36-16","MILLET/MAIWA","0.5","No","No",,,"",,,,"",,,,,,,,,,,,,"",,,"",,,"","No",,"",,"",,,"","No",,"",,,,,,,,,,"No","No","Yes","No","No","No","No",,"No","No","No",,"No","No","No","No","No","No","No","No","No",,,,,,,,,,,,,,,,,"No","No","Yes","No","No","No","No","No","No","No",,"No","No"
"95-19-67-91","MAIZE","6","No","No",,,"",,,,"",,,,,,,,,,,,,"",,,"",,,"","No",,"",,"",,,"","No",,"",,,,,,,,,,"No","No","Yes","No",,"No","No","No","No","No","No","No","No","No","No","No","No","No","No","No","No",,,,,,,,,,,,,,,,,"No","No","No","No","Yes","No","No","No","No","No",,"No","No"
"90-10-35-11","MAIZE","1.5","No","Yes",2900,"Kilograms","","Yes",1800,"Kilograms","",60,"No","Yes","No","No","No","No","No",,,200,"Kilograms","","0",,"",0,,"","Yes","0","",,"","900","Kilograms","","Yes","Well/borehole","","No","No","No","No","Yes","No","No","No",,"No","No","Yes","No",,"No","No",,"No","No","No","No","No","No","No","No","No","No","No","No","No",,,,,,,,,,,,,,,,,"No","Yes",,,,,,,,,,"Yes","Yes"
"90-10-35-11","TOMATO","1","No","Yes",61,"Crates","","Yes",60,"Crates","",4000,"No","Yes","No","No","No","No","No",,,1,"Crates","","0",,"",0,,"","No","0","",,"",,,"","Yes","River/ stream","","No","No","No","No","Yes","No","No","No",,"No","No",,"No","Yes","No","No","No","No","No","No","No","No","No","No","No","No","No","No","No","No",,,,,,,,,,,,,,,,,"No","Yes",,,,,,,,,,"Yes","Yes"
"91-87-02-88","MAIZE","4","No","No",,,"",,,,"",,,,,,,,,,,,,"",,,"",,,"","No",,"",,"",,,"","No",,"",,,,,,,,,,"No","No","Yes","No","No","No","No","No","No","No","No","No","No","No","No","No","No","No","No","No","No",,,,,,,,,,,,,,,,,"No","No","No","No","Yes","No","No","No","No","No",,"No","No"
"54-62-08-69","BEANS/COWPEA","2.5","Yes","No",,,"",,,,"",,,,,,,,,,,,,"",,,"",,,"","No",,"",,"",,,"","No",,"",,,,,,,,,,"Yes","No","No","No",,"No","No","No","No","No","No","No","No","No","No","No","No","No","No","No","No",,,,,,,,,,,,,,,,,"Yes","Yes",,,,,,,,,,"Yes","Yes"
"54-62-08-69","MAIZE","2.5","Yes","No",,,"",,,,"",,,,,,,,,,,,,"",,,"",,,"","No",,"",,"",,,"","No",,"",,,,,,,,,,"No","No","Yes","No","No","No","No","No","No","No","No","No","No","No","No","No","No","No","No",,"No",,,,,,,,,,,,,,,,,"Yes","Yes",,,,,,,,,,"Yes","Yes"
"08-23-42-65","MAIZE","2","No","No",,,"",,,,"",,,,,,,,,,,,,"",,,"",,,"","No",,"",,"",,,"","No",,"",,,,,,,,,,"No","No","Yes","No","No","No","No","No","No","No","No","No","No","No","No","No","No","No","No","No","No",,,,,,,,,,,,,,,,,"No","No","No","No","Yes","No","No","No","No","No",,"No","No"
"59-85-68-42","MAIZE","1","No","Yes",8,"90 kg bag","","No",,,"",,,,,,,,,,,8,"90 kg bag","","0",,"",0,,"","No","0","",,"",,,"","Yes","River/ stream","","No","No","No","No","Yes","No","No","No",,"No","No",,"No","Yes","No","No","No","No","No","No","No","No","No","No","No","No","No","No","No","No",,,,,,,,,,,,,,,,,"No","Yes",,,,,,,,,,"Yes","Yes"
"75-58-20-42","MAIZE","2","No","No",,,"",,,,"",,,,,,,,,,,,,"",,,"",,,"","No",,"",,"",,,"","No",,"",,,,,,,,,,"No","No","No","Yes","No","No","No","No","No","No","No","No","No","No","No","No","No","No","No",,"No",,,,,,,,,,,,,,,,,"No","No","Yes","No","No","No","No","No",,"No",,"Yes","Yes"
"00-68-70-04","BEANS/COWPEA","1","Yes","Yes",32,"Kilograms","","No",,,"",,,,,,,,,,,2,"Kilograms","","0",,"",0,,"","Yes","0","",,"","30","Kilograms","","No",,"",,,,,,,,,,"No","No","No","No","Yes","No","No","No","No","No","No","No","No","No","No","No","No","No","No","No","No",,,,,,,,,,,,,,,,,"No","Yes",,,,,,,,,,"Yes","No"
"00-68-70-04","MAIZE","1","Yes","No",,,"",,,,"",,,,,,,,,,,,,"",,,"",,,"","No",,"",,"",,,"","No",,"",,,,,,,,,,"No","No","No","No","Yes","No","No","No","No","No","No","No","No","No","No","No","No","No","No","No","No",,,,,,,,,,,,,,,,,"No","Yes",,,,,,,,,,"Yes","No"
"00-68-70-04","MANGO","0.5","No","No",,,"",,,,"",,,,,,,,,,,,,"",,,"",,,"","No",,"",,"",,,"","No",,"",,,,,,,,,,"No","No","No","No","No","No","No","Yes","No","No","No","No","No","No","No","No","No","No","No","No","No",,"No","Yes","No","No","No","No","No","No",,,,,,,"No","Yes","No","Yes","No","No","No","No","No","No","No",,"No","No"
"07-07-62-62","MAIZE","1","No","Yes",1000,"Kilograms","","Yes",800,"Kilograms","",80,"No","No","Yes","No","No","No","No",,,200,"Kilograms","","0",,"",0,,"","No","0","",,"",,,"","Yes","River/ stream","","No","No","No","No","Yes","No","No","No",,"No","No",,"No","Yes","No","No","No","No","No","No",,"No","No","No","No","No","No","No","No","No",,,,,,,,,,,,,,,,,"No","Yes",,,,,,,,,,"Yes","Yes"
"07-07-62-62","TOMATO","0.25","No","Yes",7,"Crates","","Yes",6,"Crates","",3000,"No","Yes","No","No","No","No","No",,,1,"Crates","","0",,"",0,,"","No","0","",,"",,,"","Yes","River/ stream","","No","No","No","No","Yes","No","No","No",,"No","No","Yes","No",,,"No","No","No","No","No","No","No","No","No","No","No","No","No","No","No",,,,,,,,,,,,,,,,,"No","Yes",,,,,,,,,,"Yes","Yes"
"26-08-54-15","MAIZE","2","No","No",,,"",,,,"",,,,,,,,,,,,,"",,,"",,,"","No",,"",,"",,,"","No",,"",,,,,,,,,,"No","No","Yes","No","No","No","No",,"No","No","No","No","No","No","No","No","No","No","No","No","No",,,,,,,,,,,,,,,,,"No","No",,"Yes","No","No","No","No","No","No",,"No","No"
"39-74-73-78","MAIZE","6","No","No",,,"",,,,"",,,,,,,,,,,,,"",,,"",,,"","No",,"",,"",,,"","No",,"",,,,,,,,,,"No","No","Yes","No","No","No","No",,"No","No","No","No","No","No","No","No","No","No","No","No","No",,,,,,,,,,,,,,,,,"No","No","Yes",,"No","No","No","No","No","No",,"No","Yes"
"95-10-30-55","BEANS/COWPEA","0.5","No","Yes",10,"Kilograms","","No",,,"",,,,,,,,,,,10,"Kilograms","","0",,"",0,,"","No","0","",,"",,,"","No",,"",,,,,,,,,,"No","No","Yes","No","No",,"No","No","No","No","No","No","No","No","No","No","No","No",,"No","No",,,,,,,,,,,,,,,,,"No","No","Yes","No","No","No","No","No","No","No",,"Yes","Yes"
"95-10-30-55","MAIZE","1.5","Yes","No",,,"",,,,"",,,,,,,,,,,,,"",,,"",,,"","No",,"",,"",,,"","No",,"",,,,,,,,,,"No","No",,"No","Yes","No","No",,"No","No","No","No","No","No","No","No","No","No","No","No","No",,,,,,,,,,,,,,,,,"No","No","Yes","No","No","No","No","No","No","No",,"Yes","Yes"
"75-95-38-57","BEANS/COWPEA","1","Yes","No",,,"",,,,"",,,,,,,,,,,,,"",,,"",,,"","No",,"",,"",,,"","No",,"",,,,,,,,,,"No","No","No","No","Yes","No","No","No","No","No","No","No","No","No","No","No","No","No","No","No","No",,,,,,,,,,,,,,,,,"No","No","Yes","No","No","No","No","No","No","No",,"No","No"
"75-95-38-57","MAIZE","1","Yes","No",,,"",,,,"",,,,,,,,,,,,,"",,,"",,,"","No",,"",,"",,,"","No",,"",,,,,,,,,,"No","No",,"No","Yes","No","No","No","No","No","No","No","No","No","No","No","No","No","No","No","No",,,,,,,,,,,,,,,,,"No","No","Yes","No","No","No","No","No","No","No",,"No","No"
"91-66-07-16","MAIZE","0.5","No","No",,,"",,,,"",,,,,,,,,,,,,"",,,"",,,"","No",,"",,"",,,"","Yes","River/ stream","","No","No","No","No","Yes","No","No","No",,"No","No","Yes","No","No","No","No","No","No","No","No",,"No","No","No","No",,"No","No","No","No",,,,,,,,,,,,,,,,,"No","Yes",,,,,,,,,,"Yes","Yes"
"16-40-92-10","MAIZE","0.5","No","Yes",1200,"Kilograms","","Yes",1000,"Kilograms","",80,"No","No","Yes","No","No","No","No",,,200,"Kilograms","","0",,"",0,,"","No","0","",,"",,,"","Yes","River/ stream","","No","No","No","No","Yes","No","No","No",,"No","No",,"No","Yes","No","No","No","No","No","No","No","No","No","No","No","No","No","No","No","No",,,,,,,,,,,,,,,,,"No","Yes",,,,,,,,,,"Yes","Yes"
"93-05-25-38","MAIZE","3","No","No",,,"",,,,"",,,,,,,,,,,,,"",,,"",,,"","No",,"",,"",,,"","No",,"",,,,,,,,,,"No","No","Yes","No","No","No","No",,"No","No","No","No","No","No","No","No","No","No","No","No","No",,,,,,,,,,,,,,,,,"No","No","Yes",,"No","No","No","No","No","No",,"No","No"
"59-77-15-06","BEANS/COWPEA","4","Yes","Yes",5,"Kilograms","","No",,,"",,,,,,,,,,,5,"Kilograms","","0",,"",0,,"","No","0","",,"",,,"","No",,"",,,,,,,,,,"No","No","No","No","Yes","No","No","No","No","No","No","No","No","No","No","No","No","No","No","No","No",,,,,,,,,,,,,"Yes",,,,"No","No","Yes","No","No","No","No","No","No","No",,"No","Yes"
"59-77-15-06","MAIZE","4","Yes","No",,,"",,,,"",,,,,,,,,,,,,"",,,"",,,"","No",,"",,"",,,"","No",,"",,,,,,,,,,"No","No","Yes","No",,"No","No","No","No","No","No","No","No","No","No","No","No","No","No","No","No",,,,,,,,,,,,,,,,,"No","No","Yes","No","No","No","No","No","No","No",,"No","Yes"
"38-02-62-89","MAIZE","3","No","No",,,"",,,,"",,,,,,,,,,,,,"",,,"",,,"","No",,"",,"",,,"","No",,"",,,,,,,,,,"No","No","Yes","No","No","No","No",,"No","No","No","No","No","No","No","No","No","No","No","No","No",,,,,,,,,,,,,,,,,"No","No","No","Yes","No","No","No","No","No","No",,"No","No"
"81-78-91-05","MAIZE","0.5","No","No",,,"",,,,"",,,,,,,,,,,,,"",,,"",,,"","No",,"",,"",,,"","Yes","River/ stream","","No","No","No","No","Yes","No","No","No",,"No","No","Yes","No","No","No","No","No","No","No","No","No","No","No","No","No","No",,"No","No","No",,,,,,,,,,,,,,,,,"No","Yes",,,,,,,,,,"Yes","Yes"
"81-78-91-05","TOMATO","0.5","No","Yes",5,"Other (please specify)","probox car","Yes",4,"Other (please specify)","Probox car",40000,"No","Yes","No","No","No","No","No",,,1,"Other (please specify)","Probox","0",,"",0,,"","No","0","",,"",,,"","Yes","River/ stream","","No","No","No","No","Yes","No","No","No",,"Yes","No","No","No",,"No","No","No","No","No","No","No","No","No","No","No","No","No","No","No","No",,,,,,,,,,,,,,,,,"No","Yes",,,,,,,,,,"Yes","Yes"
"47-09-64-37","MAIZE","2","No","No",,,"",,,,"",,,,,,,,,,,,,"",,,"",,,"","No",,"",,"",,,"","No",,"",,,,,,,,,,"No","No","Yes","No","No","No","No",,"No","No","No","No","No","No","No","No","No","No","No","No","No",,,,,,,,,,,,,,,,,"No","No","No","Yes","No","No","No","No","No","No",,"No","No"
"34-25-65-08","BEANS/COWPEA","2.5","Yes","Yes",20,"Kilograms","","No",,,"",,,,,,,,,,,20,"Kilograms","","0",,"",0,,"","No","0","",,"",,,"","No",,"",,,,,,,,,,"Yes","No","No","No",,"No","No","No","No","No","No","No","No","No","No","No","No","No","No","No","No",,,,,,,,,,,,,,,,,"No","Yes",,,,,,,,,,"Yes","No"
"34-25-65-08","MAIZE","2.5","Yes","Yes",2,"90 kg bag","","No",,,"",,,,,,,,,,,2,"90 kg bag","","0",,"",0,,"","No","0","",,"",,,"","No",,"",,,,,,,,,,"No","No","No","Yes","No","No","No","No","No","No","No","No","No","No","No","No","No","No","No",,"No",,,,,,,,,,,,,,,,,"No","Yes",,,,,,,,,,"Yes","No"
"34-25-65-08","MILLET/MAIWA","0.5","No","No",,,"",,,,"",,,,,,,,,,,,,"",,,"",,,"","No",,"",,"",,,"","No",,"",,,,,,,,,,"Yes","No",,"No","No","No","No","No","No","No","No","No","No","No","No","No","No","No","No",,"No",,,,,,,,,,,,,,,,,"No","No","Yes","No","No","No","No","No","No","No",,"Yes","No"
"86-44-30-89","BEANS/COWPEA","3","Yes","Yes",10,"Kilograms","","No",,,"",,,,,,,,,,,10,"Kilograms","","0",,"",0,,"","No","0","",,"",,,"","No",,"",,,,,,,,,,"No","No","Yes","No",,"No","No",,"No","No","No","No","No","No","No","No","No","No","No","No","No",,,,,,,,,,,,,,,,,"No","No","No","Yes","No","No","No","No","No","No",,"No","Yes"
"86-44-30-89","MAIZE","3","Yes","No",,,"",,,,"",,,,,,,,,,,,,"",,,"",,,"","No",,"",,"",,,"","No",,"",,,,,,,,,,"No","No","Yes","No",,"No","No","No","No","No","No","No","No","No","No","No","No","No","No","No","No",,,,,,,,,,,,,,,,,"Yes","No","No","Yes","No","No","No","No","No","No",,"No","Yes"
"56-65-93-48","MAIZE","1","No","No",,,"",,,,"",,,,,,,,,,,,,"",,,"",,,"","No",,"",,"",,,"","No",,"",,,,,,,,,,"No","No","Yes","No","No","No","No",,"No","No","No","No","No","No","No","No","No","No","No","No","No",,,,,,,,,,,,,,,,,"No","No","Yes",,"No","No","No","No","No","No",,"No","Yes"
"66-39-11-55","MAIZE","1","No","No",,,"",,,,"",,,,,,,,,,,,,"",,,"",,,"","No",,"",,"",,,"","Yes","River/ stream","","No","No","No","No","Yes","No","No","No",,"No","No","Yes","No",,"No","No","No","No","No","No","No","No","No","No","No","No","No","No","No","No",,,,,,,,,,,,,,,,,"No","Yes",,,,,,,,,,"No","Yes"
"66-39-11-55","GREEN GRAMS","1.5","No","Yes",3,"100 kg bag","","Yes",2,"100 kg bag","",11000,"No","Yes","No","No","No","No","No",,,1,"100 kg bag","","0",,"",0,,"","No","0","",,"",,,"","Yes","River/ stream","","No","No","No","No","Yes","No","No","No",,"Yes","No",,"No","No","No","No","No","No","No","No","No","No","No","No","No",,"No","No","No","No",,,,,,,,,,,,,,,,,"No","Yes",,,,,,,,,,"Yes","Yes"
"27-47-38-04","OKRO","0.25","Yes","No",,,"",,,,"",,,,,,,,,,,,,"",,,"",,,"","No",,"",,"",,,"","Yes","River/ stream","","No","No","Yes","No","No","No","No","No",,"No","No","No","No","Yes","No","No",,"No","No","No","No","No","No","No","No","No","No","No","No","No",,,,,,,,,,,,,,,,,"Yes","No","No","No","No","No","No","No","Yes","No",,"Yes","No"
"27-47-38-04","GREEN VEGETABLE","0.25","Yes","Yes",30,"Kilograms","","No",,,"",,,,,,,,,,,30,"Kilograms","","0",,"",0,,"","No","0","",,"",,,"","Yes","River/ stream","","No","No","Yes","No","No","No","No","No",,"No","No",,"No","Yes","No","No","No","No","No","No","No","No","No","No","No","No","No","No","No","No",,,,,,,,,,,,,,,,,"Yes","No","No","No","No","No","No","No","Yes","No",,"Yes","No"
"27-47-38-04","SUGAR CANE","0.25","Yes","No",,,"",,,,"",,,,,,,,,,,,,"",,,"",,,"","No",,"",,"",,,"","Yes","River/ stream","","No","No","Yes","No","No","No","No","No",,"No","No",,"No","Yes","No","No","No","No","No","No","No","No","No","No","No","No","No","No","No","No",,"No","No","No","No","No","No","Yes","No",,,,"Yes",,,"No","Yes","No","No","No","No","No","No","No","Yes","No",,"Yes","No"
"27-47-38-04","AVOCADO PEAR","0.25","Yes","No",,,"",,,,"",,,,,,,,,,,,,"",,,"",,,"","No",,"",,"",,,"","Yes","River/ stream","","No","No","Yes","No","No","No","No","No",,,"No","Yes","No","No","No","No","No","No","No","No","No","No","No","No","No","No","No","No","No","No",,"No","No","No","No","No","No","Yes","No",,,,,,,,"Yes","No","No","No","No","No","No","No","Yes","No",,"Yes","No"
"84-33-11-24","MAIZE","2","No","No",,,"",,,,"",,,,,,,,,,,,,"",,,"",,,"","No",,"",,"",,,"","No",,"",,,,,,,,,,"No","No","Yes","No","No","No","No",,"No","No","No","No","No","No","No","No","No","No","No","No","No",,,,,,,,,,,,,,,,,"No","No","Yes",,"No","No","No","No","No","No",,"No","Yes"
"79-96-52-99","MAIZE","2.5","No","No",,,"",,,,"",,,,,,,,,,,,,"",,,"",,,"","No",,"",,"",,,"","No",,"",,,,,,,,,,"No","No","No","No","Yes","No","No","No","No","No","No","No","No","No","No","No","No","No","No","No","No",,,,,,,,,,,,,,,,,"No","No","No","No","Yes","No","No","No","No","No",,"No","No"
"18-88-95-82","MAIZE","1","No","No",,,"",,,,"",,,,,,,,,,,,,"",,,"",,,"","No",,"",,"",,,"","No",,"",,,,,,,,,,"No","No","No","No","Yes","No","No","No","No","No","No","No","No","No","No","No","No","No","No","No","No",,,,,,,,,,,,,,,,,"No","No","No","No","Yes","No","No","No","No","No",,"No","No"
"29-40-66-47","MAIZE","2","No","No",,,"",,,,"",,,,,,,,,,,,,"",,,"",,,"","No",,"",,"",,,"","Yes","Others, specify","Lake","No","No","No","No","Yes","No","No","No",,"No","No","Yes","No","No","No","No","No","No","No","No","No","No","No","No","No","No","No","No",,"No",,,,,,,,,,,,,,,,,"No","No","Yes","No","No","No","No","No","No","No",,"Yes","Yes"
"79-71-02-69","MAIZE","1","No","No",,,"",,,,"",,,,,,,,,,,,,"",,,"",,,"","No",,"",,"",,,"","Yes","River/ stream","","No","No","No","No","Yes","No","No","No",,"No","No",,"No","Yes","No","No",,"No","No","No","No","No","No","No","No","No","No","No","No","No",,,,,,,,,,,,,,,,,"No","No","Yes","No","No","No","No","No","No","No",,"Yes","Yes"
"91-40-38-85","MAIZE","0.5","No","No",,,"",,,,"",,,,,,,,,,,,,"",,,"",,,"","No",,"",,"",,,"","Yes","River/ stream","","No","No","No","No","Yes","No","No","No",,"No","No","No","No","Yes",,,"No","No","No","No","No","No","No","No","No","No","No","No","No","No",,,,,,,,,,,,,,,,,"No","No","Yes","No","No","No","No","No","No","No",,"No","No"
"17-33-53-75","GROUND NUT/PEANUTS","0.5","Yes","No",,,"",,,,"",,,,,,,,,,,,,"",,,"",,,"","No",,"",,"",,,"","No",,"",,,,,,,,,,"No","No","No","No","Yes","No","No","No","No","No","No","No","No","No","No","No","No","No","No","No","No",,"No",,"No","No","No","No","Yes","No",,,,,,,,"No","No","No","No","No","No","No","No","Yes","No",,"No","No"
"17-33-53-75","MILLET/MAIWA","0.5","Yes","No",,,"",,,,"",,,,,,,,,,,,,"",,,"",,,"","No",,"",,"",,,"","No",,"",,,,,,,,,,,"No","No","No","Yes","No","No","No","No","No","No","No","No","No","No","No","No","No","No","No","No",,"No","Yes","No","No","No","No","No","No",,,,"Yes",,,,"No","No","No","No","No","No","No","No","Yes","No",,"No","No"
"17-33-53-75","GREEN GRAMS","0.5","Yes","No",,,"",,,,"",,,,,,,,,,,,,"",,,"",,,"","No",,"",,"",,,"","No",,"",,,,,,,,,,"Yes","No","No","No",,"No","No","No","No","No","No","No","No","No","No","No","No","No","No","No","No",,"No","No","No","No","No","No","Yes","No",,,,"Yes",,,,"No","No","No","No","No","No","No","No","Yes","No",,"No","No"
"48-20-09-62","BEANS/COWPEA","4","Yes","Yes",16,"Gorogoro","","No",,,"",,,,,,,,,,,10,"Gorogoro","","0",,"",4,"Gorogoro","","Yes","0","",,"","4","Gorogoro","","No",,"",,,,,,,,,,"No","No","No","No","Yes","No","No","No","No","No","No","No","No","No","No","No","No","No","No","No","No",,,,,,,,,,,,,,,,,"No","No","Yes","No","No","No","No","No","No","No",,"No","Yes"
"48-20-09-62","MAIZE","3","Yes","No",,,"",,,,"",,,,,,,,,,,,,"",,,"",,,"","No",,"",,"",,,"","No",,"",,,,,,,,,,"No","No","No","No","Yes","No","No","No","No","No","No","No","No","No","No","No","No","No","No","No","No",,,,,,,,,,,,,,,,,"No","No","Yes","No","No","No","No","No","No","No",,"No","Yes"
"48-20-09-62","GREEN VEGETABLE","0.2","No","No",,,"",,,,"",,,,,,,,,,,,,"",,,"",,,"","No",,"",,"",,,"","Yes","Well/borehole","","No","No","No","No","Yes","No","No","No",,"No","No","No","No","Yes","No","No","No","No","No","No","No","No","No","No","No","No","No","No","No","No",,,,,,,,,,,,,,,,,"No","No","Yes","No","No","No","No","No","No","No",,"No","No"
"29-88-28-45","MAIZE","0.5","No","Yes",2,"90 kg bag","","No",,,"",,,,,,,,,,,1,"90 kg bag","","0",,"",0,,"","Yes","0","",,"","1","90 kg bag","","Yes","River/ stream","","No","No","No","No","Yes","No","No","No",,"No","No","No","No",,"No","No","Yes","No","No","No","No","No","No","No","No","No","No","No","No","No",,,,,,,,,,,,,,,,,"No","No","No","Yes","No","No","No","No","No","No",,"Yes","Yes"
"56-67-61-31","MAIZE","1","No","No",,,"",,,,"",,,,,,,,,,,,,"",,,"",,,"","No",,"",,"",,,"","Yes","River/ stream","","No","No","No","No","Yes","No","No","No",,"No","No","No","No",,"No","No","Yes","No","No","No","No","No","No","No","No","No","No","No","No","No",,,,,,,,,,,,,,,,,"No","Yes",,,,,,,,,,"Yes","Yes"
"75-50-72-64","MAIZE","2","No","Yes",3.5,"100 kg bag","","No",,,"",,,,,,,,,,,3,"Debe","","0",,"",2,"Gorogoro","","Yes","0","",,"","2","100 kg bag","","No",,"",,,,,,,,,,"No","No",,"No","Yes","No","No","No","No","No","No","No","No","No","No","No","No","No","No","No","No",,,,,,,,,,,,,,,,,"No","No","Yes","No","No","No","No","No","No","No",,"No","Yes"
"13-68-33-58","MAIZE","1","No","No",,,"",,,,"",,,,,,,,,,,,,"",,,"",,,"","No",,"",,"",,,"","No",,"",,,,,,,,,,"No","No","Yes","No","No","No","No","No","No","No","No","No","No","No","No","No","No","No","No","No",,,,,,,,,,,,,,,,,,"No","No",,"Yes","No","No","No","No","No","No",,"No","Yes"
"67-51-21-12","MAIZE","0.5","Yes","Yes",2,"90 kg bag","","No",,,"",,,,,,,,,,,2,"90 kg bag","","0",,"",0,,"","No","0","",,"",,,"","Yes","River/ stream","","No","No","No","No","Yes","No","No","No",,"No","No","No","No","Yes",,"No","No","No","No","No","No","No","No","No","No","No","No","No","No","No",,,,,,,,,,,,,,,,,"No","Yes",,,,,,,,,,"Yes","No"
"67-51-21-12","MILLET/MAIWA","0.5","Yes","Yes",45,"Kilograms","","Yes",10,"Kilograms","",100,"No","Yes","No","No","No","No","No",,,35,"Kilograms","","0",,"",0,,"","No","0","",,"",,,"","No",,"",,,,,,,,,,"No","No","No","No",,"No","No","Yes","No","No","No","No","No","No","No","No","No","No","No","No","No",,"No","Yes","No","No","No","No","No","No",,,,,,,,"No","No","Yes","No","No","No","No","No","No","No",,"No","No"
"23-95-53-31","MAIZE","0.5","No","No",,,"",,,,"",,,,,,,,,,,,,"",,,"",,,"","No",,"",,"",,,"","No",,"",,,,,,,,,,"No","No","Yes","No",,"No","No","No","No","No","No","No","No","No","No","No","No","No","No","No","No",,,,,,,,,,,,,,,,,"Yes","No","No","No","No","No","No","No","Yes","No",,"No","No"
"76-83-42-25","MAIZE","0.5","No","Yes",9,"90 kg bag","","No",,,"",,,,,,,,,,,8,"90 kg bag","","0",,"",1,"90 kg bag","","No","0","",,"",,,"","Yes","River/ stream","","No","No","No","No","Yes","No","No","No",,"No","No","No","No","Yes",,,"No","No","No","No","No","No","No","No","No","No","No","No","No","No",,,,,,,,,,,,,,,,,"No","No","Yes","No","No","No","No","No","No","No",,"Yes","Yes"
"34-04-41-33","MAIZE","3.5","No","No",,,"",,,,"",,,,,,,,,,,,,"",,,"",,,"","No",,"",,"",,,"","No",,"",,,,,,,,,,"No","No","No","No","Yes","No","No",,"No","No","No","No","No","No","No","No","No","No","No","No","No",,,,,,,,,,,,,,,,,"No","No","No","No","Yes","No","No","No","No","No",,"No","No"
"65-40-10-81","BEANS/COWPEA","2","Yes","Yes",40,"Kilograms","","No",,,"",,,,,,,,,,,20,"Kilograms","","0",,"",0,,"","Yes","0","",,"","20","Kilograms","","No",,"",,,,,,,,,,"No","No",,"No","Yes","No","No",,"No","No","No","No","No","No","No","No","No","No","No","No","No",,,,,,,,,,,,,,,,,"Yes","No","No","Yes","No","No","No","No",,"No",,"No","Yes"
"65-40-10-81","MAIZE","2","Yes","No",,,"",,,,"",,,,,,,,,,,,,"",,,"",,,"","No",,"",,"",,,"","No",,"",,,,,,,,,,"No","No","No","No","Yes","No",,,"No","No","No","No","No","No","No","No","No","No","No","No","No",,,,,,,,,,,,,,,,,"Yes","No","No","Yes","No","No","No","No",,"No",,"No","Yes"
"32-27-90-36","MAIZE","0.25","No","No",,,"",,,,"",,,,,,,,,,,,,"",,,"",,,"","No",,"",,"",,,"","No",,"",,,,,,,,,,"No","No","Yes","No","No","No","No","No","No","No","No","No","No","No","No","No","No",,"No",,"No",,,,,,,,,,,,,,,,,"Yes","No","Yes","No","No","No","No","No","No","No",,"Yes","Yes"
"32-27-90-36","GREEN GRAMS","0.75","No","Yes",20,"Kilograms","","No",,,"",,,,,,,,,,,10,"Kilograms","","0",,"",0,,"","Yes","0","",,"","10","Kilograms","","No",,"",,,,,,,,,,"Yes","No",,"No",,"No","No","No","No","No","No","No","No","No","No","No","No","No","No","No","No",,,,,,,,,,,,,,,,,"No","No","Yes","No","No","No","No","No","No","No",,"No","Yes"
"96-83-30-59","MAIZE","2","No","Yes",10,"90 kg bag","","No",,,"",,,,,,,,,,,2,"90 kg bag","","0",,"",0,,"","Yes","0","",,"","8","90 kg bag","","Yes","River/ stream","","No","No","No","No","Yes","No","No","No",,"No","No","No","No","Yes","No",,,"No","No","No","No","No","No","No","No","No","No","No","No","No",,,,,,,,,,,,,,,,,"No","Yes",,,,,,,,,,"Yes","Yes"
"96-83-30-59","TOMATO","1","No","No",,,"",,,,"",,,,,,,,,,,,,"",,,"",,,"","No",,"",,"",,,"","Yes","River/ stream","","No","No","No","No","Yes","No","No","No",,"Yes","No","No","No",,,"No","No","No","No","No","No","No","No","No","No","No","No","No","No","No",,,,,,,,,,,,,,,,,"No","Yes",,,,,,,,,,"Yes","Yes"
"08-93-39-25","MAIZE","1","No","No",,,"",,,,"",,,,,,,,,,,,,"",,,"",,,"","No",,"",,"",,,"","Yes","River/ stream","","No","No","No","No","Yes","No","No","No",,"No","No",,"No","Yes","No","No","No","No","No","No","No","No","No","No","No","No","No","No","No","No",,,,,,,,,,,,,,,,,"No","Yes",,,,,,,,,,"Yes","Yes"
"70-80-52-20","MAIZE","1","No","Yes",65,"Gorogoro","","No",,,"",,,,,,,,,,,20,"Gorogoro","","0",,"",0,,"","Yes","0","",,"","45","Gorogoro","","Yes","River/ stream","","No","No","No","No","Yes","No","No","No",,"No","No",,"No","Yes","No","No","No","No","No","No","No","No","No","No","No","No","No","No","No","No",,,,,,,,,,,,,,,,,"No","No","Yes","No","No","No","No","No","No","No",,"Yes","Yes"
"98-33-69-97","BEANS/COWPEA","1","Yes","Yes",16,"Gorogoro","","No",,,"",,,,,,,,,,,6,"Gorogoro","","0",,"",10,"Kilograms","","Yes","0","",,"","8","Gorogoro","","No",,"",,,,,,,,,,"No","No","No","No","Yes","No","No","No","No","No","No","No","No","No","No","No","No","No","No","No","No",,,,,,,,,,,,,,,,,"No","No",,"No","No","Yes","No","No","No","No",,"No","Yes"
"98-33-69-97","MAIZE","2.5","Yes","No",,,"",,,,"",,,,,,,,,,,,,"",,,"",,,"","No",,"",,"",,,"","No",,"",,,,,,,,,,"No","No","Yes","No",,"No","No","No","No","No","No","No","No","No","No","No","No","No","No","No","No",,,,,,,,,,,,,,,,,"No","No",,"No","No","Yes","No","No","No","No",,"No","Yes"
"28-81-45-53","MAIZE","0.5","No","Yes",6,"90 kg bag","","No",,,"",,,,,,,,,,,45,"Kilograms","","0",,"",45,"Kilograms","","Yes","0","",,"","5","90 kg bag","","Yes","River/ stream","","No","No","No","No","Yes","No","No","No",,"No","No","Yes","No","No","No","No","No","No","No","No","No","No","No","No","No","No","No",,,"No",,,,,,,,,,,,,,,,,"No","Yes",,,,,,,,,,"Yes","Yes"
"06-80-46-73","MAIZE","1","No","Yes",6,"90 kg bag","","Yes",2,"90 kg bag","",4600,"No","Yes","No","No","No","No","No",,,1,"90 kg bag","","0",,"",0,,"","Yes","0","",,"","3","90 kg bag","","Yes","River/ stream","","No","No","No","No","Yes","No","No","No",,"No","No","Yes","No","No","No","No","No","No","No","No","No","No","No","No","No",,"No","No","No","No",,,,,,,,,,,,,,,,,"No","No","Yes","No","No","No","No","No","No","No",,"Yes","Yes"
"09-02-42-42","MAIZE","1","No","No",,,"",,,,"",,,,,,,,,,,,,"",,,"",,,"","No",,"",,"",,,"","No",,"",,,,,,,,,,"No","No","Yes","No","No","No","No",,"No","No","No","No","No","No","No","No","No","No","No","No","No",,,,,,,,,,,,,,,,,"No","No","Yes",,"No","No","No","No","No","No",,"No","No"
"29-61-04-95","MAIZE","2","No","No",,,"",,,,"",,,,,,,,,,,,,"",,,"",,,"","No",,"",,"",,,"","No",,"",,,,,,,,,,"No","No","No","No","Yes","No","No","No","No","No","No","No","No","No","No","No","No","No","No","No","No",,,,,,,,,,,,,,,,,"No","No","No","Yes","No","No","No","No","No","No",,"No","No"
"39-38-75-31","MAIZE","1","No","No",,,"",,,,"",,,,,,,,,,,,,"",,,"",,,"","No",,"",,"",,,"","Yes","River/ stream","","No","No","No","No","No","Yes","No","No",,"No","No","No","No",,"No","No","Yes","No","No","No","No","No","No","No","No","No","No","No","No","No",,"No","Yes","No","No","No","No","No","No",,,,,,,,"Yes","No","Yes",,"No","No","No","No","No","No",,"No","Yes"
"30-17-77-88","BEANS/COWPEA","2","Yes","No",,,"",,,,"",,,,,,,,,,,,,"",,,"",,,"","No",,"",,"",,,"","No",,"",,,,,,,,,,"No","No","No","No","Yes","No","No","No","No","No","No","No","No","No","No","No","No","No","No","No","No",,,,,,,,,,,,,,,,,"No","No","Yes","No","No","No","No","No","No","No",,"No","Yes"
"30-17-77-88","MAIZE","2","Yes","No",,,"",,,,"",,,,,,,,,,,,,"",,,"",,,"","No",,"",,"",,,"","No",,"",,,,,,,,,,"No","No","No","No","Yes","No","No","No","No","No","No","No","No","No","No","No","No","No","No","No","No",,,,,,,,,,,,,,,,,"No","No","Yes","No","No","No","No","No","No","No",,"No","Yes"
"29-08-77-29","OTHER SPECIFY","1","No","Yes",50,"Kilograms","","Yes",50,"Kilograms","",300,"No","Yes","No","No","No","No","No",,,0,,"","0",,"",0,,"","No","0","",,"",,,"","No",,"",,,,,,,,,,"No","No","No","No","No","No","No","No","Yes","No","No","No","No","No","No","No","No","No","No","No","No",,"No","Yes","No","No","No","No","No","No",,,,,,,,"No","No","Yes","No","No","No","No","No","No","No",,"No","Yes"
"29-08-77-29","MAIZE","2","Yes","Yes",2,"90 kg bag","","No",,,"",,,,,,,,,,,2,"90 kg bag","","0",,"",0,,"","Yes","0","",,"","10","Kilograms","","Yes","Others, specify","Lake","No","No","No","No","Yes","No","No","No",,"No","No","No","No","Yes","No","No","No","No","No","No","No","No","No","No","No","No","No","No","No","No",,,,,,,,,,,,,,,,,"No","No","Yes","No","No","No","No","No","No","No",,"No","Yes"
"69-05-41-80","MAIZE","2","No","No",,,"",,,,"",,,,,,,,,,,,,"",,,"",,,"","No",,"",,"",,,"","No",,"",,,,,,,,,,"No","No","No","No","Yes","No","No",,"No","No","No","No","No","No","No","No","No","No","No","No","No",,,,,,,,,,,,,,,,,"No","No","No","No","Yes","No","No","No","No","No",,"No","No"
"21-49-13-73","BEANS/COWPEA","0.5","Yes","No",,,"",,,,"",,,,,,,,,,,,,"",,,"",,,"","No",,"",,"",,,"","No",,"",,,,,,,,,,"No","No","No","No","Yes","No","No","No","No","No","No","No","No","No","No","No","No","No","No","No","No",,,,,,,,,,,,,"Yes",,,,"No","No","Yes","No","No",,"No","No","No","No",,"No","No"
"21-49-13-73","MAIZE","0.5","Yes","No",,,"",,,,"",,,,,,,,,,,,,"",,,"",,,"","No",,"",,"",,,"","No",,"",,,,,,,,,,"No","No","No","No","Yes","No","No","No","No","No","No","No","No","No","No","No","No","No","No","No","No",,,,,,,,,,,,,"Yes",,,,"No","No","Yes","No","No",,"No","No","No","No",,"No","No"
"14-85-47-22","MAIZE","2.5","No","Yes",34,"90 kg bag","","Yes",33,"90 kg bag","",5000,"No","No","Yes","No","No","No","No",,,1,"90 kg bag","","0",,"",0,,"","No","0","",,"",,,"","Yes","Others, specify","lake","No","No","No","No","Yes","No","No","No",,"No","No","Yes","No",,"No","No","No","No","No","No","No","No","No","No","No","No","No","No","No","No",,,,,,,,,,,,,,,,,"No","Yes",,,,,,,,,,"Yes","Yes"
"53-81-07-04","MAIZE","0.5","No","Yes",4,"90 kg bag","","Yes",1,"90 kg bag","",4500,"No","Yes","No","No","No","No","No",,,1,"90 kg bag","","0",,"",0,,"","Yes","0","",,"","2","90 kg bag","","Yes","River/ stream","","No","No","No","No","Yes","No","No","No",,"No","No",,"No","Yes","No","No","No","No","No","No","No","No","No","No","No","No","No","No","No","No",,,,,,,,,,,,,,,,,"No","Yes",,,,,,,,,,"Yes","Yes"
"44-56-27-24","MAIZE","1.5","No","Yes",900,"Kilograms","","Yes",180,"Kilograms","",50,"No","Yes","No","No","No","No","No",,,45,"Kilograms","","0",,"",0,,"","Yes","0","",,"","675","Kilograms","","Yes","River/ stream","","No","No","No","No","Yes","No","No","No",,"No","No","Yes","No","No","No","No",,"No","No","No","No","No","No","No","No","No","No","No","No","No",,,,,,,,,,,,,,,,,"No","No","Yes",,"No","No","No","No","No","No",,"No","Yes"
"75-37-22-90","MAIZE","3","No","No",,,"",,,,"",,,,,,,,,,,,,"",,,"",,,"","No",,"",,"",,,"","No",,"",,,,,,,,,,"No","No",,"No","Yes","No","No",,"No","No","No","No","No","No","No","No","No","No","No","No","No",,,,,,,,,,,,,,,,,"No","No","No","Yes","No","No","No","No","No","No",,"No","Yes"
"04-57-01-84","MAIZE","2","No","No",,,"",,,,"",,,,,,,,,,,,,"",,,"",,,"","No",,"",,"",,,"","No",,"",,,,,,,,,,"No","No",,"No","Yes","No","No",,"No","No","No","No","No","No","No","No","No","No","No","No","No",,,,,,,,,,,,,,,,,"Yes","No","No","Yes","No","No","No","No","No","No",,"No","Yes"
"89-42-22-50","MAIZE","0.5","No","Yes",12,"90 kg bag","","Yes",3,"90 kg bag","",5000,"No","Yes","No","No","No","No","No",,,4,"90 kg bag","","2","90 kg bag","",0,,"","Yes","0","",,"","3","90 kg bag","","Yes","Others, specify","Lake","No","No","No","No","Yes","No","No","No",,"No","No","No","No","Yes",,,"No","No","No","No","No","No","No","No","No","No","No","No","No","No",,,,,,,,,,,,,,,,,"No","No","Yes","No","No","No","No","No","No","No",,"Yes","Yes"
"89-49-22-36","MAIZE","1.5","No","No",,,"",,,,"",,,,,,,,,,,,,"",,,"",,,"","No",,"",,"",,,"","Yes","River/ stream","","No","No","No","No","Yes","No","No","No",,"No","No","No","No",,"No","No","No","No","No","No","No","No","No","No","No","No","Yes","No","No","No",,,,,,,,,,,,,,,,,"No","Yes",,,,,,,,,,"Yes","Yes"
"84-72-64-66","MAIZE","1","No","Yes",13,"90 kg bag","","Yes",1,"90 kg bag","",5500,"Yes","No","No","No","No","No","No",,,1,"90 kg bag","","0",,"",0,,"","Yes","0","",,"","11","90 kg bag","","Yes","River/ stream","","No","No","No","No","Yes","No","No","No",,"No","No","No","No",,"No","No","Yes","No","No","No","No","No","No","No","No","No","No","No","No","No",,,,,,,,,,,,,,,,,"No","No","Yes",,"No","No","No","No","No","No",,"No","Yes"
"84-72-64-66","MELON/EGUSI","1","No","No",,,"",,,,"",,,,,,,,,,,,,"",,,"",,,"","No",,"",,"",,,"","Yes","River/ stream","","No","No","No","No","Yes","No","No","No",,"No","No","Yes","No","No","No",,,"No","No","No","No","No","No","No","No","No","No","No","No","No",,,,,,,,,,,,,"Yes",,,,"No","No","No","No","No","No","No","No","No","Yes",,"No","Yes"
"63-42-88-22","MAIZE","1","No","No",,,"",,,,"",,,,,,,,,,,,,"",,,"",,,"","No",,"",,"",,,"","Yes","River/ stream","","No","No","No","No","Yes","No","No","No",,"No","No","No","No","Yes","No",,"No","No","No","No","No","No","No","No","No","No","No","No","No","No",,,,,,,,,,,,,,,,,"Yes","Yes",,,,,,,,,,"Yes","No"
"63-42-88-22","GREEN VEGETABLE","0.125","Yes","Yes",360,"Kilograms","","Yes",300,"Kilograms","",30,"Yes",,"No","No","No","No","No",,,60,"Kilograms","","0",,"",0,,"","No","0","",,"",,,"","Yes","River/ stream","","No","No","No","No","Yes","No","No","No",,"No","No",,"No","Yes","No","No","No","No","No","No","No","No","No","No","No","No","No","No","No","No",,,,,,,,,,,,,,,,"Yes","Yes","Yes",,,,,,,,,,"Yes","No"
"87-50-20-38","BEANS/COWPEA","0.5","Yes","No",,,"",,,,"",,,,,,,,,,,,,"",,,"",,,"","No",,"",,"",,,"","No",,"",,,,,,,,,,"No","No","No","No","Yes","No","No",,"No","No","No","No","No","No","No","No","No","No","No","No","No",,,,,,,,,,,,,,,,,"No","No","No","No","Yes","No","No","No","No","No",,"No","No"
"87-50-20-38","MAIZE","1","Yes","No",,,"",,,,"",,,,,,,,,,,,,"",,,"",,,"","No",,"",,"",,,"","No",,"",,,,,,,,,,"No","No","No","No","Yes","No","No",,"No","No","No","No","No","No","No","No","No","No","No","No","No",,,,,,,,,,,,,,,,,"No","No","No","Yes","No","No","No","No","No","No",,"No","Yes"
"78-63-95-63","BEANS/COWPEA","0.7","Yes","No",,,"",,,,"",,,,,,,,,,,,,"",,,"",,,"","No",,"",,"",,,"","No",,"",,,,,,,,,,"No","No","No","No","Yes","No","No","No","No","No","No","No","No","No","No","No","No","No","No","No","No",,,,,,,,,,,,,"Yes",,,,"No","No",,"No","No","Yes","No","No","No","No",,"No","No"
"78-63-95-63","MAIZE","0.7","Yes","No",,,"",,,,"",,,,,,,,,,,,,"",,,"",,,"","No",,"",,"",,,"","No",,"",,,,,,,,,,"No","No","No","No","Yes","No","No","No","No","No","No","No","No","No","No","No","No","No","No","No","No",,,,,,,,,,,,,"Yes",,,,"No","No","Yes","No","No",,"No","No","No","No",,"No","Yes"
"20-46-30-59","MAIZE","1","No","Yes",3,"90 kg bag","","No",,,"",,,,,,,,,,,3,"90 kg bag","","0",,"",0,,"","No","0","",,"",,,"","No",,"",,,,,,,,,,"No","No","No","No",,,"No","Yes","No","No","No","No","No","No","No","No","No","No","No","No","No",,,,,,,,,,,,,,,,,"Yes","No","Yes","No","No","No","No","No","No","No",,"Yes","No"
"12-17-56-74","MAIZE","1","No","No",,,"",,,,"",,,,,,,,,,,,,"",,,"",,,"","No",,"",,"",,,"","No",,"",,,,,,,,,,"No","No","Yes","No","No","No","No",,"No","No","No","No","No","No","No","No","No","No","No","No","No",,"Yes","No","No","No","No","No","No","No",,,,,,,,"No","No","Yes","No","No","No","No","No","No","No",,"No","Yes"
"80-41-60-05","BEANS/COWPEA","1","Yes","No",,,"",,,,"",,,,,,,,,,,,,"",,,"",,,"","No",,"",,"",,,"","No",,"",,,,,,,,,,"No","No","No","No","Yes","No","No","No","No","No","No","No","No","No","No","No","No","No","No","No","No",,,,,,,,,,,,,,,,,"No","No","No","No","Yes","No","No","No","No","No",,"No","No"
"80-41-60-05","MAIZE","1","Yes","No",,,"",,,,"",,,,,,,,,,,,,"",,,"",,,"","No",,"",,"",,,"","No",,"",,,,,,,,,,"No","No","No","No","Yes","No","No","No","No","No","No","No","No","No","No","No","No","No","No","No","No",,,,,,,,,,,,,,,,,"No","No","No","No","Yes","No","No","No","No","No",,"No","No"
"50-77-28-73","MAIZE","1","No","Yes",1800,"Kilograms","","No",,,"",,,,,,,,,,,90,"Kilograms","","900","Kilograms","",90,"Kilograms","","Yes","I don't know","",,"","180","Kilograms","","Yes","River/ stream","","No","No","No","No","Yes","No","No","No",,"No","No","Yes","No","No","No","No",,"No","No","No","No","No","No","No","No","No","No","No","No","No",,,,,,,,,,,,,,,,,"Yes","No","Yes","No","No","No","No","No","No","No",,"Yes","Yes"
"42-38-30-13","MAIZE","1","No","Yes",1300,"Kilograms","","Yes",500,"Kilograms","",50,"Yes","No","No","No","No","No","No",,,800,"Kilograms","","0",,"",0,,"","No","0","",,"",,,"","Yes","River/ stream","","No","No","No","No","Yes","No","No","No",,"No","No","Yes","No",,"No","No",,"No","No","No","No","No","No","No","No","No","No","No","No","No",,,,,,,,,,,,,,,,,"No","No","No","No","No",,"No","No","No","Yes",,"Yes","Yes"
"42-38-30-13","MELON/EGUSI","1","No","Yes",1,"Canter","","Yes",1,"Canter","",60000,"No","Yes","No","No","No","No","No",,,0,,"","0",,"",0,,"","No","0","",,"",,,"","Yes","River/ stream","","No","No","No","No","Yes","No","No","No",,"No","No",,"No","Yes","No","No","No","No","No",,"No","No","No","No","No","No","No","No","No","No",,,,,,,,,,,,,"Yes",,,,"No","No","No","No","No","No","No","No","No","Yes",,"Yes","Yes"
"17-87-80-73","MAIZE","2","No","No",,,"",,,,"",,,,,,,,,,,,,"",,,"",,,"","No",,"",,"",,,"","No",,"",,,,,,,,,,"No","No","Yes","No","No","No","No",,"No","No","No","No","No","No","No","No","No","No","No","No","No",,,,,,,,,,,,,,,,,"No","No","Yes","No","No","No","No","No","No","No",,"No","Yes"
"73-58-06-14","MAIZE","1","No","Yes",1350,"Kilograms","","Yes",900,"Kilograms","",55,"No","Yes","No","No","No","No","No",,,90,"Kilograms","","0",,"",0,,"","Yes","0","",,"","360","Kilograms","","Yes","River/ stream","","No","No","No","No","Yes","No","No","No",,"No","No","Yes","No","No",,"No",,"No","No","No","No","No","No","No","No","No","No","No","No","No",,,,,,,,,,,,,,,,,"No","Yes",,,,,,,,,,"Yes","Yes"
"73-58-06-14","TOMATO","1","No","Yes",5,"Other (please specify)","Proboxes","Yes",5,"Other (please specify)","proboxes",50000,"No","Yes","No","No","No","No","No",,,4,"Kilograms","","0",,"",0,,"","No","0","",,"",,,"","Yes","River/ stream","","No","No","No","No","Yes","No","No","No",,"No","No","No",,,"Yes","No","No","No","No","No","No","No","No","No","No","No","No","No","No","No",,,,,,,,,,,,,,,,,"No","Yes",,,,,,,,,,"Yes","Yes"
"49-72-13-69","MAIZE","2","No","Yes",54,"90 kg bag","","Yes",50,"90 kg bag","",10000,"No","No","Yes","No","No","No","No",,,4,"90 kg bag","","0",,"",0,,"","No","0","",,"",,,"","Yes","River/ stream","","No","No","No","No","Yes","No","No","No",,"No","No",,"No","Yes","No","No","No","No","No","No","No","No","No","No","No","No","No","No","No","No",,,,,,,,,,,,,,,,,"No","Yes",,,,,,,,,,"Yes","Yes"
"24-20-09-18","GREEN VEGETABLE","0.5","Yes","Yes",100,"90 kg bag","","Yes",96,"90 kg bag","",1500,"Yes","No","No","No","No","No","No",,,4,"90 kg bag","","0",,"",0,,"","No","0","",,"",,,"","Yes","River/ stream","","No","No","No","No","Yes","No","No","No",,"No",,,"No","Yes","No","No","No","No","No","No","No","No","No","No","No","No","No","No","No","No",,,,,,,,,,,,,,,,,"Yes","Yes",,,,,,,,,,"Yes","No"
"24-20-09-18","PAWPAW","0.5","Yes","Yes",6,"90 kg bag","","Yes",6,"90 kg bag","",1800,"No","Yes","No","No","No","No","No",,,0,,"","0",,"",0,,"","No","0","",,"",,,"","Yes","River/ stream","","No","No","No","No","Yes","No","No","No",,"No","No","No","No","Yes","No","No","No","No","No","No","No","No","No","No","No","No","No","No","No","No",,"No","Yes","No","No","No","No",,"No",,,,,,,,"Yes","No","No","No","No","No","No","No","Yes","No",,"No","No"
"02-65-40-62","MAIZE","0.5","No","No",,,"",,,,"",,,,,,,,,,,,,"",,,"",,,"","No",,"",,"",,,"","No",,"",,,,,,,,,,"No","No","No","No","Yes","No","No","No","No","No","No","No","No","No","No","No","No","No","No","No","No",,,,,,,,,,,,,,,,,"No","No","Yes","No","No","No","No","No","No","No",,"No","No"
"65-04-66-76","MAIZE","1","No","No",,,"",,,,"",,,,,,,,,,,,,"",,,"",,,"","No",,"",,"",,,"","Yes","River/ stream","","No","No","No","No","Yes","No","No","No",,"No","No","No","No",,"No","No","No","No","No","No","No","No","No","No","No","No","Yes","No","No","No",,,,,,,,,,,,,,,,,"No","Yes",,,,,,,,,,"Yes","Yes"
"65-04-66-76","GREEN VEGETABLE","0.25","No","Yes",20,"Kilograms","","Yes",14,"Kilograms","",30,"No","Yes","No","No","No","No","No",,,6,"Kilograms","","0",,"",0,,"","No","0","",,"",,,"","Yes","River/ stream","","No","No","No","No","Yes","No","No","No",,"No","No","No","No","Yes","No","No","No","No","No","No","No","No","No","No","No","No","No","No","No","No",,,,,,,,,,,,,,,,,"No","Yes",,,,,,,,,,"Yes","Yes"
"87-33-92-13","BEANS/COWPEA","2","Yes","No",,,"",,,,"",,,,,,,,,,,,,"",,,"",,,"","No",,"",,"",,,"","No",,"",,,,,,,,,,"No","No","No","No","Yes","No","No","No","No","No","No","No","No","No","No","No","No","No",,"No","No",,,,,,,,,,,,,,,,,"No","No","Yes","No","No","No","No","No","No","No",,"No","No"
"87-33-92-13","MAIZE","2","Yes","No",,,"",,,,"",,,,,,,,,,,,,"",,,"",,,"","No",,"",,"",,,"","No",,"",,,,,,,,,,"No","No",,"No","Yes","No","No","No","No","No","No","No","No","No","No","No","No","No","No","No","No",,,,,,,,,,,,,,,,,"No","No","Yes","No","No","No","No","No","No","No",,"No","No"
"23-31-62-51","MAIZE","2","No","No",,,"",,,,"",,,,,,,,,,,,,"",,,"",,,"","No",,"",,"",,,"","No",,"",,,,,,,,,,"No","No","Yes","No",,"No","No",,"No","No","No","No","No","No","No","No","No","No","No","No","No",,,,,,,,,,,,,,,,,"No","No","No","Yes","No","No","No","No","No","No",,"No","No"
"95-05-18-77","MAIZE","2","No","No",,,"",,,,"",,,,,,,,,,,,,"",,,"",,,"","No",,"",,"",,,"","No",,"",,,,,,,,,,"No","No","Yes","No",,"No","No","No","No","No","No","No","No","No","No","No","No","No","No","No","No",,,,,,,,,,,,,,,,,"No","No","No","No","No","No","No","Yes","No","No",,"No","Yes"
"87-43-52-74","MAIZE","1","No","Yes",3,"90 kg bag","","No",,,"",,,,,,,,,,,3,"90 kg bag","","0",,"",0,,"","No","0","",,"",,,"","No",,"",,,,,,,,,,"No","No","No","No",,,"No","Yes","No","No","No","No","No","No","No","No","No","No","No","No","No",,,,,,,,,,,,,,,,,"Yes","No","Yes","No","No","No","No","No","No","No",,"Yes","No"
"61-21-03-67","MAIZE","1","No","Yes",1000,"Kilograms","","Yes",850,"Kilograms","",80,"No","No","Yes","No","No","No","No",,,150,"Kilograms","","0",,"",0,,"","No","0","",,"",,,"","Yes","Others, specify","Lake water","No","No","No","No","Yes","No","No","No",,"No","No",,"No","Yes","No","No","No","No","No","No","No","No","No","No","No","No","No","No","No","No",,,,,,,,,,,,,,,,,"No","Yes",,,,,,,,,,"Yes","Yes"
"72-29-78-52","BEANS/COWPEA","0.5","Yes","No",,,"",,,,"",,,,,,,,,,,,,"",,,"",,,"","No",,"",,"",,,"","No",,"",,,,,,,,,,"No","No","Yes","No","No","No","No","No","No","No","No",,"No","No","No","No","No","No","No","No","No",,,,,,,,,,,,,,,,,"Yes","No","No","No","No","No","No","No","Yes","No",,"Yes","No"
"72-29-78-52","MAIZE","0.5","Yes","No",,,"",,,,"",,,,,,,,,,,,,"",,,"",,,"","No",,"",,"",,,"","No",,"",,,,,,,,,,"No","No","Yes","No","No","No","No","No","No","No","No",,"No","No","No","No","No","No","No",,"No",,,,,,,,,,,,,,,,,"Yes","No","Yes","No","No","No","No","No",,"No",,"Yes","No"
"72-29-78-52","MILLET/MAIWA","0.5","No","No",,,"",,,,"",,,,,,,,,,,,,"",,,"",,,"","No",,"",,"",,,"","No",,"",,,,,,,,,,"No","No","Yes","No","No","No","No",,"No","No","No","No","No","No","No","No","No","No","No","No","No",,"Yes","No","No","No","No","No","No","No",,,,,,,,"Yes","No","Yes","No","No","No","No","No","No","No",,"No","No"
"97-14-88-73","MAIZE","1.5","No","Yes",60,"90 kg bag","","Yes",40,"90 kg bag","",5000,"Yes","No","No","No","No","No","No",,,5,"90 kg bag","","0",,"",0,,"","Yes","0","",,"","15","90 kg bag","","Yes","River/ stream","","No","No","No","No","Yes","No","No","No",,"No","No","No","No","Yes","No","No","No","No","No","No","No","No","No","No","No","No",,"No","No","No",,,,,,,,,,,,,,,,,"No","Yes",,,,,,,,,,"Yes","Yes"
"97-14-88-73","GREEN GRAMS","1","No","Yes",7,"90 kg bag","","Yes",6,"90 kg bag","",9000,"No","Yes","No","No","No","No","No",,,1,"90 kg bag","","0",,"",0,,"","No","0","",,"",,,"","Yes","River/ stream","","No","No","No","No","Yes","No","No","No",,"No","No","No","No","Yes","No","No",,"No","No","No","No","No","No","No","No","No","No","No","No","No",,,,,,,,,,,,,,,,,"No","No","Yes","No","No","No","No","No","No","No",,"Yes","Yes"
"68-19-50-42","MAIZE","1","No","No",,,"",,,,"",,,,,,,,,,,,,"",,,"",,,"","No",,"",,"",,,"","No",,"",,,,,,,,,,"No","No","Yes","No","No","No","No",,"No","No","No","No","No","No","No","No","No","No","No","No","No",,,,,,,,,,,,,,,,,"No","No","No","Yes","No","No","No","No","No","No",,"No","Yes"
"40-23-79-37","MAIZE","2","No","No",,,"",,,,"",,,,,,,,,,,,,"",,,"",,,"","No",,"",,"",,,"","No",,"",,,,,,,,,,"No","No","No","No","Yes","No","No","No","No","No","No","No","No","No","No","No","No","No","No","No","No",,,,,,,,,,,,,,,,,"No","No","No","No","Yes","No","No","No","No","No",,"No","No"
"21-46-54-95","MAIZE","1","No","Yes",900,"Kilograms","","Yes",800,"Kilograms","",50,"Yes","No","No","No","No","No","No",,,100,"Kilograms","","0",,"",0,,"","No","0","",,"",,,"","Yes","Others, specify","lake water","No","No","No","No","Yes","No","No","No",,"No","No",,"No","Yes","No",,"No","No","No","No","No","No","No","No","No","No","No","No","No","No",,,,,,,,,,,,,,,,,"No","No","Yes","No","No","No","No","No","No",,,"Yes","Yes"
"65-71-98-91","BEANS/COWPEA","1","Yes","No",,,"",,,,"",,,,,,,,,,,,,"",,,"",,,"","No",,"",,"",,,"","No",,"",,,,,,,,,,"No","No","No","No","Yes","No","No","No","No","No","No","No","No","No","No","No","No","No","No","No","No",,,,,,,,,,,,,,,,,"No","No","Yes","No","No","No","No","No","No","No",,"No","Yes"
"65-71-98-91","MAIZE","1","Yes","No",,,"",,,,"",,,,,,,,,,,,,"",,,"",,,"","No",,"",,"",,,"","No",,"",,,,,,,,,,"No","No",,"No","Yes","No","No","No","No","No","No","No","No","No","No","No","No","No","No","No","No",,,,,,,,,,,,,,,,,"No","No","Yes","No","No","No","No","No","No","No",,"No","Yes"
"18-10-16-95","BEANS/COWPEA","2","Yes","No",,,"",,,,"",,,,,,,,,,,,,"",,,"",,,"","No",,"",,"",,,"","No",,"",,,,,,,,,,"No","No","No","No","Yes","No","No","No","No","No","No","No","No","No","No","No","No","No","No","No","No",,,,,,,,,,,,,,,,,"No","No","Yes","No","No","No","No","No","No","No",,"Yes","Yes"
"18-10-16-95","MAIZE","2","Yes","No",,,"",,,,"",,,,,,,,,,,,,"",,,"",,,"","No",,"",,"",,,"","No",,"",,,,,,,,,,"No","No","No","No","Yes","No","No","No","No","No","No","No","No","No","No","No","No","No","No","No","No",,,,,,,,,,,,,,,,,"No","No","Yes","No","No","No","No","No","No","No",,"No","Yes"
"83-96-24-75","BEANS/COWPEA","2","Yes","No",,,"",,,,"",,,,,,,,,,,,,"",,,"",,,"","No",,"",,"",,,"","No",,"",,,,,,,,,,"No","No",,"No","Yes","No","No","No","No","No","No","No","No","No","No","No","No","No","No","No","No",,,,,,,,,,,,,,,,,"No","No","Yes","No","No","No","No","No","No","No",,"No","Yes"
"83-96-24-75","MAIZE","2","Yes","No",,,"",,,,"",,,,,,,,,,,,,"",,,"",,,"","No",,"",,"",,,"","No",,"",,,,,,,,,,"No","No",,"No","Yes","No","No","No","No","No","No","No","No","No","No","No","No","No","No","No","No",,,,,,,,,,,,,,,,,"No","No","Yes","No","No","No","No","No","No","No",,"No","Yes"
"72-76-08-58","MAIZE","1","No","No",,,"",,,,"",,,,,,,,,,,,,"",,,"",,,"","No",,"",,"",,,"","No",,"",,,,,,,,,,"No","No",,"No","Yes","No","No","No","No","No","No","No","No","No","No","No","No","No","No","No","No",,,,,,,,,,,,,,,,,"No","No","Yes","No","No","No","No","No","No","No",,"No","No"
"06-34-31-56","MAIZE","1","No","No",,,"",,,,"",,,,,,,,,,,,,"",,,"",,,"","No",,"",,"",,,"","No",,"",,,,,,,,,,"No","No","Yes","No",,"No","No",,"No","No","No","No","No","No","No","No","No","No","No","No","No",,,,,,,,,,,,,,,,,"No","No","No","Yes","No","No","No","No","No","No",,"No","No"
