interview__key,r_shocks__id,r_shocks,sh_1,sh_2,sh_3__1,sh_3__2,sh_3__3,sh_3__4,sh_3__5,sh_3__6,sh_3__7,sh_3__8,sh_3__9,sh_3__10,sh_3__11,sh_3__12,sh_3__13,sh_3__14,sh_3__96,sh_3_oth,sh_4,sh_5,sh_6,sh_7
"31-67-19-52",7,"Drought or Extended Period of No Rain",1,"Very severe",0,0,0,0,0,0,0,0,0,0,1,0,0,0,0,"","Not very likely","Not very likely","Not very likely",0
"31-67-19-52",10,"Livestock Disease/Death",2,"Very severe",1,0,0,0,0,0,0,0,0,0,0,0,0,0,2,"injection and use of medicinal plants to treat the disease","Very  likely","Not very likely","Not very likely",0
"85-11-91-18",5,"Robbery/Burglary",1,"Very severe",0,0,0,0,0,0,0,0,0,0,0,0,0,1,0,"","Not very likely","Not very likely","Very  likely",0
"85-11-91-18",7,"Drought or Extended Period of No Rain",10,"Very severe",0,0,0,0,0,0,0,0,0,1,2,0,0,0,0,"","Not very likely","Not very likely","Not very likely",0
"85-11-91-18",9,"Crop Failure",1,"Very severe",0,0,0,0,0,0,0,0,0,0,1,0,0,0,0,"","Not very likely","Not very likely","Very  likely",0
"85-11-91-18",10,"Livestock Disease/Death",2,"Very severe",0,0,0,0,0,0,0,0,0,1,0,0,0,0,0,"","Not very likely","Not very likely","Very  likely",0
"85-11-91-18",15,"Large Rise in Prices of Food",12,"Very severe",0,0,0,0,0,0,0,0,0,0,1,0,0,0,0,"","Not very likely","Not very likely","Very  likely",0
"85-11-91-18",16,"Large Rise in Prices of Agricultural Inputs(E.g.Agrochemicals,Machinery,HiredLabour)",1,"Mild",0,0,0,0,0,0,0,0,0,0,0,0,0,1,0,"","Extremely likely","Extremely likely","Not very likely",0
"85-11-91-18",19,"Ethnic or Clan Clashes",2,"Very severe",0,0,0,0,0,0,0,0,0,0,0,0,0,1,0,"","Not very likely","Not very likely","Very  likely",0
"34-73-96-50",7,"Drought or Extended Period of No Rain",1,"Severe",0,0,1,0,0,0,0,0,0,0,0,0,0,2,0,"","Not very likely","Not very likely","Not very likely",0
"34-73-96-50",9,"Crop Failure",2,"Severe",0,0,1,0,0,0,0,0,0,0,0,0,0,0,0,"","Not very likely","Not very likely","Not very likely",0
"34-73-96-50",14,"Large Fall in Sale Prices for Cropsand or Livestock",1,"Mild",0,0,0,0,0,0,0,0,0,0,0,0,0,1,0,"","Not very likely","Not very likely","Not very likely",0
"34-73-96-50",15,"Large Rise in Prices of Food",1,"Severe",0,0,0,0,0,0,0,0,0,0,2,0,0,1,0,"","Not very likely","Not very likely","Not very likely",0
"93-29-80-09",7,"Drought or Extended Period of No Rain",6,"Very severe",0,0,1,0,0,0,0,0,0,0,0,2,0,0,0,"","Very  likely","Not very likely","Not very likely",0
"93-29-80-09",10,"Livestock Disease/Death",3,"Very severe",1,0,0,0,0,0,0,0,0,0,0,2,0,0,0,"","Very  likely","Not very likely","Not at all likely",0
"63-89-80-49",7,"Drought or Extended Period of No Rain",3,"Very severe",1,2,0,0,0,0,0,0,0,0,0,0,0,0,0,"","Very  likely","Not very likely","Not very likely",0
"63-89-80-49",10,"Livestock Disease/Death",2,"Severe",0,2,1,0,0,0,0,0,0,0,0,0,0,0,0,"","Not very likely","Not very likely","Not at all likely",0
"97-84-26-58",7,"Drought or Extended Period of No Rain",9,"Very severe",0,0,0,0,0,0,0,0,0,0,1,0,0,0,0,"","Not very likely","Not very likely","Not very likely",0
"97-84-26-58",9,"Crop Failure",1,"Very severe",0,0,0,0,0,0,0,0,0,0,1,0,0,0,0,"","Not very likely","Not very likely","Not very likely",0
"97-84-26-58",10,"Livestock Disease/Death",34,"Very severe",0,0,0,0,0,0,0,0,0,0,0,0,0,1,0,"","Not very likely","Not very likely","Not very likely",0
"97-84-26-58",12,"Household Business Failure(Non-Agricultural)",2,"Severe",0,0,0,0,0,0,0,0,0,0,1,0,0,0,0,"","Not very likely","Not very likely","Not very likely",0
"97-84-26-58",15,"Large Rise in Prices of Food",10,"Very severe",0,0,0,0,0,0,0,0,0,0,1,0,0,0,0,"","Not very likely","Not very likely","Not very likely",0
"97-84-26-58",19,"Ethnic or Clan Clashes",2,"Very severe",0,0,0,0,0,0,0,0,0,0,0,0,1,0,0,"","Not very likely","Not very likely","Not at all likely",0
"44-14-26-56",5,"Robbery/Burglary",1,"Severe",0,0,0,0,0,0,0,0,0,0,0,0,0,1,0,"","Very  likely","Not very likely","Not very likely",0
"44-14-26-56",7,"Drought or Extended Period of No Rain",8,"Very severe",0,0,0,0,0,0,0,0,0,0,0,0,0,0,1,"charcoal","Not very likely","Not very likely","Not very likely",0
"44-14-26-56",9,"Crop Failure",3,"Very severe",0,0,0,0,0,0,0,0,0,0,0,0,0,1,0,"","Not very likely","Not very likely","Not very likely",0
"44-14-26-56",10,"Livestock Disease/Death",20,"Very severe",0,0,0,0,0,0,0,0,0,0,0,0,0,1,2,"selling of charcoal","Not very likely","Not very likely","Not very likely",0
"44-14-26-56",15,"Large Rise in Prices of Food",12,"Very severe",0,0,0,0,0,0,0,0,0,0,0,0,0,0,1,"selling charcoal","Not at all likely","Not at all likely","Not very likely",0
"01-78-65-09",10,"Livestock Disease/Death",2,"Severe",0,0,0,0,0,0,0,0,0,0,0,0,0,1,0,"","Not very likely","Not very likely","Very  likely",0
"01-78-65-09",14,"Large Fall in Sale Prices for Cropsand or Livestock",3,"Severe",0,0,0,0,0,0,0,0,0,0,1,0,0,0,0,"","Very  likely","Not at all likely","Very  likely",0
"01-78-65-09",15,"Large Rise in Prices of Food",3,"Severe",0,0,0,0,0,0,0,0,0,0,1,0,0,0,0,"","Not very likely","Not very likely","Very  likely",0
"77-02-48-37",4,"Fire on Property",1,"Severe",1,0,0,0,0,0,0,0,0,0,0,0,0,0,0,"","Very  likely","Not very likely","Not very likely",0
"77-02-48-37",7,"Drought or Extended Period of No Rain",2,"Very severe",0,1,0,0,0,0,0,0,0,0,2,0,0,0,0,"","Not very likely","Not at all likely","Not very likely",0
"46-96-59-64",7,"Drought or Extended Period of No Rain",7,"Very severe",2,0,1,0,0,0,0,0,0,0,3,0,0,0,0,"","Not at all likely","Not at all likely","Not at all likely",0
"46-96-59-64",9,"Crop Failure",2,"Very severe",0,0,1,0,0,0,0,0,0,0,2,0,0,0,0,"","Not very likely","Not very likely","Not very likely",0
"46-96-59-64",10,"Livestock Disease/Death",2,"Very severe",1,0,0,0,0,0,0,0,0,0,0,0,0,0,0,"","Not very likely","Not very likely","Not very likely",0
"46-96-59-64",14,"Large Fall in Sale Prices for Cropsand or Livestock",1,"Very severe",1,0,2,0,0,0,0,0,0,0,0,0,0,0,0,"","Not very likely","Not very likely","Not very likely",0
"46-96-59-64",15,"Large Rise in Prices of Food",10,"Very severe",1,0,0,0,0,0,0,0,0,0,2,0,0,0,0,"","Not very likely","Not very likely","Not very likely",0
"01-51-99-07",1,"Chronicor Severe Illnessor Accident of a Household Member",3,"Severe",0,0,0,0,0,0,0,0,0,0,1,0,0,0,0,"","Not very likely","Not very likely","Not very likely",0
"01-51-99-07",7,"Drought or Extended Period of No Rain",4,"Very severe",0,0,0,0,1,0,0,0,0,0,0,0,0,0,0,"","Not at all likely","Not very likely","Very  likely",0
"01-51-99-07",10,"Livestock Disease/Death",2,"Severe",0,0,0,0,0,0,0,0,0,1,0,0,0,0,0,"","Not very likely","Very  likely","Not very likely",0
"01-51-99-07",15,"Large Rise in Prices of Food",4,"Severe",0,2,1,0,0,0,0,0,0,0,0,0,0,0,0,"","Extremely likely","Extremely likely","Extremely likely",0
"39-75-97-43",1,"Chronicor Severe Illnessor Accident of a Household Member",4,"Severe",0,0,0,0,0,0,0,0,0,0,0,0,0,0,1,"renting out farm","Not very likely","Not very likely","Not very likely",0
"39-75-97-43",15,"Large Rise in Prices of Food",12,"Very severe",0,0,2,0,1,0,0,0,0,0,0,0,0,0,0,"","Not very likely","Very  likely","Not very likely",0
"11-52-82-38",7,"Drought or Extended Period of No Rain",7,"Very severe",0,0,1,0,2,0,0,0,0,0,0,0,0,0,0,"","Not very likely","Not very likely","Very  likely",0
"11-52-82-38",9,"Crop Failure",12,"Severe",0,0,0,0,0,0,0,0,0,0,0,0,0,1,0,"","Not very likely","Not very likely","Very  likely",0
"11-52-82-38",14,"Large Fall in Sale Prices for Cropsand or Livestock",6,"Severe",0,0,0,1,0,0,0,0,0,0,0,0,0,0,0,"","Not very likely","Not very likely","Extremely likely",0
"11-52-82-38",15,"Large Rise in Prices of Food",12,"Very severe",0,0,1,0,2,0,0,0,0,0,3,0,0,0,0,"","Not very likely","Not very likely","Very  likely",0
"11-52-82-38",16,"Large Rise in Prices of Agricultural Inputs(E.g.Agrochemicals,Machinery,HiredLabour)",12,"Very severe",0,1,0,2,0,0,0,0,0,0,0,0,0,0,0,"","Not very likely","Not very likely","Extremely likely",0
"19-06-13-08",9,"Crop Failure",1,"Very severe",2,1,0,0,0,0,0,0,0,0,0,0,0,0,0,"","Not very likely","Not very likely","Not very likely",0
"19-06-13-08",18,"End of Regular Assistance(E.g.Pension,CashTransfer,Remittances)from Outside the Household",3,"Very severe",1,0,0,0,0,0,0,0,0,0,0,0,0,0,0,"","Very  likely","Very  likely","Not at all likely",0
"74-04-26-51",7,"Drought or Extended Period of No Rain",2,"Severe",0,0,0,0,0,0,1,0,0,0,0,0,0,0,0,"","Very  likely","Not very likely","Not very likely",0
"74-04-26-51",9,"Crop Failure",2,"Mild",0,0,0,0,0,0,1,0,0,0,0,0,0,0,0,"","Very  likely","Very  likely","Not very likely",0
"74-04-26-51",15,"Large Rise in Prices of Food",2,"Very severe",0,0,1,0,0,0,2,0,0,0,0,0,0,0,0,"","Not at all likely","Not very likely","Not at all likely",0
"74-04-26-51",16,"Large Rise in Prices of Agricultural Inputs(E.g.Agrochemicals,Machinery,HiredLabour)",2,"Severe",0,0,0,0,0,0,1,0,0,0,0,0,0,0,0,"","Not very likely","Very  likely","Not at all likely",0
"37-83-74-10",7,"Drought or Extended Period of No Rain",1,"Very severe",1,0,0,0,0,0,0,0,0,0,2,0,0,0,0,"","Not very likely","Not very likely","Not very likely",0
"37-83-74-10",9,"Crop Failure",1,"Very severe",1,0,0,0,0,0,0,0,0,0,2,0,0,0,0,"","Not very likely","Not very likely","Not very likely",0
"37-83-74-10",10,"Livestock Disease/Death",1,"Severe",1,0,0,0,0,0,0,0,0,0,2,0,0,0,0,"","Not very likely","Not very likely","Not at all likely",0
"37-83-74-10",15,"Large Rise in Prices of Food",1,"Very severe",1,2,0,0,0,0,0,0,0,0,3,0,0,0,0,"","Not at all likely","Not at all likely","Not at all likely",0
"39-40-38-02",1,"Chronicor Severe Illnessor Accident of a Household Member",1,"Very severe",1,0,0,0,2,0,0,0,0,3,0,0,0,0,0,"","Not very likely","Not very likely","Extremely likely",0
"39-40-38-02",7,"Drought or Extended Period of No Rain",1,"Very severe",0,1,0,0,2,0,0,0,0,3,4,0,0,0,0,"","Very  likely","Not very likely","Extremely likely",0
"39-40-38-02",15,"Large Rise in Prices of Food",3,"Very severe",0,0,1,0,2,0,0,0,0,0,3,0,0,0,0,"","Very  likely","Not very likely","Extremely likely",0
"14-71-87-39",7,"Drought or Extended Period of No Rain",6,"Very severe",0,0,1,0,3,0,0,0,0,0,0,2,0,0,0,"","Not very likely","Not at all likely","Very  likely",0
"14-71-87-39",9,"Crop Failure",1,"Very severe",0,0,0,0,1,0,0,0,0,0,0,2,0,0,0,"","Very  likely","Not very likely","Very  likely",0
"14-71-87-39",15,"Large Rise in Prices of Food",3,"Very severe",0,0,1,0,2,0,0,0,0,0,0,3,0,0,0,"","Very  likely","Very  likely","Not very likely",0
"86-00-55-84",2,"Death of a Household Member",1,"Very severe",0,0,0,0,0,0,0,0,0,0,0,0,0,1,0,"","Not very likely","Not at all likely","Extremely likely",0
"86-00-55-84",10,"Livestock Disease/Death",8,"Very severe",0,0,0,0,0,0,1,0,0,0,0,0,0,0,0,"","Not very likely","Not very likely","Not very likely",0
"86-00-55-84",15,"Large Rise in Prices of Food",3,"Very severe",0,0,2,0,3,0,1,0,0,0,0,0,0,0,0,"","Extremely likely","Not very likely","Not very likely",0
"76-73-19-09",1,"Chronicor Severe Illnessor Accident of a Household Member",12,"Very severe",0,0,0,0,1,0,0,0,0,0,0,0,0,0,0,"","Not very likely","Not very likely","Extremely likely",0
"76-73-19-09",7,"Drought or Extended Period of No Rain",5,"Very severe",2,0,0,0,1,0,0,0,0,0,0,0,0,0,0,"","Not very likely","Not very likely","Extremely likely",0
"76-73-19-09",15,"Large Rise in Prices of Food",8,"Very severe",0,0,0,0,1,0,0,0,0,0,0,0,0,0,0,"","Not very likely","Not very likely","Very  likely",0
"76-73-19-09",17,"Loss of Land",1,"Very severe",1,0,0,0,0,0,0,0,0,0,0,0,0,0,0,"","Not at all likely","Not at all likely","Very  likely",0
"17-23-66-97",7,"Drought or Extended Period of No Rain",2,"Very severe",0,0,0,0,0,0,0,0,0,0,0,0,0,0,1,"did other income generating activities","Not at all likely","Very  likely","Very  likely",1
"17-23-66-97",9,"Crop Failure",1,"Very severe",0,0,0,1,0,0,0,0,0,0,0,0,0,0,0,"","Extremely likely","Not very likely","Extremely likely",0
"17-23-66-97",14,"Large Fall in Sale Prices for Cropsand or Livestock",2,"Mild",0,0,0,0,0,0,0,0,0,0,0,0,0,1,0,"","Not very likely","Not very likely","Very  likely",1
"17-23-66-97",15,"Large Rise in Prices of Food",12,"Very severe",0,0,1,0,0,0,0,0,0,2,0,0,0,0,0,"","Very  likely","Not very likely","Extremely likely",1
"17-23-66-97",16,"Large Rise in Prices of Agricultural Inputs(E.g.Agrochemicals,Machinery,HiredLabour)",2,"Very severe",0,1,0,0,0,0,2,0,0,0,0,0,0,0,0,"","Very  likely","Very  likely","Very  likely",1
"71-45-81-79",15,"Large Rise in Prices of Food",2,"Severe",0,0,0,0,0,0,0,0,0,0,0,0,0,1,0,"","Not very likely","Not very likely","Not very likely",0
"70-80-16-39",7,"Drought or Extended Period of No Rain",2,"Severe",0,0,2,1,0,0,0,0,0,0,0,0,0,0,0,"","Very  likely","Not very likely","Not very likely",0
"70-80-16-39",15,"Large Rise in Prices of Food",3,"Very severe",0,0,1,0,0,0,0,0,0,0,0,0,0,0,0,"","Very  likely","Very  likely","Very  likely",0
"70-80-16-39",16,"Large Rise in Prices of Agricultural Inputs(E.g.Agrochemicals,Machinery,HiredLabour)",2,"Very severe",0,0,0,1,0,0,0,0,0,0,0,0,0,0,0,"","Not very likely","Not very likely","Very  likely",0
"11-00-74-85",7,"Drought or Extended Period of No Rain",2,"Very severe",0,0,0,0,0,0,0,0,0,0,1,0,0,0,0,"","Not at all likely","Not at all likely","Not at all likely",0
"11-00-74-85",9,"Crop Failure",2,"Very severe",0,0,2,0,0,0,0,0,0,0,1,0,0,0,0,"","Not at all likely","Not at all likely","Not at all likely",0
"11-00-74-85",14,"Large Fall in Sale Prices for Cropsand or Livestock",2,"Very severe",0,0,1,0,0,0,0,0,0,0,2,0,0,0,0,"","Not at all likely","Not at all likely","Not at all likely",0
"11-00-74-85",15,"Large Rise in Prices of Food",3,"Very severe",0,0,0,0,0,0,0,0,0,0,1,0,0,0,0,"","Not at all likely","Not at all likely","Not at all likely",0
"16-44-32-23",7,"Drought or Extended Period of No Rain",4,"Very severe",0,0,0,0,0,0,0,0,0,0,1,0,0,0,0,"","Not very likely","Not at all likely","Extremely likely",0
"16-44-32-23",9,"Crop Failure",3,"Very severe",0,0,0,0,0,0,0,0,0,0,1,0,0,0,0,"","Very  likely","Not very likely","Not very likely",0
"16-44-32-23",10,"Livestock Disease/Death",3,"Very severe",0,0,0,0,0,0,0,0,1,0,0,0,0,0,0,"","Very  likely","Very  likely","Not very likely",0
"16-44-32-23",12,"Household Business Failure(Non-Agricultural)",3,"Severe",0,0,0,0,0,0,0,0,0,0,1,0,0,0,0,"","Very  likely","Not very likely","Not at all likely",0
"16-44-32-23",14,"Large Fall in Sale Prices for Cropsand or Livestock",1,"Very severe",0,0,0,1,0,0,0,0,0,0,0,0,0,0,0,"","Not very likely","Not very likely","Not very likely",0
"16-44-32-23",15,"Large Rise in Prices of Food",1,"Very severe",0,0,0,0,0,0,0,0,0,0,0,0,0,1,0,"","Very  likely","Not very likely","Not at all likely",0
"16-44-32-23",16,"Large Rise in Prices of Agricultural Inputs(E.g.Agrochemicals,Machinery,HiredLabour)",1,"Mild",0,0,0,0,0,0,0,0,0,0,0,0,0,1,0,"","Not very likely","Not very likely","Not very likely",0
"16-44-32-23",19,"Ethnic or Clan Clashes",1,"Mild",0,0,0,0,0,0,0,0,0,0,0,0,0,0,1,"reported to the clan elder","Very  likely","Very  likely","Not very likely",0
"49-09-04-04",7,"Drought or Extended Period of No Rain",6,"Very severe",0,0,1,0,2,0,0,0,0,0,3,0,0,0,0,"","Not at all likely","Not very likely","Very  likely",0
"49-09-04-04",10,"Livestock Disease/Death",4,"Very severe",0,0,0,0,0,0,0,0,0,0,1,0,0,0,0,"","Very  likely","Not very likely","Very  likely",1
"49-09-04-04",12,"Household Business Failure(Non-Agricultural)",6,"Severe",0,0,2,0,1,0,0,0,0,0,3,0,0,0,0,"","Very  likely","Not very likely","Extremely likely",0
"49-09-04-04",15,"Large Rise in Prices of Food",3,"Very severe",0,2,0,0,1,0,0,0,3,0,0,0,0,0,0,"","Not at all likely","Very  likely","Very  likely",0
"33-01-13-01",7,"Drought or Extended Period of No Rain",1,"Very severe",0,2,0,0,1,0,0,0,0,0,3,0,0,0,0,"","Not very likely","Not very likely","Extremely likely",0
"33-01-13-01",10,"Livestock Disease/Death",1,"Mild",0,0,0,0,0,0,0,0,0,0,0,0,0,1,0,"","Not very likely","Very  likely","Extremely likely",0
"33-01-13-01",15,"Large Rise in Prices of Food",1,"Very severe",0,2,3,0,1,0,0,0,0,0,0,0,0,0,0,"","Not very likely","Not very likely","Extremely likely",1
"79-39-40-36",15,"Large Rise in Prices of Food",3,"Severe",0,0,1,0,0,0,2,0,0,0,0,0,0,0,0,"","Very  likely","Not very likely","Not at all likely",0
"65-53-51-27",15,"Large Rise in Prices of Food",6,"Very severe",0,0,1,0,0,0,0,0,0,0,0,0,0,0,0,"","Very  likely","Not at all likely","Very  likely",0
"65-53-51-27",16,"Large Rise in Prices of Agricultural Inputs(E.g.Agrochemicals,Machinery,HiredLabour)",6,"Very severe",0,0,0,1,0,0,0,0,0,0,0,0,0,0,0,"","Not very likely","Not very likely","Very  likely",0
"64-11-62-56",1,"Chronicor Severe Illnessor Accident of a Household Member",1,"Severe",0,0,0,0,0,0,0,1,0,0,0,0,0,0,0,"","Not very likely","Not very likely","Not at all likely",0
"64-11-62-56",7,"Drought or Extended Period of No Rain",1,"Severe",0,0,0,0,0,0,0,0,0,0,1,0,0,0,0,"","Not very likely","Not very likely","Very  likely",0
"64-11-62-56",9,"Crop Failure",1,"Very severe",0,0,0,0,0,0,0,0,0,0,0,0,0,1,0,"","Not very likely","Not very likely","Not very likely",0
"64-11-62-56",10,"Livestock Disease/Death",1,"Severe",0,0,0,0,0,0,0,0,0,0,0,0,1,0,0,"","Not very likely","Not at all likely","Not very likely",0
"64-11-62-56",15,"Large Rise in Prices of Food",10,"Very severe",0,0,2,0,0,0,0,0,0,0,1,0,0,0,0,"","Not very likely","Not at all likely","Not at all likely",0
"79-53-04-50",15,"Large Rise in Prices of Food",5,"Very severe",0,0,1,0,0,0,0,0,0,0,0,0,0,0,0,"","Not very likely","Not very likely","Very  likely",0
"14-13-86-20",7,"Drought or Extended Period of No Rain",2,"Very severe",0,0,0,0,0,0,0,0,0,0,1,0,0,0,0,"","Not at all likely","Not at all likely","Not at all likely",0
"14-13-86-20",14,"Large Fall in Sale Prices for Cropsand or Livestock",3,"Very severe",0,0,1,0,0,0,0,0,0,0,2,0,0,0,0,"","Not at all likely","Not at all likely","Not at all likely",0
"14-13-86-20",15,"Large Rise in Prices of Food",4,"Very severe",0,0,1,0,0,0,0,0,0,0,2,0,0,0,0,"","Not at all likely","Not at all likely","Not at all likely",0
"19-99-67-92",7,"Drought or Extended Period of No Rain",1,"Severe",0,0,2,1,0,0,0,0,0,0,0,0,0,0,0,"","Very  likely","Not very likely","Very  likely",0
"19-99-67-92",15,"Large Rise in Prices of Food",2,"Very severe",0,0,1,0,0,0,0,0,0,0,0,0,0,0,0,"","Not very likely","Very  likely","Very  likely",0
"65-80-65-49",1,"Chronicor Severe Illnessor Accident of a Household Member",2,"Severe",0,0,0,0,0,0,0,0,0,0,0,0,0,1,0,"","Not at all likely","Not at all likely","Not at all likely",0
"65-80-65-49",7,"Drought or Extended Period of No Rain",2,"Very severe",0,0,0,0,0,0,0,0,0,0,0,0,0,1,0,"","Not at all likely","Not at all likely","Not at all likely",0
"65-80-65-49",9,"Crop Failure",2,"Very severe",0,0,0,0,0,0,0,0,0,0,0,0,0,1,0,"","Not very likely","Not very likely","Not at all likely",0
"65-80-65-49",15,"Large Rise in Prices of Food",3,"Very severe",0,0,0,0,0,0,0,0,0,0,0,0,0,1,0,"","Not at all likely","Not at all likely","Not very likely",0
"08-76-57-31",7,"Drought or Extended Period of No Rain",2,"Very severe",0,0,2,1,0,0,0,0,0,0,0,0,0,0,0,"","Not at all likely","Not at all likely","Very  likely",0
"08-76-57-31",9,"Crop Failure",2,"Very severe",0,0,1,0,0,0,0,0,0,0,0,0,0,0,0,"","Not at all likely","Not at all likely","Very  likely",0
"08-76-57-31",15,"Large Rise in Prices of Food",3,"Severe",0,0,1,0,0,0,0,0,0,0,0,0,0,0,0,"","Not at all likely","Not at all likely","Not very likely",0
"02-57-88-54",7,"Drought or Extended Period of No Rain",3,"Very severe",0,0,1,0,0,0,0,0,0,0,2,0,0,0,0,"","Very  likely","Not very likely","Not very likely",0
"02-57-88-54",10,"Livestock Disease/Death",3,"Severe",0,0,0,0,0,0,0,0,0,0,0,1,0,0,0,"","Not very likely","Not very likely","Very  likely",0
"02-57-88-54",11,"Livestock Theft(IncludingRaids)",4,"Severe",0,0,0,0,0,0,0,0,0,0,0,0,0,1,0,"","Very  likely","Not very likely","Very  likely",0
"36-87-83-91",4,"Fire on Property",1,"Very severe",1,0,0,0,0,0,0,0,0,0,0,0,0,0,0,"","Not at all likely","Not at all likely","Not at all likely",0
"36-87-83-91",6,"Dwelling Damaged",1,"Very severe",1,0,0,0,0,0,0,0,0,0,0,0,0,0,0,"","Not at all likely","Not at all likely","Not at all likely",0
"36-87-83-91",7,"Drought or Extended Period of No Rain",10,"Very severe",0,0,0,0,0,0,0,0,0,0,1,0,0,0,0,"","Not at all likely","Not at all likely","Not at all likely",0
"36-87-83-91",9,"Crop Failure",2,"Very severe",1,0,0,0,0,0,0,0,0,0,2,0,0,0,0,"","Not at all likely","Not at all likely","Not at all likely",0
"36-87-83-91",10,"Livestock Disease/Death",1,"Very severe",0,0,0,0,0,0,0,0,0,0,0,0,0,1,0,"","Not at all likely","Not at all likely","Not at all likely",0
"36-87-83-91",15,"Large Rise in Prices of Food",3,"Very severe",0,0,1,0,0,0,0,0,0,0,0,0,0,0,0,"","Not at all likely","Not at all likely","Not at all likely",0
"99-46-97-26",7,"Drought or Extended Period of No Rain",2,"Very severe",0,0,1,0,0,0,0,0,0,0,0,0,0,0,0,"","Not very likely","Not very likely","Not at all likely",0
"99-46-97-26",9,"Crop Failure",2,"Very severe",0,0,1,0,0,0,0,0,0,0,0,0,0,0,0,"","Not at all likely","Not at all likely","Not at all likely",0
"99-46-97-26",10,"Livestock Disease/Death",2,"Very severe",0,0,0,0,0,0,0,0,0,0,1,0,0,0,0,"","Not at all likely","Not at all likely","Not at all likely",0
"99-46-97-26",15,"Large Rise in Prices of Food",3,"Very severe",0,0,1,0,0,0,0,0,0,0,2,0,0,0,0,"","Not very likely","Not very likely","Not at all likely",0
"99-46-97-26",16,"Large Rise in Prices of Agricultural Inputs(E.g.Agrochemicals,Machinery,HiredLabour)",2,"Very severe",0,0,0,0,0,0,0,0,0,0,1,0,0,0,0,"","Not at all likely","Not at all likely","Not at all likely",0
"76-21-46-00",1,"Chronicor Severe Illnessor Accident of a Household Member",1,"Very severe",1,0,0,0,0,0,0,0,0,0,0,0,0,0,0,"","Not very likely","Not very likely","Not very likely",0
"76-21-46-00",2,"Death of a Household Member",1,"Very severe",1,0,0,0,0,0,0,0,0,0,0,0,0,0,0,"","Not very likely","Not very likely","Not at all likely",0
"76-21-46-00",5,"Robbery/Burglary",1,"Mild",1,0,0,0,0,0,0,0,0,0,0,0,0,0,0,"","Not very likely","Very  likely","Not at all likely",0
"76-21-46-00",7,"Drought or Extended Period of No Rain",1,"Very severe",1,2,0,0,0,0,0,0,0,0,3,0,0,0,0,"","Very  likely","Very  likely","Not at all likely",0
"76-21-46-00",9,"Crop Failure",1,"Severe",1,2,0,0,0,0,0,0,0,0,3,0,0,0,0,"","Not very likely","Not very likely","Not at all likely",0
"76-21-46-00",10,"Livestock Disease/Death",1,"Mild",1,0,0,0,0,0,0,0,0,0,0,0,0,0,0,"","Not at all likely","Not very likely","Not very likely",0
"76-21-46-00",14,"Large Fall in Sale Prices for Cropsand or Livestock",1,"Very severe",0,0,1,0,0,0,0,0,0,0,0,0,0,0,0,"","Not at all likely","Not very likely","Not very likely",0
"76-21-46-00",15,"Large Rise in Prices of Food",1,"Very severe",0,0,1,0,0,0,2,0,0,0,0,0,0,0,0,"","Not at all likely","Not very likely","Very  likely",0
"76-21-46-00",16,"Large Rise in Prices of Agricultural Inputs(E.g.Agrochemicals,Machinery,HiredLabour)",1,"Very severe",2,0,0,0,0,0,1,0,0,0,0,0,0,0,0,"","Not very likely","Not very likely","Not at all likely",0
"63-02-11-31",1,"Chronicor Severe Illnessor Accident of a Household Member",1,"Very severe",0,0,0,0,0,0,0,0,0,0,0,0,0,1,0,"","Not at all likely","Not very likely","Not at all likely",0
"63-02-11-31",2,"Death of a Household Member",1,"Very severe",0,0,1,0,0,0,0,0,0,0,0,0,0,0,0,"","Not at all likely","Not at all likely","Not at all likely",0
"63-02-11-31",7,"Drought or Extended Period of No Rain",3,"Very severe",0,0,1,0,0,0,2,0,0,0,0,0,0,0,0,"","Not at all likely","Not at all likely","Not at all likely",1
"63-02-11-31",9,"Crop Failure",3,"Very severe",0,0,2,0,0,0,1,0,0,0,0,0,0,0,0,"","Not very likely","Not at all likely","Not very likely",0
"63-02-11-31",15,"Large Rise in Prices of Food",1,"Very severe",0,0,1,0,0,0,0,0,0,0,0,0,0,0,0,"","Not at all likely","Not very likely","Not at all likely",0
"63-02-11-31",16,"Large Rise in Prices of Agricultural Inputs(E.g.Agrochemicals,Machinery,HiredLabour)",1,"Very severe",0,0,0,0,0,0,0,0,0,0,0,0,0,1,0,"","Not at all likely","Not at all likely","Not very likely",0
"45-95-07-81",7,"Drought or Extended Period of No Rain",5,"Very severe",0,0,1,0,0,0,0,0,0,0,2,0,0,0,0,"","Very  likely","Very  likely","Extremely likely",0
"45-95-07-81",9,"Crop Failure",2,"Very severe",0,0,2,0,0,0,0,0,0,0,1,0,0,0,0,"","Not very likely","Not very likely","Very  likely",0
"45-95-07-81",10,"Livestock Disease/Death",2,"Very severe",0,0,0,0,0,0,0,0,0,0,1,0,0,0,0,"","Not very likely","Not very likely","Very  likely",0
"45-95-07-81",15,"Large Rise in Prices of Food",5,"Severe",0,0,1,0,0,0,0,0,0,0,2,0,0,0,0,"","Not very likely","Not very likely","Not very likely",0
"15-84-79-29",1,"Chronicor Severe Illnessor Accident of a Household Member",2,"Very severe",1,0,0,0,0,0,0,0,0,0,0,0,0,0,0,"","Not very likely","Not very likely","Not very likely",0
"15-84-79-29",2,"Death of a Household Member",2,"Very severe",1,0,0,0,0,0,0,0,0,0,0,0,0,0,0,"","Not very likely","Not very likely","Not very likely",0
"15-84-79-29",7,"Drought or Extended Period of No Rain",6,"Very severe",0,0,1,0,0,0,0,0,0,0,2,0,0,0,0,"","Not very likely","Not very likely","Not very likely",0
"15-84-79-29",9,"Crop Failure",2,"Very severe",0,0,1,0,0,0,0,0,0,0,2,0,0,0,0,"","Not very likely","Not very likely","Not very likely",0
"15-84-79-29",10,"Livestock Disease/Death",2,"Very severe",1,0,2,0,0,0,0,0,0,0,0,0,0,0,0,"","Not very likely","Not very likely","Not very likely",0
"52-10-39-37",7,"Drought or Extended Period of No Rain",1,"Very severe",0,0,0,0,0,0,0,0,0,0,1,0,0,0,0,"","Not at all likely","Not very likely","Very  likely",0
"52-10-39-37",9,"Crop Failure",1,"Very severe",0,0,0,0,0,0,0,0,0,0,0,0,0,1,0,"","Not very likely","Not very likely","Very  likely",0
"52-10-39-37",15,"Large Rise in Prices of Food",6,"Very severe",0,0,0,0,0,0,0,0,0,0,1,0,0,0,2,"taking one meal in a day and taking small amount of food.","Not very likely","Not at all likely","Very  likely",0
"57-47-06-86",1,"Chronicor Severe Illnessor Accident of a Household Member",1,"Very severe",1,0,0,0,0,0,0,0,0,0,2,0,0,0,0,"","Not at all likely","Not at all likely","Extremely likely",0
"57-47-06-86",96,"Other",1,"Very severe",2,0,0,0,0,0,0,0,0,0,1,0,0,0,0,"","Not at all likely","Not at all likely","Very  likely",0
"70-03-65-67",9,"Crop Failure",1,"Very severe",0,0,0,0,0,0,0,0,0,0,0,0,0,1,0,"","Not very likely","Not very likely","Not at all likely",0
"70-03-65-67",10,"Livestock Disease/Death",1,"Very severe",0,0,0,0,0,0,0,0,0,0,0,0,0,1,0,"","Not very likely","Not at all likely","Not very likely",0
"70-03-65-67",19,"Ethnic or Clan Clashes",1,"Severe",0,0,0,0,0,0,0,0,0,0,0,0,1,0,0,"","Not very likely","Not very likely","Not very likely",0
"48-58-26-00",1,"Chronicor Severe Illnessor Accident of a Household Member",2,"Very severe",1,0,0,0,0,0,0,0,0,0,0,0,0,0,0,"","Not very likely","Very  likely","Not very likely",0
"48-58-26-00",7,"Drought or Extended Period of No Rain",4,"Very severe",0,0,1,0,0,0,0,0,0,0,0,0,0,0,0,"","Not very likely","Not very likely","Not very likely",0
"48-58-26-00",9,"Crop Failure",2,"Very severe",1,0,2,0,0,0,0,0,0,0,3,0,0,0,0,"","Not at all likely","Not very likely","Not at all likely",0
"48-58-26-00",10,"Livestock Disease/Death",2,"Very severe",0,0,1,0,0,0,0,0,0,0,0,0,0,0,0,"","Not at all likely","Not at all likely","Not very likely",0
"48-58-26-00",14,"Large Fall in Sale Prices for Cropsand or Livestock",1,"Very severe",1,0,0,0,0,0,0,0,0,0,0,0,0,0,0,"","Not at all likely","Not very likely","Not very likely",0
"48-58-26-00",15,"Large Rise in Prices of Food",5,"Very severe",0,0,1,0,0,0,0,0,0,0,0,0,0,0,0,"","Not at all likely","Not at all likely","Not at all likely",0
"48-53-15-07",1,"Chronicor Severe Illnessor Accident of a Household Member",1,"Very severe",1,0,0,0,0,0,0,0,0,0,2,0,0,0,3,"fundraising","Not very likely","Not very likely","Very  likely",0
"48-53-15-07",9,"Crop Failure",2,"Very severe",1,0,0,0,0,0,0,0,0,0,2,0,0,0,0,"","Not very likely","Not very likely","Very  likely",0
"48-53-15-07",10,"Livestock Disease/Death",20,"Very severe",0,0,0,0,0,0,0,0,0,0,0,0,0,1,0,"","Not very likely","Not very likely","Very  likely",0
"48-53-15-07",14,"Large Fall in Sale Prices for Cropsand or Livestock",7,"Very severe",0,0,0,0,0,0,0,0,0,0,1,0,0,0,0,"","Not very likely","Not very likely","Very  likely",0
"48-53-15-07",15,"Large Rise in Prices of Food",8,"Very severe",0,0,1,0,0,0,0,0,0,0,0,0,0,0,2,"two meals a day","Not very likely","Not very likely","Very  likely",0
"44-97-24-07",7,"Drought or Extended Period of No Rain",1,"Severe",0,0,0,0,0,0,0,0,0,0,0,1,0,0,0,"","Not very likely","Not at all likely","Not at all likely",0
"44-97-24-07",9,"Crop Failure",1,"Very severe",0,0,0,2,0,0,0,0,0,0,1,0,0,0,0,"","Not very likely","Not very likely","Not at all likely",0
"44-97-24-07",11,"Livestock Theft(IncludingRaids)",1,"Mild",0,0,0,0,0,0,0,0,0,0,0,0,1,0,0,"","Not at all likely","Not at all likely","Not at all likely",0
"44-97-24-07",14,"Large Fall in Sale Prices for Cropsand or Livestock",6,"Severe",0,0,0,0,0,0,0,0,0,0,0,0,0,1,0,"","Not at all likely","Not at all likely","Not at all likely",0
"44-97-24-07",15,"Large Rise in Prices of Food",10,"Very severe",0,0,0,0,0,0,0,0,0,0,2,0,0,1,0,"","Not at all likely","Not at all likely","Not at all likely",0
"63-58-57-56",1,"Chronicor Severe Illnessor Accident of a Household Member",3,"Very severe",1,0,0,0,0,0,0,0,0,0,2,0,0,0,0,"","Extremely likely","Not very likely","Not very likely",0
"63-58-57-56",7,"Drought or Extended Period of No Rain",7,"Very severe",0,0,0,0,0,0,0,0,0,0,1,0,0,0,0,"","Not very likely","Not very likely","Not very likely",0
"63-58-57-56",9,"Crop Failure",2,"Very severe",0,0,1,0,0,0,0,0,0,0,2,0,0,0,0,"","Not very likely","Very  likely","Not at all likely",0
"63-58-57-56",10,"Livestock Disease/Death",2,"Very severe",0,0,0,0,0,0,0,0,0,0,0,0,0,1,0,"","Not at all likely","Not at all likely","Not at all likely",0
"50-43-62-27",7,"Drought or Extended Period of No Rain",6,"Very severe",0,0,0,0,0,0,0,0,0,0,0,0,0,1,0,"","Extremely likely","Not at all likely","Not very likely",0
"50-43-62-27",15,"Large Rise in Prices of Food",8,"Severe",0,0,0,0,0,0,0,0,0,0,0,0,0,1,0,"","Not very likely","Not very likely","Not very likely",0
"80-45-95-05",7,"Drought or Extended Period of No Rain",3,"Very severe",0,0,0,0,0,0,0,0,0,0,0,1,0,0,0,"","Not very likely","Very  likely","Very  likely",0
"80-45-95-05",9,"Crop Failure",1,"Severe",0,0,0,0,0,0,0,0,0,0,2,0,0,1,0,"","Not very likely","Not very likely","Very  likely",0
"80-45-95-05",15,"Large Rise in Prices of Food",4,"Very severe",2,0,0,0,0,1,0,0,0,0,0,0,0,0,0,"","Not at all likely","Not at all likely","Extremely likely",0
"80-45-95-05",19,"Ethnic or Clan Clashes",1,"Very severe",0,0,0,0,0,1,0,0,0,0,0,0,0,0,0,"","Not at all likely","Not very likely","Very  likely",0
"63-29-07-40",1,"Chronicor Severe Illnessor Accident of a Household Member",1,"Very severe",1,0,2,0,0,0,0,0,0,0,0,0,0,0,0,"","Not very likely","Not very likely","Not very likely",0
"63-29-07-40",2,"Death of a Household Member",1,"Very severe",1,0,0,0,0,0,0,0,0,0,2,0,0,0,0,"","Not very likely","Not very likely","Not at all likely",0
"54-48-29-18",9,"Crop Failure",1,"Severe",0,0,1,0,0,0,0,0,0,0,0,0,0,0,0,"","Very  likely","Not very likely","Not very likely",0
"50-16-00-20",15,"Large Rise in Prices of Food",1,"Severe",0,0,1,0,0,0,0,0,0,0,0,0,0,2,0,"","Not very likely","Not very likely","Not very likely",0
"50-16-00-20",19,"Ethnic or Clan Clashes",2,"Mild",0,0,0,0,0,0,0,0,0,0,0,0,0,1,0,"","Not at all likely","Not at all likely","Not at all likely",0
"45-36-57-50",1,"Chronicor Severe Illnessor Accident of a Household Member",8,"Very severe",0,0,0,0,0,0,2,0,0,0,1,0,0,0,0,"","Not at all likely","Not at all likely","Not at all likely",0
"45-36-57-50",7,"Drought or Extended Period of No Rain",7,"Very severe",0,0,1,0,0,0,0,0,0,0,0,0,0,0,0,"","Not at all likely","Not at all likely","Not at all likely",0
"45-36-57-50",14,"Large Fall in Sale Prices for Cropsand or Livestock",2,"Severe",0,0,0,0,0,0,0,0,0,0,1,0,0,0,0,"","Not very likely","Not very likely","Not very likely",0
"45-36-57-50",15,"Large Rise in Prices of Food",5,"Severe",0,0,0,0,0,0,0,0,0,0,1,0,0,0,0,"","Not very likely","Not very likely","Not very likely",0
"49-75-44-53",1,"Chronicor Severe Illnessor Accident of a Household Member",2,"Very severe",0,0,0,0,0,0,0,0,0,0,0,0,0,1,0,"","Not at all likely","Not at all likely","Not at all likely",0
"49-75-44-53",2,"Death of a Household Member",1,"Very severe",0,0,0,0,0,0,0,0,0,0,0,0,0,1,0,"","Not at all likely","Not at all likely","Not at all likely",0
"49-75-44-53",4,"Fire on Property",1,"Very severe",1,0,0,0,0,0,0,0,0,0,0,0,0,0,2,"fundraising","Not at all likely","Not at all likely","Not at all likely",0
"49-75-44-53",6,"Dwelling Damaged",1,"Very severe",0,0,0,0,0,0,0,0,0,0,0,0,0,0,1,"Fundraising","Not at all likely","Not at all likely","Not at all likely",0
"49-75-44-53",7,"Drought or Extended Period of No Rain",7,"Very severe",0,0,1,0,0,0,0,0,0,0,2,0,0,0,0,"","Not at all likely","Not at all likely","Not very likely",0
"49-75-44-53",10,"Livestock Disease/Death",1,"Very severe",0,0,0,0,0,0,0,0,0,0,0,0,0,1,0,"","Not very likely","Not at all likely","Not very likely",0
"49-75-44-53",14,"Large Fall in Sale Prices for Cropsand or Livestock",1,"Severe",0,0,1,0,0,0,0,0,0,0,0,0,0,0,0,"","Not very likely","Not very likely","Not very likely",0
"49-75-44-53",15,"Large Rise in Prices of Food",3,"Very severe",1,0,2,0,0,0,0,0,0,0,0,0,0,0,0,"","Not at all likely","Not at all likely","Not at all likely",0
"35-67-10-08",2,"Death of a Household Member",1,"Very severe",1,0,0,0,0,0,0,0,0,0,2,0,0,0,0,"","Not very likely","Not very likely","Not very likely",0
"12-79-91-83",7,"Drought or Extended Period of No Rain",1,"Very severe",1,0,0,0,0,0,0,0,0,0,0,0,0,0,0,"","Not very likely","Not very likely","Very  likely",0
"12-79-91-83",11,"Livestock Theft(IncludingRaids)",1,"Very severe",0,0,0,0,0,0,0,0,0,0,0,1,0,0,0,"","Not very likely","Not very likely","Extremely likely",0
"12-79-91-83",15,"Large Rise in Prices of Food",2,"Very severe",1,0,0,0,0,0,0,0,0,0,0,0,0,0,0,"","Not very likely","Not very likely","Very  likely",0
"19-90-00-01",7,"Drought or Extended Period of No Rain",6,"Very severe",0,0,0,0,0,0,0,0,0,0,1,0,0,0,0,"","Not at all likely","Not very likely","Not very likely",0
"19-90-00-01",11,"Livestock Theft(IncludingRaids)",8,"Very severe",0,0,0,0,0,0,0,0,0,0,0,1,0,0,0,"","Not at all likely","Not at all likely","Not at all likely",0
"19-90-00-01",15,"Large Rise in Prices of Food",6,"Very severe",0,0,0,0,0,0,0,0,0,0,1,0,0,0,0,"","Not at all likely","Not at all likely","Not at all likely",0
"29-86-40-08",9,"Crop Failure",1,"Severe",0,0,0,0,0,0,0,0,0,0,0,0,0,1,0,"","Not very likely","Not very likely","Very  likely",0
"29-86-40-08",11,"Livestock Theft(IncludingRaids)",1,"Very severe",0,0,0,0,0,1,0,0,0,0,0,0,0,0,0,"","Not very likely","Not very likely","Very  likely",0
"29-86-40-08",15,"Large Rise in Prices of Food",5,"Very severe",0,0,0,0,0,0,0,0,0,0,1,0,0,0,0,"","Not very likely","Not very likely","Very  likely",0
"29-86-40-08",19,"Ethnic or Clan Clashes",1,"Very severe",0,0,0,0,0,1,0,0,0,0,0,0,0,0,0,"","Not very likely","Not very likely","Very  likely",0
"10-69-61-22",7,"Drought or Extended Period of No Rain",8,"Very severe",0,0,1,0,0,0,0,0,0,0,2,0,0,0,0,"","Not very likely","Not very likely","Not very likely",0
"10-69-61-22",9,"Crop Failure",1,"Very severe",0,0,1,0,0,0,0,0,0,0,2,0,0,0,0,"","Not very likely","Not very likely","Not very likely",0
"10-69-61-22",10,"Livestock Disease/Death",14,"Very severe",0,0,0,0,0,0,0,0,0,0,0,0,0,0,1,"livestock injection","Not very likely","Not very likely","Not very likely",0
"10-69-61-22",12,"Household Business Failure(Non-Agricultural)",2,"Very severe",0,0,0,0,0,0,0,0,0,0,1,0,0,0,0,"","Not very likely","Not very likely","Not very likely",0
"10-69-61-22",15,"Large Rise in Prices of Food",1,"Very severe",0,0,0,0,0,0,0,0,0,0,1,0,0,0,0,"","Not very likely","Not very likely","Not very likely",0
"10-69-61-22",19,"Ethnic or Clan Clashes",3,"Very severe",0,0,0,0,0,0,0,0,0,0,0,1,0,0,0,"","Not very likely","Not at all likely","Not very likely",0
"73-57-30-20",1,"Chronicor Severe Illnessor Accident of a Household Member",2,"Very severe",0,0,1,0,0,0,0,0,0,0,0,0,0,0,0,"","Not at all likely","Not at all likely","Not at all likely",0
"73-57-30-20",2,"Death of a Household Member",1,"Very severe",1,2,0,0,0,0,0,0,0,0,0,0,0,0,0,"","Not at all likely","Not at all likely","Not at all likely",0
"73-57-30-20",7,"Drought or Extended Period of No Rain",7,"Very severe",0,0,1,0,0,0,0,0,0,0,2,0,0,0,0,"","Not at all likely","Not at all likely","Not at all likely",0
"73-57-30-20",15,"Large Rise in Prices of Food",2,"Very severe",0,0,1,0,0,0,0,0,0,0,0,0,0,0,0,"","Not at all likely","Not at all likely","Not at all likely",0
"98-91-04-48",7,"Drought or Extended Period of No Rain",3,"Very severe",0,0,0,0,0,0,0,0,0,0,1,0,0,0,0,"","Not very likely","Not very likely","Not at all likely",0
"98-91-04-48",9,"Crop Failure",1,"Severe",0,0,0,0,0,0,0,0,0,0,1,0,0,0,0,"","Not at all likely","Not very likely","Not at all likely",0
"98-91-04-48",10,"Livestock Disease/Death",2,"Very severe",0,0,0,0,0,0,0,0,0,0,1,0,0,2,0,"","Not very likely","Not at all likely","Not at all likely",0
"98-91-04-48",14,"Large Fall in Sale Prices for Cropsand or Livestock",2,"Severe",0,0,0,0,0,0,1,0,0,0,2,0,0,0,0,"","Not very likely","Not at all likely","Not very likely",0
"98-91-04-48",15,"Large Rise in Prices of Food",2,"Very severe",0,1,0,0,0,0,0,0,0,0,2,0,0,0,0,"","Not very likely","Not at all likely","Not very likely",0
"74-01-41-82",7,"Drought or Extended Period of No Rain",9,"Very severe",0,0,0,0,0,0,0,0,0,0,1,0,0,0,0,"","Not very likely","Not very likely","Not very likely",0
"74-01-41-82",10,"Livestock Disease/Death",2,"Very severe",0,0,0,0,0,0,0,0,0,0,0,0,0,0,1,"Injection of the other remaining livestock","Not very likely","Not at all likely","Not very likely",0
"74-01-41-82",15,"Large Rise in Prices of Food",9,"Very severe",0,0,0,0,0,0,0,0,0,0,1,0,0,0,0,"","Not very likely","Not at all likely","Not very likely",0
"74-01-41-82",19,"Ethnic or Clan Clashes",3,"Very severe",0,0,0,0,0,0,0,0,0,0,0,1,0,0,0,"","Not very likely","Not at all likely","Not very likely",0
"30-00-59-90",1,"Chronicor Severe Illnessor Accident of a Household Member",1,"Very severe",1,0,0,0,0,0,0,0,0,0,0,0,0,0,0,"","Not very likely","Not very likely","Not very likely",0
"30-00-59-90",2,"Death of a Household Member",1,"Very severe",1,0,0,0,0,0,0,0,0,0,0,0,0,0,0,"","Not at all likely","Not at all likely","Not at all likely",0
"30-00-59-90",7,"Drought or Extended Period of No Rain",8,"Very severe",0,0,0,0,0,0,0,0,0,0,1,0,0,0,0,"","Not very likely","Not at all likely","Not at all likely",0
"30-00-59-90",10,"Livestock Disease/Death",10,"Very severe",0,0,0,0,0,0,0,0,0,0,0,0,0,0,1,"Injection of livestock","Not very likely","Not at all likely","Not very likely",0
"30-00-59-90",15,"Large Rise in Prices of Food",12,"Very severe",0,0,0,0,0,0,0,0,0,0,1,0,0,0,0,"","Not very likely","Not at all likely","Not very likely",0
"30-00-59-90",19,"Ethnic or Clan Clashes",2,"Very severe",0,1,0,0,0,0,0,0,0,0,0,0,0,0,0,"","Not very likely","Not at all likely","Not very likely",0
"66-77-39-39",7,"Drought or Extended Period of No Rain",1,"Severe",0,0,1,0,0,0,0,0,0,0,0,0,0,0,0,"","Not very likely","Not very likely","Not very likely",0
"66-77-39-39",9,"Crop Failure",1,"Severe",0,0,1,0,0,0,0,0,0,0,0,0,0,0,0,"","Not very likely","Not at all likely","Not very likely",0
"66-77-39-39",15,"Large Rise in Prices of Food",1,"Severe",0,0,0,0,0,0,0,0,0,0,0,0,0,1,0,"","Not at all likely","Not very likely","Not at all likely",0
"66-77-39-39",19,"Ethnic or Clan Clashes",1,"Severe",0,0,0,0,0,0,0,0,0,0,0,1,0,0,0,"","Not at all likely","Not at all likely","Not at all likely",0
"35-78-11-70",15,"Large Rise in Prices of Food",3,"Very severe",0,0,1,0,0,0,0,0,0,0,0,0,0,0,0,"","Not at all likely","Not at all likely","Very  likely",0
"75-25-98-04",1,"Chronicor Severe Illnessor Accident of a Household Member",1,"Severe",0,0,0,0,0,0,0,0,0,0,0,0,0,1,0,"","Not at all likely","Not very likely","Not at all likely",0
"09-00-12-98",3,"Household Member Jailed",1,"Very severe",1,0,0,0,0,0,0,0,0,0,0,0,0,0,0,"","Not at all likely","Very  likely","Extremely likely",0
"09-00-12-98",7,"Drought or Extended Period of No Rain",1,"Very severe",0,0,3,0,1,0,2,0,0,0,4,0,0,0,0,"","Not at all likely","Not very likely","Extremely likely",0
"09-00-12-98",8,"Floods",1,"Very severe",0,0,0,0,0,0,0,0,0,0,0,1,0,0,0,"","Not very likely","Not very likely","Extremely likely",0
"09-00-12-98",9,"Crop Failure",1,"Very severe",0,0,1,0,2,0,0,0,0,0,3,0,0,0,0,"","Not at all likely","Not at all likely","Extremely likely",0
"09-00-12-98",10,"Livestock Disease/Death",10,"Very severe",0,0,0,0,0,0,0,0,0,0,0,0,0,1,0,"","Not very likely","Not very likely","Extremely likely",0
"09-00-12-98",15,"Large Rise in Prices of Food",1,"Very severe",0,0,1,0,2,0,0,0,0,0,0,0,0,0,0,"","Not very likely","Not very likely","Extremely likely",0
"09-00-12-98",16,"Large Rise in Prices of Agricultural Inputs(E.g.Agrochemicals,Machinery,HiredLabour)",1,"Very severe",0,0,0,0,0,0,0,0,0,0,1,0,0,0,0,"","Not very likely","Not very likely","Extremely likely",0
"13-38-59-03",7,"Drought or Extended Period of No Rain",2,"Very severe",0,0,0,0,1,0,0,0,0,0,0,2,0,0,0,"","Not at all likely","Not very likely","Extremely likely",0
"13-38-59-03",8,"Floods",1,"Severe",0,0,0,0,0,1,0,0,0,0,0,0,0,0,0,"","Not at all likely","Very  likely","Extremely likely",0
"13-38-59-03",15,"Large Rise in Prices of Food",4,"Very severe",0,0,0,0,1,0,0,0,0,0,0,0,0,0,0,"","Not at all likely","Not at all likely","Extremely likely",0
"13-38-59-03",16,"Large Rise in Prices of Agricultural Inputs(E.g.Agrochemicals,Machinery,HiredLabour)",1,"Very severe",0,0,0,0,0,0,0,0,0,0,0,0,0,1,0,"","Not very likely","Not very likely","Not very likely",0
"26-77-14-31",6,"Dwelling Damaged",1,"Very severe",1,0,0,0,0,0,0,0,0,0,0,2,0,0,0,"","Not at all likely","Not very likely","Extremely likely",0
"26-77-14-31",7,"Drought or Extended Period of No Rain",1,"Very severe",0,0,1,0,2,0,0,0,0,0,0,0,0,0,0,"","Not at all likely","Not at all likely","Extremely likely",0
"26-77-14-31",8,"Floods",1,"Very severe",2,0,0,0,0,0,0,0,0,0,0,1,0,0,0,"","Not very likely","Not at all likely","Extremely likely",0
"26-77-14-31",9,"Crop Failure",1,"Very severe",0,0,0,0,0,0,0,0,1,0,0,0,0,0,0,"","Not very likely","Not at all likely","Extremely likely",0
"26-77-14-31",15,"Large Rise in Prices of Food",1,"Very severe",0,0,0,0,1,0,0,0,0,0,0,0,0,0,0,"","Not very likely","Not very likely","Extremely likely",0
"26-77-14-31",16,"Large Rise in Prices of Agricultural Inputs(E.g.Agrochemicals,Machinery,HiredLabour)",1,"Very severe",0,0,0,1,0,0,0,0,0,0,0,0,0,0,0,"","Not at all likely","Not very likely","Very  likely",0
"04-52-21-75",7,"Drought or Extended Period of No Rain",1,"Very severe",0,1,2,0,3,0,0,0,0,0,0,0,0,0,0,"","Not very likely","Very  likely","Extremely likely",0
"04-52-21-75",10,"Livestock Disease/Death",2,"Severe",0,0,0,0,0,0,0,0,0,0,0,0,0,1,0,"","Not at all likely","Not at all likely","Very  likely",0
"04-52-21-75",15,"Large Rise in Prices of Food",4,"Very severe",0,0,0,0,1,0,0,0,0,0,2,0,0,0,0,"","Not at all likely","Very  likely","Very  likely",0
"49-10-89-14",6,"Dwelling Damaged",1,"Very severe",1,0,0,0,0,0,0,0,0,0,0,0,0,0,0,"","Not very likely","Very  likely","Very  likely",0
"49-10-89-14",8,"Floods",1,"Very severe",2,1,0,0,0,0,0,0,0,0,0,0,0,0,0,"","Not very likely","Not at all likely","Not very likely",0
"49-10-89-14",15,"Large Rise in Prices of Food",3,"Severe",0,0,1,0,0,0,0,0,0,0,0,0,0,0,0,"","Very  likely","Not very likely","Not at all likely",0
"15-13-85-83",7,"Drought or Extended Period of No Rain",1,"Severe",0,0,0,0,0,0,0,0,0,0,0,1,0,0,0,"","Not very likely","Not at all likely","Not at all likely",0
"15-13-85-83",8,"Floods",2,"Very severe",0,0,0,0,0,0,0,0,0,0,0,1,0,0,0,"","Not very likely","Not at all likely","Not at all likely",0
"15-13-85-83",9,"Crop Failure",1,"Severe",0,0,1,0,0,0,0,0,0,0,0,0,0,0,0,"","Not at all likely","Not at all likely","Not at all likely",0
"15-13-85-83",10,"Livestock Disease/Death",1,"Mild",0,0,0,0,0,0,0,0,0,0,0,0,1,0,0,"","Not at all likely","Not at all likely","Not at all likely",0
"15-13-85-83",14,"Large Fall in Sale Prices for Cropsand or Livestock",1,"Mild",0,0,0,0,0,0,0,0,0,0,0,0,0,1,0,"","Not at all likely","Not at all likely","Not at all likely",0
"15-13-85-83",15,"Large Rise in Prices of Food",10,"Severe",0,0,1,0,0,0,0,0,0,0,0,0,0,0,0,"","Not at all likely","Not at all likely","Not at all likely",0
"81-99-34-25",2,"Death of a Household Member",1,"Very severe",0,0,1,0,0,0,0,0,0,0,0,0,0,0,0,"","Not at all likely","Not at all likely","Not at all likely",0
"81-99-34-25",7,"Drought or Extended Period of No Rain",2,"Very severe",1,0,0,0,0,0,0,0,0,0,0,0,0,0,0,"","Not at all likely","Not at all likely","Not at all likely",0
"81-99-34-25",9,"Crop Failure",1,"Very severe",1,0,0,0,0,0,0,0,0,0,0,0,0,0,0,"","Not at all likely","Not at all likely","Not at all likely",0
"81-99-34-25",10,"Livestock Disease/Death",2,"Very severe",1,0,0,0,0,0,0,0,0,0,0,0,0,0,0,"","Not at all likely","Not at all likely","Not at all likely",0
"81-99-34-25",15,"Large Rise in Prices of Food",2,"Very severe",1,0,0,0,0,0,0,0,0,0,0,0,0,0,0,"","Not at all likely","Not at all likely","Not at all likely",0
"96-35-08-20",6,"Dwelling Damaged",1,"Very severe",0,0,0,0,0,0,0,0,0,0,0,0,0,1,0,"","Not very likely","Not very likely","Very  likely",1
"96-35-08-20",7,"Drought or Extended Period of No Rain",1,"Very severe",0,0,1,0,2,0,0,0,0,0,0,0,0,0,0,"","Not very likely","Not very likely","Extremely likely",0
"96-35-08-20",8,"Floods",1,"Very severe",0,0,0,0,0,0,0,0,0,0,0,0,0,1,0,"","Not very likely","Not very likely","Very  likely",0
"96-35-08-20",15,"Large Rise in Prices of Food",1,"Severe",0,3,1,0,2,0,0,0,0,0,0,0,0,0,0,"","Not very likely","Not very likely","Very  likely",0
"96-35-08-20",16,"Large Rise in Prices of Agricultural Inputs(E.g.Agrochemicals,Machinery,HiredLabour)",1,"Very severe",0,0,0,0,0,0,0,0,1,0,2,0,0,0,0,"","Not very likely","Not very likely","Extremely likely",0
"78-02-12-77",7,"Drought or Extended Period of No Rain",2,"Severe",0,0,0,0,0,0,0,0,0,0,0,0,0,1,0,"","Not at all likely","Not at all likely","Not at all likely",0
"78-02-12-77",9,"Crop Failure",2,"Very severe",0,0,0,0,0,0,0,0,0,0,0,0,0,1,0,"","Not at all likely","Not very likely","Not very likely",0
"78-02-12-77",10,"Livestock Disease/Death",2,"Severe",0,0,0,0,0,0,0,0,0,0,1,0,0,0,0,"","Not at all likely","Not very likely","Not very likely",0
"78-02-12-77",15,"Large Rise in Prices of Food",4,"Very severe",0,0,1,0,0,0,0,0,0,0,0,0,0,0,0,"","Not very likely","Not very likely","Not very likely",0
"66-37-18-93",7,"Drought or Extended Period of No Rain",1,"Severe",0,0,0,0,0,0,0,0,0,0,0,1,0,0,0,"","Not very likely","Not at all likely","Not at all likely",0
"66-37-18-93",9,"Crop Failure",1,"Severe",0,0,0,1,0,0,0,0,0,0,0,0,0,0,0,"","Not at all likely","Not at all likely","Not at all likely",0
"66-37-18-93",10,"Livestock Disease/Death",1,"Mild",0,2,0,0,0,0,0,0,0,0,0,0,1,0,0,"","Not at all likely","Not at all likely","Not at all likely",0
"66-37-18-93",14,"Large Fall in Sale Prices for Cropsand or Livestock",3,"Mild",0,0,0,0,0,0,0,0,0,0,0,0,0,1,0,"","Not very likely","Not at all likely","Not at all likely",0
"66-37-18-93",15,"Large Rise in Prices of Food",8,"Severe",0,0,1,0,0,0,0,0,0,0,0,0,0,0,0,"","Not very likely","Not at all likely","Not at all likely",0
"66-37-18-93",16,"Large Rise in Prices of Agricultural Inputs(E.g.Agrochemicals,Machinery,HiredLabour)",1,"Mild",0,0,0,0,0,0,0,0,0,0,0,0,0,1,0,"","Not at all likely","Not at all likely","Not at all likely",0
"77-89-79-33",7,"Drought or Extended Period of No Rain",2,"Very severe",0,0,1,0,0,0,3,0,0,0,2,0,0,0,0,"","Very  likely","Not very likely","Not very likely",0
"77-89-79-33",8,"Floods",2,"Severe",0,0,0,0,0,0,0,0,0,0,1,0,0,0,0,"","Not very likely","Very  likely","Not at all likely",1
"77-89-79-33",9,"Crop Failure",2,"Very severe",0,0,1,0,0,0,2,0,0,0,3,0,0,0,0,"","Not at all likely","Not at all likely","Not at all likely",0
"77-89-79-33",10,"Livestock Disease/Death",2,"Very severe",0,0,0,0,0,0,1,0,0,0,0,0,0,0,0,"","Not at all likely","Not at all likely","Not at all likely",0
"77-89-79-33",14,"Large Fall in Sale Prices for Cropsand or Livestock",2,"Very severe",0,0,1,0,0,0,2,0,0,0,3,0,0,0,0,"","Not at all likely","Not at all likely","Not at all likely",0
"77-89-79-33",15,"Large Rise in Prices of Food",2,"Very severe",0,0,1,0,0,0,2,0,0,0,3,0,0,0,0,"","Extremely likely","Not very likely","Not at all likely",0
"77-89-79-33",16,"Large Rise in Prices of Agricultural Inputs(E.g.Agrochemicals,Machinery,HiredLabour)",1,"Very severe",0,0,0,0,0,0,0,0,0,0,1,0,0,0,0,"","Not at all likely","Not very likely","Not very likely",0
"09-97-47-73",7,"Drought or Extended Period of No Rain",2,"Very severe",0,0,1,0,0,0,0,0,0,0,0,0,0,0,2,"charcoal  burning","Not at all likely","Not at all likely","Not at all likely",0
"09-97-47-73",9,"Crop Failure",2,"Very severe",0,0,1,0,0,0,0,0,0,0,0,0,0,0,2,"charcoal burning","Not at all likely","Not at all likely","Not at all likely",0
"09-97-47-73",10,"Livestock Disease/Death",3,"Very severe",0,0,0,0,0,0,0,0,0,0,0,0,0,1,0,"","Not at all likely","Not at all likely","Not at all likely",0
"09-97-47-73",14,"Large Fall in Sale Prices for Cropsand or Livestock",3,"Very severe",0,0,1,0,0,0,0,0,0,0,0,0,0,0,2,"charcoal  burning","Not at all likely","Not at all likely","Not very likely",0
"09-97-47-73",15,"Large Rise in Prices of Food",2,"Very severe",0,0,1,0,0,0,0,0,0,0,0,0,0,0,2,"charcoal  burning","Not at all likely","Not at all likely","Not at all likely",0
"62-45-31-86",7,"Drought or Extended Period of No Rain",10,"Very severe",0,0,1,0,0,0,0,0,0,0,2,0,0,0,0,"","Not at all likely","Not at all likely","Not at all likely",0
"62-45-31-86",15,"Large Rise in Prices of Food",2,"Very severe",0,0,1,0,0,0,0,0,0,0,2,0,0,0,0,"","Not at all likely","Not at all likely","Not at all likely",0
"96-13-78-99",1,"Chronicor Severe Illnessor Accident of a Household Member",1,"Very severe",1,0,0,0,0,0,0,0,0,0,2,0,0,0,0,"","Not at all likely","Not at all likely","Not at all likely",0
"96-13-78-99",7,"Drought or Extended Period of No Rain",5,"Very severe",0,0,1,0,0,0,0,0,0,0,2,0,0,0,0,"","Not very likely","Not very likely","Not at all likely",0
"96-13-78-99",9,"Crop Failure",5,"Very severe",0,2,1,0,0,0,0,0,0,0,0,0,0,0,0,"","Not at all likely","Not at all likely","Not at all likely",0
"96-13-78-99",10,"Livestock Disease/Death",2,"Very severe",0,0,1,0,0,0,0,0,0,0,0,0,0,0,0,"","Not very likely","Not at all likely","Not at all likely",0
"96-13-78-99",14,"Large Fall in Sale Prices for Cropsand or Livestock",1,"Very severe",0,0,0,0,0,0,0,0,0,0,0,0,0,1,0,"","Not very likely","Not very likely","Not very likely",0
"96-13-78-99",18,"End of Regular Assistance(E.g.Pension,CashTransfer,Remittances)from Outside the Household",1,"Very severe",0,0,0,0,0,0,0,0,0,0,0,0,0,1,0,"","Not very likely","Not very likely","Not very likely",0
"25-35-15-07",7,"Drought or Extended Period of No Rain",1,"Severe",0,0,2,0,0,0,0,0,0,0,0,1,0,0,0,"","Not at all likely","Not at all likely","Not at all likely",0
"25-35-15-07",9,"Crop Failure",1,"Severe",0,0,1,0,0,0,0,0,0,0,0,0,0,2,0,"","Not at all likely","Not at all likely","Not at all likely",0
"25-35-15-07",10,"Livestock Disease/Death",1,"Severe",0,0,0,0,0,0,0,0,0,0,1,0,0,0,0,"","Not at all likely","Not at all likely","Not at all likely",0
"25-35-15-07",15,"Large Rise in Prices of Food",1,"Severe",0,0,0,0,0,0,0,0,0,0,0,0,0,1,0,"","Not at all likely","Not at all likely","Not at all likely",0
"10-80-25-79",1,"Chronicor Severe Illnessor Accident of a Household Member",5,"Very severe",0,0,0,0,0,0,0,0,0,0,1,0,0,0,0,"","Not at all likely","Not at all likely","Not at all likely",0
"10-80-25-79",7,"Drought or Extended Period of No Rain",7,"Very severe",0,0,1,0,0,0,0,0,0,0,0,0,0,0,0,"","Not at all likely","Not very likely","Not at all likely",0
"10-80-25-79",10,"Livestock Disease/Death",10,"Very severe",0,0,0,0,0,0,0,0,0,0,0,0,0,0,1,"tried to vaccinate","Not at all likely","Not very likely","Not at all likely",0
"10-80-25-79",14,"Large Fall in Sale Prices for Cropsand or Livestock",1,"Severe",0,0,1,0,0,0,0,0,0,0,0,0,0,0,0,"","Not at all likely","Not very likely","Not very likely",0
"10-80-25-79",15,"Large Rise in Prices of Food",5,"Very severe",0,0,0,0,0,0,0,0,0,0,1,0,0,0,0,"","Not at all likely","Not very likely","Not at all likely",0
"46-89-14-96",2,"Death of a Household Member",2,"Very severe",1,0,0,0,0,0,0,0,0,0,0,0,0,0,0,"","Not at all likely","Not at all likely","Extremely likely",0
"46-89-14-96",7,"Drought or Extended Period of No Rain",1,"Very severe",0,0,0,0,0,0,0,0,0,0,0,0,0,1,0,"","Not very likely","Not very likely","Extremely likely",0
"46-89-14-96",9,"Crop Failure",1,"Very severe",0,0,0,0,0,0,0,0,0,0,0,0,0,1,0,"","Not very likely","Not very likely","Extremely likely",0
"46-89-14-96",14,"Large Fall in Sale Prices for Cropsand or Livestock",1,"Mild",0,0,1,0,0,0,0,0,0,0,2,0,0,0,0,"","Not very likely","Not at all likely","Extremely likely",0
"46-89-14-96",15,"Large Rise in Prices of Food",1,"Very severe",0,0,1,0,0,0,0,0,0,0,0,0,0,0,0,"","Not at all likely","Not at all likely","Very  likely",0
"80-24-04-77",7,"Drought or Extended Period of No Rain",1,"Severe",0,0,0,0,0,0,0,0,0,0,0,0,0,0,1,"Relied on Relieve foods","Not at all likely","Very  likely","Very  likely",0
"80-24-04-77",9,"Crop Failure",1,"Severe",0,0,0,0,0,0,0,0,0,0,1,0,0,0,0,"","Not at all likely","Not at all likely","Very  likely",0
"80-24-04-77",14,"Large Fall in Sale Prices for Cropsand or Livestock",1,"Severe",0,0,0,0,0,0,0,0,0,0,0,0,0,1,0,"","Not at all likely","Not at all likely","Very  likely",0
"80-24-04-77",15,"Large Rise in Prices of Food",1,"Severe",0,0,0,0,0,0,0,0,0,0,1,0,0,0,0,"","Not at all likely","Not at all likely","Very  likely",0
"26-82-89-21",1,"Chronicor Severe Illnessor Accident of a Household Member",1,"Very severe",1,0,0,0,0,0,0,0,0,0,0,0,0,0,0,"","Not at all likely","Not at all likely","Not at all likely",0
"26-82-89-21",7,"Drought or Extended Period of No Rain",1,"Very severe",0,0,1,0,0,0,0,0,0,0,2,0,0,0,0,"","Not at all likely","Not at all likely","Not at all likely",0
"26-82-89-21",9,"Crop Failure",1,"Very severe",0,0,1,0,0,0,0,0,0,0,0,0,0,0,0,"","Very  likely","Very  likely","Not at all likely",0
"26-82-89-21",10,"Livestock Disease/Death",3,"Very severe",0,0,0,0,0,0,0,0,0,0,0,0,0,0,1,"vaccination","Not at all likely","Not at all likely","Not at all likely",0
"26-82-89-21",15,"Large Rise in Prices of Food",1,"Severe",0,0,0,0,0,0,0,0,0,0,0,0,0,1,0,"","Not at all likely","Not at all likely","Not at all likely",0
"26-82-89-21",18,"End of Regular Assistance(E.g.Pension,CashTransfer,Remittances)from Outside the Household",1,"Very severe",0,0,1,0,0,0,0,0,0,0,2,0,0,0,0,"","Not at all likely","Not at all likely","Not at all likely",0
"22-43-50-27",7,"Drought or Extended Period of No Rain",1,"Severe",0,0,0,0,0,0,0,0,0,0,0,0,0,1,0,"","Not very likely","Not very likely","Very  likely",0
"22-43-50-27",10,"Livestock Disease/Death",15,"Very severe",1,0,0,0,0,0,0,0,0,0,0,0,0,0,0,"","Not very likely","Not very likely","Very  likely",0
"22-43-50-27",15,"Large Rise in Prices of Food",1,"Severe",0,0,0,0,0,0,0,0,0,0,1,0,0,0,0,"","Not very likely","Not very likely","Very  likely",0
"41-41-55-55",7,"Drought or Extended Period of No Rain",1,"Severe",0,0,0,0,0,0,0,0,0,0,0,0,0,1,0,"","Not very likely","Not very likely","Very  likely",0
"41-41-55-55",10,"Livestock Disease/Death",3,"Severe",0,0,0,0,0,0,0,0,0,0,0,0,0,0,1,"used some injection to curb  the disease","Not very likely","Not very likely","Very  likely",0
"41-41-55-55",14,"Large Fall in Sale Prices for Cropsand or Livestock",1,"Severe",0,0,0,0,0,0,0,0,0,0,1,0,0,0,0,"","Not very likely","Not very likely","Extremely likely",0
"41-41-55-55",15,"Large Rise in Prices of Food",1,"Severe",0,0,1,0,0,0,0,0,0,0,0,0,0,0,0,"","Not very likely","Not very likely","Extremely likely",0
"26-69-32-41",4,"Fire on Property",1,"Very severe",0,0,0,0,0,0,0,0,0,0,0,0,0,0,1,"The respondent build another house","Not very likely","Not at all likely","Not very likely",0
"26-69-32-41",7,"Drought or Extended Period of No Rain",8,"Very severe",0,0,0,0,0,0,0,0,0,0,1,0,0,0,0,"","Not very likely","Not at all likely","Not very likely",0
"26-69-32-41",9,"Crop Failure",1,"Very severe",0,0,0,0,0,0,0,0,0,0,0,0,0,1,0,"","Not very likely","Not at all likely","Not very likely",0
"26-69-32-41",15,"Large Rise in Prices of Food",10,"Very severe",0,0,0,0,0,0,0,0,0,0,0,0,0,0,1,"The respondent didn't have any choice than to sell Charcoal","Not very likely","Not at all likely","Not at all likely",0
"68-81-12-32",7,"Drought or Extended Period of No Rain",9,"Very severe",0,0,0,0,0,0,0,0,0,0,1,0,0,0,0,"","Not very likely","Not very likely","Not very likely",0
"68-81-12-32",9,"Crop Failure",1,"Very severe",0,0,0,0,0,0,0,0,0,0,0,0,0,1,0,"","Not very likely","Not very likely","Not very likely",0
"68-81-12-32",15,"Large Rise in Prices of Food",10,"Very severe",0,0,0,0,0,0,0,0,0,0,1,0,0,0,0,"","Not very likely","Not at all likely","Not very likely",0
"46-49-14-82",7,"Drought or Extended Period of No Rain",8,"Very severe",0,0,0,0,0,0,0,0,0,0,1,0,0,0,0,"","Not very likely","Not very likely","Not very likely",0
"46-49-14-82",9,"Crop Failure",1,"Very severe",0,0,0,0,0,0,0,0,0,0,0,0,0,1,0,"","Not very likely","Not very likely","Not very likely",0
"46-49-14-82",15,"Large Rise in Prices of Food",9,"Very severe",0,0,0,0,0,0,0,0,0,0,1,0,0,0,0,"","Not very likely","Not very likely","Not very likely",0
"92-16-89-27",15,"Large Rise in Prices of Food",2,"Very severe",1,0,2,0,0,0,0,0,0,0,0,0,0,0,0,"","Not at all likely","Not at all likely","Not at all likely",0
"01-28-41-84",15,"Large Rise in Prices of Food",2,"Very severe",1,2,3,0,0,0,0,0,0,0,0,0,0,0,0,"","Not at all likely","Not at all likely","Not very likely",0
"01-28-41-84",17,"Loss of Land",1,"Very severe",1,0,2,0,0,0,0,0,0,0,0,0,0,0,0,"","Not at all likely","Not very likely","Not at all likely",0
"23-46-40-42",7,"Drought or Extended Period of No Rain",2,"Very severe",0,0,1,0,0,0,2,0,0,0,3,0,0,0,0,"","Not at all likely","Not at all likely","Not at all likely",0
"23-46-40-42",9,"Crop Failure",2,"Very severe",0,0,1,0,0,0,2,0,0,0,0,0,0,0,0,"","Not at all likely","Not at all likely","Not at all likely",0
"23-46-40-42",14,"Large Fall in Sale Prices for Cropsand or Livestock",2,"Very severe",0,0,1,0,0,0,0,0,0,0,0,0,0,0,0,"","Not at all likely","Not very likely","Not at all likely",0
"23-46-40-42",15,"Large Rise in Prices of Food",2,"Very severe",1,0,2,0,0,0,3,0,0,0,0,0,0,0,0,"","Not at all likely","Not very likely","Not at all likely",0
"93-71-36-41",2,"Death of a Household Member",1,"Very severe",0,0,0,0,0,0,0,0,0,0,0,0,0,1,0,"","Not at all likely","Not at all likely","Extremely likely",0
"93-71-36-41",7,"Drought or Extended Period of No Rain",4,"Very severe",0,0,0,0,1,0,0,0,0,0,2,0,0,0,0,"","Extremely likely","Not at all likely","Extremely likely",0
"93-71-36-41",10,"Livestock Disease/Death",1,"Very severe",0,0,0,0,0,0,0,0,0,0,0,0,0,1,0,"","Not at all likely","Not at all likely","Very  likely",0
"93-71-36-41",15,"Large Rise in Prices of Food",3,"Very severe",0,1,2,0,0,0,0,0,0,0,0,0,0,0,0,"","Not very likely","Not at all likely","Extremely likely",0
"07-56-93-09",7,"Drought or Extended Period of No Rain",11,"Very severe",0,0,1,0,0,0,0,0,0,0,2,0,0,0,0,"","Not at all likely","Not at all likely","Not at all likely",0
"07-56-93-09",9,"Crop Failure",3,"Very severe",0,0,1,0,0,0,0,0,0,0,0,0,0,0,0,"","Not at all likely","Not at all likely","Not at all likely",0
"07-56-93-09",10,"Livestock Disease/Death",1,"Very severe",0,0,0,0,0,0,0,0,0,0,0,0,0,1,0,"","Not at all likely","Not at all likely","Not at all likely",0
"07-56-93-09",15,"Large Rise in Prices of Food",3,"Very severe",0,0,0,0,0,0,0,0,0,0,1,0,0,0,0,"","Not at all likely","Not at all likely","Not at all likely",0
"40-07-12-46",2,"Death of a Household Member",1,"Very severe",0,0,0,0,1,0,0,0,0,0,2,0,0,0,0,"","Not very likely","Not at all likely","Very  likely",0
"40-07-12-46",7,"Drought or Extended Period of No Rain",5,"Very severe",0,0,2,0,1,0,0,0,0,0,0,0,0,0,0,"","Not very likely","Not very likely","Extremely likely",0
"40-07-12-46",10,"Livestock Disease/Death",4,"Very severe",0,0,0,0,0,0,0,0,0,0,1,0,0,0,0,"","Not very likely","Not very likely","Extremely likely",0
"40-07-12-46",15,"Large Rise in Prices of Food",3,"Very severe",0,0,0,0,1,0,0,0,0,0,0,0,0,0,0,"","Not at all likely","Not very likely","Extremely likely",0
"68-88-48-96",2,"Death of a Household Member",1,"Very severe",1,0,0,0,0,0,0,0,0,0,0,0,0,0,0,"","Not at all likely","Not very likely","Not at all likely",0
"68-88-48-96",15,"Large Rise in Prices of Food",2,"Very severe",0,0,1,0,0,0,0,0,0,0,0,0,0,0,0,"","Not at all likely","Very  likely","Very  likely",0
"86-70-18-69",7,"Drought or Extended Period of No Rain",2,"Severe",0,0,0,1,0,0,0,0,0,0,0,0,0,0,0,"","Very  likely","Very  likely","Very  likely",0
"86-70-18-69",15,"Large Rise in Prices of Food",2,"Very severe",0,0,1,0,0,0,0,0,0,0,0,0,0,0,0,"","Not very likely","Not very likely","Very  likely",0
"82-09-53-31",7,"Drought or Extended Period of No Rain",2,"Severe",1,0,0,0,0,0,0,0,0,0,0,0,0,0,0,"","Very  likely","Not very likely","Very  likely",0
"10-84-11-85",7,"Drought or Extended Period of No Rain",1,"Mild",0,0,0,0,0,0,0,0,0,0,1,0,0,0,0,"","Very  likely","Not at all likely","Very  likely",1
"10-84-11-85",15,"Large Rise in Prices of Food",1,"Mild",0,0,0,0,0,0,0,0,0,0,1,0,0,0,0,"","Very  likely","Not at all likely","Very  likely",1
"93-36-47-93",7,"Drought or Extended Period of No Rain",1,"Severe",0,0,0,0,0,0,0,0,0,0,1,0,0,0,0,"","Not very likely","Not very likely","Very  likely",0
"93-36-47-93",15,"Large Rise in Prices of Food",1,"Severe",0,0,0,0,0,0,0,0,0,0,1,0,0,0,0,"","Very  likely","Not very likely","Very  likely",0
"40-02-31-47",7,"Drought or Extended Period of No Rain",10,"Very severe",0,0,1,0,0,0,0,0,0,0,0,0,0,0,0,"","Not at all likely","Not at all likely","Not at all likely",0
"40-02-31-47",9,"Crop Failure",2,"Very severe",0,0,1,0,0,0,0,0,0,0,0,0,0,0,0,"","Not at all likely","Not at all likely","Not at all likely",0
"40-02-31-47",10,"Livestock Disease/Death",2,"Very severe",0,0,1,0,0,0,0,0,0,0,0,0,0,0,0,"","Not at all likely","Not at all likely","Not at all likely",0
"35-25-14-79",7,"Drought or Extended Period of No Rain",2,"Severe",1,0,0,0,0,0,0,0,0,0,0,0,0,0,0,"","Not very likely","Not very likely","Not very likely",0
"35-25-14-79",9,"Crop Failure",2,"Very severe",1,0,0,0,0,0,0,0,0,0,0,0,0,0,0,"","Not very likely","Not very likely","Not very likely",0
"96-32-88-00",1,"Chronicor Severe Illnessor Accident of a Household Member",1,"Very severe",0,0,0,0,1,0,0,0,0,0,2,0,0,0,0,"","Not at all likely","Not at all likely","Extremely likely",0
"96-32-88-00",7,"Drought or Extended Period of No Rain",1,"Very severe",0,0,1,0,2,0,0,0,0,0,0,0,0,0,0,"","Not at all likely","Not at all likely","Extremely likely",0
"96-32-88-00",15,"Large Rise in Prices of Food",1,"Very severe",0,0,1,0,2,0,0,0,0,0,3,0,0,0,0,"","Not at all likely","Not at all likely","Extremely likely",0
"30-07-79-13",9,"Crop Failure",2,"Severe",0,0,0,0,0,0,0,0,0,0,0,0,0,1,0,"","Not at all likely","Not at all likely","Very  likely",0
"30-07-79-13",10,"Livestock Disease/Death",2,"Severe",0,0,0,0,0,0,0,0,0,0,1,0,0,0,0,"","Not at all likely","Not at all likely","Not at all likely",0
"30-07-79-13",15,"Large Rise in Prices of Food",1,"Severe",0,0,0,0,0,0,0,0,0,0,0,0,0,1,0,"","Not at all likely","Not at all likely","Very  likely",0
"05-61-96-62",7,"Drought or Extended Period of No Rain",1,"Severe",0,0,0,1,0,0,0,0,0,0,0,0,0,0,0,"","Not very likely","Not at all likely","Not at all likely",0
"05-61-96-62",9,"Crop Failure",1,"Very severe",0,0,1,0,0,0,0,0,0,0,0,0,0,0,0,"","Not at all likely","Not at all likely","Not at all likely",0
"05-61-96-62",10,"Livestock Disease/Death",1,"Mild",0,0,0,0,0,0,0,0,0,0,0,0,1,0,0,"","Not at all likely","Not at all likely","Not at all likely",0
"05-61-96-62",14,"Large Fall in Sale Prices for Cropsand or Livestock",2,"Severe",0,0,0,0,0,0,0,0,0,0,0,0,0,1,0,"","Not at all likely","Not at all likely","Not at all likely",0
"05-61-96-62",15,"Large Rise in Prices of Food",6,"Severe",0,0,1,0,0,0,0,0,0,0,0,0,0,0,0,"","Not at all likely","Not at all likely","Not at all likely",0
"37-32-16-74",7,"Drought or Extended Period of No Rain",8,"Very severe",0,0,1,0,0,0,0,0,0,0,0,0,0,0,0,"","Not very likely","Not very likely","Not very likely",0
"37-32-16-74",9,"Crop Failure",1,"Very severe",0,0,0,0,0,0,0,0,0,0,0,0,0,1,0,"","Not very likely","Not very likely","Not very likely",0
"37-32-16-74",10,"Livestock Disease/Death",10,"Very severe",0,0,0,0,0,0,0,0,0,0,0,0,0,1,0,"","Not very likely","Not very likely","Not very likely",0
"37-32-16-74",15,"Large Rise in Prices of Food",11,"Very severe",0,0,0,0,0,0,0,0,0,0,1,0,0,0,0,"","Not very likely","Not very likely","Not very likely",0
"06-96-64-70",5,"Robbery/Burglary",1,"Severe",0,0,0,0,0,0,0,0,0,0,0,0,1,0,0,"","Not very likely","Very  likely","Very  likely",0
"06-96-64-70",7,"Drought or Extended Period of No Rain",1,"Very severe",0,3,2,0,1,0,0,0,0,0,0,0,0,0,0,"","Not very likely","Not very likely","Extremely likely",0
"06-96-64-70",15,"Large Rise in Prices of Food",1,"Very severe",0,1,2,0,3,0,0,0,0,0,0,0,0,0,0,"","Not very likely","Not very likely","Not very likely",0
"74-21-41-84",7,"Drought or Extended Period of No Rain",8,"Very severe",0,0,0,0,0,0,0,0,0,0,2,0,0,1,0,"","Not very likely","Not very likely","Not very likely",0
"74-21-41-84",9,"Crop Failure",1,"Very severe",0,0,0,0,0,0,0,0,0,0,0,0,0,1,0,"","Not very likely","Not very likely","Not very likely",0
"74-21-41-84",10,"Livestock Disease/Death",10,"Very severe",0,0,0,0,0,0,0,0,0,0,0,0,0,1,0,"","Not very likely","Not very likely","Not very likely",0
"74-21-41-84",15,"Large Rise in Prices of Food",11,"Very severe",0,0,0,0,0,0,0,0,0,0,1,0,0,0,0,"","Not very likely","Not very likely","Not very likely",0
"82-96-41-85",7,"Drought or Extended Period of No Rain",1,"Very severe",0,0,2,0,0,0,0,0,0,0,0,1,0,0,0,"","Not at all likely","Not at all likely","Not at all likely",0
"82-96-41-85",8,"Floods",2,"Very severe",0,0,0,0,0,0,0,0,0,0,0,0,0,1,0,"","Not very likely","Not at all likely","Not at all likely",0
"82-96-41-85",9,"Crop Failure",1,"Very severe",0,0,1,0,0,0,0,0,0,0,0,0,0,0,0,"","Not very likely","Not at all likely","Not at all likely",0
"82-96-41-85",14,"Large Fall in Sale Prices for Cropsand or Livestock",2,"Very severe",0,0,0,0,0,0,0,0,0,0,0,0,0,1,0,"","Not at all likely","Not at all likely","Not at all likely",0
"82-96-41-85",15,"Large Rise in Prices of Food",10,"Very severe",0,0,1,0,0,0,0,0,0,0,0,0,0,0,0,"","Not at all likely","Not at all likely","Not at all likely",0
"58-44-33-27",7,"Drought or Extended Period of No Rain",1,"Very severe",0,0,2,0,0,0,0,0,0,0,1,0,0,0,0,"","Not at all likely","Not at all likely","Not at all likely",0
"58-44-33-27",8,"Floods",2,"Very severe",1,0,0,0,0,0,0,0,0,0,2,0,0,0,0,"","Not very likely","Not very likely","Not very likely",0
"58-44-33-27",10,"Livestock Disease/Death",2,"Very severe",1,0,0,0,0,0,0,0,0,0,2,0,0,0,0,"","Not very likely","Not very likely","Not very likely",0
"58-44-33-27",14,"Large Fall in Sale Prices for Cropsand or Livestock",1,"Very severe",1,0,0,0,0,0,0,0,0,0,0,0,0,0,2,"selling charcoal","Not at all likely","Not at all likely","Not at all likely",0
"58-44-33-27",15,"Large Rise in Prices of Food",1,"Very severe",1,0,0,0,0,0,0,0,0,0,0,0,0,0,2,"burning charcoal","Not at all likely","Not at all likely","Not at all likely",0
"88-25-56-87",7,"Drought or Extended Period of No Rain",1,"Very severe",0,0,1,0,2,0,0,0,0,0,0,0,0,0,0,"","Not very likely","Not at all likely","Extremely likely",0
"88-25-56-87",15,"Large Rise in Prices of Food",1,"Very severe",0,0,1,0,2,0,0,0,0,0,0,0,0,0,0,"","Not very likely","Not at all likely","Extremely likely",0
"86-98-25-96",1,"Chronicor Severe Illnessor Accident of a Household Member",2,"Very severe",1,0,0,0,0,0,0,2,0,0,0,0,0,0,0,"","Not very likely","Not at all likely","Not at all likely",0
"86-98-25-96",2,"Death of a Household Member",1,"Very severe",1,0,0,0,0,0,0,0,0,0,0,0,0,0,0,"","Not very likely","Not at all likely","Not at all likely",0
"86-98-25-96",7,"Drought or Extended Period of No Rain",1,"Very severe",0,0,0,2,0,0,0,0,0,0,0,0,0,1,0,"","Not very likely","Not at all likely","Not at all likely",0
"86-98-25-96",8,"Floods",1,"Very severe",1,2,0,0,0,3,0,0,0,0,0,0,0,0,0,"","Not at all likely","Not at all likely","Not at all likely",0
"86-98-25-96",9,"Crop Failure",1,"Very severe",0,2,1,0,0,0,0,0,0,0,0,0,0,0,0,"","Not very likely","Not at all likely","Not at all likely",0
"86-98-25-96",11,"Livestock Theft(IncludingRaids)",1,"Very severe",0,0,0,0,0,0,0,0,0,0,0,0,1,0,0,"","Not at all likely","Not at all likely","Not at all likely",0
"86-98-25-96",15,"Large Rise in Prices of Food",8,"Very severe",0,0,1,0,0,0,0,0,0,0,0,0,0,0,0,"","Not very likely","Not at all likely","Not at all likely",0
"09-54-26-75",7,"Drought or Extended Period of No Rain",2,"Severe",1,0,0,0,0,0,0,0,0,0,0,0,0,0,0,"","Very  likely","Not at all likely","Very  likely",0
"41-61-78-73",9,"Crop Failure",2,"Severe",0,0,0,0,0,0,0,0,0,0,0,0,0,0,1,"people opting for livestock rearing other than farming","Not at all likely","Not at all likely","Very  likely",0
"41-61-78-73",10,"Livestock Disease/Death",2,"Severe",0,0,0,0,0,0,0,0,0,0,0,1,0,0,0,"","Not at all likely","Not at all likely","Very  likely",0
"41-61-78-73",15,"Large Rise in Prices of Food",1,"Severe",0,0,1,0,0,0,0,0,0,0,0,0,0,2,0,"","Not at all likely","Not at all likely","Very  likely",0
"90-86-53-30",7,"Drought or Extended Period of No Rain",2,"Severe",1,0,2,0,0,0,0,0,0,0,0,0,0,0,0,"","Very  likely","Not at all likely","Not at all likely",0
"90-86-53-30",9,"Crop Failure",1,"Very severe",1,0,2,0,0,0,0,0,0,0,0,0,0,0,0,"","Not at all likely","Not very likely","Not at all likely",0
"16-75-57-30",7,"Drought or Extended Period of No Rain",3,"Severe",1,0,2,0,0,0,0,0,0,0,0,0,0,0,0,"","Not very likely","Not very likely","Very  likely",0
"60-19-22-98",4,"Fire on Property",1,"Severe",1,0,2,0,0,0,0,0,0,0,0,0,0,0,0,"","Not very likely","Not very likely","Not very likely",0
"97-29-58-98",7,"Drought or Extended Period of No Rain",1,"Very severe",1,0,0,0,0,0,0,0,0,0,0,0,0,0,0,"","Not at all likely","Not at all likely","Not at all likely",0
"97-29-58-98",10,"Livestock Disease/Death",1,"Very severe",1,0,0,0,0,0,0,0,0,0,0,0,0,0,0,"","Not at all likely","Not at all likely","Not at all likely",0
"51-48-94-50",7,"Drought or Extended Period of No Rain",1,"Mild",0,0,2,0,1,0,0,0,0,0,0,0,0,0,0,"","Very  likely","Very  likely","Extremely likely",0
"51-48-94-50",15,"Large Rise in Prices of Food",1,"Mild",0,0,1,0,2,0,0,0,0,0,0,0,0,0,0,"","Not very likely","Not very likely","Extremely likely",0
"51-48-94-50",16,"Large Rise in Prices of Agricultural Inputs(E.g.Agrochemicals,Machinery,HiredLabour)",1,"Very severe",0,0,0,2,1,0,0,0,0,0,0,0,0,0,0,"","Not very likely","Not very likely","Extremely likely",0
"97-20-59-08",1,"Chronicor Severe Illnessor Accident of a Household Member",1,"Severe",0,0,0,0,0,0,0,1,0,0,0,0,0,0,0,"","Not very likely","Not very likely","Not very likely",0
"97-20-59-08",7,"Drought or Extended Period of No Rain",1,"Severe",0,0,0,1,0,0,0,0,0,0,0,2,0,0,0,"","Not very likely","Not very likely","Not at all likely",0
"97-20-59-08",15,"Large Rise in Prices of Food",7,"Very severe",0,0,1,0,0,0,0,0,0,0,0,0,0,0,0,"","Not at all likely","Not at all likely","Not at all likely",0
"97-20-59-08",16,"Large Rise in Prices of Agricultural Inputs(E.g.Agrochemicals,Machinery,HiredLabour)",1,"Mild",0,0,0,0,0,0,0,0,0,0,0,0,0,1,0,"","Not very likely","Not very likely","Not very likely",0
"97-20-59-08",17,"Loss of Land",1,"Very severe",0,0,0,0,0,0,0,0,0,0,0,1,0,2,0,"","Not very likely","Not at all likely","Not at all likely",0
"82-77-24-98",7,"Drought or Extended Period of No Rain",1,"Very severe",0,0,1,0,2,0,0,0,0,0,0,0,0,0,0,"","Not at all likely","Not very likely","Extremely likely",0
"82-77-24-98",10,"Livestock Disease/Death",1,"Very severe",0,0,0,0,1,0,0,0,0,0,0,0,0,0,0,"","Not very likely","Not at all likely","Extremely likely",0
"82-77-24-98",15,"Large Rise in Prices of Food",1,"Very severe",0,0,1,0,2,0,0,0,0,0,0,0,0,0,0,"","Not at all likely","Not at all likely","Extremely likely",0
"82-77-24-98",16,"Large Rise in Prices of Agricultural Inputs(E.g.Agrochemicals,Machinery,HiredLabour)",1,"Very severe",0,0,0,0,3,0,0,0,1,0,2,0,0,0,0,"","Not at all likely","Not at all likely","Extremely likely",0
"68-99-96-16",3,"Household Member Jailed",2,"Severe",0,0,0,0,0,0,0,0,0,0,0,0,0,1,0,"","Not very likely","Not very likely","Very  likely",0
"68-99-96-16",7,"Drought or Extended Period of No Rain",1,"Very severe",0,3,2,0,1,0,0,0,0,0,0,0,0,0,0,"","Not very likely","Not at all likely","Extremely likely",0
"68-99-96-16",10,"Livestock Disease/Death",10,"Very severe",0,0,0,0,1,0,0,0,0,0,0,0,0,0,0,"","Not at all likely","Not at all likely","Extremely likely",0
"68-99-96-16",15,"Large Rise in Prices of Food",1,"Very severe",0,3,1,0,2,0,0,0,0,0,0,0,0,0,0,"","Not at all likely","Not very likely","Extremely likely",0
"47-95-59-62",7,"Drought or Extended Period of No Rain",8,"Very severe",0,0,0,0,0,0,0,0,0,0,1,0,0,0,0,"","Not very likely","Not very likely","Not very likely",0
"47-95-59-62",9,"Crop Failure",1,"Very severe",0,0,0,0,0,0,0,0,0,0,0,0,0,1,0,"","Not very likely","Not very likely","Not very likely",0
"47-95-59-62",10,"Livestock Disease/Death",10,"Very severe",0,0,0,0,0,0,0,0,0,0,0,0,0,1,0,"","Not very likely","Not very likely","Not very likely",0
"47-95-59-62",15,"Large Rise in Prices of Food",10,"Very severe",0,0,0,0,0,0,0,0,0,0,1,0,0,0,0,"","Not very likely","Not very likely","Not very likely",0
"86-57-96-89",7,"Drought or Extended Period of No Rain",3,"Severe",1,2,0,0,0,0,0,0,0,0,0,0,0,0,0,"","Not very likely","Not at all likely","Not at all likely",0
"86-57-96-89",10,"Livestock Disease/Death",2,"Very severe",1,0,0,0,0,0,0,0,0,0,0,0,0,0,0,"","Not very likely","Not very likely","Not at all likely",0
"68-47-81-44",7,"Drought or Extended Period of No Rain",2,"Very severe",1,2,3,0,0,0,0,0,0,0,0,0,0,0,0,"","Not at all likely","Not at all likely","Not at all likely",0
"68-47-81-44",15,"Large Rise in Prices of Food",2,"Very severe",1,0,2,0,0,0,3,0,0,0,0,0,0,0,0,"","Not at all likely","Not at all likely","Not at all likely",0
"36-96-75-03",1,"Chronicor Severe Illnessor Accident of a Household Member",3,"Very severe",0,0,0,0,0,1,0,0,0,0,2,0,0,0,0,"","Not very likely","Not very likely","Very  likely",0
"36-96-75-03",15,"Large Rise in Prices of Food",3,"Severe",0,0,1,0,0,0,0,0,0,0,0,0,0,0,0,"","Not very likely","Not very likely","Very  likely",0
"08-94-02-07",7,"Drought or Extended Period of No Rain",2,"Severe",0,0,0,0,0,0,0,0,0,0,1,0,0,0,0,"","Not very likely","Not very likely","Very  likely",0
"08-94-02-07",10,"Livestock Disease/Death",5,"Severe",0,0,0,0,0,0,0,0,0,0,1,0,0,0,0,"","Not at all likely","Not very likely","Very  likely",0
"08-94-02-07",15,"Large Rise in Prices of Food",3,"Severe",2,0,1,0,3,0,0,0,0,0,4,0,0,0,0,"","Not very likely","Not very likely","Very  likely",0
"37-79-35-25",7,"Drought or Extended Period of No Rain",2,"Very severe",1,0,0,0,0,0,0,0,0,0,0,0,0,0,0,"","Not very likely","Not very likely","Not very likely",0
"71-65-92-38",7,"Drought or Extended Period of No Rain",1,"Severe",0,0,0,0,0,0,0,0,0,0,1,0,0,0,0,"","Not very likely","Not very likely","Very  likely",0
"71-65-92-38",9,"Crop Failure",1,"Very severe",0,0,0,0,0,0,0,0,0,0,0,0,0,1,0,"","Not very likely","Not very likely","Not very likely",0
"71-65-92-38",10,"Livestock Disease/Death",5,"Very severe",0,0,0,0,0,0,0,0,0,0,0,0,0,0,1,"left to stay outside not in the shade during the night","Not very likely","Not very likely","Extremely likely",0
"71-65-92-38",14,"Large Fall in Sale Prices for Cropsand or Livestock",1,"Very severe",0,0,0,0,0,0,0,0,0,0,1,0,0,0,0,"","Not at all likely","Not very likely","Extremely likely",0
"71-65-92-38",15,"Large Rise in Prices of Food",2,"Very severe",0,0,0,0,0,0,0,0,0,0,0,0,0,0,1,"ate one meal a day","Not very likely","Not very likely","Very  likely",0
"64-78-16-16",2,"Death of a Household Member",1,"Very severe",1,0,0,0,0,0,0,0,0,0,0,0,0,0,0,"","Not very likely","Not at all likely","Not very likely",0
"64-78-16-16",7,"Drought or Extended Period of No Rain",8,"Very severe",0,0,0,0,0,0,0,0,0,0,1,0,0,0,0,"","Not very likely","Not at all likely","Not very likely",0
"64-78-16-16",9,"Crop Failure",1,"Very severe",0,0,0,0,0,0,0,0,0,0,0,0,0,1,0,"","Not very likely","Not very likely","Not very likely",0
"64-78-16-16",10,"Livestock Disease/Death",10,"Very severe",0,0,0,0,0,0,0,0,0,0,0,0,0,1,0,"","Not very likely","Not very likely","Not very likely",0
"64-78-16-16",15,"Large Rise in Prices of Food",11,"Very severe",0,0,0,0,0,0,0,0,0,0,1,0,0,0,0,"","Not very likely","Not very likely","Not very likely",0
"21-44-80-94",7,"Drought or Extended Period of No Rain",1,"Very severe",0,0,0,0,0,0,0,0,0,0,0,0,0,1,0,"","Not very likely","Not at all likely","Very  likely",0
"21-44-80-94",9,"Crop Failure",1,"Very severe",0,0,0,0,0,0,0,0,0,0,0,0,0,1,0,"","Not very likely","Not at all likely","Very  likely",0
"21-44-80-94",10,"Livestock Disease/Death",3,"Severe",0,0,0,0,0,0,0,0,0,0,0,0,0,1,0,"","Not very likely","Not very likely","Very  likely",0
"21-44-80-94",14,"Large Fall in Sale Prices for Cropsand or Livestock",1,"Severe",0,0,0,0,0,0,0,0,0,0,1,0,0,0,2,"changed eating pattern","Not very likely","Not very likely","Extremely likely",0
"21-44-80-94",15,"Large Rise in Prices of Food",1,"Severe",0,0,0,0,0,0,0,0,0,0,1,0,0,0,0,"","Not very likely","Not very likely","Very  likely",0
"09-64-46-58",7,"Drought or Extended Period of No Rain",3,"Severe",0,0,3,4,2,0,0,0,0,0,1,0,0,0,0,"","Not very likely","Not at all likely","Very  likely",0
"09-64-46-58",9,"Crop Failure",2,"Very severe",0,0,0,1,0,0,0,0,0,0,0,0,0,0,0,"","Not very likely","Not very likely","Very  likely",0
"09-64-46-58",10,"Livestock Disease/Death",6,"Very severe",0,0,0,0,0,0,0,0,0,0,0,0,1,0,0,"","Not at all likely","Not very likely","Extremely likely",0
"09-64-46-58",15,"Large Rise in Prices of Food",3,"Severe",0,2,1,0,0,0,0,0,0,0,0,0,0,0,0,"","Not very likely","Not very likely","Very  likely",0
"59-85-28-37",7,"Drought or Extended Period of No Rain",1,"Severe",0,0,3,0,0,0,0,0,0,0,2,1,0,0,0,"","Not very likely","Not at all likely","Not at all likely",0
"59-85-28-37",9,"Crop Failure",1,"Severe",0,1,2,0,0,0,0,0,0,0,3,0,0,0,0,"","Not at all likely","Not at all likely","Not at all likely",0
"59-85-28-37",10,"Livestock Disease/Death",1,"Severe",0,2,1,0,0,0,0,0,0,0,0,0,0,0,0,"","Not at all likely","Not at all likely","Not at all likely",0
"59-85-28-37",12,"Household Business Failure(Non-Agricultural)",1,"Severe",0,2,1,0,0,0,0,0,0,0,3,0,0,0,0,"","Not at all likely","Not at all likely","Not at all likely",0
"59-85-28-37",14,"Large Fall in Sale Prices for Cropsand or Livestock",1,"Mild",0,0,2,0,0,0,0,0,0,0,0,0,0,1,0,"","Not at all likely","Not at all likely","Not at all likely",0
"59-85-28-37",15,"Large Rise in Prices of Food",1,"Mild",0,0,1,0,0,0,0,0,0,0,0,0,0,2,0,"","Not at all likely","Not at all likely","Not at all likely",0
"19-38-28-96",7,"Drought or Extended Period of No Rain",2,"Very severe",2,1,3,0,0,0,0,0,0,0,0,0,0,0,0,"","Not at all likely","Not at all likely","Not at all likely",0
"19-38-28-96",13,"Loss of Employment",1,"Severe",0,1,0,0,0,0,2,0,0,0,0,0,0,0,0,"","Very  likely","Not very likely","Very  likely",1
"19-38-28-96",15,"Large Rise in Prices of Food",3,"Very severe",0,0,1,0,0,0,0,0,0,0,0,0,0,0,0,"","Not at all likely","Not at all likely","Not at all likely",0
"15-65-55-76",1,"Chronicor Severe Illnessor Accident of a Household Member",1,"Very severe",1,0,0,0,0,0,0,0,0,0,0,0,0,0,0,"","Not at all likely","Not at all likely","Not at all likely",0
"15-65-55-76",2,"Death of a Household Member",1,"Very severe",0,0,0,0,0,0,0,0,0,0,0,0,0,1,0,"","Not at all likely","Not at all likely","Not at all likely",0
"15-65-55-76",3,"Household Member Jailed",1,"Mild",0,0,0,0,0,0,0,0,0,0,0,0,1,0,0,"","Not at all likely","Not very likely","Not at all likely",0
"15-65-55-76",4,"Fire on Property",1,"Very severe",0,0,0,0,0,0,0,0,0,0,0,0,0,1,0,"","Not at all likely","Not at all likely","Not at all likely",0
"15-65-55-76",7,"Drought or Extended Period of No Rain",5,"Very severe",0,0,0,0,0,0,0,0,0,0,1,0,0,0,0,"","Not at all likely","Not at all likely","Not at all likely",0
"15-65-55-76",9,"Crop Failure",2,"Very severe",0,0,1,0,0,0,0,0,0,0,2,0,0,0,0,"","Not at all likely","Not at all likely","Not at all likely",0
"15-65-55-76",17,"Loss of Land",1,"Very severe",0,0,0,0,0,0,0,0,0,0,0,0,0,1,0,"","Not at all likely","Not at all likely","Not at all likely",0
"06-65-59-46",7,"Drought or Extended Period of No Rain",2,"Very severe",1,0,0,0,0,0,0,0,0,0,0,0,0,0,0,"","Not at all likely","Not at all likely","Not at all likely",0
"06-65-59-46",9,"Crop Failure",2,"Severe",1,0,0,0,0,0,0,0,0,0,0,0,0,0,0,"","Not very likely","Not at all likely","Not at all likely",0
"31-55-25-17",7,"Drought or Extended Period of No Rain",1,"Severe",0,0,0,0,0,0,0,0,0,0,1,2,0,0,0,"","Not at all likely","Not very likely","Very  likely",0
"31-55-25-17",9,"Crop Failure",1,"Severe",0,2,0,0,0,0,0,0,0,0,0,0,0,1,0,"","Not very likely","Not very likely","Very  likely",0
"31-55-25-17",15,"Large Rise in Prices of Food",1,"Severe",0,0,0,0,0,0,0,0,0,0,0,0,0,1,0,"","Not very likely","Not very likely","Very  likely",0
"46-83-77-72",15,"Large Rise in Prices of Food",10,"Very severe",0,0,0,0,0,0,0,0,0,0,1,0,0,0,0,"","Not very likely","Not very likely","Not very likely",0
"13-16-83-24",7,"Drought or Extended Period of No Rain",3,"Very severe",1,0,2,0,0,0,0,0,0,0,0,0,0,0,0,"","Not very likely","Not very likely","Not very likely",0
"13-16-83-24",15,"Large Rise in Prices of Food",3,"Severe",1,0,0,0,0,0,0,0,0,0,0,0,0,0,0,"","Very  likely","Very  likely","Not very likely",0
"55-65-07-83",15,"Large Rise in Prices of Food",2,"Very severe",0,0,0,0,0,0,0,0,0,0,1,0,0,0,0,"","Not very likely","Not very likely","Not very likely",0
"19-58-06-14",7,"Drought or Extended Period of No Rain",5,"Very severe",1,0,0,0,0,0,0,0,0,0,0,0,0,0,0,"","Not at all likely","Not at all likely","Not at all likely",0
"07-67-77-44",1,"Chronicor Severe Illnessor Accident of a Household Member",1,"Very severe",0,0,0,0,0,0,0,0,0,0,0,0,0,0,1,"The kid had been bitten by snake  ,they respondent took him to hospital, he still under medication","Not very likely","Not very likely","Not very likely",0
"07-67-77-44",7,"Drought or Extended Period of No Rain",8,"Very severe",0,1,0,0,0,0,0,0,0,0,0,0,0,0,0,"","Not very likely","Not very likely","Not very likely",0
"07-67-77-44",15,"Large Rise in Prices of Food",10,"Very severe",0,1,0,0,0,0,0,0,0,0,0,0,0,0,0,"","Not very likely","Not at all likely","Not very likely",0
"30-73-95-73",7,"Drought or Extended Period of No Rain",2,"Very severe",1,0,0,0,0,0,0,0,0,0,0,0,0,0,0,"","Not at all likely","Not at all likely","Not at all likely",0
"30-73-95-73",15,"Large Rise in Prices of Food",1,"Very severe",1,0,0,0,0,0,0,0,0,0,0,0,0,0,0,"","Not at all likely","Not at all likely","Not at all likely",0
"81-01-27-26",7,"Drought or Extended Period of No Rain",2,"Very severe",1,0,0,0,0,0,0,0,0,0,0,0,0,0,0,"","Not at all likely","Not at all likely","Not at all likely",0
"81-01-27-26",15,"Large Rise in Prices of Food",2,"Very severe",1,0,0,0,0,0,0,0,0,0,0,0,0,0,0,"","Not at all likely","Not at all likely","Not at all likely",0
"29-63-05-43",7,"Drought or Extended Period of No Rain",8,"Very severe",0,1,0,0,0,0,0,0,0,0,0,0,0,0,0,"","Not very likely","Not very likely","Not at all likely",0
"29-63-05-43",8,"Floods",4,"Very severe",0,0,0,0,0,0,0,0,0,0,0,0,0,1,0,"","Not very likely","Not very likely","Not very likely",0
"29-63-05-43",9,"Crop Failure",1,"Very severe",0,0,0,0,0,0,0,0,0,0,0,0,0,1,0,"","Not very likely","Not very likely","Not very likely",0
"29-63-05-43",10,"Livestock Disease/Death",8,"Very severe",0,0,0,0,0,0,0,0,0,0,0,0,0,0,1,"Making sure that the livestock doesn't sleep outside the household compound","Not very likely","Not very likely","Not very likely",0
"29-63-05-43",15,"Large Rise in Prices of Food",9,"Very severe",0,0,0,0,0,0,0,0,0,0,1,0,0,0,0,"","Not very likely","Not at all likely","Not very likely",0
"69-97-70-98",7,"Drought or Extended Period of No Rain",1,"Severe",0,0,0,0,0,0,0,0,0,0,0,0,0,1,0,"","Not at all likely","Not at all likely","Not very likely",0
"69-97-70-98",10,"Livestock Disease/Death",1,"Severe",0,0,0,0,0,0,0,0,0,0,0,0,0,1,0,"","Not at all likely","Not at all likely","Not at all likely",0
"69-97-70-98",15,"Large Rise in Prices of Food",1,"Severe",0,0,0,0,0,0,0,0,0,0,0,0,0,1,0,"","Not at all likely","Not at all likely","Not at all likely",0
"15-06-78-78",7,"Drought or Extended Period of No Rain",1,"Very severe",0,0,0,0,0,0,0,0,0,0,1,0,0,0,0,"","Not very likely","Not very likely","Very  likely",0
"15-06-78-78",9,"Crop Failure",1,"Very severe",0,0,0,0,0,0,0,0,0,0,0,0,0,1,0,"","Not very likely","Not very likely","Extremely likely",0
"15-06-78-78",10,"Livestock Disease/Death",1,"Severe",0,0,0,0,0,0,0,0,0,0,0,0,0,1,0,"","Not at all likely","Not very likely","Extremely likely",0
"15-06-78-78",14,"Large Fall in Sale Prices for Cropsand or Livestock",1,"Very severe",0,0,0,0,0,0,0,0,0,0,1,0,0,0,0,"","Not at all likely","Not very likely","Very  likely",0
"15-06-78-78",15,"Large Rise in Prices of Food",1,"Severe",0,0,0,0,0,0,0,0,0,0,0,0,0,0,1,"reduced the feeding habit","Not very likely","Not very likely","Very  likely",0
"09-89-86-48",7,"Drought or Extended Period of No Rain",1,"Very severe",1,0,0,0,0,0,0,0,0,0,0,0,0,0,0,"","Not at all likely","Not at all likely","Not at all likely",0
"09-89-86-48",15,"Large Rise in Prices of Food",1,"Very severe",1,0,0,0,0,0,0,0,0,0,0,0,0,0,0,"","Not at all likely","Not at all likely","Not at all likely",0
"34-54-53-25",9,"Crop Failure",2,"Very severe",0,0,0,0,0,0,0,0,0,0,0,0,0,1,0,"","Not at all likely","Not at all likely","Very  likely",0
"34-54-53-25",14,"Large Fall in Sale Prices for Cropsand or Livestock",3,"Very severe",0,0,1,0,0,0,0,0,0,0,2,0,0,0,0,"","Not at all likely","Not at all likely","Very  likely",0
"34-54-53-25",15,"Large Rise in Prices of Food",2,"Very severe",0,0,0,0,0,0,0,0,0,0,1,0,0,0,0,"","Not very likely","Not very likely","Very  likely",0
"54-15-04-81",7,"Drought or Extended Period of No Rain",2,"Very severe",0,0,1,0,0,0,2,0,0,0,3,0,0,0,0,"","Not at all likely","Not at all likely","Not at all likely",0
"54-15-04-81",9,"Crop Failure",1,"Very severe",0,0,2,0,0,0,3,0,0,0,1,0,0,0,0,"","Not at all likely","Not at all likely","Not at all likely",0
"54-15-04-81",15,"Large Rise in Prices of Food",3,"Severe",0,0,0,0,0,0,1,0,0,0,2,0,0,0,0,"","Not at all likely","Not at all likely","Not at all likely",0
"30-29-61-21",9,"Crop Failure",2,"Severe",0,0,0,0,0,0,0,0,0,0,0,0,0,1,0,"","Not very likely","Not very likely","Very  likely",0
"30-29-61-21",14,"Large Fall in Sale Prices for Cropsand or Livestock",1,"Severe",0,0,0,0,0,0,0,0,0,0,1,0,0,0,0,"","Not very likely","Not very likely","Very  likely",0
"30-29-61-21",15,"Large Rise in Prices of Food",3,"Very severe",0,0,0,0,0,0,0,0,0,0,1,0,0,0,0,"","Not at all likely","Not at all likely","Very  likely",0
"32-65-13-57",3,"Household Member Jailed",1,"Mild",1,0,0,0,0,0,0,0,0,0,0,0,0,0,0,"","Very  likely","Very  likely","Very  likely",0
"32-65-13-57",7,"Drought or Extended Period of No Rain",7,"Very severe",0,0,0,0,0,0,0,0,0,0,0,0,0,0,1,"relied upon wild fruits referred to as Sorich in Pokot language.","Not very likely","Not very likely","Not at all likely",0
"32-65-13-57",15,"Large Rise in Prices of Food",2,"Very severe",0,0,1,0,0,0,0,0,0,0,2,0,0,0,0,"","Not at all likely","Not very likely","Not very likely",0
"32-65-13-57",18,"End of Regular Assistance(E.g.Pension,CashTransfer,Remittances)from Outside the Household",1,"Very severe",0,0,0,0,0,0,0,0,0,0,0,0,1,0,0,"","Not very likely","Not very likely","Not at all likely",0
"64-69-72-73",15,"Large Rise in Prices of Food",3,"Very severe",0,0,0,0,0,0,0,0,0,0,0,0,0,1,0,"","Not at all likely","Not at all likely","Very  likely",0
"25-20-08-58",9,"Crop Failure",1,"Very severe",0,0,0,0,0,0,0,0,0,0,1,0,0,0,0,"","Not very likely","Not very likely","Very  likely",0
"25-20-08-58",15,"Large Rise in Prices of Food",1,"Very severe",0,1,0,0,0,0,0,0,0,0,0,0,0,0,0,"","Not at all likely","Not at all likely","Very  likely",0
"25-20-08-58",16,"Large Rise in Prices of Agricultural Inputs(E.g.Agrochemicals,Machinery,HiredLabour)",1,"Very severe",0,0,1,0,0,0,0,0,0,0,0,0,0,0,0,"","Not very likely","Not very likely","Extremely likely",0
"12-04-44-96",7,"Drought or Extended Period of No Rain",2,"Severe",0,0,0,0,0,0,0,0,0,0,1,0,0,0,0,"","Not at all likely","Not at all likely","Not at all likely",0
"12-04-44-96",10,"Livestock Disease/Death",2,"Severe",0,0,0,0,0,0,0,0,0,0,1,0,0,0,0,"","Not at all likely","Not at all likely","Not at all likely",0
"12-04-44-96",15,"Large Rise in Prices of Food",3,"Very severe",0,0,1,0,0,0,0,0,0,0,2,0,0,0,0,"","Not at all likely","Not at all likely","Not at all likely",0
"97-37-09-60",1,"Chronicor Severe Illnessor Accident of a Household Member",1,"Very severe",1,0,0,0,0,0,0,0,0,0,0,0,0,0,0,"","Not at all likely","Not at all likely","Not at all likely",0
"97-37-09-60",2,"Death of a Household Member",1,"Very severe",1,0,0,0,0,0,0,0,0,0,0,0,0,0,0,"","Not very likely","Not very likely","Not very likely",0
"97-37-09-60",7,"Drought or Extended Period of No Rain",6,"Very severe",0,0,0,0,0,0,0,0,0,0,0,0,0,0,1,"Relied on wild fruits ( Sorich in pokot language)","Not very likely","Not at all likely","Not at all likely",0
"97-37-09-60",14,"Large Fall in Sale Prices for Cropsand or Livestock",1,"Very severe",0,0,1,0,0,0,0,0,0,0,0,0,0,0,0,"","Not at all likely","Not at all likely","Not at all likely",0
"97-37-09-60",15,"Large Rise in Prices of Food",5,"Very severe",0,0,1,0,0,0,0,0,0,0,0,0,0,0,0,"","Not very likely","Not very likely","Not at all likely",0
"97-37-09-60",17,"Loss of Land",2,"Very severe",0,0,0,0,0,0,0,0,0,0,0,0,0,1,0,"","Very  likely","Not at all likely","Not at all likely",0
"97-37-09-60",18,"End of Regular Assistance(E.g.Pension,CashTransfer,Remittances)from Outside the Household",1,"Very severe",0,0,0,0,0,0,0,0,0,0,0,0,0,1,0,"","Not at all likely","Not at all likely","Not at all likely",0
"26-04-59-05",7,"Drought or Extended Period of No Rain",2,"Very severe",2,1,3,0,0,0,0,0,0,0,0,0,0,0,0,"","Not at all likely","Not at all likely","Not at all likely",0
"26-04-59-05",15,"Large Rise in Prices of Food",3,"Very severe",1,3,2,0,0,0,0,0,0,0,0,0,0,0,0,"","Not at all likely","Not very likely","Not at all likely",0
"98-27-33-85",7,"Drought or Extended Period of No Rain",2,"Severe",0,0,0,0,0,0,0,0,0,0,0,0,0,0,1,"Migrated animals to another area for pasture.","Not very likely","Not very likely","Not very likely",0
"98-27-33-85",15,"Large Rise in Prices of Food",3,"Very severe",0,0,1,0,0,0,0,0,0,0,2,0,0,0,0,"","Not very likely","Not very likely","Not very likely",0
"65-84-88-76",1,"Chronicor Severe Illnessor Accident of a Household Member",1,"Severe",0,0,0,0,0,0,0,0,0,0,0,0,0,1,0,"","Not at all likely","Not at all likely","Not at all likely",0
"65-84-88-76",15,"Large Rise in Prices of Food",1,"Severe",0,0,0,0,0,0,0,0,0,0,0,0,0,1,0,"","Not at all likely","Not at all likely","Not at all likely",0
"88-58-36-62",1,"Chronicor Severe Illnessor Accident of a Household Member",3,"Very severe",0,0,0,0,0,0,0,0,0,0,1,0,0,0,0,"","Not at all likely","Not at all likely","Not at all likely",0
"88-58-36-62",7,"Drought or Extended Period of No Rain",7,"Very severe",0,0,0,0,0,0,0,0,0,0,0,0,0,0,1,"sell firewood and also fetching water for hotels to be paid as wages","Not at all likely","Not at all likely","Not at all likely",0
"88-58-36-62",10,"Livestock Disease/Death",7,"Very severe",0,1,0,0,0,0,0,0,0,0,0,0,0,0,0,"","Not very likely","Not at all likely","Not at all likely",0
"88-58-36-62",14,"Large Fall in Sale Prices for Cropsand or Livestock",1,"Severe",0,0,1,0,0,0,0,0,0,0,0,0,0,0,0,"","Not at all likely","Not at all likely","Not at all likely",0
"88-58-36-62",15,"Large Rise in Prices of Food",2,"Very severe",1,0,2,0,0,0,0,0,0,0,0,0,0,0,0,"","Not at all likely","Not at all likely","Not at all likely",0
"88-58-36-62",18,"End of Regular Assistance(E.g.Pension,CashTransfer,Remittances)from Outside the Household",1,"Very severe",0,0,1,0,0,0,0,0,0,0,0,0,0,0,0,"","Not at all likely","Not at all likely","Not at all likely",0
"68-07-50-59",1,"Chronicor Severe Illnessor Accident of a Household Member",3,"Very severe",1,0,0,0,0,0,0,0,0,0,0,0,0,0,0,"","Not at all likely","Not at all likely","Not at all likely",0
"68-07-50-59",7,"Drought or Extended Period of No Rain",1,"Very severe",0,0,0,0,0,0,0,0,0,0,0,0,0,1,0,"","Not at all likely","Not at all likely","Not at all likely",0
"68-07-50-59",9,"Crop Failure",1,"Very severe",0,0,0,0,1,0,0,0,0,0,0,0,0,0,0,"","Not at all likely","Not at all likely","Not at all likely",0
"68-07-50-59",10,"Livestock Disease/Death",1,"Severe",0,0,0,0,0,0,0,0,0,0,0,0,1,0,0,"","Not at all likely","Not at all likely","Not at all likely",0
"68-07-50-59",11,"Livestock Theft(IncludingRaids)",1,"Severe",0,0,0,0,0,0,0,0,0,0,0,0,1,0,0,"","Not at all likely","Not very likely","Not at all likely",0
"68-07-50-59",12,"Household Business Failure(Non-Agricultural)",3,"Very severe",0,0,0,0,0,0,0,0,0,0,0,0,0,1,0,"","Not at all likely","Not at all likely","Not at all likely",0
"68-07-50-59",14,"Large Fall in Sale Prices for Cropsand or Livestock",2,"Severe",0,0,0,0,0,0,0,0,0,0,0,0,0,1,0,"","Not at all likely","Not at all likely","Not at all likely",0
"68-07-50-59",15,"Large Rise in Prices of Food",10,"Very severe",0,0,1,0,0,0,0,0,0,0,0,0,0,0,0,"","Not at all likely","Not at all likely","Not at all likely",0
"68-07-50-59",16,"Large Rise in Prices of Agricultural Inputs(E.g.Agrochemicals,Machinery,HiredLabour)",1,"Severe",0,0,0,0,0,0,0,0,0,0,0,0,0,1,0,"","Not at all likely","Not at all likely","Not at all likely",0
"69-15-02-37",7,"Drought or Extended Period of No Rain",1,"Severe",0,0,0,0,0,0,0,0,0,0,0,0,0,1,0,"","Not very likely","Not very likely","Very  likely",0
"69-15-02-37",9,"Crop Failure",1,"Very severe",0,0,0,0,0,0,0,0,0,0,0,0,0,1,0,"","Not very likely","Not very likely","Very  likely",0
"69-15-02-37",14,"Large Fall in Sale Prices for Cropsand or Livestock",1,"Severe",0,0,0,0,0,0,0,0,0,0,1,0,0,0,0,"","Not very likely","Not very likely","Very  likely",0
"69-15-02-37",15,"Large Rise in Prices of Food",1,"Severe",0,0,0,0,0,0,0,0,0,0,1,0,0,0,0,"","Not very likely","Not very likely","Very  likely",0
"02-78-83-36",9,"Crop Failure",1,"Very severe",0,0,0,0,0,0,0,0,0,0,0,0,0,1,0,"","Not very likely","Not very likely","Very  likely",0
"02-78-83-36",10,"Livestock Disease/Death",10,"Very severe",0,0,0,0,0,0,0,0,0,0,0,0,0,1,0,"","Not very likely","Not very likely","Very  likely",0
"02-78-83-36",14,"Large Fall in Sale Prices for Cropsand or Livestock",1,"Very severe",0,0,0,0,0,0,0,0,0,0,0,0,0,1,0,"","Not very likely","Not very likely","Very  likely",0
"02-78-83-36",15,"Large Rise in Prices of Food",1,"Very severe",0,0,1,0,0,0,0,0,0,0,2,0,0,0,0,"","Not very likely","Not very likely","Very  likely",0
"97-59-33-64",7,"Drought or Extended Period of No Rain",2,"Very severe",0,0,0,0,0,0,0,0,0,0,0,0,0,1,0,"","Not at all likely","Not at all likely","Not very likely",0
"97-59-33-64",9,"Crop Failure",1,"Severe",0,0,0,0,0,0,0,0,0,0,0,0,0,1,0,"","Not at all likely","Not at all likely","Not very likely",0
"97-59-33-64",15,"Large Rise in Prices of Food",3,"Very severe",0,0,1,0,0,0,0,0,0,0,2,0,0,0,0,"","Not at all likely","Not at all likely","Not at all likely",0
"62-96-19-75",7,"Drought or Extended Period of No Rain",1,"Very severe",0,0,2,0,1,0,0,0,0,0,0,0,0,0,0,"","Not at all likely","Not at all likely","Extremely likely",0
"62-96-19-75",11,"Livestock Theft(IncludingRaids)",1,"Very severe",0,0,0,0,0,0,0,0,0,0,0,0,1,0,0,"","Not at all likely","Not at all likely","Very  likely",0
"62-96-19-75",15,"Large Rise in Prices of Food",1,"Very severe",0,0,1,0,2,0,0,0,0,0,0,0,0,0,0,"","Not at all likely","Not at all likely","Extremely likely",0
"62-96-19-75",16,"Large Rise in Prices of Agricultural Inputs(E.g.Agrochemicals,Machinery,HiredLabour)",1,"Very severe",0,0,0,0,2,0,0,0,0,0,1,0,0,0,0,"","Not at all likely","Not at all likely","Extremely likely",0
"73-91-22-23",2,"Death of a Household Member",1,"Very severe",0,1,0,0,0,0,0,0,0,0,0,0,0,0,0,"","Not at all likely","Not at all likely","Extremely likely",0
"73-91-22-23",9,"Crop Failure",1,"Very severe",0,0,0,0,0,0,0,0,0,0,0,0,0,1,0,"","Not at all likely","Not at all likely","Extremely likely",0
"73-91-22-23",15,"Large Rise in Prices of Food",1,"Very severe",2,0,1,0,0,0,0,0,0,0,0,0,0,0,0,"","Not at all likely","Not at all likely","Very  likely",0
"20-05-42-35",8,"Floods",1,"Very severe",0,0,0,0,0,0,0,0,0,0,0,0,0,1,0,"","Very  likely","Not very likely","Extremely likely",0
"20-05-42-35",15,"Large Rise in Prices of Food",1,"Very severe",2,0,1,0,0,0,0,0,0,0,0,0,0,0,0,"","Not at all likely","Not at all likely","Extremely likely",0
"41-87-52-98",1,"Chronicor Severe Illnessor Accident of a Household Member",3,"Very severe",1,0,0,0,0,0,0,0,0,0,0,0,0,0,0,"","Not at all likely","Not very likely","Not at all likely",0
"41-87-52-98",2,"Death of a Household Member",3,"Very severe",1,0,0,0,0,0,0,0,0,0,0,0,0,0,0,"","Extremely likely","Not at all likely","Not at all likely",0
"41-87-52-98",6,"Dwelling Damaged",1,"Very severe",1,0,0,0,0,0,0,0,0,0,0,0,0,0,0,"","Extremely likely","Not at all likely","Not at all likely",0
"41-87-52-98",15,"Large Rise in Prices of Food",1,"Very severe",1,0,0,0,0,0,0,0,0,0,0,0,0,0,0,"","Not at all likely","Not at all likely","Not at all likely",0
"69-31-43-37",15,"Large Rise in Prices of Food",6,"Very severe",1,3,2,0,0,0,0,0,0,0,0,0,0,0,0,"","Not at all likely","Not at all likely","Not at all likely",0
"53-00-97-20",7,"Drought or Extended Period of No Rain",2,"Severe",1,0,0,0,0,0,0,0,0,0,0,0,0,0,0,"","Very  likely","Not very likely","Not very likely",0
"53-00-97-20",11,"Livestock Theft(IncludingRaids)",1,"Severe",1,0,0,0,0,0,0,0,0,0,0,0,0,0,0,"","Not very likely","Not very likely","Not very likely",0
"33-41-86-29",1,"Chronicor Severe Illnessor Accident of a Household Member",1,"Severe",1,0,0,0,0,0,0,0,0,0,2,0,0,0,0,"","Not at all likely","Not at all likely","Not at all likely",0
"33-41-86-29",2,"Death of a Household Member",1,"Very severe",1,0,0,0,0,0,0,0,0,0,2,0,0,0,0,"","Not at all likely","Not at all likely","Not at all likely",0
"33-41-86-29",7,"Drought or Extended Period of No Rain",2,"Very severe",0,0,1,0,0,0,0,0,0,0,0,0,0,0,0,"","Not at all likely","Not at all likely","Not at all likely",0
"33-41-86-29",15,"Large Rise in Prices of Food",3,"Very severe",0,0,1,0,0,0,0,0,0,0,2,0,0,0,0,"","Not at all likely","Not at all likely","Not at all likely",0
"32-86-73-25",7,"Drought or Extended Period of No Rain",2,"Very severe",0,0,0,0,0,0,0,0,0,0,1,0,0,0,0,"","Not at all likely","Not at all likely","Not at all likely",0
"32-86-73-25",15,"Large Rise in Prices of Food",3,"Very severe",0,0,1,0,0,0,0,0,0,0,2,0,0,0,0,"","Not at all likely","Not at all likely","Not at all likely",0
"72-97-03-54",2,"Death of a Household Member",1,"Very severe",0,0,0,0,0,0,0,0,0,0,0,0,0,1,0,"","Not very likely","Not very likely","Not very likely",0
"72-97-03-54",4,"Fire on Property",1,"Very severe",0,0,0,0,0,0,0,0,0,0,0,0,1,0,0,"","Not very likely","Not very likely","Not very likely",0
"72-97-03-54",5,"Robbery/Burglary",1,"Very severe",0,0,0,0,0,0,0,0,0,0,0,0,1,0,0,"","Not very likely","Not very likely","Not very likely",0
"72-97-03-54",7,"Drought or Extended Period of No Rain",8,"Very severe",0,0,2,0,0,0,0,0,0,0,1,0,0,0,0,"","Not very likely","Not very likely","Not very likely",0
"72-97-03-54",9,"Crop Failure",1,"Very severe",0,0,0,0,0,0,0,0,0,0,0,0,0,1,0,"","Not very likely","Not very likely","Not very likely",0
"72-97-03-54",10,"Livestock Disease/Death",4,"Very severe",0,0,0,0,0,0,0,0,0,0,0,0,0,1,0,"","Not very likely","Not very likely","Not very likely",0
"72-97-03-54",15,"Large Rise in Prices of Food",12,"Very severe",0,0,0,0,0,0,0,0,0,0,1,0,0,0,0,"","Not very likely","Not very likely","Not very likely",0
"72-97-03-54",19,"Ethnic or Clan Clashes",3,"Very severe",0,0,0,0,0,0,0,0,0,0,0,1,0,0,0,"","Not very likely","Not at all likely","Not very likely",0
"15-89-37-89",7,"Drought or Extended Period of No Rain",1,"Severe",0,1,0,0,0,0,0,0,0,0,0,0,0,0,0,"","Not very likely","Not at all likely","Not at all likely",0
"15-89-37-89",8,"Floods",1,"Severe",0,0,0,0,0,0,0,0,0,0,0,0,0,1,0,"","Not at all likely","Not very likely","Not at all likely",0
"15-89-37-89",9,"Crop Failure",1,"Very severe",0,2,1,0,0,0,0,0,0,0,3,0,0,0,0,"","Not very likely","Not at all likely","Not at all likely",0
"15-89-37-89",10,"Livestock Disease/Death",2,"Very severe",0,0,0,0,0,0,0,0,0,0,0,0,1,0,0,"","Not at all likely","Not at all likely","Not at all likely",0
"15-89-37-89",14,"Large Fall in Sale Prices for Cropsand or Livestock",3,"Severe",0,0,0,0,0,0,0,0,0,0,0,0,0,1,0,"","Not at all likely","Not at all likely","Not at all likely",0
"15-89-37-89",15,"Large Rise in Prices of Food",5,"Very severe",0,0,1,0,0,0,0,0,0,0,0,0,0,0,0,"","Not at all likely","Not at all likely","Not at all likely",0
"12-79-12-74",7,"Drought or Extended Period of No Rain",1,"Very severe",0,0,0,0,0,0,0,0,0,0,0,0,0,1,0,"","Not at all likely","Not at all likely","Very  likely",0
"12-79-12-74",9,"Crop Failure",1,"Severe",0,0,0,0,0,0,0,0,0,0,0,0,0,1,0,"","Not at all likely","Not very likely","Very  likely",0
"12-79-12-74",14,"Large Fall in Sale Prices for Cropsand or Livestock",1,"Mild",0,0,1,0,0,0,0,0,0,0,0,0,0,0,0,"","Not very likely","Not very likely","Very  likely",0
"12-79-12-74",15,"Large Rise in Prices of Food",1,"Very severe",0,0,1,0,0,0,0,0,0,0,0,0,0,0,0,"","Not very likely","Not very likely","Extremely likely",0
"84-49-36-60",7,"Drought or Extended Period of No Rain",9,"Very severe",0,0,0,0,0,0,0,0,0,0,1,0,0,0,0,"","Not very likely","Not at all likely","Not very likely",0
"84-49-36-60",9,"Crop Failure",1,"Very severe",0,0,0,0,0,0,0,0,0,0,0,0,0,1,0,"","Not very likely","Not very likely","Not very likely",0
"84-49-36-60",10,"Livestock Disease/Death",20,"Very severe",0,0,0,0,0,0,0,0,0,0,0,0,0,0,1,"Injection of the remaining livestock","Not very likely","Not at all likely","Not very likely",0
"84-49-36-60",11,"Livestock Theft(IncludingRaids)",4,"Very severe",0,0,0,0,0,0,0,0,0,0,0,0,0,1,0,"","Not very likely","Not at all likely","Not very likely",0
"84-49-36-60",15,"Large Rise in Prices of Food",10,"Very severe",0,0,0,0,0,0,0,0,0,0,1,0,0,0,0,"","Not very likely","Not at all likely","Not very likely",0
"84-49-36-60",19,"Ethnic or Clan Clashes",4,"Very severe",0,0,0,0,0,0,0,0,0,0,0,0,0,0,1,"The family usually goes for hiding until the ethnic clashes ends","Not very likely","Not at all likely","Not very likely",0
"50-30-24-70",6,"Dwelling Damaged",2,"Very severe",0,0,0,0,0,0,0,0,0,0,1,0,0,0,0,"","Not very likely","Not at all likely","Not at all likely",0
"50-30-24-70",7,"Drought or Extended Period of No Rain",1,"Very severe",0,0,0,0,0,0,0,0,0,0,0,0,0,1,0,"","Not at all likely","Not at all likely","Not at all likely",0
"50-30-24-70",8,"Floods",2,"Very severe",0,0,0,0,0,0,0,0,0,0,0,0,0,1,0,"","Not at all likely","Not at all likely","Not at all likely",0
"50-30-24-70",9,"Crop Failure",2,"Very severe",0,0,1,0,0,0,0,0,0,0,0,0,0,0,0,"","Not at all likely","Not at all likely","Not at all likely",0
"50-30-24-70",10,"Livestock Disease/Death",1,"Severe",0,0,0,0,0,0,0,0,0,0,0,0,1,0,0,"","Not at all likely","Not at all likely","Not at all likely",0
"50-30-24-70",14,"Large Fall in Sale Prices for Cropsand or Livestock",1,"Severe",0,0,0,0,0,0,0,0,0,0,0,0,0,1,0,"","Not very likely","Not at all likely","Not at all likely",0
"50-30-24-70",15,"Large Rise in Prices of Food",5,"Very severe",0,0,1,0,0,0,0,0,0,0,0,0,0,0,0,"","Not at all likely","Not at all likely","Not at all likely",0
"50-30-24-70",16,"Large Rise in Prices of Agricultural Inputs(E.g.Agrochemicals,Machinery,HiredLabour)",1,"Severe",0,0,0,0,0,0,0,0,0,0,0,0,0,1,0,"","Not very likely","Not at all likely","Not at all likely",0
"73-01-79-27",7,"Drought or Extended Period of No Rain",1,"Very severe",0,0,1,0,2,0,0,0,0,0,0,0,0,0,0,"","Not at all likely","Not very likely","Extremely likely",0
"73-01-79-27",15,"Large Rise in Prices of Food",1,"Very severe",0,0,1,0,2,0,0,0,0,0,0,0,0,0,0,"","Not at all likely","Not very likely","Extremely likely",0
"61-70-56-76",7,"Drought or Extended Period of No Rain",8,"Very severe",0,0,0,0,0,0,0,0,0,0,1,0,0,0,0,"","Not very likely","Not at all likely","Not very likely",0
"61-70-56-76",9,"Crop Failure",1,"Very severe",0,0,0,0,0,0,0,0,0,0,0,0,0,1,0,"","Not very likely","Not very likely","Not very likely",0
"61-70-56-76",10,"Livestock Disease/Death",6,"Very severe",0,0,0,0,0,0,0,0,0,0,0,0,0,1,0,"","Not very likely","Not very likely","Not very likely",0
"61-70-56-76",15,"Large Rise in Prices of Food",10,"Very severe",0,0,0,0,0,0,0,0,0,0,1,0,0,0,0,"","Not very likely","Not very likely","Not very likely",0
"02-74-92-32",1,"Chronicor Severe Illnessor Accident of a Household Member",1,"Very severe",0,0,0,0,0,0,1,0,0,0,0,0,0,0,0,"","Not very likely","Not very likely","Not very likely",0
"02-74-92-32",15,"Large Rise in Prices of Food",8,"Very severe",0,0,0,0,0,0,1,0,0,0,0,0,0,0,0,"","Not very likely","Not very likely","Not very likely",0
"69-39-88-08",1,"Chronicor Severe Illnessor Accident of a Household Member",1,"Severe",0,2,1,0,0,0,0,0,0,0,0,0,0,0,0,"","Not at all likely","Not at all likely","Not at all likely",0
"69-39-88-08",7,"Drought or Extended Period of No Rain",2,"Very severe",0,1,2,0,0,0,0,0,0,0,0,0,0,0,0,"","Not at all likely","Not at all likely","Not at all likely",0
"69-39-88-08",8,"Floods",2,"Severe",0,1,2,0,0,0,0,0,0,0,0,0,0,0,0,"","Not at all likely","Not at all likely","Not at all likely",0
"69-39-88-08",9,"Crop Failure",2,"Very severe",0,1,2,0,0,0,0,0,0,0,0,0,0,0,0,"","Not at all likely","Not at all likely","Not at all likely",0
"69-39-88-08",15,"Large Rise in Prices of Food",3,"Very severe",0,0,1,0,0,0,0,0,0,0,0,0,0,0,0,"","Not at all likely","Not at all likely","Not at all likely",0
"69-39-88-08",16,"Large Rise in Prices of Agricultural Inputs(E.g.Agrochemicals,Machinery,HiredLabour)",2,"Severe",0,0,0,0,0,0,0,0,0,0,0,0,0,1,0,"","Not at all likely","Not at all likely","Not at all likely",0
"97-74-84-66",7,"Drought or Extended Period of No Rain",2,"Very severe",1,0,0,0,0,0,0,0,0,0,0,0,0,0,0,"","Very  likely","Not very likely","Not very likely",0
"15-82-53-55",7,"Drought or Extended Period of No Rain",2,"Very severe",1,0,2,0,0,0,0,0,0,0,0,0,0,0,0,"","Not at all likely","Not at all likely","Not at all likely",0
"15-82-53-55",15,"Large Rise in Prices of Food",3,"Very severe",1,0,2,0,0,0,0,0,0,0,0,0,0,0,0,"","Not at all likely","Not at all likely","Not at all likely",0
"46-71-69-87",7,"Drought or Extended Period of No Rain",1,"Very severe",0,0,1,0,2,0,0,0,0,0,3,0,0,0,0,"","Not very likely","Not at all likely","Extremely likely",0
"46-71-69-87",10,"Livestock Disease/Death",3,"Very severe",0,0,1,0,0,0,0,0,0,0,0,0,0,0,0,"","Not very likely","Not very likely","Extremely likely",0
"46-71-69-87",15,"Large Rise in Prices of Food",1,"Very severe",0,0,2,0,1,0,0,0,0,0,0,0,0,0,0,"","Not at all likely","Not very likely","Extremely likely",0
"46-71-69-87",16,"Large Rise in Prices of Agricultural Inputs(E.g.Agrochemicals,Machinery,HiredLabour)",1,"Very severe",0,0,0,0,3,0,0,0,1,0,2,0,0,0,0,"","Not very likely","Not very likely","Extremely likely",0
"65-63-71-66",7,"Drought or Extended Period of No Rain",3,"Very severe",0,1,2,0,3,0,0,0,0,0,0,0,0,0,0,"","Not at all likely","Not very likely","Extremely likely",0
"65-63-71-66",9,"Crop Failure",2,"Very severe",0,0,2,0,1,0,0,0,0,0,0,0,0,0,0,"","Not at all likely","Not at all likely","Not very likely",0
"65-63-71-66",10,"Livestock Disease/Death",1,"Very severe",0,0,0,0,0,0,0,0,0,0,0,0,0,1,0,"","Not at all likely","Not at all likely","Extremely likely",0
"65-63-71-66",15,"Large Rise in Prices of Food",3,"Very severe",0,0,0,0,1,0,0,0,0,0,0,0,0,0,0,"","Not very likely","Not very likely","Extremely likely",0
"15-51-80-47",1,"Chronicor Severe Illnessor Accident of a Household Member",1,"Very severe",0,0,0,0,0,0,0,0,0,0,0,0,0,1,0,"","Not at all likely","Not at all likely","Very  likely",0
"15-51-80-47",9,"Crop Failure",2,"Very severe",0,0,0,0,0,0,0,0,0,0,0,0,0,1,0,"","Not at all likely","Not at all likely","Very  likely",0
"15-51-80-47",10,"Livestock Disease/Death",1,"Very severe",0,0,0,0,0,0,0,0,0,0,0,1,0,0,0,"","Not at all likely","Not at all likely","Very  likely",0
"15-51-80-47",15,"Large Rise in Prices of Food",1,"Very severe",0,0,1,0,0,0,0,0,0,0,0,0,0,0,0,"","Not at all likely","Not at all likely","Very  likely",0
"32-74-61-81",1,"Chronicor Severe Illnessor Accident of a Household Member",1,"Severe",1,0,0,0,0,0,0,0,0,0,0,0,0,0,0,"","Not at all likely","Not at all likely","Not at all likely",0
"32-74-61-81",7,"Drought or Extended Period of No Rain",2,"Very severe",1,0,2,0,0,0,0,0,0,0,0,0,0,0,0,"","Not at all likely","Not at all likely","Not very likely",0
"32-74-61-81",15,"Large Rise in Prices of Food",1,"Very severe",0,0,1,0,0,0,0,0,0,0,0,0,0,0,0,"","Not at all likely","Not at all likely","Not at all likely",0
"36-59-31-86",1,"Chronicor Severe Illnessor Accident of a Household Member",1,"Severe",0,0,0,0,0,0,0,0,0,0,0,0,0,1,0,"","Not at all likely","Not very likely","Not at all likely",0
"36-59-31-86",14,"Large Fall in Sale Prices for Cropsand or Livestock",1,"Severe",0,0,0,0,0,0,0,0,0,0,0,0,0,1,0,"","Not at all likely","Not at all likely","Very  likely",0
"36-59-31-86",15,"Large Rise in Prices of Food",2,"Very severe",0,0,1,0,0,0,0,0,0,0,0,0,0,0,0,"","Not very likely","Not very likely","Very  likely",0
"73-83-46-14",7,"Drought or Extended Period of No Rain",2,"Very severe",0,1,2,0,0,0,0,0,0,0,0,0,0,0,0,"","Not at all likely","Not at all likely","Not at all likely",0
"73-83-46-14",8,"Floods",2,"Very severe",0,1,2,0,0,0,0,0,0,0,0,0,0,0,0,"","Not at all likely","Not at all likely","Not at all likely",0
"73-83-46-14",9,"Crop Failure",2,"Very severe",0,1,2,0,0,0,0,0,0,0,0,0,0,0,0,"","Not at all likely","Not at all likely","Not at all likely",0
"73-83-46-14",10,"Livestock Disease/Death",1,"Severe",0,0,0,0,0,0,0,0,0,0,0,0,0,1,0,"","Not at all likely","Not very likely","Not at all likely",0
"73-83-46-14",15,"Large Rise in Prices of Food",2,"Very severe",0,0,1,0,0,0,0,0,0,0,0,0,0,0,0,"","Not at all likely","Not at all likely","Not very likely",0
"73-83-46-14",16,"Large Rise in Prices of Agricultural Inputs(E.g.Agrochemicals,Machinery,HiredLabour)",2,"Very severe",0,0,0,0,0,0,0,0,0,0,0,0,0,1,0,"","Not at all likely","Not at all likely","Not at all likely",0
"07-04-05-10",7,"Drought or Extended Period of No Rain",1,"Severe",1,0,0,0,0,0,0,0,0,0,0,0,0,0,0,"","Not at all likely","Not at all likely","Not at all likely",0
"07-04-05-10",8,"Floods",2,"Very severe",0,0,0,0,0,0,0,0,0,0,0,1,0,0,0,"","Not at all likely","Not at all likely","Not at all likely",0
"07-04-05-10",9,"Crop Failure",1,"Very severe",1,0,0,0,0,0,0,0,0,0,0,0,0,2,0,"","Not at all likely","Not at all likely","Not at all likely",0
"07-04-05-10",10,"Livestock Disease/Death",1,"Severe",0,0,0,0,0,0,0,0,0,0,0,0,1,0,0,"","Not at all likely","Not at all likely","Not at all likely",0
"07-04-05-10",14,"Large Fall in Sale Prices for Cropsand or Livestock",2,"Mild",0,0,0,0,0,0,0,0,0,0,0,0,0,1,0,"","Not at all likely","Not at all likely","Not at all likely",0
"07-04-05-10",15,"Large Rise in Prices of Food",7,"Severe",0,0,1,0,0,0,0,0,0,0,0,0,0,0,0,"","Not at all likely","Not at all likely","Not at all likely",0
"99-97-90-90",7,"Drought or Extended Period of No Rain",1,"Very severe",0,0,2,0,1,0,0,0,0,0,0,0,0,0,0,"","Not very likely","Not at all likely","Extremely likely",0
"99-97-90-90",15,"Large Rise in Prices of Food",1,"Very severe",0,0,1,0,2,0,0,0,0,0,0,0,0,0,0,"","Not very likely","Not at all likely","Extremely likely",0
"99-97-90-90",16,"Large Rise in Prices of Agricultural Inputs(E.g.Agrochemicals,Machinery,HiredLabour)",1,"Very severe",0,0,0,3,2,0,0,0,1,0,0,0,0,0,0,"","Not very likely","Not at all likely","Extremely likely",0
"85-50-39-09",6,"Dwelling Damaged",1,"Severe",0,0,0,0,0,0,0,0,0,0,0,1,0,0,0,"","Not very likely","Not very likely","Very  likely",0
"85-50-39-09",7,"Drought or Extended Period of No Rain",1,"Severe",0,1,2,0,0,0,0,0,0,0,3,0,0,0,0,"","Not very likely","Not very likely","Very  likely",0
"85-50-39-09",8,"Floods",1,"Very severe",0,0,0,0,0,0,0,0,0,0,0,1,0,0,2,"unconditional help from NGOs, Red cross","Not very likely","Not very likely","Very  likely",0
"85-50-39-09",15,"Large Rise in Prices of Food",1,"Very severe",0,0,0,0,2,0,0,0,0,0,0,0,0,1,0,"","Not very likely","Not very likely","Extremely likely",0
"85-50-39-09",16,"Large Rise in Prices of Agricultural Inputs(E.g.Agrochemicals,Machinery,HiredLabour)",1,"Severe",0,0,0,2,0,0,0,0,0,0,1,0,0,0,0,"","Not very likely","Not very likely","Extremely likely",0
"46-32-17-36",9,"Crop Failure",1,"Very severe",1,0,0,0,0,0,0,0,0,0,2,0,0,0,0,"","Not at all likely","Very  likely","Not at all likely",0
"46-32-17-36",10,"Livestock Disease/Death",2,"Very severe",2,0,0,0,0,0,0,0,0,0,1,0,0,0,0,"","Not very likely","Very  likely","Not very likely",0
"46-32-17-36",15,"Large Rise in Prices of Food",1,"Very severe",1,0,0,0,0,0,0,0,0,0,2,0,0,0,0,"","Not at all likely","Not at all likely","Not at all likely",0
"85-98-37-69",7,"Drought or Extended Period of No Rain",1,"Very severe",0,1,3,0,2,0,0,0,0,0,0,0,0,0,0,"","Not very likely","Not at all likely","Extremely likely",0
"85-98-37-69",15,"Large Rise in Prices of Food",1,"Very severe",0,0,0,0,1,0,0,0,0,0,2,0,0,0,0,"","Not very likely","Not at all likely","Very  likely",0
"85-98-37-69",16,"Large Rise in Prices of Agricultural Inputs(E.g.Agrochemicals,Machinery,HiredLabour)",1,"Very severe",0,0,0,0,1,0,0,0,0,0,2,0,0,0,0,"","Not very likely","Not very likely","Not very likely",0
"65-26-91-15",7,"Drought or Extended Period of No Rain",2,"Severe",0,0,0,1,0,0,0,0,0,0,0,0,0,0,0,"","Very  likely","Very  likely","Very  likely",0
"65-26-91-15",15,"Large Rise in Prices of Food",3,"Severe",0,0,0,0,0,0,0,0,0,0,0,0,0,1,0,"","Very  likely","Very  likely","Very  likely",0
"65-26-91-15",16,"Large Rise in Prices of Agricultural Inputs(E.g.Agrochemicals,Machinery,HiredLabour)",2,"Severe",0,0,0,1,0,0,0,0,0,0,0,0,0,0,0,"","Very  likely","Not very likely","Very  likely",0
"65-45-62-39",1,"Chronicor Severe Illnessor Accident of a Household Member",1,"Severe",1,0,0,0,0,0,0,0,0,0,0,0,0,0,0,"","Not very likely","Not very likely","Not very likely",0
"65-45-62-39",15,"Large Rise in Prices of Food",6,"Severe",0,0,1,0,0,0,0,0,0,0,0,0,0,0,0,"","Not very likely","Not at all likely","Very  likely",0
"47-59-10-25",8,"Floods",2,"Very severe",0,0,0,0,0,0,0,0,0,0,0,1,0,0,0,"","Not very likely","Not at all likely","Not at all likely",0
"47-59-10-25",9,"Crop Failure",2,"Very severe",1,4,2,0,0,0,0,0,0,0,3,0,0,0,0,"","Not at all likely","Not at all likely","Not at all likely",0
"47-59-10-25",10,"Livestock Disease/Death",1,"Mild",0,0,0,0,0,0,0,0,0,0,0,0,0,1,0,"","Not at all likely","Not at all likely","Not at all likely",0
"47-59-10-25",15,"Large Rise in Prices of Food",2,"Very severe",2,1,0,0,0,0,0,0,0,0,3,0,0,0,0,"","Not at all likely","Not very likely","Not at all likely",0
"47-59-10-25",16,"Large Rise in Prices of Agricultural Inputs(E.g.Agrochemicals,Machinery,HiredLabour)",2,"Very severe",0,0,1,0,0,0,0,0,0,0,0,0,0,0,0,"","Not at all likely","Not very likely","Not very likely",0
"03-90-73-99",1,"Chronicor Severe Illnessor Accident of a Household Member",1,"Very severe",0,0,0,0,0,0,0,0,0,0,0,0,0,1,0,"","Not at all likely","Not at all likely","Not at all likely",0
"03-90-73-99",7,"Drought or Extended Period of No Rain",6,"Very severe",0,0,1,0,0,0,0,0,0,0,0,0,0,0,0,"","Not very likely","Not at all likely","Not at all likely",0
"03-90-73-99",14,"Large Fall in Sale Prices for Cropsand or Livestock",1,"Very severe",0,0,1,0,0,0,0,0,0,0,2,0,0,0,0,"","Not at all likely","Not at all likely","Not at all likely",0
"03-90-73-99",15,"Large Rise in Prices of Food",1,"Very severe",0,0,1,0,0,0,0,0,0,0,0,0,0,0,0,"","Not at all likely","Not at all likely","Not at all likely",0
"03-90-73-99",18,"End of Regular Assistance(E.g.Pension,CashTransfer,Remittances)from Outside the Household",1,"Very severe",0,0,1,0,0,0,0,0,0,0,2,0,0,0,0,"","Not at all likely","Not at all likely","Not at all likely",0
"43-25-90-61",7,"Drought or Extended Period of No Rain",7,"Very severe",0,0,1,0,0,0,0,0,0,0,2,0,0,0,0,"","Not very likely","Not very likely","Not at all likely",0
"43-25-90-61",9,"Crop Failure",2,"Very severe",0,0,1,0,0,0,0,0,0,0,2,0,0,0,0,"","Not at all likely","Not at all likely","Not at all likely",0
"43-25-90-61",10,"Livestock Disease/Death",1,"Very severe",0,0,0,0,0,0,0,0,0,0,0,0,0,1,0,"","Not at all likely","Not very likely","Not at all likely",0
"43-25-90-61",15,"Large Rise in Prices of Food",1,"Severe",0,0,1,0,0,0,0,0,0,0,0,0,0,0,0,"","Not at all likely","Not at all likely","Not at all likely",0
"43-25-90-61",18,"End of Regular Assistance(E.g.Pension,CashTransfer,Remittances)from Outside the Household",1,"Very severe",0,0,0,0,0,0,0,0,0,0,1,0,0,0,0,"","Not at all likely","Not at all likely","Not very likely",0
"49-70-00-09",7,"Drought or Extended Period of No Rain",2,"Very severe",0,1,2,0,3,0,0,0,0,0,0,0,0,0,0,"","Not very likely","Not very likely","Not very likely",0
"49-70-00-09",9,"Crop Failure",2,"Very severe",0,0,1,0,2,0,0,0,0,0,0,0,0,0,0,"","Not at all likely","Not very likely","Extremely likely",0
"49-70-00-09",10,"Livestock Disease/Death",2,"Severe",0,0,0,0,0,0,0,0,0,0,1,0,0,0,0,"","Not very likely","Not very likely","Extremely likely",0
"49-70-00-09",15,"Large Rise in Prices of Food",3,"Very severe",0,0,2,0,0,0,0,0,0,0,1,0,0,0,0,"","Not at all likely","Very  likely","Very  likely",1
"49-70-00-09",16,"Large Rise in Prices of Agricultural Inputs(E.g.Agrochemicals,Machinery,HiredLabour)",1,"Severe",0,0,0,0,0,0,0,0,0,0,1,0,0,0,0,"","Very  likely","Not at all likely","Very  likely",0
"06-94-49-47",2,"Death of a Household Member",1,"Very severe",1,0,0,0,0,0,0,0,0,0,0,0,0,0,0,"","Not at all likely","Not at all likely","Not at all likely",0
"19-04-54-37",2,"Death of a Household Member",1,"Severe",1,0,0,0,0,0,0,0,0,0,2,0,0,0,0,"","Not very likely","Not very likely","Extremely likely",0
"19-04-54-37",7,"Drought or Extended Period of No Rain",1,"Very severe",0,1,2,0,3,0,0,0,0,0,4,0,0,0,0,"","Not at all likely","Not at all likely","Extremely likely",0
"19-04-54-37",15,"Large Rise in Prices of Food",1,"Very severe",0,0,1,0,2,0,0,0,0,0,0,0,0,0,0,"","Not at all likely","Not very likely","Extremely likely",0
"19-04-54-37",16,"Large Rise in Prices of Agricultural Inputs(E.g.Agrochemicals,Machinery,HiredLabour)",1,"Severe",0,0,0,1,0,0,0,0,0,0,2,0,0,0,0,"","Not very likely","Not very likely","Extremely likely",0
"59-57-12-16",15,"Large Rise in Prices of Food",3,"Very severe",0,0,1,0,0,0,0,0,0,0,2,0,0,0,0,"","Not at all likely","Not at all likely","Very  likely",0
"49-28-72-36",7,"Drought or Extended Period of No Rain",3,"Very severe",0,0,2,0,0,0,0,0,0,0,1,0,0,0,0,"","Extremely likely","Very  likely","Very  likely",0
"49-28-72-36",8,"Floods",1,"Severe",0,1,0,0,0,0,0,0,0,0,0,0,0,0,0,"","Not very likely","Very  likely","Not very likely",0
"49-28-72-36",9,"Crop Failure",4,"Very severe",0,0,0,0,0,0,0,0,0,0,0,0,0,1,0,"","Not at all likely","Not at all likely","Extremely likely",0
"49-28-72-36",10,"Livestock Disease/Death",10,"Very severe",0,0,0,0,0,0,0,0,0,0,0,0,0,1,0,"","Not at all likely","Not very likely","Extremely likely",0
"49-28-72-36",14,"Large Fall in Sale Prices for Cropsand or Livestock",3,"Very severe",0,0,0,0,0,0,0,0,0,0,1,0,0,0,0,"","Not at all likely","Not very likely","Not very likely",0
"49-28-72-36",15,"Large Rise in Prices of Food",3,"Very severe",0,0,0,0,0,0,0,0,0,0,1,0,0,0,0,"","Not very likely","Not very likely","Not very likely",0
"93-14-44-32",7,"Drought or Extended Period of No Rain",1,"Severe",1,0,0,0,0,0,0,0,0,0,0,0,0,0,0,"","Not very likely","Not at all likely","Not at all likely",0
"93-14-44-32",8,"Floods",2,"Very severe",0,0,0,0,0,0,0,0,0,0,0,1,0,0,0,"","Not at all likely","Not at all likely","Not at all likely",0
"93-14-44-32",9,"Crop Failure",1,"Severe",1,0,0,0,0,0,0,0,0,0,0,0,0,0,0,"","Not very likely","Not at all likely","Not at all likely",0
"93-14-44-32",10,"Livestock Disease/Death",1,"Mild",0,0,0,0,0,0,0,0,0,0,0,0,1,0,0,"","Not at all likely","Not at all likely","Not at all likely",0
"93-14-44-32",11,"Livestock Theft(IncludingRaids)",1,"Mild",0,0,0,0,0,0,0,0,0,0,0,0,0,1,0,"","Not at all likely","Not at all likely","Not at all likely",0
"93-14-44-32",14,"Large Fall in Sale Prices for Cropsand or Livestock",2,"Mild",0,0,0,0,0,0,0,0,0,0,0,0,0,1,0,"","Not at all likely","Not at all likely","Not at all likely",0
"93-14-44-32",15,"Large Rise in Prices of Food",3,"Severe",0,0,1,0,0,0,0,0,0,0,0,0,0,0,0,"","Not at all likely","Not at all likely","Not at all likely",0
"51-90-88-91",1,"Chronicor Severe Illnessor Accident of a Household Member",3,"Very severe",1,0,2,0,0,0,0,0,0,0,0,0,0,0,0,"","Not very likely","Not at all likely","Not at all likely",0
"51-90-88-91",7,"Drought or Extended Period of No Rain",2,"Very severe",1,0,2,0,0,0,0,0,0,0,0,0,0,0,0,"","Not at all likely","Not very likely","Not at all likely",0
"51-90-88-91",8,"Floods",2,"Very severe",0,1,2,0,0,0,0,0,0,0,0,3,0,0,0,"","Not at all likely","Not at all likely","Not at all likely",0
"51-90-88-91",9,"Crop Failure",2,"Very severe",2,0,1,0,0,0,0,0,0,0,0,0,0,0,0,"","Not at all likely","Not at all likely","Not at all likely",0
"51-90-88-91",10,"Livestock Disease/Death",3,"Very severe",0,0,0,0,0,0,0,0,0,0,0,0,0,1,0,"","Not at all likely","Not at all likely","Not at all likely",0
"51-90-88-91",15,"Large Rise in Prices of Food",2,"Very severe",1,0,2,0,0,0,0,0,0,0,0,0,0,0,0,"","Not at all likely","Not at all likely","Not at all likely",0
"12-47-74-84",1,"Chronicor Severe Illnessor Accident of a Household Member",1,"Very severe",1,0,0,0,0,0,0,0,0,0,0,0,0,0,0,"","Not at all likely","Not at all likely","Not at all likely",0
"12-47-74-84",2,"Death of a Household Member",1,"Very severe",1,0,0,0,0,0,0,0,0,0,0,0,0,0,0,"","Not at all likely","Not at all likely","Not at all likely",0
"12-47-74-84",7,"Drought or Extended Period of No Rain",2,"Very severe",1,0,0,0,0,0,0,0,0,0,0,0,0,0,0,"","Not at all likely","Not at all likely","Not at all likely",0
"12-47-74-84",10,"Livestock Disease/Death",1,"Very severe",1,0,0,0,0,0,0,0,0,0,0,0,0,0,0,"","Not at all likely","Not at all likely","Not at all likely",0
"12-47-74-84",15,"Large Rise in Prices of Food",1,"Severe",1,0,0,0,0,0,0,0,0,0,0,0,0,0,0,"","Not at all likely","Not at all likely","Not at all likely",0
"66-45-27-28",7,"Drought or Extended Period of No Rain",1,"Severe",0,0,0,0,0,0,0,0,0,0,0,0,0,1,0,"","Not very likely","Not very likely","Very  likely",0
"66-45-27-28",9,"Crop Failure",2,"Very severe",0,0,0,0,0,0,0,0,0,0,0,0,0,1,0,"","Not very likely","Not very likely","Very  likely",0
"66-45-27-28",14,"Large Fall in Sale Prices for Cropsand or Livestock",1,"Severe",0,0,0,0,0,0,0,0,0,0,1,0,0,0,0,"","Not very likely","Not very likely","Not very likely",0
"66-45-27-28",15,"Large Rise in Prices of Food",1,"Very severe",0,0,1,0,0,0,0,0,0,0,2,0,0,0,0,"","Not very likely","Not very likely","Extremely likely",0
"61-66-59-51",7,"Drought or Extended Period of No Rain",2,"Very severe",1,0,2,0,0,0,0,0,0,0,3,0,0,0,0,"","Not at all likely","Not at all likely","Not at all likely",0
"61-66-59-51",9,"Crop Failure",2,"Very severe",1,0,2,0,0,0,0,0,0,0,3,0,0,0,0,"","Not at all likely","Not at all likely","Not at all likely",0
"61-66-59-51",14,"Large Fall in Sale Prices for Cropsand or Livestock",2,"Very severe",1,0,0,2,0,0,0,0,0,0,0,0,0,0,0,"","Not at all likely","Not at all likely","Not very likely",0
"61-66-59-51",15,"Large Rise in Prices of Food",3,"Very severe",1,0,2,0,0,0,0,0,0,0,0,0,0,0,0,"","Not at all likely","Not at all likely","Not at all likely",0
"61-66-59-51",16,"Large Rise in Prices of Agricultural Inputs(E.g.Agrochemicals,Machinery,HiredLabour)",2,"Very severe",0,0,0,0,0,0,0,0,0,0,0,0,0,1,0,"","Not at all likely","Not at all likely","Not at all likely",0
"78-64-43-02",7,"Drought or Extended Period of No Rain",2,"Very severe",0,0,0,0,0,0,0,0,0,0,1,0,0,0,0,"","Not at all likely","Not at all likely","Not at all likely",0
"78-64-43-02",9,"Crop Failure",1,"Very severe",0,0,0,0,0,0,0,0,0,0,1,0,0,0,0,"","Not at all likely","Not at all likely","Not at all likely",0
"78-64-43-02",10,"Livestock Disease/Death",1,"Mild",0,0,0,0,0,0,0,0,0,0,1,0,0,0,0,"","Not at all likely","Not at all likely","Not at all likely",0
"78-64-43-02",15,"Large Rise in Prices of Food",2,"Very severe",0,0,0,0,0,0,0,0,0,0,1,0,0,0,0,"","Not at all likely","Not at all likely","Not at all likely",0
"09-79-38-80",7,"Drought or Extended Period of No Rain",2,"Very severe",0,0,0,0,0,0,0,0,0,0,0,0,0,1,0,"","Not very likely","Not very likely","Very  likely",0
"09-79-38-80",9,"Crop Failure",2,"Very severe",0,0,0,0,0,0,0,0,0,0,0,0,0,1,0,"","Not at all likely","Not at all likely","Extremely likely",0
"09-79-38-80",15,"Large Rise in Prices of Food",1,"Very severe",0,0,1,0,0,0,0,0,0,0,0,0,0,0,0,"","Not very likely","Not very likely","Extremely likely",0
"03-23-67-97",8,"Floods",1,"Mild",0,0,0,0,0,0,0,0,0,0,0,0,0,1,0,"","Not very likely","Not at all likely","Very  likely",0
"03-23-67-97",9,"Crop Failure",1,"Mild",0,0,1,0,0,0,0,0,0,0,2,0,0,0,0,"","Not very likely","Not very likely","Very  likely",0
"03-23-67-97",10,"Livestock Disease/Death",10,"Very severe",0,0,0,0,0,0,0,0,0,0,1,0,0,0,0,"","Not at all likely","Not at all likely","Very  likely",0
"03-23-67-97",16,"Large Rise in Prices of Agricultural Inputs(E.g.Agrochemicals,Machinery,HiredLabour)",4,"Severe",0,0,0,1,0,0,0,0,0,0,2,0,0,0,0,"","Not very likely","Not very likely","Very  likely",0
"84-81-25-13",10,"Livestock Disease/Death",3,"Severe",0,0,0,0,0,0,0,0,0,0,1,0,0,0,0,"","Not very likely","Not very likely","Very  likely",0
"01-19-86-40",9,"Crop Failure",2,"Severe",0,0,0,0,0,0,0,0,0,0,0,0,0,0,1,"Household member relied mostly on livestock farming","Not at all likely","Not at all likely","Very  likely",0
"69-16-25-63",1,"Chronicor Severe Illnessor Accident of a Household Member",2,"Very severe",1,0,0,0,0,0,0,0,0,0,0,0,0,0,0,"","Extremely likely","Not at all likely","Not at all likely",0
"69-16-25-63",4,"Fire on Property",1,"Very severe",1,0,0,0,0,0,0,0,0,0,0,2,0,0,0,"","Not at all likely","Not at all likely","Not at all likely",0
"69-16-25-63",6,"Dwelling Damaged",1,"Very severe",1,0,0,0,0,0,0,0,0,0,0,0,0,0,0,"","Not at all likely","Not at all likely","Not at all likely",0
"69-16-25-63",7,"Drought or Extended Period of No Rain",7,"Very severe",0,0,1,0,0,0,0,0,0,0,2,0,0,0,0,"","Not at all likely","Not at all likely","Not at all likely",0
"69-16-25-63",9,"Crop Failure",2,"Very severe",0,0,1,0,0,0,0,0,0,0,2,0,0,0,0,"","Not very likely","Not very likely","Not at all likely",0
"69-16-25-63",14,"Large Fall in Sale Prices for Cropsand or Livestock",1,"Severe",0,0,0,0,0,0,0,0,0,0,0,0,0,1,0,"","Not at all likely","Not very likely","Not at all likely",0
"69-16-25-63",15,"Large Rise in Prices of Food",1,"Very severe",0,0,1,0,0,0,0,0,0,0,2,0,0,0,0,"","Not at all likely","Not at all likely","Not at all likely",0
"69-16-25-63",16,"Large Rise in Prices of Agricultural Inputs(E.g.Agrochemicals,Machinery,HiredLabour)",1,"Mild",0,0,0,0,0,0,0,0,0,0,1,0,0,0,0,"","Very  likely","Very  likely","Very  likely",0
"58-95-91-31",4,"Fire on Property",1,"Very severe",0,0,0,0,0,0,0,0,0,0,0,0,0,0,1,"Build another house","Not very likely","Not at all likely","Not very likely",0
"58-95-91-31",7,"Drought or Extended Period of No Rain",8,"Very severe",0,0,0,0,0,0,0,0,0,0,1,0,0,0,0,"","Not very likely","Not very likely","Not very likely",0
"58-95-91-31",9,"Crop Failure",1,"Very severe",0,0,0,0,0,0,0,0,0,0,0,0,0,1,0,"","Not very likely","Not very likely","Not very likely",0
"58-95-91-31",10,"Livestock Disease/Death",5,"Very severe",0,0,0,0,0,0,0,0,0,0,0,0,0,1,0,"","Not very likely","Not very likely","Not very likely",0
"58-95-91-31",15,"Large Rise in Prices of Food",10,"Very severe",0,0,0,0,0,0,0,0,0,0,1,0,0,0,0,"","Not very likely","Not at all likely","Not very likely",0
"11-58-78-70",4,"Fire on Property",1,"Very severe",0,0,0,0,0,0,0,0,0,0,0,0,0,1,0,"","Not very likely","Not very likely","Not very likely",0
"11-58-78-70",7,"Drought or Extended Period of No Rain",8,"Very severe",0,0,0,0,0,0,0,0,0,0,1,0,0,0,0,"","Not very likely","Not very likely","Not very likely",0
"11-58-78-70",9,"Crop Failure",1,"Very severe",0,0,0,0,0,0,0,0,0,0,0,0,0,1,0,"","Not very likely","Not very likely","Not very likely",0
"11-58-78-70",10,"Livestock Disease/Death",10,"Very severe",0,0,0,0,0,0,0,0,0,0,0,0,0,1,0,"","Not very likely","Not very likely","Not very likely",0
"11-58-78-70",11,"Livestock Theft(IncludingRaids)",6,"Very severe",0,0,0,0,0,0,0,0,0,0,0,0,1,0,0,"","Not very likely","Not very likely","Not very likely",0
"11-58-78-70",15,"Large Rise in Prices of Food",10,"Very severe",0,0,0,0,0,0,0,0,0,0,1,0,0,0,0,"","Not very likely","Not at all likely","Not very likely",0
"41-24-59-26",7,"Drought or Extended Period of No Rain",4,"Very severe",0,0,1,0,0,0,0,0,0,0,0,0,0,0,0,"","Not at all likely","Not at all likely","Not at all likely",0
"41-24-59-26",15,"Large Rise in Prices of Food",3,"Very severe",1,0,0,0,0,0,0,0,0,0,0,0,0,0,0,"","Not at all likely","Not at all likely","Not at all likely",0
"98-97-38-21",7,"Drought or Extended Period of No Rain",2,"Very severe",0,0,1,0,0,0,0,0,0,0,0,0,0,0,0,"","Not at all likely","Not at all likely","Not at all likely",0
"98-97-38-21",9,"Crop Failure",2,"Very severe",0,0,1,0,0,0,0,0,0,0,2,0,0,0,0,"","Not at all likely","Not at all likely","Not at all likely",0
"98-97-38-21",10,"Livestock Disease/Death",1,"Very severe",0,0,0,0,0,0,0,0,0,0,0,0,0,1,0,"","Not at all likely","Not at all likely","Not at all likely",0
"92-08-97-62",1,"Chronicor Severe Illnessor Accident of a Household Member",5,"Very severe",1,0,0,0,0,0,0,0,0,0,0,0,0,0,0,"","Not at all likely","Not at all likely","Not at all likely",0
"92-08-97-62",7,"Drought or Extended Period of No Rain",8,"Very severe",0,0,1,0,0,0,0,0,0,0,2,0,0,0,0,"","Not at all likely","Not at all likely","Not at all likely",0
"92-08-97-62",9,"Crop Failure",3,"Very severe",0,0,1,0,0,0,0,0,0,0,2,0,0,0,0,"","Not at all likely","Not at all likely","Not very likely",0
"92-08-97-62",10,"Livestock Disease/Death",1,"Very severe",0,0,1,0,0,0,0,0,0,0,0,0,0,0,0,"","Not at all likely","Not at all likely","Not at all likely",0
"92-08-97-62",14,"Large Fall in Sale Prices for Cropsand or Livestock",1,"Very severe",0,0,0,0,0,0,0,0,0,0,0,0,0,1,0,"","Not at all likely","Not at all likely","Not at all likely",0
"92-08-97-62",15,"Large Rise in Prices of Food",5,"Very severe",0,0,1,0,0,0,0,0,0,0,0,0,0,0,0,"","Not at all likely","Not at all likely","Not at all likely",0
"59-21-82-77",7,"Drought or Extended Period of No Rain",3,"Severe",1,0,0,0,0,0,0,0,0,0,0,0,0,0,0,"","Not very likely","Not very likely","Very  likely",0
"59-21-82-77",15,"Large Rise in Prices of Food",6,"Severe",1,0,0,0,0,0,0,0,0,0,0,0,0,0,0,"","Not at all likely","Not at all likely","Not at all likely",0
"80-20-31-51",7,"Drought or Extended Period of No Rain",1,"Severe",0,0,0,0,0,0,0,0,0,0,0,0,0,1,0,"","Not very likely","Not at all likely","Extremely likely",0
"80-20-31-51",9,"Crop Failure",2,"Very severe",0,0,0,0,0,0,0,0,0,0,0,0,0,1,0,"","Not very likely","Not very likely","Extremely likely",0
"80-20-31-51",14,"Large Fall in Sale Prices for Cropsand or Livestock",1,"Mild",0,0,0,0,0,0,0,0,0,0,1,0,0,0,0,"","Not at all likely","Not very likely","Very  likely",0
"80-20-31-51",15,"Large Rise in Prices of Food",1,"Severe",0,0,2,0,0,0,0,0,0,0,1,0,0,0,0,"","Not very likely","Not very likely","Extremely likely",0
"33-11-85-60",2,"Death of a Household Member",1,"Very severe",1,0,0,0,0,0,0,0,0,0,0,0,0,0,0,"","Not at all likely","Not at all likely","Not at all likely",0
"33-11-85-60",15,"Large Rise in Prices of Food",3,"Very severe",0,0,1,0,0,0,0,0,0,0,0,0,0,0,0,"","Not at all likely","Not at all likely","Not at all likely",0
"06-48-61-69",1,"Chronicor Severe Illnessor Accident of a Household Member",1,"Very severe",0,0,0,0,0,0,0,0,0,0,1,0,0,0,0,"","Not very likely","Very  likely","Not very likely",0
"06-48-61-69",4,"Fire on Property",1,"Very severe",1,0,0,0,0,0,0,0,0,0,0,0,0,0,0,"","Not very likely","Not very likely","Not very likely",0
"06-48-61-69",6,"Dwelling Damaged",1,"Very severe",0,0,0,0,0,0,0,0,0,0,0,0,0,0,1,"constructed another house","Not at all likely","Not very likely","Not at all likely",0
"06-48-61-69",7,"Drought or Extended Period of No Rain",1,"Very severe",0,0,1,0,0,0,0,0,0,0,0,0,0,0,0,"","Not at all likely","Not at all likely","Not at all likely",0
"06-48-61-69",9,"Crop Failure",2,"Very severe",0,0,1,0,0,0,0,0,0,0,2,0,0,0,0,"","Not very likely","Not very likely","Not at all likely",0
"06-48-61-69",10,"Livestock Disease/Death",2,"Severe",0,0,1,0,0,0,0,0,0,0,0,0,0,0,0,"","Not at all likely","Not very likely","Not at all likely",0
"06-48-61-69",15,"Large Rise in Prices of Food",10,"Very severe",0,0,1,0,0,0,0,0,0,0,2,0,0,0,0,"","Not at all likely","Not very likely","Not at all likely",0
"06-48-61-69",18,"End of Regular Assistance(E.g.Pension,CashTransfer,Remittances)from Outside the Household",1,"Very severe",0,0,1,0,0,0,0,0,0,0,2,0,0,0,0,"","Not at all likely","Not very likely","Not at all likely",0
"12-93-60-92",2,"Death of a Household Member",1,"Very severe",1,0,0,0,0,0,0,0,0,0,0,0,0,0,0,"","Not very likely","Not very likely","Not at all likely",0
"12-93-60-92",7,"Drought or Extended Period of No Rain",2,"Very severe",1,2,0,0,0,0,0,0,0,0,0,0,0,0,0,"","Not very likely","Not very likely","Not very likely",0
"11-11-55-95",7,"Drought or Extended Period of No Rain",7,"Very severe",0,0,1,0,0,0,0,0,0,0,2,0,0,0,0,"","Not at all likely","Not at all likely","Not at all likely",0
"11-11-55-95",9,"Crop Failure",2,"Very severe",0,0,1,0,0,0,0,0,0,0,2,0,0,0,0,"","Not at all likely","Not at all likely","Not at all likely",0
"11-11-55-95",15,"Large Rise in Prices of Food",3,"Very severe",0,0,1,0,0,0,0,0,0,0,0,0,0,0,0,"","Not at all likely","Not at all likely","Not at all likely",0
"82-15-11-19",7,"Drought or Extended Period of No Rain",2,"Very severe",0,0,1,0,0,0,0,0,0,0,0,0,0,0,0,"","Not very likely","Not very likely","Not very likely",0
"82-15-11-19",17,"Loss of Land",1,"Very severe",1,0,0,0,0,0,0,0,0,0,0,0,0,0,0,"","Not very likely","Not very likely","Not very likely",0
"95-73-95-89",7,"Drought or Extended Period of No Rain",11,"Very severe",0,0,1,0,0,0,0,0,0,0,2,0,0,0,0,"","Not at all likely","Not at all likely","Not at all likely",0
"95-73-95-89",9,"Crop Failure",3,"Very severe",0,0,1,0,0,0,0,0,0,0,0,0,0,0,0,"","Not at all likely","Not at all likely","Not at all likely",0
"95-73-95-89",10,"Livestock Disease/Death",1,"Very severe",0,0,1,0,0,0,0,0,0,0,0,0,0,0,0,"","Not at all likely","Not at all likely","Not at all likely",0
"95-73-95-89",15,"Large Rise in Prices of Food",2,"Very severe",0,0,1,0,0,0,0,0,0,0,0,0,0,0,0,"","Not at all likely","Not at all likely","Not at all likely",0
"02-47-29-85",11,"Livestock Theft(IncludingRaids)",2,"Severe",0,0,0,0,0,0,0,0,0,0,0,0,0,1,0,"","Not very likely","Not very likely","Not very likely",0
"02-47-29-85",15,"Large Rise in Prices of Food",1,"Very severe",0,0,0,0,0,0,0,0,0,0,1,0,0,0,0,"","Not at all likely","Not at all likely","Not at all likely",0
"91-34-05-43",1,"Chronicor Severe Illnessor Accident of a Household Member",5,"Very severe",1,0,2,0,0,0,0,0,0,0,0,0,0,0,0,"","Not at all likely","Not very likely","Not at all likely",0
"91-34-05-43",15,"Large Rise in Prices of Food",2,"Very severe",1,2,3,0,0,0,0,0,0,0,0,0,0,0,0,"","Not at all likely","Not at all likely","Not at all likely",0
"29-34-28-44",7,"Drought or Extended Period of No Rain",2,"Very severe",0,0,0,0,0,0,0,0,0,0,0,0,0,0,1,"selling firewoods","Not at all likely","Not at all likely","Not at all likely",0
"29-34-28-44",8,"Floods",1,"Very severe",0,0,0,0,0,0,0,0,0,0,0,1,0,0,0,"","Not at all likely","Not at all likely","Not at all likely",0
"29-34-28-44",15,"Large Rise in Prices of Food",1,"Very severe",0,0,0,0,0,0,0,0,0,0,0,0,0,0,1,"selling firewood and rely on less food","Not at all likely","Not at all likely","Not at all likely",0
"54-07-56-18",7,"Drought or Extended Period of No Rain",3,"Very severe",0,0,0,0,0,0,0,0,0,0,1,0,0,0,0,"","Not at all likely","Not very likely","Very  likely",0
"54-07-56-18",10,"Livestock Disease/Death",5,"Very severe",0,0,0,0,0,0,0,0,0,0,1,0,0,0,0,"","Not very likely","Not very likely","Extremely likely",0
"54-07-56-18",15,"Large Rise in Prices of Food",3,"Severe",0,0,0,0,0,0,0,0,0,0,1,0,0,0,0,"","Not at all likely","Not at all likely","Extremely likely",0
"02-67-98-73",5,"Robbery/Burglary",2,"Very severe",0,0,0,0,0,0,0,0,0,0,0,0,1,0,0,"","Not very likely","Not at all likely","Not very likely",0
"02-67-98-73",7,"Drought or Extended Period of No Rain",8,"Very severe",0,0,0,0,0,0,0,0,0,0,1,0,0,0,0,"","Not very likely","Not at all likely","Not very likely",0
"02-67-98-73",9,"Crop Failure",1,"Very severe",0,0,0,0,0,0,0,0,0,0,0,0,0,1,0,"","Not very likely","Not very likely","Not very likely",0
"02-67-98-73",10,"Livestock Disease/Death",15,"Very severe",0,0,0,0,0,0,0,0,0,0,0,0,0,0,1,"Injection of the remaining livestock","Not very likely","Not at all likely","Not very likely",0
"02-67-98-73",15,"Large Rise in Prices of Food",11,"Very severe",0,0,0,0,0,0,0,0,0,0,1,0,0,0,0,"","Not very likely","Not at all likely","Not very likely",0
"89-44-00-22",7,"Drought or Extended Period of No Rain",2,"Very severe",0,0,1,0,0,0,0,0,0,0,0,0,0,0,0,"","Not at all likely","Not very likely","Not at all likely",0
"89-44-00-22",8,"Floods",1,"Severe",1,0,0,0,0,0,0,0,0,0,0,0,0,0,0,"","Not at all likely","Not very likely","Not at all likely",0
"89-44-00-22",15,"Large Rise in Prices of Food",2,"Very severe",0,0,1,0,0,0,0,0,0,0,0,0,0,0,2,"charcoal burning","Not at all likely","Not at all likely","Not very likely",0
"25-47-42-18",2,"Death of a Household Member",2,"Very severe",1,2,0,0,0,0,0,0,0,0,0,0,0,0,0,"","Not at all likely","Not at all likely","Not at all likely",0
"25-47-42-18",10,"Livestock Disease/Death",1,"Severe",1,0,0,0,0,0,0,0,0,0,0,0,0,0,0,"","Not at all likely","Not at all likely","Not at all likely",0
"25-47-42-18",15,"Large Rise in Prices of Food",2,"Very severe",1,2,0,0,0,0,0,0,0,0,0,0,0,0,0,"","Not at all likely","Not at all likely","Not at all likely",0
"92-95-45-69",7,"Drought or Extended Period of No Rain",11,"Very severe",0,0,1,0,0,0,0,0,0,0,2,0,0,0,0,"","Not at all likely","Not at all likely","Not at all likely",0
"92-95-45-69",9,"Crop Failure",2,"Very severe",0,0,1,0,0,0,0,0,0,0,2,0,0,0,0,"","Not at all likely","Not at all likely","Not at all likely",0
"92-95-45-69",15,"Large Rise in Prices of Food",3,"Very severe",0,0,1,0,0,0,0,0,0,0,0,0,0,0,0,"","Not at all likely","Not at all likely","Not at all likely",0
"25-17-75-96",7,"Drought or Extended Period of No Rain",2,"Mild",0,1,2,0,0,0,0,0,0,0,0,0,0,0,0,"","Not at all likely","Not at all likely","Not very likely",0
"25-17-75-96",8,"Floods",2,"Mild",0,0,0,0,0,0,0,0,0,0,0,0,0,1,0,"","Not at all likely","Not at all likely","Not at all likely",0
"25-17-75-96",9,"Crop Failure",2,"Mild",0,0,1,0,0,0,0,0,0,0,0,0,0,0,0,"","Not at all likely","Not at all likely","Very  likely",0
"25-17-75-96",15,"Large Rise in Prices of Food",2,"Very severe",0,1,2,0,0,0,0,0,0,0,0,0,0,0,0,"","Not at all likely","Not very likely","Not very likely",0
"08-10-28-09",1,"Chronicor Severe Illnessor Accident of a Household Member",12,"Severe",1,0,0,0,0,0,0,0,0,0,0,0,0,0,0,"","Very  likely","Not very likely","Not very likely",0
"08-10-28-09",7,"Drought or Extended Period of No Rain",2,"Very severe",0,0,2,0,0,0,0,0,0,0,0,0,0,0,1,"Dependency on prosopis pods harvesting and charcoal burning.","Not at all likely","Not at all likely","Very  likely",0
"08-10-28-09",15,"Large Rise in Prices of Food",2,"Very severe",2,0,1,0,0,0,0,0,0,0,0,0,0,0,0,"","Not at all likely","Not at all likely","Very  likely",0
"63-11-66-98",15,"Large Rise in Prices of Food",3,"Very severe",2,0,1,0,0,0,0,0,0,0,0,0,0,0,0,"","Not at all likely","Not at all likely","Not at all likely",0
"90-89-89-25",1,"Chronicor Severe Illnessor Accident of a Household Member",1,"Very severe",1,0,0,0,0,0,0,0,0,0,0,0,0,0,0,"","Not at all likely","Not very likely","Extremely likely",0
"90-89-89-25",5,"Robbery/Burglary",1,"Severe",0,0,0,0,0,0,0,0,0,0,0,0,1,0,0,"","Not very likely","Not at all likely","Extremely likely",0
"90-89-89-25",7,"Drought or Extended Period of No Rain",2,"Very severe",0,0,1,0,2,0,0,0,0,0,0,0,0,0,0,"","Not very likely","Very  likely","Extremely likely",0
"90-89-89-25",9,"Crop Failure",1,"Very severe",0,0,0,0,1,0,0,0,0,0,0,0,0,0,0,"","Not very likely","Not very likely","Very  likely",0
"90-89-89-25",15,"Large Rise in Prices of Food",3,"Severe",0,0,0,0,1,0,0,0,0,0,0,0,0,0,0,"","Very  likely","Not at all likely","Very  likely",0
"01-16-33-75",1,"Chronicor Severe Illnessor Accident of a Household Member",3,"Very severe",1,0,0,0,0,0,0,0,0,0,0,0,0,0,2,"charcoal burning","Not at all likely","Not at all likely","Not at all likely",0
"01-16-33-75",7,"Drought or Extended Period of No Rain",11,"Very severe",0,0,0,0,0,0,0,0,0,0,0,0,0,0,1,"charcoal burning","Not at all likely","Not at all likely","Not at all likely",0
"01-16-33-75",9,"Crop Failure",2,"Very severe",0,0,0,0,0,0,0,0,0,0,0,0,0,0,1,"charcoal burning","Not at all likely","Not at all likely","Not at all likely",0
"01-16-33-75",15,"Large Rise in Prices of Food",5,"Very severe",0,0,0,0,0,0,0,0,0,0,0,0,0,0,1,"charcoal burning","Not at all likely","Not at all likely","Not at all likely",0
"37-73-98-41",7,"Drought or Extended Period of No Rain",1,"Severe",1,0,0,0,0,0,0,0,0,0,0,0,0,0,0,"","Not at all likely","Not at all likely","Not at all likely",0
"37-73-98-41",11,"Livestock Theft(IncludingRaids)",1,"Very severe",2,1,0,0,0,0,0,0,0,0,0,0,0,0,0,"","Not at all likely","Not at all likely","Not at all likely",0
"37-73-98-41",14,"Large Fall in Sale Prices for Cropsand or Livestock",5,"Very severe",1,0,0,0,0,0,0,0,0,0,0,0,0,2,0,"","Not at all likely","Not at all likely","Not at all likely",0
"37-73-98-41",15,"Large Rise in Prices of Food",1,"Very severe",1,0,2,0,0,0,0,0,0,0,0,0,0,0,0,"","Not at all likely","Not at all likely","Not at all likely",0
"48-88-82-47",1,"Chronicor Severe Illnessor Accident of a Household Member",1,"Very severe",1,0,0,0,0,0,0,0,0,0,0,0,0,0,0,"","Not at all likely","Not at all likely","Not at all likely",0
"48-88-82-47",15,"Large Rise in Prices of Food",1,"Very severe",1,0,0,0,0,0,0,0,0,0,0,0,0,0,0,"","Not at all likely","Not at all likely","Not at all likely",0
"47-83-83-86",8,"Floods",1,"Very severe",0,1,0,0,0,2,0,0,0,0,0,0,0,0,0,"","Not at all likely","Not very likely","Extremely likely",0
"79-40-96-41",7,"Drought or Extended Period of No Rain",1,"Very severe",0,0,1,0,2,0,0,0,0,0,0,0,0,0,0,"","Not at all likely","Not at all likely","Extremely likely",0
"79-40-96-41",15,"Large Rise in Prices of Food",1,"Very severe",0,0,1,0,2,0,0,0,0,0,0,0,0,0,0,"","Not at all likely","Not at all likely","Extremely likely",0
"60-73-28-03",7,"Drought or Extended Period of No Rain",9,"Very severe",0,0,0,0,0,0,0,0,0,0,0,0,0,1,0,"","Not very likely","Not at all likely","Not very likely",0
"60-73-28-03",15,"Large Rise in Prices of Food",11,"Very severe",0,1,0,0,0,0,0,0,0,0,0,0,0,2,0,"","Not very likely","Not at all likely","Not very likely",0
"79-90-62-68",7,"Drought or Extended Period of No Rain",1,"Very severe",0,0,3,0,2,0,0,0,0,0,1,0,0,0,0,"","Not at all likely","Not at all likely","Not at all likely",0
"79-90-62-68",9,"Crop Failure",1,"Very severe",0,0,0,0,1,0,0,0,0,0,2,0,0,0,0,"","Not at all likely","Not at all likely","Extremely likely",0
"79-90-62-68",10,"Livestock Disease/Death",6,"Very severe",0,0,0,0,0,0,0,0,0,0,0,0,0,1,0,"","Not at all likely","Not very likely","Extremely likely",0
"79-90-62-68",15,"Large Rise in Prices of Food",1,"Very severe",0,0,1,0,2,0,0,0,0,0,3,0,0,0,0,"","Not very likely","Not at all likely","Extremely likely",0
"67-12-09-24",7,"Drought or Extended Period of No Rain",1,"Very severe",2,0,1,0,0,0,0,0,0,0,0,0,0,0,0,"","Not at all likely","Not at all likely","Not very likely",0
"67-12-09-24",10,"Livestock Disease/Death",8,"Very severe",1,0,0,0,0,0,0,0,0,0,0,0,0,0,0,"","Not at all likely","Not at all likely","Not very likely",0
"67-12-09-24",15,"Large Rise in Prices of Food",1,"Very severe",1,0,2,0,0,0,0,0,0,0,3,0,0,0,0,"","Not at all likely","Not at all likely","Not at all likely",0
"63-23-35-27",1,"Chronicor Severe Illnessor Accident of a Household Member",1,"Very severe",1,0,0,0,0,0,0,0,0,0,0,0,0,0,0,"","Not at all likely","Not at all likely","Not at all likely",0
"63-23-35-27",4,"Fire on Property",1,"Very severe",1,0,0,0,0,0,0,0,0,0,0,0,0,0,0,"","Not at all likely","Not at all likely","Not at all likely",0
"63-23-35-27",7,"Drought or Extended Period of No Rain",1,"Very severe",0,0,1,0,0,0,0,0,0,0,0,0,0,0,0,"","Not at all likely","Not at all likely","Not at all likely",0
"63-23-35-27",14,"Large Fall in Sale Prices for Cropsand or Livestock",1,"Severe",0,0,0,0,0,0,0,0,0,0,0,0,0,1,0,"","Not at all likely","Not at all likely","Not at all likely",0
"63-23-35-27",15,"Large Rise in Prices of Food",8,"Severe",0,0,1,0,0,0,0,0,0,0,0,0,0,0,0,"","Not at all likely","Not at all likely","Not at all likely",0
"04-92-66-81",7,"Drought or Extended Period of No Rain",8,"Very severe",0,0,0,0,0,0,0,0,0,0,1,0,0,0,0,"","Not very likely","Not very likely","Not very likely",0
"04-92-66-81",9,"Crop Failure",1,"Very severe",0,0,0,0,0,0,0,0,0,0,0,0,0,1,0,"","Not very likely","Not very likely","Not very likely",0
"04-92-66-81",15,"Large Rise in Prices of Food",12,"Very severe",0,0,0,0,0,0,0,0,0,0,1,0,0,0,0,"","Not very likely","Not very likely","Not very likely",0
"93-87-16-02",2,"Death of a Household Member",1,"Very severe",0,0,0,0,0,0,0,0,0,0,0,0,0,1,0,"","Not very likely","Not at all likely","Extremely likely",0
"93-87-16-02",7,"Drought or Extended Period of No Rain",3,"Very severe",0,0,2,0,1,0,0,0,0,0,0,0,0,0,0,"","Not at all likely","Not at all likely","Not at all likely",0
"93-87-16-02",10,"Livestock Disease/Death",4,"Severe",0,0,0,0,2,0,0,0,0,0,1,0,0,0,0,"","Not very likely","Not at all likely","Not at all likely",0
"93-87-16-02",15,"Large Rise in Prices of Food",3,"Very severe",0,0,2,0,1,0,0,0,0,0,0,0,0,0,0,"","Not at all likely","Not at all likely","Extremely likely",0
"65-31-14-31",1,"Chronicor Severe Illnessor Accident of a Household Member",3,"Very severe",1,0,0,0,0,0,2,0,0,0,3,0,0,0,0,"","Not at all likely","Not very likely","Not at all likely",0
"65-31-14-31",10,"Livestock Disease/Death",3,"Severe",0,0,0,0,0,0,0,0,0,0,0,0,0,1,0,"","Not at all likely","Not at all likely","Not at all likely",0
"65-31-14-31",15,"Large Rise in Prices of Food",2,"Very severe",1,0,2,0,0,0,0,0,0,0,0,0,0,0,0,"","Not at all likely","Not very likely","Not at all likely",0
"19-27-66-46",7,"Drought or Extended Period of No Rain",1,"Very severe",0,0,2,0,1,0,0,0,0,0,3,0,0,0,0,"","Not very likely","Not at all likely","Extremely likely",0
"19-27-66-46",9,"Crop Failure",1,"Very severe",0,0,0,0,0,0,0,0,0,0,0,0,0,1,0,"","Not at all likely","Not at all likely","Extremely likely",0
"19-27-66-46",10,"Livestock Disease/Death",1,"Very severe",0,0,2,0,1,0,0,0,0,0,0,0,0,0,0,"","Not at all likely","Not at all likely","Extremely likely",0
"19-27-66-46",15,"Large Rise in Prices of Food",1,"Very severe",0,0,2,0,3,0,0,0,0,0,1,0,0,0,0,"","Not at all likely","Not very likely","Not at all likely",0
"19-27-66-46",16,"Large Rise in Prices of Agricultural Inputs(E.g.Agrochemicals,Machinery,HiredLabour)",1,"Very severe",0,0,1,0,2,0,0,0,0,0,3,0,0,0,0,"","Not at all likely","Not at all likely","Extremely likely",0
"08-44-37-94",7,"Drought or Extended Period of No Rain",3,"Very severe",0,0,2,0,1,0,0,0,0,0,0,0,0,0,0,"","Not at all likely","Not at all likely","Very  likely",0
"08-44-37-94",10,"Livestock Disease/Death",2,"Very severe",0,0,0,0,0,0,0,0,0,0,1,0,0,0,0,"","Not very likely","Not at all likely","Not very likely",0
"08-44-37-94",15,"Large Rise in Prices of Food",3,"Very severe",0,0,0,0,0,0,0,0,0,0,1,0,0,0,0,"","Not at all likely","Not at all likely","Very  likely",0
"71-04-48-02",7,"Drought or Extended Period of No Rain",3,"Severe",2,0,0,0,1,0,0,0,0,0,0,0,0,0,0,"","Not very likely","Not at all likely","Very  likely",0
"71-04-48-02",12,"Household Business Failure(Non-Agricultural)",2,"Severe",1,0,3,0,2,0,0,0,0,0,0,0,0,0,0,"","Not very likely","Not at all likely","Very  likely",0
"71-04-48-02",15,"Large Rise in Prices of Food",2,"Severe",0,0,1,0,2,0,0,0,0,0,0,0,0,0,0,"","Not very likely","Not at all likely","Extremely likely",0
"24-04-95-50",7,"Drought or Extended Period of No Rain",1,"Very severe",0,0,1,0,2,0,0,0,0,0,0,0,0,0,0,"","Not at all likely","Not at all likely","Extremely likely",0
"24-04-95-50",15,"Large Rise in Prices of Food",1,"Very severe",0,0,1,0,2,0,0,0,0,0,0,0,0,0,0,"","Not at all likely","Not at all likely","Extremely likely",0
"27-66-11-12",7,"Drought or Extended Period of No Rain",9,"Very severe",0,0,0,0,0,0,0,0,0,0,1,0,0,0,0,"","Not very likely","Not very likely","Not very likely",0
"27-66-11-12",10,"Livestock Disease/Death",5,"Very severe",0,0,0,0,0,0,0,0,0,0,0,0,0,1,0,"","Not very likely","Not very likely","Not very likely",0
"27-66-11-12",15,"Large Rise in Prices of Food",10,"Very severe",0,0,0,0,0,0,0,0,0,0,1,0,0,0,0,"","Not very likely","Not very likely","Not very likely",0
"11-10-12-08",1,"Chronicor Severe Illnessor Accident of a Household Member",1,"Severe",1,0,0,0,0,0,0,0,0,0,0,0,0,0,0,"","Not at all likely","Not at all likely","Not at all likely",0
"11-10-12-08",15,"Large Rise in Prices of Food",2,"Very severe",1,0,0,0,0,0,0,0,0,0,0,0,0,0,0,"","Not at all likely","Not at all likely","Not at all likely",0
"97-63-71-09",15,"Large Rise in Prices of Food",2,"Very severe",1,2,3,0,0,0,0,0,0,0,0,0,0,0,0,"","Not at all likely","Not at all likely","Not very likely",0
"11-29-74-23",12,"Household Business Failure(Non-Agricultural)",1,"Very severe",0,0,0,0,0,0,0,0,1,0,0,0,0,0,0,"","Not very likely","Not very likely","Very  likely",0
"11-29-74-23",15,"Large Rise in Prices of Food",2,"Very severe",0,0,2,0,0,0,3,0,0,0,1,0,0,0,0,"","Not very likely","Not very likely","Very  likely",0
"59-89-68-30",7,"Drought or Extended Period of No Rain",1,"Severe",0,0,0,0,0,0,0,0,0,0,1,0,0,0,0,"","Not at all likely","Not at all likely","Not at all likely",0
"59-89-68-30",9,"Crop Failure",1,"Very severe",0,0,1,0,0,0,0,0,0,0,0,0,0,0,0,"","Not at all likely","Not at all likely","Not at all likely",0
"59-89-68-30",10,"Livestock Disease/Death",1,"Severe",0,0,0,0,0,0,0,0,0,0,0,0,1,0,0,"","Not at all likely","Not at all likely","Not at all likely",0
"59-89-68-30",11,"Livestock Theft(IncludingRaids)",1,"Very severe",0,0,0,0,0,0,0,0,0,0,0,0,0,1,0,"","Not at all likely","Not at all likely","Not at all likely",0
"59-89-68-30",15,"Large Rise in Prices of Food",8,"Very severe",0,0,1,0,0,0,0,0,0,0,0,0,0,0,0,"","Not at all likely","Not at all likely","Not at all likely",0
"22-38-73-99",1,"Chronicor Severe Illnessor Accident of a Household Member",1,"Very severe",1,0,0,0,0,0,0,0,0,0,0,0,0,0,0,"","Not at all likely","Not at all likely","Not at all likely",0
"22-38-73-99",8,"Floods",1,"Very severe",0,0,0,0,0,0,0,0,0,0,0,0,0,0,1,"move some kilometres away from my home","Not at all likely","Not at all likely","Not at all likely",0
"22-38-73-99",15,"Large Rise in Prices of Food",1,"Very severe",1,0,0,0,0,0,0,0,0,0,0,0,0,0,0,"","Not at all likely","Not at all likely","Not at all likely",0
"81-45-95-70",7,"Drought or Extended Period of No Rain",9,"Very severe",0,0,0,0,0,0,0,0,0,0,1,0,0,0,0,"","Not very likely","Not very likely","Not very likely",0
"81-45-95-70",9,"Crop Failure",1,"Very severe",0,0,0,0,0,0,0,0,0,0,0,0,0,1,0,"","Not very likely","Not very likely","Not very likely",0
"81-45-95-70",10,"Livestock Disease/Death",4,"Very severe",0,0,0,0,0,0,0,0,0,0,0,0,0,1,0,"","Not very likely","Not very likely","Not very likely",0
"81-45-95-70",15,"Large Rise in Prices of Food",10,"Very severe",0,0,0,0,0,0,0,0,0,0,1,0,0,0,0,"","Not very likely","Not very likely","Not very likely",0
"16-03-96-06",7,"Drought or Extended Period of No Rain",4,"Very severe",0,0,0,0,0,0,0,0,0,0,1,0,0,0,0,"","Not very likely","Not very likely","Not very likely",0
"16-03-96-06",9,"Crop Failure",1,"Severe",0,0,0,0,0,0,0,0,0,0,0,0,0,1,0,"","Not very likely","Not very likely","Not very likely",0
"16-03-96-06",10,"Livestock Disease/Death",10,"Very severe",0,0,0,0,0,0,0,0,0,0,0,0,0,0,1,"Injection of livestock","Not very likely","Not very likely","Not very likely",0
"16-03-96-06",15,"Large Rise in Prices of Food",11,"Very severe",0,0,0,0,0,0,0,0,0,0,1,0,0,0,0,"","Not very likely","Not very likely","Not very likely",0
"81-14-42-85",1,"Chronicor Severe Illnessor Accident of a Household Member",1,"Very severe",1,0,2,0,0,0,0,0,0,0,0,0,0,0,0,"","Not at all likely","Not at all likely","Not at all likely",0
"81-14-42-85",15,"Large Rise in Prices of Food",3,"Very severe",1,3,2,0,0,0,0,0,0,0,0,0,0,0,0,"","Not at all likely","Not at all likely","Not at all likely",0
"47-75-71-27",1,"Chronicor Severe Illnessor Accident of a Household Member",1,"Severe",1,0,0,0,0,0,0,0,0,0,0,0,0,0,0,"","Not very likely","Not very likely","Very  likely",1
"47-75-71-27",7,"Drought or Extended Period of No Rain",3,"Very severe",1,0,2,0,0,0,0,0,0,0,0,0,0,0,0,"","Not at all likely","Not at all likely","Very  likely",0
"47-75-71-27",10,"Livestock Disease/Death",4,"Very severe",0,0,0,0,0,0,0,0,0,0,1,0,0,0,0,"","Not very likely","Not at all likely","Very  likely",1
"47-75-71-27",15,"Large Rise in Prices of Food",4,"Very severe",2,0,1,0,0,0,0,0,0,0,0,0,0,0,0,"","Not at all likely","Not at all likely","Extremely likely",0
"10-39-00-99",7,"Drought or Extended Period of No Rain",8,"Very severe",0,0,1,0,0,0,0,0,0,0,0,0,0,0,0,"","Not very likely","Not very likely","Not very likely",0
"10-39-00-99",15,"Large Rise in Prices of Food",11,"Very severe",0,0,0,0,0,0,0,0,0,0,1,0,0,0,0,"","Not very likely","Not very likely","Not very likely",0
"96-06-62-42",7,"Drought or Extended Period of No Rain",2,"Very severe",1,2,0,0,0,0,0,0,0,0,0,0,0,0,0,"","Very  likely","Not very likely","Very  likely",0
"11-59-44-40",15,"Large Rise in Prices of Food",1,"Very severe",0,0,2,0,0,0,0,0,0,0,0,0,0,1,0,"","Not at all likely","Not at all likely","Very  likely",0
"44-37-52-83",15,"Large Rise in Prices of Food",1,"Severe",0,0,2,0,0,0,0,0,0,0,1,0,0,0,0,"","Not at all likely","Not at all likely","Very  likely",0
"45-92-75-89",15,"Large Rise in Prices of Food",3,"Very severe",0,0,3,0,0,0,2,0,0,0,1,0,0,0,0,"","Very  likely","Very  likely","Not at all likely",0
"85-71-09-15",9,"Crop Failure",3,"Very severe",1,0,0,0,0,0,0,0,0,0,0,0,0,0,0,"","Not at all likely","Not at all likely","Not at all likely",0
"85-71-09-15",14,"Large Fall in Sale Prices for Cropsand or Livestock",1,"Mild",1,0,0,0,0,0,0,0,0,0,0,0,0,0,0,"","Not very likely","Not very likely","Not at all likely",0
"85-71-09-15",15,"Large Rise in Prices of Food",1,"Mild",1,0,0,0,0,0,0,0,0,0,0,0,0,0,0,"","Not at all likely","Not at all likely","Not at all likely",0
"64-51-39-39",7,"Drought or Extended Period of No Rain",3,"Severe",0,0,1,0,0,0,0,0,0,0,2,0,0,0,0,"","Not very likely","Not at all likely","Extremely likely",0
"64-51-39-39",10,"Livestock Disease/Death",5,"Mild",0,0,0,0,0,0,0,0,0,0,1,0,0,0,0,"","Not at all likely","Not at all likely","Very  likely",0
"64-51-39-39",11,"Livestock Theft(IncludingRaids)",3,"Very severe",0,0,0,0,0,0,0,0,0,0,0,0,1,0,0,"","Not very likely","Not at all likely","Very  likely",0
"64-51-39-39",15,"Large Rise in Prices of Food",3,"Very severe",0,0,2,0,1,0,0,0,0,0,0,0,0,0,0,"","Not at all likely","Not at all likely","Not very likely",0
"36-28-42-39",7,"Drought or Extended Period of No Rain",7,"Very severe",0,0,1,0,0,0,0,0,0,0,0,0,0,0,0,"","Not very likely","Not very likely","Not at all likely",0
"36-28-42-39",9,"Crop Failure",3,"Very severe",0,0,1,0,0,0,0,0,0,0,0,0,0,0,2,"Daily wages","Not at all likely","Not at all likely","Not at all likely",0
"95-09-61-15",7,"Drought or Extended Period of No Rain",2,"Very severe",0,1,0,0,0,0,0,0,0,0,2,0,0,0,0,"","Not at all likely","Not at all likely","Very  likely",0
"95-09-61-15",10,"Livestock Disease/Death",5,"Severe",0,0,0,0,0,0,0,0,0,1,0,0,0,0,0,"","Not very likely","Not at all likely","Very  likely",0
"95-09-61-15",14,"Large Fall in Sale Prices for Cropsand or Livestock",2,"Mild",0,0,0,0,0,0,0,0,0,0,0,0,0,1,0,"","Not very likely","Not very likely","Very  likely",0
"95-09-61-15",15,"Large Rise in Prices of Food",3,"Severe",0,0,0,0,1,0,0,0,0,0,2,0,0,0,0,"","Not very likely","Not very likely","Very  likely",0
"86-63-74-80",10,"Livestock Disease/Death",1,"Severe",0,0,0,0,0,0,0,0,0,0,0,0,0,1,0,"","Not at all likely","Not at all likely","Not at all likely",0
"86-63-74-80",15,"Large Rise in Prices of Food",2,"Very severe",1,2,3,0,0,0,0,0,0,0,0,0,0,0,0,"","Not at all likely","Not at all likely","Not at all likely",0
"67-27-36-61",1,"Chronicor Severe Illnessor Accident of a Household Member",1,"Very severe",1,0,0,0,0,0,0,0,0,0,0,0,0,0,0,"","Not at all likely","Not very likely","Not very likely",0
"67-27-36-61",7,"Drought or Extended Period of No Rain",1,"Very severe",2,0,1,0,0,0,0,0,0,0,3,0,0,0,0,"","Not at all likely","Not at all likely","Very  likely",0
"67-27-36-61",10,"Livestock Disease/Death",5,"Very severe",0,0,0,0,0,0,0,0,0,0,0,0,0,1,0,"","Not at all likely","Not at all likely","Not at all likely",0
"67-27-36-61",15,"Large Rise in Prices of Food",1,"Very severe",1,2,3,0,0,0,0,0,0,0,4,0,0,0,0,"","Not at all likely","Not at all likely","Very  likely",0
"08-84-33-33",7,"Drought or Extended Period of No Rain",1,"Very severe",1,0,0,0,0,0,0,0,0,0,0,0,0,0,0,"","Not very likely","Not at all likely","Not at all likely",0
"08-84-33-33",9,"Crop Failure",2,"Very severe",1,0,2,0,0,0,0,0,0,0,0,0,0,0,0,"","Not very likely","Not very likely","Not very likely",0
"07-50-91-84",7,"Drought or Extended Period of No Rain",2,"Severe",0,0,0,0,0,0,0,0,0,0,0,0,0,0,1,"The household member took more on charcoal burning","Not at all likely","Not at all likely","Very  likely",0
"07-50-91-84",9,"Crop Failure",2,"Very severe",0,0,0,0,0,0,0,0,0,0,0,0,0,0,1,"Household member took more on charcoal burning","Not at all likely","Not at all likely","Very  likely",0
"07-50-91-84",15,"Large Rise in Prices of Food",1,"Severe",0,0,0,0,0,0,0,0,0,0,0,0,0,1,0,"","Not at all likely","Not at all likely","Very  likely",0
"07-50-91-84",16,"Large Rise in Prices of Agricultural Inputs(E.g.Agrochemicals,Machinery,HiredLabour)",1,"Severe",0,0,0,0,0,0,0,0,0,0,0,0,0,1,0,"","Not at all likely","Not at all likely","Very  likely",0
"87-71-97-91",9,"Crop Failure",1,"Mild",0,0,2,0,0,0,0,0,0,0,1,0,0,0,0,"","Not at all likely","Not at all likely","Very  likely",0
"87-71-97-91",10,"Livestock Disease/Death",1,"Severe",0,0,0,0,0,0,0,0,0,0,0,1,0,0,0,"","Not at all likely","Not at all likely","Very  likely",0
"87-71-97-91",15,"Large Rise in Prices of Food",1,"Severe",0,0,0,0,0,0,0,0,0,0,1,0,0,2,0,"","Not at all likely","Not at all likely","Very  likely",0
"72-05-40-32",1,"Chronicor Severe Illnessor Accident of a Household Member",1,"Very severe",0,0,0,0,0,0,0,0,0,0,1,0,0,0,0,"","Not at all likely","Not at all likely","Extremely likely",0
"72-05-40-32",9,"Crop Failure",2,"Very severe",0,0,0,0,0,0,0,0,0,0,0,0,0,1,0,"","Not at all likely","Not at all likely","Very  likely",0
"72-05-40-32",14,"Large Fall in Sale Prices for Cropsand or Livestock",1,"Severe",0,0,1,0,0,0,0,0,0,0,0,0,0,0,0,"","Not at all likely","Not at all likely","Very  likely",0
"72-05-40-32",15,"Large Rise in Prices of Food",1,"Severe",0,0,0,0,0,0,0,0,0,0,1,0,0,0,0,"","Not at all likely","Not at all likely","Very  likely",0
"87-43-28-28",4,"Fire on Property",3,"Very severe",1,0,2,0,0,0,0,0,0,0,0,0,0,0,0,"","Not very likely","Not very likely","Not very likely",0
"87-43-28-28",7,"Drought or Extended Period of No Rain",2,"Severe",1,0,2,0,0,0,0,0,0,0,3,0,0,0,0,"","Not very likely","Not very likely","Not very likely",0
"87-43-28-28",9,"Crop Failure",1,"Severe",1,0,0,0,0,0,0,0,0,0,0,0,0,0,0,"","Not very likely","Not very likely","Not very likely",0
"02-59-28-55",7,"Drought or Extended Period of No Rain",10,"Very severe",0,1,0,0,0,0,0,0,0,0,0,0,0,0,0,"","Not very likely","Not very likely","Not very likely",0
"02-59-28-55",9,"Crop Failure",1,"Very severe",0,0,0,0,0,0,0,0,0,0,0,0,0,1,0,"","Not very likely","Not very likely","Not very likely",0
"02-59-28-55",10,"Livestock Disease/Death",13,"Very severe",0,0,0,0,0,0,0,0,0,0,0,0,0,1,0,"","Not very likely","Not at all likely","Not very likely",0
"02-59-28-55",15,"Large Rise in Prices of Food",10,"Very severe",0,0,0,0,0,0,0,0,0,0,1,0,0,0,0,"","Not very likely","Not at all likely","Not very likely",0
"41-71-16-88",1,"Chronicor Severe Illnessor Accident of a Household Member",2,"Very severe",1,0,0,0,0,0,0,0,0,0,0,0,0,0,0,"","Not at all likely","Not at all likely","Not at all likely",0
"41-71-16-88",7,"Drought or Extended Period of No Rain",2,"Very severe",1,0,0,0,0,0,0,0,0,0,0,0,0,0,0,"","Not at all likely","Not at all likely","Not at all likely",0
"41-71-16-88",15,"Large Rise in Prices of Food",3,"Very severe",2,0,1,0,0,0,0,0,0,0,0,0,0,0,0,"","Not at all likely","Not at all likely","Not at all likely",0
"91-57-08-43",7,"Drought or Extended Period of No Rain",2,"Very severe",1,0,0,0,0,0,0,0,0,0,0,0,0,0,0,"","Not very likely","Not very likely","Not very likely",0
"63-99-85-70",1,"Chronicor Severe Illnessor Accident of a Household Member",1,"Mild",1,0,0,0,0,0,0,0,0,0,0,0,0,0,0,"","Not at all likely","Not at all likely","Very  likely",0
"63-99-85-70",15,"Large Rise in Prices of Food",1,"Severe",1,0,2,0,0,0,0,0,0,0,0,0,0,0,0,"","Not very likely","Not very likely","Very  likely",0
"65-43-78-90",7,"Drought or Extended Period of No Rain",1,"Very severe",0,0,0,0,0,0,0,0,0,0,0,0,0,1,0,"","Not at all likely","Not at all likely","Not at all likely",0
"65-43-78-90",9,"Crop Failure",1,"Very severe",0,0,1,0,0,0,0,0,0,0,0,0,0,0,0,"","Not at all likely","Not at all likely","Not at all likely",0
"65-43-78-90",15,"Large Rise in Prices of Food",10,"Very severe",0,0,1,0,0,0,0,0,0,0,0,0,0,0,0,"","Not at all likely","Not at all likely","Not at all likely",0
"37-38-94-21",7,"Drought or Extended Period of No Rain",8,"Very severe",0,0,0,0,0,0,0,0,0,0,1,0,0,0,0,"","Not very likely","Not very likely","Not very likely",0
"37-38-94-21",9,"Crop Failure",1,"Very severe",0,0,0,0,0,0,0,0,0,0,0,0,0,1,0,"","Not very likely","Not very likely","Not very likely",0
"37-38-94-21",10,"Livestock Disease/Death",5,"Very severe",0,0,0,0,0,0,0,0,0,0,0,0,0,1,0,"","Not very likely","Not very likely","Not very likely",0
"37-38-94-21",15,"Large Rise in Prices of Food",10,"Very severe",0,0,0,0,0,0,0,0,0,0,1,0,0,0,0,"","Not very likely","Not very likely","Not very likely",0
"77-42-43-43",7,"Drought or Extended Period of No Rain",2,"Very severe",0,0,2,0,0,0,1,0,0,0,0,0,0,0,0,"","Not at all likely","Not at all likely","Not very likely",0
"77-42-43-43",9,"Crop Failure",2,"Very severe",1,0,2,0,0,0,0,0,0,0,3,0,0,0,0,"","Not at all likely","Not very likely","Not at all likely",0
"77-42-43-43",10,"Livestock Disease/Death",3,"Very severe",1,0,2,0,0,0,3,0,0,0,0,0,0,0,0,"","Not at all likely","Not at all likely","Not at all likely",0
"77-42-43-43",14,"Large Fall in Sale Prices for Cropsand or Livestock",2,"Very severe",0,0,1,0,0,0,2,0,0,0,0,0,0,0,0,"","Not at all likely","Not at all likely","Not very likely",0
"77-42-43-43",15,"Large Rise in Prices of Food",2,"Very severe",0,0,1,0,0,0,0,0,0,0,2,0,0,0,0,"","Not at all likely","Not very likely","Not at all likely",0
"68-60-50-68",1,"Chronicor Severe Illnessor Accident of a Household Member",1,"Very severe",1,0,0,0,0,0,0,0,0,0,0,0,0,0,0,"","Not at all likely","Not at all likely","Not very likely",0
"68-60-50-68",2,"Death of a Household Member",2,"Very severe",0,0,0,0,0,0,0,0,0,0,0,0,0,1,0,"","Not at all likely","Not at all likely","Very  likely",0
"68-60-50-68",7,"Drought or Extended Period of No Rain",1,"Severe",0,0,0,0,0,0,0,0,0,0,1,0,0,0,0,"","Not at all likely","Not at all likely","Very  likely",0
"68-60-50-68",15,"Large Rise in Prices of Food",1,"Severe",0,0,2,0,0,0,0,0,0,0,0,0,0,1,0,"","Not at all likely","Not at all likely","Very  likely",0
"46-89-69-47",7,"Drought or Extended Period of No Rain",3,"Very severe",0,0,0,0,0,0,0,0,0,0,1,0,0,0,0,"","Not at all likely","Not very likely","Extremely likely",0
"46-89-69-47",10,"Livestock Disease/Death",2,"Very severe",0,0,0,0,1,0,0,0,0,0,2,0,0,0,0,"","Extremely likely","Not very likely","Extremely likely",0
"46-89-69-47",15,"Large Rise in Prices of Food",3,"Very severe",0,0,1,0,2,0,0,0,0,0,0,0,0,0,0,"","Not very likely","Not very likely","Extremely likely",0
"46-72-66-83",7,"Drought or Extended Period of No Rain",1,"Severe",0,0,0,0,0,0,0,0,0,0,0,1,0,0,0,"","Not at all likely","Not at all likely","Very  likely",0
"46-72-66-83",9,"Crop Failure",1,"Severe",0,0,0,0,0,0,0,0,0,0,0,0,0,1,0,"","Not at all likely","Not at all likely","Very  likely",0
"46-72-66-83",10,"Livestock Disease/Death",1,"Severe",0,0,0,0,0,0,0,0,0,0,0,0,0,1,0,"","Not very likely","Not very likely","Very  likely",0
"46-72-66-83",11,"Livestock Theft(IncludingRaids)",1,"Mild",0,0,0,0,0,0,0,0,0,0,0,0,0,1,0,"","Not at all likely","Not at all likely","Very  likely",0
"46-72-66-83",14,"Large Fall in Sale Prices for Cropsand or Livestock",1,"Severe",0,0,0,0,0,0,0,0,0,0,1,0,0,0,0,"","Not very likely","Not very likely","Very  likely",0
"46-72-66-83",15,"Large Rise in Prices of Food",1,"Severe",0,0,1,0,0,0,0,0,0,0,2,0,0,0,0,"","Not at all likely","Not at all likely","Extremely likely",0
"25-02-52-66",7,"Drought or Extended Period of No Rain",1,"Very severe",0,0,2,0,1,0,0,0,0,0,0,0,0,0,0,"","Not at all likely","Not at all likely","Extremely likely",0
"25-02-52-66",15,"Large Rise in Prices of Food",1,"Very severe",0,0,1,0,2,0,0,0,0,0,3,0,0,0,0,"","Not at all likely","Not at all likely","Extremely likely",0
"55-56-28-22",9,"Crop Failure",2,"Severe",0,0,0,0,0,0,0,0,0,0,1,0,0,0,0,"","Not at all likely","Not at all likely","Very  likely",0
"55-56-28-22",15,"Large Rise in Prices of Food",1,"Severe",0,0,0,0,0,0,0,0,0,0,1,0,0,0,0,"","Not at all likely","Not at all likely","Very  likely",0
"46-53-61-02",7,"Drought or Extended Period of No Rain",1,"Severe",0,0,0,0,0,0,0,0,0,0,1,0,0,0,0,"","Not at all likely","Not at all likely","Very  likely",0
"46-53-61-02",9,"Crop Failure",2,"Severe",0,0,0,0,0,0,0,0,0,0,0,0,0,1,0,"","Not at all likely","Not at all likely","Very  likely",0
"46-53-61-02",15,"Large Rise in Prices of Food",1,"Severe",0,0,0,0,0,0,0,0,0,0,0,0,0,1,0,"","Not at all likely","Not at all likely","Very  likely",0
"10-77-75-51",7,"Drought or Extended Period of No Rain",1,"Severe",0,0,0,0,0,0,0,0,0,0,0,0,0,1,0,"","Not at all likely","Not at all likely","Not at all likely",0
"10-77-75-51",10,"Livestock Disease/Death",1,"Severe",0,0,0,0,0,0,0,0,0,0,0,0,1,0,0,"","Not at all likely","Not at all likely","Not at all likely",0
"10-77-75-51",14,"Large Fall in Sale Prices for Cropsand or Livestock",2,"Severe",0,0,1,0,0,0,0,0,0,0,0,0,0,0,0,"","Not at all likely","Not at all likely","Not at all likely",0
"10-77-75-51",15,"Large Rise in Prices of Food",6,"Very severe",0,1,2,0,0,0,0,0,0,0,0,0,0,0,0,"","Not at all likely","Not at all likely","Not at all likely",0
"71-70-88-23",1,"Chronicor Severe Illnessor Accident of a Household Member",5,"Very severe",0,0,0,0,0,0,0,0,0,0,1,0,0,0,0,"","Not at all likely","Not at all likely","Not at all likely",0
"71-70-88-23",7,"Drought or Extended Period of No Rain",1,"Very severe",0,0,0,0,0,0,0,0,0,0,1,0,0,0,0,"","Not at all likely","Not at all likely","Not at all likely",0
"71-70-88-23",9,"Crop Failure",1,"Very severe",0,0,1,0,0,0,0,0,0,0,0,0,0,0,0,"","Not at all likely","Not at all likely","Not at all likely",0
"71-70-88-23",10,"Livestock Disease/Death",1,"Mild",0,0,0,0,0,0,0,0,0,0,0,0,1,0,0,"","Not at all likely","Not at all likely","Not at all likely",0
"71-70-88-23",15,"Large Rise in Prices of Food",10,"Very severe",0,0,2,0,0,0,0,0,0,0,1,0,0,0,0,"","Not at all likely","Not very likely","Not at all likely",0
"50-33-80-84",10,"Livestock Disease/Death",2,"Severe",0,0,0,0,0,0,0,0,0,0,1,0,0,0,0,"","Not at all likely","Not at all likely","Not at all likely",0
"50-33-80-84",15,"Large Rise in Prices of Food",4,"Very severe",0,0,1,0,0,0,0,0,0,0,2,0,0,0,0,"","Not at all likely","Not at all likely","Not very likely",0
"21-95-76-65",7,"Drought or Extended Period of No Rain",1,"Very severe",1,0,0,0,0,0,0,0,0,0,0,0,0,0,0,"","Not very likely","Not very likely","Not very likely",0
"91-60-65-39",7,"Drought or Extended Period of No Rain",8,"Very severe",0,0,1,0,0,0,0,0,0,0,0,0,0,0,0,"","Not at all likely","Not at all likely","Not at all likely",0
"91-60-65-39",9,"Crop Failure",2,"Very severe",0,0,1,0,0,0,0,0,0,0,0,0,0,0,0,"","Not very likely","Not at all likely","Not very likely",0
"91-60-65-39",15,"Large Rise in Prices of Food",1,"Very severe",0,0,1,0,0,0,0,0,0,0,0,0,0,0,0,"","Not at all likely","Not at all likely","Not at all likely",0
"42-15-16-06",4,"Fire on Property",2,"Very severe",1,0,2,0,0,0,0,0,0,0,0,0,0,0,0,"","Not very likely","Not very likely","Not very likely",0
"42-15-16-06",6,"Dwelling Damaged",1,"Very severe",1,0,2,0,0,0,0,0,0,0,0,0,0,0,0,"","Not very likely","Not very likely","Not very likely",0
"00-11-52-27",7,"Drought or Extended Period of No Rain",2,"Very severe",1,0,0,0,0,0,0,0,0,0,0,0,0,0,0,"","Not very likely","Not very likely","Not very likely",0
"87-56-56-81",1,"Chronicor Severe Illnessor Accident of a Household Member",1,"Very severe",3,0,0,0,1,0,0,0,0,0,2,0,0,0,0,"","Not at all likely","Not at all likely","Extremely likely",0
"87-56-56-81",7,"Drought or Extended Period of No Rain",1,"Very severe",0,0,2,0,1,0,0,0,0,0,0,0,0,0,0,"","Not at all likely","Not at all likely","Extremely likely",0
"87-56-56-81",15,"Large Rise in Prices of Food",1,"Very severe",0,0,1,0,2,0,0,0,0,0,3,0,0,0,0,"","Not at all likely","Not at all likely","Extremely likely",0
"81-79-89-86",1,"Chronicor Severe Illnessor Accident of a Household Member",1,"Very severe",0,0,0,0,0,0,1,0,0,0,0,0,0,0,0,"","Not very likely","Not at all likely","Not at all likely",0
"81-79-89-86",7,"Drought or Extended Period of No Rain",2,"Very severe",0,1,0,0,0,0,0,0,0,0,0,0,0,0,0,"","Not at all likely","Not at all likely","Not very likely",0
"81-79-89-86",15,"Large Rise in Prices of Food",2,"Very severe",1,2,0,0,0,0,0,0,0,0,0,0,0,0,0,"","Not at all likely","Not at all likely","Not at all likely",0
"10-18-23-80",9,"Crop Failure",1,"Severe",0,0,0,0,0,0,0,0,0,0,0,0,0,1,0,"","Very  likely","Not very likely","Very  likely",0
"10-18-23-80",15,"Large Rise in Prices of Food",1,"Severe",0,0,1,0,0,0,0,0,0,0,0,0,0,0,0,"","Not very likely","Not very likely","Very  likely",0
"65-08-75-81",9,"Crop Failure",2,"Very severe",0,0,0,0,0,0,0,0,0,0,0,0,0,1,0,"","Not very likely","Not very likely","Very  likely",0
"65-08-75-81",14,"Large Fall in Sale Prices for Cropsand or Livestock",1,"Very severe",0,0,0,0,0,0,0,0,0,0,1,0,0,0,0,"","Not very likely","Not very likely","Very  likely",0
"65-08-75-81",15,"Large Rise in Prices of Food",1,"Very severe",0,0,1,0,0,0,0,0,0,0,2,0,0,0,0,"","Not very likely","Not very likely","Very  likely",0
"71-59-52-11",7,"Drought or Extended Period of No Rain",7,"Very severe",0,0,1,0,0,0,0,0,0,0,0,0,0,0,0,"","Not at all likely","Not very likely","Not at all likely",0
"71-59-52-11",9,"Crop Failure",3,"Very severe",0,0,1,0,0,0,0,0,0,0,0,0,0,0,0,"","Not at all likely","Not at all likely","Not at all likely",0
"71-59-52-11",14,"Large Fall in Sale Prices for Cropsand or Livestock",2,"Very severe",0,0,1,0,0,0,0,0,0,0,0,0,0,0,0,"","Not at all likely","Not at all likely","Not at all likely",0
"71-59-52-11",15,"Large Rise in Prices of Food",5,"Very severe",0,0,1,0,0,0,0,0,0,0,2,0,0,0,0,"","Not at all likely","Not at all likely","Not at all likely",0
"31-09-36-85",7,"Drought or Extended Period of No Rain",2,"Severe",0,0,0,0,0,1,0,0,0,0,2,0,0,0,0,"","Not at all likely","Not at all likely","Very  likely",0
"31-09-36-85",9,"Crop Failure",2,"Severe",0,0,0,0,0,0,1,0,0,0,0,0,0,0,0,"","Not at all likely","Not at all likely","Very  likely",0
"31-09-36-85",10,"Livestock Disease/Death",2,"Severe",0,0,0,0,0,0,0,0,0,0,1,0,0,0,0,"","Not at all likely","Not at all likely","Very  likely",0
"31-09-36-85",15,"Large Rise in Prices of Food",1,"Severe",0,0,0,0,0,0,0,0,0,0,0,0,0,1,0,"","Not at all likely","Not at all likely","Very  likely",0
"72-18-38-35",1,"Chronicor Severe Illnessor Accident of a Household Member",1,"Very severe",1,0,0,0,0,0,0,0,0,0,0,0,0,0,0,"","Not very likely","Not at all likely","Not very likely",0
"72-18-38-35",7,"Drought or Extended Period of No Rain",9,"Very severe",0,0,1,0,0,0,0,0,0,0,0,0,0,0,0,"","Not very likely","Not very likely","Not very likely",0
"72-18-38-35",12,"Household Business Failure(Non-Agricultural)",10,"Very severe",0,0,0,0,0,0,1,0,0,0,0,0,0,0,0,"","Not very likely","Not very likely","Not very likely",0
"72-18-38-35",15,"Large Rise in Prices of Food",10,"Very severe",0,0,1,0,0,0,0,0,0,0,0,0,0,0,0,"","Not very likely","Not very likely","Not very likely",0
"72-18-38-35",19,"Ethnic or Clan Clashes",7,"Very severe",0,0,0,0,0,0,0,0,0,0,0,0,0,0,1,"They go for hiding until the clashes are over","Not very likely","Not very likely","Not very likely",0
"64-46-73-61",7,"Drought or Extended Period of No Rain",3,"Very severe",1,0,0,0,0,0,0,0,0,0,0,0,0,0,0,"","Not at all likely","Not at all likely","Not at all likely",0
"64-46-73-61",15,"Large Rise in Prices of Food",2,"Very severe",1,0,0,0,0,0,0,0,0,0,0,0,0,0,0,"","Not at all likely","Not at all likely","Not at all likely",0
"13-37-47-48",7,"Drought or Extended Period of No Rain",5,"Very severe",0,0,0,0,1,0,0,0,0,0,2,0,0,0,0,"","Not very likely","Not very likely","Extremely likely",0
"13-37-47-48",9,"Crop Failure",2,"Very severe",0,0,1,0,0,0,0,0,0,0,2,0,0,0,0,"","Very  likely","Not at all likely","Extremely likely",0
"13-37-47-48",10,"Livestock Disease/Death",3,"Severe",0,0,0,0,1,0,0,0,0,0,2,0,0,0,0,"","Not at all likely","Not very likely","Very  likely",0
"13-37-47-48",15,"Large Rise in Prices of Food",6,"Severe",0,0,0,0,2,0,0,0,0,0,1,0,0,0,0,"","Not at all likely","Not at all likely","Not very likely",0
"22-02-49-30",7,"Drought or Extended Period of No Rain",2,"Very severe",2,1,3,0,0,0,0,0,0,0,4,0,0,0,0,"","Not at all likely","Not at all likely","Not at all likely",0
"22-02-49-30",15,"Large Rise in Prices of Food",2,"Very severe",1,2,3,0,0,0,0,0,0,0,4,0,0,0,0,"","Not at all likely","Not at all likely","Not at all likely",0
"04-02-73-28",7,"Drought or Extended Period of No Rain",1,"Very severe",0,1,0,0,0,0,0,0,0,0,0,0,0,0,0,"","Not very likely","Not at all likely","Not at all likely",0
"04-02-73-28",9,"Crop Failure",1,"Very severe",0,1,2,0,0,0,0,0,0,0,0,0,0,0,0,"","Not at all likely","Not at all likely","Not at all likely",0
"04-02-73-28",10,"Livestock Disease/Death",1,"Severe",0,0,0,0,0,0,0,0,0,0,0,0,1,0,0,"","Not very likely","Not at all likely","Not at all likely",0
"04-02-73-28",14,"Large Fall in Sale Prices for Cropsand or Livestock",2,"Severe",0,0,0,0,0,0,0,0,0,0,0,0,0,1,0,"","Not at all likely","Not at all likely","Not at all likely",0
"04-02-73-28",15,"Large Rise in Prices of Food",5,"Very severe",0,0,1,0,0,0,0,0,0,0,0,0,0,0,0,"","Not very likely","Not at all likely","Not at all likely",0
"57-09-51-71",7,"Drought or Extended Period of No Rain",1,"Very severe",1,0,2,0,0,0,0,0,0,0,0,0,0,0,0,"","Not at all likely","Not at all likely","Not at all likely",0
"57-09-51-71",15,"Large Rise in Prices of Food",1,"Very severe",1,0,2,0,0,0,0,0,0,0,0,0,0,0,0,"","Not at all likely","Not at all likely","Extremely likely",0
"45-10-68-85",7,"Drought or Extended Period of No Rain",2,"Very severe",1,0,0,0,0,0,0,0,0,0,0,0,0,0,0,"","Extremely likely","Extremely likely","Extremely likely",0
"45-10-68-85",15,"Large Rise in Prices of Food",2,"Very severe",1,0,0,0,0,0,0,0,0,0,0,0,0,0,0,"","Not at all likely","Not at all likely","Not at all likely",0
"72-72-49-77",1,"Chronicor Severe Illnessor Accident of a Household Member",1,"Very severe",1,0,0,0,0,0,0,0,0,0,0,0,0,0,0,"","Not very likely","Not very likely","Not very likely",0
"72-72-49-77",7,"Drought or Extended Period of No Rain",9,"Very severe",0,0,0,0,0,0,0,0,0,0,1,0,0,0,0,"","Not very likely","Not very likely","Not very likely",0
"72-72-49-77",9,"Crop Failure",1,"Very severe",0,0,0,0,0,0,0,0,0,0,0,0,0,1,0,"","Not very likely","Not very likely","Not very likely",0
"72-72-49-77",10,"Livestock Disease/Death",6,"Very severe",0,0,0,0,0,0,0,0,0,0,0,0,0,1,0,"","Not very likely","Not very likely","Not very likely",0
"72-72-49-77",12,"Household Business Failure(Non-Agricultural)",1,"Very severe",0,0,0,0,0,0,0,0,0,0,0,0,0,1,0,"","Not very likely","Not very likely","Not very likely",0
"72-72-49-77",15,"Large Rise in Prices of Food",10,"Very severe",0,0,0,0,0,0,0,0,0,0,1,0,0,0,0,"","Not very likely","Not very likely","Not very likely",0
"61-58-42-30",7,"Drought or Extended Period of No Rain",7,"Very severe",0,0,0,0,0,0,0,0,0,0,1,0,0,0,0,"","Not very likely","Not very likely","Not very likely",0
"61-58-42-30",9,"Crop Failure",1,"Very severe",0,0,0,0,0,0,0,0,0,0,0,0,0,1,0,"","Not very likely","Not very likely","Not very likely",0
"61-58-42-30",10,"Livestock Disease/Death",17,"Very severe",0,0,0,0,0,0,0,0,0,0,0,0,0,0,1,"Injection of the livestock","Not very likely","Not very likely","Not very likely",0
"61-58-42-30",15,"Large Rise in Prices of Food",12,"Very severe",0,0,0,0,0,0,0,0,0,0,1,0,0,0,0,"","Not very likely","Not very likely","Not very likely",0
"61-58-42-30",16,"Large Rise in Prices of Agricultural Inputs(E.g.Agrochemicals,Machinery,HiredLabour)",1,"Very severe",0,0,0,0,0,0,0,0,0,0,1,0,0,0,0,"","Not very likely","Not very likely","Not very likely",0
"46-76-02-18",1,"Chronicor Severe Illnessor Accident of a Household Member",1,"Very severe",1,0,0,0,0,0,0,0,0,0,0,0,0,0,0,"","Not very likely","Not very likely","Not very likely",0
"46-76-02-18",7,"Drought or Extended Period of No Rain",9,"Very severe",0,0,0,0,0,0,0,0,0,0,1,0,0,0,0,"","Not very likely","Not very likely","Not very likely",0
"46-76-02-18",9,"Crop Failure",1,"Very severe",0,0,0,0,0,0,0,0,0,0,0,0,0,1,0,"","Not very likely","Not very likely","Not very likely",0
"46-76-02-18",10,"Livestock Disease/Death",1,"Very severe",0,0,0,0,0,0,0,0,0,0,0,0,0,1,0,"","Not very likely","Not very likely","Not very likely",0
"46-76-02-18",15,"Large Rise in Prices of Food",10,"Very severe",0,0,0,0,0,0,0,0,0,0,1,0,0,0,0,"","Not very likely","Not very likely","Not very likely",0
"32-71-82-87",7,"Drought or Extended Period of No Rain",2,"Very severe",0,0,0,0,0,0,0,0,0,0,1,0,0,0,0,"","Not very likely","Not at all likely","Very  likely",0
"32-71-82-87",9,"Crop Failure",2,"Very severe",0,0,0,0,0,0,0,0,0,0,0,0,0,1,0,"","Not at all likely","Not at all likely","Very  likely",0
"32-71-82-87",15,"Large Rise in Prices of Food",2,"Very severe",0,0,1,0,0,0,0,0,0,0,0,0,0,0,0,"","Not at all likely","Not at all likely","Not very likely",0
"51-19-72-02",7,"Drought or Extended Period of No Rain",1,"Severe",2,1,0,0,0,0,0,0,0,0,0,0,0,0,0,"","Not very likely","Not at all likely","Not at all likely",0
"51-19-72-02",9,"Crop Failure",1,"Very severe",3,2,1,0,0,0,0,0,0,0,0,0,0,0,0,"","Not at all likely","Not at all likely","Not at all likely",0
"51-19-72-02",15,"Large Rise in Prices of Food",6,"Very severe",0,0,0,0,1,0,0,0,0,0,0,0,0,0,0,"","Not at all likely","Not at all likely","Not at all likely",0
"51-19-72-02",16,"Large Rise in Prices of Agricultural Inputs(E.g.Agrochemicals,Machinery,HiredLabour)",1,"Severe",0,0,0,0,0,0,0,0,0,0,0,0,0,1,0,"","Not very likely","Not at all likely","Not at all likely",0
"98-92-34-42",1,"Chronicor Severe Illnessor Accident of a Household Member",1,"Very severe",0,0,0,0,0,0,0,0,0,0,1,0,0,0,0,"","Not very likely","Not very likely","Not very likely",0
"98-92-34-42",7,"Drought or Extended Period of No Rain",8,"Very severe",0,0,1,0,0,0,0,0,0,0,0,0,0,0,0,"","Not very likely","Not very likely","Not very likely",0
"98-92-34-42",9,"Crop Failure",2,"Very severe",0,0,0,0,0,0,0,0,0,0,0,0,0,1,0,"","Not very likely","Not very likely","Not very likely",0
"98-92-34-42",10,"Livestock Disease/Death",8,"Very severe",0,0,0,0,0,0,0,0,0,0,0,0,0,1,0,"","Not very likely","Not very likely","Not very likely",0
"98-92-34-42",15,"Large Rise in Prices of Food",12,"Very severe",0,0,0,0,0,0,0,0,0,0,1,0,0,0,0,"","Not very likely","Not at all likely","Not very likely",0
"19-17-82-94",9,"Crop Failure",1,"Very severe",0,0,0,0,0,0,0,0,0,0,0,0,0,1,0,"","Not very likely","Not very likely","Very  likely",0
"19-17-82-94",11,"Livestock Theft(IncludingRaids)",3,"Mild",0,0,0,0,0,0,0,0,0,0,0,0,0,1,0,"","Not at all likely","Not at all likely","Very  likely",0
"19-17-82-94",14,"Large Fall in Sale Prices for Cropsand or Livestock",1,"Severe",0,0,0,0,0,0,0,0,0,0,1,0,0,0,0,"","Not very likely","Not at all likely","Very  likely",0
"19-17-82-94",15,"Large Rise in Prices of Food",1,"Severe",0,0,1,0,0,0,0,0,0,0,0,0,0,0,0,"","Not very likely","Not very likely","Very  likely",0
"35-77-55-36",7,"Drought or Extended Period of No Rain",1,"Very severe",0,0,1,0,0,0,0,0,0,0,2,0,0,0,0,"","Not at all likely","Not at all likely","Not at all likely",0
"35-77-55-36",10,"Livestock Disease/Death",1,"Severe",0,0,0,0,0,0,0,0,0,0,0,0,1,0,0,"","Not very likely","Not at all likely","Not at all likely",0
"35-77-55-36",14,"Large Fall in Sale Prices for Cropsand or Livestock",3,"Very severe",0,0,0,0,0,0,0,0,0,0,0,0,0,1,0,"","Not at all likely","Not at all likely","Not at all likely",0
"35-77-55-36",15,"Large Rise in Prices of Food",3,"Very severe",0,1,2,0,0,0,0,0,0,0,0,0,0,0,0,"","Not at all likely","Not at all likely","Not at all likely",0
"60-19-93-23",15,"Large Rise in Prices of Food",1,"Very severe",0,0,0,0,0,0,0,0,0,0,1,0,0,0,0,"","Not at all likely","Not at all likely","Not at all likely",0
"88-09-79-89",7,"Drought or Extended Period of No Rain",7,"Very severe",0,0,0,0,0,0,0,0,0,0,1,0,0,0,0,"","Not very likely","Not very likely","Not very likely",0
"88-09-79-89",9,"Crop Failure",1,"Very severe",0,0,0,0,0,0,0,0,0,0,0,0,0,1,0,"","Not very likely","Not very likely","Not very likely",0
"88-09-79-89",10,"Livestock Disease/Death",10,"Very severe",0,0,0,0,0,0,0,0,0,0,0,0,0,1,0,"","Not very likely","Not very likely","Not very likely",0
"88-09-79-89",15,"Large Rise in Prices of Food",11,"Very severe",0,0,0,0,0,0,0,0,0,0,1,0,0,0,0,"","Not very likely","Not very likely","Not very likely",0
"17-30-57-13",15,"Large Rise in Prices of Food",1,"Very severe",1,0,0,0,0,0,0,0,0,0,0,0,0,0,0,"","Not at all likely","Not at all likely","Not at all likely",0
"34-24-20-27",9,"Crop Failure",1,"Very severe",0,0,0,0,0,0,0,0,0,0,0,0,0,1,0,"","Not very likely","Not very likely","Not very likely",0
"34-24-20-27",10,"Livestock Disease/Death",1,"Very severe",0,0,0,0,0,0,0,0,0,0,0,0,0,1,0,"","Not very likely","Not very likely","Very  likely",0
"34-24-20-27",15,"Large Rise in Prices of Food",1,"Severe",0,0,0,0,0,0,0,0,0,0,1,0,0,0,0,"","Not very likely","Not very likely","Very  likely",0
"62-74-89-68",7,"Drought or Extended Period of No Rain",9,"Very severe",0,0,0,0,0,0,0,0,0,0,1,0,0,0,0,"","Not very likely","Not very likely","Not very likely",0
"62-74-89-68",9,"Crop Failure",1,"Very severe",0,0,0,0,0,0,0,0,0,0,0,0,0,1,0,"","Not very likely","Not very likely","Not very likely",0
"62-74-89-68",10,"Livestock Disease/Death",20,"Very severe",0,0,0,0,0,0,0,0,0,0,0,0,0,1,0,"","Not very likely","Not at all likely","Not very likely",0
"62-74-89-68",15,"Large Rise in Prices of Food",10,"Very severe",0,0,0,0,0,0,0,0,0,0,1,0,0,0,0,"","Not very likely","Not at all likely","Not very likely",0
"10-78-86-05",1,"Chronicor Severe Illnessor Accident of a Household Member",1,"Very severe",1,0,0,0,0,0,0,0,0,0,2,0,0,0,0,"","Not at all likely","Not at all likely","Not at all likely",0
"10-78-86-05",2,"Death of a Household Member",1,"Very severe",1,0,0,0,0,0,0,0,0,0,0,0,0,0,0,"","Not at all likely","Not at all likely","Not at all likely",0
"10-78-86-05",7,"Drought or Extended Period of No Rain",2,"Very severe",1,0,0,0,0,0,0,0,0,0,0,0,0,0,0,"","Not at all likely","Not at all likely","Not at all likely",0
"10-78-86-05",15,"Large Rise in Prices of Food",3,"Very severe",0,0,1,0,0,0,0,0,0,0,2,0,0,0,0,"","Not at all likely","Not at all likely","Not at all likely",0
"58-17-83-09",6,"Dwelling Damaged",1,"Very severe",0,0,0,0,0,0,0,0,0,0,0,0,1,0,0,"","Not at all likely","Not at all likely","Very  likely",0
"58-17-83-09",10,"Livestock Disease/Death",1,"Severe",0,0,0,1,0,0,0,0,0,0,0,0,0,0,0,"","Not at all likely","Not at all likely","Very  likely",0
"58-17-83-09",15,"Large Rise in Prices of Food",1,"Severe",0,0,1,0,0,0,0,0,0,0,0,0,0,0,0,"","Not at all likely","Not at all likely","Very  likely",0
"58-17-83-09",19,"Ethnic or Clan Clashes",1,"Very severe",0,0,0,0,0,0,0,0,0,0,0,0,0,1,0,"","Not at all likely","Not at all likely","Very  likely",0
"86-94-71-57",7,"Drought or Extended Period of No Rain",1,"Very severe",0,0,1,0,0,0,0,0,0,0,2,0,0,0,0,"","Not at all likely","Not at all likely","Not very likely",0
"86-94-71-57",10,"Livestock Disease/Death",3,"Very severe",0,0,0,0,0,0,0,0,0,0,0,0,0,1,0,"","Not at all likely","Not at all likely","Not very likely",0
"86-94-71-57",15,"Large Rise in Prices of Food",1,"Very severe",0,0,1,0,0,0,0,0,0,0,2,0,0,0,0,"","Not at all likely","Not at all likely","Not very likely",0
"86-94-71-57",16,"Large Rise in Prices of Agricultural Inputs(E.g.Agrochemicals,Machinery,HiredLabour)",1,"Very severe",0,0,0,0,0,0,0,0,0,0,1,0,0,0,0,"","Not at all likely","Not at all likely","Not very likely",0
"13-61-09-88",1,"Chronicor Severe Illnessor Accident of a Household Member",3,"Very severe",1,0,2,0,0,0,0,0,0,0,0,0,0,0,0,"","Not at all likely","Not at all likely","Not at all likely",0
"13-61-09-88",15,"Large Rise in Prices of Food",2,"Very severe",2,1,0,0,0,0,0,0,0,0,0,0,0,0,3,"casual jobs","Not at all likely","Not at all likely","Not at all likely",0
"33-63-66-86",7,"Drought or Extended Period of No Rain",9,"Very severe",0,0,0,0,0,0,0,0,0,0,1,0,0,0,0,"","Not very likely","Not very likely","Not very likely",0
"33-63-66-86",15,"Large Rise in Prices of Food",10,"Very severe",0,0,0,0,0,0,0,0,0,0,1,0,0,0,0,"","Not very likely","Not very likely","Not very likely",0
"31-45-42-89",7,"Drought or Extended Period of No Rain",3,"Severe",0,0,0,0,0,0,0,0,0,0,0,0,0,1,0,"","Not very likely","Not very likely","Very  likely",0
"31-45-42-89",9,"Crop Failure",2,"Very severe",0,0,0,0,0,0,0,0,0,0,0,0,0,1,0,"","Not very likely","Not very likely","Very  likely",0
"31-45-42-89",14,"Large Fall in Sale Prices for Cropsand or Livestock",1,"Very severe",0,0,0,0,0,0,0,0,0,0,1,0,0,0,0,"","Not at all likely","Not at all likely","Extremely likely",0
"31-45-42-89",15,"Large Rise in Prices of Food",1,"Severe",0,0,1,0,0,0,0,0,0,0,2,0,0,0,0,"","Not very likely","Not very likely","Not very likely",0
"53-01-20-30",7,"Drought or Extended Period of No Rain",5,"Severe",0,0,0,0,0,0,0,0,0,0,0,0,0,1,0,"","Not very likely","Not very likely","Very  likely",0
"53-01-20-30",9,"Crop Failure",2,"Very severe",0,0,0,0,0,0,0,0,0,0,0,0,0,1,0,"","Not very likely","Not very likely","Extremely likely",0
"53-01-20-30",14,"Large Fall in Sale Prices for Cropsand or Livestock",3,"Severe",0,0,0,0,0,0,0,0,0,0,1,0,0,0,0,"","Not very likely","Not very likely","Very  likely",0
"53-01-20-30",15,"Large Rise in Prices of Food",1,"Severe",0,0,1,0,0,0,0,0,0,0,2,0,0,0,0,"","Not very likely","Not very likely","Very  likely",0
"13-52-61-75",7,"Drought or Extended Period of No Rain",2,"Very severe",1,0,2,0,0,0,0,0,0,0,0,0,0,0,0,"","Not at all likely","Not at all likely","Not at all likely",0
"13-52-61-75",9,"Crop Failure",2,"Very severe",0,0,0,0,0,0,0,0,0,0,0,0,0,1,0,"","Extremely likely","Not at all likely","Not at all likely",0
"13-52-61-75",15,"Large Rise in Prices of Food",2,"Very severe",0,0,1,0,0,0,2,0,0,0,0,0,0,0,0,"","Not at all likely","Not at all likely","Not at all likely",0
"64-05-06-14",7,"Drought or Extended Period of No Rain",2,"Very severe",1,0,0,0,0,0,0,0,0,0,0,0,0,0,0,"","Not very likely","Not very likely","Not very likely",0
"78-32-01-29",7,"Drought or Extended Period of No Rain",8,"Very severe",0,0,1,0,0,0,0,0,0,0,0,0,0,0,0,"","Not at all likely","Not at all likely","Not at all likely",0
"78-32-01-29",9,"Crop Failure",2,"Very severe",0,0,1,0,0,0,0,0,0,0,0,0,0,0,0,"","Not at all likely","Not at all likely","Not at all likely",0
"78-32-01-29",15,"Large Rise in Prices of Food",3,"Very severe",0,0,0,0,0,0,0,0,0,0,0,0,0,1,0,"","Not at all likely","Not at all likely","Not at all likely",0
"82-40-44-86",1,"Chronicor Severe Illnessor Accident of a Household Member",1,"Very severe",0,0,0,0,0,0,0,0,0,0,1,0,0,0,0,"","Not at all likely","Not at all likely","Very  likely",0
"82-40-44-86",9,"Crop Failure",1,"Severe",0,0,0,0,0,0,0,0,0,0,0,0,0,1,0,"","Not at all likely","Not at all likely","Extremely likely",0
"82-40-44-86",14,"Large Fall in Sale Prices for Cropsand or Livestock",1,"Severe",0,0,0,0,0,0,0,0,0,0,1,0,0,0,0,"","Not at all likely","Not at all likely","Very  likely",0
"82-40-44-86",15,"Large Rise in Prices of Food",1,"Severe",0,0,0,0,0,0,0,0,0,0,1,0,0,0,0,"","Not very likely","Not very likely","Very  likely",0
"52-02-93-49",7,"Drought or Extended Period of No Rain",2,"Severe",1,0,0,0,0,0,0,0,0,0,0,0,0,0,0,"","Very  likely","Not very likely","Not very likely",0
"32-71-99-16",7,"Drought or Extended Period of No Rain",1,"Mild",0,0,0,0,0,0,0,0,0,0,0,0,0,1,0,"","Extremely likely","Extremely likely","Not very likely",0
"32-71-99-16",10,"Livestock Disease/Death",3,"Very severe",0,0,0,0,0,0,0,0,0,0,0,0,0,1,0,"","Extremely likely","Extremely likely","Extremely likely",0
"32-71-99-16",15,"Large Rise in Prices of Food",1,"Very severe",0,0,0,0,0,0,0,0,0,0,0,0,0,1,0,"","Extremely likely","Extremely likely","Extremely likely",0
"32-71-99-16",16,"Large Rise in Prices of Agricultural Inputs(E.g.Agrochemicals,Machinery,HiredLabour)",1,"Very severe",0,0,0,0,0,0,0,0,0,0,0,0,0,1,0,"","Extremely likely","Extremely likely","Extremely likely",0
"91-09-88-25",7,"Drought or Extended Period of No Rain",2,"Very severe",2,0,1,0,0,0,0,0,0,0,0,0,0,0,0,"","Not at all likely","Not at all likely","Not at all likely",0
"91-09-88-25",15,"Large Rise in Prices of Food",3,"Very severe",1,0,2,0,0,0,0,0,0,0,0,0,0,0,0,"","Not at all likely","Not very likely","Not at all likely",0
"53-58-51-62",1,"Chronicor Severe Illnessor Accident of a Household Member",3,"Very severe",1,0,2,0,0,0,0,0,0,0,0,0,0,0,0,"","Not at all likely","Not at all likely","Not at all likely",0
"53-58-51-62",15,"Large Rise in Prices of Food",2,"Very severe",0,0,2,0,0,0,1,0,0,0,0,0,0,0,0,"","Not at all likely","Not at all likely","Not at all likely",0
"95-92-63-73",9,"Crop Failure",2,"Mild",0,0,2,0,0,0,1,0,0,0,0,0,0,0,0,"","Not at all likely","Not at all likely","Very  likely",0
"95-92-63-73",15,"Large Rise in Prices of Food",1,"Severe",0,0,0,0,0,0,0,0,0,0,0,0,0,1,0,"","Not at all likely","Not at all likely","Very  likely",0
"06-17-24-58",9,"Crop Failure",2,"Severe",0,0,0,0,0,0,0,0,0,0,0,0,0,1,0,"","Not very likely","Not very likely","Very  likely",0
"06-17-24-58",14,"Large Fall in Sale Prices for Cropsand or Livestock",1,"Severe",0,0,0,0,0,0,0,0,0,0,1,0,0,0,0,"","Not very likely","Not very likely","Very  likely",0
"06-17-24-58",15,"Large Rise in Prices of Food",1,"Severe",0,0,0,0,0,0,0,0,0,0,1,0,0,0,0,"","Not very likely","Not very likely","Very  likely",0
"23-78-50-31",15,"Large Rise in Prices of Food",3,"Very severe",0,0,1,0,2,0,0,0,0,0,0,0,0,0,0,"","Not very likely","Not at all likely","Not very likely",0
"20-84-25-59",1,"Chronicor Severe Illnessor Accident of a Household Member",1,"Very severe",1,0,0,0,0,0,0,0,0,0,2,0,0,0,0,"","Not at all likely","Not very likely","Not at all likely",0
"20-84-25-59",10,"Livestock Disease/Death",2,"Mild",0,0,0,0,0,0,0,0,0,0,1,0,0,0,0,"","Not at all likely","Not at all likely","Not very likely",0
"20-84-25-59",15,"Large Rise in Prices of Food",3,"Severe",0,0,1,0,0,0,0,0,0,0,2,0,0,0,0,"","Not very likely","Not very likely","Not very likely",0
"97-31-09-83",7,"Drought or Extended Period of No Rain",1,"Severe",0,0,0,0,0,0,0,0,0,0,0,1,0,0,0,"","Not at all likely","Not at all likely","Not at all likely",0
"97-31-09-83",10,"Livestock Disease/Death",2,"Mild",0,0,0,0,0,0,0,0,0,0,0,1,0,2,0,"","Not at all likely","Not at all likely","Very  likely",0
"97-31-09-83",15,"Large Rise in Prices of Food",1,"Severe",0,0,0,0,0,0,0,0,0,0,0,0,0,1,0,"","Not at all likely","Not at all likely","Very  likely",0
"56-22-99-66",7,"Drought or Extended Period of No Rain",2,"Very severe",0,0,0,1,0,0,0,0,0,0,0,0,0,0,0,"","Not at all likely","Not at all likely","Very  likely",1
"56-22-99-66",9,"Crop Failure",2,"Very severe",0,0,0,0,0,0,0,0,0,0,0,0,0,1,0,"","Not very likely","Not very likely","Not very likely",0
"56-22-99-66",10,"Livestock Disease/Death",1,"Severe",0,0,0,0,0,0,0,0,0,0,1,0,0,0,0,"","Not very likely","Not very likely","Not very likely",0
"56-22-99-66",15,"Large Rise in Prices of Food",3,"Very severe",0,0,1,0,0,0,0,0,0,0,2,0,0,0,0,"","Not very likely","Not very likely","Not very likely",0
"05-92-75-52",7,"Drought or Extended Period of No Rain",8,"Very severe",0,0,1,0,0,0,0,0,0,0,0,0,0,0,0,"","Not at all likely","Not at all likely","Not at all likely",0
"05-92-75-52",9,"Crop Failure",3,"Very severe",0,0,1,0,0,0,0,0,0,0,0,0,0,0,0,"","Not at all likely","Not at all likely","Not at all likely",0
"05-92-75-52",15,"Large Rise in Prices of Food",5,"Very severe",0,0,1,0,0,0,0,0,0,0,0,0,0,0,0,"","Not at all likely","Not at all likely","Not at all likely",0
"56-78-97-61",7,"Drought or Extended Period of No Rain",8,"Very severe",0,0,1,0,0,0,0,0,0,0,0,0,0,0,0,"","Not at all likely","Not at all likely","Not at all likely",0
"56-78-97-61",15,"Large Rise in Prices of Food",3,"Very severe",0,0,1,0,0,0,0,0,0,0,0,0,0,0,0,"","Not at all likely","Not at all likely","Not at all likely",0
"56-78-97-61",18,"End of Regular Assistance(E.g.Pension,CashTransfer,Remittances)from Outside the Household",1,"Very severe",2,0,1,0,0,0,0,0,0,0,0,0,0,0,0,"","Not at all likely","Not at all likely","Not at all likely",0
"89-05-59-72",7,"Drought or Extended Period of No Rain",9,"Very severe",0,0,1,0,0,0,0,0,0,0,0,0,0,0,0,"","Not very likely","Not very likely","Not very likely",0
"89-05-59-72",9,"Crop Failure",1,"Very severe",0,0,0,0,0,0,0,0,0,0,0,0,0,1,0,"","Not very likely","Not very likely","Not very likely",0
"89-05-59-72",15,"Large Rise in Prices of Food",10,"Very severe",0,0,1,0,0,0,0,0,0,0,0,0,0,0,0,"","Not very likely","Not very likely","Not very likely",0
"50-93-16-91",1,"Chronicor Severe Illnessor Accident of a Household Member",3,"Very severe",0,0,0,0,1,0,0,0,0,0,2,0,0,0,0,"","Not at all likely","Not at all likely","Very  likely",0
"50-93-16-91",7,"Drought or Extended Period of No Rain",3,"Very severe",0,0,1,0,2,0,0,0,0,0,3,0,0,0,0,"","Not at all likely","Not very likely","Extremely likely",0
"50-93-16-91",9,"Crop Failure",1,"Very severe",0,0,0,0,2,0,0,0,0,0,1,0,0,0,0,"","Not at all likely","Not at all likely","Very  likely",0
"50-93-16-91",10,"Livestock Disease/Death",3,"Severe",0,0,0,0,0,0,0,0,0,0,0,0,0,1,0,"","Not at all likely","Not at all likely","Extremely likely",0
"50-93-16-91",15,"Large Rise in Prices of Food",3,"Severe",0,0,0,0,1,0,0,0,0,0,0,0,0,0,0,"","Not very likely","Not at all likely","Very  likely",0
"89-68-31-84",7,"Drought or Extended Period of No Rain",2,"Very severe",0,0,0,0,1,0,0,0,0,0,0,0,0,0,0,"","Not at all likely","Not at all likely","Not at all likely",0
"89-68-31-84",9,"Crop Failure",2,"Very severe",0,0,0,0,0,0,0,0,0,0,0,0,0,1,0,"","Not at all likely","Not at all likely","Not very likely",0
"89-68-31-84",15,"Large Rise in Prices of Food",3,"Very severe",0,0,1,0,0,0,0,0,0,0,0,0,0,0,0,"","Extremely likely","Not at all likely","Not very likely",0
"33-93-90-01",1,"Chronicor Severe Illnessor Accident of a Household Member",1,"Severe",0,0,0,0,0,0,0,0,0,0,1,0,0,0,0,"","Not very likely","Not very likely","Not very likely",0
"33-93-90-01",7,"Drought or Extended Period of No Rain",3,"Severe",0,0,0,0,0,0,0,0,0,0,1,0,0,0,0,"","Not very likely","Not at all likely","Very  likely",0
"33-93-90-01",9,"Crop Failure",2,"Very severe",0,0,1,0,3,0,0,0,0,0,2,0,0,0,0,"","Not very likely","Not at all likely","Extremely likely",0
"33-93-90-01",10,"Livestock Disease/Death",3,"Severe",0,0,0,0,0,0,0,0,0,0,1,0,0,0,0,"","Not at all likely","Not very likely","Not very likely",0
"33-93-90-01",15,"Large Rise in Prices of Food",3,"Very severe",1,0,3,0,2,0,0,0,0,0,0,0,0,0,0,"","Not very likely","Not very likely","Extremely likely",0
"00-04-89-61",15,"Large Rise in Prices of Food",1,"Mild",0,0,0,0,0,0,0,0,0,0,1,0,0,0,0,"","Not at all likely","Not at all likely","Very  likely",0
"98-42-90-09",2,"Death of a Household Member",1,"Severe",1,0,0,0,0,0,0,0,0,0,0,0,0,0,0,"","Not at all likely","Not at all likely","Very  likely",0
"98-42-90-09",15,"Large Rise in Prices of Food",1,"Severe",1,0,0,0,0,0,0,0,0,0,0,0,0,0,0,"","Not at all likely","Not at all likely","Very  likely",0
"81-57-29-94",7,"Drought or Extended Period of No Rain",8,"Very severe",1,0,0,0,0,0,0,0,0,0,0,0,0,0,0,"","Not very likely","Not very likely","Not very likely",0
"81-57-29-94",15,"Large Rise in Prices of Food",10,"Very severe",1,0,0,0,0,0,0,0,0,0,0,0,0,0,0,"","Not very likely","Not very likely","Not very likely",0
"81-57-29-94",18,"End of Regular Assistance(E.g.Pension,CashTransfer,Remittances)from Outside the Household",4,"Very severe",1,0,0,0,0,0,0,0,0,0,0,0,0,0,0,"","Not very likely","Not very likely","Not very likely",0
"81-57-29-94",19,"Ethnic or Clan Clashes",1,"Very severe",2,1,0,0,0,0,0,0,0,0,0,0,0,0,0,"","Not very likely","Not very likely","Not very likely",0
"55-74-55-01",7,"Drought or Extended Period of No Rain",3,"Severe",0,0,0,0,1,0,0,0,0,0,0,0,0,0,0,"","Not very likely","Not very likely","Very  likely",0
"55-74-55-01",9,"Crop Failure",2,"Severe",0,0,1,0,0,0,0,0,0,0,2,0,0,0,0,"","Not very likely","Not very likely","Extremely likely",0
"55-74-55-01",15,"Large Rise in Prices of Food",3,"Severe",0,0,0,0,1,0,0,0,0,0,2,0,0,0,0,"","Not very likely","Not very likely","Very  likely",0
"87-29-60-32",7,"Drought or Extended Period of No Rain",1,"Very severe",0,0,1,0,2,0,0,0,0,0,3,0,0,0,0,"","Not at all likely","Not at all likely","Extremely likely",0
"87-29-60-32",10,"Livestock Disease/Death",3,"Severe",0,0,0,0,0,0,0,0,0,0,0,0,0,1,0,"","Not at all likely","Not at all likely","Extremely likely",0
"87-29-60-32",15,"Large Rise in Prices of Food",1,"Very severe",0,0,1,0,2,0,0,0,0,0,0,0,0,0,0,"","Not at all likely","Not at all likely","Not at all likely",0
"59-04-53-64",7,"Drought or Extended Period of No Rain",3,"Very severe",0,0,0,0,1,0,0,0,0,0,0,0,0,0,0,"","Not very likely","Not very likely","Extremely likely",0
"59-04-53-64",10,"Livestock Disease/Death",5,"Severe",0,0,0,0,2,0,0,0,0,0,1,0,0,0,0,"","Not very likely","Not at all likely","Very  likely",0
"59-04-53-64",15,"Large Rise in Prices of Food",3,"Very severe",0,0,1,0,2,0,0,0,0,0,0,0,0,0,0,"","Not at all likely","Not very likely","Extremely likely",0
"82-68-38-51",1,"Chronicor Severe Illnessor Accident of a Household Member",2,"Severe",1,0,0,0,0,0,0,0,0,0,0,0,0,0,0,"","Not at all likely","Not at all likely","Not at all likely",0
"82-68-38-51",15,"Large Rise in Prices of Food",5,"Severe",1,0,0,0,0,0,0,0,0,0,0,0,0,0,0,"","Not very likely","Not at all likely","Not very likely",0
"64-96-99-21",7,"Drought or Extended Period of No Rain",2,"Very severe",1,0,0,0,0,0,0,0,0,0,0,0,0,0,0,"","Very  likely","Not very likely","Not very likely",0
"36-02-93-74",7,"Drought or Extended Period of No Rain",1,"Very severe",0,0,1,0,2,0,0,0,0,0,3,0,0,0,0,"","Not at all likely","Not at all likely","Extremely likely",0
"36-02-93-74",9,"Crop Failure",1,"Very severe",0,0,1,2,0,0,0,0,0,0,0,0,0,0,0,"","Not at all likely","Not at all likely","Extremely likely",0
"36-02-93-74",10,"Livestock Disease/Death",3,"Very severe",0,0,0,0,1,0,0,0,0,0,0,0,0,0,0,"","Not at all likely","Not at all likely","Extremely likely",0
"36-02-93-74",15,"Large Rise in Prices of Food",1,"Very severe",0,0,1,0,2,0,0,0,0,0,3,0,0,0,0,"","Not at all likely","Not at all likely","Extremely likely",0
"56-43-23-52",7,"Drought or Extended Period of No Rain",9,"Very severe",0,0,0,0,0,0,0,0,0,0,1,0,0,0,0,"","Not very likely","Not very likely","Not very likely",0
"56-43-23-52",9,"Crop Failure",1,"Very severe",0,0,0,0,0,0,0,0,0,0,0,0,0,1,0,"","Not very likely","Not very likely","Not very likely",0
"56-43-23-52",10,"Livestock Disease/Death",5,"Very severe",0,0,0,0,0,0,0,0,0,0,0,0,0,1,0,"","Not very likely","Not at all likely","Not very likely",0
"56-43-23-52",15,"Large Rise in Prices of Food",11,"Very severe",0,0,0,0,0,0,0,0,0,0,1,0,0,0,0,"","Not very likely","Not at all likely","Not very likely",0
"42-33-55-75",15,"Large Rise in Prices of Food",1,"Severe",0,0,1,0,0,0,0,0,0,0,0,0,0,0,0,"","Not at all likely","Not at all likely","Very  likely",0
"67-03-64-23",7,"Drought or Extended Period of No Rain",7,"Very severe",0,0,1,0,0,0,0,0,0,0,0,0,0,0,0,"","Not at all likely","Not at all likely","Not at all likely",0
"67-03-64-23",9,"Crop Failure",2,"Very severe",0,0,1,0,0,0,0,0,0,0,0,0,0,0,0,"","Not at all likely","Not at all likely","Not at all likely",0
"67-03-64-23",10,"Livestock Disease/Death",3,"Very severe",1,0,0,0,0,0,0,0,0,0,0,0,0,0,0,"","Not at all likely","Not at all likely","Not at all likely",0
"67-03-64-23",14,"Large Fall in Sale Prices for Cropsand or Livestock",1,"Severe",0,0,0,0,0,0,0,0,0,0,0,0,0,1,0,"","Not at all likely","Not at all likely","Not very likely",0
"67-03-64-23",15,"Large Rise in Prices of Food",2,"Very severe",0,0,0,0,0,0,0,0,0,0,1,0,0,0,0,"","Not at all likely","Not at all likely","Not at all likely",0
"34-93-29-30",15,"Large Rise in Prices of Food",1,"Severe",0,0,1,0,0,0,2,0,0,0,0,0,0,0,0,"","Not at all likely","Not at all likely","Very  likely",0
"74-55-51-40",7,"Drought or Extended Period of No Rain",7,"Very severe",0,0,1,0,0,0,0,0,0,0,0,0,0,0,0,"","Not at all likely","Not at all likely","Not at all likely",0
"74-55-51-40",9,"Crop Failure",2,"Very severe",0,0,1,0,0,0,0,0,0,0,0,0,0,0,0,"","Not at all likely","Not at all likely","Not at all likely",0
"74-55-51-40",11,"Livestock Theft(IncludingRaids)",4,"Severe",0,0,1,0,0,0,0,0,0,0,0,0,0,0,0,"","Not at all likely","Not at all likely","Not at all likely",0
"74-55-51-40",15,"Large Rise in Prices of Food",3,"Severe",0,0,1,0,0,0,0,0,0,0,0,0,0,0,0,"","Not at all likely","Not at all likely","Not at all likely",0
"64-62-65-29",1,"Chronicor Severe Illnessor Accident of a Household Member",5,"Very severe",2,0,0,0,0,0,0,1,0,0,0,0,0,0,0,"","Not at all likely","Not at all likely","Not at all likely",0
"64-62-65-29",7,"Drought or Extended Period of No Rain",1,"Severe",0,0,0,0,0,0,0,0,0,0,0,1,0,2,0,"","Not very likely","Not at all likely","Not very likely",0
"64-62-65-29",9,"Crop Failure",1,"Severe",0,0,1,0,0,0,0,0,0,0,0,0,0,0,0,"","Not at all likely","Not at all likely","Not at all likely",0
"64-62-65-29",10,"Livestock Disease/Death",2,"Very severe",0,0,0,0,0,0,0,0,0,0,0,0,1,0,0,"","Not very likely","Not at all likely","Not at all likely",0
"64-62-65-29",14,"Large Fall in Sale Prices for Cropsand or Livestock",3,"Severe",0,0,0,0,0,0,0,0,0,0,0,0,0,1,0,"","Not very likely","Not at all likely","Not at all likely",0
"64-62-65-29",15,"Large Rise in Prices of Food",5,"Very severe",0,0,1,0,0,0,0,0,0,0,0,0,0,2,0,"","Not at all likely","Not at all likely","Not at all likely",0
"30-54-31-50",7,"Drought or Extended Period of No Rain",8,"Very severe",0,0,1,0,0,0,0,0,0,0,0,0,0,0,0,"","Not at all likely","Not at all likely","Not at all likely",0
"30-54-31-50",9,"Crop Failure",2,"Very severe",0,0,1,0,0,0,0,0,0,0,2,0,0,0,0,"","Not at all likely","Not at all likely","Not at all likely",0
"30-54-31-50",15,"Large Rise in Prices of Food",2,"Severe",0,0,1,0,0,0,0,0,0,0,0,0,0,0,0,"","Not at all likely","Not at all likely","Not at all likely",0
"42-02-08-83",5,"Robbery/Burglary",1,"Severe",0,0,0,0,0,0,0,0,0,0,0,0,0,1,0,"","Not very likely","Not very likely","Not very likely",0
"42-02-08-83",7,"Drought or Extended Period of No Rain",9,"Very severe",0,1,0,0,0,0,0,0,0,0,0,0,0,0,0,"","Not very likely","Not very likely","Not very likely",0
"42-02-08-83",9,"Crop Failure",1,"Very severe",0,0,0,0,0,0,0,0,0,0,0,0,0,1,0,"","Not very likely","Not very likely","Not very likely",0
"42-02-08-83",15,"Large Rise in Prices of Food",10,"Very severe",0,1,0,0,0,0,0,0,0,0,0,0,0,0,0,"","Not very likely","Not very likely","Not very likely",0
"04-71-60-91",15,"Large Rise in Prices of Food",3,"Very severe",0,0,1,0,0,0,0,0,0,0,0,0,0,0,0,"","Not at all likely","Not at all likely","Not at all likely",0
"37-15-67-95",7,"Drought or Extended Period of No Rain",10,"Very severe",0,0,1,0,0,0,0,0,0,0,2,0,0,0,0,"","Not at all likely","Not at all likely","Not at all likely",0
"37-15-67-95",9,"Crop Failure",2,"Very severe",0,0,1,0,0,0,0,0,0,0,2,0,0,0,0,"","Not at all likely","Not at all likely","Not at all likely",0
"37-15-67-95",15,"Large Rise in Prices of Food",3,"Very severe",0,0,0,0,0,0,0,0,0,0,1,0,0,0,0,"","Not at all likely","Not at all likely","Not at all likely",0
"42-23-71-10",7,"Drought or Extended Period of No Rain",2,"Very severe",1,0,2,0,0,0,0,0,0,0,0,0,0,0,0,"","Not at all likely","Not at all likely","Not at all likely",0
"42-23-71-10",15,"Large Rise in Prices of Food",6,"Very severe",1,0,2,0,0,0,0,0,0,0,0,0,0,0,0,"","Not at all likely","Not at all likely","Not at all likely",0
"50-11-26-74",1,"Chronicor Severe Illnessor Accident of a Household Member",1,"Severe",0,0,0,0,0,0,0,0,0,0,1,0,0,0,0,"","Not very likely","Not very likely","Very  likely",0
"50-11-26-74",14,"Large Fall in Sale Prices for Cropsand or Livestock",1,"Severe",0,0,0,0,0,0,0,0,0,0,1,0,0,0,0,"","Not very likely","Not very likely","Very  likely",0
"50-11-26-74",15,"Large Rise in Prices of Food",1,"Severe",0,0,0,0,0,0,0,0,0,0,1,0,0,0,0,"","Not very likely","Not very likely","Very  likely",0
"41-04-96-60",7,"Drought or Extended Period of No Rain",1,"Severe",0,0,0,0,0,0,0,0,0,0,2,1,0,0,0,"","Not at all likely","Not at all likely","Very  likely",0
"41-04-96-60",9,"Crop Failure",1,"Severe",0,0,0,0,0,0,0,0,0,0,1,0,0,2,0,"","Not at all likely","Not at all likely","Very  likely",0
"41-04-96-60",10,"Livestock Disease/Death",1,"Severe",0,0,0,0,0,0,0,0,0,0,1,0,0,2,0,"","Not at all likely","Not at all likely","Very  likely",0
"41-04-96-60",15,"Large Rise in Prices of Food",2,"Severe",0,0,2,0,0,0,0,0,0,0,0,0,0,1,0,"","Not at all likely","Not at all likely","Very  likely",0
"57-81-30-05",9,"Crop Failure",1,"Very severe",1,0,2,0,0,0,0,0,0,0,0,0,0,0,0,"","Not very likely","Not very likely","Very  likely",0
"88-77-78-80",7,"Drought or Extended Period of No Rain",11,"Very severe",0,0,1,0,0,0,0,0,0,0,0,0,0,0,0,"","Not at all likely","Not at all likely","Not at all likely",0
"88-77-78-80",9,"Crop Failure",1,"Very severe",0,0,1,0,0,0,0,0,0,0,2,0,0,0,0,"","Not at all likely","Not at all likely","Not at all likely",0
"88-77-78-80",15,"Large Rise in Prices of Food",3,"Very severe",0,0,1,0,0,0,0,0,0,0,0,0,0,0,0,"","Not at all likely","Not at all likely","Not at all likely",0
"50-74-95-60",4,"Fire on Property",1,"Very severe",1,0,0,0,0,0,0,0,0,0,2,0,0,0,0,"","Not at all likely","Not at all likely","Not at all likely",0
"50-74-95-60",7,"Drought or Extended Period of No Rain",1,"Very severe",0,1,0,0,0,0,0,0,0,0,0,0,0,0,0,"","Not very likely","Not at all likely","Not at all likely",0
"50-74-95-60",9,"Crop Failure",2,"Severe",0,0,1,0,0,0,0,0,0,0,0,0,0,0,0,"","Not very likely","Not at all likely","Not at all likely",0
"50-74-95-60",14,"Large Fall in Sale Prices for Cropsand or Livestock",3,"Severe",0,0,0,0,0,0,0,0,0,0,0,0,0,1,0,"","Not very likely","Not very likely","Not at all likely",0
"50-74-95-60",15,"Large Rise in Prices of Food",5,"Very severe",0,0,1,0,0,0,0,0,0,0,0,0,0,0,0,"","Not very likely","Not at all likely","Not at all likely",0
"99-69-07-36",15,"Large Rise in Prices of Food",1,"Severe",0,0,1,0,0,0,0,0,0,0,0,0,0,0,0,"","Not at all likely","Not at all likely","Very  likely",0
"94-52-87-82",7,"Drought or Extended Period of No Rain",9,"Very severe",0,2,0,0,0,0,0,0,0,0,1,0,0,0,0,"","Not very likely","Not very likely","Not very likely",0
"94-52-87-82",10,"Livestock Disease/Death",4,"Very severe",0,0,0,0,0,0,0,0,0,0,0,0,0,1,0,"","Not very likely","Not very likely","Not very likely",0
"94-52-87-82",15,"Large Rise in Prices of Food",10,"Very severe",0,0,0,0,0,0,0,0,0,0,1,0,0,0,0,"","Not very likely","Not at all likely","Not very likely",0
"36-65-12-21",1,"Chronicor Severe Illnessor Accident of a Household Member",1,"Mild",1,0,0,0,0,0,0,0,0,0,0,0,0,0,0,"","Not very likely","Not very likely","Not very likely",0
"36-65-12-21",15,"Large Rise in Prices of Food",3,"Very severe",1,0,2,0,0,0,0,0,0,0,0,0,0,0,0,"","Not very likely","Not very likely","Not very likely",0
"97-41-99-18",7,"Drought or Extended Period of No Rain",10,"Very severe",0,0,1,0,0,0,0,0,0,0,0,0,0,0,2,"casual jobs","Not at all likely","Not at all likely","Not at all likely",0
"97-41-99-18",15,"Large Rise in Prices of Food",3,"Very severe",1,0,0,0,0,0,0,0,0,0,0,0,0,0,0,"","Not at all likely","Not at all likely","Not at all likely",0
"97-41-99-18",18,"End of Regular Assistance(E.g.Pension,CashTransfer,Remittances)from Outside the Household",1,"Very severe",1,0,0,0,0,0,0,0,0,0,0,0,0,0,0,"","Not at all likely","Not at all likely","Not at all likely",0
"90-57-88-40",7,"Drought or Extended Period of No Rain",10,"Very severe",0,0,1,0,0,0,0,0,0,0,0,0,0,0,0,"","Not at all likely","Not at all likely","Not at all likely",0
"90-57-88-40",15,"Large Rise in Prices of Food",5,"Very severe",0,0,1,0,0,0,0,0,0,0,0,0,0,0,0,"","Not at all likely","Not at all likely","Not at all likely",0
"38-86-39-27",2,"Death of a Household Member",1,"Severe",1,0,0,0,0,0,0,0,0,0,0,0,0,0,0,"","Not very likely","Not very likely","Very  likely",0
"03-07-08-19",1,"Chronicor Severe Illnessor Accident of a Household Member",1,"Very severe",0,0,0,0,0,0,0,0,0,0,1,0,0,0,0,"","Not very likely","Not at all likely","Not very likely",0
"03-07-08-19",7,"Drought or Extended Period of No Rain",9,"Very severe",0,0,0,0,0,0,0,0,0,0,1,0,0,0,0,"","Not very likely","Not at all likely","Not very likely",0
"03-07-08-19",9,"Crop Failure",1,"Very severe",0,0,0,0,0,0,0,0,0,0,0,0,0,1,0,"","Not very likely","Not very likely","Not very likely",0
"03-07-08-19",10,"Livestock Disease/Death",15,"Very severe",0,0,0,0,0,0,0,0,0,0,0,0,0,1,0,"","Not very likely","Not at all likely","Not very likely",0
"03-07-08-19",15,"Large Rise in Prices of Food",10,"Very severe",0,0,0,0,0,0,0,0,0,0,1,0,0,0,0,"","Not very likely","Not at all likely","Not very likely",0
"72-39-10-40",7,"Drought or Extended Period of No Rain",1,"Very severe",0,0,0,0,0,0,0,0,0,0,0,1,0,0,0,"","Not at all likely","Not at all likely","Very  likely",0
"72-39-10-40",9,"Crop Failure",2,"Severe",0,0,0,0,0,0,0,0,0,0,0,0,0,1,0,"","Not at all likely","Not at all likely","Very  likely",0
"72-39-10-40",10,"Livestock Disease/Death",2,"Severe",0,0,0,0,0,0,0,0,0,0,0,0,0,1,0,"","Not at all likely","Not at all likely","Very  likely",0
"72-39-10-40",14,"Large Fall in Sale Prices for Cropsand or Livestock",1,"Severe",0,0,0,0,0,0,0,0,0,0,1,0,0,0,0,"","Not at all likely","Not at all likely","Very  likely",0
"72-39-10-40",15,"Large Rise in Prices of Food",1,"Severe",0,0,0,0,0,0,0,0,0,0,1,0,0,0,0,"","Not at all likely","Not at all likely","Very  likely",0
"20-64-53-81",9,"Crop Failure",3,"Very severe",0,0,1,0,0,0,0,0,0,0,0,0,0,0,0,"","Not at all likely","Not at all likely","Not at all likely",0
"20-64-53-81",10,"Livestock Disease/Death",2,"Very severe",0,0,1,0,0,0,0,0,0,0,0,0,0,0,0,"","Not at all likely","Not at all likely","Not at all likely",0
"20-64-53-81",16,"Large Rise in Prices of Agricultural Inputs(E.g.Agrochemicals,Machinery,HiredLabour)",3,"Very severe",0,0,1,0,0,0,0,0,0,0,0,0,0,0,0,"","Not at all likely","Not at all likely","Not at all likely",0
"64-24-49-94",7,"Drought or Extended Period of No Rain",10,"Very severe",0,0,1,0,0,0,0,0,0,0,0,0,0,0,0,"","Not at all likely","Not at all likely","Not very likely",0
"64-24-49-94",9,"Crop Failure",3,"Very severe",0,0,1,0,0,0,0,0,0,0,2,0,0,0,0,"","Not at all likely","Not at all likely","Not at all likely",0
"64-24-49-94",10,"Livestock Disease/Death",5,"Very severe",1,0,0,0,0,0,0,0,0,0,0,0,0,0,0,"","Not at all likely","Not at all likely","Not at all likely",0
"64-24-49-94",15,"Large Rise in Prices of Food",2,"Very severe",0,0,1,0,0,0,0,0,0,0,2,0,0,0,0,"","Not at all likely","Not at all likely","Not at all likely",0
"84-08-92-59",1,"Chronicor Severe Illnessor Accident of a Household Member",1,"Very severe",0,0,1,0,0,0,0,0,0,0,0,0,0,0,0,"","Not at all likely","Not at all likely","Not at all likely",0
"84-08-92-59",7,"Drought or Extended Period of No Rain",10,"Very severe",0,0,1,0,0,0,0,0,0,0,0,0,0,0,0,"","Not at all likely","Not at all likely","Not at all likely",0
"84-08-92-59",9,"Crop Failure",2,"Very severe",0,0,1,0,0,0,0,0,0,0,2,0,0,0,0,"","Not at all likely","Not at all likely","Not at all likely",0
"84-08-92-59",10,"Livestock Disease/Death",1,"Very severe",0,0,1,0,0,0,0,0,0,0,0,0,0,0,0,"","Not at all likely","Not at all likely","Not at all likely",0
"84-08-92-59",11,"Livestock Theft(IncludingRaids)",1,"Very severe",0,0,0,0,0,0,0,0,0,0,0,0,1,0,0,"","Not at all likely","Not at all likely","Not at all likely",0
"84-08-92-59",15,"Large Rise in Prices of Food",3,"Very severe",0,0,1,0,0,0,0,0,0,0,0,0,0,0,0,"","Not at all likely","Not at all likely","Not at all likely",0
"80-92-01-63",7,"Drought or Extended Period of No Rain",2,"Very severe",1,0,0,0,0,0,0,0,0,0,0,0,0,0,0,"","Not at all likely","Not at all likely","Not at all likely",0
"80-92-01-63",15,"Large Rise in Prices of Food",2,"Very severe",1,0,0,0,0,0,0,0,0,0,0,0,0,0,0,"","Not at all likely","Not at all likely","Not at all likely",0
"12-81-58-78",9,"Crop Failure",2,"Severe",0,0,0,0,0,0,0,0,0,0,0,0,0,1,0,"","Not very likely","Not very likely","Very  likely",0
"12-81-58-78",10,"Livestock Disease/Death",10,"Severe",0,0,0,0,0,0,0,0,0,0,0,0,0,1,0,"","Not very likely","Not very likely","Very  likely",0
"12-81-58-78",14,"Large Fall in Sale Prices for Cropsand or Livestock",1,"Severe",0,0,0,0,0,0,0,0,0,0,1,0,0,0,0,"","Not at all likely","Not at all likely","Very  likely",0
"12-81-58-78",15,"Large Rise in Prices of Food",1,"Severe",0,0,1,0,0,0,0,0,0,0,2,0,0,0,0,"","Not very likely","Not very likely","Very  likely",0
"07-91-23-12",15,"Large Rise in Prices of Food",1,"Very severe",1,0,0,0,0,0,0,0,0,0,0,0,0,0,0,"","Not at all likely","Not at all likely","Not at all likely",0
"46-43-23-18",7,"Drought or Extended Period of No Rain",2,"Severe",1,0,2,0,0,0,0,0,0,0,3,0,0,0,0,"","Not at all likely","Not at all likely","Not at all likely",0
"46-43-23-18",10,"Livestock Disease/Death",5,"Very severe",0,0,0,0,0,0,0,0,0,0,0,0,0,1,0,"","Not at all likely","Not at all likely","Not at all likely",0
"46-43-23-18",15,"Large Rise in Prices of Food",2,"Severe",0,0,1,0,0,0,0,0,0,0,2,0,0,0,0,"","Not at all likely","Not at all likely","Not at all likely",0
"48-70-52-60",7,"Drought or Extended Period of No Rain",3,"Very severe",0,0,0,0,0,0,0,0,0,0,1,0,0,0,0,"","Not very likely","Not very likely","Very  likely",0
"48-70-52-60",10,"Livestock Disease/Death",5,"Severe",0,0,0,0,2,0,0,0,0,0,1,0,0,0,0,"","Not at all likely","Not at all likely","Not very likely",0
"48-70-52-60",15,"Large Rise in Prices of Food",6,"Severe",0,0,0,0,0,0,0,0,0,0,1,0,0,0,2,"grow vegetables","Not very likely","Not very likely","Very  likely",0
"64-66-30-53",10,"Livestock Disease/Death",1,"Mild",0,0,0,0,0,0,0,0,0,0,0,0,0,1,0,"","Not at all likely","Not at all likely","Not at all likely",0
"64-66-30-53",15,"Large Rise in Prices of Food",3,"Very severe",0,0,1,0,0,0,0,0,0,0,0,0,0,0,0,"","Not at all likely","Not very likely","Not very likely",0
"07-19-59-75",8,"Floods",2,"Very severe",0,0,0,0,0,1,0,0,0,0,0,0,0,0,0,"","Not at all likely","Not at all likely","Not at all likely",0
"07-19-59-75",15,"Large Rise in Prices of Food",1,"Very severe",1,0,0,0,0,0,0,0,0,0,0,0,0,0,0,"","Not at all likely","Not at all likely","Not at all likely",0
"03-69-84-05",7,"Drought or Extended Period of No Rain",1,"Very severe",0,0,1,0,2,0,0,0,0,0,0,0,0,0,0,"","Not at all likely","Not at all likely","Extremely likely",0
"03-69-84-05",9,"Crop Failure",1,"Very severe",0,0,1,0,0,0,0,0,0,0,0,0,0,0,0,"","Not at all likely","Not at all likely","Extremely likely",0
"03-69-84-05",15,"Large Rise in Prices of Food",1,"Very severe",0,2,1,0,0,0,0,0,0,0,3,0,0,0,0,"","Not at all likely","Not at all likely","Extremely likely",0
"03-69-84-05",16,"Large Rise in Prices of Agricultural Inputs(E.g.Agrochemicals,Machinery,HiredLabour)",1,"Very severe",0,0,0,0,0,0,0,0,0,0,1,0,0,0,0,"","Not at all likely","Not at all likely","Extremely likely",0
"55-07-48-89",1,"Chronicor Severe Illnessor Accident of a Household Member",5,"Very severe",2,0,0,0,0,0,0,0,0,0,1,0,0,0,0,"","Not at all likely","Not at all likely","Not at all likely",0
"55-07-48-89",7,"Drought or Extended Period of No Rain",1,"Very severe",0,0,0,0,0,0,0,0,0,0,0,1,0,0,0,"","Not very likely","Not at all likely","Not at all likely",0
"55-07-48-89",14,"Large Fall in Sale Prices for Cropsand or Livestock",3,"Severe",0,0,0,0,0,0,0,0,0,0,0,0,0,1,0,"","Not at all likely","Not at all likely","Not at all likely",0
"55-07-48-89",15,"Large Rise in Prices of Food",10,"Very severe",0,2,1,0,0,0,0,0,0,0,0,0,0,0,0,"","Not at all likely","Not at all likely","Not at all likely",0
"01-15-12-42",7,"Drought or Extended Period of No Rain",10,"Very severe",0,0,1,0,0,0,0,0,0,0,2,0,0,0,0,"","Not at all likely","Not at all likely","Not at all likely",0
"01-15-12-42",9,"Crop Failure",2,"Very severe",0,0,1,0,0,0,0,0,0,0,2,0,0,0,0,"","Not at all likely","Not at all likely","Not at all likely",0
"01-15-12-42",10,"Livestock Disease/Death",1,"Very severe",0,0,1,0,0,0,0,0,0,0,0,0,0,0,0,"","Not at all likely","Not at all likely","Not at all likely",0
"01-15-12-42",15,"Large Rise in Prices of Food",3,"Very severe",0,0,1,0,0,0,0,0,0,0,2,0,0,0,0,"","Not at all likely","Not at all likely","Not at all likely",0
"01-15-12-42",18,"End of Regular Assistance(E.g.Pension,CashTransfer,Remittances)from Outside the Household",1,"Very severe",0,0,1,0,0,0,0,0,0,0,0,0,0,0,0,"","Not at all likely","Not at all likely","Not at all likely",0
"99-30-86-99",7,"Drought or Extended Period of No Rain",2,"Very severe",0,0,1,0,0,0,0,0,0,0,0,0,0,0,0,"","Not at all likely","Not at all likely","Very  likely",0
"99-30-86-99",9,"Crop Failure",2,"Severe",0,0,0,0,0,0,0,0,0,0,1,0,0,0,0,"","Not at all likely","Not at all likely","Very  likely",0
"99-30-86-99",14,"Large Fall in Sale Prices for Cropsand or Livestock",1,"Severe",0,0,0,0,0,0,0,0,0,0,1,0,0,0,0,"","Not at all likely","Not at all likely","Very  likely",0
"99-30-86-99",15,"Large Rise in Prices of Food",1,"Severe",0,0,0,0,0,0,0,0,0,0,1,0,0,0,0,"","Not at all likely","Not at all likely","Very  likely",0
"43-03-84-96",7,"Drought or Extended Period of No Rain",1,"Very severe",0,1,2,0,3,0,0,0,0,0,0,0,0,0,0,"","Not at all likely","Not at all likely","Not at all likely",0
"43-03-84-96",15,"Large Rise in Prices of Food",1,"Very severe",0,1,2,0,3,0,0,0,0,0,0,0,0,0,0,"","Not at all likely","Not at all likely","Extremely likely",0
"16-96-89-30",7,"Drought or Extended Period of No Rain",2,"Very severe",0,0,1,0,0,0,0,0,0,0,0,0,0,0,0,"","Not at all likely","Not at all likely","Not at all likely",0
"16-96-89-30",9,"Crop Failure",1,"Very severe",0,0,1,0,0,0,2,0,0,0,0,0,0,0,0,"","Not at all likely","Not at all likely","Not at all likely",0
"16-96-89-30",10,"Livestock Disease/Death",5,"Very severe",0,0,0,0,0,0,0,0,0,0,0,0,0,1,0,"","Not at all likely","Not at all likely","Not at all likely",0
"16-96-89-30",15,"Large Rise in Prices of Food",3,"Very severe",0,0,1,0,0,0,0,0,0,0,2,0,0,0,0,"","Not at all likely","Not at all likely","Not at all likely",0
"16-96-89-30",16,"Large Rise in Prices of Agricultural Inputs(E.g.Agrochemicals,Machinery,HiredLabour)",1,"Mild",0,0,0,0,0,0,0,0,0,0,1,0,0,0,0,"","Not at all likely","Not at all likely","Not at all likely",0
"26-40-62-78",9,"Crop Failure",2,"Very severe",1,0,0,0,0,0,0,0,0,0,0,0,0,0,0,"","Not very likely","Very  likely","Not very likely",0
"45-82-95-63",7,"Drought or Extended Period of No Rain",1,"Very severe",0,0,1,0,2,0,0,0,0,0,0,0,0,0,0,"","Not at all likely","Not at all likely","Extremely likely",0
"45-82-95-63",15,"Large Rise in Prices of Food",1,"Very severe",0,0,1,0,2,0,0,0,0,0,0,0,0,0,0,"","Not at all likely","Not at all likely","Extremely likely",0
"45-82-95-63",16,"Large Rise in Prices of Agricultural Inputs(E.g.Agrochemicals,Machinery,HiredLabour)",1,"Very severe",0,0,0,0,2,0,0,0,1,0,0,0,0,0,0,"","Not at all likely","Not at all likely","Extremely likely",0
"19-12-89-41",7,"Drought or Extended Period of No Rain",1,"Very severe",0,0,0,0,0,0,0,0,0,0,1,0,0,0,0,"","Not at all likely","Not at all likely","Not at all likely",0
"19-12-89-41",9,"Crop Failure",1,"Very severe",0,0,0,0,0,0,0,0,0,0,1,0,0,0,0,"","Not at all likely","Not at all likely","Not at all likely",0
"19-12-89-41",15,"Large Rise in Prices of Food",1,"Very severe",0,0,0,0,0,0,0,0,0,0,1,0,0,0,0,"","Not at all likely","Not at all likely","Not at all likely",0
"86-61-90-88",1,"Chronicor Severe Illnessor Accident of a Household Member",1,"Very severe",1,0,0,0,0,0,0,0,0,0,0,0,0,0,0,"","Not at all likely","Not at all likely","Very  likely",0
"86-61-90-88",7,"Drought or Extended Period of No Rain",1,"Very severe",0,0,1,0,2,0,0,0,0,0,3,0,0,0,0,"","Not at all likely","Not at all likely","Extremely likely",0
"86-61-90-88",15,"Large Rise in Prices of Food",1,"Very severe",0,0,1,0,2,0,0,0,0,0,3,0,0,0,0,"","Not at all likely","Not at all likely","Extremely likely",0
"86-61-90-88",16,"Large Rise in Prices of Agricultural Inputs(E.g.Agrochemicals,Machinery,HiredLabour)",1,"Very severe",0,0,0,1,0,0,0,0,2,0,0,0,0,0,0,"","Not at all likely","Not at all likely","Extremely likely",0
"38-25-54-65",7,"Drought or Extended Period of No Rain",10,"Very severe",0,0,1,0,0,0,0,0,0,0,2,0,0,0,0,"","Not at all likely","Not at all likely","Not at all likely",0
"38-25-54-65",9,"Crop Failure",2,"Very severe",0,0,1,0,0,0,0,0,0,0,0,0,0,0,0,"","Not at all likely","Not at all likely","Not at all likely",0
"38-25-54-65",10,"Livestock Disease/Death",3,"Very severe",0,0,0,0,0,0,0,0,0,0,0,0,0,1,0,"","Not at all likely","Not at all likely","Not at all likely",0
"38-25-54-65",15,"Large Rise in Prices of Food",2,"Very severe",0,0,1,0,0,0,0,0,0,0,2,0,0,0,0,"","Not at all likely","Not at all likely","Not at all likely",0
"02-81-96-02",7,"Drought or Extended Period of No Rain",1,"Very severe",0,0,0,0,0,0,0,0,0,0,0,0,0,1,0,"","Not at all likely","Not at all likely","Not at all likely",0
"02-81-96-02",9,"Crop Failure",2,"Very severe",0,0,1,0,0,0,0,0,0,0,0,0,0,0,0,"","Not at all likely","Not at all likely","Not at all likely",0
"02-81-96-02",15,"Large Rise in Prices of Food",1,"Very severe",0,0,1,0,0,0,0,0,0,0,0,0,0,0,0,"","Not at all likely","Not at all likely","Not at all likely",0
"54-34-58-95",7,"Drought or Extended Period of No Rain",1,"Very severe",0,1,0,0,0,0,0,0,0,0,0,0,0,0,0,"","Not very likely","Not at all likely","Not at all likely",0
"54-34-58-95",14,"Large Fall in Sale Prices for Cropsand or Livestock",2,"Severe",0,0,0,0,0,0,0,0,0,0,0,0,0,1,0,"","Not at all likely","Not at all likely","Not at all likely",0
"54-34-58-95",15,"Large Rise in Prices of Food",4,"Very severe",0,0,1,0,0,0,0,0,0,0,0,0,0,0,0,"","Not very likely","Not at all likely","Not at all likely",0
"54-34-58-95",16,"Large Rise in Prices of Agricultural Inputs(E.g.Agrochemicals,Machinery,HiredLabour)",1,"Severe",0,0,0,0,0,0,0,0,0,0,0,0,0,1,0,"","Not at all likely","Not at all likely","Not at all likely",0
"76-19-75-88",7,"Drought or Extended Period of No Rain",1,"Severe",0,0,0,0,0,0,0,0,0,0,0,1,0,0,0,"","Not at all likely","Not at all likely","Very  likely",0
"76-19-75-88",9,"Crop Failure",2,"Severe",0,0,0,0,0,0,0,0,0,0,1,0,0,0,0,"","Not at all likely","Not at all likely","Very  likely",0
"76-19-75-88",15,"Large Rise in Prices of Food",1,"Severe",0,0,0,0,0,0,0,0,0,0,0,0,0,1,0,"","Not at all likely","Not at all likely","Very  likely",0
"66-74-73-77",15,"Large Rise in Prices of Food",2,"Severe",0,0,2,0,0,0,0,0,0,0,1,0,0,0,0,"","Not at all likely","Not at all likely","Very  likely",0
"08-37-41-83",7,"Drought or Extended Period of No Rain",3,"Very severe",0,0,0,0,0,0,0,0,0,0,1,0,0,0,0,"","Not very likely","Not at all likely","Extremely likely",0
"08-37-41-83",10,"Livestock Disease/Death",3,"Severe",0,0,0,0,0,0,0,0,0,0,1,0,0,0,0,"","Not at all likely","Not at all likely","Extremely likely",0
"08-37-41-83",11,"Livestock Theft(IncludingRaids)",2,"Very severe",0,0,0,0,0,0,0,0,0,0,0,1,0,0,0,"","Not at all likely","Not at all likely","Extremely likely",0
"68-02-84-17",7,"Drought or Extended Period of No Rain",1,"Severe",0,0,0,0,0,0,0,0,0,0,0,1,0,0,0,"","Not very likely","Not at all likely","Not very likely",0
"68-02-84-17",9,"Crop Failure",1,"Very severe",0,0,1,0,0,0,0,0,0,0,2,0,0,0,0,"","Not very likely","Not at all likely","Not at all likely",0
"68-02-84-17",11,"Livestock Theft(IncludingRaids)",1,"Severe",0,0,0,0,0,0,0,0,0,0,0,0,1,0,0,"","Not at all likely","Not very likely","Not very likely",0
"68-02-84-17",14,"Large Fall in Sale Prices for Cropsand or Livestock",3,"Severe",0,0,0,0,0,0,0,0,0,0,0,0,0,1,0,"","Not very likely","Not at all likely","Not at all likely",0
"68-02-84-17",15,"Large Rise in Prices of Food",5,"Very severe",0,0,1,0,0,0,0,0,0,0,0,0,0,0,0,"","Not at all likely","Not at all likely","Not very likely",0
"75-80-31-44",1,"Chronicor Severe Illnessor Accident of a Household Member",1,"Severe",1,2,0,0,0,0,0,0,0,0,0,0,0,0,0,"","Not very likely","Not very likely","Not very likely",0
"75-80-31-44",7,"Drought or Extended Period of No Rain",2,"Very severe",0,0,0,0,0,0,0,0,0,0,0,0,0,1,0,"","Not very likely","Not very likely","Very  likely",0
"75-80-31-44",9,"Crop Failure",2,"Very severe",0,0,0,0,0,0,0,0,0,0,0,0,0,1,0,"","Not very likely","Not very likely","Very  likely",0
"75-80-31-44",15,"Large Rise in Prices of Food",3,"Very severe",0,0,1,0,0,0,0,0,0,0,0,0,0,0,0,"","Not very likely","Not very likely","Very  likely",0
"27-87-86-78",6,"Dwelling Damaged",1,"Very severe",1,0,0,0,0,2,0,0,0,0,0,0,0,0,0,"","Not at all likely","Not very likely","Not very likely",0
"27-87-86-78",7,"Drought or Extended Period of No Rain",5,"Very severe",0,0,0,0,1,0,0,0,0,0,0,0,0,0,0,"","Not very likely","Not at all likely","Extremely likely",0
"27-87-86-78",8,"Floods",1,"Very severe",0,0,0,0,0,0,0,0,0,0,0,1,0,0,0,"","Not at all likely","Not at all likely","Extremely likely",0
"69-86-48-74",3,"Household Member Jailed",1,"Very severe",0,0,0,0,0,0,0,0,0,0,0,0,1,0,0,"","Not at all likely","Not at all likely","Not at all likely",0
"69-86-48-74",15,"Large Rise in Prices of Food",1,"Very severe",1,0,0,0,0,0,0,0,0,0,0,0,0,0,0,"","Not at all likely","Not at all likely","Not at all likely",0
"71-45-11-71",7,"Drought or Extended Period of No Rain",2,"Very severe",0,0,1,0,0,0,0,0,0,0,0,0,0,0,0,"","Not at all likely","Not at all likely","Not at all likely",0
"71-45-11-71",9,"Crop Failure",2,"Very severe",0,0,1,0,0,0,0,0,0,0,2,0,0,0,0,"","Not at all likely","Not at all likely","Not at all likely",0
"71-45-11-71",10,"Livestock Disease/Death",10,"Very severe",0,0,0,0,0,0,0,0,0,0,0,0,0,1,0,"","Not very likely","Not at all likely","Not at all likely",0
"71-45-11-71",14,"Large Fall in Sale Prices for Cropsand or Livestock",2,"Very severe",0,0,1,0,0,0,0,0,0,0,2,0,0,0,0,"","Not at all likely","Not at all likely","Not at all likely",0
"71-45-11-71",15,"Large Rise in Prices of Food",3,"Very severe",0,1,0,0,0,0,0,0,0,0,2,0,0,0,0,"","Not at all likely","Not at all likely","Not at all likely",0
"48-20-93-40",9,"Crop Failure",2,"Severe",0,0,2,3,1,0,0,0,0,0,0,0,0,0,0,"","Not at all likely","Not at all likely","Extremely likely",0
"48-20-93-40",10,"Livestock Disease/Death",3,"Severe",0,0,0,0,0,0,0,0,0,0,1,0,0,0,0,"","Not at all likely","Not at all likely","Very  likely",0
"48-20-93-40",15,"Large Rise in Prices of Food",5,"Severe",0,0,1,0,2,0,0,0,0,0,3,0,0,0,0,"","Not very likely","Not very likely","Very  likely",0
"77-28-28-65",7,"Drought or Extended Period of No Rain",2,"Severe",0,0,1,0,0,0,0,0,0,0,2,0,0,0,0,"","Not at all likely","Not at all likely","Very  likely",0
"77-28-28-65",10,"Livestock Disease/Death",2,"Very severe",0,0,2,0,0,0,0,0,0,0,1,0,0,0,0,"","Not at all likely","Not at all likely","Very  likely",0
"77-28-28-65",15,"Large Rise in Prices of Food",1,"Severe",0,0,1,0,0,0,0,0,0,0,0,0,0,2,0,"","Not at all likely","Not at all likely","Very  likely",0
"11-74-52-10",7,"Drought or Extended Period of No Rain",10,"Very severe",0,0,1,0,0,0,0,0,0,0,0,0,0,0,0,"","Not at all likely","Not at all likely","Not at all likely",0
"11-74-52-10",9,"Crop Failure",3,"Very severe",0,0,1,0,0,0,0,0,0,0,0,0,0,0,0,"","Not at all likely","Not at all likely","Not at all likely",0
"11-74-52-10",10,"Livestock Disease/Death",2,"Very severe",0,0,0,0,0,0,0,0,0,0,0,0,0,1,0,"","Not at all likely","Not at all likely","Not at all likely",0
"11-74-52-10",15,"Large Rise in Prices of Food",2,"Very severe",0,0,1,0,0,0,0,0,0,0,2,0,0,0,0,"","Not at all likely","Not at all likely","Not at all likely",0
"18-25-85-30",7,"Drought or Extended Period of No Rain",1,"Very severe",0,0,0,0,0,0,0,0,0,0,0,0,0,1,0,"","Not very likely","Not very likely","Very  likely",0
"18-25-85-30",14,"Large Fall in Sale Prices for Cropsand or Livestock",1,"Very severe",0,0,0,0,0,0,0,0,0,0,1,0,0,0,0,"","Not very likely","Not very likely","Extremely likely",0
"18-25-85-30",15,"Large Rise in Prices of Food",1,"Severe",0,0,1,0,0,0,0,0,0,0,2,0,0,0,0,"","Not very likely","Not very likely","Very  likely",0
"97-74-49-80",7,"Drought or Extended Period of No Rain",11,"Very severe",0,0,1,0,0,0,0,0,0,0,0,0,0,0,2,"relied on wild fruits (Sorich in Pokot language)","Not at all likely","Not at all likely","Not at all likely",0
"97-74-49-80",9,"Crop Failure",2,"Very severe",0,0,0,0,0,0,0,0,0,0,0,0,0,0,1,"relied on wild fruits (Sorich in Pokot language)","Not at all likely","Not at all likely","Not at all likely",0
"97-74-49-80",10,"Livestock Disease/Death",3,"Very severe",0,0,1,0,0,0,0,0,0,0,2,0,0,0,0,"","Not at all likely","Not at all likely","Not at all likely",0
"97-74-49-80",14,"Large Fall in Sale Prices for Cropsand or Livestock",1,"Very severe",0,0,1,0,0,0,0,0,0,0,0,0,0,0,0,"","Not at all likely","Not at all likely","Not at all likely",0
"97-74-49-80",15,"Large Rise in Prices of Food",5,"Very severe",0,0,1,0,0,0,0,0,0,0,2,0,0,0,0,"","Not at all likely","Not at all likely","Not at all likely",0
"65-28-28-23",7,"Drought or Extended Period of No Rain",1,"Very severe",0,0,1,0,2,0,0,0,0,0,0,0,0,0,0,"","Not at all likely","Not at all likely","Extremely likely",0
"65-28-28-23",15,"Large Rise in Prices of Food",1,"Very severe",0,0,1,0,2,0,0,0,0,0,3,0,0,0,0,"","Not at all likely","Not at all likely","Extremely likely",0
"65-28-28-23",16,"Large Rise in Prices of Agricultural Inputs(E.g.Agrochemicals,Machinery,HiredLabour)",1,"Very severe",0,0,0,1,0,0,0,0,2,0,0,0,0,0,0,"","Not at all likely","Not at all likely","Extremely likely",0
"60-02-55-31",7,"Drought or Extended Period of No Rain",2,"Very severe",1,0,0,0,0,0,0,0,0,0,0,0,0,0,0,"","Not at all likely","Not at all likely","Not at all likely",0
"60-02-55-31",15,"Large Rise in Prices of Food",2,"Very severe",1,0,0,0,0,0,0,0,0,0,0,0,0,0,0,"","Not at all likely","Not at all likely","Not at all likely",0
"82-11-02-31",1,"Chronicor Severe Illnessor Accident of a Household Member",2,"Very severe",1,0,0,0,0,0,0,0,0,0,0,0,0,0,0,"","Not at all likely","Not at all likely","Not at all likely",0
"82-11-02-31",2,"Death of a Household Member",1,"Very severe",1,0,0,0,0,0,0,0,0,0,0,0,0,0,0,"","Not at all likely","Not at all likely","Not at all likely",0
"82-11-02-31",7,"Drought or Extended Period of No Rain",10,"Very severe",0,0,1,0,0,0,0,0,0,0,0,0,0,0,0,"","Not at all likely","Not at all likely","Not at all likely",0
"82-11-02-31",9,"Crop Failure",2,"Very severe",0,0,1,0,0,0,0,0,0,0,0,0,0,0,0,"","Not at all likely","Not at all likely","Not at all likely",0
"82-11-02-31",15,"Large Rise in Prices of Food",5,"Very severe",0,0,0,0,0,0,0,0,0,0,0,0,0,1,0,"","Not at all likely","Not at all likely","Not at all likely",0
"57-80-52-25",7,"Drought or Extended Period of No Rain",2,"Very severe",0,0,1,0,0,0,0,0,0,0,2,0,0,0,0,"","Not at all likely","Not at all likely","Not very likely",0
"57-80-52-25",15,"Large Rise in Prices of Food",2,"Severe",0,0,1,0,0,0,0,0,0,0,2,0,0,0,0,"","Not at all likely","Not at all likely","Not at all likely",0
"57-80-52-25",16,"Large Rise in Prices of Agricultural Inputs(E.g.Agrochemicals,Machinery,HiredLabour)",2,"Severe",0,0,0,0,0,0,0,0,0,0,1,0,0,0,0,"","Not at all likely","Not at all likely","Not at all likely",0
"72-15-05-10",7,"Drought or Extended Period of No Rain",2,"Very severe",0,0,1,0,0,0,2,0,0,0,3,0,0,0,0,"","Not at all likely","Not at all likely","Not at all likely",0
"72-15-05-10",9,"Crop Failure",2,"Very severe",0,0,0,0,0,0,0,0,0,0,0,0,0,1,0,"","Not at all likely","Not at all likely","Not at all likely",0
"72-15-05-10",15,"Large Rise in Prices of Food",2,"Very severe",0,0,1,0,0,0,2,0,0,0,3,0,0,0,0,"","Not at all likely","Not at all likely","Not at all likely",0
"74-51-85-05",1,"Chronicor Severe Illnessor Accident of a Household Member",1,"Very severe",0,0,1,0,0,0,0,0,0,0,0,0,0,0,0,"","Not at all likely","Not at all likely","Not at all likely",0
"74-51-85-05",7,"Drought or Extended Period of No Rain",11,"Very severe",0,0,0,0,0,0,0,0,0,0,1,0,0,0,0,"","Not at all likely","Not at all likely","Not at all likely",0
"74-51-85-05",10,"Livestock Disease/Death",3,"Very severe",1,0,0,0,0,0,0,0,0,0,0,0,0,0,0,"","Not at all likely","Not at all likely","Not at all likely",0
"74-51-85-05",15,"Large Rise in Prices of Food",5,"Very severe",0,0,1,0,0,0,0,0,0,0,2,0,0,0,0,"","Not at all likely","Not at all likely","Not at all likely",0
"86-09-61-31",7,"Drought or Extended Period of No Rain",10,"Very severe",0,0,1,0,0,0,0,0,0,0,2,0,0,0,0,"","Not at all likely","Not at all likely","Not at all likely",0
"86-09-61-31",9,"Crop Failure",2,"Very severe",0,0,1,0,0,0,0,0,0,0,2,0,0,0,0,"","Not at all likely","Not at all likely","Not at all likely",0
"86-09-61-31",10,"Livestock Disease/Death",1,"Very severe",1,0,0,0,0,0,0,0,0,0,0,0,0,0,0,"","Not at all likely","Not at all likely","Not at all likely",0
"86-09-61-31",15,"Large Rise in Prices of Food",2,"Very severe",0,0,1,0,0,0,0,0,0,0,2,0,0,0,0,"","Not at all likely","Not at all likely","Not at all likely",0
"46-18-65-43",7,"Drought or Extended Period of No Rain",2,"Very severe",1,0,0,0,0,0,0,0,0,0,0,0,0,0,0,"","Not very likely","Not very likely","Not very likely",0
"04-39-31-02",10,"Livestock Disease/Death",3,"Very severe",0,0,0,0,2,0,0,0,0,0,1,0,0,0,0,"","Not very likely","Not very likely","Very  likely",0
"04-39-31-02",15,"Large Rise in Prices of Food",4,"Very severe",0,0,1,0,0,0,0,0,0,0,2,0,0,0,0,"","Not very likely","Not at all likely","Extremely likely",0
"95-71-10-81",1,"Chronicor Severe Illnessor Accident of a Household Member",2,"Very severe",3,0,0,0,1,0,0,0,0,0,2,0,0,0,0,"","Not at all likely","Not at all likely","Extremely likely",0
"95-71-10-81",7,"Drought or Extended Period of No Rain",5,"Very severe",0,0,2,0,1,0,0,0,0,0,0,0,0,0,0,"","Not very likely","Not at all likely","Very  likely",0
"95-71-10-81",10,"Livestock Disease/Death",4,"Very severe",0,0,0,0,0,0,0,0,0,0,1,0,0,0,0,"","Not at all likely","Very  likely","Extremely likely",0
"95-71-10-81",15,"Large Rise in Prices of Food",5,"Very severe",0,0,1,0,2,0,0,0,0,0,0,0,0,0,0,"","Not very likely","Not at all likely","Extremely likely",0
"12-15-65-08",7,"Drought or Extended Period of No Rain",10,"Very severe",1,0,0,0,0,0,0,0,0,0,0,0,0,0,0,"","Not at all likely","Not at all likely","Not very likely",0
"12-15-65-08",10,"Livestock Disease/Death",2,"Very severe",0,0,0,0,0,0,0,0,0,0,0,0,0,1,0,"","Not at all likely","Not at all likely","Not at all likely",0
"12-15-65-08",15,"Large Rise in Prices of Food",5,"Very severe",0,0,1,0,0,0,0,0,0,0,0,0,0,0,0,"","Not at all likely","Not at all likely","Not at all likely",0
"71-69-40-35",5,"Robbery/Burglary",1,"Very severe",0,0,0,0,0,0,0,0,0,0,0,0,0,1,0,"","Not very likely","Not very likely","Not very likely",0
"71-69-40-35",7,"Drought or Extended Period of No Rain",8,"Very severe",0,0,0,0,0,0,0,0,0,0,1,0,0,0,0,"","Not very likely","Not very likely","Not very likely",0
"71-69-40-35",9,"Crop Failure",1,"Very severe",0,0,0,0,0,0,0,0,0,0,0,0,0,1,0,"","Not very likely","Not very likely","Not very likely",0
"71-69-40-35",10,"Livestock Disease/Death",5,"Very severe",0,0,0,0,0,0,0,0,0,0,0,0,0,1,0,"","Not very likely","Not very likely","Not very likely",0
"71-69-40-35",15,"Large Rise in Prices of Food",11,"Very severe",0,0,0,0,0,0,0,0,0,0,1,0,0,0,0,"","Not very likely","Not very likely","Not very likely",0
"06-79-89-11",2,"Death of a Household Member",1,"Very severe",1,0,0,0,0,0,0,0,0,0,0,0,0,0,0,"","Not very likely","Not very likely","Not very likely",0
"06-79-89-11",7,"Drought or Extended Period of No Rain",2,"Very severe",1,0,0,0,0,0,0,0,0,0,0,0,0,0,0,"","Not very likely","Not very likely","Not very likely",0
"21-46-83-44",1,"Chronicor Severe Illnessor Accident of a Household Member",3,"Very severe",1,0,0,0,0,0,0,0,0,0,0,0,0,0,0,"","Not at all likely","Not at all likely","Not at all likely",0
"21-46-83-44",7,"Drought or Extended Period of No Rain",10,"Very severe",0,0,1,0,0,0,0,0,0,0,0,0,0,0,0,"","Not at all likely","Not at all likely","Not at all likely",0
"21-46-83-44",15,"Large Rise in Prices of Food",4,"Very severe",0,0,1,0,0,0,0,0,0,0,0,0,0,0,0,"","Not at all likely","Not at all likely","Not at all likely",0
"53-46-63-99",7,"Drought or Extended Period of No Rain",1,"Severe",0,0,2,0,0,0,0,0,0,0,1,0,0,0,0,"","Not at all likely","Not at all likely","Very  likely",0
"53-46-63-99",9,"Crop Failure",1,"Severe",0,0,2,0,0,0,0,0,0,0,1,0,0,0,0,"","Not at all likely","Not at all likely","Very  likely",0
"53-46-63-99",15,"Large Rise in Prices of Food",1,"Severe",0,1,0,0,0,0,0,0,0,0,0,0,0,2,0,"","Not at all likely","Not at all likely","Very  likely",0
"92-47-39-90",1,"Chronicor Severe Illnessor Accident of a Household Member",1,"Very severe",0,0,1,0,0,0,0,0,0,0,0,0,0,0,0,"","Not at all likely","Not at all likely","Not at all likely",0
"92-47-39-90",7,"Drought or Extended Period of No Rain",10,"Very severe",0,0,1,0,0,0,0,0,0,0,2,0,0,0,0,"","Not at all likely","Not at all likely","Not at all likely",0
"92-47-39-90",9,"Crop Failure",2,"Very severe",0,0,1,0,0,0,0,0,0,0,0,0,0,0,0,"","Not at all likely","Not at all likely","Not at all likely",0
"92-47-39-90",10,"Livestock Disease/Death",2,"Very severe",0,0,0,0,0,0,0,0,0,0,0,0,0,1,0,"","Not at all likely","Not at all likely","Not at all likely",0
"92-47-39-90",12,"Household Business Failure(Non-Agricultural)",3,"Very severe",0,0,0,0,0,0,0,0,0,0,1,0,0,0,0,"","Not at all likely","Not at all likely","Not at all likely",0
"92-47-39-90",15,"Large Rise in Prices of Food",3,"Very severe",0,0,1,0,0,0,0,0,0,0,2,0,0,0,0,"","Not at all likely","Not at all likely","Not at all likely",0
"92-47-39-90",16,"Large Rise in Prices of Agricultural Inputs(E.g.Agrochemicals,Machinery,HiredLabour)",2,"Severe",0,0,0,0,0,0,0,0,0,0,0,0,0,1,0,"","Not at all likely","Not at all likely","Not at all likely",0
"48-13-13-53",1,"Chronicor Severe Illnessor Accident of a Household Member",1,"Very severe",0,0,0,0,0,0,0,0,0,0,1,0,0,0,0,"","Not very likely","Not very likely","Not very likely",0
"48-13-13-53",7,"Drought or Extended Period of No Rain",9,"Very severe",0,0,0,0,0,0,0,0,0,0,0,0,0,1,0,"","Not very likely","Not very likely","Not very likely",0
"48-13-13-53",9,"Crop Failure",1,"Very severe",0,0,0,0,0,0,0,0,0,0,0,0,0,1,0,"","Not very likely","Not very likely","Not very likely",0
"48-13-13-53",10,"Livestock Disease/Death",2,"Very severe",0,0,0,0,0,0,0,0,0,0,0,0,0,0,1,"Injection of livestock","Not very likely","Not very likely","Not very likely",0
"48-13-13-53",15,"Large Rise in Prices of Food",12,"Very severe",0,0,0,0,0,0,0,0,0,0,1,0,0,0,0,"","Not very likely","Not very likely","Not very likely",0
"22-45-98-08",5,"Robbery/Burglary",3,"Very severe",0,0,0,0,0,0,0,0,0,0,0,0,1,0,0,"","Not very likely","Not very likely","Not very likely",0
"22-45-98-08",7,"Drought or Extended Period of No Rain",9,"Very severe",0,0,1,0,0,0,0,0,0,0,0,0,0,0,0,"","Not very likely","Not very likely","Not very likely",0
"22-45-98-08",15,"Large Rise in Prices of Food",11,"Very severe",1,0,2,0,0,0,0,0,0,0,0,0,0,0,0,"","Not very likely","Not very likely","Not very likely",0
"05-13-82-78",2,"Death of a Household Member",1,"Severe",0,0,0,0,0,0,0,0,0,0,0,0,0,1,0,"","Not at all likely","Not at all likely","Very  likely",0
"05-13-82-78",15,"Large Rise in Prices of Food",1,"Severe",0,0,0,0,0,0,0,0,0,0,0,0,0,1,0,"","Not at all likely","Not at all likely","Very  likely",0
"38-34-24-20",7,"Drought or Extended Period of No Rain",9,"Very severe",0,0,0,0,0,0,0,0,0,0,1,0,0,0,0,"","Not very likely","Not very likely","Not very likely",0
"38-34-24-20",9,"Crop Failure",1,"Very severe",0,0,0,0,0,0,0,0,0,0,0,0,0,1,0,"","Not very likely","Not very likely","Not very likely",0
"38-34-24-20",10,"Livestock Disease/Death",2,"Very severe",0,0,0,0,0,0,0,0,0,0,0,0,0,1,0,"","Not very likely","Not very likely","Not very likely",0
"38-34-24-20",15,"Large Rise in Prices of Food",10,"Very severe",0,0,0,0,0,0,0,0,0,0,1,0,0,0,0,"","Not very likely","Not very likely","Not very likely",0
"95-32-48-88",15,"Large Rise in Prices of Food",1,"Severe",0,0,1,0,0,0,0,0,0,0,0,0,0,0,0,"","Not at all likely","Not at all likely","Very  likely",0
"38-26-85-56",7,"Drought or Extended Period of No Rain",9,"Very severe",0,0,0,0,0,0,0,0,0,0,1,0,0,0,0,"","Not very likely","Not very likely","Not very likely",0
"38-26-85-56",9,"Crop Failure",1,"Very severe",0,0,0,0,0,0,0,0,0,0,0,0,0,1,0,"","Not very likely","Not very likely","Not very likely",0
"38-26-85-56",10,"Livestock Disease/Death",18,"Very severe",0,0,0,0,0,0,0,0,0,0,0,0,0,1,0,"","Not very likely","Not very likely","Not very likely",0
"38-26-85-56",15,"Large Rise in Prices of Food",12,"Very severe",0,0,0,0,0,0,0,0,0,0,1,0,0,0,0,"","Not very likely","Not very likely","Not very likely",0
"98-72-74-27",7,"Drought or Extended Period of No Rain",9,"Very severe",2,0,1,0,0,0,0,0,0,0,0,0,0,0,0,"","Not very likely","Not very likely","Not very likely",0
"98-72-74-27",15,"Large Rise in Prices of Food",11,"Very severe",2,0,1,0,0,0,0,0,0,0,0,0,0,0,0,"","Not very likely","Not very likely","Not very likely",0
"71-71-39-84",5,"Robbery/Burglary",1,"Very severe",0,0,0,0,0,0,0,0,0,0,0,0,1,0,0,"","Not very likely","Not very likely","Not very likely",0
"71-71-39-84",7,"Drought or Extended Period of No Rain",9,"Very severe",0,0,0,0,0,0,0,0,0,0,0,0,0,1,0,"","Not very likely","Not very likely","Not very likely",0
"71-71-39-84",9,"Crop Failure",1,"Very severe",0,0,0,0,0,0,0,0,0,0,0,0,0,1,0,"","Not very likely","Not very likely","Not very likely",0
"71-71-39-84",10,"Livestock Disease/Death",30,"Very severe",0,0,0,0,0,0,0,0,0,0,0,0,0,1,0,"","Not very likely","Not very likely","Not very likely",0
"71-71-39-84",15,"Large Rise in Prices of Food",10,"Very severe",0,0,0,0,0,0,0,0,0,0,1,0,0,0,0,"","Not very likely","Not very likely","Not very likely",0
"22-94-31-61",7,"Drought or Extended Period of No Rain",3,"Very severe",0,0,1,0,0,0,0,0,0,0,2,0,0,0,0,"","Not at all likely","Not at all likely","Not at all likely",0
"22-94-31-61",10,"Livestock Disease/Death",5,"Very severe",1,0,0,0,0,0,0,0,0,0,0,0,0,0,0,"","Not at all likely","Not at all likely","Not at all likely",0
"22-94-31-61",14,"Large Fall in Sale Prices for Cropsand or Livestock",1,"Very severe",0,0,1,0,0,0,0,0,0,0,0,0,0,0,0,"","Not at all likely","Not at all likely","Not at all likely",0
"22-94-31-61",15,"Large Rise in Prices of Food",1,"Very severe",0,0,1,0,0,0,0,0,0,0,0,0,0,0,0,"","Not at all likely","Not at all likely","Not at all likely",0
"22-94-31-61",18,"End of Regular Assistance(E.g.Pension,CashTransfer,Remittances)from Outside the Household",1,"Very severe",0,0,1,0,0,0,0,0,0,0,0,0,0,0,0,"","Not at all likely","Not at all likely","Not at all likely",0
"76-87-83-96",7,"Drought or Extended Period of No Rain",11,"Very severe",0,0,1,0,0,0,0,0,0,0,0,0,0,0,0,"","Not very likely","Not very likely","Not very likely",0
"76-87-83-96",15,"Large Rise in Prices of Food",3,"Very severe",0,0,1,0,0,0,0,0,0,0,0,0,0,0,0,"","Not at all likely","Not at all likely","Not at all likely",0
"76-87-83-96",18,"End of Regular Assistance(E.g.Pension,CashTransfer,Remittances)from Outside the Household",1,"Very severe",0,0,1,0,0,0,0,0,0,0,0,0,0,0,0,"","Not at all likely","Not at all likely","Not at all likely",0
"76-33-66-65",7,"Drought or Extended Period of No Rain",2,"Very severe",1,0,2,0,0,0,0,0,0,0,0,0,0,0,0,"","Not at all likely","Not at all likely","Not at all likely",0
"76-33-66-65",15,"Large Rise in Prices of Food",2,"Very severe",2,0,1,0,0,0,0,0,0,0,0,0,0,0,0,"","Not at all likely","Not at all likely","Not at all likely",0
"20-69-31-32",10,"Livestock Disease/Death",2,"Very severe",0,0,0,0,0,0,0,0,0,0,0,0,0,1,0,"","Not at all likely","Not very likely","Not at all likely",0
"20-69-31-32",15,"Large Rise in Prices of Food",2,"Very severe",1,2,3,0,0,0,0,0,0,0,0,0,0,0,0,"","Not at all likely","Not at all likely","Not at all likely",0
"52-15-60-99",4,"Fire on Property",1,"Very severe",0,0,0,0,0,0,0,0,0,0,0,0,0,1,0,"","Not at all likely","Not at all likely","Very  likely",0
"52-15-60-99",9,"Crop Failure",1,"Severe",0,0,0,0,0,0,0,0,0,0,1,0,0,0,0,"","Not at all likely","Not at all likely","Very  likely",0
"52-15-60-99",14,"Large Fall in Sale Prices for Cropsand or Livestock",1,"Severe",0,0,0,0,0,0,0,0,0,0,1,0,0,0,0,"","Not at all likely","Not at all likely","Very  likely",0
"52-15-60-99",15,"Large Rise in Prices of Food",1,"Severe",0,0,1,0,0,0,0,0,0,0,2,0,0,0,0,"","Not at all likely","Not at all likely","Very  likely",0
"52-15-60-99",19,"Ethnic or Clan Clashes",1,"Severe",0,0,0,0,0,0,0,0,0,0,0,1,0,0,0,"","Not at all likely","Not at all likely","Very  likely",0
"82-73-01-57",7,"Drought or Extended Period of No Rain",2,"Very severe",0,0,0,0,0,0,0,0,0,0,0,0,0,1,0,"","Not at all likely","Not at all likely","Not at all likely",0
"82-73-01-57",10,"Livestock Disease/Death",1,"Severe",0,0,0,0,0,0,0,0,0,0,0,0,0,1,0,"","Not at all likely","Not at all likely","Not at all likely",0
"82-73-01-57",15,"Large Rise in Prices of Food",2,"Very severe",0,0,1,0,0,0,0,0,0,0,2,0,0,0,0,"","Not at all likely","Not at all likely","Not at all likely",0
"89-62-46-70",7,"Drought or Extended Period of No Rain",1,"Very severe",0,0,1,2,3,0,0,0,0,0,0,0,0,0,0,"","Not at all likely","Not at all likely","Extremely likely",0
"89-62-46-70",15,"Large Rise in Prices of Food",1,"Very severe",0,0,1,0,2,0,0,0,0,0,0,0,0,0,0,"","Not at all likely","Not at all likely","Extremely likely",0
"89-62-46-70",16,"Large Rise in Prices of Agricultural Inputs(E.g.Agrochemicals,Machinery,HiredLabour)",1,"Very severe",0,0,0,0,1,0,0,0,0,0,2,0,0,0,0,"","Not at all likely","Not at all likely","Extremely likely",0
"54-18-77-83",7,"Drought or Extended Period of No Rain",11,"Very severe",0,0,1,0,0,0,0,0,0,0,0,0,0,0,0,"","Not at all likely","Not at all likely","Not at all likely",0
"54-18-77-83",9,"Crop Failure",2,"Very severe",0,0,1,0,0,0,0,0,0,0,2,0,0,0,0,"","Not at all likely","Not at all likely","Not at all likely",0
"54-18-77-83",10,"Livestock Disease/Death",1,"Very severe",0,0,0,0,0,0,0,0,0,0,0,0,0,1,0,"","Not at all likely","Not at all likely","Not at all likely",0
"54-18-77-83",15,"Large Rise in Prices of Food",3,"Very severe",0,0,1,0,0,0,0,0,0,0,2,0,0,0,0,"","Not at all likely","Not at all likely","Not at all likely",0
"54-86-93-60",7,"Drought or Extended Period of No Rain",1,"Very severe",0,0,1,0,0,0,0,0,0,0,2,0,0,0,0,"","Not at all likely","Not at all likely","Not at all likely",0
"54-86-93-60",10,"Livestock Disease/Death",1,"Very severe",0,0,0,0,0,0,0,0,0,0,0,0,0,1,0,"","Not at all likely","Not at all likely","Not at all likely",0
"33-07-96-51",7,"Drought or Extended Period of No Rain",2,"Severe",0,0,0,0,1,0,0,0,0,0,0,0,0,0,0,"","Not very likely","Not very likely","Very  likely",0
"33-07-96-51",9,"Crop Failure",1,"Very severe",0,0,1,0,3,0,0,0,0,0,2,0,0,0,0,"","Not very likely","Not very likely","Very  likely",0
"33-07-96-51",10,"Livestock Disease/Death",3,"Very severe",0,0,0,0,0,0,0,0,0,0,0,0,0,1,0,"","Not very likely","Not very likely","Very  likely",0
"33-07-96-51",15,"Large Rise in Prices of Food",5,"Severe",0,0,0,0,1,0,0,0,0,0,0,0,0,0,0,"","Not very likely","Not very likely","Very  likely",0
"10-60-87-78",10,"Livestock Disease/Death",2,"Very severe",0,1,0,0,0,0,0,0,0,0,2,0,0,0,0,"","Not at all likely","Not at all likely","Not at all likely",0
"60-37-22-12",10,"Livestock Disease/Death",1,"Very severe",0,0,0,0,0,0,0,0,0,0,0,0,0,1,0,"","Not at all likely","Not at all likely","Very  likely",0
"60-37-22-12",11,"Livestock Theft(IncludingRaids)",1,"Severe",0,0,0,0,0,0,0,0,0,0,0,0,0,1,0,"","Not very likely","Not very likely","Very  likely",0
"60-37-22-12",14,"Large Fall in Sale Prices for Cropsand or Livestock",1,"Severe",0,0,0,0,0,0,0,0,0,0,0,0,0,1,0,"","Not at all likely","Not at all likely","Very  likely",0
"60-37-22-12",15,"Large Rise in Prices of Food",1,"Severe",0,0,0,0,0,0,0,0,0,0,0,0,0,1,0,"","Not at all likely","Not at all likely","Very  likely",0
"65-07-81-76",15,"Large Rise in Prices of Food",1,"Very severe",0,0,0,0,0,0,0,0,0,0,1,0,0,0,0,"","Not very likely","Not very likely","Extremely likely",0
"94-01-94-60",7,"Drought or Extended Period of No Rain",1,"Very severe",0,0,1,0,0,0,0,0,0,0,0,0,0,0,0,"","Not at all likely","Not at all likely","Not at all likely",0
"94-01-94-60",9,"Crop Failure",1,"Very severe",1,0,0,0,0,0,0,0,0,0,0,0,0,0,0,"","Not at all likely","Not at all likely","Not at all likely",0
"94-01-94-60",10,"Livestock Disease/Death",1,"Mild",1,0,0,0,0,0,0,0,0,0,0,0,0,0,0,"","Not at all likely","Not at all likely","Not at all likely",0
"94-01-94-60",15,"Large Rise in Prices of Food",1,"Very severe",1,0,0,0,0,0,0,0,0,0,0,0,0,0,0,"","Not at all likely","Not at all likely","Not at all likely",0
"26-94-35-48",7,"Drought or Extended Period of No Rain",9,"Very severe",0,0,1,0,0,0,0,0,0,0,2,0,0,0,0,"","Not very likely","Not very likely","Not very likely",0
"26-94-35-48",9,"Crop Failure",1,"Very severe",0,0,0,0,0,0,0,0,0,0,0,0,0,1,0,"","Not very likely","Not very likely","Not very likely",0
"26-94-35-48",10,"Livestock Disease/Death",8,"Very severe",0,0,0,0,0,0,0,0,0,0,0,0,0,1,0,"","Not very likely","Not very likely","Not very likely",0
"26-94-35-48",15,"Large Rise in Prices of Food",11,"Very severe",0,0,0,0,0,0,0,0,0,0,1,0,0,0,0,"","Not very likely","Not very likely","Not very likely",0
"34-70-02-31",7,"Drought or Extended Period of No Rain",1,"Severe",2,1,3,0,0,0,0,0,0,0,0,0,0,0,0,"","Not very likely","Not at all likely","Not very likely",0
"34-70-02-31",9,"Crop Failure",1,"Very severe",0,1,2,0,0,0,0,0,0,0,0,0,0,0,0,"","Not very likely","Not at all likely","Not at all likely",0
"34-70-02-31",15,"Large Rise in Prices of Food",3,"Very severe",0,0,2,0,1,0,0,0,0,0,0,0,0,0,0,"","Not at all likely","Not at all likely","Not at all likely",0
"95-85-00-75",7,"Drought or Extended Period of No Rain",1,"Severe",0,0,0,0,0,0,0,0,0,0,0,0,0,1,0,"","Not very likely","Not very likely","Very  likely",0
"95-85-00-75",9,"Crop Failure",2,"Very severe",1,0,0,0,0,0,0,0,0,0,0,0,0,0,0,"","Not very likely","Not very likely","Very  likely",0
"95-85-00-75",15,"Large Rise in Prices of Food",1,"Very severe",1,0,0,0,0,0,0,0,0,0,0,0,0,0,0,"","Not very likely","Not at all likely","Very  likely",0
"41-04-08-56",7,"Drought or Extended Period of No Rain",1,"Severe",0,0,0,0,0,0,0,0,0,0,0,0,0,1,0,"","Not very likely","Not very likely","Very  likely",0
"41-04-08-56",9,"Crop Failure",1,"Severe",0,0,0,0,0,0,0,0,0,0,0,0,0,1,0,"","Not very likely","Not very likely","Very  likely",0
"41-04-08-56",14,"Large Fall in Sale Prices for Cropsand or Livestock",1,"Severe",0,0,0,0,0,0,0,0,0,0,1,0,0,0,0,"","Not very likely","Not very likely","Extremely likely",0
"41-04-08-56",15,"Large Rise in Prices of Food",1,"Severe",0,0,0,0,0,0,0,0,0,0,1,0,0,0,0,"","Not very likely","Not very likely","Very  likely",0
"36-17-00-87",15,"Large Rise in Prices of Food",1,"Very severe",0,0,0,0,0,0,0,0,0,0,1,0,0,0,0,"","Not very likely","Not very likely","Extremely likely",0
"05-33-40-10",15,"Large Rise in Prices of Food",1,"Very severe",1,0,0,0,0,0,0,0,0,0,0,0,0,0,0,"","Not at all likely","Not at all likely","Not at all likely",0
"27-67-11-74",7,"Drought or Extended Period of No Rain",2,"Very severe",0,0,1,0,0,0,0,0,0,0,2,0,0,0,0,"","Not at all likely","Not at all likely","Not at all likely",0
"27-67-11-74",9,"Crop Failure",1,"Very severe",0,0,1,0,0,0,2,0,0,0,3,0,0,0,0,"","Not at all likely","Not at all likely","Not at all likely",0
"27-67-11-74",10,"Livestock Disease/Death",5,"Very severe",0,0,0,0,0,0,0,0,0,0,0,0,0,1,0,"","Not at all likely","Not at all likely","Not at all likely",0
"27-67-11-74",14,"Large Fall in Sale Prices for Cropsand or Livestock",2,"Very severe",0,0,0,0,0,0,0,0,0,0,0,0,0,1,0,"","Not at all likely","Not at all likely","Not at all likely",0
"27-67-11-74",15,"Large Rise in Prices of Food",12,"Very severe",0,0,1,0,0,0,2,0,0,0,0,0,0,0,0,"","Not at all likely","Not at all likely","Not at all likely",0
"42-16-66-43",1,"Chronicor Severe Illnessor Accident of a Household Member",1,"Very severe",3,0,0,0,0,0,1,0,0,0,2,0,0,0,0,"","Not very likely","Not at all likely","Not very likely",0
"42-16-66-43",7,"Drought or Extended Period of No Rain",9,"Very severe",0,0,0,0,0,0,1,0,0,0,0,0,0,0,0,"","Not very likely","Not very likely","Not very likely",0
"42-16-66-43",9,"Crop Failure",1,"Very severe",0,0,0,0,0,0,0,0,0,0,1,0,0,0,0,"","Not very likely","Not very likely","Not very likely",0
"42-16-66-43",10,"Livestock Disease/Death",10,"Very severe",0,0,0,0,0,0,0,0,0,0,0,0,0,1,0,"","Not very likely","Not very likely","Not very likely",0
"42-16-66-43",15,"Large Rise in Prices of Food",11,"Very severe",0,0,0,0,0,0,0,0,0,0,1,0,0,0,0,"","Not very likely","Not very likely","Not very likely",0
"07-13-95-29",1,"Chronicor Severe Illnessor Accident of a Household Member",1,"Severe",0,0,0,0,0,0,0,0,0,0,1,0,0,0,0,"","Not at all likely","Not at all likely","Not at all likely",0
"07-13-95-29",7,"Drought or Extended Period of No Rain",1,"Severe",0,0,0,0,0,0,0,0,0,0,0,1,0,0,0,"","Not very likely","Not at all likely","Very  likely",0
"07-13-95-29",9,"Crop Failure",1,"Severe",0,0,1,0,0,0,0,0,0,0,0,0,0,0,0,"","Not very likely","Not at all likely","Very  likely",0
"07-13-95-29",14,"Large Fall in Sale Prices for Cropsand or Livestock",3,"Severe",0,0,0,0,0,0,0,0,0,0,0,0,0,1,0,"","Not very likely","Not very likely","Not at all likely",0
"07-13-95-29",15,"Large Rise in Prices of Food",5,"Severe",0,0,1,0,0,0,0,0,0,0,0,0,0,0,0,"","Not at all likely","Not at all likely","Not at all likely",0
"96-93-55-42",7,"Drought or Extended Period of No Rain",1,"Very severe",0,0,1,0,0,0,0,0,0,0,0,0,0,0,0,"","Not at all likely","Not at all likely","Not very likely",0
"96-93-55-42",15,"Large Rise in Prices of Food",1,"Very severe",0,0,1,0,0,0,0,0,0,0,0,0,0,0,0,"","Not at all likely","Not at all likely","Extremely likely",0
"35-46-21-62",7,"Drought or Extended Period of No Rain",1,"Very severe",0,0,1,0,2,0,0,0,0,0,3,0,0,0,0,"","Not at all likely","Not at all likely","Extremely likely",0
"35-46-21-62",10,"Livestock Disease/Death",5,"Very severe",0,0,0,0,0,0,0,0,0,0,0,0,0,1,0,"","Not at all likely","Not at all likely","Extremely likely",0
"35-46-21-62",15,"Large Rise in Prices of Food",1,"Very severe",0,0,1,0,2,0,0,0,0,0,3,0,0,0,0,"","Not at all likely","Not at all likely","Not at all likely",0
"40-51-79-00",7,"Drought or Extended Period of No Rain",2,"Very severe",1,0,2,0,0,0,3,0,0,0,4,0,0,0,0,"","Not at all likely","Not at all likely","Not at all likely",0
"40-51-79-00",9,"Crop Failure",2,"Very severe",1,0,2,0,0,0,3,0,0,0,0,0,0,0,0,"","Not at all likely","Not at all likely","Not at all likely",0
"40-51-79-00",10,"Livestock Disease/Death",10,"Very severe",0,0,0,0,0,0,0,0,0,0,0,0,0,1,0,"","Not at all likely","Not very likely","Not at all likely",0
"40-51-79-00",15,"Large Rise in Prices of Food",2,"Severe",1,0,2,0,0,0,3,0,0,0,4,0,0,0,0,"","Not very likely","Not at all likely","Not at all likely",0
"80-05-91-55",14,"Large Fall in Sale Prices for Cropsand or Livestock",1,"Severe",0,0,0,0,0,0,0,0,0,0,1,0,0,0,0,"","Not at all likely","Not at all likely","Very  likely",0
"80-05-91-55",15,"Large Rise in Prices of Food",1,"Severe",0,0,1,0,0,0,0,0,0,0,2,0,0,0,0,"","Not at all likely","Not at all likely","Very  likely",0
"59-22-24-47",10,"Livestock Disease/Death",1,"Severe",0,0,0,0,0,0,0,0,0,0,1,0,0,0,0,"","Not at all likely","Not at all likely","Not at all likely",0
"59-22-24-47",15,"Large Rise in Prices of Food",1,"Severe",0,0,0,0,0,0,0,0,0,0,1,0,0,0,0,"","Not at all likely","Not at all likely","Not at all likely",0
"78-46-05-26",7,"Drought or Extended Period of No Rain",11,"Very severe",0,0,1,0,0,0,0,0,0,0,2,0,0,0,0,"","Not at all likely","Not at all likely","Not at all likely",0
"78-46-05-26",9,"Crop Failure",2,"Very severe",0,0,1,0,0,0,0,0,0,0,2,0,0,0,0,"","Not at all likely","Not at all likely","Not at all likely",0
"78-46-05-26",10,"Livestock Disease/Death",2,"Very severe",0,0,1,0,0,0,0,0,0,0,0,0,0,0,0,"","Not at all likely","Not at all likely","Not at all likely",0
"01-54-87-19",7,"Drought or Extended Period of No Rain",2,"Severe",2,0,1,0,0,0,0,0,0,0,0,0,0,0,0,"","Not very likely","Not at all likely","Very  likely",0
"01-54-87-19",9,"Crop Failure",1,"Severe",0,0,0,2,0,0,0,0,0,0,1,0,0,0,0,"","Not very likely","Not very likely","Not very likely",0
"01-54-87-19",10,"Livestock Disease/Death",3,"Severe",0,0,0,0,0,0,0,0,0,0,1,0,0,0,0,"","Not very likely","Not very likely","Extremely likely",0
"01-54-87-19",15,"Large Rise in Prices of Food",3,"Severe",2,0,1,0,0,0,0,0,0,0,0,0,0,0,0,"","Not very likely","Not very likely","Very  likely",0
"01-54-87-19",96,"Other",1,"Mild",0,0,0,0,0,0,0,0,0,0,0,0,0,1,0,"","Not very likely","Not very likely","Very  likely",0
"21-65-85-03",7,"Drought or Extended Period of No Rain",2,"Very severe",0,1,2,0,0,0,0,0,0,0,3,0,0,0,0,"","Not at all likely","Not at all likely","Not at all likely",0
"21-65-85-03",9,"Crop Failure",2,"Very severe",0,1,2,0,0,0,0,0,0,0,3,0,0,0,0,"","Not at all likely","Not at all likely","Not at all likely",0
"21-65-85-03",10,"Livestock Disease/Death",8,"Very severe",0,0,0,0,0,0,0,0,0,0,0,0,0,1,0,"","Not at all likely","Not at all likely","Not at all likely",0
"21-65-85-03",14,"Large Fall in Sale Prices for Cropsand or Livestock",2,"Very severe",0,0,0,0,0,0,0,0,0,0,1,0,0,0,0,"","Not at all likely","Not at all likely","Not at all likely",0
"21-65-85-03",15,"Large Rise in Prices of Food",3,"Very severe",0,0,1,0,0,0,2,0,0,0,0,0,0,0,0,"","Not at all likely","Not at all likely","Not at all likely",0
"03-81-70-83",1,"Chronicor Severe Illnessor Accident of a Household Member",1,"Very severe",1,0,0,0,0,0,0,0,0,0,0,0,0,0,0,"","Not at all likely","Not at all likely","Not at all likely",0
"03-81-70-83",7,"Drought or Extended Period of No Rain",1,"Severe",0,0,0,1,0,0,0,0,0,0,0,0,0,0,0,"","Not at all likely","Not at all likely","Not very likely",0
"03-81-70-83",9,"Crop Failure",2,"Severe",0,0,1,0,0,0,0,0,0,0,0,0,0,0,0,"","Not very likely","Not at all likely","Not at all likely",0
"03-81-70-83",15,"Large Rise in Prices of Food",9,"Very severe",0,0,1,0,0,0,0,0,0,0,0,0,0,2,0,"","Not at all likely","Not at all likely","Not at all likely",0
"03-81-70-83",16,"Large Rise in Prices of Agricultural Inputs(E.g.Agrochemicals,Machinery,HiredLabour)",1,"Severe",0,0,0,0,1,0,0,0,0,0,0,0,0,0,0,"","Not at all likely","Not at all likely","Not at all likely",0
"22-43-82-01",15,"Large Rise in Prices of Food",1,"Very severe",1,0,0,0,0,0,0,0,0,0,0,0,0,0,0,"","Not at all likely","Not at all likely","Not at all likely",0
"40-89-32-79",7,"Drought or Extended Period of No Rain",2,"Very severe",1,0,2,0,0,0,0,0,0,0,0,0,0,0,0,"","Not at all likely","Not at all likely","Not at all likely",0
"40-89-32-79",10,"Livestock Disease/Death",3,"Very severe",0,0,0,0,0,0,0,0,0,0,0,0,0,1,0,"","Not at all likely","Not at all likely","Not at all likely",0
"40-89-32-79",15,"Large Rise in Prices of Food",2,"Very severe",1,0,2,0,0,0,0,0,0,0,3,0,0,0,0,"","Not at all likely","Not at all likely","Not at all likely",0
"94-65-34-20",7,"Drought or Extended Period of No Rain",9,"Very severe",0,0,1,0,0,0,0,0,0,0,2,0,0,0,0,"","Not very likely","Not very likely","Not very likely",0
"94-65-34-20",9,"Crop Failure",1,"Very severe",0,0,0,0,0,0,0,0,0,0,0,0,0,1,0,"","Not very likely","Not very likely","Not very likely",0
"94-65-34-20",10,"Livestock Disease/Death",10,"Very severe",0,0,0,0,0,0,0,0,0,0,0,0,0,0,1,"Injection of livestock","Not very likely","Not very likely","Not very likely",0
"94-65-34-20",12,"Household Business Failure(Non-Agricultural)",1,"Very severe",0,0,0,0,0,0,0,0,0,0,0,0,0,1,0,"","Not very likely","Not very likely","Not very likely",0
"94-65-34-20",15,"Large Rise in Prices of Food",12,"Very severe",0,0,0,0,0,0,0,0,0,0,1,0,0,0,0,"","Not very likely","Not very likely","Not very likely",0
"17-73-42-21",7,"Drought or Extended Period of No Rain",8,"Very severe",1,0,2,0,0,0,0,0,0,0,0,0,0,0,0,"","Not very likely","Not very likely","Not very likely",0
"17-73-42-21",9,"Crop Failure",1,"Very severe",0,0,0,0,0,0,0,0,0,0,0,0,0,1,0,"","Not very likely","Not very likely","Not very likely",0
"17-73-42-21",15,"Large Rise in Prices of Food",12,"Very severe",1,0,2,0,0,0,0,0,0,0,0,0,0,0,0,"","Not very likely","Not very likely","Not very likely",0
"88-87-27-22",7,"Drought or Extended Period of No Rain",2,"Very severe",0,0,1,0,0,0,0,0,0,0,0,0,0,0,0,"","Not at all likely","Not at all likely","Not at all likely",0
"88-87-27-22",15,"Large Rise in Prices of Food",2,"Very severe",0,0,1,0,0,0,2,0,0,0,0,0,0,0,0,"","Not at all likely","Not at all likely","Not at all likely",0
"17-95-26-62",7,"Drought or Extended Period of No Rain",2,"Very severe",1,0,0,0,0,0,0,0,0,0,0,0,0,0,0,"","Not at all likely","Not at all likely","Not at all likely",0
"86-23-74-18",7,"Drought or Extended Period of No Rain",2,"Very severe",0,0,1,0,0,0,2,0,0,0,3,0,0,0,0,"","Not at all likely","Not at all likely","Not at all likely",0
"86-23-74-18",9,"Crop Failure",2,"Very severe",0,0,1,0,0,0,2,0,0,0,3,0,0,0,0,"","Not at all likely","Not at all likely","Not at all likely",0
"86-23-74-18",10,"Livestock Disease/Death",9,"Very severe",0,0,0,0,0,0,0,0,0,0,0,0,0,1,0,"","Not at all likely","Not at all likely","Not at all likely",0
"86-23-74-18",15,"Large Rise in Prices of Food",2,"Very severe",0,0,1,0,0,0,2,0,0,0,3,0,0,0,0,"","Not at all likely","Not at all likely","Not at all likely",0
"69-47-17-72",15,"Large Rise in Prices of Food",1,"Very severe",0,0,1,0,0,0,0,0,0,0,0,0,0,0,0,"","Not at all likely","Not at all likely","Extremely likely",0
"77-46-09-31",7,"Drought or Extended Period of No Rain",1,"Very severe",0,0,1,0,2,0,0,0,0,0,3,0,0,0,0,"","Not at all likely","Not at all likely","Extremely likely",0
"77-46-09-31",10,"Livestock Disease/Death",8,"Very severe",0,0,0,0,0,0,0,0,0,0,0,0,0,1,0,"","Not at all likely","Not at all likely","Not at all likely",0
"77-46-09-31",15,"Large Rise in Prices of Food",1,"Very severe",0,0,1,0,2,0,0,0,0,0,3,0,0,0,0,"","Not at all likely","Not at all likely","Extremely likely",0
"97-62-36-16",7,"Drought or Extended Period of No Rain",2,"Very severe",0,0,0,0,1,0,0,0,0,0,0,0,0,0,0,"","Not at all likely","Not at all likely","Extremely likely",0
"97-62-36-16",9,"Crop Failure",2,"Very severe",0,0,2,0,1,0,0,0,0,0,0,0,0,0,0,"","Not at all likely","Not at all likely","Extremely likely",0
"39-46-61-12",15,"Large Rise in Prices of Food",1,"Severe",0,0,0,0,0,0,0,0,0,0,1,0,0,0,0,"","Not very likely","Not very likely","Very  likely",0
"51-78-77-10",7,"Drought or Extended Period of No Rain",1,"Very severe",0,0,2,0,1,0,0,0,0,0,0,0,0,0,0,"","Not at all likely","Not at all likely","Extremely likely",0
"51-78-77-10",15,"Large Rise in Prices of Food",1,"Very severe",0,0,1,0,2,0,0,0,0,0,0,0,0,0,0,"","Not at all likely","Not at all likely","Extremely likely",0
"95-19-67-91",9,"Crop Failure",2,"Very severe",0,0,0,0,0,0,0,0,0,0,2,0,0,1,0,"","Not very likely","Not very likely","Very  likely",0
"95-19-67-91",14,"Large Fall in Sale Prices for Cropsand or Livestock",1,"Severe",0,0,0,0,0,0,0,0,0,0,1,0,0,0,0,"","Not very likely","Not very likely","Very  likely",0
"95-19-67-91",15,"Large Rise in Prices of Food",1,"Very severe",0,0,0,0,0,0,0,0,0,0,1,0,0,0,0,"","Not very likely","Not very likely","Very  likely",0
"90-10-35-11",7,"Drought or Extended Period of No Rain",2,"Severe",0,0,0,0,0,0,0,0,0,0,0,1,0,0,0,"","Not very likely","Not at all likely","Not at all likely",0
"90-10-35-11",9,"Crop Failure",2,"Very severe",0,0,1,0,0,0,0,0,0,0,2,0,0,0,0,"","Not at all likely","Not at all likely","Not at all likely",0
"90-10-35-11",10,"Livestock Disease/Death",1,"Very severe",0,0,0,0,0,0,0,0,0,0,0,0,1,0,0,"","Not at all likely","Not at all likely","Not at all likely",0
"90-10-35-11",14,"Large Fall in Sale Prices for Cropsand or Livestock",3,"Very severe",0,0,0,0,0,0,0,0,0,0,0,0,0,1,0,"","Not at all likely","Not at all likely","Not at all likely",0
"90-10-35-11",15,"Large Rise in Prices of Food",8,"Very severe",0,0,1,0,0,0,0,0,0,0,0,0,0,0,0,"","Not very likely","Not at all likely","Very  likely",0
"43-53-25-48",15,"Large Rise in Prices of Food",1,"Very severe",0,0,1,0,0,0,0,0,0,0,0,0,0,0,0,"","Not at all likely","Not at all likely","Very  likely",0
"91-87-02-88",4,"Fire on Property",1,"Very severe",0,0,0,0,0,0,0,0,0,0,0,1,0,0,0,"","Not at all likely","Not at all likely","Very  likely",0
"91-87-02-88",7,"Drought or Extended Period of No Rain",2,"Very severe",0,0,0,0,0,0,0,0,0,0,0,0,0,1,0,"","Not at all likely","Not at all likely","Very  likely",0
"91-87-02-88",9,"Crop Failure",2,"Very severe",0,0,0,0,0,0,0,0,0,0,0,0,0,1,0,"","Not very likely","Not very likely","Very  likely",0
"91-87-02-88",14,"Large Fall in Sale Prices for Cropsand or Livestock",1,"Very severe",0,0,0,0,0,0,0,0,0,0,1,0,0,0,0,"","Not at all likely","Not at all likely","Extremely likely",0
"91-87-02-88",15,"Large Rise in Prices of Food",1,"Severe",0,0,0,0,0,0,0,0,0,0,1,0,0,0,0,"","Not very likely","Not very likely","Very  likely",0
"91-87-02-88",19,"Ethnic or Clan Clashes",1,"Severe",0,0,0,0,0,0,0,0,0,0,0,1,0,0,0,"","Not very likely","Not very likely","Not very likely",0
"54-62-08-69",7,"Drought or Extended Period of No Rain",2,"Very severe",0,0,0,0,0,0,0,0,0,0,1,0,0,0,0,"","Not very likely","Not very likely","Extremely likely",0
"54-62-08-69",9,"Crop Failure",2,"Very severe",0,0,0,2,0,0,0,0,0,0,0,0,0,1,0,"","Not very likely","Not at all likely","Extremely likely",0
"54-62-08-69",10,"Livestock Disease/Death",10,"Severe",0,0,0,0,0,0,0,0,0,0,1,0,0,0,0,"","Not very likely","Not very likely","Very  likely",0
"54-62-08-69",15,"Large Rise in Prices of Food",3,"Severe",0,0,0,0,0,0,0,0,0,0,1,0,0,0,0,"","Not very likely","Not very likely","Not very likely",0
"37-56-30-78",7,"Drought or Extended Period of No Rain",10,"Very severe",0,0,1,0,0,0,0,0,0,0,0,0,0,0,0,"","Not at all likely","Not at all likely","Not at all likely",0
"37-56-30-78",9,"Crop Failure",3,"Very severe",0,0,1,0,0,0,0,0,0,0,0,0,0,0,0,"","Not at all likely","Not at all likely","Not at all likely",0
"37-56-30-78",15,"Large Rise in Prices of Food",2,"Very severe",0,0,1,0,0,0,0,0,0,0,0,0,0,0,0,"","Not at all likely","Not at all likely","Not at all likely",0
"08-23-42-65",9,"Crop Failure",2,"Very severe",0,0,0,0,0,0,0,0,0,0,1,0,0,0,0,"","Not at all likely","Not at all likely","Very  likely",0
"08-23-42-65",14,"Large Fall in Sale Prices for Cropsand or Livestock",1,"Very severe",0,0,0,0,0,0,0,0,0,0,1,0,0,0,0,"","Not at all likely","Not at all likely","Extremely likely",0
"08-23-42-65",15,"Large Rise in Prices of Food",1,"Very severe",0,0,1,0,0,0,0,0,0,0,2,0,0,0,0,"","Not at all likely","Not at all likely","Very  likely",0
"59-85-68-42",7,"Drought or Extended Period of No Rain",1,"Very severe",0,0,1,0,2,0,0,0,0,0,0,0,0,0,0,"","Not at all likely","Not at all likely","Extremely likely",0
"59-85-68-42",10,"Livestock Disease/Death",10,"Very severe",0,0,0,0,0,0,0,0,0,0,0,0,0,1,0,"","Not at all likely","Not at all likely","Not at all likely",0
"59-85-68-42",15,"Large Rise in Prices of Food",1,"Very severe",0,0,1,0,0,0,0,0,0,0,2,0,0,0,0,"","Not at all likely","Not at all likely","Extremely likely",0
"59-85-68-42",16,"Large Rise in Prices of Agricultural Inputs(E.g.Agrochemicals,Machinery,HiredLabour)",1,"Very severe",0,0,0,0,0,0,0,0,0,0,1,0,0,0,0,"","Not at all likely","Not at all likely","Extremely likely",0
"84-09-48-58",15,"Large Rise in Prices of Food",2,"Very severe",0,0,1,0,0,0,0,0,0,0,0,0,0,0,0,"","Not very likely","Not very likely","Very  likely",0
"75-58-20-42",7,"Drought or Extended Period of No Rain",6,"Severe",0,0,2,0,1,0,0,0,0,0,0,0,0,0,0,"","Not at all likely","Not very likely","Extremely likely",0
"75-58-20-42",9,"Crop Failure",2,"Very mild",0,0,0,0,1,0,0,0,0,0,0,0,0,0,0,"","Not at all likely","Not very likely","Very  likely",0
"75-58-20-42",10,"Livestock Disease/Death",3,"Very severe",0,0,0,0,0,0,0,0,0,0,1,0,0,0,0,"","Not very likely","Not at all likely","Extremely likely",0
"75-58-20-42",15,"Large Rise in Prices of Food",3,"Severe",0,0,0,0,1,0,0,0,0,0,0,0,0,0,0,"","Not at all likely","Not very likely","Very  likely",0
"00-68-70-04",15,"Large Rise in Prices of Food",3,"Very severe",0,0,1,0,0,0,0,0,0,0,2,0,0,0,0,"","Not at all likely","Not at all likely","Not very likely",0
"00-68-70-04",16,"Large Rise in Prices of Agricultural Inputs(E.g.Agrochemicals,Machinery,HiredLabour)",2,"Severe",0,0,0,0,0,0,0,0,0,0,1,0,0,0,0,"","Not very likely","Not at all likely","Not at all likely",0
"51-54-98-03",7,"Drought or Extended Period of No Rain",2,"Severe",0,0,2,0,0,0,0,0,0,0,1,0,0,0,0,"","Not at all likely","Not at all likely","Not at all likely",0
"51-54-98-03",15,"Large Rise in Prices of Food",4,"Very severe",0,0,1,0,0,0,0,0,0,0,0,0,0,0,0,"","Not at all likely","Not at all likely","Not at all likely",0
"90-58-96-49",7,"Drought or Extended Period of No Rain",1,"Very severe",0,0,1,0,2,0,0,0,0,0,3,0,0,0,0,"","Not at all likely","Not at all likely","Extremely likely",0
"90-58-96-49",15,"Large Rise in Prices of Food",1,"Very severe",0,0,1,0,2,0,0,0,0,0,3,0,0,0,0,"","Not at all likely","Not at all likely","Extremely likely",0
"07-07-62-62",7,"Drought or Extended Period of No Rain",1,"Severe",0,1,0,0,0,0,0,0,0,0,0,0,0,0,0,"","Not very likely","Not at all likely","Not at all likely",0
"07-07-62-62",9,"Crop Failure",2,"Very severe",0,0,1,0,0,0,0,0,0,0,0,0,0,0,0,"","Not at all likely","Not at all likely","Not at all likely",0
"07-07-62-62",10,"Livestock Disease/Death",1,"Very severe",0,0,0,0,0,0,0,0,0,0,0,0,0,0,1,"Vaccinated the animals","Not very likely","Not at all likely","Not at all likely",0
"07-07-62-62",15,"Large Rise in Prices of Food",3,"Severe",0,0,1,0,2,0,0,0,0,0,0,0,0,0,0,"","Not very likely","Not at all likely","Not at all likely",0
"26-08-54-15",1,"Chronicor Severe Illnessor Accident of a Household Member",1,"Very severe",0,0,1,0,0,0,0,0,0,0,0,0,0,0,0,"","Not at all likely","Not at all likely","Not at all likely",0
"26-08-54-15",7,"Drought or Extended Period of No Rain",9,"Very severe",0,0,1,0,0,0,0,0,0,0,0,0,0,0,0,"","Not at all likely","Not at all likely","Not at all likely",0
"26-08-54-15",9,"Crop Failure",3,"Very severe",0,0,1,0,0,0,0,0,0,0,0,0,0,0,0,"","Not at all likely","Not at all likely","Not at all likely",0
"26-08-54-15",10,"Livestock Disease/Death",2,"Very severe",0,0,1,0,0,0,0,0,0,0,0,0,0,0,0,"","Not at all likely","Not at all likely","Not at all likely",0
"26-08-54-15",15,"Large Rise in Prices of Food",5,"Very severe",0,0,1,0,0,0,0,0,0,0,0,0,0,0,0,"","Not at all likely","Not at all likely","Not at all likely",0
"98-80-86-00",15,"Large Rise in Prices of Food",3,"Very severe",2,0,1,0,0,0,0,0,0,0,0,0,0,0,0,"","Not at all likely","Not at all likely","Not at all likely",0
"19-36-93-83",7,"Drought or Extended Period of No Rain",2,"Very severe",1,0,0,0,0,0,0,0,0,0,0,0,0,0,0,"","Very  likely","Not very likely","Not very likely",0
"19-36-93-83",10,"Livestock Disease/Death",2,"Severe",1,0,0,0,0,0,0,0,0,0,0,0,0,0,0,"","Not very likely","Not very likely","Not very likely",0
"39-74-73-78",7,"Drought or Extended Period of No Rain",11,"Very severe",0,0,1,0,0,0,0,0,0,0,0,0,0,0,0,"","Not at all likely","Not at all likely","Not at all likely",0
"39-74-73-78",9,"Crop Failure",2,"Very severe",0,0,1,0,0,0,0,0,0,0,0,0,0,0,0,"","Not at all likely","Not at all likely","Not at all likely",0
"39-74-73-78",15,"Large Rise in Prices of Food",2,"Very severe",0,0,1,0,0,0,0,0,0,0,0,0,0,0,0,"","Not at all likely","Not at all likely","Not at all likely",0
"73-63-00-42",7,"Drought or Extended Period of No Rain",2,"Very severe",1,0,2,0,0,0,0,0,0,0,0,0,0,0,0,"","Not at all likely","Not at all likely","Not very likely",0
"73-63-00-42",15,"Large Rise in Prices of Food",2,"Very severe",1,0,2,0,0,0,0,0,0,0,0,0,0,0,0,"","Not at all likely","Not very likely","Not at all likely",0
"15-80-74-06",7,"Drought or Extended Period of No Rain",2,"Very severe",0,1,2,0,0,0,0,0,0,0,3,0,0,0,0,"","Not at all likely","Not at all likely","Not at all likely",0
"15-80-74-06",10,"Livestock Disease/Death",6,"Very severe",0,0,0,0,0,0,0,0,0,0,0,0,0,1,0,"","Not at all likely","Not at all likely","Not at all likely",0
"15-80-74-06",15,"Large Rise in Prices of Food",2,"Very severe",1,0,2,0,0,0,0,0,0,0,3,0,0,0,0,"","Not at all likely","Not at all likely","Not at all likely",0
"40-74-32-61",14,"Large Fall in Sale Prices for Cropsand or Livestock",1,"Very severe",0,0,0,0,0,0,0,0,0,0,1,0,0,0,0,"","Not very likely","Not very likely","Very  likely",0
"40-74-32-61",15,"Large Rise in Prices of Food",1,"Very severe",0,0,1,0,0,0,0,0,0,0,2,0,0,0,0,"","Not at all likely","Not at all likely","Very  likely",0
"95-10-30-55",7,"Drought or Extended Period of No Rain",1,"Very severe",0,2,0,0,0,0,0,0,0,0,0,0,0,0,1,"house hold members engaged in charcoal burning","Not at all likely","Not at all likely","Not at all likely",0
"95-10-30-55",9,"Crop Failure",2,"Very severe",0,0,0,0,0,0,0,0,0,0,0,0,0,0,1,"charcoal burning","Not at all likely","Not at all likely","Not at all likely",0
"95-10-30-55",10,"Livestock Disease/Death",1,"Severe",0,0,0,0,0,0,0,0,0,0,0,0,0,1,0,"","Not very likely","Not at all likely","Not at all likely",0
"95-10-30-55",15,"Large Rise in Prices of Food",10,"Very severe",0,0,1,0,0,0,0,0,0,0,0,0,0,0,0,"","Not very likely","Not at all likely","Not at all likely",0
"95-10-30-55",16,"Large Rise in Prices of Agricultural Inputs(E.g.Agrochemicals,Machinery,HiredLabour)",1,"Severe",0,0,0,0,0,0,0,0,0,0,0,0,0,1,0,"","Not very likely","Not at all likely","Not at all likely",0
"93-89-51-75",7,"Drought or Extended Period of No Rain",2,"Very severe",0,0,1,0,0,0,0,0,0,0,0,0,0,0,2,"help from non governmental organization","Not at all likely","Not at all likely","Not at all likely",0
"93-89-51-75",10,"Livestock Disease/Death",5,"Very severe",0,0,0,0,0,0,0,0,0,0,0,0,0,1,0,"","Not at all likely","Not at all likely","Not at all likely",0
"93-89-51-75",15,"Large Rise in Prices of Food",2,"Very severe",0,0,1,0,0,0,0,0,0,0,2,0,0,0,0,"","Not at all likely","Not at all likely","Not at all likely",0
"75-95-38-57",7,"Drought or Extended Period of No Rain",9,"Very severe",0,0,0,0,0,0,0,0,0,0,1,0,0,0,0,"","Not very likely","Not very likely","Not very likely",0
"75-95-38-57",9,"Crop Failure",1,"Very severe",0,0,0,0,0,0,0,0,0,0,0,0,0,1,0,"","Not very likely","Not very likely","Not very likely",0
"75-95-38-57",10,"Livestock Disease/Death",10,"Very severe",0,0,0,0,0,0,0,0,0,0,0,0,0,0,1,"Injection of livestock","Not very likely","Not very likely","Not very likely",0
"75-95-38-57",15,"Large Rise in Prices of Food",12,"Very severe",0,0,0,0,0,0,0,0,0,0,1,0,0,0,0,"","Not very likely","Not very likely","Not very likely",0
"34-96-82-10",7,"Drought or Extended Period of No Rain",2,"Very severe",1,0,0,0,2,0,0,0,0,0,0,0,0,0,0,"","Not at all likely","Not at all likely","Not at all likely",0
"34-96-82-10",15,"Large Rise in Prices of Food",4,"Very severe",1,0,0,0,2,0,0,0,0,0,0,0,0,0,0,"","Not at all likely","Not at all likely","Not at all likely",0
"93-64-37-20",15,"Large Rise in Prices of Food",1,"Very severe",1,0,0,0,0,0,0,0,0,0,0,0,0,0,0,"","Not at all likely","Not at all likely","Not at all likely",0
"91-66-07-16",7,"Drought or Extended Period of No Rain",1,"Severe",0,0,0,0,1,0,0,0,0,0,2,0,0,0,0,"","Not very likely","Not at all likely","Very  likely",0
"91-66-07-16",9,"Crop Failure",1,"Severe",0,0,2,0,0,0,0,0,0,0,1,0,0,0,0,"","Not at all likely","Not at all likely","Very  likely",0
"91-66-07-16",10,"Livestock Disease/Death",5,"Severe",0,0,0,0,0,0,0,0,0,0,0,0,1,0,0,"","Not at all likely","Not at all likely","Very  likely",0
"91-66-07-16",15,"Large Rise in Prices of Food",3,"Severe",0,0,2,0,0,0,0,0,0,0,1,0,0,0,0,"","Not very likely","Not very likely","Very  likely",0
"60-51-83-59",15,"Large Rise in Prices of Food",1,"Very severe",0,0,0,0,0,0,0,0,0,0,1,0,0,0,0,"","Not at all likely","Not at all likely","Extremely likely",0
"16-40-92-10",7,"Drought or Extended Period of No Rain",1,"Severe",2,1,0,0,0,0,0,0,0,0,3,0,0,0,0,"","Not very likely","Not at all likely","Not at all likely",0
"16-40-92-10",9,"Crop Failure",1,"Severe",0,0,1,0,0,0,0,0,0,0,2,0,0,0,0,"","Not very likely","Not at all likely","Not at all likely",0
"16-40-92-10",10,"Livestock Disease/Death",3,"Severe",0,0,0,0,0,0,0,0,0,0,0,0,1,0,0,"","Not very likely","Not at all likely","Not at all likely",0
"16-40-92-10",15,"Large Rise in Prices of Food",5,"Very severe",0,0,0,0,0,0,0,0,0,0,1,0,0,0,0,"","Not very likely","Not at all likely","Not at all likely",0
"24-75-24-45",7,"Drought or Extended Period of No Rain",1,"Severe",2,1,0,0,0,0,0,0,0,0,0,0,0,0,0,"","Not at all likely","Not at all likely","Not at all likely",0
"24-75-24-45",15,"Large Rise in Prices of Food",5,"Very severe",1,2,3,0,0,0,0,0,0,0,0,0,0,0,0,"","Not at all likely","Not at all likely","Not at all likely",0
"93-05-25-38",7,"Drought or Extended Period of No Rain",10,"Very severe",0,0,1,0,0,0,0,0,0,0,2,0,0,0,0,"","Not at all likely","Not at all likely","Not at all likely",0
"93-05-25-38",9,"Crop Failure",3,"Very severe",0,0,1,0,0,0,0,0,0,0,2,0,0,0,0,"","Not at all likely","Not at all likely","Not at all likely",0
"93-05-25-38",10,"Livestock Disease/Death",2,"Very severe",0,0,1,0,0,0,0,0,0,0,0,0,0,0,0,"","Not at all likely","Not at all likely","Not at all likely",0
"93-05-25-38",15,"Large Rise in Prices of Food",3,"Very severe",0,0,1,0,0,0,0,0,0,0,0,0,0,0,0,"","Not at all likely","Not at all likely","Not at all likely",0
"59-77-15-06",7,"Drought or Extended Period of No Rain",9,"Very severe",0,0,0,0,0,0,0,0,0,0,1,0,0,0,0,"","Not very likely","Not very likely","Not very likely",0
"59-77-15-06",9,"Crop Failure",1,"Very severe",0,0,0,0,0,0,0,0,0,0,0,0,0,1,0,"","Not very likely","Not very likely","Not very likely",0
"59-77-15-06",10,"Livestock Disease/Death",5,"Very severe",0,0,0,0,0,0,0,0,0,0,0,0,0,0,1,"Injection of livestock","Not very likely","Not very likely","Not very likely",0
"59-77-15-06",15,"Large Rise in Prices of Food",11,"Very severe",0,0,0,0,0,0,0,0,0,0,1,0,0,0,0,"","Not very likely","Not very likely","Not very likely",0
"43-11-20-48",15,"Large Rise in Prices of Food",1,"Very severe",2,0,1,0,0,0,0,0,0,0,0,0,0,0,0,"","Not very likely","Not at all likely","Very  likely",0
"38-02-62-89",7,"Drought or Extended Period of No Rain",1,"Severe",0,0,1,0,0,0,0,0,0,0,2,0,0,0,0,"","Not at all likely","Not at all likely","Very  likely",0
"38-02-62-89",10,"Livestock Disease/Death",1,"Severe",0,0,1,0,0,0,0,0,0,0,0,0,0,0,0,"","Not at all likely","Not at all likely","Very  likely",0
"38-02-62-89",15,"Large Rise in Prices of Food",1,"Severe",0,0,0,0,0,0,0,0,0,0,0,0,0,1,0,"","Not at all likely","Not at all likely","Not at all likely",0
"21-01-77-10",1,"Chronicor Severe Illnessor Accident of a Household Member",2,"Very severe",2,0,0,0,0,3,0,0,0,0,1,0,0,0,0,"","Not very likely","Not at all likely","Not very likely",0
"21-01-77-10",10,"Livestock Disease/Death",5,"Very severe",2,0,0,0,0,0,0,0,0,0,0,0,0,1,0,"","Not at all likely","Not very likely","Not very likely",0
"21-01-77-10",15,"Large Rise in Prices of Food",3,"Very severe",2,0,1,0,0,0,0,0,0,0,0,0,0,0,0,"","Not very likely","Not very likely","Not very likely",0
"81-78-91-05",4,"Fire on Property",1,"Severe",0,0,0,0,0,0,0,0,0,0,0,0,0,1,0,"","Very  likely","Very  likely","Very  likely",0
"81-78-91-05",7,"Drought or Extended Period of No Rain",3,"Very severe",0,0,1,0,0,0,0,0,0,0,2,0,0,0,0,"","Not very likely","Not very likely","Extremely likely",0
"81-78-91-05",10,"Livestock Disease/Death",2,"Severe",0,0,0,0,0,0,0,0,0,0,1,0,0,0,0,"","Not at all likely","Not very likely","Very  likely",0
"81-78-91-05",15,"Large Rise in Prices of Food",4,"Very severe",0,0,2,0,1,0,0,0,0,0,0,0,0,0,0,"","Not very likely","Not at all likely","Very  likely",0
"47-09-64-37",7,"Drought or Extended Period of No Rain",1,"Severe",0,0,2,0,0,0,0,0,0,0,1,0,0,0,0,"","Not at all likely","Not at all likely","Very  likely",0
"47-09-64-37",10,"Livestock Disease/Death",1,"Severe",0,0,0,0,0,0,0,0,0,0,0,1,0,2,0,"","Not at all likely","Not at all likely","Very  likely",0
"47-09-64-37",15,"Large Rise in Prices of Food",1,"Severe",0,0,2,0,0,0,0,0,0,0,1,0,0,0,0,"","Not at all likely","Not at all likely","Very  likely",0
"34-25-65-08",1,"Chronicor Severe Illnessor Accident of a Household Member",2,"Severe",0,0,0,0,0,0,0,0,0,0,1,0,0,0,0,"","Not very likely","Not at all likely","Very  likely",0
"34-25-65-08",7,"Drought or Extended Period of No Rain",3,"Very severe",0,0,0,0,1,0,0,0,0,0,0,0,0,0,0,"","Not very likely","Not at all likely","Very  likely",0
"34-25-65-08",9,"Crop Failure",1,"Very severe",0,0,2,0,1,0,0,0,0,0,0,0,0,0,0,"","Not at all likely","Not at all likely","Extremely likely",0
"34-25-65-08",10,"Livestock Disease/Death",3,"Mild",0,0,0,0,0,0,0,0,0,0,1,0,0,0,0,"","Not very likely","Not at all likely","Very  likely",0
"34-25-65-08",13,"Loss of Employment",1,"Severe",0,0,1,0,0,0,0,0,0,0,2,0,0,0,0,"","Not very likely","Not at all likely","Very  likely",0
"34-25-65-08",15,"Large Rise in Prices of Food",3,"Severe",0,0,1,0,2,0,0,0,0,0,3,0,0,0,0,"","Not very likely","Not at all likely","Very  likely",0
"86-44-30-89",7,"Drought or Extended Period of No Rain",1,"Severe",0,0,0,0,0,0,0,0,0,0,0,1,0,0,0,"","Not at all likely","Not at all likely","Very  likely",0
"86-44-30-89",9,"Crop Failure",1,"Severe",0,0,0,0,0,0,0,0,0,0,0,0,0,1,0,"","Not at all likely","Not at all likely","Very  likely",0
"86-44-30-89",15,"Large Rise in Prices of Food",1,"Severe",0,0,0,0,0,0,0,0,0,0,0,0,0,1,0,"","Not at all likely","Not at all likely","Very  likely",0
"74-03-89-65",7,"Drought or Extended Period of No Rain",2,"Severe",0,0,1,0,0,0,2,0,0,0,0,0,0,0,0,"","Not at all likely","Not at all likely","Not at all likely",0
"74-03-89-65",15,"Large Rise in Prices of Food",3,"Mild",0,0,2,0,0,0,1,0,0,0,0,0,0,0,0,"","Not at all likely","Not at all likely","Not at all likely",0
"56-65-93-48",7,"Drought or Extended Period of No Rain",10,"Very severe",0,0,1,0,0,0,0,0,0,0,0,0,0,0,0,"","Not at all likely","Not at all likely","Not at all likely",0
"56-65-93-48",9,"Crop Failure",2,"Very severe",0,0,1,0,0,0,0,0,0,0,2,0,0,0,0,"","Not at all likely","Not at all likely","Not at all likely",0
"56-65-93-48",10,"Livestock Disease/Death",1,"Very severe",0,0,1,0,0,0,0,0,0,0,0,0,0,0,0,"","Not at all likely","Not at all likely","Not at all likely",0
"56-65-93-48",15,"Large Rise in Prices of Food",4,"Very severe",0,0,1,0,0,0,0,0,0,0,0,0,0,0,0,"","Not at all likely","Not at all likely","Not at all likely",0
"66-39-11-55",5,"Robbery/Burglary",1,"Severe",0,0,0,0,0,0,0,0,0,0,0,0,1,0,0,"","Extremely likely","Very  likely","Not very likely",0
"66-39-11-55",7,"Drought or Extended Period of No Rain",3,"Severe",0,1,2,0,0,0,0,0,0,0,3,0,0,0,0,"","Very  likely","Not very likely","Not very likely",0
"66-39-11-55",9,"Crop Failure",1,"Very severe",0,0,0,1,0,0,0,0,0,0,0,0,0,0,0,"","Not at all likely","Not very likely","Very  likely",0
"66-39-11-55",10,"Livestock Disease/Death",3,"Very severe",0,0,0,0,0,0,0,0,0,0,1,0,0,0,0,"","Not very likely","Not at all likely","Very  likely",0
"66-39-11-55",15,"Large Rise in Prices of Food",5,"Severe",0,0,1,0,0,0,0,0,0,0,2,0,0,0,0,"","Not very likely","Not at all likely","Extremely likely",0
"14-03-04-43",2,"Death of a Household Member",1,"Very severe",1,0,0,0,0,0,0,0,0,0,0,0,0,0,0,"","Not very likely","Very  likely","Extremely likely",0
"14-03-04-43",5,"Robbery/Burglary",1,"Mild",0,0,0,0,0,0,0,0,0,0,0,0,0,1,0,"","Very  likely","Very  likely","Extremely likely",0
"14-03-04-43",7,"Drought or Extended Period of No Rain",1,"Very severe",0,0,1,0,2,0,0,0,0,0,0,0,0,0,0,"","Not very likely","Not very likely","Extremely likely",0
"14-03-04-43",15,"Large Rise in Prices of Food",1,"Very severe",0,0,1,0,2,0,0,0,0,0,0,0,0,0,0,"","Not at all likely","Not at all likely","Extremely likely",0
"27-47-38-04",1,"Chronicor Severe Illnessor Accident of a Household Member",1,"Mild",1,0,0,0,0,0,0,0,0,0,0,0,0,0,0,"","Very  likely","Very  likely","Very  likely",0
"27-47-38-04",7,"Drought or Extended Period of No Rain",1,"Very severe",0,0,1,0,2,0,0,0,0,0,0,0,0,0,0,"","Extremely likely","Extremely likely","Extremely likely",0
"27-47-38-04",15,"Large Rise in Prices of Food",1,"Very severe",0,0,1,0,2,0,0,0,0,0,0,0,0,0,0,"","Extremely likely","Extremely likely","Extremely likely",0
"05-86-89-30",5,"Robbery/Burglary",1,"Very severe",0,0,2,0,1,0,0,0,0,0,0,0,3,0,0,"","Very  likely","Not at all likely","Extremely likely",0
"05-86-89-30",7,"Drought or Extended Period of No Rain",3,"Severe",0,0,1,0,2,0,0,0,0,0,0,0,0,0,0,"","Not at all likely","Not at all likely","Very  likely",0
"05-86-89-30",10,"Livestock Disease/Death",10,"Very severe",0,0,0,0,0,0,0,0,0,0,1,0,0,0,0,"","Not at all likely","Not very likely","Not at all likely",0
"05-86-89-30",15,"Large Rise in Prices of Food",4,"Very severe",0,0,0,0,1,0,0,0,0,0,0,0,0,0,0,"","Not very likely","Extremely likely","Not very likely",0
"84-33-11-24",7,"Drought or Extended Period of No Rain",11,"Very severe",0,0,1,0,0,0,0,0,0,0,0,0,0,0,0,"","Not at all likely","Not at all likely","Not at all likely",0
"84-33-11-24",9,"Crop Failure",2,"Very severe",0,0,1,0,0,0,0,0,0,0,2,0,0,0,0,"","Not at all likely","Not at all likely","Not at all likely",0
"84-33-11-24",10,"Livestock Disease/Death",1,"Very severe",0,0,1,0,0,0,0,0,0,0,0,0,0,0,0,"","Not at all likely","Not at all likely","Not at all likely",0
"84-33-11-24",15,"Large Rise in Prices of Food",3,"Very severe",0,0,1,0,0,0,0,0,0,0,2,0,0,0,0,"","Not at all likely","Not at all likely","Not at all likely",0
"84-33-11-24",18,"End of Regular Assistance(E.g.Pension,CashTransfer,Remittances)from Outside the Household",1,"Very severe",0,0,1,0,0,0,0,0,0,0,2,0,0,0,0,"","Not at all likely","Not at all likely","Not at all likely",0
"79-96-52-99",9,"Crop Failure",2,"Very severe",0,0,0,0,0,0,0,0,0,0,0,0,0,1,0,"","Not at all likely","Not at all likely","Very  likely",0
"79-96-52-99",14,"Large Fall in Sale Prices for Cropsand or Livestock",1,"Very severe",0,0,0,0,0,0,0,0,0,0,1,0,0,0,0,"","Not at all likely","Not at all likely","Very  likely",0
"79-96-52-99",15,"Large Rise in Prices of Food",1,"Very severe",0,0,1,0,0,0,0,0,0,0,0,0,0,0,0,"","Not at all likely","Not at all likely","Very  likely",0
"27-91-30-19",15,"Large Rise in Prices of Food",2,"Very severe",0,0,1,0,0,0,0,0,0,0,0,0,0,0,0,"","Not at all likely","Not at all likely","Not at all likely",0
"49-11-32-04",7,"Drought or Extended Period of No Rain",1,"Very severe",0,0,1,0,0,0,0,0,0,0,2,0,0,0,0,"","Not at all likely","Not at all likely","Extremely likely",1
"49-11-32-04",15,"Large Rise in Prices of Food",1,"Very severe",0,0,1,0,0,0,0,0,0,0,2,0,0,0,0,"","Not at all likely","Not at all likely","Extremely likely",0
"53-42-52-41",7,"Drought or Extended Period of No Rain",2,"Very severe",1,0,0,0,0,0,0,0,0,0,0,0,0,0,0,"","Not at all likely","Not at all likely","Not at all likely",0
"53-42-52-41",8,"Floods",1,"Very severe",1,2,0,0,0,0,0,0,0,0,0,0,0,0,0,"","Not at all likely","Not at all likely","Not at all likely",0
"53-42-52-41",15,"Large Rise in Prices of Food",1,"Very severe",1,0,0,0,0,0,0,0,0,0,0,0,0,0,0,"","Not at all likely","Not at all likely","Not at all likely",0
"18-88-95-82",9,"Crop Failure",1,"Severe",0,0,0,0,0,0,0,0,0,0,0,0,0,1,0,"","Not at all likely","Not at all likely","Not at all likely",0
"18-88-95-82",10,"Livestock Disease/Death",1,"Severe",0,0,0,0,0,0,0,0,0,0,0,0,0,1,0,"","Not at all likely","Not at all likely","Not at all likely",0
"18-88-95-82",15,"Large Rise in Prices of Food",1,"Severe",0,0,1,0,0,0,0,0,0,0,2,0,0,0,0,"","Not at all likely","Not at all likely","Extremely likely",0
"44-20-34-87",7,"Drought or Extended Period of No Rain",11,"Very severe",0,0,1,0,0,0,0,0,0,0,2,0,0,0,0,"","Not at all likely","Not at all likely","Not at all likely",0
"44-20-34-87",10,"Livestock Disease/Death",2,"Very severe",0,0,1,0,0,0,0,0,0,0,0,0,0,0,0,"","Not at all likely","Not at all likely","Not at all likely",0
"44-20-34-87",15,"Large Rise in Prices of Food",5,"Very severe",0,0,1,0,0,0,0,0,0,0,2,0,0,0,0,"","Not at all likely","Not at all likely","Not at all likely",0
"10-26-36-54",5,"Robbery/Burglary",2,"Very severe",0,0,0,0,0,0,0,0,0,0,0,0,0,1,0,"","Not at all likely","Not at all likely","Very  likely",0
"10-26-36-54",7,"Drought or Extended Period of No Rain",3,"Very severe",0,0,1,0,0,0,0,0,0,0,0,0,0,0,0,"","Not very likely","Not very likely","Very  likely",0
"10-26-36-54",15,"Large Rise in Prices of Food",5,"Very severe",0,0,1,0,2,0,0,0,0,0,0,0,0,0,0,"","Not very likely","Not very likely","Extremely likely",0
"97-96-81-02",7,"Drought or Extended Period of No Rain",2,"Very severe",1,0,0,0,0,0,0,0,0,0,0,0,0,0,0,"","Not very likely","Not very likely","Not very likely",0
"29-40-66-47",7,"Drought or Extended Period of No Rain",3,"Severe",0,0,2,0,3,0,0,0,0,0,1,0,0,0,0,"","Not very likely","Not at all likely","Very  likely",0
"29-40-66-47",9,"Crop Failure",1,"Severe",0,0,0,0,0,0,0,0,0,0,1,0,0,0,0,"","Not very likely","Not very likely","Very  likely",0
"29-40-66-47",10,"Livestock Disease/Death",6,"Very severe",0,0,0,0,0,0,0,0,0,0,1,0,0,0,0,"","Not very likely","Not very likely","Very  likely",0
"29-40-66-47",15,"Large Rise in Prices of Food",3,"Very severe",0,0,2,0,1,0,0,0,0,0,0,0,0,0,0,"","Not very likely","Not very likely","Very  likely",0
"18-40-35-80",7,"Drought or Extended Period of No Rain",2,"Very severe",1,0,0,0,0,0,0,0,0,0,0,0,0,0,0,"","Not at all likely","Not at all likely","Not at all likely",0
"18-40-35-80",15,"Large Rise in Prices of Food",1,"Very severe",1,0,0,0,0,0,0,0,0,0,0,0,0,0,0,"","Not at all likely","Not at all likely","Not at all likely",0
"79-71-02-69",1,"Chronicor Severe Illnessor Accident of a Household Member",4,"Very severe",0,0,0,0,0,0,0,0,0,0,1,0,0,0,0,"","Not at all likely","Not at all likely","Not at all likely",0
"79-71-02-69",7,"Drought or Extended Period of No Rain",1,"Severe",0,0,0,1,0,0,0,0,0,0,0,0,0,0,0,"","Not at all likely","Not at all likely","Not at all likely",0
"79-71-02-69",9,"Crop Failure",1,"Severe",0,0,1,0,0,0,0,0,0,0,0,0,0,0,0,"","Not at all likely","Not at all likely","Not at all likely",0
"79-71-02-69",10,"Livestock Disease/Death",1,"Very severe",0,0,0,0,0,0,0,0,0,0,0,0,1,0,0,"","Not at all likely","Not at all likely","Not at all likely",0
"79-71-02-69",11,"Livestock Theft(IncludingRaids)",2,"Very severe",0,0,0,0,0,0,0,0,0,0,0,1,0,0,0,"","Not at all likely","Not at all likely","Not at all likely",0
"79-71-02-69",15,"Large Rise in Prices of Food",5,"Very severe",0,0,1,0,0,0,0,0,0,0,0,0,0,0,0,"","Not at all likely","Not at all likely","Not at all likely",0
"79-71-02-69",19,"Ethnic or Clan Clashes",2,"Very severe",0,0,0,0,0,0,0,0,0,0,0,1,0,0,0,"","Not at all likely","Not at all likely","Not at all likely",0
"25-22-65-60",7,"Drought or Extended Period of No Rain",3,"Very severe",1,0,0,0,0,0,0,0,0,0,0,0,0,0,0,"","Not very likely","Not very likely","Not very likely",0
"25-22-65-60",10,"Livestock Disease/Death",2,"Severe",1,0,0,0,0,0,0,0,0,0,0,0,0,0,0,"","Very  likely","Not very likely","Not at all likely",0
"89-59-08-73",7,"Drought or Extended Period of No Rain",3,"Very severe",1,0,0,0,0,0,0,0,0,0,0,0,0,0,0,"","Not very likely","Not very likely","Not very likely",0
"91-40-38-85",7,"Drought or Extended Period of No Rain",2,"Very severe",0,0,1,2,0,0,0,0,0,0,0,0,0,0,0,"","Not at all likely","Not at all likely","Not at all likely",0
"91-40-38-85",15,"Large Rise in Prices of Food",6,"Very severe",0,0,1,0,2,0,0,0,0,0,0,0,0,0,0,"","Not at all likely","Not at all likely","Not at all likely",0
"17-33-53-75",7,"Drought or Extended Period of No Rain",1,"Very severe",0,0,1,0,2,0,0,0,0,0,0,0,0,0,0,"","Not at all likely","Not at all likely","Extremely likely",0
"17-33-53-75",15,"Large Rise in Prices of Food",1,"Very severe",0,0,1,0,2,0,0,0,0,0,0,0,0,0,0,"","Not at all likely","Not at all likely","Extremely likely",0
"48-20-09-62",5,"Robbery/Burglary",3,"Very severe",0,0,0,0,0,0,0,0,0,0,0,0,0,1,0,"","Not very likely","Not very likely","Not very likely",0
"48-20-09-62",7,"Drought or Extended Period of No Rain",9,"Very severe",0,0,0,0,0,0,0,0,0,0,1,0,0,0,0,"","Not very likely","Not very likely","Not very likely",0
"48-20-09-62",9,"Crop Failure",1,"Very severe",0,0,0,0,0,0,0,0,0,0,0,0,0,1,0,"","Not very likely","Not very likely","Not very likely",0
"48-20-09-62",10,"Livestock Disease/Death",30,"Very severe",0,0,0,0,0,0,0,0,0,0,0,0,0,0,1,"Injection of livestock","Not very likely","Not very likely","Not very likely",0
"48-20-09-62",12,"Household Business Failure(Non-Agricultural)",1,"Very severe",0,0,0,0,0,0,0,0,0,0,0,0,0,1,0,"","Not very likely","Not very likely","Not very likely",0
"48-20-09-62",15,"Large Rise in Prices of Food",12,"Very severe",0,0,0,0,0,0,0,0,0,0,1,0,0,0,0,"","Not very likely","Not very likely","Not very likely",0
"29-88-28-45",7,"Drought or Extended Period of No Rain",2,"Very severe",1,0,2,0,0,0,0,0,0,0,0,0,0,0,0,"","Not at all likely","Not at all likely","Not at all likely",0
"29-88-28-45",15,"Large Rise in Prices of Food",2,"Very severe",1,0,2,0,0,0,0,0,0,0,0,0,0,0,0,"","Not at all likely","Not at all likely","Not at all likely",0
"49-80-41-29",2,"Death of a Household Member",1,"Very severe",1,2,0,0,0,0,0,0,0,0,0,0,0,0,0,"","Not very likely","Not at all likely","Not very likely",0
"49-80-41-29",7,"Drought or Extended Period of No Rain",9,"Very severe",2,0,1,0,0,0,0,0,0,0,0,0,0,0,0,"","Not very likely","Not very likely","Not very likely",0
"49-80-41-29",15,"Large Rise in Prices of Food",12,"Very severe",2,0,1,0,0,0,0,0,0,0,0,0,0,0,0,"","Not very likely","Not very likely","Not very likely",0
"93-39-60-64",7,"Drought or Extended Period of No Rain",2,"Severe",1,0,2,0,0,0,0,0,0,0,3,0,0,0,0,"","Not at all likely","Not at all likely","Not very likely",0
"93-39-60-64",15,"Large Rise in Prices of Food",3,"Very severe",1,0,2,0,0,0,0,0,0,0,3,0,0,0,0,"","Not at all likely","Not at all likely","Not at all likely",0
"75-50-72-64",2,"Death of a Household Member",1,"Very severe",1,0,0,0,0,0,0,0,0,0,0,0,0,0,0,"","Not very likely","Not very likely","Not very likely",0
"75-50-72-64",4,"Fire on Property",1,"Very severe",0,0,0,0,0,0,0,0,0,0,0,0,0,0,1,"Build another house","Not very likely","Not very likely","Not very likely",0
"75-50-72-64",5,"Robbery/Burglary",1,"Very severe",0,0,0,0,0,0,0,0,0,0,0,0,1,0,0,"","Not very likely","Not very likely","Not very likely",0
"75-50-72-64",7,"Drought or Extended Period of No Rain",9,"Very severe",0,0,1,0,0,0,0,0,0,0,2,0,0,0,0,"","Not very likely","Not very likely","Not very likely",0
"75-50-72-64",9,"Crop Failure",1,"Very severe",0,0,0,0,0,0,0,0,0,0,0,0,0,1,0,"","Not very likely","Not very likely","Not very likely",0
"75-50-72-64",10,"Livestock Disease/Death",4,"Very severe",0,0,0,0,0,0,0,0,0,0,0,0,0,1,0,"","Not very likely","Not very likely","Not very likely",0
"75-50-72-64",15,"Large Rise in Prices of Food",12,"Very severe",0,0,1,0,0,0,0,0,0,0,2,0,0,0,0,"","Not very likely","Not very likely","Not very likely",0
"75-50-72-64",19,"Ethnic or Clan Clashes",1,"Very severe",0,0,0,0,0,0,0,0,0,0,0,0,0,0,1,"Went for hidings","Not very likely","Not very likely","Not very likely",0
"67-51-21-12",15,"Large Rise in Prices of Food",4,"Very severe",2,0,1,0,0,0,0,0,0,0,0,0,0,0,0,"","Not at all likely","Not at all likely","Not very likely",0
"92-63-14-10",14,"Large Fall in Sale Prices for Cropsand or Livestock",1,"Severe",0,0,0,0,0,0,0,0,0,0,1,0,0,0,0,"","Not at all likely","Not at all likely","Very  likely",0
"92-63-14-10",15,"Large Rise in Prices of Food",1,"Severe",0,0,0,0,0,0,0,0,0,0,1,0,0,0,0,"","Not at all likely","Not at all likely","Very  likely",0
"23-95-53-31",7,"Drought or Extended Period of No Rain",1,"Very severe",0,0,1,0,2,0,0,0,0,0,0,0,0,0,0,"","Not at all likely","Not at all likely","Extremely likely",0
"23-95-53-31",9,"Crop Failure",1,"Very severe",0,0,0,0,0,0,0,0,0,0,0,0,0,1,0,"","Not at all likely","Not at all likely","Very  likely",0
"23-95-53-31",15,"Large Rise in Prices of Food",1,"Very severe",0,0,1,0,2,0,0,0,0,0,0,0,0,0,0,"","Not at all likely","Not at all likely","Extremely likely",0
"23-95-53-31",16,"Large Rise in Prices of Agricultural Inputs(E.g.Agrochemicals,Machinery,HiredLabour)",1,"Very severe",0,0,0,0,0,0,0,0,1,0,0,0,0,0,0,"","Not at all likely","Not at all likely","Extremely likely",0
"76-83-42-25",7,"Drought or Extended Period of No Rain",2,"Severe",0,0,1,2,0,0,0,0,0,0,0,0,0,0,0,"","Not very likely","Not very likely","Very  likely",0
"76-83-42-25",15,"Large Rise in Prices of Food",2,"Very severe",0,0,1,0,0,0,0,0,0,0,0,0,0,0,0,"","Not very likely","Not at all likely","Very  likely",0
"34-04-41-33",9,"Crop Failure",2,"Very severe",0,0,0,0,0,0,0,0,0,0,0,0,0,1,0,"","Not at all likely","Not at all likely","Not at all likely",0
"34-04-41-33",14,"Large Fall in Sale Prices for Cropsand or Livestock",1,"Severe",0,0,0,0,0,0,0,0,0,0,1,0,0,0,0,"","Not at all likely","Not at all likely","Very  likely",0
"34-04-41-33",15,"Large Rise in Prices of Food",1,"Very severe",0,0,1,0,0,0,0,0,0,0,2,0,0,0,0,"","Not at all likely","Not at all likely","Very  likely",0
"65-40-10-81",7,"Drought or Extended Period of No Rain",2,"Mild",0,0,0,0,0,0,0,0,0,0,0,1,0,0,0,"","Not at all likely","Not at all likely","Very  likely",0
"65-40-10-81",9,"Crop Failure",2,"Severe",0,0,0,0,0,0,1,0,0,0,0,0,0,2,0,"","Not at all likely","Not at all likely","Very  likely",0
"65-40-10-81",15,"Large Rise in Prices of Food",1,"Severe",0,0,0,0,0,0,0,0,0,0,0,0,0,1,0,"","Not at all likely","Not at all likely","Very  likely",0
"32-27-90-36",7,"Drought or Extended Period of No Rain",3,"Very severe",0,3,1,0,0,0,0,0,0,0,2,0,0,0,0,"","Not very likely","Not at all likely","Very  likely",0
"32-27-90-36",9,"Crop Failure",1,"Very severe",0,1,0,0,0,0,0,0,0,0,2,0,0,0,0,"","Not very likely","Not at all likely","Very  likely",0
"32-27-90-36",10,"Livestock Disease/Death",3,"Very severe",0,0,0,0,0,0,0,0,0,0,1,0,0,0,0,"","Not very likely","Not at all likely","Very  likely",0
"32-27-90-36",15,"Large Rise in Prices of Food",5,"Very severe",0,1,0,0,2,0,0,0,0,0,3,0,0,0,0,"","Not very likely","Not at all likely","Extremely likely",0
"34-35-99-68",7,"Drought or Extended Period of No Rain",3,"Severe",0,0,2,0,1,0,0,0,0,0,0,0,0,0,0,"","Not very likely","Not at all likely","Very  likely",0
"34-35-99-68",10,"Livestock Disease/Death",3,"Severe",0,0,0,0,0,0,0,0,0,0,1,0,0,0,0,"","Not at all likely","Not at all likely","Very  likely",0
"34-35-99-68",15,"Large Rise in Prices of Food",4,"Very severe",0,0,2,0,1,0,0,0,0,0,0,0,0,0,0,"","Not very likely","Not at all likely","Extremely likely",0
"96-83-30-59",7,"Drought or Extended Period of No Rain",2,"Very severe",1,0,2,0,0,0,0,0,0,0,0,0,0,0,0,"","Not at all likely","Not at all likely","Not at all likely",0
"08-93-39-25",7,"Drought or Extended Period of No Rain",1,"Very severe",0,0,2,0,0,0,0,0,0,0,1,0,0,0,0,"","Not at all likely","Not at all likely","Extremely likely",0
"08-93-39-25",11,"Livestock Theft(IncludingRaids)",2,"Very severe",0,0,0,0,0,0,0,0,0,0,0,0,1,0,0,"","Not at all likely","Not at all likely","Extremely likely",0
"08-93-39-25",15,"Large Rise in Prices of Food",1,"Very severe",0,0,2,0,0,0,0,0,0,0,1,0,0,0,0,"","Not at all likely","Not at all likely","Extremely likely",0
"08-93-39-25",16,"Large Rise in Prices of Agricultural Inputs(E.g.Agrochemicals,Machinery,HiredLabour)",1,"Very severe",0,0,0,0,0,0,0,0,1,0,0,0,0,0,0,"","Not at all likely","Not at all likely","Extremely likely",0
"70-80-52-20",7,"Drought or Extended Period of No Rain",1,"Very severe",0,0,2,0,0,0,0,0,0,0,1,0,0,0,0,"","Not at all likely","Not at all likely","Not at all likely",0
"70-80-52-20",9,"Crop Failure",1,"Very severe",0,0,0,0,0,0,0,0,0,0,0,0,0,1,0,"","Not at all likely","Not at all likely","Not at all likely",0
"70-80-52-20",11,"Livestock Theft(IncludingRaids)",3,"Very severe",0,0,0,0,0,0,0,0,0,0,0,0,1,0,0,"","Not at all likely","Not at all likely","Extremely likely",0
"70-80-52-20",15,"Large Rise in Prices of Food",1,"Very severe",0,0,1,0,0,0,0,0,0,0,2,0,0,0,0,"","Not at all likely","Not at all likely","Extremely likely",0
"70-80-52-20",16,"Large Rise in Prices of Agricultural Inputs(E.g.Agrochemicals,Machinery,HiredLabour)",1,"Very severe",0,0,0,0,0,0,0,0,0,0,1,0,0,0,0,"","Not at all likely","Not at all likely","Extremely likely",0
"98-33-69-97",2,"Death of a Household Member",2,"Very severe",1,0,0,0,0,0,0,0,0,0,0,0,0,0,0,"","Not very likely","Not very likely","Not very likely",0
"98-33-69-97",7,"Drought or Extended Period of No Rain",8,"Very severe",0,0,0,0,0,0,0,0,0,0,1,0,0,0,0,"","Not very likely","Not very likely","Not very likely",0
"98-33-69-97",9,"Crop Failure",1,"Very severe",0,0,0,0,0,0,0,0,0,0,0,0,0,1,0,"","Not very likely","Not very likely","Not very likely",0
"98-33-69-97",10,"Livestock Disease/Death",10,"Very severe",0,0,0,0,0,0,0,0,0,0,0,0,0,0,1,"Injection of livestock","Not very likely","Not very likely","Not very likely",0
"98-33-69-97",12,"Household Business Failure(Non-Agricultural)",1,"Very severe",0,0,0,0,0,0,0,0,0,0,0,0,0,1,0,"","Not very likely","Not very likely","Not very likely",0
"98-33-69-97",13,"Loss of Employment",1,"Very severe",0,0,0,0,0,0,0,0,0,0,0,0,0,1,0,"","Not very likely","Not at all likely","Not very likely",0
"98-33-69-97",15,"Large Rise in Prices of Food",10,"Very severe",0,0,0,0,0,0,0,0,0,0,1,0,0,0,0,"","Not very likely","Not very likely","Not very likely",0
"72-65-40-82",10,"Livestock Disease/Death",5,"Severe",0,0,0,0,0,0,0,0,0,0,0,0,0,1,0,"","Not very likely","Not very likely","Very  likely",0
"72-65-40-82",14,"Large Fall in Sale Prices for Cropsand or Livestock",1,"Severe",0,0,0,0,0,0,0,0,0,0,1,0,0,0,0,"","Not very likely","Not very likely","Very  likely",0
"72-65-40-82",15,"Large Rise in Prices of Food",1,"Severe",0,0,0,0,0,0,0,0,0,0,1,0,0,0,0,"","Not very likely","Not very likely","Very  likely",0
"28-81-45-53",2,"Death of a Household Member",1,"Very severe",0,0,0,0,0,0,0,0,0,0,0,0,0,1,0,"","Not at all likely","Not at all likely","Not at all likely",0
"28-81-45-53",10,"Livestock Disease/Death",3,"Very severe",0,0,0,0,0,0,0,0,0,0,1,0,0,0,0,"","Not very likely","Not at all likely","Very  likely",0
"28-81-45-53",14,"Large Fall in Sale Prices for Cropsand or Livestock",3,"Very severe",0,0,0,0,0,0,0,0,0,0,0,0,0,1,0,"","Not at all likely","Not at all likely","Not very likely",0
"28-81-45-53",15,"Large Rise in Prices of Food",4,"Very severe",0,0,1,0,0,0,0,0,0,0,2,0,0,0,0,"","Not very likely","Not very likely","Very  likely",0
"06-80-46-73",7,"Drought or Extended Period of No Rain",2,"Severe",0,0,1,0,0,0,0,0,0,0,0,0,0,0,0,"","Not at all likely","Not at all likely","Extremely likely",0
"06-80-46-73",10,"Livestock Disease/Death",2,"Very severe",0,0,2,0,0,0,0,0,0,0,1,0,0,0,0,"","Not at all likely","Not at all likely","Extremely likely",0
"06-80-46-73",15,"Large Rise in Prices of Food",6,"Very severe",0,0,0,0,0,0,0,0,0,0,1,0,0,0,0,"","Not at all likely","Not at all likely","Not very likely",0
"06-80-46-73",16,"Large Rise in Prices of Agricultural Inputs(E.g.Agrochemicals,Machinery,HiredLabour)",1,"Severe",0,0,0,0,0,0,0,0,0,0,1,0,0,0,0,"","Not very likely","Not very likely","Very  likely",0
"09-02-42-42",3,"Household Member Jailed",1,"Very severe",1,0,0,0,0,0,0,0,0,0,2,0,0,0,0,"","Not at all likely","Not at all likely","Not at all likely",0
"09-02-42-42",7,"Drought or Extended Period of No Rain",12,"Very severe",0,0,1,0,0,0,0,0,0,0,2,0,0,0,0,"","Not at all likely","Not at all likely","Not at all likely",0
"09-02-42-42",9,"Crop Failure",2,"Very severe",0,0,1,0,0,0,0,0,0,0,0,0,0,0,0,"","Not at all likely","Not at all likely","Not at all likely",0
"09-02-42-42",10,"Livestock Disease/Death",1,"Very severe",0,0,1,0,0,0,0,0,0,0,0,0,0,0,0,"","Not at all likely","Not at all likely","Not at all likely",0
"09-02-42-42",16,"Large Rise in Prices of Agricultural Inputs(E.g.Agrochemicals,Machinery,HiredLabour)",1,"Very severe",0,0,1,0,0,0,0,0,0,0,0,0,0,0,0,"","Not at all likely","Not at all likely","Not at all likely",0
"16-61-64-98",15,"Large Rise in Prices of Food",2,"Very severe",1,0,0,0,0,0,0,0,0,0,0,0,0,0,0,"","Not at all likely","Not at all likely","Not at all likely",0
"29-61-04-95",9,"Crop Failure",2,"Very severe",0,0,0,0,0,0,0,0,0,0,0,0,0,1,0,"","Not at all likely","Not at all likely","Very  likely",0
"29-61-04-95",15,"Large Rise in Prices of Food",1,"Severe",0,0,0,0,0,0,0,0,0,0,1,0,0,0,0,"","Not at all likely","Not at all likely","Very  likely",0
"39-38-75-31",7,"Drought or Extended Period of No Rain",1,"Very severe",1,0,0,0,0,0,0,0,0,0,0,0,0,0,0,"","Not at all likely","Not at all likely","Not at all likely",0
"39-38-75-31",15,"Large Rise in Prices of Food",1,"Very severe",1,0,0,0,0,0,0,0,0,0,0,0,0,0,0,"","Not at all likely","Not at all likely","Not at all likely",0
"39-38-75-31",16,"Large Rise in Prices of Agricultural Inputs(E.g.Agrochemicals,Machinery,HiredLabour)",1,"Very severe",1,0,0,0,0,0,0,0,0,0,0,0,0,0,0,"","Not at all likely","Not at all likely","Not at all likely",0
"30-17-77-88",7,"Drought or Extended Period of No Rain",9,"Very severe",0,0,0,0,0,0,0,0,0,0,1,0,0,0,0,"","Not very likely","Not very likely","Not very likely",0
"30-17-77-88",9,"Crop Failure",1,"Very severe",0,0,0,0,0,0,0,0,0,0,0,0,0,1,0,"","Not very likely","Not very likely","Not very likely",0
"30-17-77-88",10,"Livestock Disease/Death",10,"Very severe",0,0,0,0,0,0,0,0,0,0,0,0,0,0,1,"Injection of livestock","Not very likely","Not very likely","Not very likely",0
"30-17-77-88",15,"Large Rise in Prices of Food",12,"Very severe",0,0,0,0,0,0,0,0,0,0,1,0,0,0,0,"","Not very likely","Not very likely","Not very likely",0
"30-17-77-88",19,"Ethnic or Clan Clashes",4,"Very severe",0,0,0,0,0,0,0,0,0,0,0,1,0,0,0,"","Not very likely","Not very likely","Not very likely",0
"29-08-77-29",9,"Crop Failure",1,"Severe",0,0,0,0,0,0,0,0,0,0,0,0,0,1,0,"","Not very likely","Not very likely","Very  likely",0
"29-08-77-29",10,"Livestock Disease/Death",2,"Severe",0,0,0,0,0,0,0,0,0,0,0,0,0,1,0,"","Not very likely","Not very likely","Very  likely",0
"29-08-77-29",15,"Large Rise in Prices of Food",1,"Very severe",2,0,1,0,0,0,0,0,0,0,0,0,0,0,0,"","Not at all likely","Not at all likely","Very  likely",0
"69-05-41-80",9,"Crop Failure",2,"Very severe",0,0,0,0,0,0,0,0,0,0,0,0,0,1,0,"","Not at all likely","Not at all likely","Extremely likely",0
"69-05-41-80",15,"Large Rise in Prices of Food",1,"Very severe",2,0,1,0,0,0,0,0,0,0,0,0,0,0,0,"","Not at all likely","Not at all likely","Extremely likely",0
"21-49-13-73",7,"Drought or Extended Period of No Rain",9,"Very severe",0,0,0,0,0,0,0,0,0,0,1,0,0,0,0,"","Not very likely","Not very likely","Not very likely",0
"21-49-13-73",9,"Crop Failure",1,"Very severe",0,0,0,0,0,0,0,0,0,0,0,0,0,1,0,"","Not very likely","Not very likely","Not very likely",0
"21-49-13-73",10,"Livestock Disease/Death",3,"Very severe",0,0,0,0,0,0,0,0,0,0,0,0,0,0,1,"Injection of livestock","Not very likely","Not very likely","Not very likely",0
"21-49-13-73",15,"Large Rise in Prices of Food",12,"Very severe",0,0,0,0,0,0,0,0,0,0,1,0,0,0,0,"","Not very likely","Not very likely","Not very likely",0
"21-49-13-73",19,"Ethnic or Clan Clashes",3,"Very severe",0,0,0,0,0,0,0,0,0,0,0,0,0,0,1,"Went for hidings","Not very likely","Not very likely","Not very likely",0
"75-38-27-75",6,"Dwelling Damaged",2,"Very severe",0,0,0,0,0,0,0,0,0,0,0,1,0,0,0,"","Not at all likely","Not at all likely","Very  likely",0
"75-38-27-75",7,"Drought or Extended Period of No Rain",1,"Severe",0,0,2,0,0,0,0,0,0,0,0,1,0,0,0,"","Not at all likely","Not at all likely","Very  likely",0
"75-38-27-75",19,"Ethnic or Clan Clashes",2,"Very severe",0,0,0,0,0,0,0,0,0,0,0,1,0,0,0,"","Not at all likely","Not at all likely","Very  likely",0
"14-85-47-22",7,"Drought or Extended Period of No Rain",1,"Severe",0,0,1,0,2,0,0,0,0,0,0,0,0,0,0,"","Not at all likely","Not at all likely","Extremely likely",0
"14-85-47-22",9,"Crop Failure",1,"Very severe",0,0,0,1,0,0,0,0,0,0,0,0,0,0,0,"","Not at all likely","Not at all likely","Extremely likely",0
"14-85-47-22",15,"Large Rise in Prices of Food",1,"Very severe",0,0,1,0,2,0,0,0,0,0,0,0,0,0,0,"","Not at all likely","Not at all likely","Extremely likely",0
"14-85-47-22",16,"Large Rise in Prices of Agricultural Inputs(E.g.Agrochemicals,Machinery,HiredLabour)",1,"Very severe",0,1,0,0,0,0,0,0,0,0,0,0,0,0,0,"","Not at all likely","Not at all likely","Extremely likely",0
"53-81-07-04",1,"Chronicor Severe Illnessor Accident of a Household Member",1,"Very severe",2,0,0,0,0,0,0,0,0,0,0,0,0,1,0,"","Not at all likely","Not at all likely","Extremely likely",0
"53-81-07-04",7,"Drought or Extended Period of No Rain",1,"Very severe",0,0,2,0,1,0,0,0,0,0,0,0,0,0,0,"","Not at all likely","Not at all likely","Extremely likely",0
"53-81-07-04",9,"Crop Failure",1,"Very severe",0,0,0,0,0,0,0,0,0,0,0,0,0,1,0,"","Not at all likely","Not at all likely","Extremely likely",0
"53-81-07-04",14,"Large Fall in Sale Prices for Cropsand or Livestock",1,"Very severe",0,0,0,0,0,0,0,0,0,0,0,0,0,1,0,"","Not at all likely","Not at all likely","Extremely likely",0
"53-81-07-04",15,"Large Rise in Prices of Food",1,"Very severe",0,0,1,0,2,0,0,0,0,0,0,0,0,0,0,"","Not at all likely","Not at all likely","Extremely likely",0
"53-81-07-04",16,"Large Rise in Prices of Agricultural Inputs(E.g.Agrochemicals,Machinery,HiredLabour)",1,"Very severe",0,0,0,0,0,0,0,0,0,0,0,0,0,1,0,"","Not at all likely","Not at all likely","Extremely likely",0
"65-80-02-03",1,"Chronicor Severe Illnessor Accident of a Household Member",2,"Very severe",1,0,0,0,0,0,0,0,0,0,0,0,0,0,0,"","Not very likely","Not very likely","Not very likely",0
"65-80-02-03",6,"Dwelling Damaged",1,"Very severe",1,0,0,0,0,0,0,0,0,0,0,0,0,0,0,"","Not very likely","Not very likely","Not very likely",0
"65-80-02-03",7,"Drought or Extended Period of No Rain",2,"Severe",1,0,0,0,0,0,0,0,0,0,0,0,0,0,0,"","Not very likely","Not very likely","Not very likely",0
"65-80-02-03",10,"Livestock Disease/Death",2,"Severe",1,0,0,0,0,0,0,0,0,0,0,0,0,0,0,"","Not very likely","Not very likely","Not very likely",0
"69-30-60-03",1,"Chronicor Severe Illnessor Accident of a Household Member",1,"Severe",1,0,0,0,0,0,0,0,0,0,0,0,0,0,0,"","Not at all likely","Not at all likely","Not at all likely",0
"69-30-60-03",7,"Drought or Extended Period of No Rain",2,"Very severe",1,0,2,0,0,0,0,0,0,0,0,0,0,0,0,"","Not at all likely","Not at all likely","Not at all likely",0
"69-30-60-03",15,"Large Rise in Prices of Food",3,"Very severe",1,3,2,0,0,0,0,0,0,0,0,0,0,0,0,"","Not at all likely","Not at all likely","Not at all likely",0
"21-15-99-40",4,"Fire on Property",1,"Very severe",1,0,0,0,0,0,0,0,0,0,0,0,0,0,0,"","Not at all likely","Not at all likely","Not at all likely",0
"21-15-99-40",7,"Drought or Extended Period of No Rain",11,"Very severe",0,0,1,0,0,0,0,0,0,0,2,0,0,0,0,"","Not at all likely","Not at all likely","Not at all likely",0
"21-15-99-40",15,"Large Rise in Prices of Food",3,"Very severe",0,0,1,0,0,0,0,0,0,0,0,0,0,0,0,"","Not at all likely","Not at all likely","Not at all likely",0
"44-56-27-24",7,"Drought or Extended Period of No Rain",2,"Very severe",2,0,1,0,0,0,0,0,0,0,3,0,0,0,0,"","Not at all likely","Not at all likely","Not at all likely",0
"44-56-27-24",10,"Livestock Disease/Death",7,"Severe",0,0,0,0,0,0,0,0,0,0,0,0,0,1,0,"","Not at all likely","Not very likely","Not at all likely",0
"44-56-27-24",15,"Large Rise in Prices of Food",2,"Very severe",1,0,2,0,0,0,3,0,0,0,4,0,0,0,0,"","Extremely likely","Not at all likely","Not at all likely",0
"75-37-22-90",10,"Livestock Disease/Death",1,"Severe",0,0,0,0,0,0,0,0,0,0,0,1,0,0,0,"","Not at all likely","Not at all likely","Very  likely",0
"75-37-22-90",15,"Large Rise in Prices of Food",1,"Severe",0,0,0,0,0,0,0,0,0,0,0,0,0,1,0,"","Not at all likely","Not at all likely","Very  likely",0
"75-37-22-90",19,"Ethnic or Clan Clashes",1,"Severe",0,0,0,0,0,0,0,0,0,0,0,1,0,0,0,"","Not at all likely","Not at all likely","Very  likely",0
"67-01-06-94",7,"Drought or Extended Period of No Rain",2,"Severe",2,0,1,0,0,0,0,0,0,0,0,0,0,0,0,"","Not at all likely","Not at all likely","Not at all likely",0
"67-01-06-94",10,"Livestock Disease/Death",2,"Severe",0,0,0,0,0,0,0,0,0,0,0,0,0,1,0,"","Not at all likely","Not at all likely","Not at all likely",0
"67-01-06-94",15,"Large Rise in Prices of Food",3,"Very severe",1,0,2,0,0,0,0,0,0,0,0,0,0,0,0,"","Not at all likely","Not at all likely","Not at all likely",0
"04-57-01-84",7,"Drought or Extended Period of No Rain",2,"Severe",0,0,0,0,0,0,0,0,0,0,0,1,0,0,0,"","Not at all likely","Not at all likely","Very  likely",0
"04-57-01-84",15,"Large Rise in Prices of Food",1,"Severe",0,0,0,0,0,0,0,0,0,0,0,0,0,1,0,"","Not at all likely","Not at all likely","Very  likely",0
"89-42-22-50",15,"Large Rise in Prices of Food",4,"Very severe",0,0,1,0,0,0,0,0,0,0,0,0,0,0,0,"","Not at all likely","Not at all likely","Not at all likely",0
"41-64-40-11",7,"Drought or Extended Period of No Rain",2,"Very severe",1,2,3,0,0,0,0,0,0,0,0,0,0,0,0,"","Not at all likely","Not at all likely","Not at all likely",0
"41-64-40-11",15,"Large Rise in Prices of Food",2,"Very severe",1,3,2,0,0,0,0,0,0,0,0,0,0,0,0,"","Not at all likely","Not at all likely","Not at all likely",0
"89-49-22-36",7,"Drought or Extended Period of No Rain",2,"Very severe",0,0,0,1,0,0,0,0,0,0,2,0,0,0,0,"","Not very likely","Not very likely","Not very likely",0
"89-49-22-36",15,"Large Rise in Prices of Food",3,"Very severe",0,0,1,0,0,0,0,0,0,0,2,0,0,0,0,"","Not at all likely","Not at all likely","Very  likely",0
"20-63-38-57",5,"Robbery/Burglary",7,"Very severe",0,0,0,0,0,0,0,0,0,0,0,0,1,0,0,"","Not very likely","Not very likely","Not very likely",0
"20-63-38-57",7,"Drought or Extended Period of No Rain",9,"Very severe",0,0,0,0,0,0,0,0,0,0,1,0,0,0,0,"","Not very likely","Not very likely","Not very likely",0
"20-63-38-57",10,"Livestock Disease/Death",3,"Very severe",0,0,0,0,0,0,0,0,0,0,0,0,0,1,0,"","Not very likely","Not very likely","Not very likely",0
"20-63-38-57",15,"Large Rise in Prices of Food",12,"Very severe",0,0,0,0,0,0,0,0,0,0,1,0,0,0,0,"","Not very likely","Not very likely","Not very likely",0
"20-63-38-57",19,"Ethnic or Clan Clashes",3,"Very severe",0,0,0,0,0,0,0,0,0,0,0,0,0,0,1,"They go for hidings","Not very likely","Not very likely","Not very likely",0
"84-72-64-66",7,"Drought or Extended Period of No Rain",2,"Very severe",1,0,0,0,0,0,0,0,0,0,0,0,0,0,0,"","Not at all likely","Not at all likely","Not at all likely",0
"84-72-64-66",10,"Livestock Disease/Death",2,"Very severe",1,0,0,0,0,0,0,0,0,0,0,0,0,0,0,"","Not at all likely","Not at all likely","Not at all likely",0
"84-72-64-66",15,"Large Rise in Prices of Food",2,"Very severe",1,0,0,0,0,0,0,0,0,0,0,0,0,0,0,"","Not at all likely","Not at all likely","Not at all likely",0
"63-42-88-22",7,"Drought or Extended Period of No Rain",2,"Severe",0,0,0,0,0,0,0,0,0,0,1,0,0,0,0,"","Not at all likely","Not very likely","Not at all likely",0
"63-42-88-22",10,"Livestock Disease/Death",2,"Severe",0,0,0,0,0,0,0,0,0,0,1,0,2,0,0,"","Not at all likely","Not at all likely","Not at all likely",0
"63-42-88-22",15,"Large Rise in Prices of Food",7,"Very severe",0,0,1,0,0,0,0,0,0,0,2,0,0,0,0,"","Not at all likely","Not at all likely","Not at all likely",0
"22-88-22-30",7,"Drought or Extended Period of No Rain",1,"Very severe",0,0,2,0,1,0,0,0,0,0,0,0,0,0,0,"","Not at all likely","Not at all likely","Extremely likely",0
"22-88-22-30",15,"Large Rise in Prices of Food",1,"Very severe",0,0,2,0,1,0,0,0,0,0,0,0,0,0,0,"","Not at all likely","Not at all likely","Extremely likely",0
"27-50-41-80",2,"Death of a Household Member",1,"Very severe",1,0,0,0,0,0,0,0,0,0,0,0,0,0,0,"","Not at all likely","Not at all likely","Not at all likely",0
"27-50-41-80",7,"Drought or Extended Period of No Rain",2,"Very severe",1,0,0,0,0,0,0,0,0,0,0,0,0,0,0,"","Not at all likely","Not at all likely","Not at all likely",0
"87-50-20-38",9,"Crop Failure",2,"Severe",0,0,0,0,0,0,0,0,0,0,0,0,0,1,0,"","Not at all likely","Not at all likely","Very  likely",0
"87-50-20-38",10,"Livestock Disease/Death",10,"Very severe",0,0,0,0,0,0,0,0,0,0,0,0,0,1,0,"","Not at all likely","Not at all likely","Very  likely",0
"87-50-20-38",15,"Large Rise in Prices of Food",1,"Severe",0,0,1,0,0,0,0,0,0,0,2,0,0,0,0,"","Not at all likely","Not at all likely","Very  likely",0
"78-63-95-63",5,"Robbery/Burglary",1,"Very severe",0,0,0,0,0,0,0,0,0,0,0,0,1,0,0,"","Not very likely","Not very likely","Not very likely",0
"78-63-95-63",7,"Drought or Extended Period of No Rain",9,"Very severe",0,0,0,0,0,0,0,0,0,0,1,0,0,0,0,"","Not very likely","Not very likely","Not very likely",0
"78-63-95-63",9,"Crop Failure",3,"Very severe",0,0,0,0,0,0,0,0,0,0,0,0,0,1,0,"","Not very likely","Not very likely","Not very likely",0
"78-63-95-63",10,"Livestock Disease/Death",10,"Very severe",0,0,0,0,0,0,0,0,0,0,0,0,0,0,1,"Injection of livestock","Not very likely","Not very likely","Not very likely",0
"78-63-95-63",15,"Large Rise in Prices of Food",12,"Very severe",0,0,0,0,0,0,0,0,0,0,1,0,0,0,0,"","Not very likely","Not very likely","Not very likely",0
"78-63-95-63",19,"Ethnic or Clan Clashes",3,"Very severe",0,0,0,0,0,0,0,0,0,0,0,0,0,0,1,"Go for hidings","Not very likely","Not very likely","Not very likely",0
"21-75-94-85",7,"Drought or Extended Period of No Rain",3,"Very severe",1,0,2,0,0,0,3,0,0,0,0,0,0,0,0,"","Not at all likely","Not at all likely","Not at all likely",0
"21-75-94-85",9,"Crop Failure",2,"Very severe",0,0,0,0,0,0,0,0,0,0,0,0,0,1,0,"","Not at all likely","Not at all likely","Not at all likely",0
"21-75-94-85",15,"Large Rise in Prices of Food",3,"Very severe",1,0,2,0,0,0,0,0,0,0,0,0,0,0,0,"","Not at all likely","Not at all likely","Not at all likely",0
"20-46-30-59",7,"Drought or Extended Period of No Rain",2,"Very severe",1,0,2,0,0,0,0,0,0,0,0,0,0,0,0,"","Not at all likely","Not at all likely","Not at all likely",0
"20-46-30-59",15,"Large Rise in Prices of Food",2,"Very severe",1,0,2,0,0,0,0,0,0,0,0,0,0,0,0,"","Not at all likely","Not at all likely","Not at all likely",0
"12-17-56-74",7,"Drought or Extended Period of No Rain",9,"Very severe",0,0,1,0,0,0,0,0,0,0,2,0,0,0,0,"","Not at all likely","Not at all likely","Not at all likely",0
"12-17-56-74",9,"Crop Failure",2,"Very severe",0,0,1,0,0,0,0,0,0,0,0,0,0,0,0,"","Not at all likely","Not at all likely","Not at all likely",0
"12-17-56-74",15,"Large Rise in Prices of Food",1,"Very severe",0,0,1,0,0,0,0,0,0,0,2,0,0,0,0,"","Not at all likely","Not at all likely","Not at all likely",0
"80-41-60-05",9,"Crop Failure",2,"Very severe",0,0,0,0,0,0,0,0,0,0,0,0,0,1,0,"","Not at all likely","Not at all likely","Very  likely",0
"80-41-60-05",10,"Livestock Disease/Death",3,"Severe",0,0,0,0,0,0,0,0,0,0,0,0,0,1,0,"","Not at all likely","Not at all likely","Very  likely",0
"80-41-60-05",15,"Large Rise in Prices of Food",1,"Very severe",0,0,1,0,0,0,0,0,0,0,2,0,0,0,0,"","Not at all likely","Not at all likely","Very  likely",0
"50-77-28-73",7,"Drought or Extended Period of No Rain",2,"Severe",0,0,1,0,0,0,0,0,0,0,2,0,0,0,0,"","Not very likely","Not at all likely","Not at all likely",0
"50-77-28-73",15,"Large Rise in Prices of Food",2,"Very severe",0,0,1,0,0,0,0,0,0,0,2,0,0,0,0,"","Not at all likely","Not very likely","Not at all likely",0
"42-38-30-13",3,"Household Member Jailed",1,"Severe",1,0,0,0,0,0,0,0,0,0,0,0,0,0,0,"","Not very likely","Not at all likely","Not at all likely",0
"42-38-30-13",7,"Drought or Extended Period of No Rain",1,"Severe",0,0,0,0,0,0,0,0,0,0,0,0,0,1,0,"","Not very likely","Not at all likely","Not at all likely",0
"42-38-30-13",10,"Livestock Disease/Death",1,"Very severe",0,0,0,0,0,0,0,0,0,0,0,0,1,0,0,"","Not at all likely","Not at all likely","Not at all likely",0
"42-38-30-13",15,"Large Rise in Prices of Food",4,"Very severe",0,0,1,0,0,0,0,0,0,0,0,0,0,0,0,"","Not at all likely","Not at all likely","Not at all likely",0
"42-38-30-13",16,"Large Rise in Prices of Agricultural Inputs(E.g.Agrochemicals,Machinery,HiredLabour)",1,"Severe",0,0,0,0,0,0,0,0,0,0,0,0,0,1,0,"","Not very likely","Not at all likely","Not at all likely",0
"42-38-30-13",19,"Ethnic or Clan Clashes",2,"Mild",0,0,0,0,0,0,0,0,0,0,0,0,0,1,0,"","Not very likely","Not at all likely","Not at all likely",0
"05-33-62-23",7,"Drought or Extended Period of No Rain",2,"Very severe",1,2,3,0,0,0,0,0,0,0,0,0,0,0,0,"","Not at all likely","Not at all likely","Not at all likely",0
"05-33-62-23",15,"Large Rise in Prices of Food",3,"Very severe",1,3,2,0,0,0,0,0,0,0,0,0,0,0,0,"","Not at all likely","Not very likely","Not at all likely",0
"17-87-80-73",7,"Drought or Extended Period of No Rain",10,"Very severe",0,0,1,0,0,0,0,0,0,0,2,0,0,0,0,"","Not at all likely","Not at all likely","Not at all likely",0
"17-87-80-73",9,"Crop Failure",2,"Very severe",0,0,1,0,0,0,0,0,0,0,0,0,0,0,0,"","Not at all likely","Not at all likely","Not at all likely",0
"17-87-80-73",10,"Livestock Disease/Death",2,"Very severe",0,0,0,0,0,0,0,0,0,0,0,0,0,1,0,"","Not at all likely","Not at all likely","Not at all likely",0
"17-87-80-73",15,"Large Rise in Prices of Food",5,"Very severe",0,0,1,0,0,0,0,0,0,0,2,0,0,0,0,"","Not at all likely","Not at all likely","Not at all likely",0
"17-87-80-73",18,"End of Regular Assistance(E.g.Pension,CashTransfer,Remittances)from Outside the Household",1,"Very severe",0,0,1,0,0,0,0,0,0,0,2,0,0,0,0,"","Not at all likely","Not at all likely","Not at all likely",0
"73-58-06-14",7,"Drought or Extended Period of No Rain",2,"Very severe",0,0,1,0,0,0,2,0,0,0,0,0,0,0,0,"","Not at all likely","Not very likely","Not very likely",0
"73-58-06-14",15,"Large Rise in Prices of Food",2,"Mild",0,0,1,0,0,0,2,0,0,0,0,0,0,0,0,"","Not at all likely","Not at all likely","Not at all likely",0
"73-58-06-14",16,"Large Rise in Prices of Agricultural Inputs(E.g.Agrochemicals,Machinery,HiredLabour)",2,"Severe",0,0,0,0,0,0,1,0,0,0,0,0,0,0,0,"","Not at all likely","Not very likely","Not very likely",0
"22-13-82-99",10,"Livestock Disease/Death",2,"Very severe",1,0,0,0,0,0,0,0,0,0,0,0,0,0,0,"","Very  likely","Not very likely","Not very likely",0
"49-72-13-69",7,"Drought or Extended Period of No Rain",1,"Very severe",0,0,1,0,2,0,0,0,0,0,0,0,0,0,0,"","Not at all likely","Not at all likely","Extremely likely",0
"49-72-13-69",15,"Large Rise in Prices of Food",1,"Very severe",0,0,1,0,2,0,0,0,0,0,3,0,0,0,0,"","Not at all likely","Not at all likely","Extremely likely",0
"49-72-13-69",16,"Large Rise in Prices of Agricultural Inputs(E.g.Agrochemicals,Machinery,HiredLabour)",1,"Very severe",0,0,0,0,0,0,0,0,1,0,0,0,0,0,0,"","Not at all likely","Not at all likely","Extremely likely",0
"72-23-50-93",7,"Drought or Extended Period of No Rain",3,"Very severe",0,0,1,0,0,0,0,0,0,0,2,0,0,0,0,"","Not at all likely","Not at all likely","Not at all likely",0
"72-23-50-93",10,"Livestock Disease/Death",3,"Severe",0,0,0,0,0,0,0,0,0,0,0,0,0,1,0,"","Not at all likely","Not at all likely","Not at all likely",0
"72-23-50-93",15,"Large Rise in Prices of Food",3,"Very severe",0,0,1,0,0,0,2,0,0,0,0,0,0,0,0,"","Not at all likely","Not at all likely","Not at all likely",0
"24-20-09-18",7,"Drought or Extended Period of No Rain",1,"Very severe",0,0,1,0,2,0,0,0,0,0,3,0,0,0,0,"","Not at all likely","Not at all likely","Extremely likely",0
"24-20-09-18",15,"Large Rise in Prices of Food",1,"Very severe",0,0,1,0,2,0,0,0,0,0,3,0,0,0,0,"","Not at all likely","Not at all likely","Extremely likely",0
"24-20-09-18",16,"Large Rise in Prices of Agricultural Inputs(E.g.Agrochemicals,Machinery,HiredLabour)",1,"Severe",0,0,0,0,0,0,0,0,0,0,1,0,0,0,0,"","Not at all likely","Not at all likely","Extremely likely",0
"02-65-40-62",7,"Drought or Extended Period of No Rain",9,"Very severe",0,0,0,0,0,0,0,0,0,0,1,0,0,0,0,"","Not very likely","Not very likely","Not very likely",0
"02-65-40-62",9,"Crop Failure",3,"Very severe",0,0,0,0,0,0,0,0,0,0,0,0,0,1,0,"","Not very likely","Not very likely","Not very likely",0
"02-65-40-62",10,"Livestock Disease/Death",8,"Very severe",0,0,0,0,0,0,0,0,0,0,0,0,0,0,1,"Injection of livestock","Not very likely","Not very likely","Not very likely",0
"02-65-40-62",15,"Large Rise in Prices of Food",12,"Very severe",0,0,0,0,0,0,0,0,0,0,1,0,0,0,0,"","Not very likely","Not very likely","Not very likely",0
"02-65-40-62",19,"Ethnic or Clan Clashes",2,"Very severe",0,0,0,0,0,0,0,0,0,0,0,0,0,0,1,"They went for hidings","Not very likely","Not very likely","Not very likely",0
"65-04-66-76",7,"Drought or Extended Period of No Rain",2,"Very severe",0,0,0,1,0,0,0,0,0,0,0,0,0,0,0,"","Not very likely","Not very likely","Not very likely",0
"65-04-66-76",15,"Large Rise in Prices of Food",2,"Very severe",0,0,1,0,0,0,0,0,0,0,0,0,0,0,0,"","Not very likely","Not at all likely","Very  likely",0
"87-33-92-13",7,"Drought or Extended Period of No Rain",9,"Very severe",0,0,0,0,0,0,0,0,0,0,1,0,0,0,0,"","Not very likely","Not very likely","Not very likely",0
"87-33-92-13",9,"Crop Failure",1,"Very severe",0,0,0,0,0,0,0,0,0,0,0,0,0,1,0,"","Not very likely","Not very likely","Not very likely",0
"87-33-92-13",10,"Livestock Disease/Death",10,"Very severe",0,0,0,0,0,0,0,0,0,0,0,0,0,0,1,"Injection of livestock","Not very likely","Not very likely","Not very likely",0
"87-33-92-13",15,"Large Rise in Prices of Food",12,"Very severe",0,0,0,0,0,0,0,0,0,0,1,0,0,0,0,"","Not very likely","Not very likely","Not very likely",0
"87-33-92-13",19,"Ethnic or Clan Clashes",2,"Very severe",0,0,0,0,0,0,0,0,0,0,0,0,0,0,1,"Go for hidings","Not very likely","Not very likely","Not very likely",0
"61-75-70-64",7,"Drought or Extended Period of No Rain",1,"Severe",1,0,0,2,0,0,0,0,0,0,3,0,0,0,0,"","Not very likely","Not at all likely","Not at all likely",0
"61-75-70-64",9,"Crop Failure",1,"Very severe",3,0,2,0,0,0,0,0,0,0,1,0,0,0,0,"","Not very likely","Not at all likely","Not at all likely",0
"61-75-70-64",10,"Livestock Disease/Death",1,"Severe",0,0,0,0,0,0,0,0,0,0,0,0,1,0,0,"","Not at all likely","Not at all likely","Not at all likely",0
"61-75-70-64",15,"Large Rise in Prices of Food",7,"Very severe",0,0,1,0,0,0,0,0,0,0,0,0,0,0,0,"","Not at all likely","Not at all likely","Not at all likely",0
"23-31-62-51",9,"Crop Failure",2,"Severe",0,0,0,0,0,0,1,0,0,0,0,0,0,2,0,"","Not at all likely","Not at all likely","Very  likely",0
"23-31-62-51",15,"Large Rise in Prices of Food",1,"Severe",0,0,0,0,0,0,0,0,0,0,0,0,0,1,0,"","Not at all likely","Not at all likely","Very  likely",0
"23-31-62-51",19,"Ethnic or Clan Clashes",1,"Severe",0,0,0,0,0,0,0,0,0,0,0,1,0,0,0,"","Not at all likely","Not at all likely","Very  likely",0
"95-05-18-77",7,"Drought or Extended Period of No Rain",1,"Very severe",0,0,1,0,2,0,0,0,0,0,3,0,0,0,0,"","Not at all likely","Not at all likely","Extremely likely",0
"95-05-18-77",9,"Crop Failure",2,"Very severe",0,0,0,0,0,0,0,0,0,0,0,0,0,1,0,"","Not at all likely","Not at all likely","Extremely likely",0
"95-05-18-77",15,"Large Rise in Prices of Food",1,"Very severe",0,0,1,0,2,0,0,0,0,0,3,0,0,0,0,"","Not at all likely","Not at all likely","Extremely likely",0
"87-43-52-74",7,"Drought or Extended Period of No Rain",2,"Very severe",1,0,2,0,0,0,0,0,0,0,0,0,0,0,0,"","Not at all likely","Not at all likely","Not at all likely",0
"87-43-52-74",15,"Large Rise in Prices of Food",2,"Very severe",1,0,2,0,0,0,0,0,0,0,0,0,0,0,0,"","Not at all likely","Not at all likely","Not at all likely",0
"61-21-03-67",7,"Drought or Extended Period of No Rain",1,"Severe",0,0,0,0,0,0,0,0,0,0,0,0,0,0,1,"charcoal burning","Not at all likely","Not at all likely","Not at all likely",0
"61-21-03-67",8,"Floods",1,"Severe",0,0,0,0,0,0,0,0,0,0,0,0,0,1,0,"","Not at all likely","Not at all likely","Not at all likely",0
"61-21-03-67",9,"Crop Failure",1,"Severe",0,0,1,0,0,0,0,0,0,0,0,0,0,0,0,"","Not at all likely","Not at all likely","Not at all likely",0
"61-21-03-67",10,"Livestock Disease/Death",1,"Severe",0,0,0,0,0,0,0,0,0,0,0,0,0,0,1,"the house hold  vaccinated their goats","Not at all likely","Not at all likely","Not at all likely",0
"61-21-03-67",15,"Large Rise in Prices of Food",5,"Very severe",0,0,2,0,1,0,0,0,0,0,0,0,0,0,0,"","Not at all likely","Not at all likely","Not at all likely",0
"72-29-78-52",7,"Drought or Extended Period of No Rain",5,"Very severe",0,0,0,0,1,0,0,0,0,0,0,0,0,0,0,"","Not at all likely","Not at all likely","Very  likely",0
"72-29-78-52",9,"Crop Failure",3,"Severe",0,0,0,1,0,0,0,0,0,0,2,0,0,0,0,"","Not very likely","Not very likely","Very  likely",0
"72-29-78-52",10,"Livestock Disease/Death",3,"Very severe",0,0,0,0,0,0,0,0,0,0,1,0,0,0,0,"","Not at all likely","Not at all likely","Very  likely",0
"72-29-78-52",15,"Large Rise in Prices of Food",5,"Very severe",0,0,1,0,0,0,0,0,0,0,0,0,0,0,0,"","Not very likely","Not at all likely","Very  likely",0
"72-29-78-52",16,"Large Rise in Prices of Agricultural Inputs(E.g.Agrochemicals,Machinery,HiredLabour)",1,"Very severe",0,0,1,0,0,0,0,0,0,0,0,0,0,0,0,"","Not at all likely","Not at all likely","Not very likely",0
"11-76-72-18",10,"Livestock Disease/Death",1,"Severe",0,0,0,0,0,0,0,0,0,0,0,0,0,1,0,"","Not at all likely","Not at all likely","Very  likely",0
"11-76-72-18",14,"Large Fall in Sale Prices for Cropsand or Livestock",1,"Severe",0,0,0,0,0,0,0,0,0,0,1,0,0,0,0,"","Not at all likely","Not at all likely","Very  likely",0
"11-76-72-18",15,"Large Rise in Prices of Food",1,"Severe",0,0,1,0,0,0,0,0,0,0,0,0,0,0,0,"","Not at all likely","Not at all likely","Very  likely",0
"97-14-88-73",15,"Large Rise in Prices of Food",4,"Very severe",0,0,2,0,1,0,0,0,0,0,0,0,0,0,0,"","Very  likely","Not very likely","Very  likely",0
"68-19-50-42",7,"Drought or Extended Period of No Rain",1,"Severe",0,0,0,0,0,0,0,0,0,0,0,1,0,0,0,"","Not at all likely","Not at all likely","Very  likely",0
"68-19-50-42",9,"Crop Failure",2,"Severe",0,0,0,0,0,0,0,0,0,0,1,0,0,0,0,"","Not at all likely","Not at all likely","Very  likely",0
"68-19-50-42",10,"Livestock Disease/Death",1,"Severe",0,0,0,0,0,1,0,0,0,0,0,2,0,0,0,"","Not at all likely","Not at all likely","Very  likely",0
"68-19-50-42",15,"Large Rise in Prices of Food",1,"Severe",0,0,0,0,0,0,0,0,0,0,0,0,0,1,0,"","Not at all likely","Not at all likely","Very  likely",0
"95-00-37-38",1,"Chronicor Severe Illnessor Accident of a Household Member",3,"Very severe",1,0,0,0,0,2,0,0,0,0,0,0,0,0,0,"","Not at all likely","Not at all likely","Extremely likely",0
"95-00-37-38",7,"Drought or Extended Period of No Rain",4,"Very severe",2,0,1,0,0,0,0,0,0,0,0,0,0,0,0,"","Not very likely","Not at all likely","Very  likely",0
"95-00-37-38",15,"Large Rise in Prices of Food",3,"Very severe",1,0,2,0,0,0,0,0,0,0,0,0,0,0,0,"","Not very likely","Not at all likely","Very  likely",0
"94-73-96-31",1,"Chronicor Severe Illnessor Accident of a Household Member",5,"Very severe",2,0,0,0,1,0,0,0,0,0,0,0,0,0,0,"","Not very likely","Not at all likely","Extremely likely",0
"94-73-96-31",7,"Drought or Extended Period of No Rain",3,"Very severe",0,0,0,0,1,0,0,0,0,0,0,0,0,0,0,"","Not at all likely","Very  likely","Extremely likely",0
"94-73-96-31",15,"Large Rise in Prices of Food",3,"Very severe",0,0,0,0,1,0,0,0,0,0,0,0,0,0,0,"","Not very likely","Not very likely","Very  likely",0
"40-23-79-37",9,"Crop Failure",2,"Severe",0,0,0,0,0,0,0,0,0,0,0,0,0,1,0,"","Not at all likely","Not at all likely","Very  likely",0
"40-23-79-37",15,"Large Rise in Prices of Food",1,"Severe",0,0,2,0,0,0,0,0,0,0,1,0,0,0,0,"","Not at all likely","Not at all likely","Very  likely",0
"49-36-92-60",7,"Drought or Extended Period of No Rain",10,"Very severe",0,0,1,0,0,0,0,0,0,0,0,0,0,0,0,"","Not at all likely","Not at all likely","Not at all likely",0
"49-36-92-60",15,"Large Rise in Prices of Food",3,"Very severe",0,0,1,0,0,0,0,0,0,0,0,0,0,0,0,"","Not at all likely","Not at all likely","Not at all likely",0
"21-46-54-95",2,"Death of a Household Member",1,"Severe",1,0,0,0,0,0,0,0,0,0,0,0,0,0,0,"","Not at all likely","Not at all likely","Not at all likely",0
"21-46-54-95",6,"Dwelling Damaged",1,"Severe",0,0,0,0,0,0,0,0,0,0,0,0,0,1,0,"","Not very likely","Not at all likely","Not very likely",0
"21-46-54-95",7,"Drought or Extended Period of No Rain",1,"Very severe",0,0,0,0,0,0,0,0,0,0,0,1,0,0,0,"","Not at all likely","Not at all likely","Not at all likely",0
"21-46-54-95",8,"Floods",1,"Very severe",0,2,0,0,0,0,0,0,0,0,0,1,0,0,0,"","Not at all likely","Not at all likely","Not at all likely",0
"21-46-54-95",9,"Crop Failure",2,"Severe",0,0,2,0,0,0,0,0,0,0,0,0,0,1,0,"","Not at all likely","Not at all likely","Not at all likely",1
"21-46-54-95",10,"Livestock Disease/Death",1,"Severe",0,0,0,0,0,0,0,0,0,0,0,0,0,1,0,"","Not very likely","Not at all likely","Not at all likely",0
"21-46-54-95",12,"Household Business Failure(Non-Agricultural)",3,"Very severe",0,0,0,0,0,0,0,0,0,0,0,0,0,1,0,"","Not at all likely","Not at all likely","Not at all likely",0
"21-46-54-95",14,"Large Fall in Sale Prices for Cropsand or Livestock",3,"Very severe",0,0,1,0,0,0,0,0,0,0,0,0,0,0,0,"","Not at all likely","Not at all likely","Not at all likely",0
"21-46-54-95",15,"Large Rise in Prices of Food",5,"Very severe",0,0,1,0,0,0,0,0,0,0,0,0,0,0,0,"","Not very likely","Not at all likely","Not at all likely",0
"21-46-54-95",16,"Large Rise in Prices of Agricultural Inputs(E.g.Agrochemicals,Machinery,HiredLabour)",1,"Severe",0,0,0,0,0,0,0,0,0,0,0,0,0,1,0,"","Not at all likely","Not at all likely","Not at all likely",0
"21-46-54-95",17,"Loss of Land",1,"Very severe",0,0,0,0,0,0,0,0,0,0,0,0,0,1,0,"","Not at all likely","Not at all likely","Not at all likely",0
"65-71-98-91",2,"Death of a Household Member",1,"Very severe",1,0,0,0,0,0,0,0,0,0,0,0,0,0,0,"","Not very likely","Not very likely","Not very likely",0
"65-71-98-91",7,"Drought or Extended Period of No Rain",9,"Very severe",0,0,0,0,0,0,0,0,0,0,1,0,0,0,0,"","Not very likely","Not very likely","Not very likely",0
"65-71-98-91",9,"Crop Failure",1,"Very severe",0,0,0,0,0,0,0,0,0,0,0,0,0,1,0,"","Not very likely","Not very likely","Not very likely",0
"65-71-98-91",10,"Livestock Disease/Death",20,"Very severe",0,0,0,0,0,0,0,0,0,0,0,0,0,0,1,"Looked for pastures in other places","Not very likely","Not very likely","Not very likely",0
"65-71-98-91",15,"Large Rise in Prices of Food",12,"Very severe",0,0,0,0,0,0,0,0,0,0,1,0,0,0,0,"","Not very likely","Not very likely","Not very likely",0
"65-71-98-91",19,"Ethnic or Clan Clashes",4,"Very severe",0,0,0,0,0,0,0,0,0,0,0,0,0,0,1,"Went for hidings","Not very likely","Not very likely","Not very likely",0
"58-91-32-30",7,"Drought or Extended Period of No Rain",5,"Severe",1,0,0,0,0,0,0,0,0,0,0,0,0,0,0,"","Not very likely","Not very likely","Not very likely",0
"58-91-32-30",10,"Livestock Disease/Death",2,"Very severe",1,0,0,0,0,0,0,0,0,0,0,0,0,0,0,"","Not very likely","Not very likely","Not very likely",0
"58-91-32-30",14,"Large Fall in Sale Prices for Cropsand or Livestock",1,"Severe",0,0,0,0,0,0,0,0,0,0,1,0,0,0,0,"","Not at all likely","Not at all likely","Very  likely",0
"58-91-32-30",15,"Large Rise in Prices of Food",1,"Very severe",0,0,2,0,0,0,0,0,0,0,1,0,0,0,0,"","Not at all likely","Not at all likely","Very  likely",0
"58-91-32-30",17,"Loss of Land",1,"Very severe",0,0,0,0,0,0,0,0,0,0,0,0,0,1,0,"","Not at all likely","Not at all likely","Very  likely",0
"18-10-16-95",9,"Crop Failure",2,"Very severe",0,0,0,0,0,0,0,0,0,0,0,0,0,1,0,"","Not at all likely","Not at all likely","Not very likely",0
"18-10-16-95",15,"Large Rise in Prices of Food",4,"Very severe",0,0,0,0,0,0,0,0,0,0,1,0,0,0,0,"","Not at all likely","Not very likely","Not very likely",0
"20-74-87-97",1,"Chronicor Severe Illnessor Accident of a Household Member",2,"Very severe",1,0,0,0,0,0,0,0,0,0,0,0,0,0,0,"","Not at all likely","Not at all likely","Not at all likely",0
"20-74-87-97",7,"Drought or Extended Period of No Rain",10,"Very severe",1,0,0,0,0,0,0,0,0,0,0,0,0,0,0,"","Not at all likely","Not at all likely","Not at all likely",0
"20-74-87-97",15,"Large Rise in Prices of Food",3,"Very severe",1,0,0,0,0,0,0,0,0,0,0,0,0,0,0,"","Not at all likely","Not at all likely","Not at all likely",0
"20-74-87-97",18,"End of Regular Assistance(E.g.Pension,CashTransfer,Remittances)from Outside the Household",1,"Very severe",1,0,0,0,0,0,0,0,0,0,0,0,0,0,0,"","Not at all likely","Not at all likely","Not at all likely",0
"42-18-27-84",7,"Drought or Extended Period of No Rain",12,"Very severe",0,0,1,0,0,0,0,0,0,0,2,0,0,0,0,"","Not at all likely","Not at all likely","Not at all likely",0
"42-18-27-84",10,"Livestock Disease/Death",2,"Very severe",0,0,0,0,0,0,0,0,0,0,0,1,0,0,0,"","Not at all likely","Not at all likely","Not at all likely",0
"42-18-27-84",15,"Large Rise in Prices of Food",5,"Very severe",0,0,1,0,0,0,0,0,0,0,2,0,0,0,0,"","Not at all likely","Not at all likely","Not at all likely",0
"65-19-88-53",7,"Drought or Extended Period of No Rain",10,"Very severe",0,0,1,0,0,0,0,0,0,0,0,0,0,0,0,"","Not at all likely","Not at all likely","Not at all likely",0
"65-19-88-53",10,"Livestock Disease/Death",3,"Very severe",0,0,1,0,0,0,0,0,0,0,0,0,0,0,0,"","Not at all likely","Not at all likely","Not at all likely",0
"65-19-88-53",15,"Large Rise in Prices of Food",2,"Very severe",0,0,1,0,0,0,0,0,0,0,0,0,0,0,0,"","Not at all likely","Not at all likely","Not at all likely",0
"56-92-07-98",2,"Death of a Household Member",1,"Very severe",0,0,0,0,0,0,0,0,0,0,0,1,0,0,0,"","Not at all likely","Not at all likely","Very  likely",0
"56-92-07-98",10,"Livestock Disease/Death",2,"Severe",0,0,0,0,0,0,0,0,0,0,0,1,0,0,0,"","Not at all likely","Not at all likely","Very  likely",0
"56-92-07-98",15,"Large Rise in Prices of Food",1,"Severe",0,0,0,0,0,0,0,0,0,0,0,0,0,1,0,"","Not at all likely","Not at all likely","Very  likely",0
"56-92-07-98",19,"Ethnic or Clan Clashes",1,"Very severe",0,0,0,0,0,0,0,0,0,0,0,1,0,0,0,"","Not at all likely","Not at all likely","Very  likely",0
"74-74-25-12",7,"Drought or Extended Period of No Rain",7,"Very severe",0,0,1,0,0,0,0,0,0,0,2,0,0,0,0,"","Not at all likely","Not at all likely","Not at all likely",0
"74-74-25-12",10,"Livestock Disease/Death",2,"Very severe",0,0,1,0,0,0,0,0,0,0,0,0,0,0,0,"","Not at all likely","Not at all likely","Not at all likely",0
"74-74-25-12",15,"Large Rise in Prices of Food",4,"Very severe",0,0,1,0,0,0,0,0,0,0,0,0,0,0,0,"","Not at all likely","Not at all likely","Not at all likely",0
"83-96-24-75",2,"Death of a Household Member",1,"Very severe",1,0,0,0,0,0,0,0,0,0,0,0,0,0,0,"","Not very likely","Not very likely","Not very likely",0
"83-96-24-75",7,"Drought or Extended Period of No Rain",9,"Very severe",0,0,2,0,0,0,0,0,0,0,1,0,0,0,0,"","Not very likely","Not very likely","Not very likely",0
"83-96-24-75",9,"Crop Failure",1,"Very severe",0,0,0,0,0,0,0,0,0,0,0,0,0,1,0,"","Not very likely","Not very likely","Not very likely",0
"83-96-24-75",10,"Livestock Disease/Death",10,"Very severe",0,0,0,0,0,0,0,0,0,0,0,0,0,0,1,"Injection of livestock","Not very likely","Not very likely","Not very likely",0
"83-96-24-75",15,"Large Rise in Prices of Food",12,"Very severe",0,0,0,0,0,0,0,0,0,0,1,0,0,0,0,"","Not very likely","Not very likely","Not very likely",0
"56-67-49-17",14,"Large Fall in Sale Prices for Cropsand or Livestock",1,"Severe",0,0,0,0,0,0,0,0,0,0,1,0,0,0,0,"","Not very likely","Not at all likely","Very  likely",0
"56-67-49-17",15,"Large Rise in Prices of Food",1,"Severe",0,0,1,0,0,0,0,0,0,0,2,0,0,0,0,"","Not very likely","Not at all likely","Extremely likely",0
"16-50-24-00",15,"Large Rise in Prices of Food",4,"Very severe",2,3,1,0,0,0,0,0,0,0,0,0,0,0,0,"","Not at all likely","Not at all likely","Not at all likely",0
"73-07-75-47",7,"Drought or Extended Period of No Rain",1,"Severe",0,0,0,0,0,0,0,0,0,0,0,1,0,0,0,"","Not at all likely","Not at all likely","Very  likely",0
"73-07-75-47",10,"Livestock Disease/Death",1,"Severe",0,0,0,0,0,0,0,0,0,0,0,0,0,1,0,"","Not at all likely","Not at all likely","Very  likely",0
"73-07-75-47",15,"Large Rise in Prices of Food",1,"Severe",0,0,0,0,0,0,0,0,0,0,0,0,0,1,0,"","Not at all likely","Not at all likely","Very  likely",0
"26-48-16-48",7,"Drought or Extended Period of No Rain",10,"Very severe",0,0,1,0,0,0,0,0,0,0,0,0,0,0,0,"","Not at all likely","Not at all likely","Not at all likely",0
"26-48-16-48",15,"Large Rise in Prices of Food",2,"Very severe",0,0,1,0,0,0,0,0,0,0,2,0,0,0,0,"","Not at all likely","Not at all likely","Not at all likely",0
"72-76-08-58",1,"Chronicor Severe Illnessor Accident of a Household Member",1,"Very severe",0,0,0,0,0,0,0,0,0,0,1,0,0,0,0,"","Not very likely","Not very likely","Not very likely",0
"72-76-08-58",7,"Drought or Extended Period of No Rain",9,"Very severe",0,0,1,0,0,0,0,0,0,0,0,0,0,0,0,"","Not very likely","Not very likely","Not very likely",0
"72-76-08-58",9,"Crop Failure",1,"Very severe",0,0,0,0,0,0,0,0,0,0,0,0,0,1,0,"","Not very likely","Not very likely","Not very likely",0
"72-76-08-58",10,"Livestock Disease/Death",8,"Very severe",0,0,0,0,0,0,0,0,0,0,0,0,0,0,1,"Injection of livestock","Not very likely","Not very likely","Not very likely",0
"72-76-08-58",15,"Large Rise in Prices of Food",12,"Very severe",0,0,0,0,0,0,0,0,0,0,1,0,0,0,0,"","Not very likely","Not very likely","Not very likely",0
"72-76-08-58",19,"Ethnic or Clan Clashes",4,"Very severe",0,0,0,0,0,0,0,0,0,0,0,0,0,0,1,"Go for hidings","Not very likely","Not very likely","Not very likely",0
"51-88-01-88",1,"Chronicor Severe Illnessor Accident of a Household Member",1,"Severe",1,0,0,0,0,0,0,0,0,0,0,0,0,0,0,"","Not at all likely","Not at all likely","Very  likely",0
"51-88-01-88",10,"Livestock Disease/Death",1,"Severe",0,0,0,0,0,0,0,0,0,0,0,1,0,0,0,"","Not at all likely","Not at all likely","Very  likely",0
"51-88-01-88",15,"Large Rise in Prices of Food",1,"Severe",0,0,0,0,0,0,0,0,0,0,0,0,0,1,0,"","Not at all likely","Not at all likely","Very  likely",0
"51-88-01-88",19,"Ethnic or Clan Clashes",1,"Severe",0,0,0,0,0,0,0,0,0,0,0,1,0,0,0,"","Not at all likely","Not at all likely","Very  likely",0
"94-25-97-12",14,"Large Fall in Sale Prices for Cropsand or Livestock",1,"Very severe",0,0,0,0,0,0,0,0,0,0,1,0,0,0,0,"","Not at all likely","Not at all likely","Very  likely",0
"94-25-97-12",15,"Large Rise in Prices of Food",1,"Severe",0,0,0,0,0,0,0,0,0,0,1,0,0,0,0,"","Not at all likely","Not at all likely","Not at all likely",0
"06-34-31-56",7,"Drought or Extended Period of No Rain",2020,"Severe",0,0,0,0,0,0,2,0,0,0,0,1,0,0,0,"","Not at all likely","Not at all likely","Very  likely",0
"06-34-31-56",10,"Livestock Disease/Death",2021,"Severe",0,0,0,0,0,0,0,0,0,0,1,2,0,0,0,"","Not at all likely","Not at all likely","Very  likely",0
"06-34-31-56",15,"Large Rise in Prices of Food",1,"Severe",0,0,0,0,0,0,0,0,0,0,0,0,0,1,0,"","Not at all likely","Not at all likely","Very  likely",0
"85-35-12-09",7,"Drought or Extended Period of No Rain",9,"Very severe",0,0,1,0,0,0,0,0,0,0,2,0,0,0,0,"","Not at all likely","Not at all likely","Not at all likely",0
"85-35-12-09",15,"Large Rise in Prices of Food",3,"Very severe",0,0,1,0,0,0,0,0,0,0,0,0,0,0,0,"","Not at all likely","Not at all likely","Not at all likely",0
