interview__key,r_members__id,r_child__id,ed03asp,asocp01,youth_child_tofarm
"31-67-19-52",1,5,"Post graduate university level","Teacher","Likely"
"31-67-19-52",1,6,"Post graduate university level","Teacher","Likely"
"31-67-19-52",2,5,"Post graduate university level","Teacher","Likely"
"31-67-19-52",2,6,"Post graduate university level","Teacher","Likely"
"38-04-18-34",1,4,"Primary 3","Doctor","Unlikely"
"38-04-18-34",1,6,"Primary 3","Nursing","Unlikely"
"38-04-18-34",2,4,"Primary 3","Teacher","Unlikely"
"38-04-18-34",2,6,"Primary 3","Nursing","Unlikely"
"34-73-96-50",1,5,"University level","Doctor","Unlikely"
"34-73-96-50",1,6,"University level","Teacher","Unlikely"
"34-73-96-50",1,7,"University level","Nursing","Unlikely"
"34-73-96-50",2,5,"Post graduate university level","Doctor","Unlikely"
"34-73-96-50",2,6,"Post graduate university level","Doctor","Unlikely"
"34-73-96-50",2,7,"University level","Teacher","Unlikely"
"93-29-80-09",1,3,"University level","Teacher","Likely"
"93-29-80-09",1,4,"University level","Doctor","Likely"
"93-29-80-09",1,5,"University level","Military-kenya defence force","Maybe, maybe not"
"93-29-80-09",1,6,"University level","Teacher","Very likely"
"93-29-80-09",2,3,"Post graduate university level","Doctor","Likely"
"93-29-80-09",2,4,"University level","Teacher","Likely"
"93-29-80-09",2,5,"University level","Teacher","Likely"
"93-29-80-09",2,6,"University level","Teacher","Likely"
"63-89-80-49",1,5,"University level","Teacher","Maybe, maybe not"
"63-89-80-49",1,6,"University level","Teacher","Likely"
"63-89-80-49",2,5,"University level","Teacher","Likely"
"63-89-80-49",2,6,"University level","Teacher","Likely"
"97-84-26-58",1,3,"Nursey/ Kindergarten/ECD","Engineering","Likely"
"97-84-26-58",1,4,"Nursey/ Kindergarten/ECD","Agriculture","Likely"
"97-84-26-58",1,5,"No formal education","Education","Likely"
"97-84-26-58",2,3,"Nursey/ Kindergarten/ECD","Teacher","Likely"
"97-84-26-58",2,4,"Nursey/ Kindergarten/ECD","Teacher","Likely"
"97-84-26-58",2,5,"No formal education","Teacher","Likely"
"01-78-65-09",1,3,"University level","Doctor","Very likely"
"01-78-65-09",1,4,"University level","Teacher","Likely"
"01-78-65-09",1,5,"University level","Teacher","Likely"
"01-78-65-09",1,6,"Secondary school Year 4","Security officer","Likely"
"01-78-65-09",1,7,"University level","Teacher","Likely"
"77-02-48-37",1,5,"University level","Teacher","Maybe, maybe not"
"77-02-48-37",1,6,"University level","Military","Likely"
"77-02-48-37",2,5,"University level","Nurse","Likely"
"77-02-48-37",2,6,"Post secondary tertiary college","Tailor","Maybe, maybe not"
"46-96-59-64",1,7,"University level","Doctor","Very likely"
"46-96-59-64",1,8,"University level","Nurse","Likely"
"46-96-59-64",1,9,"University level","Teacher","Likely"
"01-51-99-07",1,3,"University level","Doctor","Maybe, maybe not"
"39-75-97-43",1,6,"University level","Doctor","Likely"
"11-52-82-38",2,7,"University level","Doctor","Likely"
"11-52-82-38",8,7,"University level","Lawyer","Likely"
"19-06-13-08",1,2,"University level","Teacher","Very likely"
"19-06-13-08",1,3,"Post graduate university level","Nurse","Very likely"
"74-04-26-51",1,4,"University level","Doctor","Unlikely"
"74-04-26-51",1,5,"University level","Engineer","Unlikely"
"37-83-74-10",1,4,"Post graduate university level","Pilot","Very likely"
"37-83-74-10",1,5,"Post graduate university level","Nurse","Very likely"
"37-83-74-10",2,4,"University level","Pilot","Very likely"
"37-83-74-10",2,5,"Post graduate university level","Doctor","Very likely"
"39-40-38-02",1,3,"University level","Doctor","Likely"
"39-40-38-02",1,4,"University level","Teacher/lawyer","Very likely"
"39-40-38-02",1,5,"University level","Teacher","Likely"
"39-40-38-02",1,6,"Post graduate university level","Doctor","Likely"
"39-40-38-02",2,3,"University level","Teacher","Very likely"
"39-40-38-02",2,4,"University level","Teacher","Very likely"
"39-40-38-02",2,5,"University level","Nurse","Very likely"
"39-40-38-02",2,6,"University level","Teacher","Very likely"
"14-71-87-39",2,3,"Post secondary tertiary college","Doctor","Likely"
"14-71-87-39",2,4,"Post secondary tertiary college","Food handler","Maybe, maybe not"
"14-71-87-39",2,5,"Post secondary tertiary college","Teacher","Likely"
"14-71-87-39",2,6,"Post secondary tertiary college","Teacher","Likely"
"14-71-87-39",2,7,"Post secondary tertiary college","Hotel manager","Maybe, maybe not"
"86-00-55-84",2,7,"University level","Doctor","Likely"
"17-23-66-97",1,7,"University level","Nurse","Likely"
"17-23-66-97",5,7,"Post graduate university level","Doctor","Likely"
"71-45-81-79",1,2,"University level","Nursing","Unlikely"
"71-45-81-79",1,3,"University level","Teacher","Unlikely"
"71-45-81-79",1,4,"University level","Doctor","Unlikely"
"71-45-81-79",1,5,"University level","Teacher","Unlikely"
"53-00-83-03",1,2,"Post graduate university level","Nurse","Unlikely"
"70-80-16-39",2,7,"Post graduate university level","Engineering","Likely"
"70-80-16-39",4,7,"Post graduate university level","Engineering","Very likely"
"11-00-74-85",1,4,"University level","Doctor","Very likely"
"11-00-74-85",1,5,"University level","Engineer","Very likely"
"11-00-74-85",1,6,"University level","Teacher","Very likely"
"11-00-74-85",1,7,"University level","Pilot","Very likely"
"11-00-74-85",2,4,"University level","Doctor","Likely"
"11-00-74-85",2,5,"University level","Lawyer","Very likely"
"11-00-74-85",2,6,"University level","Nurse","Very likely"
"11-00-74-85",2,7,"University level","Engineer","Very likely"
"16-44-32-23",1,3,"University level","Nurse","Very unlikely"
"16-44-32-23",1,5,"University level","Teacher","Very unlikely"
"16-44-32-23",1,6,"University level","Teacher","Maybe, maybe not"
"16-44-32-23",2,3,"University level","Doctor by professional","Likely"
"16-44-32-23",2,5,"University level","Teacher","Likely"
"16-44-32-23",2,6,"University level","Pilot","Likely"
"49-09-04-04",2,7,"University level","Mwalimu","Likely"
"49-09-04-04",2,8,"University level","Politicians","Likely"
"49-09-04-04",2,9,"University level","Doctor","Likely"
"33-01-13-01",1,6,"University level","Teacher","Likely"
"33-01-13-01",1,7,"University level","Lawyer","Likely"
"33-01-13-01",2,6,"University level","Accountant","Likely"
"33-01-13-01",2,7,"University level","Doctor","Likely"
"65-53-51-27",1,4,"Post graduate university level","Nursing","Likely"
"64-11-62-56",1,5,"University level","Education","Likely"
"64-11-62-56",1,6,"University level","Education","Likely"
"64-11-62-56",3,5,"Post graduate university level","Daktari","Likely"
"64-11-62-56",3,6,"Primary 1","Own a company","Likely"
"79-53-04-50",2,3,"University level","Doctor","Likely"
"79-53-04-50",2,4,"University level","Teachng","Likely"
"79-53-04-50",2,5,"University level","Doctor","Likely"
"79-53-04-50",2,6,"University level","Teaching","Likely"
"19-99-67-92",1,5,"Post graduate university level","Doctor","Very likely"
"65-80-65-49",1,5,"University level","Teaching profession","Maybe, maybe not"
"08-76-57-31",1,7,"University level","Nursing","Likely"
"08-76-57-31",1,8,"University level","Teaching","Likely"
"08-76-57-31",2,7,"Other educational training","If she can get healed first of the mental challenge then would wish her enrol to university level","Very unlikely"
"08-76-57-31",2,8,"University level","Lawyer","Very likely"
"02-57-88-54",1,4,"University level","Teacher/doctor","Likely"
"02-57-88-54",1,5,"University level","Member of county assembly","Likely"
"02-57-88-54",2,4,"University level","Nurse","Likely"
"02-57-88-54",2,5,"University level","Teacher","Likely"
"99-46-97-26",1,7,"University level","Engineer","Very likely"
"99-46-97-26",1,8,"University level","Teacher","Very likely"
"99-46-97-26",1,9,"University level","Doctor","Very likely"
"45-95-07-81",1,3,"University level","Teacher","Very likely"
"45-95-07-81",1,4,"University level","Nurse","Very likely"
"45-95-07-81",1,5,"University level","Teacher","Very likely"
"45-95-07-81",1,6,"University level","Teacher","Likely"
"45-95-07-81",2,3,"University level","Teacher","Likely"
"45-95-07-81",2,4,"University level","Nursing","Likely"
"45-95-07-81",2,5,"University level","Teacher","Likely"
"45-95-07-81",2,6,"University level","Teacher","Unlikely"
"15-84-79-29",1,4,"University level","Teacher","Likely"
"52-10-39-37",2,6,"University level","Doctor","Very likely"
"52-10-39-37",2,7,"University level","Teacher","Likely"
"52-10-39-37",2,8,"University level","Teacher","Likely"
"52-10-39-37",2,9,"University level","Teacher","Likely"
"52-10-39-37",2,10,"University level","Engineer","Likely"
"52-10-39-37",3,6,"University level","Teacher","Likely"
"52-10-39-37",3,7,"University level","Teacher","Likely"
"52-10-39-37",3,8,"University level","Doctor","Likely"
"52-10-39-37",3,9,"University level","Teacher","Likely"
"52-10-39-37",3,10,"University level","Engineer","Likely"
"57-47-06-86",1,5,"University level","Teacher","Very likely"
"57-47-06-86",1,7,"University level","Doctor","Very likely"
"57-47-06-86",3,5,"Post graduate university level","Lecturer","Likely"
"57-47-06-86",3,7,"University level","Teacher","Likely"
"70-03-65-67",5,1,"Nursey/ Kindergarten/ECD","Doctor","Unlikely"
"70-03-65-67",5,7,"Primary 3","Teacher","Unlikely"
"70-03-65-67",6,1,"Nursey/ Kindergarten/ECD","Nursing","Unlikely"
"70-03-65-67",6,7,"Primary 3","Doctor","Unlikely"
"48-58-26-00",1,4,"University level","Teacher","Very likely"
"48-58-26-00",1,5,"University level","Nurse","Likely"
"48-58-26-00",1,6,"University level","Nurse","Likely"
"48-58-26-00",1,7,"University level","Teacher","Very likely"
"48-58-26-00",1,8,"University level","Teacher","Very likely"
"48-58-26-00",1,9,"University level","Teacher","Likely"
"48-58-26-00",2,4,"University level","Teacher","Likely"
"48-58-26-00",2,5,"University level","Teacher","Likely"
"48-58-26-00",2,6,"University level","Teacher","Very likely"
"48-58-26-00",2,7,"University level","Teacher","Very likely"
"48-58-26-00",2,8,"University level","Teacher","Likely"
"48-58-26-00",2,9,"University level","Teacher","Likely"
"48-53-15-07",1,5,"University level","Teacher","Very likely"
"48-53-15-07",1,6,"University level","Doctor","Likely"
"48-53-15-07",1,7,"University level","Teacher","Very likely"
"48-53-15-07",1,8,"University level","Teacher","Very likely"
"48-53-15-07",1,9,"University level","Engineer","Likely"
"48-53-15-07",2,5,"University level","Teacher","Likely"
"48-53-15-07",2,6,"University level","Doctor","Likely"
"48-53-15-07",2,7,"University level","Teacher","Likely"
"48-53-15-07",2,8,"University level","Teacher","Likely"
"48-53-15-07",2,9,"University level","Engineer","Likely"
"44-97-24-07",1,8,"University level","Doctor","Likely"
"44-97-24-07",1,9,"University level","Teacher","Likely"
"44-97-24-07",1,10,"University level","Teacher","Likely"
"44-97-24-07",1,11,"Adult Literacy","Doctor","Likely"
"44-97-24-07",2,8,"University level","Doctor","Likely"
"44-97-24-07",2,9,"University level","Teacher","Likely"
"44-97-24-07",2,10,"University level","Teacher","Likely"
"44-97-24-07",2,11,"University level","Doctor","Likely"
"50-43-62-27",1,2,"University level","Security officer - army","Likely"
"50-43-62-27",1,3,"Post graduate university level","Teacher","Likely"
"50-43-62-27",1,4,"University level","Teacher","Likely"
"50-43-62-27",1,5,"University level","Doctor","Likely"
"80-45-95-05",2,3,"University level","Teacher","Likely"
"80-45-95-05",2,4,"University level","Doctor","Likely"
"80-45-95-05",2,5,"Post secondary tertiary college","Security officer","Very likely"
"80-45-95-05",2,6,"University level","Teacher","Likely"
"63-29-07-40",1,4,"University level","Doctor","Maybe, maybe not"
"63-29-07-40",2,4,"University level","Teacher","Likely"
"54-48-29-18",1,5,"University level","Public administrator","Likely"
"54-48-29-18",1,6,"University level","Teacher","Likely"
"54-48-29-18",2,5,"Post graduate university level","Doctor","Likely"
"54-48-29-18",2,6,"Post secondary tertiary college","Spiritual leader","Likely"
"50-16-00-20",1,3,"Post graduate university level","Doctor","Unlikely"
"50-16-00-20",1,4,"Post graduate university level","Teacher","Unlikely"
"50-16-00-20",1,5,"University level","Nursing","Unlikely"
"50-16-00-20",1,7,"University level","Doctor","Unlikely"
"50-16-00-20",1,8,"Post graduate university level","Teacher","Unlikely"
"50-16-00-20",2,3,"University level","Doctor","Unlikely"
"50-16-00-20",2,4,"University level","Teacher","Unlikely"
"50-16-00-20",2,5,"University level","Nursing","Unlikely"
"50-16-00-20",2,7,"University level","Doctor","Unlikely"
"50-16-00-20",2,8,"University level","Teacher","Unlikely"
"49-75-44-53",2,4,"University level","Teacher","Likely"
"49-75-44-53",2,5,"Post secondary tertiary college","Nurse","Very unlikely"
"35-67-10-08",1,4,"Primary 2","Teacher","Likely"
"35-67-10-08",1,5,"No formal education","Nurse","Maybe, maybe not"
"35-67-10-08",2,4,"University level","District officer","Likely"
"35-67-10-08",2,5,"University level","Teacher","Likely"
"12-79-91-83",1,4,"University level","Doctor","Very likely"
"19-90-00-01",1,4,"University level","Teacher","Very unlikely"
"19-90-00-01",1,5,"University level","Doctor","Very unlikely"
"19-90-00-01",1,6,"University level","Teacher","Very unlikely"
"19-90-00-01",2,4,"University level","Teacher","Unlikely"
"19-90-00-01",2,5,"University level","Teacher","Unlikely"
"19-90-00-01",2,6,"Post secondary tertiary college","Teacher","Unlikely"
"29-86-40-08",1,4,"University level","Doctor","Likely"
"29-86-40-08",1,5,"University level","Teacher","Very likely"
"29-86-40-08",1,6,"University level","Teacher","Very likely"
"29-86-40-08",2,4,"University level","Teacher","Likely"
"29-86-40-08",2,5,"University level","Teacher","Likely"
"29-86-40-08",2,6,"University level","Teacher","Very likely"
"10-69-61-22",1,4,"Primary 2","Doctor","Very likely"
"10-69-61-22",1,5,"Nursey/ Kindergarten/ECD","Teacher","Very likely"
"10-69-61-22",1,6,"No formal education","Teacher","Very likely"
"10-69-61-22",1,7,"Nursey/ Kindergarten/ECD","Teacher","Very likely"
"10-69-61-22",1,8,"No formal education","Doctor","Very likely"
"10-69-61-22",1,9,"No formal education","Doctor","Very likely"
"10-69-61-22",1,10,"Primary 3","Engineer","Very likely"
"10-69-61-22",1,11,"Primary 1","Doctor","Very likely"
"10-69-61-22",1,12,"Nursey/ Kindergarten/ECD","Teacher","Very likely"
"10-69-61-22",2,4,"Primary 2","Teacher","Very likely"
"10-69-61-22",2,5,"Nursey/ Kindergarten/ECD","Doctor","Very likely"
"10-69-61-22",2,6,"No formal education","Teacher","Very likely"
"10-69-61-22",2,7,"Nursey/ Kindergarten/ECD","Doctor","Very likely"
"10-69-61-22",2,8,"No formal education","Doctor","Very likely"
"10-69-61-22",2,9,"No formal education","Teacher","Very likely"
"10-69-61-22",2,10,"Primary 3","Doctor","Very likely"
"10-69-61-22",2,11,"Primary 1","Teacher","Very likely"
"10-69-61-22",2,12,"Nursey/ Kindergarten/ECD","Doctor","Very likely"
"98-91-04-48",1,3,"Post graduate university level","Teacher","Very likely"
"98-91-04-48",1,4,"Post graduate university level","Doctor","Very likely"
"98-91-04-48",1,5,"Post graduate university level","Engineer","Very likely"
"98-91-04-48",2,3,"University level","Teacher","Likely"
"98-91-04-48",2,4,"Post graduate university level","Doctor","Very likely"
"98-91-04-48",2,5,"Post graduate university level","Engineer","Very likely"
"74-01-41-82",1,4,"Nursey/ Kindergarten/ECD","Doctor","Very likely"
"74-01-41-82",1,6,"No formal education","Teacher","Very likely"
"74-01-41-82",2,4,"Nursey/ Kindergarten/ECD","Engineer","Very likely"
"74-01-41-82",2,6,"No formal education","Politician","Very likely"
"30-00-59-90",2,6,"Primary 4","Doctor","Very likely"
"30-00-59-90",2,7,"Primary 2","Teacher","Very likely"
"30-00-59-90",2,8,"No formal education","Doctor","Very likely"
"30-00-59-90",2,10,"Primary 5","Engineer","Very likely"
"30-00-59-90",9,6,"Primary 4","Engineer","Very likely"
"30-00-59-90",9,7,"Primary 2","Teacher","Very likely"
"30-00-59-90",9,8,"No formal education","Doctor","Very likely"
"30-00-59-90",9,10,"No formal education","Doctor","Very likely"
"66-77-39-39",2,3,"Post graduate university level","Doctor","Unlikely"
"66-77-39-39",2,4,"University level","Lawyer","Unlikely"
"66-77-39-39",2,5,"University level","Teacher","Unlikely"
"35-78-11-70",1,2,"University level","Teaching","Very likely"
"75-25-98-04",1,2,"Post graduate university level","Teacher","Very unlikely"
"26-77-14-31",1,6,"University level","Teacher","Very likely"
"04-52-21-75",1,3,"University level","Mwalimu","Maybe, maybe not"
"04-52-21-75",1,4,"University level","Corporate manager","Likely"
"04-52-21-75",1,5,"University level","Engineer","Likely"
"04-52-21-75",2,3,"Post secondary tertiary college","Nurse","Very unlikely"
"04-52-21-75",2,4,"Post secondary tertiary college","Doctor","Likely"
"04-52-21-75",2,5,"Adult Literacy","Teacher","Likely"
"49-10-89-14",1,3,"University level","Doctor","Likely"
"49-10-89-14",1,4,"University level","Business person","Maybe, maybe not"
"49-10-89-14",1,5,"University level","Accountant","Likely"
"49-10-89-14",2,3,"Post secondary tertiary college","Engineer","Very likely"
"49-10-89-14",2,4,"Post secondary tertiary college","Teacher","Very likely"
"49-10-89-14",2,5,"University level","Politician","Likely"
"15-13-85-83",1,3,"University level","Engineer","Likely"
"15-13-85-83",1,4,"University level","Doctor","Likely"
"15-13-85-83",1,5,"University level","Doctor","Likely"
"15-13-85-83",2,3,"University level","Engineer","Likely"
"15-13-85-83",2,4,"University level","Teacher","Likely"
"15-13-85-83",2,5,"University level","Pilot","Very likely"
"81-99-34-25",1,2,"University level","Finance manager","Very likely"
"96-35-08-20",2,3,"University level","Lawyer","Likely"
"96-35-08-20",2,4,"University level","Doctor","Likely"
"66-37-18-93",1,3,"University level","Doctor","Likely"
"66-37-18-93",1,4,"University level","Engineer","Likely"
"66-37-18-93",2,3,"University level","Doctor","Likely"
"66-37-18-93",2,4,"Post graduate university level","Doctor","Likely"
"77-89-79-33",2,4,"University level","Journalist","Unlikely"
"77-89-79-33",2,5,"University level","Doctor","Unlikely"
"77-89-79-33",2,6,"University level","Doctor","Unlikely"
"77-89-79-33",2,7,"University level","Forest officer","Unlikely"
"09-97-47-73",2,6,"Post graduate university level","Doctor","Very likely"
"09-97-47-73",2,7,"University level","Nurse","Very likely"
"62-45-31-86",1,6,"University level","Teacher","Very unlikely"
"62-45-31-86",1,7,"University level","Nurse","Unlikely"
"62-45-31-86",2,6,"University level","Teacher","Very unlikely"
"62-45-31-86",2,7,"University level","Teacher","Unlikely"
"96-13-78-99",1,5,"University level","Teacher","Likely"
"96-13-78-99",1,6,"University level","Lawyer","Very likely"
"96-13-78-99",1,7,"University level","Teacher","Likely"
"96-13-78-99",1,9,"University level","Doctor","Very likely"
"25-35-15-07",1,3,"Post secondary tertiary college","Teacher","Unlikely"
"25-35-15-07",1,4,"University level","Nursing","Unlikely"
"25-35-15-07",1,5,"University level","Doctor","Unlikely"
"25-35-15-07",2,3,"University level","Lawyer","Unlikely"
"25-35-15-07",2,4,"University level","Teacher","Unlikely"
"25-35-15-07",2,5,"University level","Doctor","Unlikely"
"46-89-14-96",1,5,"University level","Teacher","Very likely"
"46-89-14-96",1,6,"University level","Teacher","Likely"
"46-89-14-96",1,7,"University level","Teacher","Very likely"
"80-24-04-77",1,3,"Post graduate university level","Nursing","Unlikely"
"80-24-04-77",1,4,"Post graduate university level","Doctor","Unlikely"
"80-24-04-77",1,5,"Post graduate university level","Engeneer","Unlikely"
"80-24-04-77",1,6,"Post secondary tertiary college","Teacher","Unlikely"
"80-24-04-77",1,7,"Post secondary tertiary college","Lawyer","Unlikely"
"80-24-04-77",2,3,"Post graduate university level","Doctor","Unlikely"
"80-24-04-77",2,4,"Post graduate university level","Doctor","Maybe, maybe not"
"80-24-04-77",2,5,"University level","Pilot","Maybe, maybe not"
"80-24-04-77",2,6,"University level","Nursing","Unlikely"
"80-24-04-77",2,7,"University level","Teacher","Unlikely"
"26-82-89-21",1,6,"University level","Doctor","Likely"
"26-82-89-21",2,6,"University level","Teacher","Very likely"
"22-43-50-27",1,5,"University level","Doctor","Likely"
"22-43-50-27",1,6,"University level","Teacher","Likely"
"22-43-50-27",2,5,"University level","Teacher","Very likely"
"22-43-50-27",2,6,"University level","Doctor","Likely"
"41-41-55-55",2,6,"Post secondary tertiary college","Security officer","Likely"
"41-41-55-55",2,7,"University level","Teacher","Very likely"
"41-41-55-55",2,8,"University level","Teacher","Likely"
"41-41-55-55",2,9,"University level","Teacher","Likely"
"41-41-55-55",3,6,"Post secondary tertiary college","Teacher","Very likely"
"41-41-55-55",3,7,"University level","Doctor","Likely"
"41-41-55-55",3,8,"University level","Teacher","Likely"
"41-41-55-55",3,9,"University level","Political science","Likely"
"26-69-32-41",2,5,"University level","Teacher","Likely"
"26-69-32-41",2,6,"University level","Doctor","Likely"
"26-69-32-41",2,7,"University level","Teacher","Likely"
"26-69-32-41",2,8,"Post graduate university level","Doctor","Likely"
"26-69-32-41",2,9,"University level","Teacher","Likely"
"26-69-32-41",2,10,"University level","Doctor","Likely"
"26-69-32-41",2,11,"University level","Doctor","Likely"
"26-69-32-41",3,5,"University level","Doctor","Likely"
"26-69-32-41",3,6,"University level","Doctor","Likely"
"26-69-32-41",3,7,"University level","Teacher","Likely"
"26-69-32-41",3,8,"University level","Teacher","Likely"
"26-69-32-41",3,9,"University level","Teacher","Likely"
"26-69-32-41",3,10,"University level","Doctor","Likely"
"26-69-32-41",3,11,"University level","Doctor","Likely"
"68-81-12-32",1,5,"University level","Doctor","Likely"
"68-81-12-32",1,6,"University level","Teacher","Likely"
"68-81-12-32",1,7,"University level","Teacher","Likely"
"68-81-12-32",1,8,"University level","Doctor","Likely"
"68-81-12-32",1,9,"University level","Teacher","Likely"
"68-81-12-32",1,10,"University level","Doctor","Likely"
"68-81-12-32",2,5,"University level","Teacher","Maybe, maybe not"
"68-81-12-32",2,6,"University level","Teacher","Likely"
"68-81-12-32",2,7,"University level","Doctor","Maybe, maybe not"
"68-81-12-32",2,8,"University level","Teacher","Likely"
"68-81-12-32",2,9,"University level","Doctor","Likely"
"68-81-12-32",2,10,"University level","Teacher","Likely"
"46-49-14-82",1,3,"University level","Doctor","Likely"
"46-49-14-82",1,4,"University level","Teacher","Likely"
"46-49-14-82",1,5,"University level","Doctor","Likely"
"46-49-14-82",1,6,"University level","Teacher","Likely"
"46-49-14-82",1,7,"University level","Teacher","Likely"
"46-49-14-82",2,3,"University level","Teacher","Likely"
"46-49-14-82",2,4,"University level","Teacher","Likely"
"46-49-14-82",2,5,"University level","Teacher","Likely"
"46-49-14-82",2,6,"University level","Doctor","Likely"
"46-49-14-82",2,7,"University level","Doctor","Likely"
"92-16-89-27",1,2,"University level","Pilot","Likely"
"01-28-41-84",1,7,"University level","Teacher","Very likely"
"01-28-41-84",1,9,"University level","Vet doctor","Likely"
"01-28-41-84",1,10,"University level","Pilot","Very likely"
"01-28-41-84",2,7,"University level","Doctor","Very likely"
"01-28-41-84",2,9,"University level","Pilot","Very likely"
"01-28-41-84",2,10,"University level","Engineer","Very likely"
"23-46-40-42",1,7,"University level","Engineer","Likely"
"23-46-40-42",1,8,"University level","Lawyer","Likely"
"23-46-40-42",3,7,"University level","Teacher","Very likely"
"23-46-40-42",3,8,"University level","Engineer","Very likely"
"93-71-36-41",2,3,"University level","Nurse","Likely"
"93-71-36-41",2,4,"Post secondary tertiary college","Engineering","Maybe, maybe not"
"93-71-36-41",2,5,"University level","Teacher","Maybe, maybe not"
"93-71-36-41",2,6,"University level","Accountant","Likely"
"07-56-93-09",1,3,"University level","Teacher","Likely"
"07-56-93-09",1,4,"University level","Teacher","Very likely"
"07-56-93-09",2,3,"University level","Nurse","Unlikely"
"07-56-93-09",2,4,"University level","Teacher","Likely"
"40-07-12-46",1,7,"University level","Doctor","Maybe, maybe not"
"68-88-48-96",1,4,"University level","Teaching","Likely"
"68-88-48-96",1,5,"University level","Lawyer","Likely"
"68-88-48-96",2,4,"University level","Pilot","Likely"
"68-88-48-96",2,5,"University level","Police officer","Likely"
"86-70-18-69",2,6,"University level","Doctor","Very likely"
"86-70-18-69",2,7,"University level","Police officer","Very likely"
"86-70-18-69",2,8,"University level","Teaching","Very likely"
"82-09-53-31",1,4,"University level","Doctor","Likely"
"82-09-53-31",1,5,"University level","Teacher","Likely"
"82-09-53-31",1,6,"University level","Nurse","Likely"
"82-09-53-31",2,4,"University level","Pilot","Likely"
"82-09-53-31",2,5,"University level","Teacher","Likely"
"82-09-53-31",2,6,"University level","Doctor","Likely"
"10-84-11-85",1,3,"University level","Lawyer","Likely"
"10-84-11-85",1,4,"University level","Doctor","Likely"
"10-84-11-85",1,5,"University level","Doctor","Likely"
"10-84-11-85",2,3,"University level","Teacher","Likely"
"10-84-11-85",2,4,"University level","Teacher","Likely"
"10-84-11-85",2,5,"University level","Teacher","Likely"
"93-36-47-93",1,3,"University level","Lawyer","Likely"
"93-36-47-93",1,4,"University level","Pilot","Likely"
"93-36-47-93",2,3,"Post graduate university level","Teacher","Likely"
"93-36-47-93",2,4,"Post graduate university level","Teacher","Likely"
"40-02-31-47",1,3,"No formal education","None","Likely"
"40-02-31-47",1,4,"No formal education","None","Likely"
"40-02-31-47",1,5,"University level","Teacher","Very unlikely"
"40-02-31-47",2,3,"University level","Nurse","Unlikely"
"40-02-31-47",2,4,"University level","Teacher","Unlikely"
"40-02-31-47",2,5,"University level","Teacher","Likely"
"35-25-14-79",1,3,"University level","Teacher","Likely"
"35-25-14-79",1,4,"University level","Doctor","Likely"
"35-25-14-79",1,5,"University level","Teacher","Likely"
"35-25-14-79",2,3,"University level","Teacher","Likely"
"35-25-14-79",2,4,"University level","Doctor","Likely"
"35-25-14-79",2,5,"University level","Teacher","Maybe, maybe not"
"96-32-88-00",1,5,"University level","Engineer","Very likely"
"96-32-88-00",2,5,"University level","Engineer","Very likely"
"30-07-79-13",1,2,"No formal education","0","Likely"
"30-07-79-13",1,3,"No formal education","0","Likely"
"30-07-79-13",1,4,"University level","Doctor","Likely"
"30-07-79-13",1,5,"University level","Teacher","Likely"
"30-07-79-13",1,6,"University level","Teacher","Likely"
"30-07-79-13",1,7,"University level","Teacher","Likely"
"05-61-96-62",2,5,"University level","Accountant","Likely"
"05-61-96-62",2,6,"University level","Doctor","Likely"
"05-61-96-62",2,7,"University level","Teacher","Likely"
"05-61-96-62",2,8,"University level","Nurse","Likely"
"05-61-96-62",2,9,"University level","Teacher","Likely"
"37-32-16-74",1,5,"University level","Engineer","Maybe, maybe not"
"37-32-16-74",1,6,"University level","Doctor","Maybe, maybe not"
"37-32-16-74",1,7,"University level","Teacher","Maybe, maybe not"
"37-32-16-74",1,8,"University level","Teacher","Maybe, maybe not"
"37-32-16-74",1,9,"University level","Doctor","Maybe, maybe not"
"37-32-16-74",1,10,"University level","Doctor","Maybe, maybe not"
"37-32-16-74",1,11,"University level","Teacher","Maybe, maybe not"
"37-32-16-74",2,5,"University level","Teacher","Maybe, maybe not"
"37-32-16-74",2,6,"Nursey/ Kindergarten/ECD","Doctor","Maybe, maybe not"
"37-32-16-74",2,7,"Nursey/ Kindergarten/ECD","Teacher","Maybe, maybe not"
"37-32-16-74",2,8,"University level","Teacher","Maybe, maybe not"
"37-32-16-74",2,9,"University level","Doctor","Maybe, maybe not"
"37-32-16-74",2,10,"University level","Government administration officer","Maybe, maybe not"
"37-32-16-74",2,11,"University level","Teacher","Maybe, maybe not"
"06-96-64-70",1,3,"University level","Doctor","Very likely"
"06-96-64-70",1,4,"University level","Government employee","Very likely"
"06-96-64-70",1,5,"University level","Teacher","Very likely"
"06-96-64-70",2,3,"University level","Doctor","Very likely"
"06-96-64-70",2,4,"University level","Engineer","Very likely"
"06-96-64-70",2,5,"University level","Teacher","Very likely"
"74-21-41-84",1,4,"University level","Doctor","Likely"
"74-21-41-84",1,5,"University level","Teacher","Likely"
"74-21-41-84",1,6,"University level","Teacher","Likely"
"74-21-41-84",1,7,"University level","Doctor","Likely"
"74-21-41-84",1,8,"University level","Doctor","Likely"
"74-21-41-84",1,9,"University level","Teacher","Likely"
"74-21-41-84",1,10,"University level","Doctor","Likely"
"74-21-41-84",2,4,"University level","Doctor","Likely"
"74-21-41-84",2,5,"University level","Doctor","Likely"
"74-21-41-84",2,6,"University level","Teacher","Likely"
"74-21-41-84",2,7,"University level","Doctor","Likely"
"74-21-41-84",2,8,"University level","Doctor","Maybe, maybe not"
"74-21-41-84",2,9,"University level","Doctor","Likely"
"74-21-41-84",2,10,"University level","Teacher","Likely"
"82-96-41-85",1,6,"University level","Pilot","Likely"
"82-96-41-85",2,6,"University level","Pilot","Likely"
"58-44-33-27",1,3,"Post graduate university level","Court clerk","Very unlikely"
"58-44-33-27",1,4,"University level","Nurse","Very unlikely"
"58-44-33-27",2,3,"Post graduate university level","Court clerk","Very unlikely"
"58-44-33-27",2,4,"Post graduate university level","Neuro sergeon","Very unlikely"
"88-25-56-87",1,2,"University level","Teacher","Very likely"
"88-25-56-87",1,3,"University level","Lawyer","Very likely"
"88-25-56-87",1,4,"University level","Doctor","Very likely"
"86-98-25-96",1,7,"University level","Accountant","Likely"
"86-98-25-96",1,8,"University level","Doctor","Likely"
"86-98-25-96",1,9,"University level","Teacher","Likely"
"86-98-25-96",2,7,"University level","Teacher","Likely"
"86-98-25-96",2,8,"University level","Teacher","Likely"
"86-98-25-96",2,9,"University level","Doctor","Likely"
"09-54-26-75",1,4,"University level","Teacher","Likely"
"09-54-26-75",1,5,"University level","Doctor","Likely"
"09-54-26-75",1,6,"University level","Teacher","Likely"
"09-54-26-75",2,4,"University level","Teacher","Likely"
"09-54-26-75",2,5,"University level","Member of county assembly","Likely"
"09-54-26-75",2,6,"University level","Teacher","Likely"
"41-61-78-73",1,4,"No formal education","0","Likely"
"41-61-78-73",1,5,"No formal education","0","Likely"
"41-61-78-73",1,6,"No formal education","0","Likely"
"41-61-78-73",1,7,"No formal education","0","Likely"
"41-61-78-73",2,4,"No formal education","0","Likely"
"41-61-78-73",2,5,"No formal education","0","Likely"
"41-61-78-73",2,6,"No formal education","0","Likely"
"41-61-78-73",2,7,"No formal education","0","Likely"
"90-86-53-30",1,4,"University level","Pilot","Likely"
"90-86-53-30",2,4,"University level","Teacher","Likely"
"16-75-57-30",1,3,"University level","Teacher","Likely"
"16-75-57-30",1,4,"University level","Nurse","Likely"
"16-75-57-30",2,3,"University level","Teacher","Likely"
"16-75-57-30",2,4,"University level","Teacher","Likely"
"60-19-22-98",1,4,"University level","Nurse","Maybe, maybe not"
"60-19-22-98",2,4,"University level","Teacher","Likely"
"97-29-58-98",1,2,"Post graduate university level","Doctor","Very unlikely"
"97-29-58-98",1,3,"Post graduate university level","Teacher","Very unlikely"
"97-29-58-98",1,4,"University level","Nurse","Very unlikely"
"51-48-94-50",2,6,"University level","Doctor","Very likely"
"97-20-59-08",1,7,"University level","Doctor","Likely"
"97-20-59-08",1,8,"University level","Teacher","Likely"
"68-99-96-16",1,7,"University level","Doctor","Very likely"
"68-99-96-16",1,8,"University level","Government official","Very likely"
"68-99-96-16",6,7,"University level","Teacher","Very likely"
"68-99-96-16",6,8,"University level","Doctor","Very likely"
"47-95-59-62",1,3,"University level","Doctor","Likely"
"47-95-59-62",1,4,"University level","Teacher","Likely"
"47-95-59-62",1,5,"University level","Teacher","Likely"
"47-95-59-62",2,3,"University level","Doctor","Likely"
"47-95-59-62",2,4,"University level","Teacher","Likely"
"47-95-59-62",2,5,"University level","Teacher","Likely"
"68-47-81-44",1,4,"University level","Doctor","Very likely"
"68-47-81-44",1,5,"University level","Teacher","Very likely"
"08-94-02-07",1,8,"University level","Teacher","Likely"
"08-94-02-07",1,9,"University level","Engineer","Likely"
"08-94-02-07",2,8,"University level","Nurse","Likely"
"08-94-02-07",2,9,"University level","Doctor","Likely"
"37-79-35-25",1,4,"University level","Teacher","Maybe, maybe not"
"37-79-35-25",1,5,"University level","Doctor","Likely"
"37-79-35-25",1,6,"University level","Teacher","Likely"
"37-79-35-25",2,4,"University level","Doctor","Likely"
"37-79-35-25",2,5,"University level","Doctor","Likely"
"37-79-35-25",2,6,"University level","Teacher","Likely"
"64-78-16-16",1,6,"University level","Doctor","Likely"
"64-78-16-16",1,7,"University level","Doctor","Likely"
"64-78-16-16",1,8,"University level","Doctor","Likely"
"64-78-16-16",2,6,"University level","Teacher","Likely"
"64-78-16-16",2,7,"University level","Doctor","Likely"
"64-78-16-16",2,8,"University level","Doctor","Likely"
"21-44-80-94",1,3,"University level","Doctor","Likely"
"21-44-80-94",1,4,"University level","Teacher","Very likely"
"21-44-80-94",2,3,"University level","Teacher","Very likely"
"21-44-80-94",2,4,"University level","Engineer","Very likely"
"09-64-46-58",2,13,"University level","Teacher","Likely"
"09-64-46-58",2,14,"University level","Lawyer","Maybe, maybe not"
"09-64-46-58",2,15,"University level","Dentist","Likely"
"09-64-46-58",2,16,"University level","Doctor","Likely"
"09-64-46-58",4,13,"University level","Engineer","Maybe, maybe not"
"09-64-46-58",4,14,"Post secondary tertiary college","Electriciaj","Likely"
"09-64-46-58",4,15,"University level","Banker","Likely"
"09-64-46-58",4,16,"University level","Accountant","Likely"
"59-85-28-37",2,3,"University level","Lawyer","Unlikely"
"59-86-17-42",1,4,"University level","Lecturer","Maybe, maybe not"
"59-86-17-42",1,5,"University level","Doctor","Maybe, maybe not"
"59-86-17-42",2,4,"University level","Teacher","Likely"
"59-86-17-42",2,5,"University level","Doctor","Likely"
"19-38-28-96",2,7,"University level","Doctor","Very likely"
"15-65-55-76",1,2,"University level","Nurse","Likely"
"15-65-55-76",4,2,"University level","Teacher","Very likely"
"06-65-59-46",1,5,"University level","Teacher","Likely"
"06-65-59-46",2,5,"University level","Doctor","Likely"
"31-55-25-17",1,3,"Primary 3","Nursing","Unlikely"
"31-55-25-17",1,4,"Secondary school Year 1","Teacher","Unlikely"
"31-55-25-17",2,3,"University level","Doctor","Unlikely"
"31-55-25-17",2,4,"Secondary school Year 1","Lawyer","Unlikely"
"46-83-77-72",1,4,"University level","Teacher","Likely"
"46-83-77-72",2,4,,"##N/a##",
"13-16-83-24",1,3,"University level","Teacher","Likely"
"13-16-83-24",1,4,"University level","Teacher","Likely"
"13-16-83-24",2,3,"University level","Doctor","Likely"
"13-16-83-24",2,4,"University level","Doctor","Likely"
"55-65-07-83",1,7,"University level","Teaching","Likely"
"55-65-07-83",1,8,"University level","Lawyer","Likely"
"55-65-07-83",2,7,"University level","Teaching","Likely"
"55-65-07-83",2,8,"University level","Doctor","Likely"
"19-58-06-14",1,3,"University level","Teacher","Likely"
"19-58-06-14",1,4,"University level","Doctor","Likely"
"19-58-06-14",1,5,"University level","Kenya defence force","Likely"
"19-58-06-14",2,3,"University level","Teacher","Very likely"
"19-58-06-14",2,4,"University level","Teacher","Very likely"
"19-58-06-14",2,5,"University level","Doctor","Likely"
"07-67-77-44",2,5,"University level","Doctor","Very likely"
"07-67-77-44",2,6,"University level","Lawyer","Very likely"
"07-67-77-44",2,7,"University level","Doctor","Very likely"
"07-67-77-44",2,8,"University level","Teacher","Very likely"
"07-67-77-44",2,9,"University level","Doctor","Very likely"
"07-67-77-44",3,5,"University level","Doctor","Likely"
"07-67-77-44",3,6,"University level","Lawyer","Very likely"
"07-67-77-44",3,7,"University level","Doctor","Likely"
"07-67-77-44",3,8,"University level","Lawyer","Likely"
"07-67-77-44",3,9,"University level","Doctor","Likely"
"30-73-95-73",1,5,"University level","Doctor","Maybe, maybe not"
"30-73-95-73",2,5,"University level","Doctor","Very unlikely"
"81-01-27-26",1,3,"University level","Teacher","Very unlikely"
"81-01-27-26",1,4,"Post graduate university level","Doctor","Very unlikely"
"81-01-27-26",1,5,"University level","Lawyer","Very unlikely"
"81-01-27-26",1,6,"University level","Neuro sergon","Very unlikely"
"81-01-27-26",1,7,"University level","Engineer","Very unlikely"
"29-63-05-43",1,9,"University level","Teacher","Very likely"
"29-63-05-43",1,10,"University level","Doctor","Very likely"
"29-63-05-43",1,11,"University level","Engineer","Very likely"
"29-63-05-43",1,12,"University level","Pilot","Very likely"
"29-63-05-43",2,9,"University level","Doctor","Very likely"
"29-63-05-43",2,10,"University level","Engineer","Very likely"
"29-63-05-43",2,11,"University level","Teacher","Very likely"
"29-63-05-43",2,12,"University level","Doctor","Very likely"
"69-97-70-98",1,2,"University level","Doctor","Unlikely"
"69-97-70-98",1,3,"University level","Teacher","Unlikely"
"69-97-70-98",1,4,"Post graduate university level","Lawyer","Unlikely"
"15-06-78-78",1,3,"University level","Doctor","Likely"
"15-06-78-78",1,4,"University level","Teacher","Likely"
"15-06-78-78",1,5,"University level","Nurse","Likely"
"15-06-78-78",1,6,"University level","Teacher","Likely"
"15-06-78-78",1,7,"University level","Manager","Very likely"
"66-77-69-23",1,4,"University level","Teacher","Likely"
"66-77-69-23",1,5,"University level","Doctor","Likely"
"66-77-69-23",2,4,"University level","Politician","Likely"
"66-77-69-23",2,5,"University level","Teacher","Likely"
"54-15-04-81",2,6,"University level","Doctor","Very likely"
"54-15-04-81",2,7,"University level","Teacher","Very likely"
"54-15-04-81",2,8,"University level","Pilot","Very likely"
"30-29-61-21",1,3,"University level","Teacher","Very likely"
"30-29-61-21",1,4,"University level","Teacher","Very likely"
"30-29-61-21",1,5,"University level","Doctor","Very likely"
"30-29-61-21",2,3,"University level","Engineer","Likely"
"30-29-61-21",2,4,"University level","Doctor","Likely"
"30-29-61-21",2,5,"University level","Teacher","Likely"
"32-65-13-57",1,3,"University level","Teacher","Likely"
"64-69-72-73",1,5,"University level","Teacher","Very likely"
"64-69-72-73",1,6,"University level","Doctor","Likely"
"64-69-72-73",2,5,"University level","Engineer","Likely"
"64-69-72-73",2,6,"University level","Engineer","Likely"
"25-20-08-58",1,3,"University level","Doctor","Maybe, maybe not"
"25-20-08-58",1,4,"University level","Doctor","Likely"
"25-20-08-58",1,5,"Adult Literacy","Doctor","Very likely"
"25-20-08-58",2,3,"University level","Teacher","Likely"
"25-20-08-58",2,4,"University level","Doctor","Likely"
"25-20-08-58",2,5,"University level","Teacher","Likely"
"12-04-44-96",1,3,"University level","Teaching","Unlikely"
"12-04-44-96",1,4,"University level","Medical doctor","Unlikely"
"12-04-44-96",1,5,"University level","Engineering","Unlikely"
"12-04-44-96",1,6,"University level","Nursing","Unlikely"
"12-04-44-96",2,3,"University level","Teaching","Very unlikely"
"12-04-44-96",2,4,"University level","Medical doctor","Very unlikely"
"12-04-44-96",2,5,"University level","Engineering","Very unlikely"
"12-04-44-96",2,6,"University level","Nursing","Very unlikely"
"97-37-09-60",1,6,"University level","Teacher","Likely"
"97-37-09-60",1,7,"University level","Nurse","Likely"
"26-04-59-05",1,3,"University level","Politician","Very likely"
"26-04-59-05",1,4,"University level","Nurse","Very likely"
"26-04-59-05",1,5,"University level","Lawyer","Very likely"
"26-04-59-05",1,6,"University level","Lawyer","Very likely"
"98-27-33-85",1,6,"University level","Teaching","Likely"
"98-27-33-85",1,7,"University level","Medical doctor","Maybe, maybe not"
"98-27-33-85",2,6,"Post graduate university level","Teaching","Likely"
"98-27-33-85",2,7,"Post graduate university level","Engineering","Maybe, maybe not"
"65-84-88-76",1,2,"Post graduate university level","Doctor","Unlikely"
"88-58-36-62",1,4,"University level","Nurse","Likely"
"88-58-36-62",1,5,"University level","Teacher","Likely"
"88-58-36-62",1,6,"University level","Teacher","Likely"
"88-58-36-62",1,7,"University level","Teacher","Likely"
"88-58-36-62",2,4,"University level","Doctor","Likely"
"88-58-36-62",2,5,"University level","Teacher","Likely"
"88-58-36-62",2,6,"University level","Nurse","Maybe, maybe not"
"88-58-36-62",2,7,"Post secondary tertiary college","Nurse","Maybe, maybe not"
"68-07-50-59",2,6,"University level","Doctor","Likely"
"68-07-50-59",2,7,"University level","Teacher","Likely"
"69-15-02-37",1,3,"University level","Doctor","Very likely"
"69-15-02-37",1,4,"University level","Engineer","Very likely"
"69-15-02-37",1,5,"University level","Teacher","Very likely"
"69-15-02-37",2,3,"University level","Architect","Very likely"
"69-15-02-37",2,4,"University level","Surveyor","Very likely"
"69-15-02-37",2,5,"University level","Teacher","Very likely"
"02-78-83-36",1,7,"University level","Teacher","Likely"
"02-78-83-36",1,8,"University level","Teacher","Likely"
"02-78-83-36",2,7,"University level","Teacher","Likely"
"02-78-83-36",2,8,"University level","Doctor","Very likely"
"97-59-33-64",1,8,"University level","Medical doctor","Likely"
"97-59-33-64",1,9,"University level","Teaching","Likely"
"97-59-33-64",2,8,"University level","Medical doctor","Likely"
"97-59-33-64",2,9,"University level","Teaching","Likely"
"62-96-19-75",1,3,"University level","Nursing","Maybe, maybe not"
"62-96-19-75",1,4,"University level","Teacher","Very unlikely"
"62-96-19-75",1,5,"University level","Engineer","Very likely"
"62-96-19-75",2,3,"University level","Nursing","Very unlikely"
"62-96-19-75",2,4,"University level","Teacher","Likely"
"62-96-19-75",2,5,"University level","Engineer","Very likely"
"53-00-97-20",1,4,"University level","Doctor","Likely"
"53-00-97-20",2,4,"University level","Doctor","Likely"
"33-41-86-29",1,4,"University level","Law","Very likely"
"33-41-86-29",1,5,"University level","Medical doctor","Likely"
"33-41-86-29",1,6,"University level","Business and economics","Very likely"
"33-41-86-29",2,4,"University level","Lawyer","Likely"
"33-41-86-29",2,5,"University level","Medical doctor","Likely"
"33-41-86-29",2,6,"University level","Teaching","Likely"
"72-97-03-54",2,4,"University level","Doctor","Likely"
"72-97-03-54",2,5,"University level","Teacher","Likely"
"84-49-36-60",1,3,"University level","Doctor","Very likely"
"84-49-36-60",1,4,"University level","Teacher","Very likely"
"84-49-36-60",2,3,"University level","Doctor","Very likely"
"84-49-36-60",2,4,"University level","Doctor","Very likely"
"50-30-24-70",1,3,"University level","Doctor","Likely"
"50-30-24-70",1,4,"Secondary school Year 4","Soldier","Likely"
"50-30-24-70",1,5,"University level","Teacher","Likely"
"50-30-24-70",2,3,"University level","Doctor","Likely"
"50-30-24-70",2,4,"University level","Nurse","Likely"
"50-30-24-70",2,5,"University level","Teacher","Likely"
"73-01-79-27",2,4,"University level","Doctor","Very likely"
"73-01-79-27",5,4,"University level","Doctor","Very likely"
"69-39-88-08",2,6,"University level","Doctor","Very likely"
"69-39-88-08",2,7,"University level","Engineer","Very likely"
"69-39-88-08",2,8,"University level","Nurse","Very likely"
"69-39-88-08",2,9,"University level","Lawyer","Very likely"
"69-39-88-08",2,10,"University level","Soldier","Very likely"
"97-74-84-66",1,3,"University level","Pilot","Likely"
"97-74-84-66",1,4,"University level","Doctor","Likely"
"97-74-84-66",1,5,"University level","Doctor","Likely"
"97-74-84-66",1,6,"University level","Teacher","Likely"
"97-74-84-66",2,3,"University level","Teacher","Likely"
"97-74-84-66",2,4,"University level","Doctor","Likely"
"97-74-84-66",2,5,"University level","Nurse","Likely"
"97-74-84-66",2,6,"University level","Doctor","Likely"
"15-82-53-55",1,3,"University level","Doctor","Very likely"
"15-82-53-55",1,4,"University level","Farmer","Very likely"
"15-82-53-55",1,5,"University level","Doctor","Very likely"
"15-82-53-55",1,6,"University level","Policeman","Very likely"
"15-82-53-55",1,7,"University level","Teacher","Very likely"
"15-82-53-55",1,8,"University level","Teacher","Very likely"
"46-71-69-87",1,6,"University level","Doctor","Very likely"
"46-71-69-87",1,7,"University level","Engineer","Very likely"
"46-71-69-87",1,8,"University level","Teacher","Very likely"
"46-71-69-87",1,9,"University level","Pilot","Very likely"
"46-71-69-87",2,6,"University level","Doctor","Very likely"
"46-71-69-87",2,7,"University level","Pilot","Very likely"
"46-71-69-87",2,8,"University level","Doctor","Very likely"
"46-71-69-87",2,9,"University level","Engineer","Very likely"
"05-64-42-77",1,3,"Other educational training","Doctor","Likely"
"05-64-42-77",1,4,"University level","Teacher","Likely"
"05-64-42-77",2,3,"University level","Teacher","Likely"
"05-64-42-77",2,4,"University level","Doctor","Likely"
"65-63-71-66",2,7,"University level","Teacher","Likely"
"65-63-71-66",2,8,"University level","School accountant","Likely"
"65-63-71-66",3,7,"Post graduate university level","Engineer","Maybe, maybe not"
"65-63-71-66",3,8,"University level","Banker","Unlikely"
"15-51-80-47",1,5,"University level","Pilot","Very likely"
"15-51-80-47",2,5,"University level","Teacher","Likely"
"73-83-46-14",2,4,"University level","Doctor","Very likely"
"73-83-46-14",2,5,"University level","Engineer","Likely"
"73-83-46-14",2,6,"Post graduate university level","Teacher","Likely"
"73-83-46-14",2,7,"Post graduate university level","Pilot","Likely"
"07-04-05-10",1,5,"University level","Doctor","Maybe, maybe not"
"07-04-05-10",1,6,"University level","Teacher","Likely"
"07-04-05-10",1,7,"University level","Engineer","Likely"
"07-04-05-10",2,5,"University level","Doctor","Likely"
"07-04-05-10",2,6,"University level","Teacher","Likely"
"07-04-05-10",2,7,"University level","Doctor","Maybe, maybe not"
"99-97-90-90",1,3,"University level","Engineer","Very unlikely"
"99-97-90-90",1,4,"University level","Doctor","Very likely"
"99-97-90-90",1,5,"University level","Professor","Very unlikely"
"99-97-90-90",2,3,"University level","Lawyer","Likely"
"99-97-90-90",2,4,"University level","Professor","Very likely"
"99-97-90-90",2,5,"University level","Engineer","Very likely"
"53-39-03-44",1,6,"University level","Pilot","Likely"
"53-39-03-44",1,7,"University level","Nursing","Likely"
"53-39-03-44",1,8,"University level","Teaching","Likely"
"53-39-03-44",2,6,"University level","Doctor","Likely"
"53-39-03-44",2,7,"University level","Nursing","Unlikely"
"53-39-03-44",2,8,"University level","Teaching","Unlikely"
"85-50-39-09",1,3,"University level","Doctor","Likely"
"85-50-39-09",1,4,"University level","Teacher","Very likely"
"85-50-39-09",1,5,"University level","Teacher","Very likely"
"85-50-39-09",1,6,"University level","Teacher","Likely"
"85-50-39-09",1,7,"University level","Doctor","Likely"
"85-50-39-09",2,3,"University level","Nurse","Likely"
"85-50-39-09",2,4,"University level","Doctor","Likely"
"85-50-39-09",2,5,"University level","Police","Likely"
"85-50-39-09",2,6,"University level","Pilot","Likely"
"85-50-39-09",2,7,"University level","Teacher","Likely"
"46-32-17-36",1,3,"Post graduate university level","National police service","Very unlikely"
"46-32-17-36",1,4,"University level","Teacher","Maybe, maybe not"
"46-32-17-36",1,5,"University level","Pilot","Very unlikely"
"46-32-17-36",2,3,"Post graduate university level","Engineer","Likely"
"46-32-17-36",2,4,"University level","Teacher","Maybe, maybe not"
"46-32-17-36",2,5,"Post secondary tertiary college","Doctor","Very unlikely"
"85-98-37-69",4,7,"University level","Doctor","Likely"
"85-98-37-69",4,8,"University level","Nurse","Very likely"
"85-98-37-69",4,9,"University level","Pilot","Likely"
"85-98-37-69",10,7,"University level","Police","Likely"
"85-98-37-69",10,8,"University level","Doctor","Likely"
"85-98-37-69",10,9,"University level","Teacher","Very likely"
"65-26-91-15",1,3,"University level","Doctor","Likely"
"65-26-91-15",1,4,"University level","Teaching","Maybe, maybe not"
"65-26-91-15",1,5,"University level","Lawyer","Likely"
"65-26-91-15",2,3,"University level","Pilot","Very likely"
"65-26-91-15",2,4,"University level","Pilot","Very unlikely"
"65-26-91-15",2,5,"University level","Teaching","Likely"
"65-45-62-39",1,3,"University level","Lawyer","Likely"
"65-45-62-39",1,4,"University level","Engineering","Likely"
"65-45-62-39",1,8,"University level","Economists","Likely"
"65-45-62-39",2,3,"University level","Engineering","Likely"
"65-45-62-39",2,4,"University level","Teaching","Likely"
"65-45-62-39",2,8,"University level","Nursing","Likely"
"47-59-10-25",2,7,"University level","Doctor","Likely"
"47-59-10-25",2,8,"University level","Teacher","Very likely"
"47-59-10-25",2,9,"University level","Pilot","Very likely"
"03-90-73-99",1,3,"Post secondary tertiary college","Nurse","Very likely"
"03-90-73-99",1,4,"University level","Teacher","Very likely"
"03-90-73-99",5,3,"University level","Nurse","Very likely"
"03-90-73-99",5,4,"University level","Doctor","Very likely"
"43-25-90-61",1,3,"University level","Doctor","Likely"
"43-25-90-61",1,4,"University level","Teacher","Likely"
"43-25-90-61",1,5,"University level","Teacher","Maybe, maybe not"
"43-25-90-61",2,3,"University level","Teacher","Very likely"
"43-25-90-61",2,4,"University level","Teacher","Likely"
"43-25-90-61",2,5,"University level","Teacher","Likely"
"49-70-00-09",2,3,"University level","Teacher","Likely"
"49-70-00-09",4,3,"University level","Doctor","Likely"
"06-94-49-47",1,3,"Post graduate university level","Nurse","Very likely"
"06-94-49-47",1,4,"University level","Teacher","Very unlikely"
"06-94-49-47",2,3,"University level","Clinical officer","Likely"
"06-94-49-47",2,4,"University level","Teacher","Likely"
"19-04-54-37",1,6,"University level","Doctor","Very likely"
"19-04-54-37",2,6,"University level","Doctor","Likely"
"49-28-72-36",1,5,"University level","Kra staff","Likely"
"49-28-72-36",2,5,"University level","Engineer","Likely"
"93-14-44-32",1,3,"University level","Teacher","Likely"
"93-14-44-32",1,4,"University level","Doctor","Likely"
"93-14-44-32",2,3,"University level","Doctor","Likely"
"93-14-44-32",2,4,"University level","Doctor","Likely"
"51-90-88-91",1,8,"University level","Doctor","Very likely"
"51-90-88-91",1,9,"Post graduate university level","Doctor","Very likely"
"51-90-88-91",1,10,"University level","Teacher","Very likely"
"51-90-88-91",1,11,"University level","Nurse","Very likely"
"51-90-88-91",1,12,"University level","Teacher","Very likely"
"51-90-88-91",1,13,"University level","Engineer","Very likely"
"51-90-88-91",1,14,"University level","Engineer","Very likely"
"51-90-88-91",1,15,"Post graduate university level","Lawyer","Very likely"
"51-90-88-91",4,8,"University level","Doctor","Very likely"
"51-90-88-91",4,9,"University level","Teacher","Very likely"
"51-90-88-91",4,10,"University level","Doctor","Very likely"
"51-90-88-91",4,11,"University level","Doctor","Very likely"
"51-90-88-91",4,12,"University level","Nurse","Very likely"
"51-90-88-91",4,13,"University level","Doctor","Very likely"
"51-90-88-91",4,14,"Post graduate university level","Lecturer","Very likely"
"51-90-88-91",4,15,"University level","Teacher","Very likely"
"12-47-74-84",1,3,"Post graduate university level","Engineer","Unlikely"
"12-47-74-84",2,3,"Post graduate university level","Engineer","Very likely"
"61-66-59-51",2,3,"University level","Doctor","Likely"
"61-66-59-51",2,4,"University level","Teacher","Likely"
"61-66-59-51",2,5,"University level","Engineer","Very likely"
"78-64-43-02",1,4,"Post graduate university level","Teacher","Very likely"
"78-64-43-02",1,5,"Post graduate university level","Nurse","Very likely"
"78-64-43-02",2,4,"Post graduate university level","Teacher","Very likely"
"78-64-43-02",2,5,"Post graduate university level","Doctor","Very likely"
"09-79-38-80",1,7,"University level","Doctor","Very likely"
"09-79-38-80",1,8,"University level","Teacher","Very likely"
"09-79-38-80",2,7,"University level","Teacher","Very likely"
"09-79-38-80",2,8,"University level","Civil engineer","Likely"
"03-23-67-97",1,4,"University level","Surgeon","Likely"
"03-23-67-97",1,5,"University level","Mwalimu","Maybe, maybe not"
"03-23-67-97",1,6,"University level","Engineer","Maybe, maybe not"
"03-23-67-97",2,4,"Post secondary tertiary college","Nurse","Likely"
"03-23-67-97",2,5,"Post secondary tertiary college","Engineer","Very likely"
"03-23-67-97",2,6,"University level","Accountant","Likely"
"84-81-25-13",1,3,"University level","Nursing","Likely"
"84-81-25-13",1,5,"University level","Teaching","Likely"
"84-81-25-13",2,3,"University level","Nursing","Likely"
"84-81-25-13",2,5,"University level","Nursing","Likely"
"01-19-86-40",1,3,"University level","Nursing","Likely"
"01-19-86-40",1,4,"University level","Lawyer","Likely"
"01-19-86-40",1,5,"University level","Doctor","Likely"
"01-19-86-40",2,3,"University level","Engineer","Likely"
"01-19-86-40",2,4,"University level","Engineer","Likely"
"01-19-86-40",2,5,"University level","Engineer","Likely"
"69-16-25-63",1,4,"University level","Teacher","Very likely"
"69-16-25-63",1,5,"University level","Nurse","Likely"
"69-16-25-63",1,7,"University level","Teacher","Likely"
"69-16-25-63",1,8,"University level","Teacher","Very likely"
"69-16-25-63",2,4,"University level","Teacher","Likely"
"69-16-25-63",2,5,"University level","Teacher","Likely"
"69-16-25-63",2,7,"University level","Nurse","Likely"
"69-16-25-63",2,8,"University level","Teacher","Likely"
"58-95-91-31",1,3,"University level","Teacher","Likely"
"58-95-91-31",1,4,"University level","Teacher","Likely"
"58-95-91-31",1,5,"University level","Teacher","Likely"
"58-95-91-31",1,6,"University level","Doctor","Likely"
"58-95-91-31",1,7,"University level","Doctor","Likely"
"58-95-91-31",1,8,"University level","Teacher","Likely"
"58-95-91-31",2,3,"University level","Teacher","Likely"
"58-95-91-31",2,4,"University level","Teacher","Likely"
"58-95-91-31",2,5,"University level","Doctor","Likely"
"58-95-91-31",2,6,"University level","Doctor","Likely"
"58-95-91-31",2,7,"University level","Doctor","Likely"
"58-95-91-31",2,8,"University level","Teacher","Likely"
"41-24-59-26",1,2,"University level","Nurse","Very likely"
"41-24-59-26",1,3,"University level","Nurse","Very likely"
"98-97-38-21",1,6,"No formal education","0","Very unlikely"
"98-97-38-21",1,7,"No formal education","None","Very unlikely"
"98-97-38-21",1,8,"No formal education","None","Very unlikely"
"98-97-38-21",2,6,"No formal education","None","Likely"
"98-97-38-21",2,7,"No formal education","None","Likely"
"98-97-38-21",2,8,"No formal education","None","Likely"
"92-08-97-62",1,5,"University level","Nurse","Likely"
"92-08-97-62",1,6,"University level","Teacher","Likely"
"92-08-97-62",4,5,"University level","Teacher","Maybe, maybe not"
"92-08-97-62",4,6,"University level","Teacher","Maybe, maybe not"
"80-20-31-51",1,8,"University level","Teacher","Very likely"
"80-20-31-51",2,8,"University level","Doctor","Likely"
"33-11-85-60",2,4,"University level","Lawyer","Unlikely"
"33-11-85-60",2,5,"University level","Pilot","Unlikely"
"06-48-61-69",1,3,"University level","Teacher","Very likely"
"06-48-61-69",1,4,"University level","Doctor","Very likely"
"06-48-61-69",2,3,"University level","Teacher","Likely"
"06-48-61-69",2,4,"University level","Teacher","Likely"
"12-93-60-92",1,5,"University level","Teacher","Likely"
"12-93-60-92",2,5,"University level","Doctor","Likely"
"11-11-55-95",1,3,"University level","Nurse","Likely"
"11-11-55-95",1,4,"University level","Doctor","Very likely"
"11-11-55-95",1,6,"University level","Teacher","Very likely"
"11-11-55-95",2,3,"University level","Nurse","Likely"
"11-11-55-95",2,4,"University level","Teacher","Very likely"
"11-11-55-95",2,6,"University level","Teacher","Very likely"
"82-15-11-19",1,3,"University level","Teacher","Likely"
"82-15-11-19",1,4,"University level","Doctor","Likely"
"82-15-11-19",1,5,"University level","Doctor","Likely"
"82-15-11-19",2,3,"University level","Teacher","Likely"
"82-15-11-19",2,4,"University level","Teacher","Likely"
"82-15-11-19",2,5,"University level","Nurse","Very likely"
"02-47-29-85",1,4,"University level","Doctor","Maybe, maybe not"
"91-34-05-43",1,4,"University level","Doctor","Very unlikely"
"91-34-05-43",1,5,"University level","Teacher","Very unlikely"
"91-34-05-43",2,4,"University level","Doctor","Very unlikely"
"91-34-05-43",2,5,"University level","Teacher","Very unlikely"
"54-07-56-18",1,4,"University level","Business","Likely"
"02-67-98-73",1,3,"University level","Teacher","Likely"
"02-67-98-73",1,4,"University level","Doctor","Likely"
"02-67-98-73",1,5,"University level","Doctor","Likely"
"02-67-98-73",1,6,"Nursey/ Kindergarten/ECD","Teacher","Likely"
"02-67-98-73",2,3,"University level","Teacher","Likely"
"02-67-98-73",2,4,"University level","Doctor","Likely"
"02-67-98-73",2,5,"University level","Teacher","Likely"
"02-67-98-73",2,6,"University level","Teacher","Likely"
"89-44-00-22",1,4,"Post graduate university level","Doctor","Very likely"
"89-44-00-22",1,5,"University level","Engineer","Very likely"
"89-44-00-22",1,6,"University level","Lawyer","Very likely"
"89-44-00-22",1,7,"University level","Lawyer","Likely"
"89-44-00-22",1,8,"University level","Politician","Likely"
"89-44-00-22",2,4,"University level","Nurse","Very likely"
"89-44-00-22",2,5,"University level","Pilot","Likely"
"89-44-00-22",2,6,"University level","Engineer","Very likely"
"89-44-00-22",2,7,"University level","Doctor","Very likely"
"89-44-00-22",2,8,"University level","Lawyer","Very likely"
"25-47-42-18",1,2,"University level","Mechanical engineer","Very unlikely"
"25-47-42-18",1,3,"University level","Teacher","Very likely"
"25-47-42-18",1,4,"Post graduate university level","Doctor","Very unlikely"
"92-95-45-69",1,3,"University level","Teacher","Very unlikely"
"92-95-45-69",1,4,"University level","Doctor","Very unlikely"
"92-95-45-69",1,5,"University level","Nurse","Very unlikely"
"92-95-45-69",1,6,"University level","Teacher","Unlikely"
"92-95-45-69",1,7,"University level","Teacher","Unlikely"
"92-95-45-69",2,3,"University level","Teacher","Maybe, maybe not"
"92-95-45-69",2,4,"University level","Pastor","Very unlikely"
"92-95-45-69",2,5,"University level","Doctor","Very unlikely"
"92-95-45-69",2,6,"University level","Teacher","Unlikely"
"92-95-45-69",2,7,"University level","Nurse","Very unlikely"
"25-17-75-96",2,8,"Post graduate university level","Doctor","Likely"
"25-17-75-96",2,9,"University level","Engineer","Likely"
"25-17-75-96",2,10,"University level","Nurse","Likely"
"08-10-28-09",1,4,"University level","Doctor","Likely"
"08-10-28-09",1,5,"University level","Doctor","Likely"
"08-10-28-09",1,6,"University level","Doctor","Likely"
"08-10-28-09",1,7,"University level","Policeman","Likely"
"08-10-28-09",1,8,"University level","Teaching","Likely"
"63-11-66-98",1,3,"University level","Engineering","Likely"
"63-11-66-98",1,4,"University level","Teaching","Likely"
"63-11-66-98",1,5,"University level","Lawyer","Likely"
"63-11-66-98",1,6,"University level","Doctor","Likely"
"90-89-89-25",1,4,"University level","Doctor","Maybe, maybe not"
"90-89-89-25",1,7,"University level","Teacher","Unlikely"
"90-89-89-25",1,8,"Post secondary tertiary college","Security officer","Maybe, maybe not"
"90-89-89-25",1,9,"University level","Accountant","Likely"
"90-89-89-25",2,4,"Post secondary tertiary college","Electirician","Likely"
"90-89-89-25",2,7,"Post secondary tertiary college","Engineer","Likely"
"90-89-89-25",2,8,"University level","Teacher","Likely"
"90-89-89-25",2,9,"Post secondary tertiary college","Business","Very likely"
"01-16-33-75",1,9,"University level","Teacher","Likely"
"01-16-33-75",1,10,"University level","Secretary","Likely"
"01-16-33-75",1,11,"University level","Nurse","Very unlikely"
"01-16-33-75",2,9,"University level","County commissioner","Unlikely"
"01-16-33-75",2,10,"University level","Nurse","Very unlikely"
"01-16-33-75",2,11,"University level","Teacher","Very unlikely"
"37-73-98-41",1,2,"University level","Teacher","Likely"
"44-96-14-86",1,3,"Post graduate university level","Doctor","Very unlikely"
"44-96-14-86",2,3,"Post graduate university level","Lawyer","Very likely"
"47-83-83-86",1,3,"Primary 5","Business man","Likely"
"47-83-83-86",1,4,"University level","Doctor","Maybe, maybe not"
"47-83-83-86",1,5,"University level","Nurse","Maybe, maybe not"
"47-83-83-86",1,6,"Post secondary tertiary college","Teacher","Unlikely"
"47-83-83-86",1,7,"University level","Business man","Very likely"
"47-83-83-86",2,3,"University level","Manager","Maybe, maybe not"
"47-83-83-86",2,4,"University level","Pharmacist","Likely"
"47-83-83-86",2,5,"University level","Lawyer","Unlikely"
"47-83-83-86",2,6,"University level","Mechanical engineering","Likely"
"47-83-83-86",2,7,"University level","Business person","Unlikely"
"79-40-96-41",2,7,"University level","Doctor","Likely"
"79-40-96-41",2,8,"University level","Lawyer","Very likely"
"79-40-96-41",3,7,"University level","Lecturer","Very likely"
"79-40-96-41",3,8,"University level","Doctor","Very likely"
"60-73-28-03",1,3,"University level","Teacher","Likely"
"79-90-62-68",1,4,"University level","Doctor","Very likely"
"79-90-62-68",1,5,"University level","Pilot","Very likely"
"79-90-62-68",1,6,"University level","Engineer","Very likely"
"79-90-62-68",2,4,"University level","Teacher","Very likely"
"79-90-62-68",2,5,"University level","Doctor","Very likely"
"79-90-62-68",2,6,"University level","Engineer","Very likely"
"63-23-35-27",1,5,"University level","Engineer","Likely"
"63-23-35-27",1,7,"University level","Doctor","Likely"
"63-23-35-27",1,8,"University level","Doctor","Likely"
"63-23-35-27",1,9,"University level","Lawyer","Likely"
"63-23-35-27",2,5,"Religious education","Engineer","Likely"
"63-23-35-27",2,7,"University level","Nurse","Likely"
"63-23-35-27",2,8,"University level","Doctor","Likely"
"63-23-35-27",2,9,"Religious education","Teacher","Likely"
"04-92-66-81",1,3,"University level","Teacher","Likely"
"04-92-66-81",1,4,"University level","Doctor","Likely"
"04-92-66-81",1,5,"University level","Doctor","Likely"
"04-92-66-81",2,3,"University level","Doctor","Likely"
"04-92-66-81",2,4,"University level","Teacher","Likely"
"04-92-66-81",2,5,"University level","Doctor","Likely"
"93-87-16-02",1,6,"University level","Doctor","Likely"
"93-87-16-02",2,6,"University level","Doctor","Very likely"
"65-31-14-31",2,8,"Post graduate university level","Doctor","Very likely"
"65-31-14-31",2,9,"University level","Teacher","Very likely"
"19-27-66-46",2,7,"University level","Lawyer","Maybe, maybe not"
"19-27-66-46",2,8,"University level","Teacher","Unlikely"
"19-27-66-46",2,9,"University level","Doctor","Maybe, maybe not"
"19-27-66-46",2,10,"University level","Nurse","Unlikely"
"24-04-95-50",1,4,"University level","Doctor","Likely"
"24-04-95-50",1,5,"University level","Pilot","Very likely"
"27-66-11-12",1,5,"Secondary school Year 3","Doctor","Likely"
"27-66-11-12",1,6,"University level","Teacher","Likely"
"27-66-11-12",2,5,"University level","Doctor","Likely"
"27-66-11-12",2,6,"University level","Teacher","Likely"
"11-10-12-08",1,4,"University level","Nursing","Likely"
"10-98-84-98",1,3,"University level","Teacher","Likely"
"10-98-84-98",1,4,"University level","Doctor","Likely"
"10-98-84-98",1,5,"University level","Doctor","Likely"
"10-98-84-98",2,3,"University level","Teacher","Likely"
"10-98-84-98",2,4,"University level","Doctor","Likely"
"10-98-84-98",2,5,"University level","Teacher","Likely"
"97-63-71-09",1,5,"University level","Engineer","Very likely"
"97-63-71-09",1,6,"University level","Doctor","Very likely"
"97-63-71-09",2,5,"University level","Engineer","Likely"
"97-63-71-09",2,6,"University level","Doctor","Very likely"
"11-29-74-23",1,3,"University level","Medical doctor","Very likely"
"11-29-74-23",1,4,"University level","Teaching","Very likely"
"11-29-74-23",2,3,"University level","Medical doctor","Likely"
"11-29-74-23",2,4,"University level","Teaching","Likely"
"59-89-68-30",1,4,"University level","Nurse","Likely"
"59-89-68-30",1,5,"University level","Agricultural officer","Very unlikely"
"59-89-68-30",1,6,"University level","Pilot","Likely"
"59-89-68-30",2,4,"University level","Teacher","Likely"
"59-89-68-30",2,5,"University level","Doctor","Likely"
"59-89-68-30",2,6,"University level","Pilot","Likely"
"81-45-95-70",1,7,"University level","Teacher","Likely"
"81-45-95-70",1,8,"University level","Teacher","Likely"
"81-45-95-70",1,9,"University level","Doctor","Likely"
"81-45-95-70",1,10,"University level","Teacher","Likely"
"81-45-95-70",1,11,"University level","Doctor","Likely"
"81-45-95-70",1,12,"University level","Doctor","Likely"
"81-45-95-70",1,13,"University level","Doctor","Likely"
"81-45-95-70",1,14,"University level","Teacher","Likely"
"81-45-95-70",1,15,"University level","Teacher","Likely"
"81-45-95-70",1,16,"University level","Teacher","Likely"
"81-45-95-70",1,18,"University level","Teacher","Likely"
"81-45-95-70",1,19,"University level","Doctor","Likely"
"81-45-95-70",1,20,"University level","Teacher","Likely"
"81-45-95-70",17,7,"University level","Doctor","Likely"
"81-45-95-70",17,8,"University level","Doctor","Very likely"
"81-45-95-70",17,9,"University level","Teacher","Likely"
"81-45-95-70",17,10,"University level","Doctor","Likely"
"81-45-95-70",17,11,"University level","Doctor","Likely"
"81-45-95-70",17,12,"University level","Engineer","Likely"
"81-45-95-70",17,13,"University level","Teacher","Likely"
"81-45-95-70",17,14,"University level","Doctor","Likely"
"81-45-95-70",17,15,"University level","Teacher","Likely"
"81-45-95-70",17,16,"University level","Doctor","Likely"
"81-45-95-70",17,18,"University level","Teacher","Likely"
"81-45-95-70",17,19,"University level","Doctor","Likely"
"81-45-95-70",17,20,"University level","Doctor","Likely"
"16-03-96-06",1,4,"University level","Doctor","Likely"
"16-03-96-06",1,5,"University level","Doctor","Likely"
"16-03-96-06",1,7,"University level","Doctor","Likely"
"16-03-96-06",1,8,"University level","Teacher","Likely"
"16-03-96-06",1,9,"University level","Teacher","Likely"
"16-03-96-06",1,10,"University level","Teacher","Likely"
"16-03-96-06",6,4,"University level","Teacher","Likely"
"16-03-96-06",6,5,"University level","Doctor","Likely"
"16-03-96-06",6,7,"University level","Doctor","Likely"
"16-03-96-06",6,8,"University level","Doctor","Likely"
"16-03-96-06",6,9,"University level","Lawyer","Likely"
"16-03-96-06",6,10,"University level","Engineer","Likely"
"22-88-97-60",1,4,"Post graduate university level","Neuro sergon","Likely"
"22-88-97-60",2,4,"Post graduate university level","Doctor","Maybe, maybe not"
"47-75-71-27",1,7,"University level","Police officer","Likely"
"47-75-71-27",2,7,"Post graduate university level","Doctor","Very likely"
"10-39-00-99",2,3,"University level","Teacher","Likely"
"10-39-00-99",2,4,"University level","Doctor","Likely"
"10-39-00-99",2,5,"University level","Teacher","Likely"
"10-39-00-99",2,6,"University level","Doctor","Likely"
"10-39-00-99",7,3,"University level","Doctor","Likely"
"10-39-00-99",7,4,"University level","Doctor","Likely"
"10-39-00-99",7,5,"University level","Teacher","Likely"
"10-39-00-99",7,6,"University level","Teacher","Likely"
"96-06-62-42",1,3,"University level","Doctor","Likely"
"96-06-62-42",1,4,"University level","Nurse","Likely"
"96-06-62-42",1,5,"University level","Teacher","Likely"
"96-06-62-42",2,3,"University level","Pilot","Likely"
"96-06-62-42",2,4,"University level","Teacher","Likely"
"96-06-62-42",2,5,"University level","Teacher","Likely"
"11-59-44-40",1,3,"Post graduate university level","Teacher","Likely"
"11-59-44-40",1,4,"Post graduate university level","Doctor","Very likely"
"11-59-44-40",1,5,"University level","Nursing","Very likely"
"11-59-44-40",2,3,"University level","Teacher","Likely"
"11-59-44-40",2,4,"University level","Teacher","Likely"
"11-59-44-40",2,5,"University level","Teacher","Likely"
"27-51-81-61",1,4,"University level","Teacher","Likely"
"27-51-81-61",1,5,"University level","Pilot","Likely"
"27-51-81-61",2,4,"University level","Teacher","Likely"
"27-51-81-61",2,5,"University level","Doctor","Likely"
"44-37-52-83",1,2,"Post graduate university level","Lawyer","Likely"
"44-37-52-83",1,3,"Post graduate university level","Teacher","Likely"
"45-92-75-89",1,6,"University level","Nursing","Likely"
"45-92-75-89",2,6,"Post graduate university level","Medical doctor","Likely"
"64-51-39-39",2,4,"University level","Doctor","Very likely"
"64-51-39-39",3,4,"Post graduate university level","Doctor","Likely"
"36-28-42-39",1,5,"University level","Lawyer","Very unlikely"
"36-28-42-39",1,6,"University level","Doctor","Very unlikely"
"36-28-42-39",1,7,"University level","Lawyer","Very unlikely"
"36-28-42-39",1,8,"University level","Teacher","Very unlikely"
"36-28-42-39",2,5,"University level","Teacher","Very unlikely"
"36-28-42-39",2,6,"University level","Teacher","Very likely"
"36-28-42-39",2,7,"University level","Teacher","Very unlikely"
"36-28-42-39",2,8,"University level","Nurse","Unlikely"
"95-09-61-15",1,4,"University level","Doctor","Likely"
"95-09-61-15",1,5,"University level","Teacher","Likely"
"95-09-61-15",1,6,"University level","Engineer","Likely"
"95-09-61-15",2,4,"University level","Teacher","Maybe, maybe not"
"95-09-61-15",2,5,"University level","Doctor","Maybe, maybe not"
"95-09-61-15",2,6,"University level","Surgeon","Likely"
"86-63-74-80",1,4,"University level","Teacher","Very likely"
"67-27-36-61",1,4,"Post graduate university level","Government employee","Likely"
"08-84-33-33",1,3,"University level","Teacher","Likely"
"08-84-33-33",1,4,"University level","Doctor","Likely"
"08-84-33-33",1,5,"University level","Pilot","Likely"
"08-84-33-33",2,3,"University level","Doctor","Likely"
"08-84-33-33",2,4,"University level","Teacher","Likely"
"08-84-33-33",2,5,"University level","Teacher","Likely"
"07-50-91-84",1,2,"Post graduate university level","Doctor","Likely"
"07-50-91-84",1,3,"Post graduate university level","Doctor","Likely"
"07-50-91-84",1,4,"Post graduate university level","Doctor","Likely"
"07-50-91-84",1,5,"Post graduate university level","Doctor","Likely"
"87-71-97-91",1,3,"Post graduate university level","Teacher","Very likely"
"87-71-97-91",1,4,"Post secondary tertiary college","Lawyer","Likely"
"87-71-97-91",1,5,"University level","Doctor","Likely"
"87-71-97-91",1,6,"University level","Engineer","Likely"
"87-71-97-91",2,3,"University level","Engineer","Likely"
"87-71-97-91",2,4,"University level","Teacher","Likely"
"87-71-97-91",2,5,"University level","Doctor","Likely"
"87-71-97-91",2,6,"University level","Nursing","Likely"
"72-05-40-32",1,5,"University level","Teacher","Likely"
"72-05-40-32",2,5,"University level","Doctor","Very likely"
"87-43-28-28",1,3,"University level","Doctor","Likely"
"87-43-28-28",2,3,"University level","Teacher","Likely"
"02-59-28-55",7,6,"University level","Doctor","Likely"
"02-59-28-55",7,9,"University level","Engineer","Likely"
"91-57-08-43",1,4,"University level","Teacher","Likely"
"91-57-08-43",2,4,"University level","Doctor","Likely"
"63-99-85-70",1,2,"University level","Doctor","Likely"
"63-99-85-70",1,3,"University level","Teacher","Very likely"
"63-99-85-70",1,4,"Post graduate university level","Lecturer","Very likely"
"63-99-85-70",1,5,"Post secondary tertiary college","Farmer","Likely"
"37-38-94-21",1,3,"University level","Doctor","Very likely"
"37-38-94-21",1,4,"University level","Doctor","Very likely"
"68-60-50-68",1,2,"Post graduate university level","Lawyer","Likely"
"68-60-50-68",1,3,"Post graduate university level","Lawyer","Likely"
"68-60-50-68",1,4,"Post graduate university level","Doctor","Likely"
"99-17-74-11",1,3,"Post graduate university level","Doctor","Very likely"
"99-17-74-11",1,4,"University level","Teacher","Very likely"
"46-53-61-02",1,4,"Post graduate university level","Teacher","Likely"
"46-53-61-02",1,5,"Post graduate university level","Nursing","Likely"
"46-53-61-02",2,4,"Post graduate university level","Doctor","Likely"
"46-53-61-02",2,5,"Post graduate university level","Lawyer","Likely"
"10-77-75-51",1,5,"University level","Teacher","Likely"
"71-70-88-23",1,4,"University level","Teacher","Likely"
"71-70-88-23",1,5,"University level","Doctor","Likely"
"71-70-88-23",1,6,"University level","Lawyer","Likely"
"71-70-88-23",1,7,"University level","Nurse","Likely"
"71-70-88-23",1,8,"University level","Engineer","Likely"
"71-70-88-23",2,4,"University level","Teacher","Likely"
"71-70-88-23",2,5,"University level","Doctor","Likely"
"71-70-88-23",2,6,"University level","Engineer","Likely"
"71-70-88-23",2,7,"University level","Nurse","Likely"
"71-70-88-23",2,8,"University level","Teacher","Likely"
"21-95-76-65",1,4,"University level","Lawyer","Likely"
"21-95-76-65",2,4,"University level","Doctor","Likely"
"91-60-65-39",2,4,"University level","Teacher","Very unlikely"
"91-60-65-39",2,5,"University level","Lawyer","Very unlikely"
"91-60-65-39",2,6,"University level","Nurse","Very unlikely"
"42-15-16-06",1,3,"University level","Teacher","Maybe, maybe not"
"42-15-16-06",1,4,"University level","Doctor","Likely"
"42-15-16-06",2,3,"University level","Teacher","Likely"
"42-15-16-06",2,4,"University level","Engineer","Likely"
"00-11-52-27",1,3,"University level","Teacher","Likely"
"00-11-52-27",1,5,"University level","Doctor","Likely"
"00-11-52-27",6,3,"University level","Doctor","Likely"
"00-11-52-27",6,5,"University level","Lawyer","Likely"
"87-56-56-81",1,6,"University level","Doctor","Very likely"
"87-56-56-81",1,7,"University level","Teacher","Very likely"
"87-56-56-81",2,6,"University level","Doctor","Very likely"
"87-56-56-81",2,7,"University level","Teacher","Very likely"
"81-79-89-86",1,7,"University level","Teacher","Very likely"
"81-79-89-86",4,7,"University level","Engineer","Likely"
"10-18-23-80",1,8,"University level","Doctor","Very likely"
"10-18-23-80",1,9,"University level","Pilot","Very likely"
"10-18-23-80",1,10,"University level","Sergion","Very likely"
"10-18-23-80",1,11,"University level","Teacher","Very likely"
"10-18-23-80",2,8,"University level","Doctor","Very likely"
"10-18-23-80",2,9,"University level","Teacher","Very likely"
"10-18-23-80",2,10,"University level","Teacher","Likely"
"10-18-23-80",2,11,"University level","Doctor","Very likely"
"71-59-52-11",1,4,"University level","Nurse","Very likely"
"71-59-52-11",1,6,"University level","Teacher","Maybe, maybe not"
"71-59-52-11",7,4,"University level","Teacher","Likely"
"71-59-52-11",7,6,"University level","Teacher","Likely"
"31-09-36-85",1,2,"University level","Teacher","Likely"
"31-09-36-85",1,3,"University level","Teacher","Likely"
"31-09-36-85",1,4,"University level","Doctor","Likely"
"31-09-36-85",1,5,"University level","Teacher","Likely"
"29-04-00-40",1,4,"University level","Teacher","Likely"
"29-04-00-40",2,4,"University level","Teacher","Likely"
"72-18-38-35",1,3,"University level","Doctor","Likely"
"72-18-38-35",1,4,"University level","Engineer","Likely"
"72-18-38-35",1,5,"University level","Teacher","Likely"
"72-18-38-35",1,6,"University level","Teacher","Likely"
"72-18-38-35",1,7,"University level","Government military","Likely"
"72-18-38-35",1,8,"University level","Pilot","Likely"
"72-18-38-35",2,3,"University level","Doctor","Likely"
"72-18-38-35",2,4,"University level","Pilot","Likely"
"72-18-38-35",2,5,"University level","Tea","Likely"
"72-18-38-35",2,6,"University level","Surgeon","Likely"
"72-18-38-35",2,7,"University level","Government military","Likely"
"72-18-38-35",2,8,"University level","Engineer","Likely"
"83-34-07-73",1,3,"University level","Teacher","Unlikely"
"83-34-07-73",1,4,"University level","Doctor","Likely"
"83-34-07-73",1,5,"University level","Teacher","Unlikely"
"83-34-07-73",2,3,"University level","Teacher","Maybe, maybe not"
"83-34-07-73",2,4,"University level","Doctor","Maybe, maybe not"
"83-34-07-73",2,5,"University level","Teacher","Likely"
"70-36-24-93",1,5,"University level","Doctor","Likely"
"70-36-24-93",1,6,"University level","Teacher","Likely"
"70-36-24-93",2,5,"University level","Teacher","Likely"
"70-36-24-93",2,6,"University level","Teacher","Likely"
"13-37-47-48",1,3,"Post secondary tertiary college","Nurse","Very likely"
"13-37-47-48",2,3,"University level","Accountant","Likely"
"22-02-49-30",1,6,"University level","Doctor","Very likely"
"97-28-37-38",1,3,"University level","Teacher","Likely"
"97-28-37-38",1,4,"University level","Teacher","Likely"
"97-28-37-38",1,5,"University level","Doctor","Maybe, maybe not"
"97-28-37-38",1,6,"University level","Engineer","Likely"
"97-28-37-38",2,3,"University level","Doctor","Maybe, maybe not"
"97-28-37-38",2,4,"University level","Teacher","Likely"
"97-28-37-38",2,5,"University level","Engineer","Likely"
"97-28-37-38",2,6,"University level","Teacher","Maybe, maybe not"
"04-02-73-28",1,6,"University level","Doctor","Likely"
"04-02-73-28",1,7,"University level","Teacher","Likely"
"45-10-68-85",1,6,"Post graduate university level","Doctor","Very unlikely"
"45-10-68-85",1,7,"Post graduate university level","Nurse","Very unlikely"
"45-10-68-85",1,8,"University level","Pilot","Very unlikely"
"45-10-68-85",1,9,"Post graduate university level","Lecturer","Very unlikely"
"45-10-68-85",2,6,"University level","Doctor","Very unlikely"
"45-10-68-85",2,7,"University level","Teacher","Very unlikely"
"45-10-68-85",2,8,"Post graduate university level","Government officer","Very unlikely"
"45-10-68-85",2,9,"Post graduate university level","Lawyer","Very unlikely"
"72-72-49-77",1,6,"University level","Teacher","Very likely"
"72-72-49-77",1,7,"University level","Doctor","Very likely"
"72-72-49-77",1,8,"University level","Lawyer","Very likely"
"61-58-42-30",1,3,"Primary 7","Doctor","Maybe, maybe not"
"61-58-42-30",1,5,"University level","Engineer","Maybe, maybe not"
"61-58-42-30",1,6,"University level","Engineer","Maybe, maybe not"
"61-58-42-30",1,7,"University level","Lawyer","Maybe, maybe not"
"61-58-42-30",1,8,"University level","Doctor","Maybe, maybe not"
"61-58-42-30",1,9,"University level","Lawyer","Maybe, maybe not"
"61-58-42-30",10,3,"University level","Doctor","Likely"
"61-58-42-30",10,5,"University level","Doctor","Likely"
"61-58-42-30",10,6,"University level","Doctor","Likely"
"61-58-42-30",10,7,"University level","Doctor","Likely"
"61-58-42-30",10,8,"University level","Teacher","Likely"
"61-58-42-30",10,9,"University level","Teacher","Likely"
"46-76-02-18",2,4,"University level","Teacher","Likely"
"46-76-02-18",2,5,"University level","Doctor","Likely"
"46-76-02-18",2,6,"University level","Pilot","Very likely"
"32-71-82-87",1,4,"University level","Nursing","Very likely"
"32-71-82-87",2,4,"University level","Teaching","Likely"
"51-19-72-02",1,3,"University level","Doctor","Likely"
"51-19-72-02",1,4,"University level","Engineer","Likely"
"51-19-72-02",1,5,"University level","Dentist","Likely"
"51-19-72-02",2,3,"University level","Nurse","Likely"
"51-19-72-02",2,4,"University level","Pilot","Likely"
"51-19-72-02",2,5,"University level","Doctor","Likely"
"98-92-34-42",1,4,"University level","Teacher","Likely"
"98-92-34-42",1,5,"University level","Teacher","Likely"
"98-92-34-42",1,6,"University level","Doctor","Likely"
"98-92-34-42",2,4,"Primary 7","Doctor","Likely"
"98-92-34-42",2,5,"University level","Teacher","Likely"
"98-92-34-42",2,6,"University level","Teacher","Likely"
"26-53-83-57",1,3,"University level","Teacher","Likely"
"26-53-83-57",1,4,"University level","Doctor","Likely"
"26-53-83-57",1,5,"University level","Teacher","Likely"
"35-77-55-36",2,5,"University level","Doctor","Likely"
"60-19-93-23",1,5,"Post graduate university level","Lawyer","Very unlikely"
"60-19-93-23",1,6,"Post graduate university level","Doctor","Very unlikely"
"98-71-23-55",2,3,"University level","Teacher","Likely"
"98-71-23-55",2,4,"University level","Doctor","Likely"
"98-71-23-55",2,8,"University level","Teacher","Likely"
"98-71-23-55",2,9,"University level","Doctor","Likely"
"98-71-23-55",7,3,"University level","Doctor","Maybe, maybe not"
"98-71-23-55",7,4,"University level","Teacher","Likely"
"98-71-23-55",7,8,"University level","Journalist","Likely"
"98-71-23-55",7,9,"University level","Pilot","Likely"
"88-09-79-89",1,5,"Primary 7","Doctor","Likely"
"88-09-79-89",1,7,"University level","Doctor","Likely"
"88-09-79-89",1,9,"University level","Doctor","Likely"
"88-09-79-89",1,10,"University level","Teacher","Likely"
"88-09-79-89",1,11,"University level","Doctor","Likely"
"88-09-79-89",2,5,"University level","Doctor","Likely"
"88-09-79-89",2,7,"University level","Doctor","Likely"
"88-09-79-89",2,9,"University level","Doctor","Likely"
"88-09-79-89",2,10,"University level","Teacher","Likely"
"88-09-79-89",2,11,"University level","Doctor","Likely"
"17-30-57-13",1,3,"University level","Doctor","Very likely"
"34-24-20-27",1,5,"University level","Teacher","Maybe, maybe not"
"13-99-53-09",1,5,"University level","Teacher","Likely"
"13-99-53-09",1,6,"University level","Doctor","Maybe, maybe not"
"13-99-53-09",1,7,"University level","Teacher","Likely"
"13-99-53-09",2,5,"University level","Teacher","Likely"
"13-99-53-09",2,6,"University level","Teacher","Likely"
"13-99-53-09",2,7,"University level","Pilot","Likely"
"62-74-89-68",1,4,"University level","Doctor","Likely"
"62-74-89-68",2,4,"University level","Doctor","Likely"
"10-78-86-05",1,4,"University level","Any profession","Likely"
"58-17-83-09",1,3,"University level","Doctor","Very likely"
"58-17-83-09",1,4,"University level","Doctor","Likely"
"58-17-83-09",1,5,"No formal education","0","Unlikely"
"58-17-83-09",2,3,"University level","Doctor","Very likely"
"58-17-83-09",2,4,"University level","Doctor","Very likely"
"58-17-83-09",2,5,"No formal education","0","Unlikely"
"86-94-71-57",1,3,"University level","Teacher","Very likely"
"86-94-71-57",2,3,"University level","Doctor","Very likely"
"31-45-42-89",1,5,"University level","Teacher","Very likely"
"31-45-42-89",1,6,"University level","Accountant","Very likely"
"31-45-42-89",1,7,"University level","Doctor","Likely"
"31-45-42-89",1,8,"University level","Teacher","Very likely"
"31-45-42-89",2,5,"University level","Doctor","Very likely"
"31-45-42-89",2,6,"University level","Teacher","Very likely"
"31-45-42-89",2,7,"University level","Security officer","Very likely"
"31-45-42-89",2,8,"University level","Pastor","Very likely"
"64-05-06-14",1,5,"University level","Doctor","Likely"
"64-05-06-14",1,6,"University level","Teacher","Likely"
"64-05-06-14",1,7,"University level","Teacher","Likely"
"64-05-06-14",2,5,"University level","Teacher","Likely"
"64-05-06-14",2,6,"University level","Doctor","Likely"
"64-05-06-14",2,7,"University level","Lawyer","Likely"
"78-32-01-29",1,5,"University level","Teacher","Very unlikely"
"78-32-01-29",1,6,"University level","Doctor","Very unlikely"
"78-32-01-29",2,5,"Post secondary tertiary college","Teacher","Maybe, maybe not"
"78-32-01-29",2,6,"University level","Doctor","Unlikely"
"33-80-34-20",1,4,"University level","Teacher","Likely"
"33-80-34-20",1,6,"University level","Teacher","Likely"
"33-80-34-20",1,7,"University level","Doctor","Likely"
"10-62-40-22",1,3,"University level","Teacher","Likely"
"10-62-40-22",1,7,"University level","Doctor","Likely"
"10-62-40-22",2,3,"University level","Teacher","Likely"
"10-62-40-22",2,7,"University level","Doctor","Likely"
"52-02-93-49",1,6,"University level","Pilot","Likely"
"94-99-56-40",1,3,"University level","Pilot","Likely"
"94-99-56-40",1,6,"University level","Doctor","Likely"
"94-99-56-40",2,3,"University level","Teacher","Likely"
"94-99-56-40",2,6,"University level","Pilot","Likely"
"95-92-63-73",1,6,"University level","Doctor","Very likely"
"95-92-63-73",2,6,"University level","Doctor","Very likely"
"06-17-24-58",1,6,"University level","Teacher","Very likely"
"06-17-24-58",2,6,"University level","Engineer","Very likely"
"23-78-50-31",1,4,"University level","Medical doctor","Likely"
"20-84-25-59",1,3,"University level","Pilot","Very likely"
"20-84-25-59",1,4,"University level","Medical doctor","Very likely"
"20-84-25-59",1,5,"Adult Literacy","Teaching","Likely"
"20-84-25-59",1,6,"University level","Nursing","Likely"
"20-84-25-59",2,3,"University level","Engineering","Likely"
"20-84-25-59",2,4,"University level","Medical doctor","Likely"
"20-84-25-59",2,5,"University level","Teaching","Likely"
"20-84-25-59",2,6,"University level","Nursing","Likely"
"97-31-09-83",1,6,"University level","Doctor","Likely"
"97-31-09-83",1,7,"University level","Teacher","Likely"
"97-31-09-83",1,8,"University level","Teacher","Likely"
"97-31-09-83",1,9,"University level","Doctor","Likely"
"97-31-09-83",1,10,"University level","Teacher","Likely"
"97-31-09-83",2,6,"University level","Nursing","Likely"
"97-31-09-83",2,7,"University level","Teacher","Likely"
"97-31-09-83",2,8,"Post secondary tertiary college","Teacher","Likely"
"97-31-09-83",2,9,"University level","Lawyer","Likely"
"97-31-09-83",2,10,"University level","Doctor","Likely"
"56-22-99-66",2,7,"University level","Nursing","Likely"
"56-22-99-66",2,8,"University level","Teaching","Likely"
"56-22-99-66",4,7,"Post secondary tertiary college","Nursing","Very likely"
"56-22-99-66",4,8,"Post graduate university level","Engineering","Very likely"
"05-92-75-52",1,5,"University level","Teacher","Unlikely"
"05-92-75-52",2,5,"Post secondary tertiary college","Teacher","Very likely"
"50-93-16-91",2,7,"University level","Lecturer","Maybe, maybe not"
"50-93-16-91",2,8,"University level","Teacher","Likely"
"50-93-16-91",2,9,"University level","Engineer","Likely"
"50-93-16-91",3,7,"Post graduate university level","Bank manager","Likely"
"50-93-16-91",3,8,"University level","Epidemiologist","Likely"
"50-93-16-91",3,9,"University level","Pharmacist","Likely"
"89-68-31-84",1,3,"Post graduate university level","Medical doctor","Likely"
"89-68-31-84",1,4,"Post graduate university level","Engineering","Likely"
"89-68-31-84",2,3,"University level","Teaching","Likely"
"89-68-31-84",2,4,"University level","Medical doctor","Likely"
"37-58-34-11",1,4,"No formal education","None because i will not take him to school","Maybe, maybe not"
"37-58-34-11",2,4,"No formal education","None","Unlikely"
"33-93-90-01",1,7,"University level","Journalist","Maybe, maybe not"
"33-93-90-01",1,8,"University level","Teacher","Likely"
"33-93-90-01",2,7,"University level","Doctor","Likely"
"33-93-90-01",2,8,"University level","Teacher","Likely"
"00-04-89-61",1,3,"No formal education","0","Likely"
"00-04-89-61",1,4,"No formal education","0","Likely"
"00-04-89-61",1,5,"No formal education","0","Likely"
"00-04-89-61",1,6,"Primary 1","Teacher","Likely"
"98-42-90-09",1,2,"University level","Doctor","Likely"
"55-74-55-01",2,3,"University level","Lawyer","Maybe, maybe not"
"55-74-55-01",2,4,"University level","Lawyer","Likely"
"55-74-55-01",2,5,"University level","Doctor","Maybe, maybe not"
"35-03-81-94",1,4,"University level","Engineer","Likely"
"35-03-81-94",1,5,"University level","Teacher","Likely"
"35-03-81-94",2,4,"University level","Teacher","Likely"
"35-03-81-94",2,5,"University level","Doctor","Likely"
"87-29-60-32",2,5,"University level","Surgeon","Very likely"
"87-29-60-32",2,6,"University level","Nursing","Very likely"
"59-04-53-64",1,2,"University level","Hotelier","Likely"
"59-04-53-64",1,3,"University level","Accountant","Likely"
"59-04-53-64",1,4,"University level","Doctor","Likely"
"59-04-53-64",1,6,"University level","Nurse","Very likely"
"64-96-99-21",1,3,"No formal education","Teacher","Maybe, maybe not"
"64-96-99-21",1,4,"University level","Doctor","Likely"
"64-96-99-21",1,5,"University level","Teacher","Likely"
"64-96-99-21",1,6,"University level","Engineer","Maybe, maybe not"
"64-96-99-21",2,3,"University level","Teacher","Likely"
"64-96-99-21",2,4,"University level","Teacher","Likely"
"64-96-99-21",2,5,"University level","Doctor","Likely"
"64-96-99-21",2,6,"University level","Teacher","Likely"
"36-02-93-74",2,4,"University level","Doctor","Very likely"
"56-43-23-52",1,5,"University level","Doctor","Likely"
"56-43-23-52",3,5,"University level","Doctor","Likely"
"42-33-55-75",1,2,"Post graduate university level","Doctor","Likely"
"42-33-55-75",1,3,"University level","Accounting","Likely"
"42-33-55-75",1,4,"University level","Teacher","Likely"
"42-33-55-75",1,5,"University level","Nursing","Likely"
"67-03-64-23",1,5,"University level","Teacher","Very unlikely"
"67-03-64-23",1,6,"University level","Nurse","Very unlikely"
"67-03-64-23",1,7,"University level","Teacher","Very unlikely"
"67-03-64-23",1,8,"Post secondary tertiary college","Doctor","Unlikely"
"67-03-64-23",2,5,"University level","Teacher","Very likely"
"67-03-64-23",2,6,"University level","Nurse","Likely"
"67-03-64-23",2,7,"University level","Teacher","Unlikely"
"67-03-64-23",2,8,"University level","Teacher","Unlikely"
"34-93-29-30",1,2,"Post graduate university level","Doctor","Very likely"
"74-55-51-40",1,6,"University level","Teacher","Maybe, maybe not"
"74-55-51-40",3,6,"University level","Nurse","Very likely"
"64-62-65-29",1,4,"University level","Engineer","Likely"
"30-54-31-50",1,7,"University level","Teacher","Unlikely"
"30-54-31-50",1,8,"University level","Teacher","Very unlikely"
"30-54-31-50",2,7,"University level","Teacher","Unlikely"
"30-54-31-50",2,8,"University level","Doctor","Very unlikely"
"42-02-08-83",1,5,"University level","Teacher","Likely"
"42-02-08-83",1,6,"Nursey/ Kindergarten/ECD","Engineer","Likely"
"42-02-08-83",1,7,"University level","Doctor","Likely"
"42-02-08-83",3,5,"Secondary school Year 1","Teacher","Likely"
"42-02-08-83",3,6,"University level","Doctor","Likely"
"42-02-08-83",3,7,"University level","Doctor","Likely"
"04-71-60-91",2,3,"University level","Doctor","Likely"
"04-71-60-91",2,4,"University level","Teacher","Likely"
"37-15-67-95",1,3,"University level","Doctor","Very likely"
"37-15-67-95",1,4,"University level","Nurse","Very likely"
"37-15-67-95",1,5,"University level","Teacher","Likely"
"37-15-67-95",1,6,"University level","Teacher","Very unlikely"
"37-15-67-95",1,7,"University level","Teacher","Maybe, maybe not"
"37-15-67-95",2,3,"University level","Teacher","Likely"
"37-15-67-95",2,4,"University level","Teacher","Likely"
"37-15-67-95",2,5,"University level","Teacher","Likely"
"37-15-67-95",2,6,"University level","Nurse","Maybe, maybe not"
"37-15-67-95",2,7,"University level","Doctor","Very likely"
"42-23-71-10",2,7,"University level","Teaching","Likely"
"42-23-71-10",2,8,"University level","Teaching","Likely"
"42-23-71-10",2,9,"University level","Nursing","Very likely"
"50-11-26-74",1,7,"University level","Doctor","Very likely"
"50-11-26-74",1,8,"University level","Doctor","Very likely"
"50-11-26-74",1,9,"Post secondary tertiary college","Security officer","Likely"
"50-11-26-74",2,7,"University level","Teacher","Very likely"
"50-11-26-74",2,8,"University level","Pilot","Likely"
"50-11-26-74",2,9,"University level","Doctor","Very likely"
"41-04-96-60",1,3,"University level","Teacher","Likely"
"41-04-96-60",1,4,"University level","Teacher","Likely"
"41-04-96-60",2,3,"University level","Nursing","Likely"
"41-04-96-60",2,4,"University level","Nursing","Likely"
"64-11-10-98",1,3,"University level","Teacher","Very likely"
"64-11-10-98",1,4,"University level","Teacher","Very likely"
"64-11-10-98",2,3,"University level","Doctor","Very likely"
"64-11-10-98",2,4,"University level","Teacher","Likely"
"57-81-30-05",1,4,"University level","Doctor","Likely"
"57-81-30-05",2,4,"University level","Doctor","Likely"
"88-77-78-80",1,5,"University level","Teacher","Very unlikely"
"88-77-78-80",1,6,"University level","Nurse","Very unlikely"
"88-77-78-80",1,7,"University level","Teacher","Very unlikely"
"88-77-78-80",2,5,"University level","Nurse","Very unlikely"
"88-77-78-80",2,6,"University level","Teacher","Maybe, maybe not"
"88-77-78-80",2,7,"University level","Doctor","Unlikely"
"50-74-95-60",2,4,"University level","Nurse","Likely"
"50-74-95-60",2,5,"University level","Teacher","Likely"
"99-69-07-36",1,3,"University level","Teacher","Likely"
"99-69-07-36",1,4,"University level","Teacher","Likely"
"99-69-07-36",1,5,"Adult Literacy","Doctor","Likely"
"99-69-07-36",1,6,"University level","Teacher","Likely"
"99-69-07-36",2,3,"University level","Doctor","Likely"
"99-69-07-36",2,4,"University level","Lawyer","Likely"
"99-69-07-36",2,5,"Adult Literacy","Nursing","Likely"
"99-69-07-36",2,6,"University level","Teacher","Likely"
"94-52-87-82",1,9,"University level","Teacher","Likely"
"94-52-87-82",1,10,"University level","Doctor","Likely"
"94-52-87-82",1,11,"University level","Engineer","Likely"
"94-52-87-82",7,9,"Adult Literacy","Teacher","Likely"
"94-52-87-82",7,10,"University level","Doctor","Likely"
"94-52-87-82",7,11,"University level","Pilot","Likely"
"97-41-99-18",1,4,"University level","Nurse","Unlikely"
"97-41-99-18",1,5,"University level","Teacher","Very unlikely"
"97-41-99-18",1,6,"University level","Teacher","Very unlikely"
"90-57-88-40",1,5,"University level","Teacher","Very likely"
"90-57-88-40",1,6,"University level","Teacher","Very likely"
"90-57-88-40",2,5,"University level","Nurse","Likely"
"90-57-88-40",2,6,"University level","Teacher","Very likely"
"38-86-39-27",1,4,"University level","Doctor","Likely"
"38-86-39-27",1,6,"University level","Teacher","Likely"
"38-86-39-27",1,7,"University level","Teacher","Likely"
"38-86-39-27",3,4,"University level","Doctor","Maybe, maybe not"
"38-86-39-27",3,6,"University level","Teacher","Likely"
"38-86-39-27",3,7,"University level","Doctor","Likely"
"03-07-08-19",1,5,"University level","Doctor","Likely"
"03-07-08-19",1,6,"University level","Doctor","Likely"
"03-07-08-19",1,7,"University level","Teacher","Likely"
"03-07-08-19",1,8,"University level","Teacher","Likely"
"03-07-08-19",2,5,"University level","Doctor","Likely"
"03-07-08-19",2,6,"University level","Doctor","Likely"
"03-07-08-19",2,7,"University level","Doctor","Likely"
"03-07-08-19",2,8,"University level","Teacher","Likely"
"72-39-10-40",1,6,"University level","Doctor","Very likely"
"72-39-10-40",1,7,"University level","Teacher","Very likely"
"72-39-10-40",1,8,"University level","Teacher","Very likely"
"72-39-10-40",1,9,"University level","Teacher","Likely"
"72-39-10-40",2,6,"University level","Teacher","Likely"
"72-39-10-40",2,7,"University level","Doctor","Very likely"
"72-39-10-40",2,8,"University level","Teacher","Likely"
"72-39-10-40",2,9,"University level","Engineer","Very likely"
"06-58-90-91",1,4,"University level","Teacher","Likely"
"06-58-90-91",1,5,"University level","Doctor","Likely"
"06-58-90-91",2,4,"University level","Teacher","Likely"
"06-58-90-91",2,5,"University level","Engineer","Likely"
"64-24-49-94",1,7,"University level","Teacher","Very likely"
"64-24-49-94",1,8,"University level","Teacher","Likely"
"64-24-49-94",2,7,"University level","Teacher","Very likely"
"64-24-49-94",2,8,"University level","Nurse","Likely"
"84-08-92-59",1,9,"University level","Teacher","Likely"
"84-08-92-59",1,10,"University level","Teacher","Likely"
"84-08-92-59",1,11,"University level","Nurse","Likely"
"84-08-92-59",2,9,"University level","Teacher","Very unlikely"
"84-08-92-59",2,10,"University level","Nurse","Likely"
"84-08-92-59",2,11,"University level","Teacher","Very likely"
"39-04-13-87",1,4,"University level","Engineer","Likely"
"39-04-13-87",1,5,"University level","Teacher","Likely"
"39-04-13-87",1,6,"University level","Doctor","Likely"
"39-04-13-87",2,4,"University level","Engineer","Likely"
"39-04-13-87",2,5,"University level","Accounting","Likely"
"39-04-13-87",2,6,"University level","Teacher","Likely"
"12-81-58-78",1,3,"University level","Teacher","Very likely"
"12-81-58-78",1,4,"University level","Teacher","Very likely"
"12-81-58-78",1,5,"University level","Lawyer","Very likely"
"12-81-58-78",2,3,"University level","Teacher","Very likely"
"12-81-58-78",2,4,"University level","Pilot","Very likely"
"12-81-58-78",2,5,"University level","Doctor","Very likely"
"46-43-23-18",2,4,"University level","Doctor","Very likely"
"46-43-23-18",2,5,"University level","Teacher","Very likely"
"46-43-23-18",2,6,"University level","Driver","Very likely"
"46-43-23-18",2,7,"University level","Doctor","Very likely"
"46-43-23-18",2,8,"University level","Pilot","Very likely"
"48-70-52-60",1,5,"University level","Doctor","Likely"
"48-70-52-60",1,6,"University level","Teacher","Maybe, maybe not"
"48-70-52-60",1,7,"University level","Engineering","Maybe, maybe not"
"48-70-52-60",1,8,"University level","Lecturer","Maybe, maybe not"
"48-70-52-60",2,5,"Post secondary tertiary college","Lecturer","Maybe, maybe not"
"48-70-52-60",2,6,"University level","Journalist","Likely"
"48-70-52-60",2,7,"University level","Teacher","Likely"
"48-70-52-60",2,8,"University level","Doctor","Likely"
"64-66-30-53",1,4,"University level","Teaching","Very likely"
"64-66-30-53",1,5,"University level","Teaching","Very likely"
"07-19-59-75",1,3,"Post secondary tertiary college","Engineer","Very unlikely"
"07-19-59-75",1,4,"Post graduate university level","Doctor","Very unlikely"
"07-19-59-75",2,3,"Post graduate university level","Teacher","Very unlikely"
"07-19-59-75",2,4,"University level","Lawyer","Very unlikely"
"03-69-84-05",1,9,"University level","Doctor","Very likely"
"03-69-84-05",2,9,"University level","Teacher","Very likely"
"55-07-48-89",2,3,"University level","Doctor","Likely"
"84-64-87-37",1,4,"University level","Teacher","Likely"
"84-64-87-37",1,5,"University level","Doctor","Likely"
"84-64-87-37",2,4,"University level","Teacher","Likely"
"84-64-87-37",2,5,"University level","Teacher","Likely"
"01-15-12-42",1,9,"University level","Teacher","Likely"
"01-15-12-42",1,10,"University level","Teacher","Likely"
"01-15-12-42",1,11,"University level","Nurse","Very unlikely"
"01-15-12-42",1,12,"University level","Doctor","Unlikely"
"01-15-12-42",2,9,"University level","Teacher","Very likely"
"01-15-12-42",2,10,"University level","Nurse","Likely"
"01-15-12-42",2,11,"University level","Doctor","Likely"
"01-15-12-42",2,12,"University level","Teacher","Very unlikely"
"99-30-86-99",1,2,"University level","Teacher","Very likely"
"43-03-84-96",2,8,"University level","Teacher","Likely"
"43-03-84-96",2,9,"University level","Doctor","Very likely"
"26-40-62-78",1,5,"University level","Teacher","Likely"
"26-40-62-78",2,5,"University level","Teacher","Likely"
"45-82-95-63",1,3,"University level","Doctor","Very unlikely"
"45-82-95-63",1,4,"University level","Pilot","Very unlikely"
"45-82-95-63",2,3,"University level","Doctor","Very unlikely"
"45-82-95-63",2,4,"University level","Teacher","Very unlikely"
"19-12-89-41",1,4,"University level","Finance manager","Very unlikely"
"19-12-89-41",1,5,"University level","Lawyer","Very unlikely"
"19-12-89-41",2,4,"University level","Pilot","Very unlikely"
"19-12-89-41",2,5,"University level","Doctor","Very unlikely"
"86-61-90-88",1,7,"University level","Professor","Likely"
"86-61-90-88",1,8,"University level","Professor","Very likely"
"86-61-90-88",1,9,"University level","Teacher","Very likely"
"86-61-90-88",6,7,"University level","Professor","Very likely"
"86-61-90-88",6,8,"University level","Teacher","Very likely"
"86-61-90-88",6,9,"University level","Doctor","Very likely"
"01-74-93-41",1,6,"University level","Nurse","Likely"
"01-74-93-41",1,7,"University level","Teacher","Likely"
"01-74-93-41",3,6,"University level","Doctor","Likely"
"01-74-93-41",3,7,"University level","Doctor","Likely"
"38-25-54-65",1,3,"University level","Teacher","Very unlikely"
"38-25-54-65",1,4,"University level","Teacher","Unlikely"
"38-25-54-65",1,5,"University level","Teacher","Very likely"
"38-25-54-65",2,3,"University level","Teacher","Very likely"
"38-25-54-65",2,4,"University level","Teacher","Very likely"
"38-25-54-65",2,5,"University level","Teacher","Likely"
"21-70-86-32",1,5,"University level","Teacher","Likely"
"21-70-86-32",2,5,"University level","Doctor","Likely"
"02-81-96-02",1,3,"University level","Doctor","Very unlikely"
"02-81-96-02",1,4,"University level","Doctor","Very unlikely"
"02-81-96-02",2,3,"Post graduate university level","Doctor","Very unlikely"
"02-81-96-02",2,4,"Post graduate university level","Doctor","Very unlikely"
"76-19-75-88",1,3,"University level","Doctor","Likely"
"76-19-75-88",1,4,"University level","Doctor","Likely"
"76-19-75-88",1,5,"University level","Teacher","Likely"
"76-19-75-88",1,6,"University level","Teacher","Likely"
"76-19-75-88",1,7,"University level","Nursing","Likely"
"76-19-75-88",2,3,"University level","Lawyer","Likely"
"76-19-75-88",2,4,"University level","Lawyer","Likely"
"76-19-75-88",2,5,"University level","Nursing","Likely"
"76-19-75-88",2,6,"University level","Teacher","Likely"
"76-19-75-88",2,7,"University level","Teacher","Likely"
"66-74-73-77",1,3,"Post graduate university level","Lawyer","Likely"
"66-74-73-77",1,4,"Post graduate university level","Engineer","Likely"
"66-74-73-77",1,5,"Post graduate university level","Chemical engineer","Likely"
"66-74-73-77",1,6,"Post graduate university level","Doctor","Likely"
"66-74-73-77",1,7,"Post graduate university level","Teacher","Likely"
"66-74-73-77",2,3,"University level","Lawyer","Likely"
"66-74-73-77",2,4,"University level","Engineer","Likely"
"66-74-73-77",2,5,"University level","Engineer","Likely"
"66-74-73-77",2,6,"University level","Doctor","Likely"
"66-74-73-77",2,7,"University level","Nursing","Likely"
"68-02-84-17",4,8,"University level","Lawyer","Likely"
"75-80-31-44",1,4,"Post graduate university level","Medical doctor","Likely"
"75-80-31-44",1,5,"Post graduate university level","Engineering","Likely"
"75-80-31-44",2,4,"University level","Nursing","Likely"
"75-80-31-44",2,5,"University level","Teaching","Likely"
"27-87-86-78",1,5,"Post secondary tertiary college","Teacher","Likely"
"27-87-86-78",1,6,"Post secondary tertiary college","Banker","Likely"
"27-87-86-78",1,7,"Post secondary tertiary college","Accountant","Maybe, maybe not"
"27-87-86-78",2,5,"University level","Engineer","Maybe, maybe not"
"27-87-86-78",2,6,"University level","Bank manager","Likely"
"27-87-86-78",2,7,"University level","Teacher","Likely"
"69-86-48-74",1,4,"University level","Doctor","Very unlikely"
"71-45-11-71",1,3,"University level","Doctor","Very likely"
"71-45-11-71",1,4,"University level","Lawyer","Very likely"
"71-45-11-71",2,3,"University level","Pilot","Very likely"
"71-45-11-71",2,4,"University level","Driver","Very likely"
"04-56-93-47",1,4,"University level","Engineer","Likely"
"04-56-93-47",2,4,"University level","Teacher","Likely"
"48-20-93-40",1,6,"University level","Doctor","Likely"
"48-20-93-40",2,6,"University level","Teacher","Maybe, maybe not"
"77-28-28-65",1,4,"No formal education","0","Very unlikely"
"77-28-28-65",1,5,"No formal education","0","Very unlikely"
"77-28-28-65",1,6,"University level","Teacher","Likely"
"77-28-28-65",1,7,"No formal education","0","Very unlikely"
"77-28-28-65",2,4,"No formal education","0","Unlikely"
"77-28-28-65",2,5,"No formal education","0","Unlikely"
"77-28-28-65",2,6,"Post graduate university level","Doctor","Likely"
"77-28-28-65",2,7,"No formal education","0","Unlikely"
"11-74-52-10",2,6,"University level","Teacher","Very likely"
"11-74-52-10",2,7,"University level","Teacher","Very likely"
"11-74-52-10",9,6,"University level","Doctor","Very likely"
"11-74-52-10",9,7,"University level","Teacher","Likely"
"15-73-69-92",1,3,"University level","Teacher","Likely"
"15-73-69-92",2,3,"University level","Doctor","Likely"
"97-74-49-80",1,3,"University level","Mca","Very likely"
"97-74-49-80",1,4,"University level","Teacher","Likely"
"97-74-49-80",2,3,"University level","Teacher","Very unlikely"
"97-74-49-80",2,4,"University level","Teacher","Very unlikely"
"82-11-02-31",6,3,"University level","Teacher","Very likely"
"57-80-52-25",2,4,"University level","Pilot","Very likely"
"57-80-52-25",2,5,"University level","Engineer","Very likely"
"57-80-52-25",2,6,"University level","Teacher","Very likely"
"57-80-52-25",2,7,"University level","Police officer","Very likely"
"72-15-05-10",2,9,"University level","Engineer","Very likely"
"74-51-85-05",1,3,"University level","Teacher","Very unlikely"
"74-51-85-05",1,4,"No formal education","None","Very unlikely"
"74-51-85-05",1,5,"University level","Pastor","Very unlikely"
"74-51-85-05",1,6,"University level","Teacher","Very unlikely"
"74-51-85-05",1,7,"No formal education","None","Very unlikely"
"74-51-85-05",2,3,"No formal education","None","Very unlikely"
"74-51-85-05",2,4,"No formal education","None","Very unlikely"
"74-51-85-05",2,5,"University level","Teacher","Very unlikely"
"74-51-85-05",2,6,"University level","Teacher","Unlikely"
"74-51-85-05",2,7,"No formal education","None","Very unlikely"
"86-09-61-31",2,9,"University level","Doctor","Very likely"
"86-09-61-31",2,10,"University level","Nurse","Likely"
"86-09-61-31",2,11,"University level","Teacher","Unlikely"
"86-09-61-31",3,9,"University level","Teacher","Maybe, maybe not"
"86-09-61-31",3,10,"University level","Nurse","Very likely"
"86-09-61-31",3,11,"University level","Teacher","Likely"
"93-25-93-51",1,14,"University level","Teacher","Very unlikely"
"93-25-93-51",1,15,"University level","Nurse","Very unlikely"
"93-25-93-51",2,14,"University level","Teacher","Very unlikely"
"93-25-93-51",2,15,"University level","Nurse","Very unlikely"
"46-18-65-43",1,3,"University level","Doctor","Likely"
"46-18-65-43",2,3,"University level","Pilot","Likely"
"95-71-10-81",1,5,"Post secondary tertiary college","Doctor","Likely"
"95-71-10-81",2,5,"University level","Nurse","Likely"
"12-15-65-08",1,4,"University level","Teacher","Very likely"
"12-15-65-08",1,5,"University level","Nurse","Likely"
"12-15-65-08",1,6,"University level","Teacher","Very likely"
"71-69-40-35",1,2,"University level","Teacher","Likely"
"71-69-40-35",1,3,"University level","Doctor","Likely"
"71-69-40-35",1,4,"University level","Doctor","Likely"
"71-69-40-35",1,5,"University level","Teacher","Likely"
"71-69-40-35",6,2,"University level","Doctor","Maybe, maybe not"
"71-69-40-35",6,3,"Nursey/ Kindergarten/ECD","Doctor","Maybe, maybe not"
"71-69-40-35",6,4,"University level","Engineer","Maybe, maybe not"
"71-69-40-35",6,5,"University level","Teacher","Maybe, maybe not"
"21-46-83-44",1,5,"University level","Teacher","Very likely"
"21-46-83-44",1,6,"University level","Teacher","Very likely"
"21-46-83-44",1,7,"University level","Nurse","Very likely"
"21-46-83-44",1,8,"University level","Nurse","Very likely"
"21-46-83-44",2,5,"University level","Teacher","Very likely"
"21-46-83-44",2,6,"University level","Teacher","Very likely"
"21-46-83-44",2,7,"University level","Nurse","Very likely"
"21-46-83-44",2,8,"University level","Teacher","Very likely"
"53-46-63-99",1,5,"No formal education","0","Unlikely"
"53-46-63-99",1,6,"No formal education","0","Unlikely"
"53-46-63-99",1,7,"No formal education","0","Unlikely"
"53-46-63-99",1,8,"No formal education","0","Unlikely"
"53-46-63-99",2,5,"No formal education","0","Likely"
"53-46-63-99",2,6,"No formal education","0","Likely"
"53-46-63-99",2,7,"No formal education","0","Likely"
"53-46-63-99",2,8,"No formal education","0","Likely"
"92-47-39-90",1,8,"University level","Teacher","Very likely"
"92-47-39-90",1,9,"University level","Teacher","Maybe, maybe not"
"92-47-39-90",1,10,"University level","Teacher","Very likely"
"92-47-39-90",1,11,"University level","Nurse","Maybe, maybe not"
"92-47-39-90",2,8,"University level","Nurse","Maybe, maybe not"
"92-47-39-90",2,9,"University level","Teacher","Unlikely"
"92-47-39-90",2,10,"University level","Assistant county commissioner","Very unlikely"
"92-47-39-90",2,11,"University level","Nurse","Very likely"
"48-13-13-53",1,5,"University level","Engineer","Maybe, maybe not"
"48-13-13-53",1,6,"University level","Engineer","Maybe, maybe not"
"48-13-13-53",1,7,"University level","Engineer","Maybe, maybe not"
"48-13-13-53",1,8,"University level","Doctor","Maybe, maybe not"
"48-13-13-53",2,5,"University level","Teacher","Maybe, maybe not"
"48-13-13-53",2,6,"University level","Doctor","Maybe, maybe not"
"48-13-13-53",2,7,"University level","Doctor","Maybe, maybe not"
"48-13-13-53",2,8,"University level","Teacher","Maybe, maybe not"
"22-45-98-08",1,5,"University level","Teacher","Maybe, maybe not"
"22-45-98-08",1,6,"University level","Doctor","Maybe, maybe not"
"22-45-98-08",1,7,"University level","Nurse","Maybe, maybe not"
"22-45-98-08",1,8,"University level","Teacher","Maybe, maybe not"
"22-45-98-08",2,5,"University level","Doctor","Likely"
"22-45-98-08",2,6,"University level","Doctor","Likely"
"22-45-98-08",2,7,"University level","Teacher","Likely"
"22-45-98-08",2,8,"University level","Teacher","Likely"
"05-13-82-78",1,3,"No formal education","0","Likely"
"05-13-82-78",1,4,"Post secondary tertiary college","Teacher","Likely"
"05-13-82-78",1,5,"Post secondary tertiary college","Police officer","Likely"
"05-13-82-78",1,6,"University level","Lawyer","Likely"
"05-13-82-78",2,3,"No formal education","0","Likely"
"05-13-82-78",2,4,"No formal education","0","Very likely"
"05-13-82-78",2,5,"Post graduate university level","Teacher","Likely"
"05-13-82-78",2,6,"Post graduate university level","Lawyer","Likely"
"38-34-24-20",1,3,"University level","Teacher","Maybe, maybe not"
"38-34-24-20",1,4,"University level","Teacher","Maybe, maybe not"
"38-34-24-20",1,5,"University level","Doctor","Maybe, maybe not"
"38-34-24-20",1,6,"University level","Doctor","Likely"
"38-34-24-20",1,7,"University level","Doctor","Likely"
"38-34-24-20",2,3,"University level","Teacher","Likely"
"38-34-24-20",2,4,"University level","Teacher","Likely"
"38-34-24-20",2,5,"University level","Teacher","Likely"
"38-34-24-20",2,6,"University level","Teacher","Likely"
"38-34-24-20",2,7,"University level","Doctor","Likely"
"95-32-48-88",1,2,"No formal education","0","Likely"
"95-32-48-88",1,3,"University level","Teacher","Likely"
"95-32-48-88",1,4,"University level","Nursing","Very likely"
"38-26-85-56",1,6,"University level","Doctor","Likely"
"38-26-85-56",1,7,"University level","Doctor","Likely"
"38-26-85-56",3,6,"University level","Teacher","Likely"
"38-26-85-56",3,7,"University level","Doctor","Likely"
"14-26-58-26",1,3,"University level","Teacher","Likely"
"14-26-58-26",1,4,"University level","Doctor","Likely"
"14-26-58-26",2,3,"University level","Pilot","Likely"
"14-26-58-26",2,4,"University level","Doctor","Likely"
"98-72-74-27",1,2,"University level","Teacher","Maybe, maybe not"
"71-71-39-84",1,3,"University level","Doctor","Likely"
"71-71-39-84",1,4,"University level","Teacher","Likely"
"71-71-39-84",1,5,"University level","Doctor","Likely"
"71-71-39-84",1,6,"University level","Doctor","Likely"
"71-71-39-84",1,7,"University level","Teacher","Likely"
"71-71-39-84",2,3,"University level","Doctor","Likely"
"71-71-39-84",2,4,"University level","Doctor","Likely"
"71-71-39-84",2,5,"University level","Teacher","Likely"
"71-71-39-84",2,6,"University level","Doctor","Likely"
"71-71-39-84",2,7,"University level","Teacher","Likely"
"52-15-60-99",1,4,"University level","Teacher","Very likely"
"52-15-60-99",1,5,"University level","Doctor","Very likely"
"52-15-60-99",2,4,"University level","Teacher","Very likely"
"52-15-60-99",2,5,"University level","Teacher","Very likely"
"89-62-46-70",1,3,"University level","Doctor","Very likely"
"89-62-46-70",1,4,"University level","Pilot","Very likely"
"89-62-46-70",2,3,"University level","Doctor","Very likely"
"89-62-46-70",2,4,"University level","Engineer","Very likely"
"54-18-77-83",1,4,"University level","Teacher","Very unlikely"
"54-18-77-83",1,5,"University level","Doctor","Very likely"
"54-18-77-83",1,6,"University level","Teacher","Very likely"
"54-18-77-83",1,7,"University level","Teacher","Very unlikely"
"54-18-77-83",1,8,"University level","Teacher","Likely"
"54-18-77-83",2,4,"University level","Nurse","Likely"
"54-18-77-83",2,5,"University level","Teacher","Likely"
"54-18-77-83",2,6,"University level","Teacher","Very likely"
"54-18-77-83",2,7,"University level","Teacher","Very likely"
"54-18-77-83",2,8,"University level","Teacher","Very likely"
"10-60-87-78",1,3,"Post graduate university level","Doctor","Very unlikely"
"10-60-87-78",2,3,"Post graduate university level","Lawyer","Very unlikely"
"60-37-22-12",1,7,"University level","Pilot","Very likely"
"60-37-22-12",1,8,"Post graduate university level","Lecturer","Very likely"
"60-37-22-12",2,7,"Post graduate university level","Doctor","Very likely"
"60-37-22-12",2,8,"Post graduate university level","Doctor","Very likely"
"94-01-94-60",1,4,"University level","Doctor","Very unlikely"
"94-01-94-60",1,5,"University level","Lawyer","Very unlikely"
"26-94-35-48",1,4,"University level","Teacher","Likely"
"26-94-35-48",1,5,"University level","Teacher","Likely"
"26-94-35-48",1,6,"University level","Doctor","Likely"
"26-94-35-48",2,4,"University level","Teacher","Maybe, maybe not"
"26-94-35-48",2,5,"Nursey/ Kindergarten/ECD","Doctor","Maybe, maybe not"
"26-94-35-48",2,6,"University level","Doctor","Maybe, maybe not"
"34-70-02-31",2,5,"University level","Lecturer","Likely"
"34-70-02-31",2,6,"University level","Lawyer","Likely"
"95-85-00-75",1,8,"University level","Teacher","Very likely"
"95-85-00-75",2,8,"University level","Teacher","Very likely"
"05-33-40-10",1,6,"University level","Doctor","Very unlikely"
"05-33-40-10",1,7,"University level","Lawyer","Very unlikely"
"05-33-40-10",2,6,"University level","Doctor","Very unlikely"
"05-33-40-10",2,7,"University level","Lawyer","Very unlikely"
"27-67-11-74",2,5,"University level","Doctor","Very likely"
"27-67-11-74",2,6,"University level","Doctor","Very likely"
"27-67-11-74",2,7,"University level","Engineer","Very likely"
"27-67-11-74",2,8,"University level","Lawyer","Very likely"
"27-67-11-74",3,5,"University level","Journalist","Very likely"
"27-67-11-74",3,6,"University level","Policeman","Very likely"
"27-67-11-74",3,7,"University level","Advocate","Very likely"
"27-67-11-74",3,8,"University level","Teacher","Very likely"
"42-16-66-43",1,3,"University level","Doctor","Maybe, maybe not"
"42-16-66-43",1,4,"University level","Doctor","Maybe, maybe not"
"42-16-66-43",1,5,"University level","Doctor","Maybe, maybe not"
"42-16-66-43",1,6,"University level","Doctor","Maybe, maybe not"
"42-16-66-43",2,3,"University level","Doctor","Likely"
"42-16-66-43",2,4,"University level","Doctor","Likely"
"42-16-66-43",2,5,"University level","Teacher","Likely"
"42-16-66-43",2,6,"University level","Teacher","Likely"
"07-13-95-29",1,3,"University level","Journalist","Likely"
"07-13-95-29",1,4,"University level","Doctor","Likely"
"07-13-95-29",2,3,"University level","Doctor","Likely"
"07-13-95-29",2,4,"University level","Accountant","Likely"
"35-46-21-62",2,3,"University level","Teacher","Very likely"
"35-46-21-62",2,4,"University level","Doctor","Very likely"
"80-05-91-55",1,2,"University level","Doctor","Likely"
"80-05-91-55",1,3,"University level","Teacher/doctor","Likely"
"80-05-91-55",1,4,"University level","Lawyer","Likely"
"80-05-91-55",1,5,"University level","Surveyor","Likely"
"78-46-05-26",2,4,"University level","Teacher","Very unlikely"
"78-46-05-26",2,5,"University level","Teacher","Very unlikely"
"78-46-05-26",7,4,"University level","Nurse","Unlikely"
"78-46-05-26",7,5,"University level","Teacher","Very unlikely"
"01-54-87-19",1,4,"University level","Doctor","Likely"
"01-54-87-19",2,4,"University level","Teacher","Maybe, maybe not"
"64-06-48-62",1,2,"University level","Pilot","Likely"
"64-06-48-62",1,3,"University level","Teacher","Likely"
"64-06-48-62",5,2,"University level","Doctor","Likely"
"64-06-48-62",5,3,"University level","Teacher","Likely"
"22-43-82-01",1,5,"University level","Doctor","Very unlikely"
"22-43-82-01",1,6,"Post graduate university level","Teacher","Very unlikely"
"22-43-82-01",1,7,"Post graduate university level","Vetenary officer","Very unlikely"
"40-89-32-79",1,4,"University level","Teacher","Maybe, maybe not"
"94-65-34-20",1,6,"Secondary school Year 2","Teacher","Maybe, maybe not"
"94-65-34-20",1,7,"Nursey/ Kindergarten/ECD","Doctor","Maybe, maybe not"
"94-65-34-20",1,8,"University level","Doctor","Maybe, maybe not"
"94-65-34-20",1,9,"University level","Teacher","Maybe, maybe not"
"94-65-34-20",2,6,"University level","Nurse","Maybe, maybe not"
"94-65-34-20",2,7,"University level","Teacher","Maybe, maybe not"
"94-65-34-20",2,8,"University level","Politician","Maybe, maybe not"
"94-65-34-20",2,9,"University level","Teacher","Maybe, maybe not"
"86-29-59-93",1,6,"University level","Teacher","Likely"
"86-29-59-93",1,7,"University level","Doctor","Likely"
"86-29-59-93",2,6,"University level","Teacher","Likely"
"86-29-59-93",2,7,"University level","Doctor","Likely"
"88-87-27-22",1,3,"University level","Engineer","Likely"
"88-87-27-22",1,5,"University level","Doctor","Likely"
"88-87-27-22",2,3,"University level","Doctor","Likely"
"88-87-27-22",2,5,"University level","Teacher","Likely"
"17-95-26-62",1,3,"University level","Doctor","Very unlikely"
"17-95-26-62",1,4,"University level","Teacher","Very unlikely"
"17-95-26-62",1,5,"Post graduate university level","Teacher","Very unlikely"
"17-95-26-62",1,6,"Post graduate university level","Lawyer","Very unlikely"
"86-23-74-18",2,5,"University level","Lawyer","Very likely"
"69-47-17-72",1,7,"University level","Doctor","Likely"
"69-47-17-72",2,7,"University level","Teacher","Likely"
"97-62-36-16",1,5,"University level","Teacher","Maybe, maybe not"
"97-62-36-16",1,6,"Post secondary tertiary college","Engineer","Likely"
"97-62-36-16",1,7,"University level","Electrical technician","Likely"
"97-62-36-16",1,8,"University level","Engineer","Likely"
"97-62-36-16",1,10,"University level","Engineer","Maybe, maybe not"
"97-62-36-16",3,5,"University level","Accountant","Likely"
"97-62-36-16",3,6,"University level","Teacher","Maybe, maybe not"
"97-62-36-16",3,7,"University level","Banker","Maybe, maybe not"
"97-62-36-16",3,8,"University level","Nurse","Likely"
"97-62-36-16",3,10,"University level","Engineer","Maybe, maybe not"
"51-78-77-10",1,5,"University level","Doctor","Very unlikely"
"95-19-67-91",1,7,"University level","Teacher","Likely"
"95-19-67-91",2,7,"University level","Doctor","Very likely"
"37-56-30-78",1,3,"University level","Teacher","Very unlikely"
"37-56-30-78",1,4,"University level","Teacher","Unlikely"
"37-56-30-78",2,3,"University level","Teacher","Maybe, maybe not"
"37-56-30-78",2,4,"University level","Teacher","Very unlikely"
"08-23-42-65",1,4,"University level","Doctor","Likely"
"08-23-42-65",2,4,"University level","Teacher","Likely"
"59-85-68-42",1,8,"University level","Doctor","Very likely"
"59-85-68-42",1,9,"University level","Engineering","Very likely"
"59-85-68-42",2,8,"University level","Doctor","Very likely"
"59-85-68-42",2,9,"University level","Teacher","Very likely"
"84-09-48-58",1,7,"University level","Teacher","Likely"
"75-58-20-42",1,7,"University level","Vetenary","Likely"
"00-68-70-04",1,3,"University level","Medical doctor","Likely"
"07-07-62-62",2,6,"University level","Teacher","Likely"
"07-07-62-62",2,7,"University level","Teacher","Likely"
"07-07-62-62",2,8,"University level","Engineer","Likely"
"26-08-54-15",1,5,"University level","Doctor","Likely"
"26-08-54-15",1,6,"University level","Teacher","Unlikely"
"26-08-54-15",1,7,"University level","Teacher","Unlikely"
"26-08-54-15",1,8,"University level","Askari/soldier","Very unlikely"
"26-08-54-15",2,5,"University level","Teacher","Very unlikely"
"26-08-54-15",2,6,"University level","Teacher","Unlikely"
"26-08-54-15",2,7,"University level","Doctor","Unlikely"
"26-08-54-15",2,8,"University level","Nurse","Likely"
"19-36-93-83",1,5,"University level","Doctor","Likely"
"19-36-93-83",1,6,"University level","Teacher","Likely"
"19-36-93-83",1,7,"University level","Doctor","Likely"
"19-36-93-83",2,5,"University level","Teacher","Likely"
"19-36-93-83",2,6,"University level","Doctor","Maybe, maybe not"
"19-36-93-83",2,7,"University level","Teacher","Maybe, maybe not"
"39-74-73-78",1,4,"University level","Doctor","Very likely"
"39-74-73-78",1,5,"University level","Doctor","Maybe, maybe not"
"39-74-73-78",1,6,"University level","Nurse","Unlikely"
"39-74-73-78",1,7,"University level","Teacher","Very unlikely"
"39-74-73-78",2,4,"No formal education","Teacher","Very unlikely"
"39-74-73-78",2,5,"University level","Teacher","Very unlikely"
"39-74-73-78",2,6,"University level","Nurse","Maybe, maybe not"
"39-74-73-78",2,7,"University level","Teacher","Unlikely"
"34-96-82-10",1,3,"University level","Medical doctor","Likely"
"90-41-75-26",1,5,"University level","Teacher","Likely"
"90-41-75-26",1,6,"University level","Teacher","Likely"
"90-41-75-26",1,7,"University level","Doctor","Maybe, maybe not"
"90-41-75-26",2,5,"University level","Teacher","Likely"
"90-41-75-26",2,6,"University level","Teacher","Likely"
"90-41-75-26",2,7,"University level","Pilot","Likely"
"91-66-07-16",1,7,"Post secondary tertiary college","Civil engineer","Maybe, maybe not"
"91-66-07-16",1,8,"University level","Medical doctor","Unlikely"
"91-66-07-16",2,7,"University level","Engineer","Maybe, maybe not"
"91-66-07-16",2,8,"University level","Kra staff","Unlikely"
"76-32-07-05",1,2,"University level","Lawyer","Very unlikely"
"76-32-07-05",1,4,"University level","Doctor","Very unlikely"
"76-32-07-05",3,2,"University level","Lawyer","Very unlikely"
"76-32-07-05",3,4,"University level","Doctor","Very unlikely"
"93-05-25-38",1,3,"University level","Teacher","Very unlikely"
"93-05-25-38",1,4,"University level","Nurse","Likely"
"93-05-25-38",1,5,"University level","Nurse","Maybe, maybe not"
"93-05-25-38",1,6,"University level","Teacher","Likely"
"93-05-25-38",2,3,"University level","Teacher","Likely"
"93-05-25-38",2,4,"University level","Teacher","Likely"
"93-05-25-38",2,5,"University level","Teacher","Very likely"
"93-05-25-38",2,6,"University level","Nurse","Maybe, maybe not"
"59-77-15-06",1,7,"University level","Doctor","Likely"
"59-77-15-06",1,11,"University level","Doctor","Maybe, maybe not"
"59-77-15-06",1,17,"University level","Doctor","Likely"
"59-77-15-06",3,7,"University level","Doctor","Likely"
"59-77-15-06",3,11,"University level","Doctor","Likely"
"59-77-15-06",3,17,"University level","Teacher","Likely"
"43-11-20-48",1,5,"University level","Teacher","Likely"
"43-11-20-48",1,6,"University level","Teacher","Likely"
"43-11-20-48",2,5,"University level","Doctor","Likely"
"43-11-20-48",2,6,"University level","Teacher","Very likely"
"38-02-62-89",1,3,"University level","Teacher","Likely"
"38-02-62-89",1,4,"University level","Teacher","Likely"
"38-02-62-89",1,5,"University level","Teacher","Likely"
"38-02-62-89",2,3,"University level","Nursing","Likely"
"38-02-62-89",2,4,"University level","Nursing","Likely"
"38-02-62-89",2,5,"University level","Teacher","Likely"
"81-78-91-05",1,6,"University level","Mechanical engineer","Likely"
"81-78-91-05",2,6,"Adult Literacy","Doctor","Likely"
"47-09-64-37",1,4,"Post secondary tertiary college","Teacher","Likely"
"47-09-64-37",1,5,"University level","Teacher","Likely"
"47-09-64-37",1,6,"University level","Nursing","Likely"
"47-09-64-37",2,4,"No formal education","0","Maybe, maybe not"
"47-09-64-37",2,5,"Adult Literacy","Teacher","Likely"
"47-09-64-37",2,6,"University level","Teacher","Likely"
"34-25-65-08",2,8,"University level","Nurse","Likely"
"34-25-65-08",2,9,"University level","Lawyer","Likely"
"34-25-65-08",3,8,"University level","Pharmacist","Likely"
"34-25-65-08",3,9,"University level","Surgeon","Maybe, maybe not"
"86-44-30-89",1,3,"University level","Teacher","Likely"
"86-44-30-89",1,4,"Post graduate university level","Doctor","Likely"
"86-44-30-89",1,5,"University level","Teacher","Likely"
"86-44-30-89",1,6,"Post graduate university level","Nursing","Likely"
"86-44-30-89",2,3,"University level","Teacher","Likely"
"86-44-30-89",2,4,"University level","Teacher","Likely"
"86-44-30-89",2,5,"University level","Lawyer","Likely"
"86-44-30-89",2,6,"University level","Doctor","Likely"
"74-03-89-65",2,7,"University level","Doctor","Very likely"
"56-65-93-48",2,8,"Post secondary tertiary college","P1 teacher","Very likely"
"56-65-93-48",2,9,"University level","Nurse","Likely"
"56-65-93-48",2,10,"University level","Professor","Very unlikely"
"56-65-93-48",3,8,"University level","Teacher","Very likely"
"56-65-93-48",3,9,"University level","Teacher","Likely"
"56-65-93-48",3,10,"University level","Doctor","Very likely"
"27-47-38-04",1,7,"Post graduate university level","Doctor","Very likely"
"27-47-38-04",2,7,"Post secondary tertiary college","Engineer","Very likely"
"43-92-12-14",1,3,"University level","Teacher","Likely"
"05-86-89-30",2,9,"University level","Banker","Likely"
"05-86-89-30",3,9,"University level","Doctor","Maybe, maybe not"
"84-33-11-24",1,3,"University level","Teacher","Very likely"
"84-33-11-24",1,4,"University level","Nurse","Very likely"
"84-33-11-24",1,5,"University level","Teacher","Very likely"
"84-33-11-24",2,3,"University level","Teacher","Very likely"
"84-33-11-24",2,4,"University level","Nurse","Very likely"
"84-33-11-24",2,5,"University level","Hydrological engineer","Very likely"
"79-96-52-99",1,8,"University level","Teacher","Very likely"
"79-96-52-99",1,9,"University level","Teacher","Very likely"
"79-96-52-99",1,10,"Primary 2","Teacher","Very likely"
"79-96-52-99",1,11,"Nursey/ Kindergarten/ECD","Teacher","Very likely"
"79-96-52-99",1,12,"University level","Security officer","Very likely"
"79-96-52-99",2,8,"University level","Teacher","Very likely"
"79-96-52-99",2,9,"University level","Doctor","Very likely"
"79-96-52-99",2,10,"University level","Teacher","Very likely"
"79-96-52-99",2,11,"University level","Pilot","Very likely"
"79-96-52-99",2,12,"University level","Doctor","Very likely"
"27-91-30-19",1,6,"University level","Lawyer","Very unlikely"
"27-91-30-19",2,6,"Post graduate university level","Lawyer","Very unlikely"
"88-01-30-83",1,5,"University level","Teacher","Likely"
"88-01-30-83",2,5,"University level","Doctor","Likely"
"53-42-52-41",1,2,"University level","Doctor","Very unlikely"
"18-88-95-82",1,6,"University level","Teacher","Very likely"
"18-88-95-82",1,7,"University level","Doctor","Very likely"
"18-88-95-82",1,8,"Post graduate university level","Lecturer","Very likely"
"18-88-95-82",1,9,"University level","Teacher","Very likely"
"18-88-95-82",1,10,"University level","Teacher","Very likely"
"18-88-95-82",2,6,"University level","Teacher","Very likely"
"18-88-95-82",2,7,"University level","Teacher","Very likely"
"18-88-95-82",2,8,"University level","Doctor","Very likely"
"18-88-95-82",2,9,"University level","Teacher","Very likely"
"18-88-95-82",2,10,"University level","Teacher","Very likely"
"44-20-34-87",1,3,"University level","Teacher","Very unlikely"
"44-20-34-87",1,4,"University level","Teacher","Very unlikely"
"44-20-34-87",1,5,"University level","Nurse","Very likely"
"44-20-34-87",1,6,"University level","Teacher","Likely"
"44-20-34-87",1,7,"University level","Teacher","Very likely"
"44-20-34-87",2,3,"University level","Doctor","Very likely"
"44-20-34-87",2,4,"University level","Teacher","Very likely"
"44-20-34-87",2,5,"University level","Teacher","Maybe, maybe not"
"44-20-34-87",2,6,"University level","Professor","Very likely"
"44-20-34-87",2,7,"Post secondary tertiary college","Teacher","Likely"
"62-58-98-18",1,2,"Post graduate university level","Doctor","Very unlikely"
"62-58-98-18",1,3,"Post graduate university level","Engineer","Very unlikely"
"62-58-98-18",1,4,"Post graduate university level","Architects","Very unlikely"
"10-26-36-54",1,7,"University level","Electrical engineer","Likely"
"10-26-36-54",1,8,"University level","Doctor","Maybe, maybe not"
"10-26-36-54",2,7,"University level","Doctor","Maybe, maybe not"
"10-26-36-54",2,8,"University level","Doctor","Likely"
"97-96-81-02",1,3,"University level","Pilot","Likely"
"97-96-81-02",1,4,"University level","Doctor","Likely"
"97-96-81-02",1,5,"University level","Teacher","Likely"
"97-96-81-02",2,3,"University level","Teacher","Likely"
"97-96-81-02",2,4,"University level","Nurse","Likely"
"97-96-81-02",2,5,"University level","Teacher","Likely"
"29-40-66-47",1,3,"University level","Teacher","Likely"
"29-40-66-47",1,4,"University level","Doctor","Maybe, maybe not"
"29-40-66-47",2,3,"University level","Banker","Likely"
"29-40-66-47",2,4,"University level","University lecturer","Likely"
"18-40-35-80",1,6,"University level","Doctor","Very unlikely"
"18-40-35-80",2,6,"University level","Nurse","Very likely"
"79-71-02-69",1,6,"University level","Teacher","Likely"
"25-22-65-60",3,4,"University level","Teacher","Likely"
"25-22-65-60",3,5,"University level","Doctor","Likely"
"25-22-65-60",3,11,"University level","Teacher","Maybe, maybe not"
"25-22-65-60",7,4,"University level","Teacher","Likely"
"25-22-65-60",7,5,"University level","Pilot","Likely"
"25-22-65-60",7,11,"University level","Nursing","Likely"
"89-59-08-73",1,3,"University level","Teacher","Likely"
"89-59-08-73",1,4,"University level","Doctor","Likely"
"89-59-08-73",2,3,"University level","Teacher","Likely"
"89-59-08-73",2,4,"University level","Teacher","Likely"
"91-40-38-85",2,3,"University level","Teaching","Very likely"
"91-40-38-85",2,4,"University level","Medical doctor","Very likely"
"91-40-38-85",2,5,"University level","Engineering","Very likely"
"91-40-38-85",2,6,"University level","Nursing","Very likely"
"17-33-53-75",1,3,"University level","Engineer","Very likely"
"17-33-53-75",1,4,"University level","Doctor","Very likely"
"17-33-53-75",1,5,"University level","President","Very likely"
"17-33-53-75",2,3,"University level","Teacher","Very likely"
"17-33-53-75",2,4,"University level","Doctor","Very likely"
"17-33-53-75",2,5,"University level","Teacher","Very likely"
"48-20-09-62",1,9,"University level","Teacher","Likely"
"48-20-09-62",1,10,"University level","Teacher","Likely"
"48-20-09-62",1,11,"University level","Doctor","Likely"
"48-20-09-62",1,12,"University level","Doctor","Likely"
"48-20-09-62",1,13,"University level","Teacher","Likely"
"48-20-09-62",1,14,"University level","Doctor","Likely"
"48-20-09-62",2,9,"University level","Doctor","Likely"
"48-20-09-62",2,10,"Nursey/ Kindergarten/ECD","Teacher","Likely"
"48-20-09-62",2,11,"University level","Teacher","Likely"
"48-20-09-62",2,12,"University level","Doctor","Likely"
"48-20-09-62",2,13,"University level","Teacher","Likely"
"48-20-09-62",2,14,"University level","Doctor","Likely"
"29-88-28-45",1,5,"University level","Teacher","Very unlikely"
"29-88-28-45",1,6,"University level","Doctor","Very unlikely"
"29-88-28-45",1,7,"University level","Neuro sergeon","Very unlikely"
"29-88-28-45",2,5,"Post graduate university level","Teacher","Very unlikely"
"29-88-28-45",2,6,"Post graduate university level","Engineer","Very unlikely"
"29-88-28-45",2,7,"Post graduate university level","Doctor","Very likely"
"49-80-41-29",1,5,"University level","Teacher","Maybe, maybe not"
"49-80-41-29",1,6,"University level","Doctor","Maybe, maybe not"
"49-80-41-29",1,7,"University level","Teacher","Maybe, maybe not"
"49-80-41-29",1,9,"University level","Doctor","Maybe, maybe not"
"49-80-41-29",8,5,"University level","Teacher","Likely"
"49-80-41-29",8,6,"University level","Doctor","Likely"
"49-80-41-29",8,7,"University level","Doctor","Likely"
"49-80-41-29",8,9,"University level","Doctor","Likely"
"75-50-72-64",1,4,"University level","Teacher","Maybe, maybe not"
"75-50-72-64",1,5,"University level","Teacher","Likely"
"75-50-72-64",1,6,"University level","Teacher","Likely"
"75-50-72-64",1,7,"University level","Teacher","Likely"
"75-50-72-64",1,8,"University level","Teacher","Likely"
"75-50-72-64",2,4,"University level","Teacher","Likely"
"75-50-72-64",2,5,"University level","Government military","Likely"
"75-50-72-64",2,6,"University level","Doctor","Likely"
"75-50-72-64",2,7,"University level","Teacher","Likely"
"75-50-72-64",2,8,"University level","Doctor","Likely"
"67-51-21-12",1,4,"University level","Medical doctor","Likely"
"67-51-21-12",1,5,"University level","Engineering","Likely"
"92-63-14-10",1,3,"University level","Pilot","Likely"
"92-63-14-10",1,4,"University level","Teacher","Very likely"
"92-63-14-10",2,3,"University level","Lecturer","Likely"
"92-63-14-10",2,4,"University level","Doctor","Likely"
"76-83-42-25",2,3,"Post graduate university level","Teaching","Very likely"
"76-83-42-25",2,4,"University level","Medical doctor","Likely"
"76-83-42-25",2,5,"University level","Policeman","Very likely"
"34-04-41-33",1,3,"University level","Lecturer","Likely"
"34-04-41-33",2,3,"University level","Doctor","Very likely"
"65-40-10-81",1,6,"Post graduate university level","Doctor","Very likely"
"65-40-10-81",1,7,"Post graduate university level","Doctor","Very likely"
"65-40-10-81",1,8,"Post graduate university level","Lawyer","Very likely"
"65-40-10-81",1,9,"Post secondary tertiary college","Engineer","Very likely"
"65-40-10-81",2,6,"Post graduate university level","Doctor","Likely"
"65-40-10-81",2,7,"Post graduate university level","Doctor","Very likely"
"65-40-10-81",2,8,"Post secondary tertiary college","Nursing","Very likely"
"65-40-10-81",2,9,"Post graduate university level","Engineer","Very likely"
"32-27-90-36",1,8,"University level","Teacher","Very likely"
"32-27-90-36",1,9,"University level","Doctor","Likely"
"32-27-90-36",2,8,"Post secondary tertiary college","Teacher","Maybe, maybe not"
"32-27-90-36",2,9,"University level","Surgeon","Unlikely"
"34-35-99-68",2,11,"University level","Teacher","Maybe, maybe not"
"34-35-99-68",6,11,"University level","Lawyer","Unlikely"
"96-83-30-59",1,3,"University level","Doctor","Very unlikely"
"96-83-30-59",1,4,"University level","Teacher","Very unlikely"
"96-83-30-59",2,3,"Post graduate university level","Doctor","Very unlikely"
"96-83-30-59",2,4,"Post graduate university level","Teacher","Very unlikely"
"08-93-39-25",1,6,"University level","Nurse","Very likely"
"08-93-39-25",1,7,"University level","Engineer","Very likely"
"08-93-39-25",1,8,"University level","Doctor","Very likely"
"08-93-39-25",1,9,"University level","Teacher","Very likely"
"08-93-39-25",2,6,"University level","Doctor","Very likely"
"08-93-39-25",2,7,"University level","Doctor","Very likely"
"08-93-39-25",2,8,"University level","Teacher","Very likely"
"08-93-39-25",2,9,"University level","Engineer","Very likely"
"70-80-52-20",2,6,"University level","Doctor","Very likely"
"70-80-52-20",2,7,"University level","Teacher","Very likely"
"70-80-52-20",2,8,"University level","Doctor","Very likely"
"98-33-69-97",1,6,"University level","Doctor","Likely"
"98-33-69-97",2,6,"University level","Lawyer","Likely"
"72-65-40-82",1,8,"University level","Doctor","Very likely"
"72-65-40-82",2,8,"University level","Doctor","Very likely"
"28-81-45-53",1,3,"University level","Teacher","Likely"
"28-81-45-53",1,4,"University level","Doctor","Maybe, maybe not"
"28-81-45-53",2,3,"University level","Doctor","Likely"
"28-81-45-53",2,4,"University level","Doctor","Likely"
"06-80-46-73",1,6,"University level","Accountant","Likely"
"06-80-46-73",2,6,"University level","Teacher","Likely"
"09-02-42-42",1,3,"University level","Teacher","Likely"
"09-02-42-42",1,4,"University level","Doctor","Unlikely"
"09-02-42-42",1,6,"No formal education","Teacher","Very unlikely"
"09-02-42-42",1,9,"University level","Nurse","Very unlikely"
"09-02-42-42",1,10,"University level","Teacher","Maybe, maybe not"
"09-02-42-42",2,3,"University level","Teacher","Very likely"
"09-02-42-42",2,4,"University level","Teacher","Likely"
"09-02-42-42",2,6,"University level","Teacher","Very likely"
"09-02-42-42",2,9,"University level","Nurse","Very likely"
"09-02-42-42",2,10,"University level","Teacher","Very likely"
"16-61-64-98",1,2,"Post graduate university level","Doctor","Very likely"
"29-61-04-95",1,2,"University level","Doctor","Very likely"
"29-61-04-95",1,3,"University level","Teacher","Likely"
"39-38-75-31",1,2,"Post graduate university level","Doctor","Very unlikely"
"39-38-75-31",1,5,"Post graduate university level","Lawyer","Very unlikely"
"39-38-75-31",1,6,"University level","Teacher","Very unlikely"
"49-39-29-75",2,3,"University level","Teacher","Likely"
"30-17-77-88",1,7,"University level","Teacher","Maybe, maybe not"
"30-17-77-88",1,8,"University level","Doctor","Maybe, maybe not"
"30-17-77-88",1,9,"University level","Teacher","Maybe, maybe not"
"30-17-77-88",2,7,"University level","Teacher","Maybe, maybe not"
"30-17-77-88",2,8,"University level","Teacher","Maybe, maybe not"
"30-17-77-88",2,9,"University level","Doctor","Maybe, maybe not"
"21-49-13-73",1,4,"University level","Teacher","Maybe, maybe not"
"21-49-13-73",1,5,"University level","Teacher","Maybe, maybe not"
"21-49-13-73",1,6,"Primary 1","Doctor","Maybe, maybe not"
"21-49-13-73",2,4,"University level","Teacher","Very likely"
"21-49-13-73",2,5,"University level","Doctor","Very likely"
"21-49-13-73",2,6,"University level","Teacher","Very likely"
"75-38-27-75",1,2,"Post graduate university level","Lawyer","Unlikely"
"75-38-27-75",1,3,"Post graduate university level","Engineer","Unlikely"
"75-38-27-75",1,4,"Post graduate university level","Doctor","Unlikely"
"75-38-27-75",1,5,"Post graduate university level","Teacher","Unlikely"
"14-85-47-22",1,6,"University level","Teacher","Very likely"
"14-85-47-22",1,7,"University level","Teacher","Very likely"
"14-85-47-22",1,8,"University level","Doctor","Very likely"
"14-85-47-22",1,9,"University level","Doctor","Very likely"
"14-85-47-22",2,6,"University level","Doctor","Very likely"
"14-85-47-22",2,7,"University level","Pilot","Very likely"
"14-85-47-22",2,8,"University level","Teacher","Very likely"
"14-85-47-22",2,9,"University level","Engineer","Very likely"
"53-81-07-04",1,7,"University level","Professor","Likely"
"53-81-07-04",1,9,"University level","Teacher","Likely"
"53-81-07-04",2,7,"University level","Doctor","Very likely"
"53-81-07-04",2,9,"University level","Teacher","Very likely"
"65-80-02-03",1,2,"University level","Teacher","Likely"
"65-80-02-03",1,3,"University level","Teacher","Likely"
"65-80-02-03",1,6,"University level","Doctor","Maybe, maybe not"
"65-80-02-03",4,2,"University level","Pilot","Maybe, maybe not"
"65-80-02-03",4,3,"University level","Teacher","Likely"
"65-80-02-03",4,6,"University level","Teacher","Likely"
"21-15-99-40",1,3,"University level","Teacher","Very likely"
"21-15-99-40",1,4,"University level","Nurse","Likely"
"21-15-99-40",1,5,"University level","Teacher","Maybe, maybe not"
"21-15-99-40",1,6,"University level","Doctor","Very likely"
"21-15-99-40",1,7,"University level","Teacher","Likely"
"21-15-99-40",2,3,"University level","Teacher","Very unlikely"
"21-15-99-40",2,4,"University level","Teacher","Very unlikely"
"21-15-99-40",2,5,"Post secondary tertiary college","P1 teacher","Unlikely"
"21-15-99-40",2,6,"University level","Tea","Maybe, maybe not"
"21-15-99-40",2,7,"University level","Nurse","Very likely"
"44-56-27-24",2,7,"University level","Doctor","Very likely"
"44-56-27-24",2,8,"University level","Teacher","Very likely"
"44-56-27-24",2,9,"University level","Lawyer","Very likely"
"44-56-27-24",3,7,"University level","Engineer","Very likely"
"44-56-27-24",3,8,"University level","Nurse","Very likely"
"44-56-27-24",3,9,"University level","Judge","Very likely"
"75-37-22-90",1,7,"Post graduate university level","Doctor","Likely"
"75-37-22-90",1,8,"University level","Doctor","Likely"
"75-37-22-90",1,9,"University level","Teacher","Likely"
"75-37-22-90",1,10,"University level","Teacher","Likely"
"75-37-22-90",1,11,"University level","Teacher","Likely"
"75-37-22-90",2,7,"University level","Doctor","Likely"
"75-37-22-90",2,8,"University level","Nursing","Likely"
"75-37-22-90",2,9,"University level","Teacher","Likely"
"75-37-22-90",2,10,"University level","Teacher","Likely"
"75-37-22-90",2,11,"University level","Teacher","Likely"
"67-01-06-94",1,3,"University level","Medical doctor","Very likely"
"04-57-01-84",1,4,"University level","Doctor","Likely"
"04-57-01-84",1,6,"University level","Nursing","Likely"
"04-57-01-84",1,7,"University level","Teacher","Likely"
"04-57-01-84",2,4,"University level","Doctor","Likely"
"04-57-01-84",2,6,"University level","Lawyer","Likely"
"04-57-01-84",2,7,"Post graduate university level","Engineer","Likely"
"53-87-70-93",1,3,"University level","Teacher","Likely"
"53-87-70-93",1,4,"University level","Teacher","Likely"
"53-87-70-93",1,6,"University level","Doctor","Likely"
"53-87-70-93",1,9,"University level","Teacher","Maybe, maybe not"
"53-87-70-93",1,10,"University level","Pilot","Likely"
"53-87-70-93",2,3,"University level","Teacher","Likely"
"53-87-70-93",2,4,"University level","Doctor","Likely"
"53-87-70-93",2,6,"University level","Teacher","Likely"
"53-87-70-93",2,9,"University level","Teacher","Very likely"
"53-87-70-93",2,10,"University level","Nurse","Likely"
"89-42-22-50",2,5,"University level","Engineering","Very likely"
"89-42-22-50",2,6,"University level","Teaching","Very likely"
"89-49-22-36",1,3,"University level","Medical doctor","Likely"
"89-49-22-36",1,4,"University level","Teaching","Likely"
"89-49-22-36",1,5,"University level","Medical doctor","Likely"
"89-49-22-36",1,6,"University level","Engineering","Likely"
"89-49-22-36",2,3,"University level","Medical doctor","Likely"
"89-49-22-36",2,4,"University level","Teaching","Likely"
"89-49-22-36",2,5,"University level","Medical doctor","Likely"
"89-49-22-36",2,6,"University level","Engineering","Likely"
"20-63-38-57",1,4,"University level","Doctor","Maybe, maybe not"
"20-63-38-57",1,5,"University level","Teacher","Maybe, maybe not"
"20-63-38-57",1,6,"University level","Doctor","Maybe, maybe not"
"20-63-38-57",3,4,"University level","Teacher","Maybe, maybe not"
"20-63-38-57",3,5,"University level","Teacher","Maybe, maybe not"
"20-63-38-57",3,6,"University level","Doctor","Maybe, maybe not"
"84-72-64-66",1,4,"University level","Teacher","Very unlikely"
"84-72-64-66",1,5,"University level","Doctor","Very unlikely"
"84-72-64-66",1,6,"University level","Engineer","Very unlikely"
"84-72-64-66",1,7,"University level","Teacher","Very unlikely"
"84-72-64-66",2,4,"University level","Doctor","Very unlikely"
"84-72-64-66",2,5,"University level","Teacher","Very unlikely"
"84-72-64-66",2,6,"University level","Lawyer","Very unlikely"
"84-72-64-66",2,7,"University level","Soldier","Very unlikely"
"63-42-88-22",1,9,"University level","Medical doctor","Very likely"
"63-42-88-22",1,10,"University level","Engineering","Very likely"
"63-42-88-22",1,11,"University level","Teaching","Very likely"
"63-42-88-22",2,9,"Post graduate university level","Medical doctor","Very likely"
"63-42-88-22",2,10,"Post graduate university level","Engineering","Very likely"
"63-42-88-22",2,11,"Post graduate university level","Teaching","Likely"
"22-88-22-30",1,4,"University level","Teacher","Very likely"
"22-88-22-30",1,5,"University level","Doctor","Very likely"
"22-88-22-30",1,6,"University level","Teacher","Very likely"
"27-50-41-80",1,3,"University level","Teacher","Likely"
"27-50-41-80",1,4,"University level","Doctor","Likely"
"27-50-41-80",1,7,"University level","Pilot","Likely"
"27-50-41-80",2,3,"University level","Nursing","Likely"
"27-50-41-80",2,4,"University level","Public administrator","Likely"
"27-50-41-80",2,7,"University level","Teacher","Likely"
"87-50-20-38",1,9,"University level","Doctor","Very likely"
"87-50-20-38",1,10,"University level","Teacher","Very likely"
"87-50-20-38",1,11,"University level","Pilot","Very likely"
"87-50-20-38",2,9,"University level","Teacher","Very likely"
"87-50-20-38",2,10,"Post graduate university level","Lecturer","Very likely"
"87-50-20-38",2,11,"Post graduate university level","Doctor","Very likely"
"78-63-95-63",1,4,"University level","Doctor","Maybe, maybe not"
"78-63-95-63",1,5,"University level","Teacher","Maybe, maybe not"
"78-63-95-63",1,6,"University level","Engineer","Maybe, maybe not"
"78-63-95-63",1,7,"University level","Doctor","Maybe, maybe not"
"78-63-95-63",2,4,"University level","Doctor","Maybe, maybe not"
"78-63-95-63",2,5,"University level","Doctor","Maybe, maybe not"
"78-63-95-63",2,6,"University level","Doctor","Maybe, maybe not"
"78-63-95-63",2,7,"University level","Doctor","Maybe, maybe not"
"21-75-94-85",1,7,"University level","Teacher","Very likely"
"12-17-56-74",1,9,"University level","Pharmacist","Very likely"
"12-17-56-74",2,9,"University level","Teacher","Very likely"
"80-41-60-05",1,6,"University level","Teacher","Very likely"
"80-41-60-05",1,7,"University level","Teacher","Very likely"
"80-41-60-05",1,8,"University level","Doctor","Very likely"
"80-41-60-05",1,9,"University level","Accountant","Very likely"
"80-41-60-05",2,6,"Secondary school Year 4","Pastor","Very likely"
"80-41-60-05",2,7,"University level","Teacher","Very likely"
"80-41-60-05",2,8,"University level","Pilot","Very likely"
"80-41-60-05",2,9,"University level","Teacher","Very likely"
"50-77-28-73",2,5,"University level","Doctor","Very likely"
"42-38-30-13",2,7,"University level","Doctor","Likely"
"42-38-30-13",3,7,"Post graduate university level","Lecturer","Likely"
"05-33-62-23",1,6,"University level","Doctor","Very likely"
"05-33-62-23",1,7,"University level","Teacher","Very likely"
"05-33-62-23",1,8,"University level","Accountant","Very likely"
"05-33-62-23",2,6,"University level","Doctor","Very likely"
"05-33-62-23",2,7,"University level","Nurse","Very likely"
"05-33-62-23",2,8,"University level","Teacher","Very likely"
"17-87-80-73",1,6,"University level","Teacher","Very likely"
"17-87-80-73",1,7,"University level","Teacher","Very likely"
"17-87-80-73",1,8,"University level","Nurse","Very likely"
"17-87-80-73",1,9,"University level","Lawyer","Likely"
"17-87-80-73",1,10,"University level","Teacher","Very likely"
"17-87-80-73",1,11,"University level","Teacher","Likely"
"17-87-80-73",2,6,"University level","Nurse","Very likely"
"17-87-80-73",2,7,"University level","Teacher","Very unlikely"
"17-87-80-73",2,8,"University level","Teacher","Maybe, maybe not"
"17-87-80-73",2,9,"University level","Teacher","Maybe, maybe not"
"17-87-80-73",2,10,"University level","Teacher","Likely"
"17-87-80-73",2,11,"University level","Doctor","Very likely"
"22-13-82-99",2,5,"University level","Teacher","Likely"
"22-13-82-99",2,6,"University level","Pilot","Maybe, maybe not"
"22-13-82-99",2,7,"University level","Nurse","Likely"
"22-13-82-99",2,8,"University level","Teacher","Likely"
"22-13-82-99",2,9,"University level","Teacher","Likely"
"49-72-13-69",1,5,"University level","Teacher","Very likely"
"49-72-13-69",1,6,"University level","Doctor","Very likely"
"49-72-13-69",1,7,"University level","Engineer","Very likely"
"49-72-13-69",1,8,"University level","Doctor","Very likely"
"49-72-13-69",2,5,"University level","Primary school teacher","Very likely"
"49-72-13-69",2,6,"University level","Doctor","Very likely"
"49-72-13-69",2,7,"University level","Lawyer","Very likely"
"49-72-13-69",2,8,"University level","Doctor","Very likely"
"72-23-50-93",2,3,"University level","Doctor","Very likely"
"72-23-50-93",2,4,"University level","Teacher","Very likely"
"72-23-50-93",2,5,"University level","Engineer","Very likely"
"24-20-09-18",1,5,"University level","Doctor","Very likely"
"24-20-09-18",1,6,"University level","Engineer","Very likely"
"24-20-09-18",2,5,"University level","Doctor","Very likely"
"24-20-09-18",2,6,"University level","Teacher","Very likely"
"02-65-40-62",2,4,"University level","Doctor","Maybe, maybe not"
"02-65-40-62",2,5,"University level","Doctor","Maybe, maybe not"
"02-65-40-62",2,6,"University level","Doctor","Maybe, maybe not"
"02-65-40-62",2,7,"University level","Doctor","Maybe, maybe not"
"02-65-40-62",2,8,"University level","Doctor","Maybe, maybe not"
"02-65-40-62",3,4,"Post graduate university level","Doctor","Likely"
"02-65-40-62",3,5,"University level","Teacher","Likely"
"02-65-40-62",3,6,"University level","Doctor","Likely"
"02-65-40-62",3,7,"University level","Doctor","Likely"
"02-65-40-62",3,8,"University level","Doctor","Likely"
"87-33-92-13",2,7,"University level","Doctor","Maybe, maybe not"
"87-33-92-13",2,8,"University level","Doctor","Maybe, maybe not"
"87-33-92-13",3,7,"University level","Teacher","Likely"
"87-33-92-13",3,8,"University level","Teacher","Likely"
"23-31-62-51",1,3,"University level","Teacher","Likely"
"23-31-62-51",1,6,"Post graduate university level","Teacher","Likely"
"23-31-62-51",2,3,"Adult Literacy","Teacher","Likely"
"23-31-62-51",2,6,"University level","Doctor","Likely"
"95-05-18-77",1,3,"University level","Electrical engineering","Very likely"
"95-05-18-77",1,4,"University level","Doctor","Very likely"
"95-05-18-77",1,5,"University level","Kenya defence force officer","Very likely"
"61-21-03-67",2,3,"University level","Doctor","Likely"
"61-21-03-67",2,4,"University level","Doctor","Likely"
"61-21-03-67",2,5,"University level","Teacher","Likely"
"11-76-72-18",1,5,"University level","Teacher","Very likely"
"11-76-72-18",1,6,"University level","Teacher","Very likely"
"11-76-72-18",1,7,"University level","Doctor","Very likely"
"11-76-72-18",1,8,"Post secondary tertiary college","Surveyor","Very likely"
"11-76-72-18",2,5,"University level","Engineer","Very likely"
"11-76-72-18",2,6,"Post secondary tertiary college","Nurse","Very likely"
"11-76-72-18",2,7,"University level","Public health officer","Very likely"
"11-76-72-18",2,8,"Post secondary tertiary college","Teacher","Very likely"
"97-14-88-73",1,3,"Post graduate university level","Medical doctor","Very likely"
"97-14-88-73",1,4,"Post graduate university level","Teaching","Very likely"
"97-14-88-73",1,5,"Post graduate university level","Nursing","Very likely"
"97-14-88-73",2,3,"Post graduate university level","Teaching","Very likely"
"97-14-88-73",2,4,"Post graduate university level","Medical doctor","Very likely"
"97-14-88-73",2,5,"Post graduate university level","Medical doctor","Very likely"
"68-19-50-42",1,5,"Post graduate university level","Teacher","Likely"
"68-19-50-42",1,6,"Post graduate university level","Teacher","Likely"
"68-19-50-42",1,7,"Post graduate university level","Teacher","Likely"
"68-19-50-42",1,8,"University level","Nursing","Likely"
"68-19-50-42",1,9,"University level","Doctor","Likely"
"68-19-50-42",2,5,"No formal education","0","Likely"
"68-19-50-42",2,6,"Post graduate university level","Doctor","Likely"
"68-19-50-42",2,7,"No formal education","0","Likely"
"68-19-50-42",2,8,"University level","Teacher","Likely"
"68-19-50-42",2,9,"University level","Teacher","Likely"
"95-00-37-38",1,3,"University level","Doctor","Likely"
"95-00-37-38",1,4,"University level","Teacher","Likely"
"95-00-37-38",1,5,"University level","Accountant","Likely"
"95-00-37-38",1,6,"University level","Teacher","Likely"
"94-73-96-31",2,3,"University level","Bank manager","Likely"
"94-73-96-31",2,4,"University level","Teacher","Likely"
"94-73-96-31",2,5,"University level","Doctor","Likely"
"94-73-96-31",6,3,"University level","Engineer","Very likely"
"94-73-96-31",6,4,"University level","Teacher","Maybe, maybe not"
"94-73-96-31",6,5,"University level","Soldier","Likely"
"40-23-79-37",1,7,"University level","Teacher","Very likely"
"40-23-79-37",3,7,"University level","Doctor","Very likely"
"49-36-92-60",1,2,"University level","Teacher","Maybe, maybe not"
"49-36-92-60",1,3,"University level","Nurse","Likely"
"49-36-92-60",1,5,"University level","Teacher","Very likely"
"49-36-92-60",4,2,"University level","Teacher","Likely"
"49-36-92-60",4,3,"University level","Teacher","Likely"
"49-36-92-60",4,5,"University level","Teacher","Maybe, maybe not"
"21-46-54-95",2,8,"University level","Teacher","Likely"
"21-46-54-95",2,9,"University level","Nurse","Likely"
"21-46-54-95",2,10,"University level","Doctor","Likely"
"21-46-54-95",3,8,"University level","Teacher","Likely"
"21-46-54-95",3,9,"University level","Doctor","Likely"
"21-46-54-95",3,10,"University level","Teacher","Likely"
"65-71-98-91",2,7,"University level","Teacher","Likely"
"65-71-98-91",2,8,"Nursey/ Kindergarten/ECD","Doctor","Likely"
"65-71-98-91",3,7,"University level","Teacher","Likely"
"65-71-98-91",3,8,"University level","Doctor","Likely"
"58-91-32-30",1,5,"University level","Teacher","Likely"
"58-91-32-30",1,6,"University level","Doctor","Likely"
"42-18-27-84",1,3,"University level","Nurse","Very likely"
"42-18-27-84",1,4,"University level","Teacher","Very likely"
"42-18-27-84",2,3,"University level","Teacher","Very likely"
"42-18-27-84",2,4,"University level","Teacher","Likely"
"65-19-88-53",6,3,"University level","Teacher","Very likely"
"65-19-88-53",6,4,"University level","Teacher","Very likely"
"65-19-88-53",6,5,"University level","Doctor","Very likely"
"65-19-88-53",7,3,"University level","Teacher","Likely"
"65-19-88-53",7,4,"University level","Nurse","Likely"
"65-19-88-53",7,5,"University level","Teacher","Likely"
"56-92-07-98",1,2,"University level","Nursing","Likely"
"56-92-07-98",1,3,"University level","Teacher","Likely"
"74-74-25-12",2,7,"University level","Teacher","Very likely"
"74-74-25-12",2,8,"University level","Teacher","Very likely"
"74-74-25-12",2,9,"University level","Nurse","Very likely"
"74-74-25-12",3,7,"University level","Teacher","Very likely"
"74-74-25-12",3,8,"University level","Nurse","Likely"
"74-74-25-12",3,9,"University level","Doctor","Very likely"
"83-96-24-75",1,8,"University level","Lawyer","Likely"
"83-96-24-75",1,9,"University level","Doctor","Likely"
"83-96-24-75",1,10,"University level","Teacher","Likely"
"83-96-24-75",2,8,"University level","Teacher","Maybe, maybe not"
"83-96-24-75",2,9,"University level","Doctor","Maybe, maybe not"
"83-96-24-75",2,10,"University level","Engineer","Maybe, maybe not"
"56-67-49-17",1,5,"University level","Teacher","Likely"
"56-67-49-17",1,6,"University level","Teacher","Likely"
"56-67-49-17",1,7,"University level","Doctor","Very likely"
"56-67-49-17",1,8,"University level","Lecturer","Likely"
"56-67-49-17",1,9,"University level","Doctor","Very likely"
"56-67-49-17",2,5,"University level","Teacher","Very likely"
"56-67-49-17",2,6,"Post graduate university level","Surveyor","Very likely"
"56-67-49-17",2,7,"University level","Engineer","Very likely"
"56-67-49-17",2,8,"University level","Teacher","Likely"
"56-67-49-17",2,9,"University level","Teacher","Likely"
"73-07-75-47",1,4,"No formal education","0","Likely"
"73-07-75-47",1,5,"No formal education","0","Likely"
"73-07-75-47",1,7,"No formal education","0","Likely"
"73-07-75-47",1,8,"No formal education","0","Likely"
"73-07-75-47",1,9,"No formal education","0","Likely"
"73-07-75-47",2,4,"No formal education","0","Likely"
"73-07-75-47",2,5,"No formal education","0","Likely"
"73-07-75-47",2,7,"No formal education","0","Likely"
"73-07-75-47",2,8,"No formal education","0","Likely"
"73-07-75-47",2,9,"No formal education","0","Likely"
"26-48-16-48",1,4,"University level","Teacher","Likely"
"26-48-16-48",1,5,"University level","Nurse","Likely"
"26-48-16-48",1,6,"University level","Doctor","Likely"
"26-48-16-48",1,7,"University level","Teacher","Likely"
"26-48-16-48",2,4,"University level","Teacher","Very likely"
"26-48-16-48",2,5,"No formal education","None","Likely"
"26-48-16-48",2,6,"University level","Nurse","Likely"
"26-48-16-48",2,7,"University level","Teacher","Very likely"
"72-76-08-58",1,4,"University level","Teacher","Maybe, maybe not"
"72-76-08-58",1,5,"University level","Engineer","Maybe, maybe not"
"72-76-08-58",1,6,"University level","Accounts","Maybe, maybe not"
"72-76-08-58",1,7,"University level","Doctor","Maybe, maybe not"
"72-76-08-58",2,4,"University level","Doctor","Maybe, maybe not"
"72-76-08-58",2,5,"University level","Teacher","Maybe, maybe not"
"72-76-08-58",2,6,"University level","Doctor","Maybe, maybe not"
"72-76-08-58",2,7,"University level","Teacher","Maybe, maybe not"
"51-88-01-88",1,3,"No formal education","0","Likely"
"51-88-01-88",1,4,"No formal education","0","Likely"
"51-88-01-88",1,5,"No formal education","0","Likely"
"51-88-01-88",1,6,"No formal education","0","Likely"
"51-88-01-88",2,3,"No formal education","0","Likely"
"51-88-01-88",2,4,"No formal education","0","Likely"
"51-88-01-88",2,5,"No formal education","0","Likely"
"51-88-01-88",2,6,"No formal education","0","Likely"
"94-25-97-12",1,3,"University level","Teacher","Very likely"
"94-25-97-12",1,4,"University level","Teacher","Likely"
"94-25-97-12",2,3,"University level","Teacher","Very likely"
"94-25-97-12",2,4,"University level","Teacher","Likely"
"06-34-31-56",1,6,"No formal education","0","Likely"
"06-34-31-56",1,7,"University level","Teacher","Likely"
"06-34-31-56",1,8,"University level","Teacher","Likely"
"06-34-31-56",2,6,"No formal education","0","Likely"
"06-34-31-56",2,7,"Post graduate university level","Doctor","Likely"
"06-34-31-56",2,8,"Post graduate university level","Teacher","Likely"
"85-35-12-09",1,3,"University level","Teacher","Very likely"
"85-35-12-09",1,4,"University level","Teacher","Very likely"
"85-35-12-09",1,5,"University level","Teacher","Very likely"
"85-35-12-09",2,3,"University level","Teacher","Very unlikely"
"85-35-12-09",2,4,"University level","Teacher","Likely"
"85-35-12-09",2,5,"University level","Teacher","Likely"
