interview__key,r_forset_product__id,fstqty,fstpdt_unt,fstpdt_unt_oth,fstpdt_sl,fstpdt_slqty,fstpdt_slunit,fstpdt_slunit_oth,fstpdt_slpssd,fstpdt_slprc,fstpdt_exp,fstpdt_expamt,fstpdt_ch,fstpdt_ch2,f027,f028
"31-67-19-52","Firewood",2,"Bale / Bundle","","No",,,"",,,"No",,"Massive decrease","Massive decrease","","competition for firewood"
"31-67-19-52","Wood for charcoal production",20,"Gorogoro","","No",,,"",,,"No",,"Massive decrease","Massive decrease","","tree depletion"
"31-67-19-52","Honey",5,"Tins (eg milk tins)","","Yes",2,"Liters","","No",700,"No",,"Slight increase","Slight increase","people has realized there is economic importance in honey production",""
"85-11-91-18","Firewood",24,"Bunches","","No",,,"",,,"No",,"Slight decrease","Slight decrease","","Deforestation"
"85-11-91-18","Medicinal plants",12,"Liters","","No",,,"",,,"No",,"Slight decrease","Slight decrease","","Deforestation"
"38-04-18-34","Firewood",1,"Bale / Bundle","","No",,,"",,,"No",,"The same","The same","",""
"38-04-18-34","Wild fruits",1,"Debe","","No",,,"",,,"No",,"The same","The same","",""
"34-73-96-50","Firewood",2,"Bale / Bundle","","No",,,"",,,"No",,"Slight decrease","Slight decrease","","large population results to decrease of availability of trees"
"34-73-96-50","Honey",4,"Liters","","Yes",4,"Liters","","No",300,"No",,"Slight decrease","Slight decrease","","large population results to decrease in honey"
"93-29-80-09","Firewood",4,"Bale / Bundle","","No",,,"",,,"No",,"Slight decrease","Slight decrease","","indiscriminate clearance"
"63-89-80-49","Firewood",3,"Bale / Bundle","","No",,,"",,,"No",,"Slight decrease","Slight decrease","","charcoal production has reduced tree species that could be used as forewood"
"63-89-80-49","Wood for charcoal production",5,"90 kg bag","","Yes",4,"90 kg bag","","No",500,"No",,"Massive decrease","Massive decrease","","forest has intensively degraded"
"97-84-26-58","Firewood",262,"Bunches","","No",,,"",,,"No",,"Slight decrease","Massive decrease","","Deforestation"
"44-14-26-56","Firewood",300,"Bunches","","Yes",10,"Bunches","","No",50,"No",,"The same","Slight decrease","",""
"44-14-26-56","Wood for charcoal production",108,"Numbers","","Yes",108,"Numbers","","Yes",500,"No",,"Slight decrease","Massive decrease","","Deforestation"
"01-78-65-09","Firewood",80,"Bale / Bundle","","No",,,"",,,"No",,"Slight decrease","Massive decrease","","charcoal burning"
"77-02-48-37","Firewood",5,"Bale / Bundle","","No",,,"",,,"No",,"The same","The same","",""
"46-96-59-64","Firewood",500,"Bale / Bundle","","No",,,"",,,"No",,"Slight decrease","Massive decrease","","charcoal burning"
"46-96-59-64","Timber or poles",200,"Kilograms","","No",,,"",,,"Yes",20000,"Massive decrease","Massive decrease","","charcoal burning"
"01-51-99-07","Firewood",10,"Bunches","","No",,,"",,,"No",,"Slight decrease","Slight decrease","","farms are opened up"
"01-51-99-07","Wood for charcoal production",4,"50 kg bag","","Yes",4,"90 kg bag","","No",500,"No",,"Slight decrease","Massive decrease","","logs would be depleted"
"01-51-99-07","Timber or poles",50,"Numbers","","No",,,"",,,"No",,"Slight decrease","Massive decrease","","depleted material"
"39-75-97-43","Firewood",10,"Bunches","","No",,,"",,,"No",,"Slight decrease","Slight decrease","","forest cover reduced"
"39-75-97-43","Medicinal plants",5,"Numbers","","No",,,"",,,"No",,"Slight increase","Slight increase","the mwarubaini continues to be grown",""
"11-52-82-38","Firewood",1104,"Bale / Bundle","","Yes",672,"Bale / Bundle","","No",150,"No",,"Slight decrease","Massive decrease","","deforestation, charcoal burning"
"11-52-82-38","Timber or poles",10,"Numbers","","No",,,"",,,"Yes",5000,"Slight decrease","Massive decrease","","deforestation, charcoal burning"
"19-06-13-08","Firewood",4,"Bale / Bundle","","No",,,"",,,"No",,"Massive increase","Massive increase","availability of prosopis species  the area.",""
"74-04-26-51","Firewood",48,"Bale / Bundle","","No",,,"",,,"Yes",1000,"Slight decrease","Massive decrease","","charcoal burning"
"37-83-74-10","Firewood",48,"Bale / Bundle","","No",,,"",,,"No",,"Massive increase","Massive increase","increase prosopis species in the area",""
"37-83-74-10","Wood for charcoal production",24,"Bale / Bundle","","No",,,"",,,"Yes",6000,"Massive increase","Massive increase","increased prosopis species in the area",""
"39-40-38-02","Firewood",96,"Bale / Bundle","","No",,,"",,,"No",,"Slight increase","Slight decrease","clearing trees for human settlements",""
"39-40-38-02","Medicinal plants",4,"Bunches","","No",,,"",,,"No",,"Slight decrease","Massive decrease","","clearing vegetation  for crop production"
"14-71-87-39","Firewood",15,"Bunches","","No",,,"",,,"No",,"The same","Slight decrease","",""
"14-71-87-39","Wood for charcoal production",10,"90 kg bag","","Yes",9,"90 kg bag","","No",550,"No",,"The same","Slight decrease","",""
"86-00-55-84","Firewood",10,"Bunches","","No",,,"",,,"No",,"Slight decrease","Massive decrease","","depleting"
"86-00-55-84","Wood for charcoal production",20,"90 kg bag","","Yes",15,"90 kg bag","","No",500,"No",,"The same","Slight decrease","",""
"86-00-55-84","Timber or poles",80,"Numbers","","No",,,"",,,"No",,"Slight increase","Slight increase","the trees (prosobis) continues to grow",""
"76-73-19-09","Firewood",192,"Bale / Bundle","","No",,,"",,,"No",,"Slight decrease","Massive decrease","","deforestation,restrictions from forest rangers"
"17-23-66-97","Firewood",96,"Bunches","","No",,,"",,,"No",,"Slight decrease","Massive decrease","","deforestation"
"17-23-66-97","Medicinal plants",4,"Bale / Bundle","","No",,,"",,,"Yes",400,"Slight decrease","Slight decrease","","extinction of some medicinal plants"
"71-45-81-79","Firewood",300,"Bale / Bundle","","No",,,"",,,"No",,"Slight decrease","Massive decrease","","population growth"
"53-00-83-03","Firewood",4,"Bale / Bundle","","No",,,"",,,"No",,"Massive increase","Massive increase","increase prosopis species,unlimited to eradicate it completely",""
"70-80-16-39","Firewood",48,"Bale / Bundle","","No",,,"",,,"No",,"Slight decrease","Massive decrease","","more human activities"
"11-00-74-85","Firewood",48,"Bale / Bundle","","No",,,"",,,"No",,"Slight decrease","Massive decrease","","drought and charcoal burning"
"16-44-32-23","Firewood",3,"Bale / Bundle","","No",,,"",,,"No",,"Massive increase","Massive increase","increase prosopis in the area",""
"49-09-04-04","Firewood",20,"Bunches","","No",,,"",,,"No",,"Slight decrease","Massive decrease","","land owners restrictions"
"49-09-04-04","Wood for charcoal production",15,"90 kg bag","","Yes",13,"90 kg bag","","No",500,"No",,"Slight decrease","Massive decrease","","land owners restrictio, legal regulations"
"49-09-04-04","Medicinal plants",1,"Kilograms","","No",,,"",,,"No",,"The same","Slight decrease","",""
"49-09-04-04","Honey",5,"Kilograms","","Yes",3,"Kilograms","","Yes",350,"No",,"Slight increase","The same","flower cover continues to reduce",""
"33-01-13-01","Firewood",96,"Bale / Bundle","","No",,,"",,,"No",,"Slight decrease","Massive decrease","","clearing of vegetation and trees for human settlements"
"33-01-13-01","Wood for charcoal production",40,"Numbers","","Yes",8,"Numbers","","No",2000,"No",,"Slight decrease","Massive decrease","","getting permits for tree cutting is difficult"
"65-53-51-27","Firewood",30,"Bale / Bundle","","No",,,"",,,"No",,"Slight decrease","Slight decrease","","Mass destruction of trees"
"64-11-62-56","Firewood",10,"Bale / Bundle","","No",,,"",,,"No",,"Slight decrease","Massive decrease","","increase in population"
"79-53-04-50","Firewood",192,"25kg bag","","No",,,"",,,"No",,"Slight decrease","Massive decrease","","Increased cutting of trees for charcoal burning activity"
"79-53-04-50","Wood for charcoal production",36,"50 kg bag","","Yes",36,"50 kg bag","","No",500,"No",,"Slight decrease","Massive decrease","","Increased charcoal burning activities in the area"
"14-13-86-20","Firewood",96,"Bale / Bundle","","No",,,"",,,"No",,"Slight decrease","Massive decrease","","charcoal  burning"
"14-13-86-20","Wood for charcoal production",30,"90 kg bag","","Yes",28,"90 kg bag","","No",500,"No",,"Slight decrease","Massive decrease","","defforestation"
"19-99-67-92","Firewood",48,"Bale / Bundle","","No",,,"",,,"Yes",4800,"Slight decrease","Slight decrease","","restrictions from land owners"
"65-80-65-49","Firewood",144,"Bale / Bundle","","No",,,"",,,"No",,"Slight decrease","Massive decrease","","increased fencing of own plots for farming"
"65-80-65-49","Wood for charcoal production",14,"50 kg bag","","Yes",144,"50 kg bag","","No",500,"Yes",24000,"Slight decrease","Massive decrease","","Increased cutting of prosopis trees for farming and charcoal burning"
"08-76-57-31","Firewood",96,"Bale / Bundle","","No",,,"",,,"No",,"Slight increase","Slight decrease","if less rainfall is experienced prolong",""
"08-76-57-31","Wood for charcoal production",96,"50 kg bag","","Yes",96,"50 kg bag","","No",500,"Yes",14400,"Slight increase","Slight decrease","Increased dependency on charcoal burning",""
"02-57-88-54","Firewood",4,"Bale / Bundle","","No",,,"",,,"No",,"Massive decrease","Slight decrease","","scarce"
"02-57-88-54","Wood for charcoal production",10,"90 kg bag","","Yes",4,"90 kg bag","","No",500,"No",,"Slight decrease","Massive decrease","","reduction in tree for charcoal"
"36-87-83-91","Firewood",336,"Bale / Bundle","","No",,,"",,,"No",,"Slight decrease","Massive decrease","","population growth"
"36-87-83-91","Wood for charcoal production",500,"Numbers","","No",,,"",,,"No",,"Slight decrease","Massive decrease","","population growth"
"76-21-46-00","Wood for charcoal production",48,"Bale / Bundle","","No",,,"",,,"No",,"Slight decrease","Massive decrease","","population increase"
"76-21-46-00","Honey",1,"Debe","","Yes",4,"Kilograms","","No",300,"Yes",300,"Slight decrease","Massive decrease","","defforestation"
"63-02-11-31","Firewood",168,"Bale / Bundle","","No",,,"",,,"No",,"Slight decrease","Massive decrease","","population increase"
"63-02-11-31","Honey",2,"Kilograms","","No",,,"",,,"No",,"Slight decrease","Massive decrease","","charcoal burning"
"45-95-07-81","Firewood",3,"Bale / Bundle","","No",,,"",,,"No",,"The same","Slight decrease","",""
"45-95-07-81","Wood for charcoal production",100,"Numbers","","No",,,"",,,"No",,"The same","Slight decrease","",""
"45-95-07-81","Honey",10,"Debe","","Yes",5000,"Debe","","No",1250,"No",,"Slight decrease","Massive decrease","","charcoal burning"
"15-84-79-29","Firewood",400,"Bale / Bundle","","No",,,"",,,"No",,"Slight decrease","Slight decrease","","population growth"
"52-10-39-37","Firewood",500,"Bale / Bundle","","No",,,"",,,"No",,"Slight decrease","Massive decrease","","many users"
"57-47-06-86","Firewood",100,"Bunches","","No",,,"",,,"Yes",2000,"Slight decrease","Massive decrease","","deforestration"
"70-03-65-67","Firewood",2,"Bale / Bundle","","No",,,"",,,"No",,"Slight decrease","Slight decrease","","due to population growth"
"70-03-65-67","Wild fruits",5,"Kilograms","","No",,,"",,,"No",,"The same","The same","",""
"70-03-65-67","Honey",2,"Liters","","Yes",2,"Liters","","No",400,"No",,"Slight decrease","The same","","due to population growth"
"48-58-26-00","Firewood",336,"Bale / Bundle","","No",,,"",,,"No",,"Slight decrease","Massive decrease","","population growth"
"48-58-26-00","Wood for charcoal production",200,"Numbers","","No",,,"",,,"No",,"Slight decrease","Massive decrease","","population growth"
"48-53-15-07","Firewood",1000,"Bale / Bundle","","No",,,"",,,"No",,"Slight decrease","Slight decrease","","charcoal burning"
"44-97-24-07","Firewood",150,"Bale / Bundle","","No",,,"",,,"No",,"Slight decrease","Massive decrease","","deforestation"
"44-97-24-07","Wood for charcoal production",25,"Bale / Bundle","","No",,,"",,,"No",,"Slight decrease","Massive decrease","","clearing of cropland  and charcoal burning"
"44-97-24-07","Timber or poles",20,"Other (please specify)","pieces","No",,,"",,,"No",,"Slight decrease","Massive decrease","","clearing of cropland"
"63-58-57-56","Firewood",350,"Bale / Bundle","","No",,,"",,,"No",,"The same","Slight decrease","",""
"50-43-62-27","Firewood",20,"Bale / Bundle","","No",,,"",,,"No",,"Slight decrease","Slight decrease","","charcoal burning"
"50-43-62-27","Sand, stone, mud",4,"Wheelbarrow","","Yes",4,"Numbers","","No",50,"Yes",200,"Slight decrease","Massive decrease","","too much harvesting"
"80-45-95-05","Firewood",1,"Bale / Bundle","","No",,,"",,,"No",,"Slight decrease","Massive decrease","","charcoal burning"
"63-29-07-40","Firewood",5,"Bale / Bundle","","Yes",1,"Bale / Bundle","","No",500,"No",,"Massive decrease","Massive decrease","","vegetation clearance"
"63-29-07-40","Wood for charcoal production",10,"90 kg bag","","Yes",5,"90 kg bag","","No",500,"No",,"Massive decrease","Massive decrease","","deforestation"
"54-48-29-18","Firewood",2,"Bale / Bundle","","No",,,"",,,"No",,"The same","The same","",""
"50-16-00-20","Firewood",2,"Bale / Bundle","","No",,,"",,,"No",,"Slight decrease","Slight decrease","","population growth"
"50-16-00-20","Wood for charcoal production",10,"90 kg bag","","Yes",10,"90 kg bag","","No",500,"No",,"Slight decrease","Massive decrease","","population growth"
"50-16-00-20","Honey",5,"Liters","","Yes",5,"Liters","","No",300,"No",,"The same","The same","",""
"45-36-57-50","Firewood",336,"Bale / Bundle","","No",,,"",,,"No",,"Slight decrease","Slight decrease","","deforestation through charcoal burning"
"49-75-44-53","Firewood",336,"Bale / Bundle","","No",,,"",,,"No",,"Massive increase","Massive increase","low population growth",""
"49-75-44-53","Wood for charcoal production",504,"Numbers","","No",,,"",,,"No",,"Slight decrease","Massive decrease","","deforestation"
"35-67-10-08","Firewood",1,"90 kg bag","","No",,,"",,,"No",,"Slight decrease","Massive decrease","","the daily destruction of the habitat shall lead to resource scarcity"
"35-67-10-08","Wood for charcoal production",3,"90 kg bag","","Yes",2,"90 kg bag","","No",500,"No",,"Slight decrease","Massive decrease","","deforestation"
"12-79-91-83","Firewood",500,"Bale / Bundle","","No",,,"",,,"No",,"Slight decrease","Slight decrease","","charcoal burning"
"19-90-00-01","Firewood",300,"Bale / Bundle","","No",,,"",,,"No",,"The same","The same","",""
"29-86-40-08","Firewood",100,"Bale / Bundle","","No",,,"",,,"No",,"Slight decrease","Slight decrease","","charcoal burning"
"29-86-40-08","Honey",2,"Gorogoro","","Yes",2,"Gorogoro","","No",600,"Yes",0,"Massive decrease","Massive decrease","","lack of rain"
"10-69-61-22","Firewood",200,"Bunches","","No",,,"",,,"No",,"Slight decrease","Massive decrease","","Deforestation"
"73-57-30-20","Firewood",336,"Bale / Bundle","","No",,,"",,,"No",,"Slight decrease","Massive decrease","","charcoal burning"
"73-57-30-20","Wood for charcoal production",300,"Numbers","","No",,,"",,,"No",,"The same","The same","",""
"98-91-04-48","Firewood",4,"Bale / Bundle","","No",,,"",,,"No",,"Massive increase","Massive increase","increase prosopis species in the area",""
"74-01-41-82","Firewood",240,"Bunches","","No",,,"",,,"No",,"Slight decrease","Massive decrease","","Deforestation"
"74-01-41-82","Wood for charcoal production",120,"Other (please specify)","sacks","Yes",84,"Other (please specify)","Sacks","Yes",500,"No",,"Slight decrease","Massive decrease","","Deforestation"
"30-00-59-90","Firewood",250,"Bunches","","No",,,"",,,"No",,"Slight decrease","Massive decrease","","Deforestation"
"30-00-59-90","Wood for charcoal production",12,"Other (please specify)","sacks","Yes",12,"Other (please specify)","sacks","Yes",400,"No",,"Slight decrease","Massive decrease","","Deforestation"
"66-77-39-39","Firewood",2,"Bale / Bundle","","No",,,"",,,"No",,"Slight decrease","Slight decrease","","population growth"
"35-78-11-70","Firewood",48,"Bale / Bundle","","No",,,"",,,"No",,"Slight decrease","Slight decrease","","Increase in charcoal production in the area."
"75-25-98-04","Firewood",4,"Bale / Bundle","","No",,,"",,,"No",,"Massive increase","Massive increase","increase prosopis and acacia in the area",""
"09-00-12-98","Firewood",144,"Bale / Bundle","","No",,,"",,,"No",,"Slight decrease","Massive decrease","","deforestation"
"09-00-12-98","Medicinal plants",5,"Bunches","","No",,,"",,,"No",,"Slight decrease","Massive decrease","","deforestation, climate change"
"13-38-59-03","Firewood",5,"Bunches","","No",,,"",,,"No",,"Slight increase","Slight decrease","prosobis trees continues to grow",""
"13-38-59-03","Wood for charcoal production",20,"90 kg bag","","Yes",19,"90 kg bag","","No",500,"No",,"Slight increase","Slight decrease","prosobis tree continues to grow",""
"13-38-59-03","Timber or poles",10,"Numbers","","No",,,"",,,"No",,"Slight increase","The same","prosobis trees continus to grow",""
"26-77-14-31","Firewood",672,"Bale / Bundle","","No",,,"",,,"No",,"Slight decrease","Massive decrease","","clearing of trees and vegetation  for farming"
"04-52-21-75","Firewood",10,"Bunches","","No",,,"",,,"No",,"Slight increase","Slight increase","prosobisvoften dries up",""
"04-52-21-75","Wood for charcoal production",50,"90 kg bag","","Yes",50,"90 kg bag","","No",500,"No",,"Slight decrease","Slight decrease","","trees continus depletting"
"04-52-21-75","Timber or poles",30,"Numbers","","No",,,"",,,"No",,"Slight decrease","Slight increase","","prosobis cover"
"04-52-21-75","Medicinal plants",5,"Kilograms","","No",,,"",,,"No",,"Slight decrease","Massive decrease","","the products depletes"
"49-10-89-14","Firewood",15,"Bale / Bundle","","No",,,"",,,"No",,"Massive increase","Slight decrease","prosobis increased",""
"49-10-89-14","Wood for charcoal production",40,"90 kg bag","","Yes",40,"90 kg bag","","No",550,"No",,"Slight decrease","Massive decrease","","charcoal burners are many"
"15-13-85-83","Firewood",100,"Bale / Bundle","","No",,,"",,,"No",,"Slight increase","Massive decrease","clearing of cropland",""
"15-13-85-83","Timber or poles",40,"Other (please specify)","pieces","No",,,"",,,"No",,"Slight increase","Massive decrease","clearing of cropland",""
"81-99-34-25","Firewood",30,"Bale / Bundle","","No",,,"",,,"No",,"Massive increase","Massive increase","increase prosopis in the area",""
"96-35-08-20","Firewood",96,"Bale / Bundle","","No",,,"",,,"No",,"Massive decrease","Massive decrease","","clearing vegetation and trees for crop cultivation"
"96-35-08-20","Medicinal plants",5,"Bunches","","No",,,"",,,"Yes",600,"Slight decrease","Massive decrease","","extinction of some medicinal trees"
"78-02-12-77","Firewood",50,"50 kg bag","","No",,,"",,,"No",,"Massive increase","Slight decrease","Increased cutting of prosopis trees for charcoal production",""
"78-02-12-77","Wood for charcoal production",100,"50 kg bag","","Yes",100,"50 kg bag","","No",500,"Yes",12000,"Massive increase","Slight increase","Cutting of trees for agriculture activities",""
"66-37-18-93","Firewood",50,"Bale / Bundle","","No",,,"",,,"No",,"Slight decrease","Massive decrease","","population increase"
"66-37-18-93","Timber or poles",30,"Other (please specify)","pieces","No",,,"",,,"No",,"Slight decrease","Massive decrease","","population increase and clearing of land for crop use"
"77-89-79-33","Firewood",80,"Bale / Bundle","","No",,,"",,,"No",,"Slight decrease","Massive decrease","","charcoal  burning"
"77-89-79-33","Wood for charcoal production",10,"90 kg bag","","Yes",3,"90 kg bag","","No",500,"No",,"Slight decrease","Massive decrease","","charcoal  burning"
"09-97-47-73","Firewood",60,"Bale / Bundle","","No",,,"",,,"No",,"Massive decrease","Massive decrease","","charcoal burning"
"62-45-31-86","Firewood",96,"Bale / Bundle","","No",,,"",,,"No",,"The same","The same","",""
"96-13-78-99","Firewood",144,"Bale / Bundle","","No",,,"",,,"No",,"The same","The same","",""
"25-35-15-07","Firewood",2,"Bale / Bundle","","No",,,"",,,"No",,"Slight decrease","Slight decrease","","population growth"
"25-35-15-07","Honey",8,"Liters","","Yes",8,"Liters","","No",300,"No",,"Slight decrease","Slight decrease","","population growth"
"10-80-25-79","Firewood",300,"Bale / Bundle","","No",,,"",,,"No",,"The same","Slight increase","",""
"10-80-25-79","Wild fruits",50,"Kilograms","","No",,,"",,,"No",,"Slight decrease","Massive decrease","","Increased population"
"46-89-14-96","Firewood",400,"Bale / Bundle","","No",,,"",,,"No",,"Slight decrease","Slight decrease","","too much users"
"46-89-14-96","Wild fruits",2,"Tins (eg milk tins)","","No",,,"",,,"No",,"Slight decrease","Slight decrease","","extinction of the species"
"80-24-04-77","Firewood",2,"Bale / Bundle","","No",,,"",,,"No",,"Slight decrease","Massive decrease","","Effects of population growth"
"26-82-89-21","Firewood",200,"Bale / Bundle","","No",,,"",,,"No",,"The same","The same","",""
"22-43-50-27","Firewood",500,"Bale / Bundle","","No",,,"",,,"No",,"Slight decrease","Slight decrease","","many users"
"22-43-50-27","Wild fruits",2,"Tins (eg milk tins)","","No",,,"",,,"No",,"Slight decrease","Slight decrease","","tree distinction"
"41-41-55-55","Firewood",500,"Bale / Bundle","","No",,,"",,,"No",,"Slight decrease","Slight decrease","","many users"
"41-41-55-55","Wild fruits",2,"Kilograms","","No",,,"",,,"No",,"Slight decrease","Massive decrease","","extinction of the trees"
"26-69-32-41","Firewood",72,"Bunches","","No",,,"",,,"No",,"Massive decrease","Massive decrease","","Deforestation and prolonged Drought which does not allow trees to grow"
"26-69-32-41","Wood for charcoal production",48,"100 kg bag","","Yes",30,"100 kg bag","","Yes",400,"No",,"Slight decrease","Massive decrease","","Deforestation"
"68-81-12-32","Firewood",80,"Bunches","","No",,,"",,,"No",,"Slight decrease","Massive decrease","","Deforestation"
"68-81-12-32","Wood for charcoal production",108,"100 kg bag","","Yes",50,"100 kg bag","","Yes",400,"No",,"Slight decrease","Massive decrease","","Deforestation"
"46-49-14-82","Firewood",80,"Bunches","","No",,,"",,,"No",,"Slight decrease","Massive decrease","","Deforestation"
"92-16-89-27","Firewood",48,"Bale / Bundle","","No",,,"",,,"No",,"Slight decrease","Massive decrease","","defforestation"
"92-16-89-27","Wood for charcoal production",10,"90 kg bag","","Yes",10,"90 kg bag","","Yes",800,"No",,"Slight decrease","Massive decrease","","defforestation"
"01-28-41-84","Firewood",96,"90 kg bag","","No",,,"",,,"No",,"Slight decrease","Massive decrease","","defforestation"
"01-28-41-84","Wood for charcoal production",120,"90 kg bag","","Yes",120,"90 kg bag","","Yes",500,"No",,"Slight increase","Slight decrease","faster growth rate of prosopis",""
"23-46-40-42","Firewood",96,"Bale / Bundle","","No",,,"",,,"No",,"Slight decrease","Massive decrease","","defforestation"
"23-46-40-42","Wood for charcoal production",15,"90 kg bag","","Yes",15,"90 kg bag","","Yes",800,"No",,"Slight decrease","Massive decrease","","defforestation"
"07-56-93-09","Firewood",200,"Bale / Bundle","","No",,,"",,,"No",,"The same","The same","",""
"40-07-12-46","Firewood",50,"Bunches","","No",,,"",,,"No",,"Slight increase","Massive increase","upoming grown prosobis species",""
"40-07-12-46","Medicinal plants",2,"Kilograms","","No",,,"",,,"No",,"Slight decrease","Massive decrease","","The plants are yet to be extinct through encroachments"
"68-88-48-96","Firewood",192,"Bale / Bundle","","No",,,"",,,"No",,"Massive increase","The same","There is increased growth and spread of prosopis juliflora trees.",""
"86-70-18-69","Firewood",48,"Bale / Bundle","","No",,,"",,,"No",,"Massive increase","Slight decrease","increased cutting down of prosopis trees for farming activities",""
"82-09-53-31","Firewood",1,"Kilograms","","No",,,"",,,"No",,"Massive decrease","Massive decrease","","population growth"
"10-84-11-85","Firewood",2,"Bale / Bundle","","No",,,"",,,"No",,"The same","The same","",""
"93-36-47-93","Firewood",2,"Bale / Bundle","","No",,,"",,,"No",,"The same","The same","",""
"40-02-31-47","Firewood",100,"Bale / Bundle","","No",,,"",,,"No",,"The same","The same","",""
"35-25-14-79","Firewood",1,"Bale / Bundle","","No",,,"",,,"No",,"Massive decrease","Massive decrease","","drought"
"96-32-88-00","Firewood",96,"Bale / Bundle","","No",,,"",,,"No",,"Massive decrease","Massive decrease","","increasing population, deforestation"
"30-07-79-13","Firewood",1,"Bale / Bundle","","No",,,"",,,"No",,"Slight decrease","Massive decrease","","population growth"
"05-61-96-62","Firewood",100,"Bale / Bundle","","No",,,"",,,"No",,"Slight decrease","Massive decrease","","clearing of cropland and population increase at a higher rate"
"05-61-96-62","Wood for charcoal production",25,"Bale / Bundle","","No",,,"",,,"Yes",9000,"Slight decrease","Massive decrease","","clearing of bushes for cropland"
"05-61-96-62","Timber or poles",100,"Other (please specify)","pieces","No",,,"",,,"No",,"Slight decrease","Massive decrease","","clearing of cropland"
"37-32-16-74","Firewood",108,"Bunches","","No",,,"",,,"No",,"The same","Slight decrease","",""
"37-32-16-74","Timber or poles",72,"Bunches","","Yes",72,"Bunches","","No",100,"No",,"Slight decrease","Massive decrease","","Deforestation"
"06-96-64-70","Firewood",48,"Bale / Bundle","","No",,,"",,,"No",,"Massive decrease","Massive decrease","","prosopsis trees have made bushes with firewood difficult to access"
"74-21-41-84","Firewood",108,"Bunches","","No",,,"",,,"No",,"Slight decrease","Massive decrease","","Deforestation"
"82-96-41-85","Firewood",100,"Bale / Bundle","","No",,,"",,,"No",,"Slight increase","Massive decrease","clearing of cropland",""
"82-96-41-85","Wood for charcoal production",24,"Bale / Bundle","","No",,,"",,,"Yes",1000,"Slight increase","Massive decrease","clearing of cropland and population increase",""
"82-96-41-85","Timber or poles",80,"Other (please specify)","pieces","Yes",10,"Other (please specify)","pieces","No",150,"No",,"Slight decrease","Massive decrease","","clearing of cropland  and increase in population"
"58-44-33-27","Firewood",5,"Bale / Bundle","","No",,,"",,,"No",,"The same","The same","",""
"88-25-56-87","Firewood",192,"Bale / Bundle","","No",,,"",,,"No",,"Massive increase","Massive increase","prosopsis trees are rapidly growing and that's what we use as firewood",""
"88-25-56-87","Medicinal plants",5,"Bunches","","No",,,"",,,"No",,"Slight decrease","Massive decrease","","extinction of some medicinal plants"
"86-98-25-96","Firewood",100,"Bale / Bundle","","No",,,"",,,"No",,"Slight decrease","Massive decrease","","population increase and clearing of cropland"
"86-98-25-96","Wood for charcoal production",150,"Bale / Bundle","","No",,,"",,,"Yes",10000,"Slight decrease","Massive decrease","","clearing of cropland and population increase"
"86-98-25-96","Timber or poles",30,"Numbers","","No",,,"",,,"No",,"Slight decrease","Massive decrease","","clearing of cropland and population increase"
"09-54-26-75","Firewood",1,"Bale / Bundle","","No",,,"",,,"No",,"Massive decrease","Massive decrease","","persistence in drought will reduce the tree cover hence making firewood scarce as demand goes up"
"41-61-78-73","Firewood",2,"Bale / Bundle","","No",,,"",,,"No",,"Slight decrease","Massive decrease","","population growth"
"90-86-53-30","Firewood",1,"Bale / Bundle","","No",,,"",,,"No",,"Massive decrease","Massive decrease","","trees will be destroyed completely"
"90-86-53-30","Wood for charcoal production",3,"90 kg bag","","Yes",3,"90 kg bag","","No",450,"No",,"Massive decrease","Massive decrease","","tree cover reduction"
"16-75-57-30","Firewood",1,"Bale / Bundle","","No",,,"",,,"No",,"The same","The same","",""
"60-19-22-98","Firewood",2,"Bale / Bundle","","No",,,"",,,"No",,"Slight decrease","Slight decrease","","tree cover will be depleting as years come"
"97-29-58-98","Firewood",30,"Bale / Bundle","","No",,,"",,,"No",,"Massive increase","Massive increase","increased prosopis in the area",""
"51-48-94-50","Firewood",200,"Bale / Bundle","","No",,,"",,,"No",,"Slight decrease","Massive decrease","","deforestation"
"97-20-59-08","Firewood",52,"Bale / Bundle","","No",,,"",,,"No",,"Slight decrease","Massive decrease","","population increase and clearing of forest for farming"
"97-20-59-08","Wood for charcoal production",10,"Bale / Bundle","","No",,,"",,,"Yes",10000,"Slight decrease","Massive decrease","","population increase and clearing of cropland"
"97-20-59-08","Timber or poles",40,"Numbers","","No",,,"",,,"No",,"Slight decrease","Massive decrease","","population increase and clearing of cropland"
"21-43-02-41","Firewood",2,"Bale / Bundle","","No",,,"",,,"No",,"The same","The same","",""
"82-77-24-98","Firewood",192,"Bale / Bundle","","No",,,"",,,"No",,"Slight decrease","Massive decrease","","increasing population,rural urban migration"
"68-99-96-16","Firewood",672,"Bale / Bundle","","No",,,"",,,"No",,"Slight decrease","Massive decrease","","clearing  of trees for crop cultivation"
"47-95-59-62","Firewood",72,"Bunches","","No",,,"",,,"No",,"Slight decrease","Massive decrease","","Deforestation"
"86-57-96-89","Firewood",1,"Bale / Bundle","","No",,,"",,,"No",,"Massive decrease","Massive decrease","","reduction of forest cover as a result of human activities"
"86-57-96-89","Wild fruits",12,"Gorogoro","","No",,,"",,,"No",,"Massive decrease","Massive decrease","","extinction of the plant species"
"68-47-81-44","Firewood",96,"Bale / Bundle","","No",,,"",,,"No",,"Slight decrease","Massive decrease","","population  increase and land demarcation"
"36-96-75-03","Firewood",8,"Bale / Bundle","","No",,,"",,,"No",,"Slight increase","Massive increase","prosobis increased",""
"36-96-75-03","Medicinal plants",10,"Numbers","","No",,,"",,,"No",,"Slight decrease","Massive decrease","","High rate of plants clearance"
"08-94-02-07","Firewood",120,"Bale / Bundle","","No",,,"",,,"No",,"Slight decrease","Massive decrease","","Charcoal burners depletes trees"
"08-94-02-07","Wood for charcoal production",75,"90 kg bag","","Yes",70,"90 kg bag","","No",500,"No",,"Slight increase","Slight decrease","prosobis invaded the area",""
"08-94-02-07","Honey",3,"Debe","","Yes",2,"Debe","","No",5000,"Yes",1000,"Slight decrease","Massive decrease","","increased use of pestcides kills bees"
"37-79-35-25","Firewood",1,"Bale / Bundle","","No",,,"",,,"No",,"Massive decrease","Massive decrease","","competition for firewood"
"71-65-92-38","Firewood",100,"Bale / Bundle","","No",,,"",,,"No",,"Slight decrease","Massive decrease","","deforestration"
"64-78-16-16","Firewood",108,"Bunches","","No",,,"",,,"No",,"Slight decrease","Massive decrease","","Deforestation"
"21-44-80-94","Firewood",200,"Bale / Bundle","","No",,,"",,,"No",,"Slight decrease","Slight decrease","","charcoal burning"
"09-64-46-58","Firewood",80,"Bale / Bundle","","No",,,"",,,"No",,"Slight increase","Massive decrease","Prosobis cover",""
"09-64-46-58","Wood for charcoal production",30,"90 kg bag","","Yes",20,"90 kg bag","","No",600,"No",,"Slight increase","Slight decrease","prosobis cover increased",""
"09-64-46-58","Timber or poles",50,"Numbers","","Yes",30,"Numbers","","No",50,"No",,"Slight decrease","Massive decrease","","matured trees depleted"
"09-64-46-58","Honey",2,"2kg packet","","No",,,"",,,"Yes",500,"Slight increase","Slight increase","flowers depleted",""
"59-85-28-37","Firewood",2,"Bale / Bundle","","No",,,"",,,"No",,"The same","The same","",""
"59-86-17-42","Firewood",2,"Bale / Bundle","","No",,,"",,,"No",,"The same","The same","",""
"19-38-28-96","Firewood",48,"Bale / Bundle","","No",,,"",,,"No",,"Slight decrease","Massive decrease","","increase in population  and land demarcation"
"15-65-55-76","Firewood",300,"Bale / Bundle","","No",,,"",,,"No",,"Slight decrease","Massive decrease","","increased population"
"15-65-55-76","Wild fruits",10,"Gorogoro","","No",,,"",,,"No",,"Slight decrease","Slight decrease","","low population"
"06-65-59-46","Firewood",2,"Bale / Bundle","","No",,,"",,,"No",,"Massive decrease","Massive decrease","","drought occurrences"
"31-55-25-17","Firewood",5,"Bale / Bundle","","Yes",3,"Bale / Bundle","","No",50,"No",,"Slight decrease","Slight decrease","","due to large population growth"
"31-55-25-17","Wild fruits",1,"Debe","","No",,,"",,,"No",,"Slight decrease","Slight decrease","","population growth"
"46-83-77-72","Firewood",72,"Bunches","","No",,,"",,,"No",,"Slight decrease","Massive decrease","","Deforestation"
"13-16-83-24","Firewood",1,"Bale / Bundle","","No",,,"",,,"No",,"Massive decrease","Massive decrease","","destruction and settlements encroachment to the forest"
"55-65-07-83","Firewood",120,"Bale / Bundle","","No",,,"",,,"No",,"Massive increase","Slight decrease","Increased farming activities in the area",""
"19-58-06-14","Firewood",3,"Bale / Bundle","","No",,,"",,,"No",,"Slight increase","Slight increase","trees has dried up making firewood more available",""
"07-67-77-44","Firewood",108,"Bunches","","No",,,"",,,"No",,"Slight decrease","Massive decrease","","Deforestation"
"30-73-95-73","Firewood",60,"Bale / Bundle","","No",,,"",,,"No",,"The same","The same","",""
"81-01-27-26","Firewood",144,"Bale / Bundle","","No",,,"",,,"No",,"The same","The same","",""
"29-63-05-43","Firewood",72,"Bunches","","No",,,"",,,"No",,"Slight decrease","Massive decrease","","Deforestation"
"69-97-70-98","Firewood",1,"Bale / Bundle","","No",,,"",,,"No",,"Slight decrease","Slight decrease","","population growth"
"69-97-70-98","Wild fruits",1,"Debe","","No",,,"",,,"No",,"Slight decrease","Slight decrease","","population growth"
"15-06-78-78","Firewood",200,"Bale / Bundle","","No",,,"",,,"No",,"Slight decrease","Slight decrease","","charcoal burning"
"09-89-86-48","Firewood",144,"Bale / Bundle","","No",,,"",,,"No",,"Massive decrease","Massive decrease","","deforestation"
"66-77-69-23","Firewood",3,"Bale / Bundle","","No",,,"",,,"No",,"Massive decrease","Massive decrease","","trees has been felled indiscriminately"
"66-77-69-23","Wood for charcoal production",10,"90 kg bag","","Yes",8,"90 kg bag","","No",600,"No",,"Massive decrease","Massive decrease","","forest is degraded"
"34-54-53-25","Firewood",400,"Bale / Bundle","","No",,,"",,,"No",,"Slight decrease","Slight decrease","","population growth"
"54-15-04-81","Firewood",96,"Bale / Bundle","","No",,,"",,,"No",,"Slight decrease","Massive decrease","","population  growth and land demarcation"
"54-15-04-81","Honey",5,"Debe","","Yes",5,"Debe","","No",4000,"Yes",500,"Slight decrease","Massive decrease","","change of climate, charcoal  burning  and use of pesticides"
"30-29-61-21","Firewood",350,"Bale / Bundle","","No",,,"",,,"No",,"Slight decrease","Slight decrease","","population increase"
"32-65-13-57","Firewood",384,"Bale / Bundle","","No",,,"",,,"No",,"The same","The same","",""
"32-65-13-57","Wood for charcoal production",336,"Numbers","","No",,,"",,,"No",,"The same","The same","",""
"32-65-13-57","Wild fruits",3,"50 kg bag","","No",,,"",,,"No",,"The same","The same","",""
"64-69-72-73","Firewood",250,"Bale / Bundle","","No",,,"",,,"No",,"Slight decrease","Slight decrease","","population increase"
"25-20-08-58","Firewood",300,"Bale / Bundle","","No",,,"",,,"No",,"Slight decrease","Slight decrease","","population growth"
"12-04-44-96","Firewood",96,"Bunches","","No",,,"",,,"No",,"Slight decrease","Massive decrease","","Demarcation of land will control harvesting of firewood and also drought experienced in the."
"97-37-09-60","Firewood",350,"Bale / Bundle","","No",,,"",,,"No",,"Massive decrease","Massive decrease","","population growth"
"97-37-09-60","Wild fruits",20,"Debe","","Yes",7,"Other (please specify)","cups","No",20,"No",,"Massive decrease","Massive decrease","","population growth"
"26-04-59-05","Firewood",96,"Bale / Bundle","","No",,,"",,,"No",,"Slight decrease","Massive decrease","","defforestation"
"26-04-59-05","Wood for charcoal production",200,"90 kg bag","","Yes",200,"90 kg bag","","Yes",500,"No",,"Slight decrease","Massive decrease","","defforestation"
"98-27-33-85","Firewood",96,"Bunches","","No",,,"",,,"No",,"Slight decrease","Massive decrease","","Increasing population in the area and demarcation of land presenting random harvesting of firewood."
"98-27-33-85","Honey",2,"Debe","","Yes",2,"Debe","","No",6000,"No",,"Slight decrease","Massive decrease","","Spraying of farms with insecticides,  charcoal burning activities"
"65-84-88-76","Firewood",1,"Bale / Bundle","","No",,,"",,,"No",,"The same","The same","",""
"65-84-88-76","Wild fruits",1,"Debe","","No",,,"",,,"No",,"The same","The same","",""
"88-58-36-62","Firewood",672,"Bale / Bundle","","Yes",672,"Bale / Bundle","","No",200,"No",,"Slight decrease","Massive decrease","","population growth and demand for the firewood"
"88-58-36-62","Wild fruits",90,"90 kg bag","","No",,,"",,,"No",,"Slight decrease","Massive decrease","","population growth"
"68-07-50-59","Firewood",50,"Bale / Bundle","","No",,,"",,,"Yes",5000,"Slight decrease","Massive decrease","","population increase"
"69-15-02-37","Firewood",500,"Bale / Bundle","","No",,,"",,,"No",,"Slight decrease","Massive decrease","","many users"
"02-78-83-36","Firewood",600,"Bale / Bundle","","No",,,"",,,"No",,"Slight decrease","Massive decrease","","cactus invasion"
"97-59-33-64","Firewood",96,"Bunches","","No",,,"",,,"No",,"Slight decrease","Slight decrease","","Due to prolonged period of drought experienced in the area"
"97-59-33-64","Honey",2,"Tins (eg milk tins)","","Yes",2,"Tins (eg milk tins)","","No",1000,"No",,"Slight decrease","Massive decrease","","Decreasing bee population due to possibly spraying of farms with infectious insecticides."
"62-96-19-75","Firewood",96,"Bale / Bundle","","No",,,"",,,"No",,"Massive decrease","Massive decrease","","deforestation"
"73-91-22-23","Firewood",400,"Bale / Bundle","","No",,,"",,,"No",,"Slight decrease","Slight decrease","","invasion of cactus"
"73-91-22-23","Wild fruits",2,"Gorogoro","","No",,,"",,,"No",,"Slight decrease","Massive decrease","","many people depend on it for living"
"20-05-42-35","Firewood",300,"Bunches","","No",,,"",,,"No",,"Slight decrease","Slight decrease","","charcoal harvesting"
"20-05-42-35","Wild fruits",3,"Tins (eg milk tins)","","No",,,"",,,"No",,"The same","The same","",""
"41-87-52-98","Firewood",1,"Bale / Bundle","","No",,,"",,,"No",,"The same","The same","",""
"69-31-43-37","Firewood",24,"Bunches","","No",,,"",,,"No",,"The same","The same","",""
"53-00-97-20","Firewood",1,"Bale / Bundle","","No",,,"",,,"No",,"Slight increase","Slight increase","drought is high and more trees has fallen",""
"53-00-97-20","Wood for charcoal production",6,"90 kg bag","","No",,,"",,,"No",,"Massive decrease","Massive decrease","","massive cutting of trees will reduce the tree cover"
"53-00-97-20","Wild fruits",10,"Gorogoro","","No",,,"",,,"No",,"Massive decrease","Massive decrease","","if drought persists there will be scarcity"
"33-41-86-29","Firewood",144,"Bunches","","No",,,"",,,"No",,"Massive increase","Massive increase","Due to increased growth and spread of prosopis juliflora in the area",""
"33-41-86-29","Wood for charcoal production",120,"50 kg bag","","Yes",120,"50 kg bag","","Yes",500,"Yes",5000,"Massive increase","Slight increase","Due to increased growth and spread of prosopis juliflora in the area.",""
"32-86-73-25","Firewood",48,"Bunches","","No",,,"",,,"No",,"Massive increase","Massive increase","Due to increasing growth and spread of prosopis juliflora in the area.",""
"32-86-73-25","Wood for charcoal production",144,"50 kg bag","","Yes",144,"50 kg bag","","Yes",500,"Yes",18000,"Massive increase","Massive increase","Increasing growth and spread of prosopis juliflora in the area.",""
"72-97-03-54","Firewood",90,"Bunches","","No",,,"",,,"No",,"Slight decrease","Massive decrease","","Deforestation"
"15-89-37-89","Firewood",150,"Bale / Bundle","","No",,,"",,,"No",,"Slight increase","Slight decrease","recent invasion of prosobis has increased availability of firewood in the area.",""
"15-89-37-89","Wood for charcoal production",25,"Bale / Bundle","","No",,,"",,,"Yes",25000,"Slight increase","Massive decrease","Presence of prosobis in area has increased the availability of wood for charcoal.",""
"12-79-12-74","Firewood",300,"Bale / Bundle","","No",,,"",,,"No",,"Slight decrease","Massive decrease","","settlement"
"84-49-36-60","Firewood",200,"Bunches","","No",,,"",,,"No",,"Slight decrease","Massive decrease","","Deforestation"
"50-30-24-70","Firewood",200,"Bale / Bundle","","No",,,"",,,"No",,"Slight increase","Slight increase","entry of prosobis has increased availability of firewood.",""
"50-30-24-70","Wood for charcoal production",300,"Bale / Bundle","","No",,,"",,,"No",,"Slight increase","Slight increase","entrance of prosobis has increased wood for charcoal.",""
"73-01-79-27","Firewood",192,"Bale / Bundle","","No",,,"",,,"No",,"Slight decrease","Massive decrease","","clearing of vegetation and trees for crop cultivation"
"61-70-56-76","Firewood",72,"Bunches","","No",,,"",,,"Yes",5040,"Slight decrease","Massive decrease","","Deforestation"
"02-74-92-32","Wood for charcoal production",9,"100 kg bag","","No",,,"",,,"Yes",600,"Massive decrease","Massive decrease","","Deforestation"
"69-39-88-08","Firewood",96,"Bale / Bundle","","No",,,"",,,"No",,"Slight decrease","Massive decrease","","charcoal burning"
"69-39-88-08","Wood for charcoal production",100,"90 kg bag","","Yes",100,"90 kg bag","","No",500,"No",,"Slight decrease","Massive decrease","","defforestation"
"97-74-84-66","Firewood",1,"Bale / Bundle","","No",,,"",,,"No",,"Massive decrease","Massive decrease","","competition for firewood and persistence in long and prolonged drought"
"97-74-84-66","Timber or poles",100,"Numbers","","Yes",100,"Numbers","","No",150,"No",,"Massive decrease","Massive decrease","","there will be extinction of olea Africana species in the nearing days since this is the most reliable tree used as fence posts"
"15-82-53-55","Firewood",96,"Bale / Bundle","","No",,,"",,,"No",,"Slight decrease","Massive decrease","","land demarcation  and charcoal  burning"
"15-82-53-55","Wood for charcoal production",120,"90 kg bag","","Yes",120,"90 kg bag","","Yes",500,"No",,"Slight decrease","Massive decrease","","land demarcation  and defforestation"
"46-71-69-87","Firewood",192,"Bale / Bundle","","No",,,"",,,"No",,"Slight decrease","Massive decrease","","deforestation"
"05-64-42-77","Firewood",1,"Bale / Bundle","","No",,,"",,,"No",,"Massive decrease","Massive decrease","","tree species is degraded and my extinct species in the near future"
"05-64-42-77","Wood for charcoal production",5,"90 kg bag","","No",,,"",,,"No",,"Massive decrease","Massive decrease","","forest degradation is already encountered"
"65-63-71-66","Firewood",30,"Bale / Bundle","","No",,,"",,,"No",,"Slight increase","Massive increase","prosobis trees continues to grow",""
"65-63-71-66","Wood for charcoal production",30,"90 kg bag","","Yes",28,"90 kg bag","","No",500,"No",,"Slight increase","Massive increase","prosobis increases each day",""
"15-51-80-47","Firewood",300,"Bale / Bundle","","No",,,"",,,"No",,"Slight decrease","Massive decrease","","population increase"
"32-74-61-81","Firewood",96,"Bunches","","No",,,"",,,"No",,"Massive increase","Massive increase","Increasing growth and spread of prosopis juliflora in the area",""
"32-74-61-81","Wood for charcoal production",48,"50 kg bag","","Yes",96,"50 kg bag","","Yes",500,"No",,"Massive increase","Massive increase","Continued growth and spread of prosopis juliflora in the area",""
"36-59-31-86","Firewood",60,"Bale / Bundle","","No",,,"",,,"No",,"Massive increase","Slight decrease","More charcoal burning activities in the area.",""
"36-59-31-86","Wood for charcoal production",48,"Bale / Bundle","","Yes",48,"Bale / Bundle","","No",500,"No",,"Massive increase","Slight decrease","increased charcoal production in the area.",""
"73-83-46-14","Firewood",100,"Bale / Bundle","","No",,,"",,,"No",,"Slight decrease","Massive decrease","","charcoal  burning  and flood"
"73-83-46-14","Wood for charcoal production",30,"90 kg bag","","Yes",30,"90 kg bag","","No",500,"No",,"Slight decrease","Massive decrease","","defforestation"
"07-04-05-10","Firewood",50,"Bale / Bundle","","No",,,"",,,"No",,"Slight decrease","Massive decrease","","clearing of cropland"
"07-04-05-10","Wood for charcoal production",20,"Bale / Bundle","","No",,,"",,,"No",,"Slight decrease","Massive decrease","","clearing of cropland"
"07-04-05-10","Timber or poles",100,"Other (please specify)","pieces","No",,,"",,,"No",,"Slight decrease","Massive decrease","","clearing of cropland"
"99-97-90-90","Firewood",200,"Bale / Bundle","","No",,,"",,,"No",,"Slight decrease","Massive decrease","","deforestation"
"53-39-03-44","Firewood",50,"Bale / Bundle","","No",,,"",,,"No",,"Slight decrease","The same","","Increased prosopis tree cover growth"
"53-39-03-44","Wood for charcoal production",60,"50 kg bag","","Yes",60,"50 kg bag","","No",500,"No",,"Slight increase","The same","there is increased prosopis vegetation growth",""
"85-50-39-09","Firewood",192,"Bale / Bundle","","No",,,"",,,"No",,"Slight decrease","Massive decrease","","clearing farms for crop cultivation"
"46-32-17-36","Firewood",8,"Bale / Bundle","","No",,,"",,,"No",,"Massive increase","Massive increase","increase prosopis species in the area",""
"46-32-17-36","Wood for charcoal production",5,"Bale / Bundle","","Yes",5,"Bale / Bundle","","No",500,"No",,"Massive increase","Massive increase","rapid growth of prosopis species in the area",""
"85-98-37-69","Firewood",144,"Bale / Bundle","","No",,,"",,,"No",,"Slight decrease","Massive decrease","","deforestation"
"85-98-37-69","Medicinal plants",5,"Bunches","","No",,,"",,,"No",,"Slight decrease","Massive decrease","","extinction of some medicinal plants"
"65-26-91-15","Firewood",40,"Bale / Bundle","","No",,,"",,,"No",,"Massive increase","Slight increase","Because of high growth of prosopis vegetation",""
"65-26-91-15","Wood for charcoal production",64,"50 kg bag","","Yes",64,"Bale / Bundle","","No",500,"No",,"Massive increase","Slight decrease","Many farms under prosopis are being cleared for farming purposes",""
"65-45-62-39","Firewood",120,"Bale / Bundle","","No",,,"",,,"No",,"Massive increase","Massive increase","Increased prosopis vegetation growth witnessed.",""
"65-45-62-39","Wood for charcoal production",50,"50 kg bag","","Yes",50,"50 kg bag","","No",500,"No",,"Massive increase","Massive increase","Increased prosopis vegetation growth in the area",""
"47-59-10-25","Firewood",96,"Bale / Bundle","","No",,,"",,,"No",,"Slight decrease","Massive decrease","","charcoal  burning"
"03-90-73-99","Firewood",300,"Bale / Bundle","","No",,,"",,,"No",,"The same","The same","",""
"43-25-90-61","Firewood",700,"Bale / Bundle","","Yes",700,"Wheelbarrow","","No",200,"No",,"Slight decrease","Massive decrease","","population growth"
"49-70-00-09","Firewood",50,"Bunches","","No",,,"",,,"No",,"Massive increase","Massive increase","prosobis cover is increasing",""
"49-70-00-09","Wood for charcoal production",15,"90 kg bag","","Yes",13,"90 kg bag","","No",500,"No",,"The same","Slight increase","",""
"49-70-00-09","Medicinal plants",10,"Numbers","","No",,,"",,,"No",,"Slight decrease","Massive decrease","","not being protected"
"06-94-49-47","Firewood",4,"Bale / Bundle","","No",,,"",,,"No",,"Massive decrease","Massive decrease","","people are cutting trees to eradicate prosopis"
"19-04-54-37","Firewood",96,"Bale / Bundle","","No",,,"",,,"No",,"The same","The same","",""
"59-57-12-16","Firewood",20,"Bale / Bundle","","No",,,"",,,"No",,"Massive increase","Massive increase","Increased prosopis vegetation growth",""
"49-28-72-36","Firewood",50,"Bunches","","No",,,"",,,"No",,"The same","Slight increase","",""
"49-28-72-36","Wood for charcoal production",20,"90 kg bag","","Yes",18,"90 kg bag","","No",550,"No",,"Slight increase","Slight increase","prosobis and sesia trees continues to grow",""
"93-14-44-32","Firewood",50,"Bale / Bundle","","No",,,"",,,"No",,"Slight increase","Slight decrease","population increase",""
"93-14-44-32","Timber or poles",30,"Other (please specify)","pieces","No",,,"",,,"No",,"Slight increase","Slight decrease","clearing lands for cropland",""
"51-90-88-91","Firewood",96,"Bale / Bundle","","No",,,"",,,"No",,"Slight decrease","Massive decrease","","defforestation"
"51-90-88-91","Wood for charcoal production",200,"90 kg bag","","Yes",175,"90 kg bag","","Yes",500,"No",,"Slight decrease","Massive decrease","","defforestation"
"12-47-74-84","Firewood",30,"Bale / Bundle","","No",,,"",,,"No",,"Massive increase","Massive increase","increase of prosopis species",""
"66-45-27-28","Firewood",450,"Bale / Bundle","","No",,,"",,,"No",,"Slight decrease","Slight decrease","","many users"
"61-66-59-51","Firewood",96,"Bale / Bundle","","No",,,"",,,"No",,"Slight decrease","Massive decrease","","defforestation"
"61-66-59-51","Wood for charcoal production",110,"90 kg bag","","Yes",100,"90 kg bag","","Yes",500,"No",,"Slight decrease","Massive decrease","","defforestation"
"78-64-43-02","Firewood",8,"Bale / Bundle","","No",,,"",,,"No",,"Massive increase","Massive increase","increase the number of prosopis species in the area",""
"78-64-43-02","Wood for charcoal production",4,"Bale / Bundle","","Yes",4,"Bale / Bundle","","No",8000,"No",,"Massive increase","Massive increase","rapid increase prosopis in the area",""
"09-79-38-80","Firewood",500,"Bale / Bundle","","No",,,"",,,"No",,"Slight decrease","Slight decrease","","human encroachment"
"03-23-67-97","Firewood",40,"Bunches","","No",,,"",,,"No",,"Slight decrease","Slight decrease","","too much extraction by household"
"03-23-67-97","Wood for charcoal production",20,"90 kg bag","","Yes",20,"90 kg bag","","No",500,"No",,"Slight decrease","Slight increase","","older trees depleted"
"03-23-67-97","Wild fruits",5,"Kilograms","","No",,,"",,,"No",,"The same","Slight decrease","",""
"03-23-67-97","Medicinal plants",5,"Kilograms","","No",,,"",,,"No",,"Slight decrease","Massive decrease","","plants becomes extint"
"84-81-25-13","Firewood",50,"Bale / Bundle","","No",,,"",,,"No",,"Massive increase","Slight decrease","Increased cutting of prosopis trees for farming",""
"01-19-86-40","Firewood",1,"Bale / Bundle","","No",,,"",,,"No",,"Slight decrease","Massive decrease","","population growth"
"01-19-86-40","Wood for charcoal production",8,"Bale / Bundle","","Yes",8,"90 kg bag","","No",450,"No",,"Massive decrease","Massive decrease","","cutting down trees for charcoal burning has largely increased hence reduction"
"69-16-25-63","Firewood",300,"Bale / Bundle","","No",,,"",,,"No",,"The same","The same","",""
"69-16-25-63","Honey",5,"Debe","","Yes",5,"Debe","","No",2000,"No",,"Massive decrease","Massive decrease","","charcoal burning"
"58-95-91-31","Firewood",72,"Bunches","","No",,,"",,,"No",,"Slight decrease","Massive decrease","","Deforestation"
"11-58-78-70","Firewood",72,"Bunches","","No",,,"",,,"No",,"Slight decrease","Massive decrease","","Deforestation"
"11-58-78-70","Medicinal plants",12,"Basins","","Yes",12,"Basins","","Yes",200,"No",,"Slight decrease","Massive decrease","","Extinction of natural trees"
"41-24-59-26","Wood for charcoal production",200,"Numbers","","No",,,"",,,"No",,"Slight decrease","Massive decrease","","increased charcoal burning"
"98-97-38-21","Firewood",300,"Bale / Bundle","","No",,,"",,,"No",,"The same","The same","",""
"92-08-97-62","Firewood",300,"Bale / Bundle","","No",,,"",,,"No",,"The same","The same","",""
"59-21-82-77","Firewood",10,"Bunches","","No",,,"",,,"No",,"Slight decrease","Slight decrease","","good firewood depleted"
"59-21-82-77","Medicinal plants",2,"Kilograms","","No",,,"",,,"No",,"Slight decrease","Massive decrease","","few people use"
"80-20-31-51","Firewood",400,"Bale / Bundle","","No",,,"",,,"No",,"Slight decrease","Slight decrease","","population increase"
"33-11-85-60","Firewood",144,"Bale / Bundle","","No",,,"",,,"No",,"Massive increase","Massive increase","Increasing growth of prosopis juliflora in the area.",""
"33-11-85-60","Wood for charcoal production",20,"50 kg bag","","Yes",20,"50 kg bag","","Yes",50,"No",,"Massive increase","Massive increase","Increasing growth and spread of prosopis juliflora in the area.",""
"06-48-61-69","Firewood",240,"Bale / Bundle","","No",,,"",,,"No",,"The same","Slight increase","",""
"12-93-60-92","Firewood",1,"Kilograms","","No",,,"",,,"No",,"Massive decrease","Massive decrease","","prolonged drought"
"12-93-60-92","Wood for charcoal production",10,"90 kg bag","","Yes",500,"90 kg bag","","No",500,"No",,"Massive decrease","Massive decrease","","forest degradation is tremendously increasing"
"11-11-55-95","Firewood",150,"Bale / Bundle","","No",,,"",,,"No",,"The same","Slight decrease","",""
"82-15-11-19","Firewood",2,"Bale / Bundle","","No",,,"",,,"No",,"Massive decrease","Massive decrease","","competition is higher than its demand"
"95-73-95-89","Firewood",96,"Bale / Bundle","","No",,,"",,,"No",,"Slight decrease","Massive decrease","","population increase"
"02-47-29-85","Firewood",4,"Bale / Bundle","","No",,,"",,,"No",,"Massive increase","Massive increase","increase availability of prosopis",""
"91-34-05-43","Firewood",40,"Bale / Bundle","","No",,,"",,,"No",,"Slight decrease","Massive decrease","","charcoal  burning"
"29-34-28-44","Firewood",8,"Bale / Bundle","","No",,,"",,,"No",,"Massive increase","Massive increase","increase prosopis in the area",""
"54-07-56-18","Firewood",20,"Bunches","","No",,,"",,,"No",,"The same","Slight decrease","",""
"02-67-98-73","Firewood",72,"Bunches","","No",,,"",,,"No",,"Slight decrease","Massive decrease","","Deforestation"
"89-44-00-22","Firewood",96,"Bale / Bundle","","No",,,"",,,"No",,"Slight increase","Massive decrease","The flood from lake Baringo has tried alot of trees",""
"89-44-00-22","Wood for charcoal production",120,"90 kg bag","","Yes",120,"90 kg bag","","Yes",500,"No",,"Slight decrease","Massive decrease","","defforestation"
"25-47-42-18","Firewood",8,"Bale / Bundle","","No",,,"",,,"No",,"Massive increase","Massive increase","availability of prosopis",""
"92-95-45-69","Firewood",100,"Bale / Bundle","","No",,,"",,,"No",,"Slight decrease","Slight decrease","","population growth"
"25-17-75-96","Firewood",96,"Bale / Bundle","","No",,,"",,,"No",,"Slight decrease","Massive decrease","","charcoal  burning"
"25-17-75-96","Wood for charcoal production",120,"90 kg bag","","No",,,"",,,"No",,"Slight decrease","Massive decrease","","defforestation"
"08-10-28-09","Firewood",96,"Bale / Bundle","","No",,,"",,,"No",,"Slight increase","Slight increase","Increasing growth and spread of prosopis juliflora.",""
"08-10-28-09","Wood for charcoal production",50,"25kg bag","","Yes",50,"50 kg bag","","Yes",500,"No",,"Slight increase","Slight increase","increased growth and spread of prosopis.",""
"08-10-28-09","Other➡️specify",3,"90 kg bag","","Yes",3,"90 kg bag","","No",150,"No",,"Slight increase","Slight increase","Increased growth and spread of prosopis juliflora vegetation.",""
"63-11-66-98","Firewood",20,"Bale / Bundle","","No",,,"",,,"No",,"Massive increase","Massive increase","Increased growth and spread of prosopis juliflora",""
"63-11-66-98","Wood for charcoal production",120,"50 kg bag","","Yes",120,"50 kg bag","","Yes",500,"No",,"Massive increase","Massive increase","Increased growth and spread of prosopis juliflora",""
"90-89-89-25","Firewood",80,"Bunches","","Yes",30,"Bunches","","No",200,"No",,"Slight decrease","Slight decrease","","natural vegetation is being cleared"
"90-89-89-25","Wood for charcoal production",10,"90 kg bag","","Yes",9,"90 kg bag","","No",500,"No",,"Slight decrease","Massive increase","","prosobis coverage"
"90-89-89-25","Medicinal plants",10,"Numbers","","No",,,"",,,"No",,"Slight decrease","Massive decrease","","extinct of said plants"
"01-16-33-75","Firewood",120,"Bale / Bundle","","No",,,"",,,"No",,"The same","The same","",""
"01-16-33-75","Wood for charcoal production",48,"90 kg bag","","Yes",48,"90 kg bag","","Yes",400,"No",,"Slight decrease","Massive decrease","","increased charcoal production"
"37-73-98-41","Firewood",50,"Bale / Bundle","","No",,,"",,,"No",,"Slight decrease","Massive decrease","","Population increase"
"37-73-98-41","Timber or poles",30,"Numbers","","No",,,"",,,"No",,"Slight decrease","Massive decrease","","clearing of cropland and population increase"
"48-88-82-47","Firewood",8,"Bale / Bundle","","No",,,"",,,"No",,"The same","The same","",""
"44-96-14-86","Firewood",12,"Bale / Bundle","","No",,,"",,,"No",,"Massive increase","Massive increase","increase prosopis in the area",""
"47-83-83-86","Firewood",25,"Bunches","","No",,,"",,,"No",,"Slight increase","The same","trees still remains",""
"47-83-83-86","Medicinal plants",10,"Numbers","","No",,,"",,,"No",,"Slight decrease","Massive decrease","","deoletion of the plants"
"79-40-96-41","Firewood",192,"Bale / Bundle","","No",,,"",,,"No",,"Massive decrease","Massive decrease","","increasing population and deforestation"
"60-73-28-03","Firewood",40,"Bunches","","No",,,"",,,"No",,"Massive decrease","Massive decrease","","Deforestation"
"60-73-28-03","Wild fruits",200,"Tins (eg milk tins)","","No",,,"",,,"No",,"Slight decrease","Massive decrease","","Deforestation"
"79-90-62-68","Firewood",200,"Bale / Bundle","","No",,,"",,,"No",,"Slight decrease","Massive decrease","","deforestation"
"67-12-09-24","Firewood",96,"Bale / Bundle","","No",,,"",,,"No",,"Massive decrease","Massive decrease","","deforestation"
"63-23-35-27","Firewood",200,"Bale / Bundle","","No",,,"",,,"No",,"Slight increase","The same","continuous growth of prosobis",""
"04-92-66-81","Firewood",72,"Bunches","","No",,,"",,,"No",,"Slight decrease","Massive decrease","","Deforestation"
"93-87-16-02","Firewood",30,"Bunches","","No",,,"",,,"No",,"Slight decrease","Slight decrease","","large logs depletes"
"93-87-16-02","Wood for charcoal production",20,"90 kg bag","","Yes",20,"90 kg bag","","No",500,"Yes",1000,"Slight decrease","Massive decrease","","loggs depleted"
"65-31-14-31","Firewood",96,"Bale / Bundle","","No",,,"",,,"Yes",4000,"Slight decrease","Massive decrease","","charcoal  burning"
"19-27-66-46","Firewood",144,"Bale / Bundle","","No",,,"",,,"No",,"Slight decrease","Massive decrease","","charcoal burning has caused decrease in availability of firewood"
"19-27-66-46","Timber or poles",20,"Numbers","","No",,,"",,,"No",,"Slight decrease","Massive decrease","","long periods of draught and charcoal burning"
"19-27-66-46","Honey",15,"Kilograms","","Yes",15,"Kilograms","","No",500,"No",,"The same","Slight decrease","",""
"08-44-37-94","Firewood",30,"Bunches","","No",,,"",,,"No",,"Slight decrease","Massive decrease","","farms cleared"
"08-44-37-94","Wood for charcoal production",6,"90 kg bag","","Yes",6,"90 kg bag","","No",500,"No",,"The same","Slight decrease","",""
"08-44-37-94","Wild fruits",2,"Kilograms","","No",,,"",,,"No",,"Slight decrease","Slight decrease","","few trees which continues to be cleared"
"08-44-37-94","Medicinal plants",1,"Kilograms","","No",,,"",,,"No",,"Slight decrease","Massive decrease","","extinct species"
"71-04-48-02","Firewood",50,"Bunches","","Yes",10,"Bunches","","No",100,"No",,"Slight increase","Massive increase","availability of prosobis trees",""
"71-04-48-02","Wood for charcoal production",100,"90 kg bag","","Yes",90,"90 kg bag","","No",450,"No",,"Slight decrease","Slight decrease","","high extraction by the community"
"24-04-95-50","Firewood",144,"Bale / Bundle","","No",,,"",,,"No",,"Massive decrease","Massive decrease","","fencing of lands"
"24-04-95-50","Medicinal plants",6,"Bunches","","No",,,"",,,"No",,"Slight decrease","Massive decrease","","extinction of some medicinal plants"
"27-66-11-12","Firewood",100,"Bunches","","No",,,"",,,"No",,"Slight decrease","Massive decrease","","Deforestation"
"11-10-12-08","Firewood",84,"Bale / Bundle","","No",,,"",,,"No",,"Massive increase","Massive increase","Increasing growth of prosopis juliflora in the area",""
"10-98-84-98","Firewood",1,"Bale / Bundle","","No",,,"",,,"No",,"Massive decrease","Massive decrease","","human settlements, activities and charcoal burning"
"97-63-71-09","Firewood",96,"Bale / Bundle","","No",,,"",,,"No",,"Slight decrease","Slight decrease","","charcoal  burning"
"11-29-74-23","Firewood",144,"Bale / Bundle","","No",,,"",,,"No",,"Massive increase","Massive increase","Due to increased growth and spread of prosopis juliflora",""
"11-29-74-23","Wood for charcoal production",96,"50 kg bag","","Yes",96,"50 kg bag","","Yes",500,"No",,"Massive increase","Massive increase","Due to increased growth and spread of prosopis juliflora",""
"11-29-74-23","Honey",3,"Debe","","Yes",3,"Debe","","No",5000,"No",,"Slight decrease","Slight decrease","","Due to a climate change and increased charcoal production in the area"
"59-89-68-30","Firewood",100,"Bale / Bundle","","No",,,"",,,"No",,"Slight decrease","Massive decrease","","population increase"
"59-89-68-30","Wood for charcoal production",50,"Bale / Bundle","","No",,,"",,,"No",,"Slight decrease","Massive decrease","","population increase"
"59-89-68-30","Wild fruits",1,"Kilograms","","No",,,"",,,"No",,"Slight decrease","Massive decrease","","deforestation"
"59-89-68-30","Medicinal plants",1,"Kilograms","","No",,,"",,,"No",,"Slight decrease","Massive decrease","","clearing of cropland"
"59-89-68-30","Mushrooms",1,"Kilograms","","No",,,"",,,"No",,"Slight decrease","Massive decrease","","changing in climatic conditions"
"59-89-68-30","Honey",15,"Kilograms","","Yes",8,"Kilograms","","Yes",1000,"Yes",3000,"Slight decrease","Massive decrease","","deforestation due increased population"
"59-89-68-30","Small game (warthog, duiker, turtle, wild birds)",4,"Kilograms","","No",,,"",,,"No",,"Slight decrease","Massive decrease","","destruction of their natural habitats"
"22-38-73-99","Firewood",2,"Bale / Bundle","","No",,,"",,,"No",,"Massive increase","Massive decrease","the lake moves away and the prosopis trees get dry and use them to fetch firewood",""
"22-38-73-99","Wood for charcoal production",8,"90 kg bag","","Yes",8,"90 kg bag","","Yes",400,"No",,"Massive decrease","Massive decrease","","accessment of lands where we fetch wood for charcoal is not allowed."
"81-45-95-70","Firewood",120,"Bunches","","No",,,"",,,"No",,"Massive decrease","Massive decrease","","Deforestation"
"16-03-96-06","Firewood",160,"Bunches","","No",,,"",,,"No",,"Slight decrease","Massive decrease","","Deforestation"
"16-03-96-06","Wood for charcoal production",72,"100 kg bag","","Yes",64,"100 kg bag","","Yes",400,"No",,"Slight decrease","Massive decrease","","Deforestation"
"81-14-42-85","Firewood",48,"Bale / Bundle","","No",,,"",,,"No",,"Slight decrease","Massive decrease","","defforestation"
"81-14-42-85","Wood for charcoal production",90,"90 kg bag","","Yes",90,"90 kg bag","","Yes",500,"No",,"Slight decrease","Massive decrease","","defforestation"
"81-14-42-85","Honey",1,"Debe","","Yes",1,"Debe","","No",5000,"No",,"Slight decrease","Massive decrease","","charcoal burning and pesticides"
"22-88-97-60","Firewood",30,"Bale / Bundle","","No",,,"",,,"No",,"The same","The same","",""
"47-75-71-27","Firewood",10,"Bunches","","No",,,"",,,"No",,"Slight increase","Massive increase","prosobis cover increased",""
"47-75-71-27","Wood for charcoal production",2,"90 kg bag","","Yes",2,"90 kg bag","","No",450,"No",,"Slight increase","Massive increase","prosobis cover increased",""
"47-75-71-27","Timber or poles",20,"Numbers","","Yes",20,"Numbers","","No",80,"No",,"Slight increase","Massive increase","acacia and prosobis continues to grow",""
"10-39-00-99","Firewood",72,"Bunches","","No",,,"",,,"No",,"Slight decrease","Massive decrease","","Deforestation"
"96-06-62-42","Firewood",2,"Bale / Bundle","","No",,,"",,,"No",,"Massive decrease","Massive decrease","","human activities"
"11-59-44-40","Firewood",5,"Bale / Bundle","","Yes",3,"Bale / Bundle","","No",50,"No",,"Slight decrease","Massive decrease","","population growth"
"27-51-81-61","Firewood",1,"Bale / Bundle","","No",,,"",,,"No",,"Massive decrease","Massive decrease","","forest destruction"
"44-37-52-83","Firewood",1,"Bale / Bundle","","No",,,"",,,"No",,"Slight decrease","Slight decrease","","population growth"
"45-92-75-89","Firewood",48,"Bale / Bundle","","No",,,"",,,"No",,"Massive increase","Massive increase","Increasing growth and spread of prosopis juliflora",""
"85-71-09-15","Firewood",3,"Bale / Bundle","","No",,,"",,,"No",,"The same","The same","",""
"64-51-39-39","Firewood",50,"Bunches","","No",,,"",,,"No",,"The same","Slight decrease","",""
"64-51-39-39","Wood for charcoal production",20,"90 kg bag","","Yes",20,"90 kg bag","","No",600,"No",,"Slight decrease","Massive decrease","","The activity is relied upon by most community members"
"36-28-42-39","Firewood",96,"Bale / Bundle","","No",,,"",,,"No",,"Slight decrease","Massive decrease","","Population increases"
"95-09-61-15","Firewood",8,"Bunches","","No",,,"",,,"No",,"Slight increase","Slight increase","Firewood trees continues to grow",""
"95-09-61-15","Wood for charcoal production",50,"90 kg bag","","Yes",40,"90 kg bag","","No",500,"No",,"Slight increase","Slight decrease","dermacated lands",""
"86-63-74-80","Wood for charcoal production",96,"Bale / Bundle","","Yes",90,"90 kg bag","","Yes",500,"No",,"Slight decrease","Massive decrease","","defforestation"
"67-27-36-61","Firewood",144,"Bale / Bundle","","No",,,"",,,"No",,"Slight decrease","Massive decrease","","clearing of vegetation and trees for crop cultivation and human habitats"
"08-84-33-33","Firewood",1,"Bale / Bundle","","No",,,"",,,"No",,"Massive decrease","Massive decrease","","competition"
"07-50-91-84","Firewood",4,"Bale / Bundle","","Yes",2,"Bale / Bundle","","No",400,"No",,"Slight decrease","Massive decrease","","population growth"
"07-50-91-84","Wood for charcoal production",2,"Bale / Bundle","","Yes",2,"Bale / Bundle","","No",400,"No",,"Massive decrease","Massive decrease","","Reduction of availability of trees"
"87-71-97-91","Firewood",2,"Bale / Bundle","","No",,,"",,,"No",,"Slight decrease","Massive decrease","","large increase in population"
"72-05-40-32","Firewood",300,"Bale / Bundle","","No",,,"",,,"No",,"Slight decrease","Massive decrease","","population growth"
"87-43-28-28","Firewood",1,"Bale / Bundle","","No",,,"",,,"No",,"Slight decrease","Slight decrease","","competition is high"
"87-43-28-28","Wild fruits",1,"Gorogoro","","No",,,"",,,"No",,"The same","The same","",""
"02-59-28-55","Firewood",72,"Bunches","","No",,,"",,,"No",,"Slight decrease","Massive decrease","","Deforestation"
"41-71-16-88","Firewood",96,"Bunches","","No",,,"",,,"No",,"Slight decrease","Massive decrease","","Increased cutting of trees for charcoal production in the area and clearing of land for residential purposes."
"91-57-08-43","Firewood",1,"Bale / Bundle","","No",,,"",,,"No",,"Massive decrease","Massive decrease","","tree cover removal"
"63-99-85-70","Firewood",600,"Bale / Bundle","","No",,,"",,,"No",,"Slight decrease","Slight decrease","","population increase"
"63-99-85-70","Wood for charcoal production",1000,"90 kg bag","","Yes",1000,"90 kg bag","","Yes",450,"No",,"Slight decrease","Massive decrease","","increased number of people harvesting charcoal"
"65-43-78-90","Firewood",150,"Bale / Bundle","","No",,,"",,,"No",,"Slight decrease","Massive decrease","","population increase"
"65-43-78-90","Wood for charcoal production",20,"Bale / Bundle","","No",,,"",,,"No",,"Slight decrease","Massive decrease","","population increase and clearing of cropland"
"37-38-94-21","Firewood",40,"Bunches","","No",,,"",,,"No",,"Slight decrease","Massive decrease","","Deforestation"
"37-38-94-21","Wood for charcoal production",8,"100 kg bag","","Yes",8,"100 kg bag","","Yes",200,"No",,"Slight decrease","Massive decrease","","Deforestation"
"77-42-43-43","Firewood",96,"Bale / Bundle","","No",,,"",,,"No",,"Slight decrease","Massive decrease","","defforestation"
"77-42-43-43","Honey",2,"Debe","","Yes",2,"Debe","","No",6000,"Yes",300,"Slight decrease","Massive decrease","","charcoal burning"
"68-60-50-68","Firewood",1,"Bale / Bundle","","No",,,"",,,"No",,"Slight decrease","Slight decrease","","population growth"
"46-89-69-47","Firewood",96,"Numbers","","No",,,"",,,"No",,"Slight decrease","Massive decrease","","logs depletes"
"46-89-69-47","Wood for charcoal production",30,"90 kg bag","","Yes",22,"90 kg bag","","No",500,"No",,"Slight decrease","Slight decrease","","logs depletes"
"46-89-69-47","Timber or poles",50,"Numbers","","No",,,"",,,"No",,"Slight decrease","Massive decrease","","heavy exploitation"
"46-89-69-47","Wild fruits",1,"Kilograms","","No",,,"",,,"No",,"Slight decrease","Massive decrease","","indigeneous plants depletes"
"46-89-69-47","Medicinal plants",1,"Kilograms","","No",,,"",,,"No",,"Massive decrease","Massive decrease","","Indeginous plants  depletes"
"46-72-66-83","Firewood",300,"Bale / Bundle","","No",,,"",,,"No",,"Slight decrease","Massive decrease","","population increase"
"25-02-52-66","Firewood",96,"Bale / Bundle","","No",,,"",,,"No",,"Massive decrease","Massive decrease","","deforestation"
"25-02-52-66","Honey",25,"Kilograms","","Yes",25,"Kilograms","","No",560,"No",,"Massive decrease","Massive decrease","","drought"
"55-56-28-22","Firewood",300,"Gorogoro","","No",,,"",,,"No",,"Slight decrease","Massive decrease","","population increase"
"99-17-74-11","Firewood",4,"Bale / Bundle","","No",,,"",,,"No",,"Massive increase","Massive increase","increased prosopis in the area",""
"46-53-61-02","Firewood",1,"Bale / Bundle","","No",,,"",,,"No",,"Slight decrease","Slight decrease","","population growth"
"10-77-75-51","Firewood",100,"Bale / Bundle","","No",,,"",,,"No",,"Slight decrease","Massive decrease","","population increase"
"10-77-75-51","Wood for charcoal production",50,"Bale / Bundle","","No",,,"",,,"No",,"Slight decrease","Massive decrease","","population increase"
"71-70-88-23","Firewood",100,"Bale / Bundle","","No",,,"",,,"No",,"Slight decrease","Massive decrease","","population increase"
"71-70-88-23","Wood for charcoal production",50,"Bale / Bundle","","No",,,"",,,"No",,"Slight decrease","Massive decrease","","population increase"
"71-70-88-23","Honey",60,"Kilograms","","Yes",50,"Kilograms","","No",400,"No",,"The same","The same","",""
"50-33-80-84","Firewood",72,"Bale / Bundle","","No",,,"",,,"No",,"Slight decrease","Massive decrease","","There is prolonged drought experienced in the area"
"50-33-80-84","Honey",2,"Debe","","Yes",2,"Debe","","No",6000,"No",,"Slight increase","Slight decrease","The bees might be affected by the drought",""
"21-95-76-65","Firewood",1,"Bale / Bundle","","No",,,"",,,"No",,"Massive decrease","Massive decrease","","population is high and people have cut down trees indiscriminately"
"91-60-65-39","Firewood",200,"Bale / Bundle","","No",,,"",,,"No",,"Slight decrease","Massive decrease","","population increases"
"42-15-16-06","Firewood",1,"90 kg bag","","No",,,"",,,"No",,"Massive decrease","Massive decrease","","population increase"
"42-15-16-06","Wood for charcoal production",10,"90 kg bag","","No",,,"",,,"No",,"Massive decrease","Massive decrease","","deforestation"
"00-11-52-27","Firewood",1,"Bale / Bundle","","No",,,"",,,"No",,"Massive decrease","Massive decrease","","forest degradation"
"87-56-56-81","Firewood",432,"Bale / Bundle","","No",,,"",,,"No",,"Slight decrease","Massive decrease","","drought"
"81-79-89-86","Firewood",96,"Bale / Bundle","","No",,,"",,,"No",,"Slight decrease","Massive decrease","","defforestation"
"81-79-89-86","Honey",2,"Debe","","Yes",2,"Debe","","No",5000,"No",,"Slight decrease","Massive decrease","","charcoal  burning"
"10-18-23-80","Firewood",500,"Bunches","","No",,,"",,,"No",,"Slight decrease","Slight decrease","","many users"
"65-08-75-81","Firewood",500,"Bunches","","No",,,"",,,"No",,"Slight decrease","Slight decrease","","charcoal burning"
"71-59-52-11","Firewood",144,"Bale / Bundle","","No",,,"",,,"No",,"Slight decrease","Slight decrease","","charcoal burning"
"31-09-36-85","Firewood",1,"Bale / Bundle","","No",,,"",,,"No",,"Massive decrease","Massive decrease","","population growth"
"29-04-00-40","Firewood",1,"Bale / Bundle","","No",,,"",,,"No",,"Massive decrease","Massive decrease","","settlements"
"72-18-38-35","Firewood",108,"Bunches","","No",,,"",,,"No",,"Slight decrease","Massive decrease","","Deforestation"
"72-18-38-35","Wood for charcoal production",3,"100 kg bag","","No",,,"",,,"No",,"Slight decrease","Massive decrease","","Deforestation"
"83-34-07-73","Firewood",1,"Bale / Bundle","","No",,,"",,,"No",,"Massive decrease","Massive decrease","","drought"
"83-34-07-73","Wood for charcoal production",10,"90 kg bag","","Yes",5,"90 kg bag","","No",350,"No",,"Massive decrease","Massive decrease","","deforestation"
"70-36-24-93","Firewood",1,"Bale / Bundle","","No",,,"",,,"No",,"Massive decrease","Massive decrease","","destruction of the forest"
"64-46-73-61","Firewood",144,"Bale / Bundle","","No",,,"",,,"No",,"The same","The same","",""
"64-46-73-61","Timber or poles",12,"Bale / Bundle","","Yes",12,"Bale / Bundle","","No",2500,"No",,"The same","The same","",""
"13-37-47-48","Firewood",80,"Bunches","","No",,,"",,,"No",,"Slight increase","Massive increase","People are migrating",""
"13-37-47-48","Wood for charcoal production",25,"90 kg bag","","Yes",20,"90 kg bag","","No",500,"No",,"Slight decrease","Slight decrease","","longer logs readiness period"
"13-37-47-48","Wild fruits",5,"Kilograms","","No",,,"",,,"No",,"The same","Slight decrease","",""
"13-37-47-48","Medicinal plants",1,"Kilograms","","No",,,"",,,"No",,"Slight decrease","Massive decrease","","Deforestation"
"22-02-49-30","Firewood",90,"Bale / Bundle","","No",,,"",,,"No",,"Slight decrease","Massive decrease","","defforestation"
"22-02-49-30","Honey",2,"Debe","","Yes",2,"Debe","","No",4000,"No",,"Slight decrease","Massive decrease","","charcoal  burning"
"97-28-37-38","Firewood",2,"Bale / Bundle","","No",,,"",,,"No",,"Massive decrease","Massive decrease","","forest destruction and land degradation"
"97-28-37-38","Wood for charcoal production",10,"90 kg bag","","Yes",350,"90 kg bag","","No",350,"No",,"Massive decrease","Massive decrease","","tree cover is tremendously depleting"
"04-02-73-28","Firewood",150,"Bale / Bundle","","No",,,"",,,"No",,"Slight decrease","Massive decrease","","population increase"
"04-02-73-28","Wood for charcoal production",10,"Bale / Bundle","","Yes",10,"Bale / Bundle","","No",1500,"Yes",10000,"Slight decrease","Massive decrease","","massive charcoal burning activities"
"04-02-73-28","Timber or poles",30,"Numbers","","No",,,"",,,"No",,"Slight decrease","Massive decrease","","high demand for fencing poles"
"04-02-73-28","Honey",8,"Kilograms","","Yes",4,"Kilograms","","No",300,"No",,"Slight decrease","Massive decrease","","prolonged droughts in the region."
"57-09-51-71","Firewood",144,"Bale / Bundle","","No",,,"",,,"No",,"Massive decrease","Massive decrease","","deforestation"
"45-10-68-85","Firewood",96,"Bale / Bundle","","No",,,"",,,"No",,"The same","The same","",""
"72-72-49-77","Firewood",108,"Bunches","","No",,,"",,,"No",,"Slight decrease","Massive decrease","","Deforestation"
"61-58-42-30","Firewood",72,"Bunches","","No",,,"",,,"No",,"Slight decrease","Massive decrease","","Deforestation"
"46-76-02-18","Firewood",80,"Bunches","","No",,,"",,,"No",,"Slight decrease","Massive decrease","","Deforestation"
"46-76-02-18","Wood for charcoal production",2,"100 kg bag","","Yes",2,"100 kg bag","","Yes",500,"No",,"Massive decrease","Massive decrease","","Deforestation"
"32-71-82-87","Firewood",60,"Bale / Bundle","","No",,,"",,,"No",,"Massive decrease","Massive decrease","","Prolonged drought experienced in the area"
"32-71-82-87","Medicinal plants",1,"50 kg bag","","Yes",1,"50 kg bag","","No",100,"No",,"Massive decrease","Massive decrease","","Due to prolonged drought"
"32-71-82-87","Honey",2,"Debe","","Yes",2,"Tins (eg milk tins)","","No",2000,"No",,"Slight decrease","Slight decrease","","The prolonged period of drought might affects bees leading to migration."
"51-19-72-02","Firewood",150,"Bale / Bundle","","No",,,"",,,"No",,"Slight decrease","Massive decrease","","increase in population"
"51-19-72-02","Wood for charcoal production",35,"Bale / Bundle","","No",,,"",,,"No",,"Slight decrease","Massive decrease","","increase in population and charcoal activities"
"98-92-34-42","Firewood",80,"Bunches","","No",,,"",,,"No",,"Slight decrease","Slight decrease","","Deforestation"
"49-20-15-79","Firewood",60,"Bale / Bundle","","No",,,"",,,"No",,"The same","The same","",""
"19-17-82-94","Firewood",450,"Bunches","","No",,,"",,,"No",,"Slight decrease","Slight decrease","","charcoal burning"
"26-53-83-57","Firewood",1,"Bale / Bundle","","No",,,"",,,"No",,"Massive decrease","Massive decrease","","human activities"
"35-77-55-36","Firewood",100,"Bale / Bundle","","No",,,"",,,"No",,"Slight increase","Massive decrease","deforestation of the natural forest for charcoal burning.",""
"35-77-55-36","Wood for charcoal production",50,"Bale / Bundle","","No",,,"",,,"No",,"Slight decrease","Massive decrease","","increase in population and clearing of vegetation for charcoal burning."
"60-19-93-23","Firewood",12,"Bale / Bundle","","No",,,"",,,"No",,"Massive increase","Massive increase","increase prosopis in the area",""
"98-71-23-55","Firewood",1,"Bale / Bundle","","No",,,"",,,"No",,"Massive decrease","Massive decrease","","population increase"
"88-09-79-89","Firewood",120,"Bunches","","No",,,"",,,"No",,"The same","Slight decrease","",""
"17-30-57-13","Firewood",10,"Bale / Bundle","","No",,,"",,,"No",,"Massive increase","Massive increase","increase availability of prosopis",""
"17-30-57-13","Wood for charcoal production",2,"Bale / Bundle","","Yes",2,"Bale / Bundle","","No",500,"No",,"Massive increase","Massive increase","increase availability of prosopis in the area",""
"34-24-20-27","Firewood",50,"Bale / Bundle","","No",,,"",,,"No",,"Slight decrease","Slight decrease","","charcoal burning"
"13-99-53-09","Firewood",1,"Bale / Bundle","","No",,,"",,,"No",,"The same","The same","",""
"62-74-89-68","Firewood",72,"Bunches","","No",,,"",,,"No",,"Slight decrease","Massive decrease","","Deforestation"
"10-78-86-05","Firewood",96,"Bunches","","No",,,"",,,"No",,"Slight decrease","Massive decrease","","Increased charcoal production activities in the area."
"58-17-83-09","Firewood",1,"Bale / Bundle","","No",,,"",,,"No",,"Slight decrease","Massive decrease","","population growth"
"86-94-71-57","Firewood",96,"Bale / Bundle","","No",,,"",,,"No",,"Massive decrease","Massive decrease","","increasing population, deforestation"
"13-61-09-88","Firewood",96,"Bale / Bundle","","No",,,"",,,"No",,"Slight decrease","Slight decrease","","defforestation  and population  increase"
"33-63-66-86","Firewood",72,"Bunches","","No",,,"",,,"No",,"Slight decrease","Massive decrease","","Deforestation"
"33-63-66-86","Wood for charcoal production",72,"100 kg bag","","Yes",84,"100 kg bag","","Yes",400,"No",,"Slight decrease","Massive decrease","","Deforestation"
"31-45-42-89","Firewood",450,"Bunches","","No",,,"",,,"No",,"Slight decrease","Slight decrease","","many users"
"53-01-20-30","Firewood",450,"Bunches","","No",,,"",,,"No",,"Slight decrease","Slight decrease","","many users"
"13-52-61-75","Firewood",96,"Bale / Bundle","","No",,,"",,,"No",,"Slight decrease","Massive decrease","","land demarcation  and population  increase"
"64-05-06-14","Firewood",1,"Bale / Bundle","","No",,,"",,,"No",,"Massive decrease","Massive decrease","","population growth"
"78-32-01-29","Firewood",150,"Bale / Bundle","","No",,,"",,,"No",,"Slight decrease","Massive decrease","","population increase"
"33-80-34-20","Wood for charcoal production",2,"90 kg bag","","No",,,"",,,"No",,"Massive decrease","Massive decrease","","deforestation"
"10-62-40-22","Wood for charcoal production",1,"90 kg bag","","No",,,"",,,"No",,"Massive decrease","Massive decrease","","forest destruction"
"82-40-44-86","Firewood",300,"Bale / Bundle","","No",,,"",,,"No",,"Slight decrease","Slight decrease","","population increase"
"52-02-93-49","Firewood",1,"Bale / Bundle","","No",,,"",,,"No",,"Massive decrease","Massive decrease","","forest degradation"
"94-99-56-40","Firewood",1,"Bale / Bundle","","No",,,"",,,"No",,"Massive decrease","Massive decrease","","prolonged drought"
"32-71-99-16","Firewood",96,"Bale / Bundle","","No",,,"",,,"No",,"Massive decrease","Massive decrease","","deforestation, increasing population"
"91-09-88-25","Firewood",40,"Bale / Bundle","","No",,,"",,,"No",,"Slight decrease","Massive decrease","","land demarcation , increase of population  and charcoal burning"
"53-58-51-62","Firewood",2,"Bale / Bundle","","No",,,"",,,"No",,"Slight decrease","Massive decrease","","overgrowth of prosopis"
"95-92-63-73","Firewood",2,"Bale / Bundle","","No",,,"",,,"No",,"Massive decrease","Massive decrease","","population growth"
"06-17-24-58","Firewood",400,"Bunches","","No",,,"",,,"No",,"Slight decrease","Slight decrease","","charcoal burning"
"23-78-50-31","Firewood",96,"Bunches","","No",,,"",,,"No",,"Massive increase","Massive increase","Increased growth and spread of prosopis juliflora.",""
"20-84-25-59","Firewood",96,"Bunches","","No",,,"",,,"No",,"Massive decrease","Massive decrease","","Growing population in the area leading to more vegetation clearing."
"97-31-09-83","Firewood",1,"Bale / Bundle","","No",,,"",,,"No",,"Slight decrease","Massive decrease","","population growth"
"56-22-99-66","Firewood",96,"Bunches","","No",,,"",,,"No",,"Slight decrease","Massive decrease","","Increased human activities including harvesting and sale of firewood."
"56-22-99-66","Wood for charcoal production",24,"25kg bag","","Yes",24,"50 kg bag","","Yes",500,"No",,"Slight decrease","Massive decrease","","Due to increased clearing of land for residential purposes."
"05-92-75-52","Firewood",100,"Bale / Bundle","","No",,,"",,,"No",,"Slight decrease","Massive decrease","","population growth"
"56-78-97-61","Firewood",150,"Bale / Bundle","","No",,,"",,,"No",,"Slight decrease","Slight decrease","","population growth"
"89-05-59-72","Firewood",36,"Bunches","","No",,,"",,,"No",,"Slight decrease","Massive decrease","","Deforestation"
"89-05-59-72","Wood for charcoal production",20,"100 kg bag","","Yes",15,"100 kg bag","","Yes",200,"No",,"Slight decrease","Massive decrease","","Deforestation"
"50-93-16-91","Firewood",96,"Bale / Bundle","","Yes",40,"Bale / Bundle","","No",100,"No",,"Slight decrease","Massive decrease","","land dermacation hence personalized"
"50-93-16-91","Wood for charcoal production",30,"90 kg bag","","Yes",25,"90 kg bag","","No",500,"No",,"Slight decrease","Massive decrease","","trees for logs depleted"
"50-93-16-91","Honey",6,"2kg packet","","Yes",5,"2kg packet","","No",1500,"No",,"Massive decrease","Massive decrease","","flowers and rains reduced"
"89-68-31-84","Firewood",144,"Bunches","","No",,,"",,,"No",,"Massive increase","Slight increase","Due to increased growth and spread of prosopis juliflora which is cut for firewood",""
"89-68-31-84","Wood for charcoal production",60,"50 kg bag","","Yes",60,"50 kg bag","","Yes",500,"No",,"Massive increase","Massive increase","Due to increased growth and spread of prosopis juliflora",""
"37-58-34-11","Firewood",2,"Bale / Bundle","","No",,,"",,,"No",,"Massive decrease","Massive decrease","","settlements is becoming dense"
"33-93-90-01","Firewood",80,"Bale / Bundle","","No",,,"",,,"No",,"Slight decrease","Massive decrease","","Land dermarcation limits extraction"
"33-93-90-01","Wild fruits",100,"Numbers","","No",,,"",,,"No",,"Slight decrease","Massive decrease","","heavy clearance of natural vegetation"
"00-04-89-61","Firewood",2,"Bale / Bundle","","No",,,"",,,"No",,"Slight decrease","Massive decrease","","population growth"
"98-42-90-09","Firewood",300,"Bale / Bundle","","No",,,"",,,"No",,"Slight decrease","Massive decrease","","population growth"
"81-57-29-94","Firewood",40,"Bunches","","No",,,"",,,"No",,"Slight decrease","Massive decrease","","Deforestation"
"55-74-55-01","Firewood",12,"Bale / Bundle","","No",,,"",,,"No",,"The same","Slight decrease","",""
"55-74-55-01","Wood for charcoal production",40,"90 kg bag","","Yes",35,"90 kg bag","","No",550,"No",,"Slight decrease","Massive decrease","","trees cover reducing highly"
"55-74-55-01","Wild fruits",50,"Numbers","","No",,,"",,,"No",,"Slight decrease","Slight decrease","","high rate clearance of natural vegetation"
"55-74-55-01","Medicinal plants",20,"Numbers","","No",,,"",,,"No",,"Slight decrease","Massive decrease","","heavy extraction"
"35-03-81-94","Firewood",1,"Bale / Bundle","","No",,,"",,,"No",,"Massive decrease","Massive decrease","","tree depletion as a result of the climate change"
"87-29-60-32","Firewood",144,"Bale / Bundle","","No",,,"",,,"No",,"Slight decrease","Massive decrease","","increasing population, clearing trees and bushes for human habitat"
"59-04-53-64","Firewood",144,"Bale / Bundle","","No",,,"",,,"No",,"Slight decrease","Slight decrease","","Dermacated  lands"
"59-04-53-64","Medicinal plants",1,"Kilograms","","No",,,"",,,"No",,"Slight decrease","Massive decrease","","said plants depleted"
"59-04-53-64","Honey",10,"Liters","","Yes",6,"Liters","","No",700,"Yes",500,"Slight decrease","Massive decrease","","effects of drought on flowers"
"82-68-38-51","Firewood",40,"Bale / Bundle","","No",,,"",,,"No",,"Slight increase","Slight increase","schrubs grew nearer to farms",""
"64-96-99-21","Firewood",1,"Bale / Bundle","","No",,,"",,,"No",,"Massive decrease","Massive decrease","","deforestation"
"36-02-93-74","Firewood",192,"Bale / Bundle","","No",,,"",,,"Yes",1200,"Massive decrease","Massive decrease","","land demarcations,deforestation"
"56-43-23-52","Firewood",108,"Bunches","","No",,,"",,,"No",,"Slight decrease","Massive decrease","","Deforestation"
"42-33-55-75","Firewood",2,"Bale / Bundle","","No",,,"",,,"No",,"Slight decrease","Massive decrease","","population growth"
"67-03-64-23","Firewood",200,"Bale / Bundle","","No",,,"",,,"No",,"The same","The same","",""
"34-93-29-30","Firewood",1,"Bale / Bundle","","No",,,"",,,"No",,"Massive decrease","Massive decrease","","increasing population"
"74-55-51-40","Firewood",150,"Bale / Bundle","","No",,,"",,,"No",,"The same","The same","",""
"64-62-65-29","Firewood",100,"Bale / Bundle","","No",,,"",,,"No",,"Slight decrease","Massive decrease","","increase in population"
"64-62-65-29","Wood for charcoal production",20,"Bale / Bundle","","No",,,"",,,"No",,"Slight decrease","Massive decrease","","increase in population"
"30-54-31-50","Firewood",150,"Bale / Bundle","","No",,,"",,,"No",,"Slight decrease","Slight decrease","","population growth"
"42-02-08-83","Firewood",80,"Bunches","","No",,,"",,,"No",,"Slight decrease","Massive decrease","","Deforestation"
"42-02-08-83","Wood for charcoal production",24,"100 kg bag","","Yes",24,"100 kg bag","","Yes",500,"No",,"Slight decrease","Massive decrease","","Deforestation"
"37-15-67-95","Firewood",100,"Bale / Bundle","","No",,,"",,,"No",,"The same","The same","",""
"42-23-71-10","Firewood",160,"Bunches","","Yes",120,"Bunches","","No",100,"No",,"Massive decrease","Massive decrease","","Increased cutting of trees for firewood to be sold due to poverty level of the residents."
"50-11-26-74","Firewood",400,"Kilograms","","No",,,"",,,"No",,"Slight decrease","Slight decrease","","population increase"
"50-11-26-74","Honey",6,"Liters","","No",,,"",,,"No",,"The same","The same","",""
"41-04-96-60","Firewood",2,"Bale / Bundle","","No",,,"",,,"No",,"Slight decrease","Massive decrease","","population growth"
"41-04-96-60","Wood for charcoal production",4,"Bale / Bundle","","Yes",4,"90 kg bag","","No",500,"No",,"Slight decrease","Massive decrease","","population growth"
"41-04-96-60","Honey",4,"Tins (eg milk tins)","","Yes",4,"Tins (eg milk tins)","","No",1200,"No",,"Slight decrease","Massive decrease","","population"
"64-11-10-98","Firewood",1000,"Bunches","","Yes",600,"Bunches","","No",200,"No",,"Slight decrease","Slight decrease","","charcoal burning"
"57-81-30-05","Firewood",120,"Bunches","","No",,,"",,,"No",,"Slight decrease","Slight decrease","","charcoal burning"
"88-77-78-80","Firewood",200,"Bale / Bundle","","No",,,"",,,"No",,"Slight decrease","Massive decrease","","population increase"
"50-74-95-60","Firewood",100,"Bale / Bundle","","No",,,"",,,"No",,"Slight decrease","Massive decrease","","charcoal burning in the area will reduce firewood availability."
"50-74-95-60","Wood for charcoal production",12,"Bale / Bundle","","No",,,"",,,"No",,"Slight decrease","Massive decrease","","increase in population  and charcoal burning activities"
"50-74-95-60","Honey",200,"Kilograms","","Yes",200,"Kilograms","","No",340,"No",,"Slight decrease","Massive decrease","","rampant drought in the area."
"99-69-07-36","Firewood",1,"Bale / Bundle","","No",,,"",,,"No",,"Slight decrease","Massive decrease","","population growth"
"94-52-87-82","Firewood",108,"Bunches","","No",,,"",,,"No",,"Slight decrease","Massive decrease","","Deforestation"
"94-52-87-82","Wood for charcoal production",50,"100 kg bag","","Yes",40,"100 kg bag","","Yes",450,"No",,"Slight decrease","Massive decrease","","Deforestation"
"36-65-12-21","Firewood",96,"Bunches","","No",,,"",,,"No",,"Massive increase","Massive increase","Continued growth and spread of prosopis juliflora in the area.",""
"97-41-99-18","Firewood",96,"Bale / Bundle","","No",,,"",,,"No",,"Slight decrease","Massive decrease","","population increase and also charcoal burning"
"97-41-99-18","Wild fruits",50,"Kilograms","","No",,,"",,,"No",,"Slight decrease","Slight decrease","","Climate change"
"90-57-88-40","Firewood",100,"Bale / Bundle","","No",,,"",,,"No",,"The same","The same","",""
"38-86-39-27","Firewood",1,"Bale / Bundle","","No",,,"",,,"No",,"Massive decrease","Massive decrease","","indiscriminate cutting down of trees"
"03-07-08-19","Firewood",100,"Bunches","","No",,,"",,,"No",,"Slight decrease","Massive decrease","","Deforestation"
"72-39-10-40","Firewood",300,"Bale / Bundle","","No",,,"",,,"No",,"Slight decrease","Slight decrease","","population growth"
"06-58-90-91","Firewood",1,"Bale / Bundle","","No",,,"",,,"No",,"Massive decrease","Massive decrease","","drought"
"20-64-53-81","Firewood",300,"Bale / Bundle","","No",,,"",,,"Yes",10000,"Massive decrease","Massive decrease","","population increase"
"64-24-49-94","Firewood",100,"Bale / Bundle","","No",,,"",,,"No",,"The same","The same","",""
"84-08-92-59","Firewood",100,"Kilograms","","No",,,"",,,"No",,"The same","The same","",""
"80-92-01-63","Firewood",96,"Bale / Bundle","","No",,,"",,,"No",,"The same","The same","",""
"39-04-13-87","Firewood",1,"Bale / Bundle","","No",,,"",,,"No",,"Massive decrease","Massive decrease","","charcoal burning"
"39-04-13-87","Wood for charcoal production",6,"90 kg bag","","Yes",6,"90 kg bag","","No",500,"No",,"Massive decrease","Massive decrease","","deforestation"
"12-81-58-78","Firewood",300,"Bale / Bundle","","No",,,"",,,"No",,"Slight decrease","Massive decrease","","population growth"
"12-81-58-78","Timber or poles",3,"Bale / Bundle","","No",,,"",,,"Yes",200,"Massive decrease","Massive decrease","","population increase"
"07-91-23-12","Firewood",96,"Bale / Bundle","","No",,,"",,,"No",,"Massive increase","Massive increase","increase availability of prosopis",""
"46-43-23-18","Firewood",96,"Bale / Bundle","","No",,,"",,,"No",,"Slight decrease","Massive decrease","","charcoal  burning and land demarcation"
"48-70-52-60","Firewood",96,"Bale / Bundle","","No",,,"",,,"No",,"The same","Massive increase","",""
"48-70-52-60","Wood for charcoal production",80,"90 kg bag","","Yes",70,"90 kg bag","","No",500,"No",,"Slight increase","Slight decrease","More People will be doing",""
"48-70-52-60","Timber or poles",200,"Numbers","","Yes",150,"Numbers","","No",50,"No",,"Slight increase","Slight decrease","heavy exploitation",""
"48-70-52-60","Honey",12,"2kg packet","","Yes",10,"2kg packet","","No",1500,"No",,"Slight increase","Slight decrease","flowers depleted",""
"64-66-30-53","Firewood",96,"Bunches","","No",,,"",,,"No",,"Massive increase","Massive increase","Increasing growth and spread of prosopis juliflora",""
"03-69-84-05","Firewood",240,"Bale / Bundle","","Yes",144,"Bale / Bundle","","No",100,"No",,"Massive decrease","Massive decrease","","deforestation"
"55-07-48-89","Firewood",100,"Bale / Bundle","","No",,,"",,,"No",,"Slight decrease","Massive decrease","","increase in population"
"84-64-87-37","Firewood",1,"Bale / Bundle","","No",,,"",,,"No",,"Massive decrease","Massive decrease","","persistence in drought"
"01-15-12-42","Firewood",100,"Bale / Bundle","","No",,,"",,,"No",,"Slight decrease","Slight decrease","","population growth"
"01-15-12-42","Wild fruits",2,"Debe","","No",,,"",,,"No",,"Slight decrease","Slight decrease","","population growth"
"01-15-12-42","Honey",3,"Debe","","No",,,"",,,"No",,"Massive decrease","Massive decrease","","Charcoal burning"
"99-30-86-99","Firewood",300,"Bale / Bundle","","No",,,"",,,"No",,"Slight decrease","Massive decrease","","population growth"
"43-03-84-96","Firewood",96,"Bale / Bundle","","No",,,"",,,"No",,"Massive decrease","Massive decrease","","deforestation"
"16-96-89-30","Firewood",96,"Bale / Bundle","","No",,,"",,,"No",,"Slight decrease","Massive decrease","","charcoal  burning  and land clearance for farming"
"26-40-62-78","Firewood",1,"Bale / Bundle","","No",,,"",,,"No",,"Massive decrease","Massive decrease","","charcoal production"
"45-82-95-63","Firewood",96,"Bale / Bundle","","No",,,"",,,"No",,"Massive decrease","Massive decrease","","deforestation, increasing population"
"19-12-89-41","Firewood",144,"Bale / Bundle","","No",,,"",,,"No",,"Massive decrease","Massive decrease","","people are uprooting prosopis trees which we use to fetch firewood"
"86-61-90-88","Firewood",96,"Bale / Bundle","","No",,,"",,,"No",,"Massive decrease","Massive decrease","","deforestation"
"01-74-93-41","Firewood",1,"Bale / Bundle","","No",,,"",,,"No",,"Massive decrease","Massive decrease","","competition for firewood"
"38-25-54-65","Firewood",150,"Bale / Bundle","","No",,,"",,,"No",,"The same","The same","",""
"21-70-86-32","Firewood",1,"Bale / Bundle","","No",,,"",,,"No",,"Massive decrease","Massive decrease","","tree destruction as a result of charcoal burning,settlements and roads"
"21-70-86-32","Medicinal plants",20,"Liters","","Yes",20,"Liters","","No",300,"No",,"Massive decrease","Massive decrease","","its demand is high and more will be collected/harvested"
"02-81-96-02","Firewood",144,"Bale / Bundle","","No",,,"",,,"No",,"Massive increase","Massive increase","increase prosopis in the area",""
"54-34-58-95","Firewood",50,"Bale / Bundle","","No",,,"",,,"No",,"Slight decrease","Massive decrease","","population increase"
"54-34-58-95","Timber or poles",60,"Numbers","","No",,,"",,,"Yes",50,"Slight decrease","Massive decrease","","high demand for fencing poles"
"76-19-75-88","Firewood",1,"Kilograms","","No",,,"",,,"No",,"Massive decrease","Massive decrease","","population growth"
"66-74-73-77","Firewood",1,"Bale / Bundle","","No",,,"",,,"No",,"Slight decrease","Massive decrease","","population"
"08-37-41-83","Firewood",40,"Bale / Bundle","","No",,,"",,,"Yes",3000,"Massive increase","Slight decrease","prosobis cover",""
"08-37-41-83","Medicinal plants",10,"Numbers","","No",,,"",,,"No",,"Slight decrease","Massive decrease","","prosobis growth disadvantaged other plants"
"68-02-84-17","Firewood",50,"Kilograms","","No",,,"",,,"No",,"Slight decrease","Massive decrease","","clearing of bushes for crop farming."
"75-80-31-44","Firewood",96,"Bunches","","No",,,"",,,"No",,"Slight increase","Massive increase","Continued growth and spread of prosopis juliflora in the area",""
"27-87-86-78","Firewood",80,"Bale / Bundle","","Yes",70,"Bale / Bundle","","No",100,"No",,"Slight increase","The same","Prosobis Increases",""
"69-86-48-74","Firewood",120,"Bale / Bundle","","No",,,"",,,"No",,"Massive decrease","Massive decrease","","accessing lands where we can fetch firewood is possible,the owners can't allow"
"71-45-11-71","Firewood",96,"Bale / Bundle","","No",,,"",,,"No",,"Slight decrease","Massive decrease","","charcoal  burning"
"04-56-93-47","Firewood",1,"Bale / Bundle","","No",,,"",,,"No",,"Massive decrease","Massive decrease","","competition"
"48-20-93-40","Firewood",100,"Bale / Bundle","","No",,,"",,,"No",,"Slight decrease","Massive decrease","","Clearance of natural vegetation"
"48-20-93-40","Timber or poles",150,"Numbers","","Yes",100,"Numbers","","No",100,"No",,"Slight decrease","Massive decrease","","Plots and ownership changes"
"48-20-93-40","Wild fruits",50,"Numbers","","No",,,"",,,"No",,"Slight decrease","Massive decrease","","heavy extraction"
"77-28-28-65","Firewood",2,"Bale / Bundle","","No",,,"",,,"No",,"Slight decrease","Slight decrease","","population growth"
"11-74-52-10","Firewood",90,"Bale / Bundle","","No",,,"",,,"No",,"The same","The same","",""
"15-73-69-92","Firewood",1,"Bale / Bundle","","No",,,"",,,"No",,"Massive decrease","Massive decrease","","cutting down of trees is immensely high and this will lead to reduction of firewood"
"18-25-85-30","Firewood",400,"Bunches","","No",,,"",,,"No",,"Slight decrease","Slight decrease","","charcoal burning"
"97-74-49-80","Firewood",100,"Kilograms","","No",,,"",,,"No",,"The same","The same","",""
"65-28-28-23","Firewood",144,"Bale / Bundle","","No",,,"",,,"No",,"Massive decrease","Massive decrease","","deforestation"
"60-02-55-31","Firewood",15,"Bale / Bundle","","No",,,"",,,"No",,"Slight decrease","Slight decrease","","the population of people fetching firewood is increasing hence there is massive decrease"
"82-11-02-31","Firewood",200,"Bale / Bundle","","Yes",100,"Bale / Bundle","","No",100,"No",,"The same","The same","",""
"82-11-02-31","Wood for charcoal production",150,"25kg bag","","Yes",150,"Numbers","","No",300,"No",,"Slight decrease","Slight decrease","","increased charcoal production"
"82-11-02-31","Wild fruits",30,"Kilograms","","No",,,"",,,"No",,"Slight decrease","Slight decrease","","population increase"
"57-80-52-25","Firewood",96,"Bale / Bundle","","No",,,"",,,"No",,"Slight decrease","Slight decrease","","most lands converted to farm land"
"72-15-05-10","Firewood",96,"Bale / Bundle","","No",,,"",,,"No",,"Slight decrease","Massive decrease","","over use, land demarcation"
"72-15-05-10","Honey",1,"Debe","","Yes",1,"Debe","","No",5000,"No",,"Slight decrease","Massive decrease","","climate change, pesticides and charcoal  burning"
"74-51-85-05","Firewood",90,"Bale / Bundle","","No",,,"",,,"No",,"The same","The same","",""
"86-09-61-31","Firewood",150,"Bale / Bundle","","No",,,"",,,"No",,"Massive decrease","Massive decrease","","Population growth"
"93-25-93-51","Firewood",192,"Bale / Bundle","","No",,,"",,,"No",,"The same","The same","",""
"46-18-65-43","Firewood",1,"Bale / Bundle","","No",,,"",,,"No",,"Massive decrease","Massive decrease","","population growth"
"04-39-31-02","Firewood",80,"Bale / Bundle","","No",,,"",,,"No",,"Slight decrease","Massive decrease","","Farmlands increased"
"04-39-31-02","Wood for charcoal production",25,"90 kg bag","","Yes",24,"90 kg bag","","No",500,"No",,"Slight decrease","Massive decrease","","increased farmlands reduced tree cover"
"95-71-10-81","Firewood",36,"Bale / Bundle","","No",,,"",,,"No",,"Slight decrease","Massive decrease","","Farmlands expansions"
"95-71-10-81","Wood for charcoal production",12,"90 kg bag","","Yes",10,"90 kg bag","","No",500,"No",,"Slight decrease","Massive decrease","","heavy logs depleted"
"12-15-65-08","Firewood",336,"Bale / Bundle","","Yes",336,"Bale / Bundle","","No",100,"No",,"Massive decrease","Massive decrease","","population increase"
"12-15-65-08","Wild fruits",3,"Debe","","No",,,"",,,"No",,"Massive decrease","Massive decrease","","climate change"
"12-15-65-08","Honey",1,"Debe","","Yes",1,"Debe","","No",2000,"No",,"Massive decrease","Massive decrease","","charcoal burning"
"71-69-40-35","Firewood",100,"Bunches","","No",,,"",,,"No",,"Slight decrease","Slight decrease","","Deforestation"
"06-79-89-11","Firewood",1,"Bale / Bundle","","No",,,"",,,"No",,"Massive decrease","Massive decrease","","drought persistence and competition for firewood since it is the main source of energy for cooking"
"06-79-89-11","Sand, stone, mud",20,"Debe","","Yes",20,"Debe","","No",30,"No",,"Massive decrease","Massive decrease","","construction of infrastructures has led to frequent collections of the sand and stones leading to its depletion"
"21-46-83-44","Firewood",350,"Bale / Bundle","","Yes",300,"Bale / Bundle","","No",100,"No",,"Slight decrease","Slight decrease","","population increase"
"21-46-83-44","Wild fruits",5,"Debe","","No",,,"",,,"No",,"Massive decrease","Massive decrease","","population growth"
"53-46-63-99","Firewood",2,"Bale / Bundle","","No",,,"",,,"No",,"Slight decrease","Slight decrease","","population growth"
"92-47-39-90","Firewood",90,"Bale / Bundle","","No",,,"",,,"No",,"Massive decrease","Massive decrease","","Population increase"
"48-13-13-53","Firewood",108,"Bunches","","No",,,"",,,"No",,"Slight decrease","Massive decrease","","Deforestation"
"22-45-98-08","Firewood",108,"Bunches","","No",,,"",,,"No",,"Slight decrease","Massive decrease","","Deforestation"
"22-45-98-08","Sand, stone, mud",1080,"Debe","","Yes",1050,"Debe","","Yes",40,"No",,"Slight decrease","Massive decrease","","quarrying"
"05-13-82-78","Firewood",5,"Bale / Bundle","","Yes",4,"Wheelbarrow","","No",200,"No",,"Slight decrease","Massive decrease","","population growth"
"38-34-24-20","Firewood",80,"Bunches","","No",,,"",,,"No",,"The same","Massive decrease","",""
"95-32-48-88","Firewood",1,"Bale / Bundle","","No",,,"",,,"No",,"Slight decrease","Slight decrease","","population growth"
"38-26-85-56","Firewood",90,"Bunches","","No",,,"",,,"No",,"Slight decrease","Massive decrease","","Deforestation"
"14-26-58-26","Firewood",1,"Bale / Bundle","","No",,,"",,,"No",,"Massive decrease","Massive decrease","","competition for firewood"
"98-72-74-27","Firewood",72,"Bunches","","No",,,"",,,"No",,"Slight decrease","Massive decrease","","Deforestation"
"98-72-74-27","Sand, stone, mud",3000,"Debe","","Yes",2000,"Debe","","Yes",60,"No",,"The same","Massive decrease","",""
"98-72-74-27","Medicinal plants",1000,"Liters","","Yes",900,"Liters","","Yes",60,"No",,"Slight decrease","Massive decrease","","Deforestation"
"71-71-39-84","Firewood",108,"Bunches","","No",,,"",,,"No",,"The same","Slight decrease","",""
"22-94-31-61","Firewood",360,"Bale / Bundle","","Yes",350,"Bale / Bundle","","No",100,"No",,"Slight decrease","Slight decrease","","population growth"
"76-87-83-96","Firewood",300,"Bale / Bundle","","Yes",300,"Bale / Bundle","","No",100,"No",,"Massive decrease","Massive decrease","","population increase"
"76-87-83-96","Wild fruits",3,"Debe","","No",,,"",,,"No",,"Massive decrease","Massive decrease","","population increase"
"76-33-66-65","Firewood",48,"Bale / Bundle","","No",,,"",,,"No",,"Slight decrease","Massive decrease","","charcoal  burning"
"20-69-31-32","Firewood",90,"Bale / Bundle","","No",,,"",,,"No",,"Slight decrease","Massive decrease","","charcoal burning"
"20-69-31-32","Honey",2,"Debe","","Yes",2,"Debe","","No",6000,"No",,"Slight decrease","Massive decrease","","charcoal  burning"
"32-73-67-08","Firewood",144,"Bale / Bundle","","No",,,"",,,"No",,"Slight decrease","Slight decrease","","many people are fetching firewood for sale"
"52-15-60-99","Firewood",300,"Bunches","","No",,,"",,,"No",,"Slight decrease","Slight decrease","","charcoal burning"
"82-73-01-57","Firewood",96,"Bunches","","No",,,"",,,"No",,"The same","Slight decrease","",""
"82-73-01-57","Honey",2,"Debe","","Yes",2,"Debe","","No",5000,"No",,"Slight decrease","Slight decrease","","Increased charcoal production activities which are polluting the bees breeding environment chasing them away."
"89-62-46-70","Firewood",96,"Bale / Bundle","","No",,,"",,,"No",,"The same","Slight decrease","",""
"54-18-77-83","Firewood",150,"Bale / Bundle","","No",,,"",,,"No",,"The same","The same","",""
"54-86-93-60","Firewood",96,"Bale / Bundle","","No",,,"",,,"No",,"Slight decrease","Slight decrease","","deforestation, increasing population"
"33-07-96-51","Firewood",80,"Bale / Bundle","","No",,,"",,,"No",,"Slight decrease","The same","","Opening up of roads and heavy exploitation oc charcoal"
"33-07-96-51","Wood for charcoal production",40,"90 kg bag","","Yes",35,"90 kg bag","","No",500,"No",,"Slight decrease","Massive decrease","","heavy exploitation which decreases natural trees in the area"
"33-07-96-51","Medicinal plants",20,"Numbers","","No",,,"",,,"No",,"Slight decrease","Massive decrease","","the plants would become extinct"
"10-60-87-78","Firewood",144,"Bale / Bundle","","No",,,"",,,"No",,"The same","The same","",""
"60-37-22-12","Firewood",500,"Bale / Bundle","","No",,,"",,,"No",,"Slight decrease","Massive decrease","","population growth"
"65-07-81-76","Firewood",300,"Bunches","","No",,,"",,,"No",,"Slight decrease","Slight decrease","","population growth"
"94-01-94-60","Firewood",144,"Bale / Bundle","","No",,,"",,,"No",,"The same","The same","",""
"26-94-35-48","Firewood",108,"Bunches","","No",,,"",,,"No",,"Slight decrease","Massive decrease","","Deforestation"
"34-70-02-31","Firewood",100,"Bale / Bundle","","No",,,"",,,"No",,"The same","Slight decrease","",""
"34-70-02-31","Medicinal plants",500,"Grams","","No",,,"",,,"No",,"Slight increase","Massive decrease","deforestation due increase in population",""
"34-70-02-31","Small game (warthog, duiker, turtle, wild birds)",3,"Numbers","","No",,,"",,,"No",,"The same","The same","",""
"04-31-65-65","Firewood",48,"Bale / Bundle","","No",,,"",,,"No",,"The same","The same","",""
"95-85-00-75","Firewood",300,"Bunches","","Yes",100,"Bunches","","No",100,"No",,"Slight decrease","Massive decrease","","charcoal burning"
"41-04-08-56","Firewood",400,"Bunches","","No",,,"",,,"No",,"Slight decrease","Slight decrease","","charcoal burning"
"36-17-00-87","Firewood",300,"Bunches","","No",,,"",,,"No",,"The same","The same","",""
"05-33-40-10","Firewood",360,"Bale / Bundle","","No",,,"",,,"No",,"The same","The same","",""
"27-67-11-74","Firewood",120,"Bale / Bundle","","No",,,"",,,"No",,"Slight decrease","Massive decrease","","overuse of firewood charcoal burning and land demarcation"
"27-67-11-74","Wood for charcoal production",60,"90 kg bag","","Yes",50,"Bale / Bundle","","Yes",500,"No",,"Slight decrease","Massive decrease","","land demarcation  and defforestation"
"42-16-66-43","Firewood",72,"Bunches","","No",,,"",,,"No",,"The same","Massive decrease","",""
"07-13-95-29","Firewood",150,"Bale / Bundle","","No",,,"",,,"No",,"Slight decrease","Massive decrease","","clearing of cropland and increase in population"
"96-93-55-42","Firewood",96,"Bale / Bundle","","No",,,"",,,"No",,"Massive decrease","Massive decrease","","deforestation"
"35-46-21-62","Firewood",48,"Bale / Bundle","","No",,,"",,,"No",,"Slight decrease","Massive decrease","","cutting down trees for charcoal burning"
"40-51-79-00","Firewood",96,"Bale / Bundle","","No",,,"",,,"No",,"Slight decrease","Massive decrease","","land demarcation and increase in population"
"80-05-91-55","Firewood",888,"Bale / Bundle","","No",,,"",,,"No",,"Slight decrease","Slight decrease","","population growth"
"80-05-91-55","Honey",1,"Gorogoro","","No",,,"",,,"No",,"Slight decrease","Massive decrease","","charcoal burning"
"59-22-24-47","Firewood",48,"Bale / Bundle","","No",,,"",,,"No",,"Slight decrease","Slight decrease","","many people are collecting firewood for selling"
"78-46-05-26","Firewood",100,"Bale / Bundle","","No",,,"",,,"No",,"The same","The same","",""
"01-54-87-19","Firewood",40,"Bale / Bundle","","No",,,"",,,"No",,"Slight decrease","Massive decrease","","extinct og good trees for firewoods"
"01-54-87-19","Timber or poles",100,"Numbers","","Yes",50,"Numbers","","No",100,"No",,"Slight decrease","Massive decrease","","Useable trees extinct"
"01-54-87-19","Wild fruits",1,"Kilograms","","No",,,"",,,"No",,"Slight decrease","Slight decrease","","cleared natural trees"
"01-54-87-19","Honey",2,"Debe","","Yes",2,"Debe","","No",7000,"No",,"Slight decrease","Massive decrease","","flowers depleted"
"64-06-48-62","Firewood",1,"Bale / Bundle","","No",,,"",,,"No",,"The same","The same","",""
"21-65-85-03","Firewood",90,"Bale / Bundle","","No",,,"",,,"No",,"Slight decrease","Massive decrease","","charcoal burning and land demacation"
"03-81-70-83","Firewood",50,"Bale / Bundle","","No",,,"",,,"No",,"Slight decrease","Massive decrease","","increase in population"
"22-43-82-01","Firewood",108,"Bale / Bundle","","No",,,"",,,"No",,"The same","The same","",""
"22-43-82-01","Wood for charcoal production",8,"90 kg bag","","Yes",8,"90 kg bag","","Yes",500,"No",,"The same","The same","",""
"40-89-32-79","Firewood",90,"Bale / Bundle","","No",,,"",,,"No",,"Slight decrease","Massive decrease","","charcoal  burning"
"94-65-34-20","Firewood",80,"Bunches","","No",,,"",,,"No",,"Massive decrease","Massive decrease","","Deforestation"
"94-65-34-20","Wood for charcoal production",60,"100 kg bag","","Yes",58,"100 kg bag","","Yes",400,"No",,"Slight decrease","Massive decrease","","Deforestation"
"17-73-42-21","Firewood",36,"Bunches","","No",,,"",,,"No",,"Slight decrease","Massive decrease","","Deforestation"
"86-29-59-93","Firewood",1,"Bale / Bundle","","No",,,"",,,"No",,"Massive decrease","Massive decrease","","drought"
"88-87-27-22","Firewood",96,"Bale / Bundle","","No",,,"",,,"No",,"Slight decrease","Massive decrease","","land demarcation"
"17-95-26-62","Firewood",144,"Bale / Bundle","","No",,,"",,,"No",,"The same","The same","",""
"86-23-74-18","Firewood",96,"Bale / Bundle","","No",,,"",,,"No",,"Slight decrease","Massive decrease","","population increase"
"86-23-74-18","Honey",8,"Debe","","Yes",8,"Debe","","No",5000,"Yes",2400,"Slight decrease","Massive decrease","","charcoal  burning"
"69-47-17-72","Firewood",400,"Bale / Bundle","","No",,,"",,,"No",,"Slight decrease","Slight decrease","","population growth"
"77-46-09-31","Firewood",72,"Bale / Bundle","","No",,,"",,,"No",,"Massive decrease","Massive decrease","","deforestation, increasing population"
"97-62-36-16","Firewood",84,"Bale / Bundle","","No",,,"",,,"No",,"Slight decrease","Massive decrease","","dermacated lands"
"39-46-61-12","Firewood",999,"Other (please specify)","don't know","No",,,"",,,"No",,"The same","The same","",""
"51-78-77-10","Firewood",192,"Bale / Bundle","","No",,,"",,,"No",,"Massive decrease","Massive decrease","","deforestation"
"95-19-67-91","Firewood",888,"Other (please specify)","no measurement","No",,,"",,,"No",,"The same","The same","",""
"90-10-35-11","Firewood",150,"Bale / Bundle","","No",,,"",,,"No",,"Slight decrease","Massive decrease","","increase in population"
"43-53-25-48","Firewood",300,"Bale / Bundle","","No",,,"",,,"No",,"Slight decrease","Massive decrease","","charcoal burning"
"43-53-25-48","Wood for charcoal production",6,"50 kg bag","","No",,,"",,,"Yes",1800,"The same","Slight decrease","",""
"91-87-02-88","Firewood",300,"Bunches","","No",,,"",,,"No",,"Slight decrease","Slight decrease","","charcoal burning"
"54-62-08-69","Firewood",30,"Bale / Bundle","","No",,,"",,,"No",,"Slight decrease","Slight decrease","","high rate of natural trees"
"54-62-08-69","Timber or poles",200,"Numbers","","No",,,"",,,"Yes",2000,"Slight decrease","Massive decrease","","Decreased trees cover in the area"
"37-56-30-78","Firewood",200,"Bale / Bundle","","No",,,"",,,"No",,"The same","The same","",""
"08-23-42-65","Firewood",400,"Bunches","","No",,,"",,,"No",,"Slight decrease","Slight decrease","","charcoal harvesting"
"59-85-68-42","Firewood",144,"Bale / Bundle","","No",,,"",,,"No",,"Massive decrease","Massive decrease","","cutting down trees for charcoal burning, increasing population"
"84-09-48-58","Firewood",500,"Wheelbarrow","","No",,,"",,,"No",,"Slight decrease","Slight decrease","","population increase"
"75-58-20-42","Firewood",96,"Bale / Bundle","","No",,,"",,,"No",,"Slight decrease","Massive decrease","","High rate of charcoal burning"
"75-58-20-42","Wood for charcoal production",200,"90 kg bag","","Yes",190,"90 kg bag","","No",500,"No",,"Slight increase","Slight decrease","Prosobis trees increased",""
"00-68-70-04","Firewood",96,"Bunches","","No",,,"",,,"No",,"Slight decrease","Slight decrease","","There is increased clearing of vegetation for agricultural purposes."
"51-54-98-03","Firewood",48,"Bunches","","No",,,"",,,"No",,"The same","The same","",""
"90-58-96-49","Firewood",48,"Bale / Bundle","","No",,,"",,,"No",,"Massive decrease","Massive decrease","","deforestation, increasing population"
"07-07-62-62","Firewood",150,"Bale / Bundle","","No",,,"",,,"No",,"Slight decrease","Massive decrease","","deforestation due to charcoal burning and increase in population"
"07-07-62-62","Wood for charcoal production",20,"Bale / Bundle","","No",,,"",,,"No",,"Slight decrease","Massive decrease","","increase in population and deforestation due to charcoal burning."
"07-07-62-62","Honey",40,"Kilograms","","Yes",40,"Kilograms","","No",250,"No",,"Slight decrease","Massive decrease","","deforestation due to charcoal burning will have reduced forest cover for honey production."
"26-08-54-15","Firewood",100,"Bale / Bundle","","No",,,"",,,"No",,"The same","The same","",""
"98-80-86-00","Firewood",48,"Bunches","","No",,,"",,,"No",,"Slight decrease","Massive decrease","","Extended period of drought experienced in the area"
"98-80-86-00","Wood for charcoal production",96,"50 kg bag","","Yes",96,"50 kg bag","","Yes",500,"No",,"Slight decrease","Massive decrease","","Due to the prolonged drought experienced in the area."
"19-36-93-83","Firewood",1,"Bale / Bundle","","No",,,"",,,"No",,"Massive decrease","Massive decrease","","competition for firewood"
"39-74-73-78","Firewood",150,"Bale / Bundle","","No",,,"",,,"No",,"Massive decrease","Massive decrease","","population increase"
"73-63-00-42","Firewood",96,"Bale / Bundle","","Yes",60,"Bale / Bundle","","No",100,"No",,"Slight decrease","Massive decrease","","land demarcation"
"15-80-74-06","Firewood",90,"Debe","","No",,,"",,,"No",,"Slight decrease","Massive decrease","","land demarcation and charcoal  burning"
"15-80-74-06","Honey",2,"Debe","","Yes",2,"Debe","","No",5000,"No",,"Slight decrease","Massive decrease","","too much sun intensity,  lack of water  charcoal burning and pesticides"
"40-74-32-61","Firewood",200,"Bunches","","No",,,"",,,"No",,"Slight decrease","Slight decrease","","population growth"
"95-10-30-55","Firewood",150,"Bale / Bundle","","No",,,"",,,"No",,"Slight decrease","Massive decrease","","population increase and charcoal burning"
"95-10-30-55","Wood for charcoal production",50,"Bale / Bundle","","No",,,"",,,"No",,"Slight decrease","Massive decrease","","deforestation due to charcoal burning and population increase."
"95-10-30-55","Timber or poles",20,"Numbers","","No",,,"",,,"No",,"Slight decrease","Massive decrease","","population increases and increased charcoal burning activities in the area."
"93-89-51-75","Firewood",96,"Bale / Bundle","","No",,,"",,,"No",,"Slight decrease","Massive decrease","","charcoal  burning"
"93-89-51-75","Honey",2,"Debe","","Yes",2,"Debe","","No",5500,"No",,"Slight decrease","Massive decrease","","pesticides drought  and charcoal  burning"
"75-95-38-57","Firewood",72,"Bunches","","No",,,"",,,"No",,"Slight decrease","Massive decrease","","Deforestation"
"34-96-82-10","Firewood",96,"Bunches","","No",,,"",,,"No",,"Massive increase","Massive increase","Increasing growth and spread of prosopis juliflora in the area.",""
"90-41-75-26","Firewood",1,"Bale / Bundle","","No",,,"",,,"No",,"The same","The same","",""
"93-64-37-20","Firewood",96,"Bale / Bundle","","No",,,"",,,"No",,"The same","The same","",""
"91-66-07-16","Firewood",84,"Bale / Bundle","","No",,,"",,,"No",,"Slight decrease","Massive decrease","","Dermacated lands"
"91-66-07-16","Wood for charcoal production",30,"90 kg bag","","No",,,"",,,"No",,"Slight decrease","Massive decrease","","heavy logs depleted"
"91-66-07-16","Medicinal plants",5,"Numbers","","No",,,"",,,"No",,"Slight decrease","Massive decrease","","clearance of natural forests by locals"
"60-51-83-59","Firewood",300,"Bunches","","No",,,"",,,"No",,"Slight decrease","Slight decrease","","population growth"
"76-32-07-05","Firewood",96,"Bale / Bundle","","No",,,"",,,"No",,"The same","The same","",""
"16-40-92-10","Firewood",100,"Bale / Bundle","","No",,,"",,,"No",,"Slight decrease","Massive decrease","","deforestation due to charcoal burning and increase population."
"16-40-92-10","Honey",20,"Kilograms","","Yes",20,"Kilograms","","No",250,"No",,"Slight decrease","Massive decrease","","deforestation due to charcoal burning hence reducing vegetation cover for bee keeping."
"24-75-24-45","Firewood",50,"Bale / Bundle","","No",,,"",,,"No",,"Slight decrease","Massive decrease","","increase in population."
"93-05-25-38","Firewood",120,"Bale / Bundle","","No",,,"",,,"No",,"The same","The same","",""
"93-05-25-38","Wild fruits",4,"Debe","","No",,,"",,,"No",,"Slight decrease","Massive decrease","","population growth"
"59-77-15-06","Firewood",216,"Bunches","","No",,,"",,,"No",,"Slight decrease","Massive decrease","","Deforestation"
"43-11-20-48","Firewood",300,"Bale / Bundle","","No",,,"",,,"No",,"Slight decrease","Slight decrease","","population increase"
"38-02-62-89","Firewood",1,"Bale / Bundle","","No",,,"",,,"No",,"Slight decrease","Massive decrease","","population growth"
"21-01-77-10","Firewood",20,"Bale / Bundle","","No",,,"",,,"No",,"The same","Slight decrease","",""
"21-01-77-10","Wild fruits",1,"Kilograms","","No",,,"",,,"No",,"Slight decrease","Massive decrease","","Natural vegetation has been cleared"
"21-01-77-10","Medicinal plants",10,"Numbers","","No",,,"",,,"No",,"Slight decrease","Massive decrease","","medicinal plants exploited poorly"
"81-78-91-05","Firewood",120,"Bale / Bundle","","No",,,"",,,"No",,"Slight decrease","Massive decrease","","Competes with charcoal burning"
"81-78-91-05","Wood for charcoal production",40,"90 kg bag","","Yes",40,"90 kg bag","","No",600,"No",,"Slight decrease","Massive decrease","","continous exploitation of charcoal reduces logs"
"81-78-91-05","Medicinal plants",10,"Numbers","","No",,,"",,,"No",,"Massive decrease","Massive decrease","","The plants are not well protected"
"81-78-91-05","Honey",5,"2kg packet","","Yes",4,"2kg packet","","No",1000,"Yes",600,"Slight decrease","Massive decrease","","flowers becomes extinct"
"47-09-64-37","Firewood",1,"Bale / Bundle","","No",,,"",,,"No",,"Slight decrease","Massive decrease","","population growth"
"34-25-65-08","Firewood",96,"Bale / Bundle","","No",,,"",,,"No",,"Slight decrease","Massive decrease","","most farms exploited"
"34-25-65-08","Wild fruits",2,"Kilograms","","No",,,"",,,"No",,"Slight decrease","Massive decrease","","overreliance by community"
"34-25-65-08","Medicinal plants",2,"Kilograms","","No",,,"",,,"No",,"Slight decrease","Massive decrease","","Most plants were over exploitation"
"86-44-30-89","Firewood",1,"Bale / Bundle","","No",,,"",,,"No",,"Massive decrease","Massive decrease","","population growth"
"74-03-89-65","Firewood",48,"Bale / Bundle","","No",,,"",,,"No",,"Slight decrease","Massive decrease","","population  increase and land demarcation"
"56-65-93-48","Firewood",100,"Bale / Bundle","","No",,,"",,,"No",,"The same","The same","",""
"66-39-11-55","Firewood",72,"Bale / Bundle","","No",,,"",,,"No",,"Slight increase","Slight increase","prosobis cover increased",""
"66-39-11-55","Wood for charcoal production",20,"90 kg bag","","Yes",15,"90 kg bag","","No",500,"No",,"Slight increase","Slight decrease","acacia and prosobis cover increased",""
"66-39-11-55","Timber or poles",200,"Numbers","","No",,,"",,,"No",,"Slight increase","Slight decrease","Prosobis trees growth increasedb",""
"66-39-11-55","Honey",2,"2kg packet","","No",,,"",,,"Yes",500,"Slight decrease","Massive decrease","","Flowers cover depletes"
"14-03-04-43","Firewood",240,"Bale / Bundle","","Yes",192,"Bale / Bundle","","No",100,"No",,"Massive decrease","Massive decrease","","increasing population and deforestation"
"27-47-38-04","Firewood",96,"Bale / Bundle","","No",,,"",,,"No",,"Massive decrease","Massive decrease","","deforestation"
"43-92-12-14","Firewood",1,"Bale / Bundle","","No",,,"",,,"No",,"Massive decrease","Massive decrease","","population increase"
"05-86-89-30","Firewood",144,"Bale / Bundle","","Yes",20,"Bale / Bundle","","No",200,"No",,"Slight decrease","Massive decrease","","clered vegetations for residential"
"05-86-89-30","Wood for charcoal production",15,"90 kg bag","","Yes",10,"90 kg bag","","No",500,"No",,"Massive decrease","Massive decrease","","clerance for residential"
"84-33-11-24","Firewood",100,"Bale / Bundle","","No",,,"",,,"No",,"Slight decrease","Massive decrease","","Population increase"
"79-96-52-99","Firewood",200,"Bale / Bundle","","No",,,"",,,"No",,"Slight decrease","Massive decrease","","population increase"
"27-91-30-19","Firewood",96,"Bale / Bundle","","No",,,"",,,"No",,"The same","The same","",""
"49-11-32-04","Firewood",96,"Bale / Bundle","","No",,,"",,,"No",,"Massive decrease","Massive decrease","","deforestation"
"88-01-30-83","Firewood",1,"Bale / Bundle","","No",,,"",,,"No",,"Massive decrease","Massive decrease","","competition for firewood"
"53-42-52-41","Firewood",360,"Bale / Bundle","","No",,,"",,,"No",,"Massive increase","Massive increase","due to drought season,firewood is increasing because prosopis trees are increasing and also became dry",""
"18-88-95-82","Firewood",300,"90 kg bag","","Yes",30,"90 kg bag","","No",500,"No",,"Slight decrease","Massive decrease","","population increase and charcoal harvesting"
"18-88-95-82","Wood for charcoal production",100,"90 kg bag","","Yes",500,"90 kg bag","","No",500,"No",,"Massive decrease","Massive decrease","","population increase and charcoal burning"
"44-20-34-87","Firewood",100,"Bale / Bundle","","No",,,"",,,"No",,"The same","The same","",""
"10-26-36-54","Firewood",90,"Bale / Bundle","","No",,,"",,,"No",,"Slight decrease","Massive decrease","","Cleared lands for settlement"
"97-96-81-02","Firewood",1,"Bale / Bundle","","No",,,"",,,"No",,"Massive decrease","Massive decrease","","competition for firewood"
"97-96-81-02","Wood for charcoal production",5,"90 kg bag","","Yes",3,"Kilograms","","No",300,"No",,"Massive decrease","Massive decrease","","forest degradation"
"29-40-66-47","Firewood",80,"Bale / Bundle","","No",,,"",,,"No",,"Slight increase","Slight decrease","floods tried up most trees",""
"29-40-66-47","Wood for charcoal production",50,"90 kg bag","","Yes",50,"90 kg bag","","No",500,"No",,"Slight decrease","Massive decrease","","most farms cleared for farming"
"18-40-35-80","Firewood",144,"Bale / Bundle","","No",,,"",,,"No",,"Slight decrease","Slight decrease","","it decreases because people are cutting down prosopis trees"
"79-71-02-69","Firewood",200,"Bale / Bundle","","No",,,"",,,"No",,"Slight decrease","Massive decrease","","increase in population will lead to depletion of firewood."
"25-22-65-60","Firewood",1,"Bale / Bundle","","No",,,"",,,"No",,"Massive decrease","Massive decrease","","the demand of firewood is higher than its availability and this has made them to be scarce and less available"
"89-59-08-73","Firewood",1,"Bale / Bundle","","No",,,"",,,"No",,"Massive decrease","Massive decrease","","competition for firewood since this is the only source of energy for cooking"
"89-59-08-73","Medicinal plants",3,"Bale / Bundle","","Yes",2,"Bale / Bundle","","No",100,"No",,"Massive decrease","Massive decrease","","demand is high"
"91-40-38-85","Firewood",96,"Bunches","","No",,,"",,,"No",,"Massive decrease","The same","","The places that used with large quantity firewood is inaccessible due to frequent bandits attacks"
"17-33-53-75","Firewood",144,"Bale / Bundle","","No",,,"",,,"No",,"The same","Massive decrease","",""
"48-20-09-62","Firewood",144,"Bunches","","No",,,"",,,"No",,"Slight decrease","Massive decrease","","Deforestation"
"48-20-09-62","Wood for charcoal production",72,"100 kg bag","","Yes",67,"100 kg bag","","Yes",450,"No",,"Slight decrease","Massive decrease","","Deforestation"
"29-88-28-45","Firewood",144,"Bale / Bundle","","No",,,"",,,"No",,"Slight decrease","Slight decrease","","availability of trees that we use to fetch firewood have reduced due to rainy seasons"
"92-61-60-00","Firewood",1,"Bale / Bundle","","No",,,"",,,"No",,"Massive decrease","Massive decrease","","persistence in drought has made most of the trees to fall and decompose"
"98-05-61-12","Firewood",1,"Bale / Bundle","","No",,,"",,,"No",,"Massive decrease","Massive decrease","","competition for firewood"
"49-80-41-29","Firewood",160,"Bunches","","No",,,"",,,"No",,"Slight decrease","Massive decrease","","Deforestation"
"49-80-41-29","Wood for charcoal production",108,"100 kg bag","","Yes",95,"100 kg bag","","Yes",450,"No",,"Massive decrease","Massive decrease","","Deforestation"
"93-39-60-64","Firewood",96,"Bunches","","No",,,"",,,"No",,"Slight decrease","Slight decrease","","Increased charcoal production activities in the area."
"93-39-60-64","Timber or poles",20,"Other (please specify)","Pieces","No",,,"",,,"Yes",6000,"Slight decrease","Massive decrease","","Continued cutting of trees for charcoal production by the people living in the area."
"75-50-72-64","Firewood",80,"Bunches","","No",,,"",,,"No",,"Slight decrease","Massive decrease","","Deforestation"
"13-68-33-58","Firewood",1,"Bale / Bundle","","No",,,"",,,"No",,"Massive decrease","Massive decrease","","population growth"
"67-51-21-12","Firewood",48,"Bunches","","No",,,"",,,"No",,"Slight decrease","Massive decrease","","Increasing cutting of trees for agriculture and residential purposes"
"92-63-14-10","Firewood",300,"Bale / Bundle","","No",,,"",,,"No",,"Slight decrease","Massive decrease","","population growth"
"23-95-53-31","Firewood",96,"Bale / Bundle","","No",,,"",,,"No",,"Massive decrease","Massive decrease","","deforestation"
"76-83-42-25","Firewood",48,"Bunches","","No",,,"",,,"No",,"Slight decrease","Massive decrease","","The areas with large amount of firewood is inaccessible due to insecurity."
"34-04-41-33","Firewood",200,"Bale / Bundle","","No",,,"",,,"No",,"Slight decrease","Massive decrease","","population growth"
"34-04-41-33","Honey",2,"Tins (eg milk tins)","","No",,,"",,,"No",,"The same","The same","",""
"65-40-10-81","Firewood",1,"Bale / Bundle","","No",,,"",,,"No",,"Massive decrease","Massive decrease","","population growth"
"32-27-90-36","Firewood",96,"Bale / Bundle","","No",,,"",,,"No",,"Slight decrease","Massive decrease","","Residential increased, trees cover reduced"
"32-27-90-36","Wild fruits",30,"Tins (eg milk tins)","","No",,,"",,,"No",,"Slight decrease","Massive decrease","","worms infestation,  plants reduced due to clearance for settlement and farming"
"32-27-90-36","Medicinal plants",20,"Numbers","","No",,,"",,,"No",,"Slight decrease","Slight decrease","","clearance of medicinal plants"
"32-27-90-36","Honey",3,"Other (please specify)","ndoo","Yes",3,"Other (please specify)","ndoo","No",5000,"No",,"Slight decrease","Massive decrease","","persistend drought affected flowering"
"34-35-99-68","Firewood",40,"Bale / Bundle","","No",,,"",,,"No",,"Massive decrease","Massive decrease","","increasing residential"
"34-35-99-68","Wood for charcoal production",5,"90 kg bag","","Yes",3,"90 kg bag","","No",600,"No",,"Massive decrease","Massive decrease","","more developing residential areas"
"96-83-30-59","Firewood",96,"Bale / Bundle","","No",,,"",,,"No",,"The same","The same","",""
"08-93-39-25","Firewood",144,"Bale / Bundle","","No",,,"",,,"No",,"Massive decrease","Massive decrease","","cutting down trees for charcoal burning"
"70-80-52-20","Firewood",144,"Bale / Bundle","","No",,,"",,,"No",,"Massive decrease","Massive decrease","","clearing of vegetation and trees for crop cultivation"
"98-33-69-97","Firewood",108,"Bunches","","No",,,"",,,"No",,"Slight decrease","Massive decrease","","Deforestation"
"72-65-40-82","Firewood",400,"Bale / Bundle","","No",,,"",,,"No",,"Slight decrease","Massive decrease","","population increase"
"28-81-45-53","Firewood",100,"Bale / Bundle","","No",,,"",,,"No",,"Slight increase","Massive increase","people vacates area due to insecurity",""
"28-81-45-53","Wood for charcoal production",20,"90 kg bag","","Yes",15,"90 kg bag","","No",400,"No",,"Slight increase","Massive increase","Natural vegetation cover increased and insecurity chased away people",""
"28-81-45-53","Timber or poles",50,"Numbers","","No",,,"",,,"No",,"Slight decrease","Slight decrease","","increasing charcoal burning  the area"
"28-81-45-53","Honey",2,"Debe","","Yes",1,"Debe","","No",7000,"No",,"Slight decrease","Massive decrease","","increased period of lack of rain"
"06-80-46-73","Firewood",144,"Bale / Bundle","","No",,,"",,,"No",,"Slight increase","Massive increase","insecurity displaced pepple hence natural vegetation grew",""
"06-80-46-73","Wood for charcoal production",50,"90 kg bag","","Yes",50,"90 kg bag","","No",500,"No",,"Slight increase","Massive increase","people deserted the place due to insecurity",""
"06-80-46-73","Timber or poles",100,"Numbers","","No",,,"",,,"No",,"Slight increase","Massive increase","deserted area",""
"06-80-46-73","Honey",3,"2kg packet","","Yes",2,"2kg packet","","Yes",1200,"No",,"Slight decrease","Massive decrease","","flowers cover reduced"
"09-02-42-42","Firewood",86,"Bale / Bundle","","No",,,"",,,"No",,"The same","The same","",""
"16-61-64-98","Firewood",240,"Bale / Bundle","","No",,,"",,,"No",,"Massive increase","Massive increase","due to increase in prosopis",""
"29-61-04-95","Firewood",300,"Bale / Bundle","","No",,,"",,,"No",,"Slight decrease","Massive decrease","","population increase"
"39-38-75-31","Firewood",96,"Bale / Bundle","","Yes",0,,"","No",0,"No",,"Slight increase","Slight increase","increase prosopis in the area",""
"30-17-77-88","Firewood",108,"Bunches","","No",,,"",,,"No",,"Slight decrease","Massive decrease","","Deforestation"
"29-08-77-29","Firewood",48,"Bale / Bundle","","No",,,"",,,"No",,"Massive increase","Massive increase","Increased growth and spread of prosopis juliflora",""
"29-08-77-29","Wood for charcoal production",120,"50 kg bag","","Yes",120,"50 kg bag","","Yes",500,"Yes",14400,"Massive decrease","Massive increase","","increased growth and spread of prosopis juliflora"
"69-05-41-80","Firewood",300,"Bale / Bundle","","No",,,"",,,"No",,"Slight decrease","Massive decrease","","population increase"
"21-49-13-73","Firewood",72,"Bunches","","No",,,"",,,"No",,"Slight decrease","Massive decrease","","Deforestation"
"75-38-27-75","Firewood",2,"Bale / Bundle","","No",,,"",,,"No",,"Slight decrease","Massive decrease","","population growth"
"75-38-27-75","Wood for charcoal production",8,"Bale / Bundle","","Yes",8,"Bale / Bundle","","No",500,"No",,"Slight decrease","Massive decrease","","population growth"
"14-85-47-22","Firewood",96,"Bale / Bundle","","No",,,"",,,"No",,"The same","The same","",""
"53-81-07-04","Firewood",144,"Bale / Bundle","","No",,,"",,,"No",,"Massive decrease","Massive decrease","","deforestation and increasing population"
"65-80-02-03","Firewood",1,"Bale / Bundle","","No",,,"",,,"No",,"Massive decrease","Massive decrease","","charcoal burning and deforestation"
"69-30-60-03","Firewood",96,"Bale / Bundle","","No",,,"",,,"No",,"Slight decrease","Massive decrease","","land demarcation  and charcoal  burning"
"21-15-99-40","Firewood",96,"Bale / Bundle","","No",,,"",,,"No",,"The same","The same","",""
"44-56-27-24","Firewood",94,"Bale / Bundle","","No",,,"",,,"No",,"Slight decrease","Massive decrease","","land demarcation  and population  increase"
"44-56-27-24","Wood for charcoal production",120,"90 kg bag","","Yes",120,"90 kg bag","","Yes",500,"No",,"Slight decrease","Massive decrease","","defforestation  and population  increase"
"75-37-22-90","Firewood",2,"Bale / Bundle","","No",,,"",,,"No",,"Slight decrease","Massive decrease","","population growth"
"67-01-06-94","Firewood",48,"Bunches","","No",,,"",,,"No",,"Massive increase","Slight decrease","There is increase in firewood availability due to the many trees dried up by the flooded lake Baringo waters which has since subsided.",""
"67-01-06-94","Wood for charcoal production",48,"50 kg bag","","Yes",48,"50 kg bag","","Yes",500,"No",,"Massive increase","Slight decrease","There is many trees for charcoal production dried up by the rising lake water level.",""
"04-57-01-84","Firewood",1,"Bale / Bundle","","No",,,"",,,"No",,"Slight decrease","Massive decrease","","population growth"
"53-87-70-93","Firewood",1,"Bale / Bundle","","No",,,"",,,"No",,"Massive decrease","Massive decrease","","forest degradation"
"89-42-22-50","Firewood",96,"Bunches","","No",,,"",,,"No",,"Slight decrease","Slight decrease","","To decrease was caused by the flooding and increasing of lake waters that destroyed most of the vegetation and submerging others."
"41-64-40-11","Firewood",120,"Bale / Bundle","","No",,,"",,,"No",,"Slight decrease","Massive decrease","","population  increase, charcoal  burning and land demarcation"
"89-49-22-36","Firewood",96,"Bunches","","No",,,"",,,"No",,"Slight increase","Slight increase","The increasing growth and spread of prosopis juliflora in the area.",""
"20-63-38-57","Firewood",108,"Bunches","","No",,,"",,,"No",,"Slight decrease","Slight decrease","","Deforestation"
"84-72-64-66","Firewood",96,"Bale / Bundle","","No",,,"",,,"No",,"Slight increase","Slight increase","increase in prosopis species",""
"63-42-88-22","Firewood",144,"Bunches","","No",,,"",,,"No",,"Slight decrease","Massive decrease","","Increasing population and cutting and selling of firewood for livelihood."
"63-42-88-22","Honey",7,"Debe","","Yes",7,"Debe","","No",5000,"No",,"Slight decrease","Massive decrease","","Due to prolonged period of drought experienced in the area"
"22-88-22-30","Firewood",96,"Bale / Bundle","","No",,,"",,,"No",,"Slight increase","Massive decrease","increasing prosopsis trees",""
"27-50-41-80","Firewood",1,"Bale / Bundle","","No",,,"",,,"No",,"Massive decrease","Massive decrease","","competition for firewood"
"87-50-20-38","Firewood",200,"Bale / Bundle","","No",,,"",,,"No",,"Slight decrease","Massive decrease","","population increase"
"78-63-95-63","Firewood",108,"Bunches","","No",,,"",,,"No",,"Slight decrease","Massive decrease","","Deforestation"
"21-75-94-85","Firewood",46,"Bale / Bundle","","No",,,"",,,"No",,"Slight decrease","Massive decrease","","population  increase , flooding and land demarcation"
"21-75-94-85","Wood for charcoal production",120,"90 kg bag","","Yes",120,"90 kg bag","","Yes",500,"No",,"Slight decrease","Massive decrease","","defforestation  and land  demarcation"
"20-46-30-59","Firewood",96,"Bale / Bundle","","No",,,"",,,"No",,"The same","The same","",""
"12-17-56-74","Firewood",384,"Bale / Bundle","","No",,,"",,,"No",,"The same","The same","",""
"80-41-60-05","Firewood",400,"Bale / Bundle","","No",,,"",,,"No",,"Slight decrease","Massive decrease","","population increase"
"50-77-28-73","Firewood",96,"Bale / Bundle","","No",,,"",,,"No",,"Slight decrease","Massive decrease","","land demarcation  and defforestation"
"42-38-30-13","Firewood",200,"Bale / Bundle","","No",,,"",,,"No",,"Slight decrease","Massive decrease","","increase in population"
"42-38-30-13","Wood for charcoal production",24,"Bale / Bundle","","No",,,"",,,"No",,"Slight increase","Massive decrease","Invasion of prosobis in the region has increased availability of wood for charcoal.",""
"05-33-62-23","Firewood",96,"Bale / Bundle","","No",,,"",,,"No",,"Slight decrease","Massive decrease","","defforestation  and land demarcation"
"17-87-80-73","Firewood",90,"Bale / Bundle","","No",,,"",,,"No",,"The same","The same","",""
"73-58-06-14","Firewood",96,"Bale / Bundle","","No",,,"",,,"No",,"Slight decrease","Massive decrease","","land demarcation and population  increase"
"73-58-06-14","Honey",3,"Debe","","Yes",3,"Debe","","No",5000,"No",,"Slight decrease","Massive decrease","","climate change and charcoal  burning"
"22-13-82-99","Firewood",1,"Bale / Bundle","","No",,,"",,,"No",,"Massive decrease","Massive decrease","","forest degradation"
"49-72-13-69","Firewood",144,"Bale / Bundle","","No",,,"",,,"No",,"Massive decrease","Massive decrease","","deforestation"
"72-23-50-93","Firewood",2,"Bale / Bundle","","No",,,"",,,"No",,"Slight decrease","Massive decrease","","charcoal  burning  and land demarcation"
"24-20-09-18","Firewood",144,"Bale / Bundle","","No",,,"",,,"No",,"Massive decrease","Massive decrease","","human settlements  and deforestation"
"24-20-09-18","Honey",4,"Debe","","Yes",4,"Debe","","No",2000,"No",,"Massive decrease","Massive decrease","","drought"
"02-65-40-62","Firewood",72,"Bunches","","No",,,"",,,"No",,"Slight decrease","Massive decrease","","Deforestation"
"65-04-66-76","Firewood",14,"Bunches","","No",,,"",,,"No",,"Massive increase","Slight decrease","Increased cutting of prosopis juliflora for farming activities",""
"65-04-66-76","Wood for charcoal production",60,"50 kg bag","","Yes",60,"50 kg bag","","Yes",500,"No",,"Massive increase","Slight decrease","Most farms infested by prosopis juliflora are being cleared for farming activities.",""
"87-33-92-13","Firewood",108,"Bunches","","No",,,"",,,"No",,"Slight decrease","Massive decrease","","Deforestation"
"61-75-70-64","Firewood",100,"Bale / Bundle","","No",,,"",,,"No",,"Slight decrease","Massive decrease","","population increase has led to competition for the resource."
"23-31-62-51","Firewood",1,"Bale / Bundle","","No",,,"",,,"No",,"Slight decrease","Massive decrease","","population growth"
"95-05-18-77","Firewood",144,"Bale / Bundle","","No",,,"",,,"No",,"Massive decrease","Massive decrease","","deforestation"
"87-43-52-74","Firewood",96,"90 kg bag","","No",,,"",,,"No",,"The same","The same","",""
"61-21-03-67","Firewood",50,"Bale / Bundle","","No",,,"",,,"No",,"Slight decrease","Massive decrease","","massive charcoal burning activities will reduce the availability of firewood."
"61-21-03-67","Wood for charcoal production",120,"Bale / Bundle","","No",,,"",,,"No",,"Slight decrease","Massive decrease","","increased charcoal burning activities will reduce wood for charcoal production."
"72-29-78-52","Firewood",80,"Bale / Bundle","","No",,,"",,,"No",,"Slight decrease","Massive decrease","","dermacation limited land acces"
"72-29-78-52","Wild fruits",1,"2kg packet","","No",,,"",,,"No",,"Slight decrease","Massive decrease","","increased clearance of wild fruits plants"
"11-76-72-18","Firewood",300,"Bale / Bundle","","No",,,"",,,"No",,"Slight decrease","Massive decrease","","population growth"
"97-14-88-73","Firewood",96,"Bunches","","No",,,"",,,"No",,"The same","Slight decrease","",""
"68-19-50-42","Firewood",1,"Bale / Bundle","","No",,,"",,,"No",,"Massive decrease","Massive decrease","","population growth"
"95-00-37-38","Firewood",80,"Bale / Bundle","","No",,,"",,,"No",,"Slight decrease","Massive decrease","","land dermacation restricted owners land"
"95-00-37-38","Wild fruits",50,"Kilograms","","No",,,"",,,"No",,"Slight decrease","Massive decrease","","increased extraction in the area"
"94-73-96-31","Firewood",48,"Bale / Bundle","","No",,,"",,,"No",,"Slight increase","Massive increase","prosobis trees increased in the area",""
"94-73-96-31","Wood for charcoal production",4,"90 kg bag","","Yes",4,"90 kg bag","","No",500,"No",,"Massive increase","Massive increase","prosobis cover has increased in the area",""
"94-73-96-31","Timber or poles",50,"Numbers","","No",,,"",,,"No",,"Slight increase","Slight decrease","heavy charcoal burning in the area depleted strong trees.",""
"40-23-79-37","Firewood",300,"Bale / Bundle","","No",,,"",,,"No",,"Slight decrease","Massive decrease","","population growth"
"49-36-92-60","Firewood",90,"Bale / Bundle","","No",,,"",,,"No",,"The same","The same","",""
"21-46-54-95","Firewood",100,"Bale / Bundle","","No",,,"",,,"No",,"Slight decrease","Massive decrease","","population increase"
"21-46-54-95","Wood for charcoal production",5,"Bale / Bundle","","No",,,"",,,"Yes",500,"Slight decrease","Massive decrease","","population increase"
"65-71-98-91","Firewood",108,"Bunches","","No",,,"",,,"No",,"Slight decrease","Massive decrease","","Deforestation"
"58-91-32-30","Firewood",2,"Bale / Bundle","","No",,,"",,,"No",,"Slight decrease","Massive decrease","","population growth"
"18-10-16-95","Firewood",120,"Bale / Bundle","","No",,,"",,,"No",,"Slight decrease","Massive decrease","","This is because of reduced rainfall received in the area"
"20-74-87-97","Firewood",60,"Bale / Bundle","","No",,,"",,,"No",,"Slight decrease","Massive decrease","","population increase"
"42-18-27-84","Firewood",90,"Bale / Bundle","","No",,,"",,,"No",,"The same","The same","",""
"65-19-88-53","Firewood",1,"Bale / Bundle","","No",,,"",,,"No",,"The same","The same","",""
"56-92-07-98","Firewood",2,"Bale / Bundle","","No",,,"",,,"No",,"Slight decrease","Massive decrease","","population growth"
"74-74-25-12","Firewood",100,"Bale / Bundle","","No",,,"",,,"No",,"The same","The same","",""
"83-96-24-75","Firewood",108,"Bunches","","No",,,"",,,"No",,"Slight decrease","Massive decrease","","Deforestation"
"56-67-49-17","Firewood",250,"Bale / Bundle","","No",,,"",,,"No",,"Slight decrease","Massive decrease","","population increase"
"16-50-24-00","Firewood",24,"Bunches","","No",,,"",,,"No",,"Massive decrease","Massive decrease","","Increasing population and clearing of vegetation for residential homes."
"73-07-75-47","Firewood",2,"Bale / Bundle","","No",,,"",,,"No",,"Slight decrease","Massive decrease","","population growth"
"26-48-16-48","Firewood",90,"Bale / Bundle","","No",,,"",,,"No",,"The same","The same","",""
"72-76-08-58","Firewood",72,"Bunches","","No",,,"",,,"No",,"Slight decrease","Massive decrease","","Deforestation"
"51-88-01-88","Firewood",2,"Bale / Bundle","","No",,,"",,,"No",,"Slight decrease","Massive decrease","","population growth"
"94-25-97-12","Firewood",300,"Bale / Bundle","","No",,,"",,,"No",,"Slight decrease","Massive decrease","","population increase"
"06-34-31-56","Firewood",1,"Bale / Bundle","","No",,,"",,,"No",,"Slight decrease","Massive decrease","","population growth"
"85-35-12-09","Firewood",100,"Bale / Bundle","","No",,,"",,,"No",,"The same","The same","",""
