interview__key,grazing_area__1,grazing_area__2,grazing_area__3,grazing_area__4,grazing_area__5,grazing_area__96,grazing_area_oth,grazing_dist,grazing_days,grazing_hour,grazing_ownership,grazing_sharing,grazing_permit,grazing_permit_price,grazing_years,grazing_area_before__1,grazing_area_before__2,grazing_area_before__3,grazing_area_before__4,grazing_area_before__5,grazing_area_before__96,grazing_dist_before,grazing_cng_reason__1,grazing_cng_reason__2,grazing_cng_reason__3,grazing_cng_reason__4,grazing_cng_reason__5,grazing_cng_reason__6,grazing_cng_reason__7,grazing_cng_reason__8,grazing_cng_reason__9,grazing_cng_reason__10,grazing_cng_reason__11,grazing_cng_reason__96,grazing_change_reason_oth,grazing_challenges__1,grazing_challenges__2,grazing_challenges__3,grazing_challenges__4,grazing_challenges__5,grazing_challenges__6,grazing_challenges__7,grazing_challenges__8,grazing_challenges__9,grazing_challenges__10,grazing_challenges__11,grazing_challenges__96,grazing_challenge_oth
"31-67-19-52","No","Yes","No","No","No","No",,20,300,5,"Communally owned",40,"No",,10,,,,,,,,,,,,,,,,,,,,"","Yes","No","No","No","No",,"No",,"No","No","No","No",""
"85-11-91-18","Yes","No","No","No","No","No",,,,8,,,,,,,,,,,,,,,,,,,,,,,,,"","Yes","No","No","No","No","No","No",,"No","No","No","No",""
"38-04-18-34",,,,,,,,,,,,,,,,,,,,,,,,,,,,,,,,,,,"",,,,,,,,,,,,,""
"34-73-96-50","No","Yes","No","No","No","No",,30,300,5,"Communally owned",100,"No",,15,,,,,,,,,,,,,,,,,,,,"","Yes",,"No","No","No","No","No","No","No","No","No","No",""
"93-29-80-09","No","Yes","No","No","No","No",,30,480,8,"Private owned with no land title",70,"No",,5,"No","No","No","Yes","No","No",480,"No","No","No","No","Yes","No",,"No","No","No","No","No","","Yes","No","No","No",,"No","No","No","No","No","No","No",""
"63-89-80-49",,,,,,,,,,,,,,,,,,,,,,,,,,,,,,,,,,,"",,,,,,,,,,,,,""
"97-84-26-58","No","Yes","No","No","No","No",,15,360,8,"Communally owned",10,"No",,2,"No","No","Yes","No","No","No",10,"No","No","No","No","No","No","No","Yes","No","No","No","No","","Yes","No","No","No","No","No","No","No","No","No","No","No",""
"44-14-26-56","No","Yes","No","No","No","No",,10,20,8,"Communally owned",6,"No",,30,,,,,,,,,,,,,,,,,,,,"","No","No","No","No","No","No","No","No","No","No","No","Yes","wild animals attack and Diseases attack"
"01-78-65-09","No","Yes","No","No","No","No",,5,540,10,"Communally owned",50,"No",,14,,,,,,,,,,,,,,,,,,,,"","No","Yes","No","No","No","No","No","No","No","No","No",,"invasion of cactus"
"77-02-48-37","No","No","Yes","No","No","No",,120,240,4,"Private owned with land title",60,"No",,6,"No","No","Yes","No","No","No",120,"No","No","No","No","No","No","No","No","No","No","Yes","No","","Yes","No",,"No","No",,"No","No","No","No","No","No",""
"46-96-59-64","No","No","Yes","No","No","No",,120,360,6,"Communally owned",20,"No",,11,,,,,,,,,,,,,,,,,,,,"","Yes","No",,"No","No","No","No","No","No","No","No","No",""
"01-51-99-07","No","Yes","No","No","No","No",,10,10,9,"Communally owned",20,"No",,25,,,,,,,,,,,,,,,,,,,,"","Yes","No",,"No","No","No","No",,"No","No","No","No",""
"39-75-97-43",,,,,,,,,,,,,,,,,,,,,,,,,,,,,,,,,,,"",,,,,,,,,,,,,""
"11-52-82-38","Yes","No","No","No","No","No",,,,8,,,,,,,,,,,,,,,,,,,,,,,,,"","Yes","No","No","No","No","No","No",,"No","No","No","No",""
"19-06-13-08",,,,,,,,,,,,,,,,,,,,,,,,,,,,,,,,,,,"",,,,,,,,,,,,,""
"74-04-26-51",,,,,,,,,,,,,,,,,,,,,,,,,,,,,,,,,,,"",,,,,,,,,,,,,""
"37-83-74-10","No","No","Yes","No","No","No",,60,480,8,"Communally owned",30,"No",,4,"No","No","No","No","No","Yes",60,"No","No","No","No","No","No","No","No","No","No","No","Yes","have not changed the grazing land","Yes",,"No","No","No","No","No","No","No","No","No","No",""
"39-40-38-02","No","Yes","No","No","No","No",,60,120,7,"Communally owned",10,"No",,3,"Yes","No","No","No","No","No",,"Yes",,"No","No","No","No","No","No","No","No","No","No","","Yes",,"No","No","No","No","No","No","No","No","No",,"attacks from wildlife animals"
"14-71-87-39",,,,,,,,,,,,,,,,,,,,,,,,,,,,,,,,,,,"",,,,,,,,,,,,,""
"86-00-55-84",,,,,,,,,,,,,,,,,,,,,,,,,,,,,,,,,,,"",,,,,,,,,,,,,""
"76-73-19-09",,,,,,,,,,,,,,,,,,,,,,,,,,,,,,,,,,,"",,,,,,,,,,,,,""
"17-23-66-97","Yes","Yes","No","No","No","No",,,,9,,,,,,,,,,,,,,,,,,,,,,,,,"","Yes","No","No","No",,"No","No","No","No","No","No","No",""
"71-45-81-79",,,,,,,,,,,,,,,,,,,,,,,,,,,,,,,,,,,"",,,,,,,,,,,,,""
"53-00-83-03","No","No","Yes","No","No","No",,30,480,8,"Communally owned",100,"No",,50,,,,,,,,,,,,,,,,,,,,"","No","No","No","No","No","No","No","No","No","No","No","Yes","attacks by wild animals."
"70-80-16-39","No","Yes","No","No","No","No",,30,480,8,"Communally owned",100,"No",,8,"No","Yes","No","No","No","No",30,"Yes","No","No","No","No","No","No","No","No","No","No","No","","Yes","No",,"No","No","No","No","No","No","No","No","No",""
"11-00-74-85","Yes","No","No","No","No","No",,,,8,,,,,,,,,,,,,,,,,,,,,,,,,"",,"Yes",,"No","No","No","No","No","No","No","No","No",""
"16-44-32-23","No","Yes","No","No","No","No",,120,420,7,"Communally owned",20,"No",,13,,,,,,,,,,,,,,,,,,,,"","Yes",,"No","No","No","No","No","No","No","No","No","No",""
"49-09-04-04","Yes","Yes","No","No","No","No",,,,2,,,,,,,,,,,,,,,,,,,,,,,,,"","Yes",,,"No","No","No","No","No","No","No","No","No",""
"33-01-13-01","No","Yes","No","No","No","No",,60,120,8,"Communally owned",30,"No",,15,,,,,,,,,,,,,,,,,,,,"",,,"No","No","No","Yes","No","No","No","No","No","No",""
"79-39-40-36",,,,,,,,,,,,,,,,,,,,,,,,,,,,,,,,,,,"",,,,,,,,,,,,,""
"65-53-51-27","No","Yes","Yes","No","No","No",,60,560,8,"Communally owned",10,"No",,11,,,,,,,,,,,,,,,,,,,,"","Yes","No","No","No","No","No","No","No","No","No","No",,"agricultural activities"
"64-11-62-56","Yes","Yes","No","No","No","No",,,,4,,,,,,,,,,,,,,,,,,,,,,,,,"","Yes",,"No","No","No","No","No",,"No","No","No","No",""
"79-53-04-50",,,,,,,,,,,,,,,,,,,,,,,,,,,,,,,,,,,"",,,,,,,,,,,,,""
"14-13-86-20","Yes","Yes","No","No","No","No",,,,8,,,,,,,,,,,,,,,,,,,,,,,,,"","Yes",,,"No","No","No","No","No","No","No","No","No",""
"19-99-67-92",,,,,,,,,,,,,,,,,,,,,,,,,,,,,,,,,,,"",,,,,,,,,,,,,""
"65-80-65-49","No","Yes","Yes","No","No","No",,60,240,4,"Communally owned",50,"No",,13,,,,,,,,,,,,,,,,,,,,"","Yes",,"No","No","No","No","No","No","No","No","No",,"Attack by wild animals (crocodiles)"
"08-76-57-31","No","Yes","No","No","No","No",,60,560,8,"Communally owned",80,"No",,3,"No","Yes","No","No","No","No",60,"No","No","No","No","No","No","No","No","No","No","Yes","No","","No","Yes","No","No","No","No","No","No","No","No","No",,"Ticks"
"02-57-88-54","No","Yes","Yes","No","No","No",,80,240,4,"Private owned with no land title",8,"No",,5,"No","Yes","No","No","No","No",180,"Yes",,"No","No","No","No",,"No","No","No","No","No","","No","No","Yes","No","No","No","No",,"No","No","No","No",""
"36-87-83-91","No","Yes","Yes","No","No","No",,60,540,9,"Communally owned",100,"No",,20,,,,,,,,,,,,,,,,,,,,"","No","No","No","No","No","No","No","No","No","No","Yes","No",""
"99-46-97-26","No","Yes","No","No","No","No",,5,380,6,"Communally owned",20,"No",,5,"No","No","Yes","No","No","No",30,"Yes","No","No","No",,"No","No","No","No","No","No","No","","Yes",,"No","No","No",,"No","No","No","No","No","No",""
"76-21-46-00","No","Yes","No","No","No","No",,20,460,7,"Communally owned",50,"No",,3,"Yes","No","No","No","No","No",,"Yes","No","No","No","No","No","No","No","No","No","No","No","","Yes",,"No","No","No",,"No","No","No","No","No","No",""
"63-02-11-31",,,,,,,,,,,,,,,,,,,,,,,,,,,,,,,,,,,"",,,,,,,,,,,,,""
"45-95-07-81","No","No","Yes","No","No","No",,180,180,6,"Communally owned",50,"No",,10,,,,,,,,,,,,,,,,,,,,"","Yes","No",,"No","No","No","No",,"No","No","No","No",""
"15-84-79-29","Yes","No","No","No","No","No",,,,9,,,,,,,,,,,,,,,,,,,,,,,,,"","Yes","No","No","No","No","No","No","No","No","No","No","No",""
"52-10-39-37","No","Yes","No","No","No","No",,20,540,9,"Communally owned",19,"No",,20,,,,,,,,,,,,,,,,,,,,"","Yes","No","No","No","No","No","No",,"No","No","No",,"invasion of cactus"
"57-47-06-86",,,,,,,,,,,,,,,,,,,,,,,,,,,,,,,,,,,"",,,,,,,,,,,,,""
"70-03-65-67","No","Yes","No","No","No","No",,20,240,4,"Communally owned",70,"No",,20,,,,,,,,,,,,,,,,,,,,"","Yes",,,"No","No","No","No","No","No","No","No","No",""
"48-58-26-00","No","Yes","No","No","No","No",,120,300,5,"Communally owned",52,"No",,30,,,,,,,,,,,,,,,,,,,,"","Yes","No","No","No","No","No","No","No","No","No","No","No",""
"48-53-15-07","No","Yes","No","No","No","No",,6,540,9,"Communally owned",100,"No",,6,"No","Yes","No","No","No","No",10,"No","No","No","No","No","No","No","Yes","No","No","No","No","","Yes","No",,"No","No",,"No","No","No","No","No","No",""
"44-97-24-07","No","No","Yes","No","No","No",,120,480,7,"Private owned with land title",100,"No",,18,,,,,,,,,,,,,,,,,,,,"","No",,"No","No","No","No","No","Yes",,"No","No","No",""
"63-58-57-56","No","Yes","No","No","No","No",,20,240,4,"Communally owned",100,"No",,40,,,,,,,,,,,,,,,,,,,,"","Yes","No",,"No","No","No","No",,"No","No","No","No",""
"50-43-62-27",,,,,,,,,,,,,,,,,,,,,,,,,,,,,,,,,,,"",,,,,,,,,,,,,""
"80-45-95-05","No","Yes","No","No","No","No",,5,500,9,"Communally owned",30,"No",,10,,,,,,,,,,,,,,,,,,,,"","No","No","No","Yes","No",,,"No","No","No","No","No",""
"63-29-07-40","No","Yes","No","No","No","No",,20,420,8,"Communally owned",-888,"No",,10,,,,,,,,,,,,,,,,,,,,"","Yes",,"No","No","No",,"No","No","No","No","No","No",""
"54-48-29-18","No","No","Yes","No","No","No",,180,480,8,"Communally owned",70,"No",,10,,,,,,,,,,,,,,,,,,,,"","Yes","No",,"No","No","No","No","No","No","No","No","No",""
"50-16-00-20","No","Yes","No","No","No","No",,20,240,4,"Communally owned",20,"No",,10,,,,,,,,,,,,,,,,,,,,"",,"No","No","Yes","No","No",,"No","No","No","No","No",""
"45-36-57-50","No","No","Yes","No","No","No",,60,420,7,"Communally owned",20,"No",,8,"No","Yes","No","No","No","No",20,"Yes","No",,"No",,"No","No","No","No","No","No","No","","Yes","No","No","No",,"No",,"No","No","No","No","No",""
"49-75-44-53","No","Yes","No","No","No","No",,30,300,5,"Communally owned",10,"No",,5,"No","Yes","No","No","No","No",60,"Yes","No",,"No","No","No",,"No","No","No","No","No","","Yes","No","No","No",,"No",,"No","No","No","No","No",""
"35-67-10-08",,,,,,,,,,,,,,,,,,,,,,,,,,,,,,,,,,,"",,,,,,,,,,,,,""
"12-79-91-83",,,,,,,,,,,,,,,,,,,,,,,,,,,,,,,,,,,"",,,,,,,,,,,,,""
"19-90-00-01","No","Yes","No","No","No","No",,60,480,8,"Communally owned",30,"No",,2,"No","Yes","Yes","No","No","No",180,"Yes","No",,"No","No","No",,"No","No","No","No","No","","Yes","No","No","No",,"No",,"No","No","No","No","No",""
"29-86-40-08","No","Yes","No","No","No","No",,5,540,9,"Communally owned",40,"No",,8,"No","Yes","No","No","No","No",15,"No","No","No","Yes","No","No",,"No","No","No","No","No","","Yes","No","No","No","No","No","No","No","No","No","No","No",""
"10-69-61-22","No","Yes","No","No","No","No",,120,960,8,"Communally owned",10,"No",,8,"No","Yes","No","No","No","No",120,"No","No","No","No","No","No","No","No","No","No","Yes","No","","Yes","No","No","No","No","No","No",,,"No","No","No",""
"73-57-30-20","No","Yes","No","No","No","No",,30,360,6,"Communally owned",12,"No",,2,"No","No","Yes","No","No","No",60,"Yes","No","No","No",,"No",,"No","No","No","No","No","","Yes","No",,"No","No","No","No","No","No","No","No","No",""
"98-91-04-48","No","No","Yes","No","No","No",,60,480,4,"Communally owned",30,"No",,1,"No","Yes","No","No","No","No",20,"Yes",,"No","No","No","No","No","No","No","No","No","No","","No","No","Yes","No","No","No","No","No",,"No","No","No",""
"74-01-41-82","No","Yes","No","No","No","No",,40,420,6,"Communally owned",15,"No",,4,"No","No","Yes","No","No","No",60,"Yes","No","No",,"No","No","No",,"No","No","No","No","","Yes","No","No",,"No","No","No",,"No","No","No","No",""
"30-00-59-90","No","Yes","No","No","No","No",,60,480,8,"Communally owned",14,"No",,3,"No","Yes","No","No","No","No",100,"Yes","No","No","No","No","No","No",,"No","No","No","No","","Yes","No","No",,"No","No","No",,"No","No","No","No",""
"66-77-39-39",,,,,,,,,,,,,,,,,,,,,,,,,,,,,,,,,,,"",,,,,,,,,,,,,""
"35-78-11-70",,,,,,,,,,,,,,,,,,,,,,,,,,,,,,,,,,,"",,,,,,,,,,,,,""
"75-25-98-04","Yes","No","No","No","No","No",,,,8,,,,,,,,,,,,,,,,,,,,,,,,,"","No","No","No","No","No","No","No","No","No","No","Yes","No",""
"09-00-12-98","Yes","No","No","No","No","No",,,,7,,,,,,,,,,,,,,,,,,,,,,,,,"","Yes",,"No","No","No","No","No",,"No","No","No","No",""
"13-38-59-03",,,,,,,,,,,,,,,,,,,,,,,,,,,,,,,,,,,"",,,,,,,,,,,,,""
"26-77-14-31",,,,,,,,,,,,,,,,,,,,,,,,,,,,,,,,,,,"",,,,,,,,,,,,,""
"04-52-21-75","No","Yes","No","Yes","No","No",,10,10,4,"Communally owned",20,"No",,8,"No","Yes","Yes","Yes","No","No",60,"Yes","No","No","No",,"No","No",,"No","No","No","No","",,"No","No","No","No","No","No","Yes","No","No","No",,"unfenced people lands"
"49-10-89-14","Yes","Yes","No","No","No","No",,,,8,,,,,,,,,,,,,,,,,,,,,,,,,"","Yes",,"No","No","No","No","No",,"No","No","No","No",""
"15-13-85-83","No","No","Yes","No","No","No",,20,40,8,"Communally owned",40,"No",,4,"No","Yes","No","No","No","No",10,,"Yes",,"No","No","No","No","No","No","No","No","No","","Yes","No","No","No","No",,"No","No","No","No","No","No",""
"81-99-34-25","No","Yes","No","No","No","No",,10,180,3,"Co-share/ co-farming",3,"No",,20,,,,,,,,,,,,,,,,,,,,"",,"Yes","No","No","No","No","No","No","No","No","No","No",""
"96-35-08-20","Yes","No","No","No","No","No",,,,8,,,,,,,,,,,,,,,,,,,,,,,,,"","Yes",,"No","No","No","No","No","No","No","No","No","No",""
"78-02-12-77","Yes","Yes","No","No","No","No",,,,8,,,,,,,,,,,,,,,,,,,,,,,,,"","Yes",,"No","No","No","No","No","No","No","No","No","No",""
"66-37-18-93","Yes","Yes","No","No","No","No",,,,8,,,,,,,,,,,,,,,,,,,,,,,,,"","Yes",,"No","No","No","No","No",,"No","No","No","No",""
"77-89-79-33","Yes","No","No","No","No","No",,,,10,,,,,,,,,,,,,,,,,,,,,,,,,"","Yes",,,"No","No","No","No","No","No","No","No","No",""
"09-97-47-73","No","Yes","No","No","No","No",,20,580,9,"Communally owned",30,"No",,3,"No","Yes","No","No","No","No",20,"No","No","No","No","No","No","No","No","No","No","Yes","No","","Yes",,,"No","No","No","No","No","No","No","No","No",""
"62-45-31-86","No","Yes","No","No","No","No",,30,600,10,"Communally owned",30,"No",,20,,,,,,,,,,,,,,,,,,,,"","Yes",,,"No","No","No","No","No","No","No","No","No",""
"96-13-78-99","No","Yes","No","No","No","No",,30,300,5,"Communally owned",100,"No",,20,,,,,,,,,,,,,,,,,,,,"","Yes","No",,"No","No","No","No",,"No","No","No","No",""
"25-35-15-07","No","Yes","No","No","No","No",,20,240,4,"Communally owned",42,"No",,30,,,,,,,,,,,,,,,,,,,,"","Yes","No","No","No","No","No","No",,"No","No","No","No",""
"10-80-25-79","No","Yes","No","No","No","No",,30,300,5,"Communally owned",30,"No",,20,,,,,,,,,,,,,,,,,,,,"","Yes","No",,"No","No","No","No",,"No","No","No","No",""
"46-89-14-96","No","Yes","No","No","No","No",,5,480,8,"Communally owned",20,"No",,20,,,,,,,,,,,,,,,,,,,,"","Yes","No",,"No","No","No","No",,"No","No","No","No",""
"80-24-04-77","No","Yes","No","No","No","No",,30,240,4,"Communally owned",45,"No",,15,,,,,,,,,,,,,,,,,,,,"","Yes",,"No","No","No","No","No",,"No","No","No","No",""
"26-82-89-21","No","No","Yes","No","No","No",,180,480,8,"Communally owned",100,"No",,20,,,,,,,,,,,,,,,,,,,,"","Yes","No",,"No","No","No","No","No",,"No","No","No",""
"22-43-50-27","No","Yes","No","No","No","No",,3,500,8,"Communally owned",25,"No",,20,,,,,,,,,,,,,,,,,,,,"","Yes","No",,"No","No","No","No",,"No","No","No","No",""
"41-41-55-55","No","Yes","No","No","No","No",,10,500,9,"Communally owned",20,"No",,20,,,,,,,,,,,,,,,,,,,,"",,"No","Yes","No","No","No","No",,"No","No","No","No",""
"26-69-32-41","No","Yes","No","No","No","No",,30,420,7,"Communally owned",20,"No",,15,,,,,,,,,,,,,,,,,,,,"","No","No","No","No","No","No","No","Yes","No","No","No","No",""
"68-81-12-32","No","Yes","No","No","No","No",,15,450,7,"Communally owned",15,"No",,9,"No","Yes","No","No","No","No",120,"No","No","No","No","No","No","No","Yes",,"No","No","No","","No","No","No","No","No","No","No","Yes","No","No","No","No",""
"46-49-14-82","No","Yes","No","No","No","No",,80,520,7,"Communally owned",20,"No",,10,,,,,,,,,,,,,,,,,,,,"",,"No",,"No","No","No","No","Yes","No","No","No","No",""
"92-16-89-27",,,,,,,,,,,,,,,,,,,,,,,,,,,,,,,,,,,"",,,,,,,,,,,,,""
"01-28-41-84",,,,,,,,,,,,,,,,,,,,,,,,,,,,,,,,,,,"",,,,,,,,,,,,,""
"23-46-40-42","No","Yes","No","No","No","No",,30,480,8,"Communally owned",30,"No",,3,"No","No","Yes","No","No","No",20,"No","No","No","No","No","No","No","No","No","No","No","Yes","due to migration","Yes",,,"No","No","No","No","No","No","No","No","No",""
"93-71-36-41",,,,,,,,,,,,,,,,,,,,,,,,,,,,,,,,,,,"",,,,,,,,,,,,,""
"07-56-93-09","No","Yes","No","No","No","No",,30,660,11,"Communally owned",30,"No",,20,,,,,,,,,,,,,,,,,,,,"","Yes",,,"No","No","No","No","No","No","No","No","No",""
"40-07-12-46","No","Yes","No","No","No","No",,15,30,9,"Communally owned",20,"No",,3,"No","No","Yes","No","No","No",300,"No","No","No","No","No","No","No","No","No","No","No","Yes","Displaced by water from lake","No","No",,"No","No","No","No","Yes","No","No","No","No",""
"68-88-48-96","No","Yes","No","No","No","No",,60,480,8,"Communally owned",6,"No",,1,"No","Yes","No","No","No","No",1,"Yes",,"No","No","No","No","No","No","No","No","No","No","",,"Yes","No","No","No","No","No","No","No","No","No",,"More agricultural activities"
"86-70-18-69","Yes","No","No","No","No","No",,,,4,,,,,,,,,,,,,,,,,,,,,,,,,"","Yes","No","No","No","No","No","No","No","No","No","No","No",""
"82-09-53-31","No","Yes","No","No","No","No",,30,420,7,"Communally owned",30,"No",,20,,,,,,,,,,,,,,,,,,,,"","Yes","No",,"No","No","No","No","No","No","No","No","No",""
"10-84-11-85","No","Yes","No","No","No","No",,38,240,4,"Communally owned",70,"No",,25,,,,,,,,,,,,,,,,,,,,"","Yes","No","No","No","No","No","No",,"No","No","No","No",""
"93-36-47-93","No","Yes","No","No","No","No",,25,640,8,"Communally owned",70,"No",,30,,,,,,,,,,,,,,,,,,,,"","Yes","No","No","No","No","No","No",,"No","No","No","No",""
"40-02-31-47","No","Yes","No","No","No","No",,30,660,11,"Communally owned",20,"No",,22,,,,,,,,,,,,,,,,,,,,"","Yes",,,"No","No","No","No","No","No","No","No","No",""
"35-25-14-79","No","Yes","No","No","No","No",,20,480,8,"Communally owned",15,"No",,6,"No","No","Yes","No","No","No",120,"Yes","No",,"No","No","No","No",,"No","No","No","No","","Yes","No",,"No","No","No","No","No","No","No","No","No",""
"96-32-88-00","Yes","Yes","No","No","No","No",,,,8,,,,,,,,,,,,,,,,,,,,,,,,,"","Yes","No",,"No","No","No","No",,"No","No","No","No",""
"30-07-79-13","No","Yes","No","No","No","No",,25,480,8,"Communally owned",30,"No",,10,,,,,,,,,,,,,,,,,,,,"","Yes","No","No","No","No","No","No",,"No","No","No","No",""
"05-61-96-62","No","Yes","No","No","No","No",,30,60,8,"Private owned with no land title",30,"No",,2,"Yes","No","No","No","No","No",,"Yes","No","No","No","No","No","No",,"No","No","No","No","","Yes",,"No","No","No","No","No","No","No","No","No","No",""
"37-32-16-74","No","Yes","No","No","No","No",,60,680,9,"Communally owned",10,"No",,18,,,,,,,,,,,,,,,,,,,,"",,"No","Yes","No","No","No","No",,"No","No","No","No",""
"06-96-64-70",,,,,,,,,,,,,,,,,,,,,,,,,,,,,,,,,,,"",,,,,,,,,,,,,""
"74-21-41-84","No","Yes","No","No","No","No",,60,680,9,"Communally owned",10,"No",,12,,,,,,,,,,,,,,,,,,,,"",,,"Yes","No","No","No","No","No","No","No","No","No",""
"82-96-41-85","No","Yes","No","No","No","No",,30,60,6,"Private owned with no land title",30,"No",,4,"Yes","No","No","No","No","No",,"Yes",,"No","No",,"No","No","No","No","No","No","No","","No",,"No",,"No","No","No","Yes","No","No","No","No",""
"58-44-33-27","No","No","Yes","No","No","No",,120,480,4,"Communally owned",100,"No",,1,"No","No","Yes","No","No","No",30,"Yes",,"No","No","No","No","No",,"No","No","No","No","","Yes",,,"No","No","No","No","No","No","No","No","No",""
"88-25-56-87",,,,,,,,,,,,,,,,,,,,,,,,,,,,,,,,,,,"",,,,,,,,,,,,,""
"86-98-25-96","No","Yes","No","No","No","No",,30,60,8,"Private owned with no land title",80,"No",,5,"Yes","No","No","No","No","No",,"Yes","No","No",,"No","No","No",,"No","No","No","No","",,,"No","No","No","No","No","No","Yes","No","No","No",""
"09-54-26-75","No","Yes","No","No","No","No",,10,420,7,"Communally owned",15,"No",,7,"No","Yes","Yes","No","No","No",120,"Yes","No",,"No","No","No","No","No","No","No","No","No","","Yes","No",,"No","No","No","No","No","No","No","No","No",""
"41-61-78-73","No","Yes","No","No","No","No",,30,480,8,"Communally owned",40,"No",,10,,,,,,,,,,,,,,,,,,,,"","Yes","No","No","No","No","No","No",,"No","No","No","No",""
"90-86-53-30","No","Yes","No","No","No","No",,30,480,8,"Communally owned",20,"No",,10,,,,,,,,,,,,,,,,,,,,"","Yes","No",,"No","No","No","No","No","No","No","No","No",""
"16-75-57-30","No","Yes","No","No","No","No",,20,480,8,"Communally owned",15,"No",,10,,,,,,,,,,,,,,,,,,,,"","Yes","No",,"No","No","No","No","No","No","No","No","No",""
"60-19-22-98",,,,,,,,,,,,,,,,,,,,,,,,,,,,,,,,,,,"",,,,,,,,,,,,,""
"97-29-58-98","No","No","Yes","No","No","No",,30,300,4,"Communally owned",50,"No",,2,"No","No","Yes","No","No","No",60,"Yes",,"No","No","No","No","No",,"No","No","No","No","","No","No","Yes","No","No","No","No","No","No","No","No","No",""
"51-48-94-50","No","Yes","No","No","No","No",,30,60,7,"Communally owned",3,"No",,12,,,,,,,,,,,,,,,,,,,,"","Yes","No","No","No","No","No","No","No","No","No","No","No",""
"97-20-59-08","No","Yes","No","No","No","No",,30,60,8,"Communally owned",100,"No",,15,,,,,,,,,,,,,,,,,,,,"",,"Yes",,"No","No","No","No","No","No","No","No","No",""
"21-43-02-41",,,,,,,,,,,,,,,,,,,,,,,,,,,,,,,,,,,"",,,,,,,,,,,,,""
"82-77-24-98","Yes","Yes","No","No","No","No",,,,8,,,,,,,,,,,,,,,,,,,,,,,,,"","Yes","No",,"No","No","No","No","No","No","No","No","No",""
"68-99-96-16","No","Yes","No","No","No","No",,20,50,8,"Co-share/ co-farming",1,"No",,3,"No","Yes","No","No","No","No",60,"Yes","No","No","No",,"No","No","No","No","No","No","No","","Yes",,"No","No","No","No","No","No","No","No","No","No",""
"47-95-59-62","No","Yes","No","No","No","No",,30,520,7,"Communally owned",15,"No",,4,"No","Yes","No","No","No","No",60,"Yes","No","No","No","No","No","No",,,"No","No","No","",,"No","No","No","No",,"No","Yes","No","No","No","No",""
"86-57-96-89","No","Yes","No","No","No","No",,10,480,8,"Communally owned",30,"No",,8,"No","No","Yes","No","No","No",180,"Yes","No",,"No","No","No","No",,"No","No","No","No","","Yes","No",,"No","No","No","No",,"No","No","No","No",""
"68-47-81-44",,,,,,,,,,,,,,,,,,,,,,,,,,,,,,,,,,,"",,,,,,,,,,,,,""
"36-96-75-03","Yes","Yes","No","No","No","No",,,,8,,,,,,,,,,,,,,,,,,,,,,,,,"","Yes",,"No","No","No","No","No","No",,"No","No","No",""
"08-94-02-07","Yes","Yes","No","No","No","No",,,,9,,,,,,,,,,,,,,,,,,,,,,,,,"","Yes",,"No","No",,"No","No","No","No","No","No","No",""
"37-79-35-25","No","Yes","No","No","No","No",,10,480,8,"Private owned with no land title",10,"No",,20,,,,,,,,,,,,,,,,,,,,"","Yes","No",,"No","No","No","No",,"No","No","No","No",""
"71-65-92-38","No","Yes","No","No","No","No",,20,480,9,"Communally owned",30,"No",,14,,,,,,,,,,,,,,,,,,,,"","Yes","No",,"No","No",,"No","No","No","No","No","No",""
"64-78-16-16","No","Yes","No","No","No","No",,40,620,9,"Communally owned",15,"No",,15,,,,,,,,,,,,,,,,,,,,"","Yes",,,"No","No","No","No","No","No","No","No","No",""
"21-44-80-94","No","Yes","No","No","No","No",,5,540,9,"Communally owned",35,"No",,8,"No","Yes","No","No","No","No",5,"Yes","No",,"No","No","No","No",,"No","No","No","No","","Yes","No","No","No","No",,"No",,"No","No","No","No",""
"09-64-46-58","Yes","Yes","No","No","No","No",,,,8,,,,,,,,,,,,,,,,,,,,,,,,,"",,,"No","No","Yes","No","No","No","No","No","No","No",""
"59-85-28-37","No","Yes","No","No","No","No",,20,240,4,"Communally owned",70,"No",,15,,,,,,,,,,,,,,,,,,,,"","Yes","No","No","No","No","No","No",,"No","No","No","No",""
"59-86-17-42","No","Yes","No","No","No","No",,30,480,8,"Communally owned",10,"No",,5,"No","Yes","No","No","No","No",30,"Yes",,"No","No","No","No","No","No","No","No","No","No","","Yes",,"No","No","No","No","No","No","No","No","No","No",""
"19-38-28-96",,,,,,,,,,,,,,,,,,,,,,,,,,,,,,,,,,,"",,,,,,,,,,,,,""
"15-65-55-76","No","No","Yes","No","No","No",,180,540,9,"Communally owned",100,"No",,20,,,,,,,,,,,,,,,,,,,,"","Yes","No",,"No","No","No","No",,"No","No","No","No",""
"06-65-59-46",,,,,,,,,,,,,,,,,,,,,,,,,,,,,,,,,,,"",,,,,,,,,,,,,""
"31-55-25-17","No","Yes","No","No","No","No",,30,240,4,"Communally owned",60,"No",,20,,,,,,,,,,,,,,,,,,,,"","Yes","No",,"No","No","No","No","No","No","No","No","No",""
"46-83-77-72","No","Yes","No","No","No","No",,60,550,7,"Communally owned",10,"No",,3,"No","Yes","No","No","No","No",40,"No","No","Yes","No","No",,"No",,"No","No","No","No","",,"No","Yes","No","No","No","No",,"No","No","No","No",""
"13-16-83-24",,,,,,,,,,,,,,,,,,,,,,,,,,,,,,,,,,,"",,,,,,,,,,,,,""
"55-65-07-83","Yes","No","No","No","No","No",,,,5,,,,,,,,,,,,,,,,,,,,,,,,,"","Yes",,"No","No","No","No","No","No","No","No","No","No",""
"19-58-06-14","No","Yes","No","No","No","No",,20,420,7,"Communally owned",20,"No",,7,"No","Yes","No","No","No","No",20,"Yes",,"No","No","No","No","No","No","No","No","No","No","","Yes",,"No","No","No","No","No","No","No","No","No","No",""
"07-67-77-44","No","Yes","No","No","No","No",,15,450,7,"Communally owned",18,"No",,10,,,,,,,,,,,,,,,,,,,,"","Yes","No","No","No","No","No","No",,"No","No","No","No",""
"30-73-95-73",,,,,,,,,,,,,,,,,,,,,,,,,,,,,,,,,,,"",,,,,,,,,,,,,""
"81-01-27-26",,,,,,,,,,,,,,,,,,,,,,,,,,,,,,,,,,,"",,,,,,,,,,,,,""
"29-63-05-43","No","Yes","No","No","No","No",,10,380,7,"Communally owned",15,"No",,20,,,,,,,,,,,,,,,,,,,,"",,"No","No","No","No","No","No","Yes","No","No","No","No",""
"69-97-70-98",,,,,,,,,,,,,,,,,,,,,,,,,,,,,,,,,,,"",,,,,,,,,,,,,""
"15-06-78-78","No","Yes","No","No","No","No",,5,540,9,"Communally owned",20,"No",,3,"No","Yes","No","No","No","No",5,"Yes","No",,"No","No","No","No","No","No","No","No","No","","Yes","No",,"No","No","No","No",,"No","No","No","No",""
"09-89-86-48",,,,,,,,,,,,,,,,,,,,,,,,,,,,,,,,,,,"",,,,,,,,,,,,,""
"66-77-69-23","No","Yes","No","No","No","No",,40,480,8,"Communally owned",10,"No",,5,"No","Yes","No","No","No","No",40,"Yes",,"No","No","No","No","No","No","No","No","No","No","","Yes",,,"No","No","No","No","No","No","No","No","No",""
"34-54-53-25","No","Yes","No","No","No","No",,5,400,7,"Communally owned",30,"No",,30,,,,,,,,,,,,,,,,,,,,"","Yes",,,"No","No","No","No","No","No","No","No","No",""
"54-15-04-81","No","Yes","No","No","No","No",,20,520,8,"Communally owned",80,"No",,5,"No","No","No","No","No","Yes",20,"No","No","No","No","No","No","No","No","No","No","Yes","No","","No","Yes","No","No","No",,"No",,"No","No","No","No",""
"30-29-61-21","No","Yes","No","No","No","No",,10,480,8,"Communally owned",30,"No",,8,"No","Yes","No","No","No","No",0,"No","No","No","No","No","No","No","No","No","No","Yes","No","",,"No","Yes","No","No","No","No",,"No","No","No","No",""
"32-65-13-57","No","Yes","No","No","No","No",,30,300,5,"Communally owned",20,"No",,15,,,,,,,,,,,,,,,,,,,,"","Yes","No",,"No","No","No","No",,"No","No","No","No",""
"64-69-72-73",,,,,,,,,,,,,,,,,,,,,,,,,,,,,,,,,,,"",,,,,,,,,,,,,""
"25-20-08-58","No","Yes","No","No","No","No",,5,430,7,"Private owned with no land title",50,"No",,15,,,,,,,,,,,,,,,,,,,,"","Yes",,,"No","No","No","No","No","No","No","No","No",""
"12-04-44-96","No","Yes","No","No","No","No",,20,360,6,"Private owned with land title",15,"No",,9,"No","Yes","No","No","No","No",30,"Yes","No","No","No","No","No","No",,"No","No","No","No","","Yes","No","No","No","No","No","No",,"No","No","No","No",""
"97-37-09-60","No","Yes","No","No","No","No",,120,240,4,"Communally owned",30,"No",,30,,,,,,,,,,,,,,,,,,,,"","Yes","No",,"No","No","No","No",,"No","No","No","No",""
"26-04-59-05","Yes","No","No","No","No","No",,,,8,,,,,,,,,,,,,,,,,,,,,,,,,"","Yes",,,"No","No","No","No","No","No","No","No","No",""
"98-27-33-85","No","Yes","No","No","No","No",,20,240,4,"Private owned with land title",20,"No",,16,,,,,,,,,,,,,,,,,,,,"","Yes","No","No","No","No","No","No",,"No","No","No","No",""
"65-84-88-76",,,,,,,,,,,,,,,,,,,,,,,,,,,,,,,,,,,"",,,,,,,,,,,,,""
"88-58-36-62","No","Yes","No","No","No","No",,30,300,5,"Communally owned",50,"No",,20,,,,,,,,,,,,,,,,,,,,"","Yes","No",,"No","No","No","No","No","No","No","No",,"prolonged drought"
"68-07-50-59","Yes","Yes","No","No","No","No",,,,8,,,,,,,,,,,,,,,,,,,,,,,,,"","Yes","No","No","No","No",,"No",,"No","No","No","No",""
"69-15-02-37","No","Yes","Yes","No","No","No",,30,7,9,"Communally owned",50,"No",,10,,,,,,,,,,,,,,,,,,,,"",,"No",,"No","No","No","No","Yes","No","No","No","No",""
"02-78-83-36","No","Yes","No","No","No","No",,5,540,9,"Communally owned",30,"No",,30,,,,,,,,,,,,,,,,,,,,"","No","Yes",,"No","No","No","No",,"No","No","No","No",""
"97-59-33-64","No","Yes","No","No","No","No",,20,480,8,"Private owned with land title",30,"No",,30,,,,,,,,,,,,,,,,,,,,"","Yes","No",,"No","No","No","No",,"No","No","No","No",""
"62-96-19-75","Yes","Yes","No","No","No","No",,,,8,,,,,,,,,,,,,,,,,,,,,,,,,"",,"Yes","No","No","No",,"No","No","No","No","No","No",""
"73-91-22-23",,,,,,,,,,,,,,,,,,,,,,,,,,,,,,,,,,,"",,,,,,,,,,,,,""
"20-05-42-35",,,,,,,,,,,,,,,,,,,,,,,,,,,,,,,,,,,"",,,,,,,,,,,,,""
"41-87-52-98",,,,,,,,,,,,,,,,,,,,,,,,,,,,,,,,,,,"",,,,,,,,,,,,,""
"69-31-43-37",,,,,,,,,,,,,,,,,,,,,,,,,,,,,,,,,,,"",,,,,,,,,,,,,""
"53-00-97-20",,,,,,,,,,,,,,,,,,,,,,,,,,,,,,,,,,,"",,,,,,,,,,,,,""
"33-41-86-29","No","Yes","No","No","No","No",,10,420,7,"Communally owned",20,"No",,4,"No","No","No","No","No","Yes",20,"No","No","No","No","No","No","No","No","No","No","No","Yes","He didn't own livestock in the past 10 years","Yes",,,"No","No","No","No","No","No","No","No","No",""
"32-86-73-25","Yes","No","No","No","No","No",,,,6,,,,,,,,,,,,,,,,,,,,,,,,,"",,"Yes","No","No","No","No","No","No","No","No","No","No",""
"72-97-03-54","No","Yes","Yes","No","No","No",,60,680,9,"Private owned with no land title",20,"No",,40,,,,,,,,,,,,,,,,,,,,"",,"No",,"Yes","No","No","No","No","No","No","No","No",""
"15-89-37-89","Yes","Yes","No","No","No","No",,,,8,,,,,,,,,,,,,,,,,,,,,,,,,"","Yes",,"No","No","No","No","No","No","No","No","No",,"Livestock attack by wild animals."
"12-79-12-74",,,,,,,,,,,,,,,,,,,,,,,,,,,,,,,,,,,"",,,,,,,,,,,,,""
"84-49-36-60","No","Yes","No","No","No","No",,60,480,8,"Communally owned",15,"No",,3,"No","No","Yes","No","No","No",180,,"No","No","No","No","No","No","No","Yes","No","No","No","","Yes","No","No","No","No","No","No",,"No","No","No","No",""
"50-30-24-70","Yes","No","No","No","No","No",,,,8,,,,,,,,,,,,,,,,,,,,,,,,,"","Yes",,"No","No","No","No","No",,"No","No","No","No",""
"73-01-79-27","No","Yes","No","No","No","No",,60,120,7,"Communally owned",10,"No",,10,,,,,,,,,,,,,,,,,,,,"","Yes",,,"No","No","No","No","No","No","No","No","No",""
"61-70-56-76","No","Yes","No","No","No","No",,60,550,9,"Communally owned",10,"No",,20,,,,,,,,,,,,,,,,,,,,"","Yes","No","No","No","No","No","No",,"No","No","No","No",""
"02-74-92-32",,,,,,,,,,,,,,,,,,,,,,,,,,,,,,,,,,,"",,,,,,,,,,,,,""
"69-39-88-08",,,,,,,,,,,,,,,,,,,,,,,,,,,,,,,,,,,"",,,,,,,,,,,,,""
"97-74-84-66","No","Yes","No","No","No","No",,20,540,9,"Communally owned",20,"No",,12,,,,,,,,,,,,,,,,,,,,"","Yes","No",,"No","No","No","No","No","No","No","No","No",""
"15-82-53-55",,,,,,,,,,,,,,,,,,,,,,,,,,,,,,,,,,,"",,,,,,,,,,,,,""
"46-71-69-87","No","Yes","No","No","No","No",,30,70,10,"Co-share/ co-farming",10,"No",,10,,,,,,,,,,,,,,,,,,,,"","Yes",,,"No","No","No","No","No","No","No","No","No",""
"05-64-42-77",,,,,,,,,,,,,,,,,,,,,,,,,,,,,,,,,,,"",,,,,,,,,,,,,""
"65-63-71-66","Yes","No","No","No","No","No",,,,1,,,,,,,,,,,,,,,,,,,,,,,,,"","Yes",,"No","No","No","No","No",,"No","No","No","No",""
"15-51-80-47","No","No","No","Yes","No","No",,30,420,7,"Communally owned",20,"No",,3,"No","Yes","No","No","No","No",20,"Yes","No",,"No","No","No","No","No","No","No","No",,"livestock death",,"No","Yes","No","No","No","No","No","No","No","No",,"disease"
"32-74-61-81","No","Yes","No","No","No","No",,20,360,6,"Communally owned",20,"No",,20,,,,,,,,,,,,,,,,,,,,"","Yes",,,"No","No","No","No","No","No","No","No","No",""
"36-59-31-86",,,,,,,,,,,,,,,,,,,,,,,,,,,,,,,,,,,"",,,,,,,,,,,,,""
"73-83-46-14","Yes","No","No","No","No","No",,,,8,,,,,,,,,,,,,,,,,,,,,,,,,"","Yes",,,"No","No","No","No","No","No","No","No","No",""
"07-04-05-10","No","Yes","No","No","No","No",,30,480,8,"Private owned with land title",40,"No",,5,"No","Yes","No","No","No","No",10,"Yes","No","No","No",,"No","No","No","No","No","No","No","",,"Yes",,"No","No","No","No","No","No","No","No","No",""
"99-97-90-90",,,,,,,,,,,,,,,,,,,,,,,,,,,,,,,,,,,"",,,,,,,,,,,,,""
"53-39-03-44","No","Yes","No","No","No","No",,120,420,7,"Communally owned",40,"No",,15,,,,,,,,,,,,,,,,,,,,"","No","Yes",,"No","No","No","No","No","No","No","No","No",""
"85-50-39-09","No","Yes","No","No","No","No",,90,180,9,"Communally owned",40,"No",,8,"No","Yes","No","No","No","No",30,"No","No","No","No","No","No","No","No","No","No","No","Yes","the household hasn't changed where they graze their livestock, they moved to a different place around village but still graze their livestock in the same area",,"Yes",,"No","No","No","No","No","No","No","No","No",""
"46-32-17-36","No","Yes","No","No","No","No",,60,480,6,"Communally owned",50,"No",,25,,,,,,,,,,,,,,,,,,,,"","Yes",,"No","No","No","No","No","No","No","No","No","No",""
"85-98-37-69","No","Yes","No","No","No","No",,30,90,8,"Private owned with no land title",0,"No",,4,"No","Yes","No","No","No","No",30,"No","No","No","No","No","No","No","No","No","No","No","Yes","still grazing in the same area","Yes","No","No","No","No","No","No",,"No","No","No","No",""
"65-26-91-15",,,,,,,,,,,,,,,,,,,,,,,,,,,,,,,,,,,"",,,,,,,,,,,,,""
"65-45-62-39",,,,,,,,,,,,,,,,,,,,,,,,,,,,,,,,,,,"",,,,,,,,,,,,,""
"47-59-10-25","No","Yes","No","No","No","No",,30,240,6,"Communally owned",30,"No",,10,,,,,,,,,,,,,,,,,,,,"","Yes",,,"No","No","No","No","No","No","No","No","No",""
"03-90-73-99","No","Yes","No","No","No","No",,30,300,5,"Communally owned",20,"No",,24,,,,,,,,,,,,,,,,,,,,"","Yes","No",,"No","No","No","No","No","No","No","No",,"invasion of Cactus plant"
"43-25-90-61","No","No","Yes","No","No","No",,120,600,10,"Communally owned",30,"No",,5,"No","No","Yes","No","No","No",30,"Yes",,,"No","No","No","No","No","No","No","No","No","","Yes","No",,"No","No","No","No",,"No","No","No","No",""
"49-70-00-09","Yes","Yes","No","No","No","No",,,,2,,,,,,,,,,,,,,,,,,,,,,,,,"","Yes",,"No","No","No","No","No",,"No","No","No","No",""
"06-94-49-47","No","Yes","No","No","No","No",,30,420,7,"Communally owned",30,"No",,2,"No","Yes","No","No","No","No",30,"No","No","No","No","No","No","No","No","No","No","Yes","No","",,"Yes","No","No","No","No","No",,"No","No","No","No",""
"19-04-54-37","Yes","No","No","No","No","No",,,,8,,,,,,,,,,,,,,,,,,,,,,,,,"","Yes","No","No","No","No","No","No",,"No","No","No","No",""
"59-57-12-16","No","No","Yes","No","No","No",,60,560,8,"Communally owned",8,"No",,10,,,,,,,,,,,,,,,,,,,,"",,"Yes","No","No","No","No","No","No","No","No","No","No",""
"49-28-72-36","No","Yes","Yes","No","No","No",,30,30,8,"Private owned with no land title",10,"No",,30,,,,,,,,,,,,,,,,,,,,"",,,"No","No","No","No","No","Yes","No","No","No","No",""
"93-14-44-32","No","Yes","No","No","No","No",,30,60,8,"Communally owned",40,"No",,2,"No","Yes","No","No","No","No",20,"Yes","No","No","No","No","No","No",,"No","No","No","No","","Yes","No",,"No","No","No","No",,"No","No","No","No",""
"51-90-88-91",,,,,,,,,,,,,,,,,,,,,,,,,,,,,,,,,,,"",,,,,,,,,,,,,""
"12-47-74-84","No","Yes","No","No","No","No",,60,420,5,"Communally owned",20,"No",,8,"No","Yes","No","No","No","No",0,"No","No","No","No","No","No","No","No","No","No","Yes","No","",,"Yes","No","No","No","No","No","No","No","No","No","No",""
"66-45-27-28","No","Yes","No","No","No","No",,5,420,8,"Communally owned",50,"No",,22,,,,,,,,,,,,,,,,,,,,"",,"Yes",,"No","No","No","No","No","No","No","No","No",""
"61-66-59-51","No","Yes","No","No","No","No",,10,440,8,"Communally owned",30,"No",,3,"No","No","No","No","No","Yes",0,"No","No","No","No","No","No","No","No","No","No","Yes","No","","Yes",,,"No","No","No","No","No","No","No","No","No",""
"78-64-43-02","No","Yes","No","No","No","No",,60,240,4,"Communally owned",40,"No",,20,,,,,,,,,,,,,,,,,,,,"","Yes",,"No","No","No","No","No","No","No","No","No","No",""
"09-79-38-80",,,,,,,,,,,,,,,,,,,,,,,,,,,,,,,,,,,"",,,,,,,,,,,,,""
"03-23-67-97","No","No","Yes","No","No","No",,120,480,9,"Communally owned",30,"No",,5,"Yes","Yes","No","No","No","No",,"Yes","No","No","No","No","No","No",,"No","No","No",,"animals invade crops in farms",,"No","No","No","No","No","No","Yes","No","No","No","No",""
"84-81-25-13","No","Yes","No","No","No","No",,30,560,8,"Communally owned",40,"No",,5,"No","Yes","No","No","No","No",30,"Yes",,"No","No","No","No","No","No","No","No","No","No","","Yes",,"No","No","No","No","No","No","No","No","No","No",""
"01-19-86-40","No","Yes","No","No","No","No",,30,500,7,"Private owned with no land title",60,"No",,10,,,,,,,,,,,,,,,,,,,,"","Yes","No","No","No","No","No","No",,"No","No","No","No",""
"69-16-25-63","No","Yes","No","No","No","No",,30,600,10,"Communally owned",30,"No",,20,,,,,,,,,,,,,,,,,,,,"","Yes","No",,"No","No","No","No",,"No","No","No","No",""
"58-95-91-31","No","Yes","No","No","No","No",,30,500,7,"Communally owned",10,"No",,10,,,,,,,,,,,,,,,,,,,,"","Yes","No",,"No","No","No","No",,"No","No","No","No",""
"11-58-78-70","No","Yes","No","No","No","No",,20,520,8,"Communally owned",20,"No",,10,,,,,,,,,,,,,,,,,,,,"",,"No",,"No","No","No","No","Yes","No","No","No","No",""
"41-24-59-26",,,,,,,,,,,,,,,,,,,,,,,,,,,,,,,,,,,"",,,,,,,,,,,,,""
"98-97-38-21","No","No","Yes","No","No","No",,120,480,8,"Communally owned",50,"No",,30,,,,,,,,,,,,,,,,,,,,"","Yes","No","No","No","No","No","No",,,"No","No","No",""
"92-08-97-62","No","No","Yes","No","No","No",,120,480,8,"Communally owned",50,"No",,15,,,,,,,,,,,,,,,,,,,,"","Yes","No",,"No","No","No","No",,"No","No","No","No",""
"59-21-82-77",,,,,,,,,,,,,,,,,,,,,,,,,,,,,,,,,,,"",,,,,,,,,,,,,""
"80-20-31-51","No","Yes","No","No","No","No",,10,420,9,"Communally owned",50,"No",,25,,,,,,,,,,,,,,,,,,,,"",,"No","Yes","No","No",,"No","No","No","No","No","No",""
"33-11-85-60",,,,,,,,,,,,,,,,,,,,,,,,,,,,,,,,,,,"",,,,,,,,,,,,,""
"06-48-61-69","No","No","Yes","No","No","No",,60,300,5,"Communally owned",40,"No",,20,,,,,,,,,,,,,,,,,,,,"","Yes","No",,"No","No","No","No","No",,"No","No","No",""
"12-93-60-92",,,,,,,,,,,,,,,,,,,,,,,,,,,,,,,,,,,"",,,,,,,,,,,,,""
"11-11-55-95","No","Yes","No","No","No","No",,30,600,10,"Communally owned",30,"No",,10,,,,,,,,,,,,,,,,,,,,"","Yes","No",,"No","No","No","No",,"No","No","No","No",""
"82-15-11-19",,,,,,,,,,,,,,,,,,,,,,,,,,,,,,,,,,,"",,,,,,,,,,,,,""
"95-73-95-89","No","Yes","No","No","No","No",,30,300,5,"Communally owned",30,"No",,20,,,,,,,,,,,,,,,,,,,,"","Yes","No",,"No","No",,"No","No","No","No","No","No",""
"02-47-29-85","No","Yes","No","No","No","No",,10,260,4,"Communally owned",3,"No",,6,"No","Yes","No","No","No","No",360,"Yes","No","No","No","No","No","No","No","No","No","No","No","","No","No","No","No","No","Yes","No","No","No","No","No","No",""
"91-34-05-43",,,,,,,,,,,,,,,,,,,,,,,,,,,,,,,,,,,"",,,,,,,,,,,,,""
"29-34-28-44",,,,,,,,,,,,,,,,,,,,,,,,,,,,,,,,,,,"",,,,,,,,,,,,,""
"54-07-56-18","No","Yes","No","No","No","No",,5,30,9,"Communally owned",40,"No",,13,,,,,,,,,,,,,,,,,,,,"","Yes","No","No","No","No","No","No",,"No","No","No","No",""
"02-67-98-73","No","Yes","No","No","No","No",,60,720,10,"Communally owned",5,"No",,5,"No","Yes","No","No","No","No",90,"No","No",,"No","No","No","No",,"Yes","No","No","No","","Yes","No","No","No","No","No","No",,"No","No","No","No",""
"89-44-00-22",,,,,,,,,,,,,,,,,,,,,,,,,,,,,,,,,,,"",,,,,,,,,,,,,""
"25-47-42-18",,,,,,,,,,,,,,,,,,,,,,,,,,,,,,,,,,,"",,,,,,,,,,,,,""
"92-95-45-69","No","Yes","No","No","No","No",,30,300,5,"Communally owned",27,"No",,4,"No","No","Yes","No","No","No",120,"No","No","Yes","No","No","No","No",,,"No","No","No","",,"No","No","No","No","Yes","No","No","No","No","No",,"Wildlife conflicts"
"25-17-75-96",,,,,,,,,,,,,,,,,,,,,,,,,,,,,,,,,,,"",,,,,,,,,,,,,""
"08-10-28-09",,,,,,,,,,,,,,,,,,,,,,,,,,,,,,,,,,,"",,,,,,,,,,,,,""
"63-11-66-98",,,,,,,,,,,,,,,,,,,,,,,,,,,,,,,,,,,"",,,,,,,,,,,,,""
"90-89-89-25",,,,,,,,,,,,,,,,,,,,,,,,,,,,,,,,,,,"",,,,,,,,,,,,,""
"01-16-33-75",,,,,,,,,,,,,,,,,,,,,,,,,,,,,,,,,,,"",,,,,,,,,,,,,""
"37-73-98-41","No","Yes","No","No","No","No",,30,60,8,"Private owned with no land title",50,"No",,4,"No","No","Yes","No","No","No",180,"No","No","No","Yes",,"No",,"No","No","No","No","No","",,"Yes","No","No",,"No","No","No","No","No","No","No",""
"48-88-82-47","No","No","Yes","No","No","No",,120,480,8,"Communally owned",30,"No",,2,"No","Yes","No","No","No","No",20,"No","No","No","No","No","No","No","No","No","No","No","Yes","No one is Available at home when we go to school,our mother left us he is in a different county","No","No","No","No","No","No","No","No","No","No","No","Yes","I don't even because of late have not been there"
"44-96-14-86","No","Yes","No","No","No","No",,30,180,6,"Communally owned",5,"No",,20,,,,,,,,,,,,,,,,,,,,"","No","No","No","No","No","No","No","No","No","No","Yes","No",""
"47-83-83-86",,,,,,,,,,,,,,,,,,,,,,,,,,,,,,,,,,,"",,,,,,,,,,,,,""
"79-40-96-41",,,,,,,,,,,,,,,,,,,,,,,,,,,,,,,,,,,"",,,,,,,,,,,,,""
"60-73-28-03",,,,,,,,,,,,,,,,,,,,,,,,,,,,,,,,,,,"",,,,,,,,,,,,,""
"79-90-62-68","No","Yes","No","No","No","No",,30,90,8,"Communally owned",10,"No",,15,,,,,,,,,,,,,,,,,,,,"","Yes","No",,"No","No","No","No",,"No","No","No","No",""
"67-12-09-24","Yes","No","No","No","No","No",,,,8,,,,,,,,,,,,,,,,,,,,,,,,,"","Yes","No","No","No","No","No","No",,"No","No","No","No",""
"63-23-35-27","No","Yes","No","No","No","No",,30,60,8,"Private owned with no land title",50,"No",,2,"No","Yes","No","No","No","No",60,"Yes","No","No","No","No",,"No","No","No","No","No","No","","Yes",,"No","No",,"No","No","No","No","No","No","No",""
"04-92-66-81","No","Yes","No","No","No","No",,30,540,7,"Private owned with no land title",3,"No",,6,"No","Yes","No","No","No","No",60,,"No",,"No","No","No","No","No","Yes","No","No","No","",,"No","No","No","Yes",,"No","No","No","No","No","No",""
"93-87-16-02","No","Yes","No","No","No","No",,3,20,8,"Communally owned",50,"No",,5,"No","No","Yes","No","No","No",120,"No","No","No","No","No",,"Yes","No","No","No","No","No","","Yes",,,"No","No","No","No","No","No","No","No","No",""
"65-31-14-31","No","No","Yes","No","No","No",,60,600,8,"Communally owned",5,"No",,10,,,,,,,,,,,,,,,,,,,,"","Yes","No","No","No","No","No","No",,,"No","No","No",""
"19-27-66-46","No","Yes","No","No","No","No",,60,120,8,"Communally owned",30,"No",,20,,,,,,,,,,,,,,,,,,,,"","Yes","No","No","No","No","No","No",,"No","No","No","No",""
"08-44-37-94","Yes","Yes","No","No","No","No",,,,7,,,,,,,,,,,,,,,,,,,,,,,,,"",,,"No","No","No","No","No","Yes","No","No","No","No",""
"71-04-48-02",,,,,,,,,,,,,,,,,,,,,,,,,,,,,,,,,,,"",,,,,,,,,,,,,""
"24-04-95-50",,,,,,,,,,,,,,,,,,,,,,,,,,,,,,,,,,,"",,,,,,,,,,,,,""
"27-66-11-12","No","Yes","No","No","No","No",,30,520,8,"Communally owned",10,"No",,4,"No","Yes","No","No","No","No",60,"No","No","No","No","No","No","No","No","No","No","Yes","No","",,"No","Yes","No","No","No","No","No","No","No","No","No",""
"11-10-12-08",,,,,,,,,,,,,,,,,,,,,,,,,,,,,,,,,,,"",,,,,,,,,,,,,""
"10-98-84-98",,,,,,,,,,,,,,,,,,,,,,,,,,,,,,,,,,,"",,,,,,,,,,,,,""
"97-63-71-09",,,,,,,,,,,,,,,,,,,,,,,,,,,,,,,,,,,"",,,,,,,,,,,,,""
"11-29-74-23","No","Yes","No","No","No","No",,20,360,6,"Communally owned",30,"No",,2,"No","Yes","No","No","No","No",20,,"Yes","No","No","No","No","No","No","No","No","No","No","",,"Yes","No","No","No","No","No","No","No","No","No","No",""
"59-89-68-30","No","Yes","No","No","No","No",,30,480,8,"Private owned with no land title",100,"No",,9,"No","Yes","No","No","No","No",60,,"No","No","No","Yes","No","No",,"No","No","No","No","","Yes",,"No","No","No",,"No","No","No","No","No","No",""
"22-38-73-99",,,,,,,,,,,,,,,,,,,,,,,,,,,,,,,,,,,"",,,,,,,,,,,,,""
"81-45-95-70","No","Yes","No","No","No","No",,45,580,8,"Communally owned",15,"No",,15,,,,,,,,,,,,,,,,,,,,"",,"No","Yes","No","No",,"No","No","No","No","No","No",""
"16-03-96-06","No","Yes","No","No","No","No",,30,620,9,"Private owned with no land title",15,"No",,30,,,,,,,,,,,,,,,,,,,,"","No","No","No","No","No","No","No","No","No","No","Yes","No",""
"81-14-42-85",,,,,,,,,,,,,,,,,,,,,,,,,,,,,,,,,,,"",,,,,,,,,,,,,""
"22-88-97-60","No","Yes","No","No","No","No",,20,40,8,"Communally owned",50,"No",,13,,,,,,,,,,,,,,,,,,,,"","No","No","No","No","No","No","No","No","No","No","Yes","No",""
"47-75-71-27","Yes","Yes","No","No","No","No",,,,8,,,,,,,,,,,,,,,,,,,,,,,,,"",,,"No","No","No","No","No","Yes","No","No","No","No",""
"10-39-00-99","No","Yes","No","No","No","No",,30,620,9,"Private owned with no land title",10,"No",,15,,,,,,,,,,,,,,,,,,,,"","Yes","No",,"No",,"No","No","No","No","No","No","No",""
"96-06-62-42","No","Yes","No","No","No","No",,20,480,8,"Communally owned",20,"No",,6,"No","No","Yes","No","No","No",180,"Yes","No",,"No","No",,"No","No","No","No","No","No","","Yes","No",,"No","No","No","No",,"No","No","No","No",""
"11-59-44-40",,,,,,,,,,,,,,,,,,,,,,,,,,,,,,,,,,,"",,,,,,,,,,,,,""
"27-51-81-61",,,,,,,,,,,,,,,,,,,,,,,,,,,,,,,,,,,"",,,,,,,,,,,,,""
"44-37-52-83","No","Yes","No","No","No","No",,30,480,8,"Communally owned",50,"No",,30,,,,,,,,,,,,,,,,,,,,"","Yes",,"No","No","No","No","No",,"No","No","No","No",""
"45-92-75-89","No","Yes","No","No","No","No",,30,420,6,"Communally owned",15,"No",,13,,,,,,,,,,,,,,,,,,,,"","Yes",,"No","No","No","No","No","No","No","No","No","No",""
"85-71-09-15","No","Yes","No","No","No","No",,10,10,8,"Private owned with no land title",30,"No",,10,,,,,,,,,,,,,,,,,,,,"","No","No","No","No","No","No","No","No","No","No","Yes","No",""
"64-51-39-39","Yes","Yes","No","No","No","No",,,,9,,,,,,,,,,,,,,,,,,,,,,,,,"","Yes",,"No","No","No","No","No",,"No","No","No","No",""
"36-28-42-39",,,,,,,,,,,,,,,,,,,,,,,,,,,,,,,,,,,"",,,,,,,,,,,,,""
"95-09-61-15","Yes","Yes","No","No","No","No",,,,10,,,,,,,,,,,,,,,,,,,,,,,,,"","Yes",,,"No","No","No","No","No","No","No","No","No",""
"86-63-74-80","No","Yes","No","No","No","No",,60,720,9,"Communally owned",10,"No",,2,"No","No","No","No","No","Yes",0,"No","No","No","No","No","No","No","No","No","No","Yes","No","",,"No","No","No","No","No","No","Yes",,"No","No","No",""
"67-27-36-61","Yes","No","No","No","No","No",,,,8,,,,,,,,,,,,,,,,,,,,,,,,,"","Yes",,"No","No","No","No","No",,"No","No","No","No",""
"08-84-33-33",,,,,,,,,,,,,,,,,,,,,,,,,,,,,,,,,,,"",,,,,,,,,,,,,""
"07-50-91-84","No","Yes","No","No","No","No",,15,360,6,"Private owned with no land title",70,"No",,15,,,,,,,,,,,,,,,,,,,,"","Yes","No",,"No","No","No","No",,"No","No","No","No",""
"87-71-97-91","No","Yes","No","No","No","No",,20,360,6,"Communally owned",100,"No",,15,,,,,,,,,,,,,,,,,,,,"","Yes","No",,"No","No","No","No","No","No","No","No",,"Tensions and conflicts with private ranches"
"72-05-40-32","No","Yes","No","No","No","No",,10,400,7,"Private owned with no land title",30,"No",,30,,,,,,,,,,,,,,,,,,,,"","Yes","No","No","No","No",,"No",,"No","No","No","No",""
"87-43-28-28",,,,,,,,,,,,,,,,,,,,,,,,,,,,,,,,,,,"",,,,,,,,,,,,,""
"02-59-28-55","No","Yes","No","No","No","No",,40,630,9,"Communally owned",15,"No",,20,,,,,,,,,,,,,,,,,,,,"","Yes","No","No","No","No","No","No",,"No","No","No","No",""
"41-71-16-88",,,,,,,,,,,,,,,,,,,,,,,,,,,,,,,,,,,"",,,,,,,,,,,,,""
"91-57-08-43",,,,,,,,,,,,,,,,,,,,,,,,,,,,,,,,,,,"",,,,,,,,,,,,,""
"63-99-85-70",,,,,,,,,,,,,,,,,,,,,,,,,,,,,,,,,,,"",,,,,,,,,,,,,""
"65-43-78-90",,,,,,,,,,,,,,,,,,,,,,,,,,,,,,,,,,,"",,,,,,,,,,,,,""
"37-38-94-21","No","Yes","No","No","No","No",,60,520,7,"Communally owned",15,"No",,30,,,,,,,,,,,,,,,,,,,,"","Yes","No",,,"No","No","No","No","No","No","No","No",""
"77-42-43-43","No","Yes","No","No","No","No",,20,460,7,"Communally owned",30,"No",,30,,,,,,,,,,,,,,,,,,,,"","Yes","No",,"No","No",,"No","No","No","No","No","No",""
"68-60-50-68","No","Yes","No","No","No","No",,25,480,8,"Communally owned",100,"No",,40,,,,,,,,,,,,,,,,,,,,"","Yes","No",,"No","No","No","No",,"No","No","No","No",""
"46-89-69-47","No","Yes","No","No","No","No",,30,60,7,"Communally owned",15,"No",,15,,,,,,,,,,,,,,,,,,,,"","Yes","No","No","No","No","No","No","No","No","No","No",,"wildlife attacks"
"46-72-66-83","No","Yes","No","No","No","No",,3,420,7,"Private owned with no land title",0,"No",,50,,,,,,,,,,,,,,,,,,,,"","Yes","No","No","No","No",,"No",,"No","No","No","No",""
"25-02-52-66","Yes","No","No","No","No","No",,,,8,,,,,,,,,,,,,,,,,,,,,,,,,"","No","No","No","No","No","No","No","Yes","No","No","No","No",""
"55-56-28-22","No","Yes","No","No","No","No",,5,480,8,"Private owned with no land title",30,"No",,55,,,,,,,,,,,,,,,,,,,,"",,"No","Yes","No","No","No","No",,"No","No","No","No",""
"99-17-74-11",,,,,,,,,,,,,,,,,,,,,,,,,,,,,,,,,,,"",,,,,,,,,,,,,""
"46-53-61-02","No","Yes","No","No","No","No",,30,480,8,"Communally owned",80,"No",,15,,,,,,,,,,,,,,,,,,,,"","Yes","No",,"No","No","No","No",,"No","No","No","No",""
"10-77-75-51","No","Yes","No","No","No","No",,30,480,8,"Private owned with no land title",70,"No",,4,"No","No","Yes","No","No","No",60,"Yes","No","No","No","No",,"No",,"No","No","No","No","","Yes",,,"No","No","No","No","No","No","No","No","No",""
"71-70-88-23","No","Yes","No","No","No","No",,30,480,8,"Private owned with no land title",20,"No",,10,,,,,,,,,,,,,,,,,,,,"","Yes","No","No","No","No","No","No","No","No","No","No",,"invasion by wolves and hyenas"
"50-33-80-84","No","Yes","No","No","No","No",,30,240,4,"Communally owned",10,"No",,30,,,,,,,,,,,,,,,,,,,,"","Yes","No","No","No","No","No","No","No","No","No","No","No",""
"21-95-76-65",,,,,,,,,,,,,,,,,,,,,,,,,,,,,,,,,,,"",,,,,,,,,,,,,""
"91-60-65-39","No","Yes","No","No","No","No",,30,600,10,"Communally owned",30,"No",,10,,,,,,,,,,,,,,,,,,,,"","Yes","No",,"No",,"No","No","No","No","No","No","No",""
"42-15-16-06",,,,,,,,,,,,,,,,,,,,,,,,,,,,,,,,,,,"",,,,,,,,,,,,,""
"00-11-52-27",,,,,,,,,,,,,,,,,,,,,,,,,,,,,,,,,,,"",,,,,,,,,,,,,""
"87-56-56-81","No","Yes","No","No","No","No",,30,60,8,"Communally owned",10,"No",,13,,,,,,,,,,,,,,,,,,,,"","Yes",,"No","No","No","No","No",,"No","No","No","No",""
"81-79-89-86",,,,,,,,,,,,,,,,,,,,,,,,,,,,,,,,,,,"",,,,,,,,,,,,,""
"10-18-23-80","No","Yes","No","No","No","No",,20,440,8,"Communally owned",50,"No",,10,,,,,,,,,,,,,,,,,,,,"","Yes",,,"No","No","No","No","No","No","No","No","No",""
"65-08-75-81","No","Yes","No","No","No","No",,30,420,7,"Communally owned",60,"No",,30,,,,,,,,,,,,,,,,,,,,"","Yes","No",,"No","No","No","No","No","No","No","No",,"wildlife attack"
"71-59-52-11","No","Yes","No","No","No","No",,30,660,11,"Communally owned",40,"No",,10,,,,,,,,,,,,,,,,,,,,"","Yes","No",,"No","No","No","No",,"No","No","No","No",""
"31-09-36-85","No","Yes","No","No","No","No",,25,300,5,"Private owned with no land title",65,"No",,40,,,,,,,,,,,,,,,,,,,,"","Yes","No",,"No","No","No","No",,"No","No","No","No",""
"29-04-00-40","No","Yes","No","No","No","No",,20,480,8,"Private owned with no land title",30,"No",,30,,,,,,,,,,,,,,,,,,,,"","Yes","No",,"No","No","No","No","No","No","No","No","No",""
"72-18-38-35",,,,,,,,,,,,,,,,,,,,,,,,,,,,,,,,,,,"",,,,,,,,,,,,,""
"83-34-07-73",,,,,,,,,,,,,,,,,,,,,,,,,,,,,,,,,,,"",,,,,,,,,,,,,""
"70-36-24-93",,,,,,,,,,,,,,,,,,,,,,,,,,,,,,,,,,,"",,,,,,,,,,,,,""
"64-46-73-61",,,,,,,,,,,,,,,,,,,,,,,,,,,,,,,,,,,"",,,,,,,,,,,,,""
"13-37-47-48","Yes","Yes","No","No","No","No",,,,7,,,,,,,,,,,,,,,,,,,,,,,,,"","Yes","No",,"No","No","No","No","No","No","No","No","No",""
"22-02-49-30","Yes","No","No","No","No","No",,,,8,,,,,,,,,,,,,,,,,,,,,,,,,"","Yes","No",,"No","No","No","No","No","No","No","No","No",""
"97-28-37-38",,,,,,,,,,,,,,,,,,,,,,,,,,,,,,,,,,,"",,,,,,,,,,,,,""
"04-02-73-28","Yes","Yes","No","No","No","No",,,,8,,,,,,,,,,,,,,,,,,,,,,,,,"",,"No","No","No","No","No","No","Yes","No","No","No","No",""
"57-09-51-71","Yes","Yes","No","No","No","No",,,,8,,,,,,,,,,,,,,,,,,,,,,,,,"",,"No",,"No","No","No","No","Yes","No","No","No","No",""
"45-10-68-85","No","Yes","No","No","No","No",,60,600,8,"Communally owned",15,"No",,20,,,,,,,,,,,,,,,,,,,,"","No","No","No","No","No","No","No","No","No","No","Yes","No",""
"72-72-49-77","No","Yes","No","No","No","No",,60,520,8,"Communally owned",20,"No",,10,,,,,,,,,,,,,,,,,,,,"",,"No",,"No","No","Yes","No","No","No","No","No","No",""
"61-58-42-30","No","Yes","No","No","No","No",,40,620,9,"Private owned with no land title",15,"No",,13,,,,,,,,,,,,,,,,,,,,"","Yes","No",,"No","No","No","No",,"No","No","No","No",""
"46-76-02-18","No","Yes","No","No","No","No",,20,480,7,"Communally owned",15,"No",,12,,,,,,,,,,,,,,,,,,,,"",,"No",,"No","No","Yes","No","No","No","No","No","No",""
"32-71-82-87","No","Yes","No","No","No","No",,30,360,6,"Communally owned",10,"No",,30,,,,,,,,,,,,,,,,,,,,"","Yes","No","No","No","No","No","No","No","No","No","No","No",""
"51-19-72-02","Yes","Yes","No","No","No","No",,,,5,,,,,,,,,,,,,,,,,,,,,,,,,"","No","No","No","No","No","No","No","Yes","No","No","No","No",""
"98-92-34-42","No","Yes","No","No","No","No",,40,520,7,"Private owned with no land title",10,"No",,30,,,,,,,,,,,,,,,,,,,,"","No","No","Yes","No",,,"No","No","No","No","No","No",""
"49-20-15-79",,,,,,,,,,,,,,,,,,,,,,,,,,,,,,,,,,,"",,,,,,,,,,,,,""
"19-17-82-94","No","Yes","Yes","No","No","No",,20,420,7,"State owned",50,"No",,30,,,,,,,,,,,,,,,,,,,,"","No","No","Yes","No","No",,"No","No",,"No","No","No",""
"26-53-83-57",,,,,,,,,,,,,,,,,,,,,,,,,,,,,,,,,,,"",,,,,,,,,,,,,""
"35-77-55-36","No","Yes","No","No","No","No",,30,480,8,"Private owned with no land title",30,"No",,30,,,,,,,,,,,,,,,,,,,,"","Yes",,"No","No","No",,"No","No","No","No","No","No",""
"60-19-93-23","No","Yes","No","No","No","No",,10,20,8,"Communally owned",50,"No",,2,"No","Yes","No","No","No","No",10,"No","No","No","No","No","No","No","No","No","No","Yes","No","","Yes","No","No","No","No","No","No",,"No","No","No","No",""
"98-71-23-55","No","Yes","No","No","No","No",,20,480,8,"Communally owned",50,"No",,30,,,,,,,,,,,,,,,,,,,,"","Yes","No",,"No","No","No","No","No","No","No","No","No",""
"88-09-79-89","No","Yes","No","No","No","No",,40,620,9,"Private owned with no land title",10,"No",,20,,,,,,,,,,,,,,,,,,,,"",,"No","Yes","No","No","No","No",,"No","No","No","No",""
"17-30-57-13",,,,,,,,,,,,,,,,,,,,,,,,,,,,,,,,,,,"",,,,,,,,,,,,,""
"34-24-20-27","No","Yes","No","No","No","No",,2,400,6.5,"Communally owned",30,"No",,10,,,,,,,,,,,,,,,,,,,,"",,"Yes",,"No","No","No","No","No","No","No","No","No",""
"13-99-53-09","No","Yes","No","No","No","No",,30,480,8,"Communally owned",25,"No",,7,"No","No","Yes","No","No","No",60,"Yes","No",,"No","No","No","No","No","No","No","No","No","","Yes","No","No","No","No","No","No","No","No","No","No","No",""
"62-74-89-68","No","Yes","No","No","No","No",,60,620,8,"Communally owned",6,"No",,10,,,,,,,,,,,,,,,,,,,,"","No","No","No","No","No","No","No","No","No","No","Yes","No",""
"10-78-86-05","No","Yes","No","No","No","No",,30,480,8,"Communally owned",30,"No",,10,,,,,,,,,,,,,,,,,,,,"","Yes","No","No","No","No","No","No",,"No","No","No","No",""
"58-17-83-09","No","Yes","No","No","No","No",,15,480,8,"Communally owned",60,"No",,20,,,,,,,,,,,,,,,,,,,,"","Yes","No","No",,"No","No","No","No","No","No","No","No",""
"86-94-71-57","Yes","Yes","No","No","No","No",,,,8,,,,,,,,,,,,,,,,,,,,,,,,,"","Yes","No","No","No","No","No","No",,"No","No","No","No",""
"13-61-09-88",,,,,,,,,,,,,,,,,,,,,,,,,,,,,,,,,,,"",,,,,,,,,,,,,""
"33-63-66-86","No","Yes","No","No","No","No",,40,620,8,"Communally owned",8,"No",,10,,,,,,,,,,,,,,,,,,,,"","No","No","No","No","No","No","No","No","No","No","Yes","No",""
"31-45-42-89","No","Yes","No","No","No","No",,5,420,7,"Communally owned",30,"No",,15,,,,,,,,,,,,,,,,,,,,"",,"Yes",,"No","No","No","No","No","No","No","No","No",""
"53-01-20-30","No","Yes","No","No","No","No",,5,440,7,"Communally owned",30,"No",,11,,,,,,,,,,,,,,,,,,,,"",,,"Yes","No","No","No","No","No","No","No","No","No",""
"13-52-61-75","No","Yes","No","No","No","No",,20,460,7,"Communally owned",50,"No",,14,,,,,,,,,,,,,,,,,,,,"","Yes","No",,"No","No","No","No",,"No","No","No","No",""
"64-05-06-14",,,,,,,,,,,,,,,,,,,,,,,,,,,,,,,,,,,"",,,,,,,,,,,,,""
"78-32-01-29","No","Yes","No","No","No","No",,30,660,11,"Communally owned",50,"No",,25,,,,,,,,,,,,,,,,,,,,"","Yes","No",,"No","No","No","No",,"No","No","No","No",""
"33-80-34-20",,,,,,,,,,,,,,,,,,,,,,,,,,,,,,,,,,,"",,,,,,,,,,,,,""
"10-62-40-22","No","Yes","No","No","No","No",,10,480,8,"Communally owned",10,"No",,5,"No","Yes","No","No","No","No",10,"Yes","No",,"No","No","No","No",,"No","No","No","No","","Yes","No",,"No","No","No","No",,"No","No","No","No",""
"82-40-44-86","No","Yes","No","No","No","No",,5,400,7,"Private owned with no land title",20,"Yes",500,20,,,,,,,,,,,,,,,,,,,,"","No","No",,"No",,"No","No","No","No","Yes","No","No",""
"52-02-93-49","No","Yes","No","No","No","No",,20,480,8,"Communally owned",20,"No",,3,"No","Yes","No","No","No","No",40,,"No","Yes","No","No",,"No","No","No","No","No","No","","Yes","No",,"No","No","No","No",,"No","No","No","No",""
"94-99-56-40",,,,,,,,,,,,,,,,,,,,,,,,,,,,,,,,,,,"",,,,,,,,,,,,,""
"32-71-99-16","Yes","Yes","No","No","No","No",,,,8,,,,,,,,,,,,,,,,,,,,,,,,,"","Yes","No",,"No","No","No","No",,"No","No","No","No",""
"91-09-88-25","No","Yes","No","No","No","No",,20,520,8,"Communally owned",50,"No",,50,,,,,,,,,,,,,,,,,,,,"",,"No","No","No","No",,"No","Yes","No","No","No","No",""
"53-58-51-62",,,,,,,,,,,,,,,,,,,,,,,,,,,,,,,,,,,"",,,,,,,,,,,,,""
"95-92-63-73","Yes","No","No","No","No","No",,,,6,,,,,,,,,,,,,,,,,,,,,,,,,"","Yes","No","No","No","No","No","No","No","No","No","No","No",""
"06-17-24-58","No","Yes","No","No","No","No",,5,450,7,"Communally owned",40,"No",,7,"No","Yes","No","No","No","No",240,"No","No","No","No","No","No","No","No","No","No","No","Yes","migrated to new region","No","Yes",,"No","No","No","No",,"No","No","No","No",""
"23-78-50-31",,,,,,,,,,,,,,,,,,,,,,,,,,,,,,,,,,,"",,,,,,,,,,,,,""
"20-84-25-59","No","Yes","No","No","No","No",,10,300,5,"Communally owned",15,"No",,15,,,,,,,,,,,,,,,,,,,,"","Yes","No","No","No","No","No","No","No","No","No","No","No",""
"97-31-09-83","No","Yes","No","No","No","No",,25,480,8,"Communally owned",120,"No",,20,,,,,,,,,,,,,,,,,,,,"","Yes","No",,"No",,"No","No","No","No","No","No","No",""
"56-22-99-66","No","Yes","No","No","No","No",,30,300,5,"Communally owned",20,"No",,30,,,,,,,,,,,,,,,,,,,,"","Yes","No","No","No","No","No","No",,"No","No","No","No",""
"05-92-75-52","No","Yes","No","No","No","No",,60,300,5,"Communally owned",20,"No",,20,,,,,,,,,,,,,,,,,,,,"","Yes",,,"No","No","No","No","No","No","No","No","No",""
"56-78-97-61",,,,,,,,,,,,,,,,,,,,,,,,,,,,,,,,,,,"",,,,,,,,,,,,,""
"89-05-59-72",,,,,,,,,,,,,,,,,,,,,,,,,,,,,,,,,,,"",,,,,,,,,,,,,""
"50-93-16-91","Yes","Yes","No","No","No","No",,,,7,,,,,,,,,,,,,,,,,,,,,,,,,"","Yes","No",,"No","No","No","No","No","No","No","No","No",""
"89-68-31-84",,,,,,,,,,,,,,,,,,,,,,,,,,,,,,,,,,,"",,,,,,,,,,,,,""
"37-58-34-11",,,,,,,,,,,,,,,,,,,,,,,,,,,,,,,,,,,"",,,,,,,,,,,,,""
"33-93-90-01","Yes","Yes","No","No","No","No",,,,8,,,,,,,,,,,,,,,,,,,,,,,,,"","Yes","No",,"No","No","No","No",,"No","No","No","No",""
"00-04-89-61","No","Yes","No","No","No","No",,30,480,8,"Communally owned",65,"No",,35,,,,,,,,,,,,,,,,,,,,"","Yes",,"No",,"No","No","No","No","No","No","No","No",""
"98-42-90-09",,,,,,,,,,,,,,,,,,,,,,,,,,,,,,,,,,,"",,,,,,,,,,,,,""
"81-57-29-94",,,,,,,,,,,,,,,,,,,,,,,,,,,,,,,,,,,"",,,,,,,,,,,,,""
"55-74-55-01","Yes","Yes","No","No","No","No",,,,7,,,,,,,,,,,,,,,,,,,,,,,,,"","Yes","No",,"No","No","No","No",,"No","No","No","No",""
"35-03-81-94","No","Yes","No","No","No","No",,20,480,8,"Communally owned",20,"No",,5,"No","Yes","No","No","No","No",20,"Yes","No",,"No","No","No","No","No","No","No","No","No","","Yes","No","No","No","No","No","No","No","No","No","No","No",""
"87-29-60-32","Yes","No","No","No","No","No",,,,8,,,,,,,,,,,,,,,,,,,,,,,,,"","No","No","No","No","No","No","No","Yes","No","No","No","No",""
"59-04-53-64","Yes","Yes","No","No","No","No",,,,9,,,,,,,,,,,,,,,,,,,,,,,,,"",,"No","No","No","No","No","No","Yes",,"No","No","No",""
"82-68-38-51",,,,,,,,,,,,,,,,,,,,,,,,,,,,,,,,,,,"",,,,,,,,,,,,,""
"64-96-99-21",,,,,,,,,,,,,,,,,,,,,,,,,,,,,,,,,,,"",,,,,,,,,,,,,""
"36-02-93-74","Yes","No","No","No","No","No",,,,8,,,,,,,,,,,,,,,,,,,,,,,,,"","Yes","No","No","No","No","No","No",,"No","No","No","No",""
"56-43-23-52","No","Yes","No","No","No","No",,60,580,8,"Communally owned",6,"No",,15,,,,,,,,,,,,,,,,,,,,"","Yes","No",,"No","No","No","No",,"No","No","No","No",""
"42-33-55-75",,,,,,,,,,,,,,,,,,,,,,,,,,,,,,,,,,,"",,,,,,,,,,,,,""
"67-03-64-23","No","Yes","No","No","No","No",,60,660,11,"Communally owned",30,"No",,20,,,,,,,,,,,,,,,,,,,,"","Yes","No",,"No","No","No",,"No","No","No","No","No",""
"34-93-29-30",,,,,,,,,,,,,,,,,,,,,,,,,,,,,,,,,,,"",,,,,,,,,,,,,""
"74-55-51-40","No","Yes","No","No","No","No",,30,660,11,"Communally owned",30,"No",,15,,,,,,,,,,,,,,,,,,,,"","Yes",,,"No","No","No","No","No","No","No","No","No",""
"64-62-65-29","No","No","Yes","No","No","No",,60,480,8,"Private owned with no land title",30,"No",,3,"No","Yes","No","No","No","No",30,"Yes","No","No","No",,"No","No",,"No","No","No","No","","No","No",,"No","No","Yes","No",,"No","No","No","No",""
"30-54-31-50","No","Yes","No","No","No","No",,60,660,11,"Communally owned",50,"No",,30,,,,,,,,,,,,,,,,,,,,"","Yes",,,"No","No","No","No","No","No","No","No","No",""
"42-02-08-83","No","Yes","No","No","No","No",,30,420,6,"Communally owned",5,"No",,.2,"No","No","No","Yes","No","No",60,"Yes","No",,"No","No","No","No",,"No","No","No","No","","Yes",,,"No","No","No","No","No","No","No","No","No",""
"04-71-60-91",,,,,,,,,,,,,,,,,,,,,,,,,,,,,,,,,,,"",,,,,,,,,,,,,""
"37-15-67-95","No","Yes","No","No","No","No",,30,660,11,"Communally owned",30,"No",,10,,,,,,,,,,,,,,,,,,,,"","Yes",,,"No","No","No","No","No","No","No","No","No",""
"42-23-71-10",,,,,,,,,,,,,,,,,,,,,,,,,,,,,,,,,,,"",,,,,,,,,,,,,""
"50-11-26-74","No","Yes","No","No","No","No",,10,400,7,"Communally owned",30,"No",,25,,,,,,,,,,,,,,,,,,,,"","No","No","Yes","No","No",,"No",,"No","No","No","No",""
"41-04-96-60","No","Yes","No","No","No","No",,30,480,8,"Communally owned",100,"No",,10,,,,,,,,,,,,,,,,,,,,"","Yes","No","No","No","No","No","No",,"No","No","No","No",""
"64-11-10-98",,,,,,,,,,,,,,,,,,,,,,,,,,,,,,,,,,,"",,,,,,,,,,,,,""
"57-81-30-05","No","Yes","No","No","No","No",,20,450,7,"Communally owned",20,"No",,6,"No","Yes","No","No","No","No",200,"No","No","Yes","No",,"No","No",,"No","No","No","No","",,"Yes",,"No","No","No","No","No","No","No","No","No",""
"88-77-78-80","No","Yes","No","No","No","No",,30,300,5,"Communally owned",32,"No",,15,,,,,,,,,,,,,,,,,,,,"","Yes","No",,"No","No","No","No","No","No","No","No",,"Wildlife conflicts"
"50-74-95-60","No","No","Yes","No","No","No",,45,240,8,"Private owned with land title",20,"No",,10,,,,,,,,,,,,,,,,,,,,"",,"No","No","No","No","No","No","Yes","No","No","No","No",""
"99-69-07-36","No","Yes","No","No","No","No",,25,420,8,"Communally owned",65,"No",,15,,,,,,,,,,,,,,,,,,,,"","Yes","No",,"No","No","No","No",,"No","No","No","No",""
"94-52-87-82","No","Yes","No","No","No","No",,60,620,9,"Communally owned",8,"No",,10,,,,,,,,,,,,,,,,,,,,"","Yes",,,"No","No","No","No","No","No","No","No","No",""
"36-65-12-21",,,,,,,,,,,,,,,,,,,,,,,,,,,,,,,,,,,"",,,,,,,,,,,,,""
"97-41-99-18",,,,,,,,,,,,,,,,,,,,,,,,,,,,,,,,,,,"",,,,,,,,,,,,,""
"90-57-88-40",,,,,,,,,,,,,,,,,,,,,,,,,,,,,,,,,,,"",,,,,,,,,,,,,""
"38-86-39-27","No","Yes","No","No","No","No",,10,480,8,"Communally owned",15,"No",,10,,,,,,,,,,,,,,,,,,,,"",,"No","Yes","No","No","No","No",,"No","No","No","No",""
"03-07-08-19","No","Yes","No","No","No","No",,60,620,8,"Communally owned",7,"No",,10,,,,,,,,,,,,,,,,,,,,"","Yes","No",,"No","No","No","No",,"No","No","No","No",""
"72-39-10-40","No","Yes","No","No","No","No",,5,400,7,"Private owned with no land title",30,"No",,20,,,,,,,,,,,,,,,,,,,,"","Yes","No",,"No","No","No","No",,"No","No","No","No",""
"06-58-90-91","No","Yes","No","No","No","No",,20,480,8,"Private owned with no land title",80,"No",,3,"No","Yes","No","No","No","No",30,"Yes","No",,"No","No","No","No","No","No","No","No","No","","Yes","No",,"No","No","No","No","No","No","No","No","No",""
"20-64-53-81","No","Yes","No","No","No","No",,30,240,4,"Communally owned",30,"No",,345,,,,,,,,,,,,,,,,,,,,"","Yes","No",,"No","No","No","No","No",,"No","No","No",""
"64-24-49-94","No","No","Yes","No","No","No",,120,300,5,"Communally owned",30,"No",,10,,,,,,,,,,,,,,,,,,,,"","Yes","No",,"No","No","No","No","No",,"No","No","No",""
"84-08-92-59","No","Yes","No","No","No","No",,30,300,5,"Communally owned",35,"No",,45,,,,,,,,,,,,,,,,,,,,"","Yes",,"No","No","No",,"No","No","No","No","No","No",""
"80-92-01-63",,,,,,,,,,,,,,,,,,,,,,,,,,,,,,,,,,,"",,,,,,,,,,,,,""
"39-04-13-87",,,,,,,,,,,,,,,,,,,,,,,,,,,,,,,,,,,"",,,,,,,,,,,,,""
"12-81-58-78","No","Yes","No","No","No","No",,210,420,7,"Communally owned",30,"No",,8,"No","Yes","No","No","No","No",5,"No","No","No","No","No","No","No","No","No","No","Yes","No","","Yes","No",,"No","No","No","No",,"No","No","No","No",""
"07-91-23-12",,,,,,,,,,,,,,,,,,,,,,,,,,,,,,,,,,,"",,,,,,,,,,,,,""
"46-43-23-18","No","No","Yes","No","No","No",,60,420,5,"Communally owned",50,"No",,3,"No","No","Yes","No","No","No",30,,"Yes",,"No","No","No","No","No","No","No","No","No","","No","No","Yes","No","No","No","No",,,"No","No","No",""
"48-70-52-60","Yes","Yes","No","No","No","No",,,,6,,,,,,,,,,,,,,,,,,,,,,,,,"","Yes","No","No","No","No","No","No",,,"No","No","No",""
"64-66-30-53","No","Yes","No","No","No","No",,30,300,5,"Communally owned",30,"No",,30,,,,,,,,,,,,,,,,,,,,"","Yes",,,"No","No","No","No","No","No","No","No","No",""
"07-19-59-75",,,,,,,,,,,,,,,,,,,,,,,,,,,,,,,,,,,"",,,,,,,,,,,,,""
"03-69-84-05","Yes","Yes","No","No","No","No",,,,8,,,,,,,,,,,,,,,,,,,,,,,,,"","Yes","No","No","No","No","No","No","No","No","No","No","No",""
"55-07-48-89","No","Yes","Yes","No","No","No",,120,480,8,"State owned",60,"No",,3,"No","Yes","No","No","No","Yes",15,"No","No","No","No","Yes","No","No",,"No","No","No","No","","Yes","No",,"No","No",,"No","No","No","No","No","No",""
"84-64-87-37","No","Yes","No","No","No","No",,40,540,9,"Communally owned",100,"No",,15,,,,,,,,,,,,,,,,,,,,"","Yes","No",,"No","No","No","No","No","No","No","No","No",""
"01-15-12-42","No","Yes","No","No","No","No",,30,660,11,"Communally owned",100,"No",,10,,,,,,,,,,,,,,,,,,,,"","Yes",,,"No","No","No","No","No","No","No","No","No",""
"99-30-86-99","No","Yes","No","No","No","No",,5,400,7,"Communally owned",25,"No",,10,,,,,,,,,,,,,,,,,,,,"","Yes","No",,"No","No",,"No","No","No","No","No","No",""
"43-03-84-96",,,,,,,,,,,,,,,,,,,,,,,,,,,,,,,,,,,"",,,,,,,,,,,,,""
"16-96-89-30","No","Yes","No","No","No","No",,20,580,9,"Communally owned",50,"No",,30,,,,,,,,,,,,,,,,,,,,"","Yes",,,"No","No","No","No","No","No","No","No","No",""
"26-40-62-78",,,,,,,,,,,,,,,,,,,,,,,,,,,,,,,,,,,"",,,,,,,,,,,,,""
"45-82-95-63","No","Yes","No","No","No","No",,60,360,6,"Communally owned",50,"No",,1,"No","No","Yes","No","No","No",60,"No","No","No","No","No","No","No","No","No","No","No","Yes","moved out to another village","Yes","No",,"No","No","No","No","No",,"No","No","No",""
"19-12-89-41","No","Yes","No","No","No","No",,10,500,8,"Co-share/ co-farming",20,"No",,20,,,,,,,,,,,,,,,,,,,,"","No","No","No","No","No","No","No","No","No","No","Yes","No",""
"86-61-90-88","No","Yes","No","No","No","No",,40,100,8,"Leased/rented",50,"No",,15,,,,,,,,,,,,,,,,,,,,"","Yes","No",,"No","No","No","No","No","No","No","No","No",""
"01-74-93-41",,,,,,,,,,,,,,,,,,,,,,,,,,,,,,,,,,,"",,,,,,,,,,,,,""
"38-25-54-65","No","Yes","No","No","No","No",,60,660,11,"Communally owned",50,"No",,8,"No","Yes","No","No","No","No",60,"Yes","No","No","No",,"No",,"No","No","No","No","No","","Yes",,,"No","No","No","No","No","No","No","No","No",""
"21-70-86-32",,,,,,,,,,,,,,,,,,,,,,,,,,,,,,,,,,,"",,,,,,,,,,,,,""
"02-81-96-02","No","Yes","No","No","No","No",,60,600,8,"Communally owned",50,"No",,3,"No","Yes","No","No","No","No",60,"No","No","No","No","No","No","No","No","No","No","Yes","No","","Yes",,"No","No","No","No","No",,"No","No","No","No",""
"54-34-58-95","Yes","Yes","No","No","No","No",,,,8,,,,,,,,,,,,,,,,,,,,,,,,,"",,"No","No","No","No","No","No","Yes","No","No","No","No",""
"76-19-75-88","No","Yes","No","No","No","No",,30,480,8,"Communally owned",200,"No",,15,,,,,,,,,,,,,,,,,,,,"","Yes","No","No","No","No","No","No",,"No","No","No","No",""
"66-74-73-77","No","Yes","No","No","No","No",,20,480,8,"Communally owned",65,"No",,10,,,,,,,,,,,,,,,,,,,,"","Yes","No","No","No","No","No","No",,"No","No","No","No",""
"08-37-41-83","No","No","Yes","No","No","No",,90,560,6,"Communally owned",20,"No",,5,"No","No","Yes","No","No","No",90,"No","No","No","Yes","No","No",,,"No","No","No","No","","Yes","No","No","No","No",,"No",,"No","No","No","No",""
"68-02-84-17","No","No","Yes","No","No","No",,45,480,8,"Communally owned",60,"No",,2,"No","Yes","No","No","No","No",20,"Yes","No","No","No",,"No","No","No","No","No","No","No","","Yes",,"No","No","No","No","No","No",,"No","No","No",""
"75-80-31-44","No","No","Yes","No","No","No",,30,300,5,"Communally owned",100,"No",,10,,,,,,,,,,,,,,,,,,,,"","Yes",,,"No","No","No","No","No","No","No","No","No",""
"27-87-86-78",,,,,,,,,,,,,,,,,,,,,,,,,,,,,,,,,,,"",,,,,,,,,,,,,""
"69-86-48-74","No","Yes","No","No","No","No",,20,400,6,"Communally owned",20,"No",,2,"No","Yes","No","No","No","No",20,"No","No","No","No","No","No","No","No","No","No","Yes","No","","No","Yes","No","No","No","No","No","No","No","No","No","No",""
"71-45-11-71","No","Yes","No","No","No","No",,10,450,8,"Communally owned",50,"No",,15,,,,,,,,,,,,,,,,,,,,"","Yes",,,"No","No","No","No","No","No","No","No","No",""
"04-56-93-47","No","Yes","No","No","No","No",,10,480,8,"Private owned with no land title",40,"No",,3,"No","Yes","No","No","No","No",70,"Yes","No",,"No","No","No","No","No","No","No","No","No","","Yes","No",,"No","No",,"No","No","No","No","No","No",""
"48-20-93-40","Yes","No","No","No","No","No",,,,3,,,,,,,,,,,,,,,,,,,,,,,,,"",,"No","No","No",,"No","No","Yes","No","No","No","No",""
"77-28-28-65","No","Yes","No","No","No","No",,15,560,5,"Communally owned",50,"No",,8,"No","Yes","No","No","No","No",120,"Yes","No",,"No","No","No","No",,"No","No","No","No","","Yes","No","No","No","No","No","No",,"No","No","No",,"livestock disease"
"11-74-52-10","No","Yes","No","No","No","No",,60,660,11,"Communally owned",24,"No",,20,,,,,,,,,,,,,,,,,,,,"","Yes",,,"No","No","No","No","No","No","No","No","No",""
"15-73-69-92",,,,,,,,,,,,,,,,,,,,,,,,,,,,,,,,,,,"",,,,,,,,,,,,,""
"18-25-85-30","No","Yes","No","No","No","No",,10,420,7,"Communally owned",25,"No",,30,,,,,,,,,,,,,,,,,,,,"",,"Yes",,"No","No","No","No","No","No","No","No","No",""
"97-74-49-80","No","No","Yes","No","No","No",,180,540,9,"Communally owned",50,"No",,12,,,,,,,,,,,,,,,,,,,,"","Yes","No","No","No","No","No","No",,,"No","No","No",""
"65-28-28-23","No","Yes","No","No","No","No",,30,90,8,"Leased/rented",30,"No",,30,,,,,,,,,,,,,,,,,,,,"","Yes","No",,"No","No","No","No","No","No","No","No","No",""
"60-02-55-31","No","Yes","No","No","No","No",,30,420,5,"Communally owned",4,"No",,10,,,,,,,,,,,,,,,,,,,,"","No","No","No","No","No","No","No","No","No","No","Yes","No",""
"82-11-02-31",,,,,,,,,,,,,,,,,,,,,,,,,,,,,,,,,,,"",,,,,,,,,,,,,""
"57-80-52-25","No","Yes","No","No","No","No",,20,460,8,"Communally owned",50,"No",,10,,,,,,,,,,,,,,,,,,,,"","Yes",,,"No","No","No","No","No","No","No","No","No",""
"72-15-05-10","No","Yes","No","No","No","No",,20,400,6,"Communally owned",20,"No",,5,"No","No","No","No","No","Yes",20,"No","No","No","No","No","No","No","No","No","No","Yes","No","","Yes","No",,"No","No","No","No",,"No","No","No","No",""
"74-51-85-05","No","No","Yes","No","No","No",,120,360,6,"Communally owned",30,"No",,10,,,,,,,,,,,,,,,,,,,,"","Yes","No","No","No","No","No","No",,,"No","No","No",""
"86-09-61-31","No","Yes","No","No","No","No",,30,600,10,"Communally owned",20,"No",,20,,,,,,,,,,,,,,,,,,,,"","Yes",,,"No","No","No","No","No","No","No","No","No",""
"93-25-93-51","No","Yes","No","No","No","No",,60,600,10,"Communally owned",30,"No",,30,,,,,,,,,,,,,,,,,,,,"","Yes","No",,"No","No","No","No",,"No","No","No","No",""
"46-18-65-43",,,,,,,,,,,,,,,,,,,,,,,,,,,,,,,,,,,"",,,,,,,,,,,,,""
"04-39-31-02","Yes","Yes","No","No","No","No",,,,7,,,,,,,,,,,,,,,,,,,,,,,,,"","Yes",,"No","No",,"No","No","No","No","No","No","No",""
"95-71-10-81","Yes","Yes","No","No","No","No",,,,8,,,,,,,,,,,,,,,,,,,,,,,,,"","Yes",,"No","No",,"No","No","No","No","No","No","No",""
"12-15-65-08",,,,,,,,,,,,,,,,,,,,,,,,,,,,,,,,,,,"",,,,,,,,,,,,,""
"44-29-85-16",,,,,,,,,,,,,,,,,,,,,,,,,,,,,,,,,,,"",,,,,,,,,,,,,""
"71-69-40-35","No","Yes","No","No","No","No",,40,620,9,"Communally owned",10,"No",,20,,,,,,,,,,,,,,,,,,,,"","Yes","No",,"No","No","No","No",,"No","No","No","No",""
"06-79-89-11","No","Yes","No","No","No","No",,10,480,8,"Communally owned",10,"No",,12,,,,,,,,,,,,,,,,,,,,"","Yes",,,"No","No","No","No","No","No","No","No","No",""
"21-46-83-44",,,,,,,,,,,,,,,,,,,,,,,,,,,,,,,,,,,"",,,,,,,,,,,,,""
"53-46-63-99","No","Yes","No","No","No","No",,30,540,9,"Communally owned",50,"No",,25,,,,,,,,,,,,,,,,,,,,"","Yes","No","No","No","No","No","No",,"No","No","No",,"livestock disease"
"92-47-39-90","No","Yes","No","No","No","No",,30,480,8,"Communally owned",26,"No",,30,,,,,,,,,,,,,,,,,,,,"",,"No","No","No","No","No","No",,"No","No","No","Yes","Wildlife conflicts"
"48-13-13-53","No","Yes","No","No","No","No",,30,520,7,"Private owned with no land title",15,"No",,20,,,,,,,,,,,,,,,,,,,,"",,"No","Yes","No","No","No","No",,"No","No","No","No",""
"22-45-98-08",,,,,,,,,,,,,,,,,,,,,,,,,,,,,,,,,,,"",,,,,,,,,,,,,""
"05-13-82-78","No","Yes","No","No","No","No",,15,720,9,"Communally owned",50,"No",,30,,,,,,,,,,,,,,,,,,,,"","Yes","No",,"No","No","No","No",,"No","No","No","No",""
"38-34-24-20","No","Yes","No","No","No","No",,45,630,9,"Communally owned",4,"No",,10,,,,,,,,,,,,,,,,,,,,"","Yes","No",,"No","No","No","No",,"No","No","No","No",""
"95-32-48-88",,,,,,,,,,,,,,,,,,,,,,,,,,,,,,,,,,,"",,,,,,,,,,,,,""
"38-26-85-56","No","Yes","No","No","No","No",,60,680,9,"Communally owned",7,"No",,11,,,,,,,,,,,,,,,,,,,,"",,"No","Yes","No","No","No","No",,"No","No","No","No",""
"14-26-58-26","No","Yes","No","No","No","No",,20,480,8,"Communally owned",10,"No",,2,"No","No","Yes","No","No","No",1440,"No",,"Yes","No","No","No","No",,"No","No","No","No","","Yes","No","No","No","No","No","No","No","No","No","No","No",""
"98-72-74-27",,,,,,,,,,,,,,,,,,,,,,,,,,,,,,,,,,,"",,,,,,,,,,,,,""
"71-71-39-84","No","Yes","No","No","No","No",,60,680,9,"Communally owned",4,"No",,5,"No","Yes","No","No","No","No",120,"Yes","No",,"No","No","No","No",,"No","No","No","No","",,,"No","No","No","No","No","Yes","No","No","No","No",""
"22-94-31-61","No","Yes","No","No","No","No",,60,660,11,"Communally owned",20,"No",,30,,,,,,,,,,,,,,,,,,,,"","Yes",,,"No","No","No","No","No","No","No","No","No",""
"76-87-83-96",,,,,,,,,,,,,,,,,,,,,,,,,,,,,,,,,,,"",,,,,,,,,,,,,""
"76-33-66-65",,,,,,,,,,,,,,,,,,,,,,,,,,,,,,,,,,,"",,,,,,,,,,,,,""
"20-69-31-32","No","Yes","No","No","No","No",,20,520,8,"Communally owned",20,"No",,40,,,,,,,,,,,,,,,,,,,,"","Yes","No","No","No","No","No","No","No","No",,"No","No",""
"32-73-67-08","No","Yes","No","No","No","No",,20,360,4,"Communally owned",30,"No",,20,,,,,,,,,,,,,,,,,,,,"","No","No","No","No","No","No","No","No","No","No","Yes","No",""
"52-15-60-99","No","Yes","No","No","No","No",,2,420,7,"Communally owned",10,"No",,20,,,,,,,,,,,,,,,,,,,,"","No","No",,,"No","No","Yes","No","No","No","No","No",""
"82-73-01-57","No","No","Yes","No","No","No",,60,360,6,"Communally owned",20,"No",,30,,,,,,,,,,,,,,,,,,,,"","Yes","No",,"No","No","No","No","No","No","No","No","No",""
"89-62-46-70","Yes","No","No","No","No","No",,,,9,,,,,,,,,,,,,,,,,,,,,,,,,"","No","No","No","No","No","No","No","Yes","No","No","No","No",""
"54-18-77-83","No","Yes","No","No","No","No",,60,600,10,"Communally owned",30,"No",,25,,,,,,,,,,,,,,,,,,,,"","Yes","No","No","No",,"No",,"No","No","No","No","No",""
"54-86-93-60","Yes","No","No","No","No","No",,,,8,,,,,,,,,,,,,,,,,,,,,,,,,"","Yes","No","No","No","No","No","No","No","No","No","No","No",""
"33-07-96-51","Yes","Yes","No","No","No","No",,,,8,,,,,,,,,,,,,,,,,,,,,,,,,"","Yes","No","No","No","No","No","No","No","No","No","No","No",""
"10-60-87-78","No","Yes","No","No","No","No",,60,420,5,"Communally owned",50,"No",,5,"No","Yes","No","No","No","No",60,"Yes",,"No","No","No","No","No",,"No","No","No","No","",,"No","No","No","No","No","No","Yes","No","No","No","No",""
"60-37-22-12","No","Yes","No","No","No","No",,5,420,4,"Private owned with no land title",30,"No",,20,,,,,,,,,,,,,,,,,,,,"","Yes","No",,"No","No",,"No","No","No","No","No","No",""
"65-07-81-76","No","Yes","No","No","No","No",,5,400,7,"Communally owned",20,"No",,20,,,,,,,,,,,,,,,,,,,,"",,"No","Yes","No","No","No","No",,"No","No","No","No",""
"94-01-94-60","No","Yes","No","No","No","No",,10,260,4,"Communally owned",4,"No",,5,"No","Yes","No","No","No","No",10,"No","No","No","No","No","No","No","No","No","No","Yes","No","","No","No","No","No","No","No","No","Yes","No","No","No","No",""
"26-94-35-48","No","Yes","No","No","No","No",,60,620,9,"Communally owned",10,"No",,1,"No","No","Yes","No","No","No",60,"Yes","No",,"No","No","No","No",,"No","No","No","No","","No",,"Yes","No","No","No","No",,"No","No","No","No",""
"34-70-02-31",,,,,,,,,,,,,,,,,,,,,,,,,,,,,,,,,,,"",,,,,,,,,,,,,""
"04-31-65-65","No","Yes","No","No","No","No",,60,420,5,"Communally owned",40,"No",,5,"No","Yes","No","No","No","No",20,"No","No","No","No","No","No","No","No","No","No","Yes","No","","Yes","No","No","No","No","No","No","No","No","No","No","No",""
"95-85-00-75",,,,,,,,,,,,,,,,,,,,,,,,,,,,,,,,,,,"",,,,,,,,,,,,,""
"41-04-08-56","No","Yes","No","No","No","No",,10,400,7,"Communally owned",25,"No",,20,,,,,,,,,,,,,,,,,,,,"",,"No","Yes","No","No","No","No",,"No","No","No","No",""
"36-17-00-87","No","Yes","No","No","No","No",,5,480,8,"Communally owned",50,"No",,10,,,,,,,,,,,,,,,,,,,,"","Yes","No",,"No","No","No","No",,"No","No","No","No",""
"05-33-40-10","No","Yes","No","No","No","No",,30,360,5,"Communally owned",10,"No",,4,"No","Yes","No","No","No","No",30,"No","No","No","No","No","No","No","No","No","No","Yes","No","","Yes","No","No","No","No","No","No",,"No","No","No","No",""
"27-67-11-74","No","Yes","No","No","No","No",,10,320,5,"Communally owned",30,"No",,15,,,,,,,,,,,,,,,,,,,,"","No","Yes",,"No","No","No","No",,"No","No","No","No",""
"42-16-66-43","No","Yes","No","No","No","No",,50,640,9,"Communally owned",10,"No",,10,,,,,,,,,,,,,,,,,,,,"","No",,,"No","No","No","No","Yes","No","No","No","No",""
"07-13-95-29","No","Yes","No","No","No","No",,30,480,8,"Communally owned",100,"No",,6,"No","No","No","No","No","Yes",30,"No","No","No","No","Yes","No","No","No","No","No","No","No","",,,"No","No","No","Yes","No","No","No","No","No","No",""
"96-93-55-42",,,,,,,,,,,,,,,,,,,,,,,,,,,,,,,,,,,"",,,,,,,,,,,,,""
"35-46-21-62","Yes","Yes","No","No","No","No",,,,7,,,,,,,,,,,,,,,,,,,,,,,,,"","No","No","No","No","No","No","No","Yes","No","No","No","No",""
"40-51-79-00","No","Yes","No","No","No","No",,30,660,10,"Communally owned",30,"No",,50,,,,,,,,,,,,,,,,,,,,"","Yes","No",,"No","No",,"No","No","No","No","No","No",""
"80-05-91-55","No","Yes","No","No","No","No",,5,420,7,"Communally owned",20,"No",,20,,,,,,,,,,,,,,,,,,,,"",,"No","Yes","No","No",,"No","No","No","No","No","No",""
"59-22-24-47","No","Yes","No","No","No","No",,60,360,4,"Communally owned",20,"No",,10,,,,,,,,,,,,,,,,,,,,"","No","No","No","No","No","No","No","No","No","No","Yes","No",""
"78-46-05-26","No","Yes","No","No","No","No",,30,360,6,"Communally owned",20,"No",,15,,,,,,,,,,,,,,,,,,,,"","Yes","No",,"No",,"No","No","No","No","No","No","No",""
"01-54-87-19","No","Yes","No","No","No","No",,60,120,9,"Private owned with no land title",15,"No",,30,,,,,,,,,,,,,,,,,,,,"",,"No","No","No","No","No","No","Yes",,"No","No","No",""
"64-06-48-62","No","Yes","No","No","No","No",,10,480,8,"Communally owned",20,"No",,7,"No","Yes","No","No","No","No",120,"Yes","No",,"No","No","No","No",,"No","No","No","No","","Yes","No",,"No","No","No","No",,"No","No","No","No",""
"21-65-85-03","No","Yes","No","No","No","No",,30,480,7,"Communally owned",20,"No",,7,"No","No","No","No","No","Yes",30,"No","No","No","No","No","No","No","No","No","No","No","Yes","didn't change","Yes","No",,"No","No","No","No",,"No","No","No","No",""
"03-81-70-83",,,,,,,,,,,,,,,,,,,,,,,,,,,,,,,,,,,"",,,,,,,,,,,,,""
"22-43-82-01",,,,,,,,,,,,,,,,,,,,,,,,,,,,,,,,,,,"",,,,,,,,,,,,,""
"40-89-32-79","Yes","No","No","No","No","No",,,,8,,,,,,,,,,,,,,,,,,,,,,,,,"","Yes","No",,"No","No","No","No",,"No","No","No","No",""
"94-65-34-20","No","Yes","No","No","No","No",,40,560,8,"Private owned with no land title",15,"No",,18,,,,,,,,,,,,,,,,,,,,"",,"No","Yes","No",,"No","No","No","No","No","No","No",""
"17-73-42-21",,,,,,,,,,,,,,,,,,,,,,,,,,,,,,,,,,,"",,,,,,,,,,,,,""
"86-29-59-93","No","Yes","No","No","No","No",,30,480,8,"Private owned with no land title",40,"No",,20,,,,,,,,,,,,,,,,,,,,"","Yes","No",,"No","No","No","No",,"No","No","No","No",""
"88-87-27-22",,,,,,,,,,,,,,,,,,,,,,,,,,,,,,,,,,,"",,,,,,,,,,,,,""
"17-95-26-62","No","Yes","No","No","No","No",,1,420,5,"Communally owned",100,"No",,20,,,,,,,,,,,,,,,,,,,,"","No","No","No","No","No","No","No","Yes","No","No","No","No",""
"86-23-74-18","Yes","No","No","No","No","No",,,,10,,,,,,,,,,,,,,,,,,,,,,,,,"","Yes",,,"No","No","No","No","No","No","No","No","No",""
"69-47-17-72",,,,,,,,,,,,,,,,,,,,,,,,,,,,,,,,,,,"",,,,,,,,,,,,,""
"77-46-09-31","Yes","Yes","No","No","No","No",,,,8,,,,,,,,,,,,,,,,,,,,,,,,,"","No","No","No","No","No","No","No","Yes","No","No","No","No",""
"97-62-36-16",,,,,,,,,,,,,,,,,,,,,,,,,,,,,,,,,,,"",,,,,,,,,,,,,""
"39-46-61-12","No","Yes","No","No","No","No",,10,420,7,"Communally owned",21,"No",,50,,,,,,,,,,,,,,,,,,,,"",,"No","Yes","No","No","No","No",,"No","No","No","No",""
"51-78-77-10","Yes","Yes","No","No","No","No",,,,8,,,,,,,,,,,,,,,,,,,,,,,,,"","No","No","No","No","No","No","No","Yes","No","No","No","No",""
"95-19-67-91","No","Yes","No","No","No","No",,20,480,8,"Communally owned",30,"No",,20,,,,,,,,,,,,,,,,,,,,"","Yes","No",,"No","No","No","No",,"No","No","No","No",""
"90-10-35-11","No","Yes","No","No","No","No",,30,480,8,"Private owned with no land title",20,"No",,20,,,,,,,,,,,,,,,,,,,,"",,"No","No","No","No","No","No","Yes","No","No","No","No",""
"43-53-25-48",,,,,,,,,,,,,,,,,,,,,,,,,,,,,,,,,,,"",,,,,,,,,,,,,""
"91-87-02-88","No","Yes","No","No","No","No",,2,400,8,"Private owned with no land title",20,"No",,30,,,,,,,,,,,,,,,,,,,,"","No","No",,"Yes","No","No",,"No","No","No","No","No",""
"54-62-08-69","Yes","Yes","No","No","No","No",,,,8,,,,,,,,,,,,,,,,,,,,,,,,,"","Yes","No","No","No","No","No","No",,,"No","No","No",""
"37-56-30-78",,,,,,,,,,,,,,,,,,,,,,,,,,,,,,,,,,,"",,,,,,,,,,,,,""
"08-23-42-65","No","Yes","No","No","No","No",,1,420,7,"Communally owned",20,"No",,20,,,,,,,,,,,,,,,,,,,,"","No","No",,"Yes","No","No",,"No","No","No","No","No",""
"59-85-68-42","Yes","Yes","No","No","No","No",,,,7,,,,,,,,,,,,,,,,,,,,,,,,,"",,"No","No","No","No","No","No","Yes","No","No","No","No",""
"84-09-48-58",,,,,,,,,,,,,,,,,,,,,,,,,,,,,,,,,,,"",,,,,,,,,,,,,""
"75-58-20-42","Yes","Yes","No","No","No","No",,,,8,,,,,,,,,,,,,,,,,,,,,,,,,"",,"No","No","No","No","No",,"Yes","No","No","No","No",""
"00-68-70-04","No","Yes","No","No","No","No",,5,480,8,"Communally owned",5,"No",,2,"No","Yes","No","No","No","No",5,"Yes","No","No","No","No","No","No","No","No","No","No","No","","Yes","No","No","No","No","No","No","No","No","No","No","No",""
"51-54-98-03",,,,,,,,,,,,,,,,,,,,,,,,,,,,,,,,,,,"",,,,,,,,,,,,,""
"90-58-96-49","Yes","Yes","No","No","No","No",,,,8,,,,,,,,,,,,,,,,,,,,,,,,,"","No","No","No","No","No","No","No","Yes","No","No","No","No",""
"07-07-62-62","No","Yes","No","No","No","No",,30,480,8,"Private owned with land title",20,"No",,6,"No","Yes","No","No","No","No",20,"Yes","No","No","No","No","No","No",,"No","No","No","No","","Yes","No","No","No","No","No","No","No",,"No","No","No",""
"26-08-54-15","No","Yes","No","No","No","No",,30,300,5,"Communally owned",15,"No",,10,,,,,,,,,,,,,,,,,,,,"","Yes",,"No","No","No","No","No",,"No","No","No","No",""
"98-80-86-00",,,,,,,,,,,,,,,,,,,,,,,,,,,,,,,,,,,"",,,,,,,,,,,,,""
"19-36-93-83","No","Yes","No","No","No","No",,30,480,8,"Communally owned",50,"No",,21,,,,,,,,,,,,,,,,,,,,"","Yes","No",,"No","No","No","No","No",,"No","No","No",""
"39-74-73-78","No","Yes","No","No","No","No",,30,300,5,"Communally owned",30,"No",,11,,,,,,,,,,,,,,,,,,,,"","Yes","No","No","No",,"No",,"No","No","No","No","No",""
"73-63-00-42",,,,,,,,,,,,,,,,,,,,,,,,,,,,,,,,,,,"",,,,,,,,,,,,,""
"15-80-74-06","No","Yes","No","No","No","No",,30,480,7,"Communally owned",20,"No",,50,,,,,,,,,,,,,,,,,,,,"","No","No","No","No","No","No","No","Yes","No","No","No",,"wirld life invasion"
"40-74-32-61","No","Yes","No","No","No","No",,10,420,7,"Communally owned",10,"No",,50,,,,,,,,,,,,,,,,,,,,"","Yes","No",,"No","No","No","No","No","No","No","No",,"invasion of other species"
"95-10-30-55","Yes","Yes","No","No","No","No",,,,8,,,,,,,,,,,,,,,,,,,,,,,,,"","No","Yes","No","No",,,"No","No","No","No","No","No",""
"93-89-51-75","No","Yes","No","No","No","No",,20,520,8,"Communally owned",20,"No",,50,,,,,,,,,,,,,,,,,,,,"","Yes","No","No","No","No","No","No",,"No","No","No",,"wild life invasion"
"75-95-38-57","No","Yes","No","No","No","No",,180,1020,11,"Private owned with no land title",20,"No",,48,,,,,,,,,,,,,,,,,,,,"","No","No","Yes","No",,"No","No","No",,"No","No","No",""
"34-96-82-10",,,,,,,,,,,,,,,,,,,,,,,,,,,,,,,,,,,"",,,,,,,,,,,,,""
"90-41-75-26","No","Yes","No","No","No","No",,10,540,9,"Communally owned",30,"No",,10,,,,,,,,,,,,,,,,,,,,"","Yes","No",,"No","No","No","No",,"No","No","No","No",""
"93-64-37-20",,,,,,,,,,,,,,,,,,,,,,,,,,,,,,,,,,,"",,,,,,,,,,,,,""
"91-66-07-16","No","Yes","No","No","No","No",,30,540,8,"Communally owned",20,"No",,20,,,,,,,,,,,,,,,,,,,,"","Yes","No","No","No","No","No","No",,,"No","No","No",""
"60-51-83-59","No","Yes","No","No","No","No",,10,400,7,"Private owned with no land title",33,"No",,30,,,,,,,,,,,,,,,,,,,,"","Yes","No",,"No","No","No","No",,"No","No","No","No",""
"76-32-07-05","No","Yes","No","No","No","No",,5,120,2,"Private owned with no land title",30,"No",,3,"No","Yes","No","No","No","No",5,"No","No","No","No","No","No","No","No","No","No","Yes","No","","No","No","No","No","No","No","No","No","No","No","Yes","No",""
"16-40-92-10","No","Yes","No","No","No","No",,40,480,8,"Private owned with land title",15,"No",,30,,,,,,,,,,,,,,,,,,,,"","Yes","No","No","No","No",,"No",,"No","No","No","No",""
"24-75-24-45",,,,,,,,,,,,,,,,,,,,,,,,,,,,,,,,,,,"",,,,,,,,,,,,,""
"93-05-25-38","No","Yes","No","No","No","No",,30,300,5,"Communally owned",30,"No",,20,,,,,,,,,,,,,,,,,,,,"","Yes",,,"No","No","No","No","No","No","No","No","No",""
"59-77-15-06","No","No","Yes","No","No","No",,40,620,9,"Private owned with no land title",20,"No",,20,,,,,,,,,,,,,,,,,,,,"",,"No","Yes","No",,"No","No","No","No","No","No","No",""
"43-11-20-48",,,,,,,,,,,,,,,,,,,,,,,,,,,,,,,,,,,"",,,,,,,,,,,,,""
"38-02-62-89","No","Yes","No","No","No","No",,25,480,8,"Communally owned",45,"No",,10,,,,,,,,,,,,,,,,,,,,"","Yes","No","No","No","No","No","No",,"No","No","No","No",""
"21-01-77-10","Yes","Yes","No","No","No","No",,,,8,,,,,,,,,,,,,,,,,,,,,,,,,"","Yes","No","No","No","No","No","No",,"No","No","No","No",""
"81-78-91-05","Yes","Yes","No","No","No","No",,,,7,,,,,,,,,,,,,,,,,,,,,,,,,"",,"No","No","No","No","No","No","Yes",,"No","No","No",""
"47-09-64-37","No","Yes","No","No","No","No",,20,480,8,"Communally owned",50,"No",,10,,,,,,,,,,,,,,,,,,,,"","Yes","No","No","No","No","No","No",,"No","No","No","No",""
"34-25-65-08","Yes","Yes","No","No","No","No",,,,8,,,,,,,,,,,,,,,,,,,,,,,,,"","Yes","No","No","No",,"No","No",,"No","No","No","No",""
"86-44-30-89","No","Yes","No","No","No","No",,30,480,8,"Communally owned",100,"No",,15,,,,,,,,,,,,,,,,,,,,"","Yes","No","No","No","No","No","No",,"No","No","No","No",""
"74-03-89-65",,,,,,,,,,,,,,,,,,,,,,,,,,,,,,,,,,,"",,,,,,,,,,,,,""
"56-65-93-48","No","Yes","No","No","No","No",,30,360,6,"Communally owned",40,"No",,15,,,,,,,,,,,,,,,,,,,,"","Yes","No",,"No",,"No","No","No","No","No","No","No",""
"66-39-11-55","Yes","Yes","No","No","No","No",,,,8,,,,,,,,,,,,,,,,,,,,,,,,,"","No",,"No","No",,"No","No","No","No","No","No","Yes","wild life attacks"
"14-03-04-43",,,,,,,,,,,,,,,,,,,,,,,,,,,,,,,,,,,"",,,,,,,,,,,,,""
"27-47-38-04","Yes","Yes","Yes","No","No","No",,,,8,,,,,,,,,,,,,,,,,,,,,,,,,"","Yes","No",,"No","No","No","No",,"No","No","No","No",""
"43-92-12-14","No","Yes","No","No","No","No",,10,480,8,"Communally owned",6,"No",,7,"No","Yes","No","No","No","No",15,"Yes","No",,"No","No","No","No","No","No","No","No","No","","Yes","No",,"No","No","No","No",,"No","No","No","No",""
"05-86-89-30",,,,,,,,,,,,,,,,,,,,,,,,,,,,,,,,,,,"",,,,,,,,,,,,,""
"84-33-11-24","No","Yes","No","No","No","No",,30,660,11,"Communally owned",20,"No",,26,,,,,,,,,,,,,,,,,,,,"","Yes","No","No","No",,"No",,"No","No","No","No","No",""
"79-96-52-99","No","Yes","No","No","No","No",,20,420,7,"Private owned with no land title",30,"No",,21,,,,,,,,,,,,,,,,,,,,"",,"No","Yes","No","No",,"No","No","No","No","No","No",""
"27-91-30-19",,,,,,,,,,,,,,,,,,,,,,,,,,,,,,,,,,,"",,,,,,,,,,,,,""
"49-11-32-04","Yes","No","No","No","No","No",,,,8,,,,,,,,,,,,,,,,,,,,,,,,,"",,"No","No","No","No","No","No","Yes","No","No","No","No",""
"88-01-30-83",,,,,,,,,,,,,,,,,,,,,,,,,,,,,,,,,,,"",,,,,,,,,,,,,""
"53-42-52-41",,,,,,,,,,,,,,,,,,,,,,,,,,,,,,,,,,,"",,,,,,,,,,,,,""
"18-88-95-82","No","Yes","No","No","No","No",,5,420,7,"Private owned with no land title",20,"No",,15,,,,,,,,,,,,,,,,,,,,"","Yes","No",,"No","No","No","No",,"No","No","No","No",""
"44-20-34-87","No","Yes","No","No","No","No",,60,600,10,"Communally owned",15,"No",,30,,,,,,,,,,,,,,,,,,,,"","Yes","No","No","No","No","No","No",,,"No","No","No",""
"62-58-98-18",,,,,,,,,,,,,,,,,,,,,,,,,,,,,,,,,,,"",,,,,,,,,,,,,""
"10-26-36-54",,,,,,,,,,,,,,,,,,,,,,,,,,,,,,,,,,,"",,,,,,,,,,,,,""
"97-96-81-02","No","Yes","No","No","No","No",,10,480,8,"Communally owned",50,"No",,13,,,,,,,,,,,,,,,,,,,,"","Yes","No",,"No","No","No","No",,"No","No","No","No",""
"29-40-66-47","No","Yes","No","No","No","No",,60,540,7,"Communally owned",40,"No",,11,,,,,,,,,,,,,,,,,,,,"","No",,"No","No","No","No","Yes",,"No","No","No","No",""
"18-40-35-80","No","Yes","No","No","No","No",,60,360,4,"Communally owned",50,"No",,3,"No","Yes","No","No","No","No",60,"No","No","No","No","No","No","No","No","No","No","Yes","No","","Yes",,"No","No","No","No","No",,"No","No","No","No",""
"79-71-02-69","No","Yes","No","No","No","No",,30,480,8,"Private owned with no land title",30,"No",,3,"No","No","Yes","No","No","No",360,"No","No","No","No",,,"Yes","No","No","No","No","No","","Yes","No","No","No",,,"No","No","No","No","No","No",""
"25-22-65-60","No","Yes","No","No","No","No",,20,540,9,"Communally owned",45,"No",,15,,,,,,,,,,,,,,,,,,,,"","Yes","No",,"No","No","No","No",,"No","No","No","No",""
"89-59-08-73","No","Yes","No","No","No","No",,10,480,8,"Communally owned",15,"No",,8,"No","No","Yes","No","No","No",180,"Yes","No",,"No","No","No","No",,"No","No","No","No","","Yes","No","No","No","No","No","No","No","No","No","No","No",""
"91-40-38-85",,,,,,,,,,,,,,,,,,,,,,,,,,,,,,,,,,,"",,,,,,,,,,,,,""
"17-33-53-75","Yes","Yes","No","No","No","No",,,,8,,,,,,,,,,,,,,,,,,,,,,,,,"","Yes","No","No","No","No","No","No",,"No","No","No","No",""
"48-20-09-62","No","Yes","No","No","No","No",,40,620,9,"Private owned with no land title",20,"No",,30,,,,,,,,,,,,,,,,,,,,"",,"No","Yes","No",,"No","No","No","No","No","No","No",""
"29-88-28-45","No","Yes","No","No","No","No",,30,480,6,"Communally owned",50,"No",,19,,,,,,,,,,,,,,,,,,,,"","No",,"No","No","No","No","No","No","No","No","Yes","No",""
"92-61-60-00","No","Yes","No","No","No","No",,15,540,9,"Communally owned",50,"No",,20,,,,,,,,,,,,,,,,,,,,"","Yes","No",,"No","No","No","No","No","No","No","No","No",""
"98-05-61-12","No","Yes","No","No","No","No",,20,480,8,"Private owned with no land title",50,"No",,30,,,,,,,,,,,,,,,,,,,,"","Yes","No",,"No","No","No","No",,"No","No","No","No",""
"49-80-41-29",,,,,,,,,,,,,,,,,,,,,,,,,,,,,,,,,,,"",,,,,,,,,,,,,""
"56-67-61-31",,,,,,,,,,,,,,,,,,,,,,,,,,,,,,,,,,,"",,,,,,,,,,,,,""
"93-39-60-64","No","Yes","No","No","No","No",,20,360,6,"Communally owned",15,"No",,30,,,,,,,,,,,,,,,,,,,,"","Yes","No",,"No","No","No","No",,"No","No","No","No",""
"75-50-72-64","No","Yes","No","No","No","No",,60,680,9,"Communally owned",15,"No",,20,,,,,,,,,,,,,,,,,,,,"","No","No","Yes",,"No","No","No",,"No","No","No","No",""
"13-68-33-58",,,,,,,,,,,,,,,,,,,,,,,,,,,,,,,,,,,"",,,,,,,,,,,,,""
"67-51-21-12",,,,,,,,,,,,,,,,,,,,,,,,,,,,,,,,,,,"",,,,,,,,,,,,,""
"92-63-14-10","No","Yes","No","No","No","No",,5,400,7,"Communally owned",25,"No",,10,,,,,,,,,,,,,,,,,,,,"","Yes","No",,"No","No","No","No",,"No","No","No","No",""
"23-95-53-31","Yes","Yes","No","No","No","No",,,,8,,,,,,,,,,,,,,,,,,,,,,,,,"","Yes","No","No","No","No","No","No",,"No","No","No","No",""
"76-83-42-25","No","Yes","No","No","No","No",,20,300,5,"Communally owned",50,"No",,6,"No","No","No","No","No","Yes",20,"Yes",,,"No","No","No","No","No","No","No","No","No","","Yes",,,"No","No","No","No","No","No","No","No","No",""
"34-04-41-33","No","Yes","No","No","No","No",,20,400,7,"Communally owned",25,"No",,4,"No","No","No","No","No","Yes",3,"Yes","No",,"No","No",,"No","No","No","No","No","No","","Yes","No",,"No","No",,"No","No","No","No","No","No",""
"65-40-10-81","No","Yes","No","No","No","No",,35,480,8,"Communally owned",80,"No",,15,,,,,,,,,,,,,,,,,,,,"","Yes","No",,"No","No","No","No","No","No","No","No","No",""
"32-27-90-36","No","Yes","No","No","No","No",,30,60,8,"Private owned with no land title",10,"No",,25,,,,,,,,,,,,,,,,,,,,"","Yes","No",,"No",,"No","No","No","No","No","No","No",""
"34-35-99-68","Yes","Yes","No","No","No","No",,,,8,,,,,,,,,,,,,,,,,,,,,,,,,"",,,"No","No","Yes","No","No","No","No","No","No","No",""
"96-83-30-59","No","No","Yes","No","No","No",,90,660,8,"Communally owned",50,"No",,5,"No","No","Yes","No","No","No",90,,"No","No","No","No","Yes","No",,"No","No","No","No","","No","No","No","No","No","Yes","No","No","No","No","No","No",""
"08-93-39-25","Yes","Yes","No","No","No","No",,,,8,,,,,,,,,,,,,,,,,,,,,,,,,"","Yes","No","No","No",,"No",,"No","No","No","No","No",""
"70-80-52-20","Yes","No","Yes","No","No","No",,,,8,,,,,,,,,,,,,,,,,,,,,,,,,"","No","No",,"No","Yes","No",,"No","No","No","No","No",""
"98-33-69-97","No","Yes","No","Yes","No","No",,40,620,9,"Private owned with no land title",10,"No",,15,,,,,,,,,,,,,,,,,,,,"","Yes","No",,"No","No","No","No",,"No","No","No","No",""
"72-65-40-82","No","Yes","No","No","No","No",,10,400,7,"Communally owned",50,"No",,30,,,,,,,,,,,,,,,,,,,,"","Yes",,,"No","No","No","No","No","No","No","No","No",""
"28-81-45-53","Yes","Yes","No","No","No","No",,,,8,,,,,,,,,,,,,,,,,,,,,,,,,"",,"No","No","No","No","No","Yes",,"No","No","No","No",""
"06-80-46-73","Yes","Yes","No","No","No","No",,,,8,,,,,,,,,,,,,,,,,,,,,,,,,"",,"No","No","No","No","No","Yes",,"No","No","No","No",""
"09-02-42-42","No","Yes","No","No","No","No",,120,660,11,"Communally owned",15,"No",,20,,,,,,,,,,,,,,,,,,,,"","No","No","No",,,"No","Yes","No","No","No","No","No",""
"16-61-64-98",,,,,,,,,,,,,,,,,,,,,,,,,,,,,,,,,,,"",,,,,,,,,,,,,""
"29-61-04-95","No","Yes","No","No","No","No",,5,400,7,"Private owned with no land title",30,"No",,18,,,,,,,,,,,,,,,,,,,,"","Yes","No",,"No",,"No","No","No","No","No","No","No",""
"39-38-75-31",,,,,,,,,,,,,,,,,,,,,,,,,,,,,,,,,,,"",,,,,,,,,,,,,""
"49-39-29-75","No","Yes","No","No","No","No",,10,480,8,"Communally owned",20,"No",,12,,,,,,,,,,,,,,,,,,,,"","Yes","No",,"No","No","No","No",,"No","No","No","No",""
"30-17-77-88","No","Yes","No","No","No","No",,60,680,9,"Private owned with no land title",10,"No",,40,,,,,,,,,,,,,,,,,,,,"",,"No",,"Yes","No","No","No","No","No","No","No","No",""
"29-08-77-29","No","Yes","No","No","No","No",,30,540,8,"Communally owned",25,"No",,20,,,,,,,,,,,,,,,,,,,,"","Yes",,"No","No","No","No","No","No","No","No","No",,"Increased level of lake water"
"69-05-41-80",,,,,,,,,,,,,,,,,,,,,,,,,,,,,,,,,,,"",,,,,,,,,,,,,""
"21-49-13-73","No","Yes","No","No","No","No",,40,620,9,"Communally owned",10,"No",,20,,,,,,,,,,,,,,,,,,,,"",,"No","No","Yes","No","No","No",,"No","No","No","No",""
"75-38-27-75",,,,,,,,,,,,,,,,,,,,,,,,,,,,,,,,,,,"",,,,,,,,,,,,,""
"14-85-47-22","No","Yes","No","No","No","No",,60,300,8,"Communally owned",28,"No",,20,,,,,,,,,,,,,,,,,,,,"","Yes","No",,"No","No","No","No",,"No","No","No","No",""
"53-81-07-04","Yes","Yes","No","No","No","No",,,,8,,,,,,,,,,,,,,,,,,,,,,,,,"","Yes","No","No","No","No",,"No","No","No","No","No","No",""
"65-80-02-03","No","Yes","Yes","No","No","No",,20,480,8,"Communally owned",40,"No",,18,,,,,,,,,,,,,,,,,,,,"","Yes","No",,"No","No","No","No",,"No","No","No","No",""
"69-30-60-03","No","Yes","No","No","No","No",,10,440,7,"Communally owned",25,"No",,30,,,,,,,,,,,,,,,,,,,,"","Yes","No","No","No","No","No","No",,"No","No","No",,"wild animals  attack"
"21-15-99-40","No","Yes","No","No","No","No",,30,600,10,"Communally owned",10,"No",,1,"No","No","No","Yes","No","No",30,"No","No","No",,,"No","Yes","No","No","No","No","No","","Yes",,"No","No","No","No","No",,"No","No","No","No",""
"44-56-27-24","No","Yes","No","No","No","No",,20,460,7,"Communally owned",50,"No",,30,,,,,,,,,,,,,,,,,,,,"",,"Yes",,"No","No","No","No","No","No","No","No","No",""
"75-37-22-90","No","Yes","No","No","No","No",,30,480,8,"Communally owned",80,"No",,30,,,,,,,,,,,,,,,,,,,,"","Yes","No","No","No","No","No","No",,"No","No","No","No",""
"67-01-06-94","No","Yes","No","No","No","No",,30,480,8,"Communally owned",30,"No",,30,,,,,,,,,,,,,,,,,,,,"","Yes",,,"No","No","No","No","No","No","No","No","No",""
"04-57-01-84",,,,,,,,,,,,,,,,,,,,,,,,,,,,,,,,,,,"",,,,,,,,,,,,,""
"53-87-70-93","No","Yes","No","No","No","No",,30,480,8,"Communally owned",80,"No",,23,,,,,,,,,,,,,,,,,,,,"","Yes","No",,"No","No","No","No",,"No","No","No","No",""
"89-42-22-50","No","Yes","No","No","No","No",,60,420,7,"Communally owned",50,"No",,5,"No","No","Yes","No","No","No",60,"No","No","No",,"No","No","Yes","No","No","No","No","No","","Yes","No",,"No","No","No","No","No","No","No","No","No",""
"41-64-40-11",,,,,,,,,,,,,,,,,,,,,,,,,,,,,,,,,,,"",,,,,,,,,,,,,""
"89-49-22-36","No","Yes","No","No","No","No",,30,480,8,"Communally owned",30,"No",,2,"No","Yes","No","No","No","No",30,"Yes",,"No","No","No","No","No","No","No","No","No","No","","Yes",,"No","No","No","No","No","No","No","No","No","No",""
"20-63-38-57","No","Yes","No","No","No","No",,30,480,7,"Private owned with no land title",10,"No",,20,,,,,,,,,,,,,,,,,,,,"","Yes","No",,,"No","No","No","No","No","No","No","No",""
"84-72-64-66","No","Yes","No","No","No","No",,30,480,8,"Communally owned",100,"No",,14,,,,,,,,,,,,,,,,,,,,"","No","No","No","No","No","No","No","No","No","No","Yes","No",""
"63-42-88-22","No","Yes","No","No","No","No",,20,360,6,"Communally owned",30,"No",,30,,,,,,,,,,,,,,,,,,,,"","Yes","No",,"No","No","No","No","No","No","No","No","No",""
"22-88-22-30",,,,,,,,,,,,,,,,,,,,,,,,,,,,,,,,,,,"",,,,,,,,,,,,,""
"27-50-41-80","No","Yes","No","No","No","No",,30,480,8,"Communally owned",100,"No",,20,,,,,,,,,,,,,,,,,,,,"","Yes","No",,"No","No","No","No","No",,"No","No","No",""
"87-50-20-38","No","Yes","No","No","No","No",,30,400,6.5,"Communally owned",40,"No",,30,,,,,,,,,,,,,,,,,,,,"","Yes","No",,,"No","No","No","No","No","No","No","No",""
"78-63-95-63","No","Yes","No","No","No","No",,40,620,9,"Communally owned",10,"No",,15,,,,,,,,,,,,,,,,,,,,"","Yes","No","No",,"No","No","No",,"No","No","No","No",""
"21-75-94-85",,,,,,,,,,,,,,,,,,,,,,,,,,,,,,,,,,,"",,,,,,,,,,,,,""
"20-46-30-59","No","Yes","No","No","No","No",,5,30,5,"Communally owned",50,"No",,40,,,,,,,,,,,,,,,,,,,,"","No","No","No","No","No","No","No","Yes","No","No","No","No",""
"12-17-56-74","No","Yes","No","No","No","No",,30,300,5,"Communally owned",20,"No",,10,,,,,,,,,,,,,,,,,,,,"","Yes","No",,"No",,"No","No","No","No","No","No","No",""
"80-41-60-05","No","Yes","No","No","No","No",,5,420,7,"Communally owned",20,"No",,17,,,,,,,,,,,,,,,,,,,,"","Yes","No",,,"No","No","No","No","No","No","No","No",""
"50-77-28-73","No","Yes","No","No","No","No",,60,480,6,"Communally owned",100,"No",,25,,,,,,,,,,,,,,,,,,,,"","No","No","No","No","No","Yes","No",,,"No","No","No",""
"42-38-30-13","No","Yes","No","No","No","No",,30,60,8,"Private owned with no land title",30,"No",,7,"No","No","Yes","No","No","No",60,"No","No","No",,"No",,"Yes","No","No","No","No","No","",,"Yes",,"No","No","No","No","No","No","No","No","No",""
"05-33-62-23",,,,,,,,,,,,,,,,,,,,,,,,,,,,,,,,,,,"",,,,,,,,,,,,,""
"17-87-80-73","No","Yes","No","No","No","No",,60,600,10,"Communally owned",15,"No",,20,,,,,,,,,,,,,,,,,,,,"","Yes","No",,"No",,"No","No","No","No","No","No","No",""
"73-58-06-14","No","Yes","No","No","No","No",,20,400,6,"Communally owned",80,"No",,5,"No","No","No","No","No","Yes",0,"No","No","No","No","No","No","No","No","No","No","Yes","No","",,"No","Yes","No","No","No","No",,"No","No","No","No",""
"22-13-82-99","No","Yes","No","No","No","No",,5,480,8,"Communally owned",50,"No",,11,,,,,,,,,,,,,,,,,,,,"","Yes","No",,"No","No","No","No","No","No","No","No","No",""
"49-72-13-69","Yes","Yes","No","No","No","No",,,,8,,,,,,,,,,,,,,,,,,,,,,,,,"","Yes",,"No","No","No","No","No","No","No","No","No","No",""
"72-23-50-93","No","No","Yes","No","No","No",,60,420,5,"Communally owned",50,"No",,5,"No","No","No","No","No","Yes",0,"No","No","No","No","No","No","No","No","No","No","Yes","No","","No","No","No","No","No","Yes","No",,,"No","No","No",""
"24-20-09-18","Yes","Yes","No","No","No","No",,,,8,,,,,,,,,,,,,,,,,,,,,,,,,"","Yes","No",,"No","No","No","No","No","No","No","No","No",""
"02-65-40-62","No","Yes","No","No","No","No",,30,620,9,"Private owned with no land title",8,"No",,15,,,,,,,,,,,,,,,,,,,,"",,"No",,"Yes","No","No","No","No","No","No","No","No",""
"65-04-66-76",,,,,,,,,,,,,,,,,,,,,,,,,,,,,,,,,,,"",,,,,,,,,,,,,""
"87-33-92-13","No","Yes","No","No","No","No",,40,620,9,"Communally owned",15,"No",,30,,,,,,,,,,,,,,,,,,,,"","Yes","No",,,"No","No","No","No","No","No","No","No",""
"61-75-70-64","No","Yes","No","No","No","No",,30,120,8,"Private owned with no land title",8,"No",,20,,,,,,,,,,,,,,,,,,,,"","Yes","No","No","No",,,"No","No","No","No","No","No",""
"23-31-62-51","No","Yes","No","No","No","No",,25,480,8,"Communally owned",600,"No",,20,,,,,,,,,,,,,,,,,,,,"","Yes","No","No","No","No","No","No","No","No","No","No","No",""
"95-05-18-77","Yes","Yes","No","No","No","No",,,,9,,,,,,,,,,,,,,,,,,,,,,,,,"",,"No","No","No","No","No","No","Yes","No","No","No","No",""
"87-43-52-74","No","Yes","No","No","No","No",,3,30,4,"Communally owned",50,"No",,40,,,,,,,,,,,,,,,,,,,,"","No","No","No","No","No","No","No","Yes","No","No","No","No",""
"61-21-03-67","No","Yes","No","No","No","No",,30,60,8,"Private owned with no land title",20,"No",,5,"No","No","Yes","No","No","No",60,"No","No","No",,,"No","Yes","No","No","No","No","No","",,"Yes",,"No","No","No","No","No","No","No","No","No",""
"72-29-78-52","Yes","Yes","No","No","No","No",,,,8,,,,,,,,,,,,,,,,,,,,,,,,,"","Yes","No",,"No",,"No","No","No","No","No","No","No",""
"11-76-72-18","No","Yes","No","No","No","No",,5,420,7,"Communally owned",50,"No",,20,,,,,,,,,,,,,,,,,,,,"","Yes","No",,"No","No","No","No",,"No","No","No","No",""
"97-14-88-73","No","Yes","No","No","No","No",,30,360,6,"Communally owned",100,"No",,5,"No","Yes","No","No","No","No",60,"Yes","No",,,"No","No","No","No","No","No","No","No","","Yes","No","No",,"No","No",,"No","No","No","No","No",""
"68-19-50-42","No","Yes","No","No","No","No",,30,480,8,"Communally owned",75,"No",,15,,,,,,,,,,,,,,,,,,,,"","Yes","No","No",,"No","No","No","No","No","No","No","No",""
"95-00-37-38",,,,,,,,,,,,,,,,,,,,,,,,,,,,,,,,,,,"",,,,,,,,,,,,,""
"94-73-96-31","Yes","Yes","No","No","No","No",,,,7,,,,,,,,,,,,,,,,,,,,,,,,,"","No",,"No","No","No",,"No","Yes","No","No","No","No",""
"40-23-79-37","No","Yes","No","No","No","No",,30,420,7,"Communally owned",50,"No",,20,,,,,,,,,,,,,,,,,,,,"","Yes","No",,"No","No","No","No",,"No","No","No","No",""
"49-36-92-60","No","Yes","No","No","No","No",,30,360,6,"Communally owned",20,"No",,10,,,,,,,,,,,,,,,,,,,,"","Yes",,"No","No","No","No","No",,"No","No","No","No",""
"21-46-54-95","No","Yes","Yes","No","No","No",,90,480,8,"Private owned with no land title",50,"No",,5,"No","No","Yes","No","No","No",180,"Yes","No","No",,"No","No",,"No","No","No","No","No","",,"No","No","No","Yes","No","No","No",,"No","No","No",""
"65-71-98-91","No","Yes","No","No","No","No",,60,680,9,"Communally owned",15,"No",,40,,,,,,,,,,,,,,,,,,,,"","No","No",,"Yes","No","No",,"No","No","No","No","No",""
"58-91-32-30","No","Yes","No","No","No","No",,5,420,7,"Communally owned",50,"No",,40,,,,,,,,,,,,,,,,,,,,"","Yes","No",,"No","No","No","No",,"No","No","No","No",""
"18-10-16-95","No","Yes","No","No","No","No",,20,360,6,"Communally owned",15,"No",,20,,,,,,,,,,,,,,,,,,,,"","Yes","No","No","No","No","No","No","No","No","No","No","No",""
"20-74-87-97",,,,,,,,,,,,,,,,,,,,,,,,,,,,,,,,,,,"",,,,,,,,,,,,,""
"42-18-27-84","No","Yes","No","No","No","No",,30,600,10,"Communally owned",30,"No",,15,,,,,,,,,,,,,,,,,,,,"","Yes","No",,"No",,"No","No","No","No","No","No","No",""
"65-19-88-53","No","No","Yes","No","No","No",,120,600,10,"Communally owned",530,"No",,6,"No","No","No","Yes","No","No",120,"Yes","No",,"No",,"No","No","No","No","No","No","No","","Yes","No","No","No",,"No",,"No","No","No","No","No",""
"56-92-07-98","No","Yes","No","No","No","No",,30,480,8,"Communally owned",80,"No",,25,,,,,,,,,,,,,,,,,,,,"","Yes","No","No",,"No","No","No",,"No","No","No","No",""
"74-74-25-12","No","Yes","No","No","No","No",,30,600,10,"Communally owned",20,"No",,40,,,,,,,,,,,,,,,,,,,,"","Yes","No","No","No",,"No","No",,"No","No","No","No",""
"83-96-24-75","No","Yes","No","No","No","No",,40,620,9,"Private owned with no land title",10,"No",,15,,,,,,,,,,,,,,,,,,,,"","Yes","No",,"No",,"No","No","No","No","No","No","No",""
"56-67-49-17","No","Yes","No","No","No","No",,10,400,7,"Communally owned",50,"No",,25,,,,,,,,,,,,,,,,,,,,"","Yes","No",,"No","No","No","No",,"No","No","No","No",""
"16-50-24-00",,,,,,,,,,,,,,,,,,,,,,,,,,,,,,,,,,,"",,,,,,,,,,,,,""
"73-07-75-47","No","Yes","No","No","No","No",,30,480,8,"Communally owned",75,"No",,20,,,,,,,,,,,,,,,,,,,,"","Yes","No","No",,"No","No","No",,"No","No","No","No",""
"26-48-16-48","No","Yes","No","No","No","No",,30,600,10,"Communally owned",20,"No",,20,,,,,,,,,,,,,,,,,,,,"","Yes","No",,"No","No","No","No",,"No","No","No","No",""
"72-76-08-58","No","Yes","No","No","No","No",,60,680,9,"Communally owned",15,"No",,20,,,,,,,,,,,,,,,,,,,,"","No","No",,"Yes","No","No",,"No","No","No","No","No",""
"51-88-01-88","No","Yes","No","No","No","No",,35,480,8,"Communally owned",75,"No",,20,,,,,,,,,,,,,,,,,,,,"","Yes","No","No",,"No","No","No","No","No","No","No","No",""
"94-25-97-12","No","Yes","No","No","No","No",,5,400,7,"Communally owned",30,"No",,5,"No","Yes","No","No","No","No",5,"No","No","No","No","No","No","No","No","No","No","Yes","No","","Yes","No",,"No","No","No","No",,"No","No","No","No",""
"06-34-31-56","No","Yes","No","No","No","No",,25,480,8,"Communally owned",80,"No",,25,,,,,,,,,,,,,,,,,,,,"","Yes","No","No","No","No","No","No",,"No","No","No","No",""
"85-35-12-09","No","Yes","No","No","No","No",,30,360,6,"Communally owned",20,"No",,20,,,,,,,,,,,,,,,,,,,,"","Yes","No","No","No",,"No",,"No","No","No","No","No",""
