interview__key,r_asset_own__id,ha0_1,ha0_2,ha0_3__0,ha0_3__1,ha0_4
"30-84-56-78","Simple Mobile Phone","2",2,"Yes",,"50"
"30-84-56-78","Smart Phone","2",5,"Yes",,"700"
"30-84-56-78","Building","2",4,"Yes",,"190"
"30-84-56-78","Electric Stove","1",2,"Yes",,"110"
"30-84-56-78","Gas or Paraffin Stove","1",2,"Yes",,"1200"
"30-84-56-78","Refrigerator","3",0,"Yes",,"2000"
"30-84-56-78","Freezer","1",0,"Yes",,"2500"
"30-84-56-78","Television","1",2,"Yes",,"1800"
"30-84-56-78","Living room furniture set","0",6,"Yes",,"0"
"30-84-56-78","Plastic chairs","40",5,"Yes",,"50"
"25-36-49-99","Simple Mobile Phone","1",2,,,"50"
"25-36-49-99","Smart Phone","3",3,"Yes",,"700"
"25-36-49-99","Building","1",1,,,"I don't know"
"25-36-49-99","Electric Stove","1",1,"Yes",,"500"
"25-36-49-99","Gas or Paraffin Stove","1",1,"Yes",,"100"
"25-36-49-99","Refrigerator","1",2,"Yes",,"2000"
"25-36-49-99","Television","1",1,"Yes",,"1500"
"25-36-49-99","Living room furniture set","1",1,"Yes",,"I don't know"
"25-36-49-99","Plastic chairs","15",20,"Yes",,"30"
"25-36-49-99","Wheelbarrow","1",1,"Yes",,"I don't know"
"95-91-52-45","Simple Mobile Phone","1",3,"Yes",,"I don't know"
"95-91-52-45","Building","1",1,"Yes",,"I don't know"
"95-91-52-45","Radio","1",3,"Yes",,"I don't know"
"95-91-52-45","Television","1",1,"Yes",,"I don't know"
"95-91-52-45","Plastic chairs","3",6,"Yes",,"I don't know"
"95-91-52-45","Wheelbarrow","1",1,"Yes",,"I don't know"
"25-55-41-68","Simple Mobile Phone","3",3,"Yes",,"50"
"25-55-41-68","Smart Phone","1",1,,,"I don't know"
"25-55-41-68","Gas or Paraffin Stove","1",1,"Yes",,"I don't know"
"25-55-41-68","Refrigerator","1",1,"Yes",,"I don't know"
"25-55-41-68","Radio","1",1,"Yes",,"200"
"25-55-41-68","Plastic chairs","3",5,"Yes",,"Refused to answer"
"16-89-26-77","Simple Mobile Phone","1",1,,,"50"
"16-89-26-77","Plastic chairs","3",1,"Yes",,"25"
"16-89-26-77","Wheelbarrow","1",1,,,"95"
"32-98-78-03","Building","2",2,"Yes",,"250000"
"76-60-63-85","Simple Mobile Phone","1",1,"Yes",,"I don't know"
"76-60-63-85","Smart Phone","3",3,,,"I don't know"
"76-60-63-85","Building","2",2,"Yes",,"Refused to answer"
"76-60-63-85","Electric Stove","1",1,"Yes",,"I don't know"
"76-60-63-85","Microwave","1",0,"Yes",,"I don't know"
"76-60-63-85","Refrigerator","2",2,"Yes",,"I don't know"
"76-60-63-85","Washing Machine","1",1,"Yes",,"I don't know"
"76-60-63-85","Television","2",2,"Yes",,"I don't know"
"76-60-63-85","Computer- laptop or desktop","1",1,,,"I don't know"
"76-60-63-85","Living room furniture set","1",1,"Yes",,"I don't know"
"76-60-63-85","Plastic chairs","15",15,"Yes",,"I don't know"
"56-53-87-19","Simple Mobile Phone","1",4,"Yes",,"250"
"56-53-87-19","Building","1",1,"Yes",,"I don't know"
"56-53-87-19","Gas or Paraffin Stove","1",1,"Yes",,"500"
"56-53-87-19","Refrigerator","1",1,"Yes",,"600"
"56-53-87-19","Radio","1",2,"Yes",,"2000"
"56-53-87-19","Television","2",2,"Yes",,"1400"
"56-53-87-19","Plastic chairs","2",0,"Yes",,"200"
"17-45-76-38","Simple Mobile Phone","1",1,"Yes",,"100"
"17-45-76-38","Smart Phone","3",1,,,"3000"
"17-45-76-38","Gas or Paraffin Stove","1",1,"Yes",,"1000"
"17-45-76-38","Refrigerator","1",3,"Yes",,"4000"
"17-45-76-38","Radio","1",1,"Yes",,"200"
"17-45-76-38","Television","2",1,"Yes",,"1500"
"17-45-76-38","Living room furniture set","1",1,"Yes",,"1500"
"17-45-76-38","Plastic chairs","1",20,"Yes",,"30"
"25-00-79-64","Radio","1",1,,,"500"
"49-47-26-23","Simple Mobile Phone","1",1,"Yes",,"100"
"49-47-26-23","Smart Phone","1",1,"Yes",,"400"
"49-47-26-23","Gas or Paraffin Stove","1",1,"Yes",,"100"
"49-47-26-23","Refrigerator","1",0,"Yes",,"1200"
"49-47-26-23","Radio","1",1,"Yes",,"200"
"49-47-26-23","Plastic chairs","4",2,"Yes",,"50"
"66-81-51-91","Smart Phone","2",2,,,"2000"
"66-81-51-91","Electric Stove","1",1,,,"200"
"66-81-51-91","Gas or Paraffin Stove","1",1,"Yes",,"200"
"66-81-51-91","Refrigerator","1",1,,,"1000"
"66-81-51-91","Television","1",1,,,"2000"
"66-81-51-91","Living room furniture set","1",0,"Yes",,"100"
"02-25-80-90","Simple Mobile Phone","2",2,"Yes",,"100"
"02-25-80-90","Building","2",2,"Yes",,"I don't know"
"02-25-80-90","Electric Stove","1",1,"Yes",,"20"
"02-25-80-90","Gas or Paraffin Stove","1",1,"Yes",,"500"
"02-25-80-90","Freezer","1",0,,,"3000"
"02-25-80-90","Radio","1",1,"Yes",,"300"
"02-25-80-90","Living room furniture set","2",2,"Yes",,"1500"
"02-25-80-90","Plastic chairs","15",0,,,"450"
"41-03-53-12","Simple Mobile Phone","2",2,"Yes",,"100"
"41-03-53-12","Refrigerator","1",1,"Yes",,"700"
"41-03-53-12","Radio","1",1,"Yes",,"350"
"41-03-53-12","Television","1",1,"Yes",,"1300"
"41-03-53-12","Plastic chairs","4",2,,,"35"
"09-25-62-80","Smart Phone","3",3,,,"500"
"09-25-62-80","Building","2",2,"Yes",,"3e+05"
"09-25-62-80","Gas or Paraffin Stove","1",1,,,"150"
"09-25-62-80","Refrigerator","2",2,,,"1800"
"09-25-62-80","Television","1",1,"Yes",,"700"
"09-25-62-80","Living room furniture set","3",2,"Yes",,"2400"
"09-25-62-80","Plastic chairs","3",3,"Yes",,"15"
"12-68-96-23","Simple Mobile Phone","2",2,"Yes",,"I don't know"
"12-68-96-23","Smart Phone","2",2,"Yes",,"1000"
"12-68-96-23","Electric Stove","1",1,"Yes",,"800"
"12-68-96-23","Refrigerator","1",1,"Yes",,"2000"
"12-68-96-23","Radio","1",1,"Yes",,"1200"
"12-68-96-23","Television","1",1,"Yes",,"1200"
"12-68-96-23","Plastic chairs","2",3,,,"100"
"46-89-61-94","Simple Mobile Phone","2",2,"Yes",,"50"
"46-89-61-94","Smart Phone","2",2,,,"800"
"46-89-61-94","Building","4",4,"Yes",,"Refused to answer"
"46-89-61-94","Electric Stove","1",1,"Yes",,"500"
"46-89-61-94","Gas or Paraffin Stove","1",1,"Yes",,"100"
"46-89-61-94","Refrigerator","1",1,"Yes",,"I don't know"
"46-89-61-94","Television","2",2,"Yes",,"1000"
"46-89-61-94","Living room furniture set","1",1,"Yes",,"1500"
"46-89-61-94","Plastic chairs","20",20,"Yes",,"50"
"36-57-98-87","Building","2",2,"Yes",,"I don't know"
"36-57-98-87","Gas or Paraffin Stove","1",1,"Yes",,"1000"
"36-57-98-87","Refrigerator","1",1,"Yes",,"1500"
"36-57-98-87","Washing Machine","1",1,"Yes",,"3000"
"36-57-98-87","Plastic chairs","1",1,"Yes",,"50"
"36-57-98-87","Wheelbarrow","1",1,"Yes",,"200"
"93-61-95-87","Simple Mobile Phone","1",1,"Yes",,"80"
"93-61-95-87","Smart Phone","3",3,,,"150"
"93-61-95-87","Building","3",3,"Yes",,"2e+05"
"93-61-95-87","Gas or Paraffin Stove","1",1,"Yes",,"1900"
"93-61-95-87","Refrigerator","1",1,"Yes",,"3000"
"93-61-95-87","Radio","1",1,"Yes",,"75"
"93-61-95-87","Television","1",1,"Yes",,"2500"
"93-61-95-87","Living room furniture set","6",6,"Yes",,"12000"
"93-61-95-87","Plastic chairs","20",10,"Yes",,"50"
"93-61-95-87","Plough","1",1,"Yes",,"80"
"72-10-49-63","Smart Phone","2",3,"Yes",,"500"
"72-10-49-63","Building","1",1,"Yes",,"250000"
"72-10-49-63","Gas or Paraffin Stove","1",1,"Yes",,"200"
"72-10-49-63","Microwave","1",1,"Yes",,"2000"
"72-10-49-63","Refrigerator","1",1,"Yes",,"1500"
"72-10-49-63","Washing Machine","1",1,"Yes",,"1800"
"72-10-49-63","Television","2",1,"Yes",,"1000"
"72-10-49-63","Computer- laptop or desktop","1",1,,,"1500"
"72-10-49-63","Living room furniture set","2",2,"Yes",,"800"
"72-10-49-63","Plastic chairs","10",10,,,"25"
"65-98-70-74","Simple Mobile Phone","1",1,,,"50"
"65-98-70-74","Smart Phone","3",3,"Yes",,"250"
"65-98-70-74","Building","6",5,"Yes",,"I don't know"
"65-98-70-74","Electric Stove","1",1,"Yes",,"100"
"65-98-70-74","Gas or Paraffin Stove","1",1,"Yes",,"250"
"65-98-70-74","Refrigerator","2",2,"Yes",,"500"
"65-98-70-74","Freezer","1",1,"Yes",,"3500"
"65-98-70-74","Radio","1",1,"Yes",,"250"
"65-98-70-74","Television","1",1,,,"I don't know"
"65-98-70-74","Plastic chairs","4",4,"Yes",,"65"
"65-98-70-74","Wheelbarrow","1",1,,,"300"
"71-09-05-63","Simple Mobile Phone","3",1,"Yes",,"100"
"71-09-05-63","Smart Phone","1",4,,,"I don't know"
"71-09-05-63","Building","4",3,"Yes",,"I don't know"
"71-09-05-63","Electric Stove","1",1,,,"I don't know"
"71-09-05-63","Microwave","1",1,,,"I don't know"
"71-09-05-63","Refrigerator","1",1,,,"I don't know"
"71-09-05-63","Radio","1",1,,,"I don't know"
"71-09-05-63","Plastic chairs","3",9,"Yes",,"50"
"71-09-05-63","Plough","1",1,"Yes",,"50"
"71-09-05-63","Wheelbarrow","1",2,"Yes",,"400"
"81-05-32-56","Simple Mobile Phone","2",2,"Yes",,"I don't know"
"81-05-32-56","Smart Phone","2",2,"Yes",,"I don't know"
"81-05-32-56","Building","3",3,"Yes",,"I don't know"
"81-05-32-56","Electric Stove","1",1,"Yes",,"I don't know"
"81-05-32-56","Gas or Paraffin Stove","1",1,"Yes",,"I don't know"
"81-05-32-56","Plastic chairs","4",4,"Yes",,"I don't know"
"30-09-94-93","Simple Mobile Phone","4",2,"Yes",,"180"
"30-09-94-93","Smart Phone","4",3,,,"3000"
"30-09-94-93","Motor vehicle","3",2,"Yes",,"50000"
"30-09-94-93","Building","4",4,"Yes",,"120000"
"30-09-94-93","Electric Stove","1",1,"Yes",,"2200"
"30-09-94-93","Gas or Paraffin Stove","1",0,"Yes",,"1300"
"30-09-94-93","Microwave","3",2,"Yes",,"2500"
"30-09-94-93","Refrigerator","4",3,"Yes",,"18000"
"30-09-94-93","Freezer","1",1,"Yes",,"4000"
"30-09-94-93","Washing Machine","1",0,"Yes",,"7500"
"30-09-94-93","Radio","1",1,"Yes",,"1000"
"30-09-94-93","Television","3",3,"Yes",,"40000"
"30-09-94-93","Computer- laptop or desktop","1",0,,,"3500"
"30-09-94-93","Living room furniture set","4",3,"Yes",,"12000"
"30-09-94-93","Plastic chairs","40",30,"Yes",,"40"
"30-09-94-93","Plough","1",1,"Yes",,"1700"
"30-09-94-93","Wheelbarrow","1",1,"Yes",,"900"
"85-23-91-16","Simple Mobile Phone","1",1,"Yes",,"I don't know"
"85-23-91-16","Building","1",1,"Yes",,"I don't know"
"85-23-91-16","Refrigerator","1",1,"Yes",,"I don't know"
"85-23-91-16","Plastic chairs","2",2,"Yes",,"I don't know"
"85-23-91-16","Wheelbarrow","1",1,"Yes",,"I don't know"
"53-06-23-41","Smart Phone","1",1,"Yes",,"1000"
"53-06-23-41","Gas or Paraffin Stove","1",1,"Yes",,"700"
"53-06-23-41","Refrigerator","1",1,"Yes",,"800"
"53-06-23-41","Television","1",1,"Yes",,"700"
"53-06-23-41","Plastic chairs","3",1,"Yes",,"50"
"93-66-25-28","Smart Phone","1",2,"Yes",,"800"
"93-66-25-28","Microwave","1",1,,,"800"
"93-66-25-28","Refrigerator","1",1,,,"2000"
"93-66-25-28","Radio","1",1,"Yes",,"2500"
"93-66-25-28","Television","1",1,,,"1500"
"93-66-25-28","Plastic chairs","2",5,,,"100"
"43-14-97-16","Simple Mobile Phone","2",2,,,"200"
"43-14-97-16","Smart Phone","1",1,,,"1600"
"43-14-97-16","Building","2",2,"Yes",,"5e+06"
"43-14-97-16","Gas or Paraffin Stove","1",1,,,"800"
"43-14-97-16","Microwave","1",1,,,"800"
"43-14-97-16","Refrigerator","1",1,"Yes",,"2500"
"43-14-97-16","Radio","1",1,,,"800"
"43-14-97-16","Living room furniture set","1",1,"Yes",,"2500"
"43-14-97-16","Wheelbarrow","1",1,"Yes",,"250"
"49-90-63-33","Simple Mobile Phone","2",2,"Yes",,"100"
"49-90-63-33","Smart Phone","3",3,,,"1300"
"49-90-63-33","Motor vehicle","1",1,"Yes",,"40000"
"49-90-63-33","Building","1",1,"Yes",,"Refused to answer"
"49-90-63-33","Gas or Paraffin Stove","1",1,"Yes",,"240"
"49-90-63-33","Refrigerator","1",1,"Yes",,"2000"
"49-90-63-33","Radio","1",1,"Yes",,"450"
"49-90-63-33","Television","1",1,"Yes",,"4000"
"49-90-63-33","Living room furniture set","1",2,"Yes",,"3500"
"49-90-63-33","Plastic chairs","15",15,"Yes",,"35"
"68-84-82-12","Simple Mobile Phone","3",3,"Yes",,"100"
"68-84-82-12","Smart Phone","3",3,,,"1400"
"68-84-82-12","Motor vehicle","2",2,"Yes",,"40000"
"68-84-82-12","Building","2",2,"Yes",,"4e+05"
"68-84-82-12","Microwave","1",1,"Yes",,"400"
"68-84-82-12","Refrigerator","2",2,"Yes",,"1400"
"68-84-82-12","Television","1",1,"Yes",,"1700"
"68-84-82-12","Plastic chairs","30",25,"Yes",,"40"
"68-84-82-12","Wheelbarrow","1",1,"Yes",,"150"
"68-84-82-12","Solar panel","1",1,"Yes",,"200"
"68-84-82-12","Battery bank","2",2,"Yes",,"50"
"25-99-22-65","Simple Mobile Phone","4",4,,,"I don't know"
"25-99-22-65","Smart Phone","4",4,,,"800"
"25-99-22-65","Refrigerator","1",1,"Yes",,"2000"
"25-99-22-65","Radio","1",1,,,"1000"
"25-99-22-65","Television","1",1,"Yes",,"1"
"25-99-22-65","Plastic chairs","3",8,"Yes",,"200"
"86-16-04-54","Simple Mobile Phone","1",1,"Yes",,"50"
"86-16-04-54","Smart Phone","2",2,,,"600"
"86-16-04-54","Building","4",4,"Yes",,"450000"
"86-16-04-54","Electric Stove","1",1,"Yes",,"1500"
"86-16-04-54","Refrigerator","1",1,"Yes",,"1000"
"86-16-04-54","Freezer","1",1,"Yes",,"2200"
"86-16-04-54","Washing Machine","1",0,"Yes",,"2000"
"86-16-04-54","Television","1",1,"Yes",,"1500"
"86-16-04-54","Living room furniture set","3",3,"Yes",,"2500"
"86-16-04-54","Plastic chairs","6",6,"Yes",,"60"
"42-95-35-09","Simple Mobile Phone","1",1,"Yes",,"150"
"42-95-35-09","Smart Phone","1",3,,,"2000"
"42-95-35-09","Motor vehicle","2",2,,,"20000"
"42-95-35-09","Building","2",1,"Yes",,"1e+05"
"42-95-35-09","Electric Stove","1",2,"Yes",,"2000"
"42-95-35-09","Gas or Paraffin Stove","1",1,"Yes",,"1200"
"42-95-35-09","Microwave","1",1,"Yes",,"800"
"42-95-35-09","Refrigerator","2",2,"Yes",,"800"
"42-95-35-09","Washing Machine","1",1,"Yes",,"2000"
"42-95-35-09","Television","1",2,"Yes",,"1000"
"42-95-35-09","Living room furniture set","1",1,"Yes",,"1500"
"42-95-35-09","Plastic chairs","10",13,"Yes",,"50"
"54-69-26-46","Simple Mobile Phone","2",1,"Yes",,"100"
"54-69-26-46","Smart Phone","1",1,,,"1000"
"54-69-26-46","Building","1",1,"Yes",,"2e+05"
"54-69-26-46","Electric Stove","1",1,"Yes",,"100"
"54-69-26-46","Gas or Paraffin Stove","1",1,"Yes",,"500"
"54-69-26-46","Refrigerator","1",1,"Yes",,"600"
"54-69-26-46","Radio","1",1,"Yes",,"800"
"54-69-26-46","Television","1",1,"Yes",,"300"
"54-69-26-46","Living room furniture set","1",1,"Yes",,"50"
"54-69-26-46","Plastic chairs","1",1,"Yes",,"10"
"54-69-26-46","Wheelbarrow","1",1,"Yes",,"200"
"92-23-96-13","Smart Phone","1",1,"Yes",,"1500"
"92-23-96-13","Motor vehicle","1",1,"Yes",,"30000"
"92-23-96-13","Building","3",2,"Yes",,"5e+05"
"92-23-96-13","Gas or Paraffin Stove","1",1,"Yes",,"1000"
"92-23-96-13","Microwave","1",1,"Yes",,"1000"
"92-23-96-13","Refrigerator","1",1,"Yes",,"2500"
"92-23-96-13","Radio","1",1,"Yes",,"1000"
"92-23-96-13","Television","1",1,"Yes",,"2000"
"92-23-96-13","Living room furniture set","1",1,"Yes",,"5000"
"22-90-51-93","Simple Mobile Phone","1",2,"Yes",,"80"
"22-90-51-93","Smart Phone","1",2,,,"700"
"22-90-51-93","Motor vehicle","1",1,,,"70000"
"22-90-51-93","Bicycle","1",1,"Yes",,"400"
"22-90-51-93","Building","3",3,"Yes",,"250000"
"22-90-51-93","Electric Stove","2",2,,,"150"
"22-90-51-93","Gas or Paraffin Stove","1",1,,,"3500"
"22-90-51-93","Microwave","1",1,,,"2000"
"22-90-51-93","Refrigerator","1",1,,,"2500"
"22-90-51-93","Radio","1",1,,,"700"
"22-90-51-93","Television","1",1,,,"3700"
"22-90-51-93","Computer- laptop or desktop","1",1,,,"2000"
"22-90-51-93","Living room furniture set","3",3,,,"8000"
"22-90-51-93","Plastic chairs","4",6,,,"50"
"22-90-51-93","Plough","1",1,,,"1000"
"22-90-51-93","Wheelbarrow","1",1,,,"200"
"22-90-51-93","Solar panel","1",1,,,"150"
"22-90-51-93","Electric generator","1",1,,,"2500"
"15-81-26-28","Smart Phone","2",2,"Yes",,"1500"
"15-81-26-28","Motor vehicle","1",0,,,"20000"
"15-81-26-28","Building","1",1,,,"1e+05"
"15-81-26-28","Electric Stove","1",1,,,"1000"
"15-81-26-28","Refrigerator","1",1,,,"1500"
"15-81-26-28","Television","1",1,,,"2000"
"15-81-26-28","Plastic chairs","5",5,,,"200"
"20-52-90-88","Simple Mobile Phone","1",1,"Yes",,"I don't know"
"20-52-90-88","Smart Phone","2",2,,,"I don't know"
"20-52-90-88","Motor vehicle","2",2,"Yes",,"I don't know"
"20-52-90-88","Bicycle","3",3,,,"I don't know"
"20-52-90-88","Building","1",1,"Yes",,"I don't know"
"20-52-90-88","Gas or Paraffin Stove","2",2,"Yes",,"I don't know"
"20-52-90-88","Microwave","1",1,"Yes",,"I don't know"
"20-52-90-88","Refrigerator","2",2,"Yes",,"I don't know"
"20-52-90-88","Radio","2",2,"Yes",,"I don't know"
"20-52-90-88","Television","1",1,"Yes",,"I don't know"
"20-52-90-88","Living room furniture set","1",1,"Yes",,"I don't know"
"20-52-90-88","Plastic chairs","4",5,"Yes",,"I don't know"
"20-52-90-88","Wheelbarrow","2",2,"Yes",,"I don't know"
"35-31-07-84","Simple Mobile Phone","1",1,,,"150"
"35-31-07-84","Smart Phone","3",3,"Yes",,"1300"
"35-31-07-84","Building","2",2,,,"250000"
"35-31-07-84","Gas or Paraffin Stove","1",1,,,"600"
"35-31-07-84","Microwave","1",1,,,"500"
"35-31-07-84","Refrigerator","2",1,,,"2200"
"35-31-07-84","Washing Machine","1",0,,,"2000"
"35-31-07-84","Radio","1",1,"Yes",,"300"
"35-31-07-84","Television","1",1,,,"1000"
"35-31-07-84","Living room furniture set","2",2,"Yes",,"550"
"35-31-07-84","Plastic chairs","9",15,"Yes",,"55"
"35-31-07-84","Plough","1",0,,,"200"
"35-31-07-84","Wheelbarrow","1",0,,,"250"
"09-47-23-08","Simple Mobile Phone","1",1,,,"50"
"09-47-23-08","Smart Phone","2",2,"Yes",,"1"
"09-47-23-08","Motor vehicle","2",2,"Yes",,"50000"
"09-47-23-08","Building","1",1,"Yes",,"3e+05"
"09-47-23-08","Gas or Paraffin Stove","1",1,"Yes",,"250"
"09-47-23-08","Microwave","1",1,"Yes",,"600"
"09-47-23-08","Refrigerator","1",1,"Yes",,"1"
"09-47-23-08","Freezer","1",1,"Yes",,"3500"
"09-47-23-08","Radio","1",1,"Yes",,"500"
"09-47-23-08","Television","1",2,"Yes",,"700"
"09-47-23-08","Living room furniture set","1",1,"Yes",,"2500"
"09-47-23-08","Plastic chairs","3",3,"Yes",,"45"
"09-47-23-08","Wheelbarrow","1",1,"Yes",,"200"
"03-49-16-10","Smart Phone","2",2,"Yes",,"I don't know"
"03-49-16-10","Building","1",1,"Yes",,"I don't know"
"03-49-16-10","Gas or Paraffin Stove","1",1,"Yes",,"I don't know"
"03-49-16-10","Refrigerator","1",1,"Yes",,"I don't know"
"03-49-16-10","Television","1",1,"Yes",,"I don't know"
"03-49-16-10","Plastic chairs","3",3,"Yes",,"I don't know"
"65-48-87-48","Simple Mobile Phone","1",1,"Yes",,"200"
"65-48-87-48","Smart Phone","2",2,,,"1500"
"65-48-87-48","Motor vehicle","1",1,,,"40000"
"65-48-87-48","Building","3",2,"Yes",,"450000"
"65-48-87-48","Refrigerator","1",1,"Yes",,"1500"
"65-48-87-48","Radio","1",1,,,"500"
"65-48-87-48","Television","1",1,,,"1500"
"65-48-87-48","Living room furniture set","1",1,"Yes",,"2000"
"65-48-87-48","Plastic chairs","2",2,"Yes",,"100"
"54-94-74-75","Simple Mobile Phone","1",0,"Yes",,"50"
"54-94-74-75","Building","4",4,"Yes",,"80000"
"54-94-74-75","Wheelbarrow","1",1,"Yes",,"150"
"70-40-01-04","Simple Mobile Phone","2",1,"Yes",,"100"
"70-40-01-04","Smart Phone","2",1,"Yes",,"500"
"70-40-01-04","Building","1",1,"Yes",,"45000"
"33-37-06-20","Simple Mobile Phone","3",3,"Yes",,"100"
"33-37-06-20","Smart Phone","3",3,"Yes",,"1300"
"33-37-06-20","Building","2",1,"Yes",,"1e+05"
"33-37-06-20","Microwave","1",1,"Yes",,"780"
"33-37-06-20","Refrigerator","1",1,"Yes",,"2300"
"33-37-06-20","Radio","1",1,"Yes",,"600"
"33-37-06-20","Television","1",1,"Yes",,"1400"
"33-37-06-20","Living room furniture set","1",1,"Yes",,"650"
"33-37-06-20","Plastic chairs","1",1,"Yes",,"20"
"33-37-06-20","Wheelbarrow","1",1,"Yes",,"270"
"11-89-65-58","Simple Mobile Phone","3",2,"Yes",,"80"
"11-89-65-58","Smart Phone","2",3,,,"700"
"11-89-65-58","Gas or Paraffin Stove","1",1,"Yes",,"Refused to answer"
"11-89-65-58","Refrigerator","2",1,"Yes",,"1200"
"11-89-65-58","Radio","2",2,"Yes",,"300"
"11-89-65-58","Television","2",2,"Yes",,"700"
"11-89-65-58","Plastic chairs","4",6,"Yes",,"50"
"11-89-65-58","Wheelbarrow","1",1,"Yes",,"150"
"86-01-74-97","Smart Phone","3",4,"Yes",,"1300"
"86-01-74-97","Motor vehicle","1",2,"Yes",,"9000"
"86-01-74-97","Building","2",2,"Yes",,"1e+06"
"86-01-74-97","Electric Stove","1",2,"Yes",,"1200"
"86-01-74-97","Gas or Paraffin Stove","1",1,"Yes",,"1900"
"86-01-74-97","Microwave","1",1,,,"800"
"86-01-74-97","Refrigerator","1",1,,,"2000"
"86-01-74-97","Radio","1",1,,,"800"
"86-01-74-97","Television","1",1,,,"2500"
"86-01-74-97","Computer- laptop or desktop","1",1,,,"2500"
"86-01-74-97","Plastic chairs","4",4,,,"40"
"86-01-74-97","Wheelbarrow","1",1,,,"60"
"18-63-27-64","Smart Phone","2",2,"Yes",,"1500"
"18-63-27-64","Motor vehicle","1",1,,,"50000"
"18-63-27-64","Gas or Paraffin Stove","1",1,,,"1500"
"18-63-27-64","Refrigerator","1",1,,,"1500"
"18-63-27-64","Radio","1",1,,,"500"
"18-63-27-64","Television","1",1,"Yes",,"2500"
"18-63-27-64","Plastic chairs","20",10,"Yes",,"50"
"00-01-02-02","Simple Mobile Phone","2",1,"Yes",,"100"
"00-01-02-02","Gas or Paraffin Stove","1",1,"Yes",,"Refused to answer"
"00-01-02-02","Microwave","1",1,"Yes",,"1"
"00-01-02-02","Refrigerator","1",1,"Yes",,"1600"
"00-01-02-02","Radio","1",1,"Yes",,"300"
"00-01-02-02","Television","1",3,"Yes",,"2"
"00-01-02-02","Computer- laptop or desktop","1",2,"Yes",,"1200"
"00-01-02-02","Plastic chairs","3",2,"Yes",,"200"
"00-01-02-02","Wheelbarrow","1",1,"Yes",,"150"
"69-53-29-77","Simple Mobile Phone","2",2,"Yes",,"200"
"69-53-29-77","Smart Phone","2",2,"Yes",,"1500"
"69-53-29-77","Building","2",2,"Yes",,"950000"
"69-53-29-77","Electric Stove","1",1,"Yes",,"250"
"69-53-29-77","Gas or Paraffin Stove","1",1,"Yes",,"1800"
"69-53-29-77","Microwave","1",1,"Yes",,"500"
"69-53-29-77","Refrigerator","1",1,"Yes",,"1500"
"69-53-29-77","Freezer","1",1,"Yes",,"4800"
"69-53-29-77","Washing Machine","1",1,"Yes",,"3500"
"69-53-29-77","Radio","1",1,"Yes",,"800"
"69-53-29-77","Television","1",1,"Yes",,"1600"
"69-53-29-77","Computer- laptop or desktop","1",1,"Yes",,"10000"
"69-53-29-77","Plastic chairs","1",1,,,"15"
"38-36-87-54","Simple Mobile Phone","3",2,"Yes",,"100"
"38-36-87-54","Bicycle","2",2,"Yes",,"800"
"38-36-87-54","Building","1",1,"Yes",,"30000"
"38-36-87-54","Plough","4",4,,,"120"
"96-39-11-89","Smart Phone","2",2,"Yes",,"1500"
"96-39-11-89","Motor vehicle","1",1,,,"20000"
"96-39-11-89","Building","1",1,,,"150000"
"96-39-11-89","Electric Stove","1",1,,,"1000"
"96-39-11-89","Microwave","1",1,,,"1000"
"96-39-11-89","Refrigerator","1",1,,,"1000"
"96-39-11-89","Freezer","1",1,,,"1500"
"96-39-11-89","Radio","1",1,,,"1000"
"96-39-11-89","Television","1",1,,,"2500"
"96-39-11-89","Living room furniture set","1",1,,,"3000"
"96-39-11-89","Plastic chairs","5",5,,,"75"
"62-05-75-13","Simple Mobile Phone","2",1,"Yes",,"100"
"62-05-75-13","Smart Phone","3",1,,,"1000"
"62-05-75-13","Gas or Paraffin Stove","1",1,"Yes",,"200"
"62-05-75-13","Refrigerator","1",1,"Yes",,"1000"
"62-05-75-13","Plastic chairs","2",2,"Yes",,"100"
"36-43-41-97","Simple Mobile Phone","2",0,"Yes",,"100"
"36-43-41-97","Gas or Paraffin Stove","1",0,,,"150"
"36-43-41-97","Plastic chairs","2",2,"Yes",,"50"
"12-03-37-86","Smart Phone","3",3,"Yes",,"2500"
"12-03-37-86","Building","1",1,"Yes",,"2e+05"
"12-03-37-86","Gas or Paraffin Stove","1",1,"Yes",,"800"
"12-03-37-86","Refrigerator","1",1,"Yes",,"3000"
"12-03-37-86","Television","1",1,"Yes",,"1000"
"12-03-37-86","Living room furniture set","4",4,"Yes",,"1500"
"12-03-37-86","Plastic chairs","46",46,"Yes",,"35"
"33-44-32-83","Simple Mobile Phone","2",2,"Yes",,"100"
"33-44-32-83","Smart Phone","2",3,,,"1500"
"33-44-32-83","Building","3",3,"Yes",,"5e+05"
"33-44-32-83","Gas or Paraffin Stove","1",1,"Yes",,"800"
"33-44-32-83","Microwave","1",1,"Yes",,"1200"
"33-44-32-83","Refrigerator","1",1,"Yes",,"6000"
"33-44-32-83","Radio","1",1,"Yes",,"700"
"33-44-32-83","Television","1",1,"Yes",,"1200"
"33-44-32-83","Living room furniture set","1",1,"Yes",,"1500"
"33-44-32-83","Plastic chairs","1",1,"Yes",,"80"
"33-44-32-83","Wheelbarrow","1",1,"Yes",,"75"
"33-44-32-83","Battery bank","1",1,"Yes",,"75"
"39-65-48-99","Simple Mobile Phone","1",1,"Yes",,"I don't know"
"39-65-48-99","Building","1",1,"Yes",,"I don't know"
"39-65-48-99","Radio","1",1,"Yes",,"I don't know"
"39-65-48-99","Plastic chairs","2",2,"Yes",,"I don't know"
"39-65-48-99","Wheelbarrow","1",1,"Yes",,"I don't know"
"85-43-95-57","Smart Phone","3",3,"Yes",,"3000"
"85-43-95-57","Motor vehicle","1",1,,,"20000"
"85-43-95-57","Electric Stove","1",1,"Yes",,"1000"
"85-43-95-57","Gas or Paraffin Stove","1",1,"Yes",,"400"
"85-43-95-57","Microwave","1",1,"Yes",,"500"
"85-43-95-57","Refrigerator","1",1,"Yes",,"1000"
"85-43-95-57","Washing Machine","1",1,"Yes",,"1000"
"85-43-95-57","Radio","1",1,"Yes",,"200"
"85-43-95-57","Television","1",1,"Yes",,"600"
"85-43-95-57","Living room furniture set","1",1,"Yes",,"1500"
"85-43-95-57","Plastic chairs","10",4,"Yes",,"500"
"07-73-56-26","Simple Mobile Phone","2",4,,,"100"
"07-73-56-26","Smart Phone","3",2,,,"800"
"07-73-56-26","Motor vehicle","2",2,"Yes",,"80000"
"07-73-56-26","Building","3",3,"Yes",,"2e+05"
"07-73-56-26","Electric Stove","4",4,"Yes",,"150"
"07-73-56-26","Gas or Paraffin Stove","1",1,"Yes",,"400"
"07-73-56-26","Refrigerator","1",1,"Yes",,"1900"
"07-73-56-26","Freezer","1",1,"Yes",,"2000"
"07-73-56-26","Radio","4",4,"Yes",,"2500"
"07-73-56-26","Television","3",2,"Yes",,"2000"
"07-73-56-26","Living room furniture set","3",3,"Yes",,"700"
"07-73-56-26","Plastic chairs","7",4,"Yes",,"50"
"07-73-56-26","Wheelbarrow","2",1,"Yes",,"200"
"07-73-56-26","Electric generator","1",1,"Yes",,"4000"
"00-16-25-60","Simple Mobile Phone","1",1,,,"200"
"00-16-25-60","Building","1",1,,,"50000"
"00-16-25-60","Radio","1",0,,,"200"
"00-16-25-60","Plastic chairs","1",1,,,"25"
"00-16-25-60","Plough","2",2,,,"150"
"00-16-25-60","Wheelbarrow","2",2,,,"650"
"05-35-63-46","Smart Phone","3",2,"Yes",,"2000"
"05-35-63-46","Motor vehicle","1",1,"Yes",,"20000"
"05-35-63-46","Gas or Paraffin Stove","2",2,"Yes",,"1000"
"05-35-63-46","Refrigerator","1",1,"Yes",,"1500"
"05-35-63-46","Radio","1",1,"Yes",,"500"
"05-35-63-46","Television","1",1,"Yes",,"2000"
"05-35-63-46","Computer- laptop or desktop","1",0,"Yes",,"1500"
"05-35-63-46","Living room furniture set","1",1,"Yes",,"3000"
"05-35-63-46","Plastic chairs","10",4,"Yes",,"200"
"00-34-52-14","Simple Mobile Phone","3",1,,,"100"
"00-34-52-14","Smart Phone","3",1,"Yes",,"2000"
"00-34-52-14","Motor vehicle","1",1,,,"20000"
"00-34-52-14","Electric Stove","1",1,,,"1500"
"00-34-52-14","Refrigerator","1",1,,,"1000"
"00-34-52-14","Radio","1",1,"Yes",,"500"
"00-34-52-14","Television","2",1,"Yes",,"3000"
"00-34-52-14","Plastic chairs","4",2,"Yes",,"200"
"81-06-64-01","Simple Mobile Phone","2",2,"Yes",,"100"
"81-06-64-01","Smart Phone","2",2,,,"1500"
"81-06-64-01","Electric Stove","1",1,,,"140"
"84-33-06-87","Simple Mobile Phone","1",0,"Yes",,"200"
"84-33-06-87","Smart Phone","2",2,,,"1600"
"84-33-06-87","Bicycle","1",0,"Yes",,"600"
"84-33-06-87","Building","6",6,"Yes",,"580000"
"84-33-06-87","Gas or Paraffin Stove","1",1,"Yes",,"4000"
"84-33-06-87","Refrigerator","1",1,"Yes",,"3000"
"84-33-06-87","Television","1",1,"Yes",,"300"
"84-33-06-87","Living room furniture set","2",1,"Yes",,"1000"
"84-33-06-87","Plastic chairs","4",4,"Yes",,"30"
"84-33-06-87","Plough","1",1,"Yes",,"20"
"84-33-06-87","Wheelbarrow","1",1,"Yes",,"20"
"85-48-53-30","Smart Phone","1",1,"Yes",,"500"
"85-48-53-30","Building","2",2,"Yes",,"50000"
"85-48-53-30","Gas or Paraffin Stove","1",1,"Yes",,"600"
"85-48-53-30","Freezer","1",0,"Yes",,"5000"
"85-48-53-30","Radio","1",1,"Yes",,"100"
"85-48-53-30","Television","1",1,"Yes",,"800"
"85-48-53-30","Living room furniture set","2",2,"Yes",,"7000"
"85-48-53-30","Plastic chairs","1",1,"Yes",,"30"
"85-48-53-30","Plough","1",0,"Yes",,"40"
"61-17-81-33","Simple Mobile Phone","2",2,"Yes",,"200"
"61-17-81-33","Refrigerator","1",1,"Yes",,"500"
"61-17-81-33","Radio","1",1,"Yes",,"200"
"61-17-81-33","Television","1",1,"Yes",,"500"
"61-17-81-33","Solar panel","1",1,"Yes",,"200"
"70-67-46-48","Smart Phone","3",2,"Yes",,"500"
"70-67-46-48","Motor vehicle","1",0,"Yes",,"25000"
"70-67-46-48","Bicycle","1",1,,,"800"
"70-67-46-48","Building","2",1,"Yes",,"90000"
"70-67-46-48","Gas or Paraffin Stove","1",0,"Yes",,"1200"
"70-67-46-48","Radio","1",0,"Yes",,"500"
"70-67-46-48","Television","1",0,,,"2000"
"70-67-46-48","Living room furniture set","2",0,"Yes",,"5000"
"70-67-46-48","Plastic chairs","21",0,"Yes",,"85"
"70-67-46-48","Plough","2",2,"Yes",,"150"
"70-67-46-48","Wheelbarrow","1",0,"Yes",,"750"
"70-67-46-48","Solar panel","1",1,,,"2500"
"70-67-46-48","Electric generator","1",1,,,"3500"
"08-84-58-33","Smart Phone","1",0,"Yes",,"500"
"08-84-58-33","Radio","1",0,"Yes",,"200"
"08-84-58-33","Plastic chairs","11",5,"Yes",,"400"
"17-96-77-43","Simple Mobile Phone","3",2,"Yes",,"50"
"05-74-99-19","Simple Mobile Phone","2",2,"Yes",,"100"
"05-74-99-19","Motor vehicle","1",1,,,"80000"
"05-74-99-19","Gas or Paraffin Stove","1",1,"Yes",,"100"
"05-74-99-19","Microwave","1",1,"Yes",,"700"
"05-74-99-19","Refrigerator","1",1,"Yes",,"5000"
"05-74-99-19","Television","1",2,"Yes",,"1500"
"05-74-99-19","Living room furniture set","1",1,"Yes",,"2000"
"58-76-16-53","Simple Mobile Phone","2",2,,,"50"
"58-76-16-53","Smart Phone","2",0,,,"800"
"58-76-16-53","Motor vehicle","1",0,,,"10"
"58-76-16-53","Building","1",1,"Yes",,"20"
"14-93-43-30","Smart Phone","1",2,"Yes",,"300"
"14-93-43-30","Washing Machine","1",0,"Yes",,"4000"
"14-93-43-30","Television","1",0,"Yes",,"300"
"14-93-43-30","Wheelbarrow","1",0,"Yes",,"300"
"11-82-86-61","Simple Mobile Phone","1",4,"Yes",,"100"
"11-82-86-61","Motor vehicle","1",2,"Yes",,"35000"
"11-82-86-61","Building","3",2,"Yes",,"250000"
"11-82-86-61","Gas or Paraffin Stove","2",1,"Yes",,"1000"
"11-82-86-61","Microwave","1",1,"Yes",,"1200"
"11-82-86-61","Refrigerator","1",2,"Yes",,"2500"
"11-82-86-61","Television","1",1,"Yes",,"1800"
"11-82-86-61","Living room furniture set","1",2,"Yes",,"7000"
"11-82-86-61","Plastic chairs","2",4,"Yes",,"50"
"03-50-12-90","Simple Mobile Phone","1",1,"Yes",,"100"
"03-50-12-90","Smart Phone","1",1,"Yes",,"500"
"03-50-12-90","Motor vehicle","1",1,"Yes",,"15000"
"03-50-12-90","Radio","1",1,"Yes",,"100"
"03-50-12-90","Plastic chairs","3",3,,,"150"
"03-50-12-90","Wheelbarrow","1",1,,,"50"
"81-28-91-79","Simple Mobile Phone","1",1,"Yes",,"150"
"81-28-91-79","Building","3",3,"Yes",,"50000"
"81-28-91-79","Electric Stove","1",1,"Yes",,"200"
"81-28-91-79","Radio","1",1,"Yes",,"200"
"81-28-91-79","Plastic chairs","1",1,"Yes",,"25"
"81-28-91-79","Solar panel","1",1,"Yes",,"200"
"87-17-87-24","Smart Phone","2",2,,,"1200"
"87-17-87-24","Refrigerator","2",1,,,"Refused to answer"
"87-17-87-24","Television","1",1,,,"900"
"87-17-87-24","Plastic chairs","3",5,,,"150"
"98-37-88-19","Simple Mobile Phone","2",2,"Yes",,"50"
"98-37-88-19","Smart Phone","1",1,"Yes",,"1800"
"98-37-88-19","Building","2",2,,,"4e+05"
"98-37-88-19","Plastic chairs","5",5,,,"25"
"98-37-88-19","Plough","2",0,"Yes",,"80"
"98-37-88-19","Wheelbarrow","1",0,"Yes",,"400"
"98-37-88-19","Battery bank","1",0,"Yes",,"50"
"19-43-58-99","Smart Phone","2",2,"Yes",,"I don't know"
"19-43-58-99","Motor vehicle","1",1,,,"I don't know"
"19-43-58-99","Building","4",4,"Yes",,"I don't know"
"19-43-58-99","Gas or Paraffin Stove","1",1,"Yes",,"1000"
"19-43-58-99","Plastic chairs","8",8,"Yes",,"20"
"19-43-58-99","Plough","1",1,"Yes",,"I don't know"
"19-43-58-99","Wheelbarrow","1",1,"Yes",,"150"
"85-30-41-56","Simple Mobile Phone","3",2,,,"100"
"85-30-41-56","Smart Phone","2",2,"Yes",,"600"
"85-30-41-56","Motor vehicle","1",1,"Yes",,"35000"
"85-30-41-56","Building","4",4,"Yes",,"25000"
"85-30-41-56","Gas or Paraffin Stove","1",1,"Yes",,"1800"
"85-30-41-56","Refrigerator","1",1,"Yes",,"4000"
"85-30-41-56","Freezer","1",1,"Yes",,"2000"
"85-30-41-56","Radio","1",1,"Yes",,"34000"
"85-30-41-56","Plastic chairs","1",1,"Yes",,"20"
"85-30-41-56","Wheelbarrow","1",1,"Yes",,"200"
"85-30-41-56","Solar panel","1",1,"Yes",,"800"
"78-32-31-52","Simple Mobile Phone","2",2,"Yes",,"100"
"78-32-31-52","Smart Phone","4",4,,,"700"
"78-32-31-52","Motor vehicle","1",0,,,"40000"
"78-32-31-52","Building","11",11,"Yes",,"3e+05"
"78-32-31-52","Refrigerator","2",2,"Yes",,"8000"
"78-32-31-52","Freezer","1",1,,,"5000"
"78-32-31-52","Plastic chairs","20",20,"Yes",,"40"
"78-32-31-52","Wheelbarrow","1",1,"Yes",,"50"
"37-97-45-71","Simple Mobile Phone","1",1,,,"100"
"07-52-39-57","Simple Mobile Phone","5",5,"Yes",,"I don't know"
"07-52-39-57","Motor vehicle","1",1,"Yes",,"I don't know"
"07-52-39-57","Bicycle","2",2,,,"I don't know"
"07-52-39-57","Building","3",3,"Yes",,"I don't know"
"07-52-39-57","Electric Stove","1",1,,,"I don't know"
"07-52-39-57","Gas or Paraffin Stove","1",1,,,"I don't know"
"07-52-39-57","Refrigerator","1",1,"Yes",,"I don't know"
"07-52-39-57","Radio","1",1,"Yes",,"I don't know"
"07-52-39-57","Television","2",2,,,"I don't know"
"07-52-39-57","Plastic chairs","8",10,"Yes",,"I don't know"
"07-52-39-57","Wheelbarrow","2",2,,,"I don't know"
"80-35-75-14","Smart Phone","3",2,"Yes",,"1500"
"80-35-75-14","Building","1",1,"Yes",,"70000"
"80-35-75-14","Electric Stove","1",1,"Yes",,"1800"
"80-35-75-14","Gas or Paraffin Stove","2",2,"Yes",,"2500"
"80-35-75-14","Freezer","1",1,"Yes",,"2500"
"80-35-75-14","Radio","6",3,"Yes",,"5000"
"80-35-75-14","Television","1",0,"Yes",,"1700"
"80-35-75-14","Computer- laptop or desktop","3",2,"Yes",,"3500"
"80-35-75-14","Living room furniture set","2",2,"Yes",,"1200"
"80-35-75-14","Plastic chairs","2",2,"Yes",,"46"
"80-35-75-14","Electric generator","1",2,"Yes",,"3500"
"94-41-84-42","Simple Mobile Phone","1",1,"Yes",,"100"
"94-41-84-42","Building","3",3,"Yes",,"2e+05"
"94-41-84-42","Refrigerator","1",1,"Yes",,"3500"
"94-41-84-42","Television","1",1,"Yes",,"1500"
"94-41-84-42","Living room furniture set","2",2,"Yes",,"3000"
"96-46-53-15","Smart Phone","5",5,"Yes",,"800"
"96-46-53-15","Building","1",1,,,"I don't know"
"96-46-53-15","Electric Stove","1",1,"Yes",,"I don't know"
"96-46-53-15","Refrigerator","1",1,"Yes",,"I don't know"
"96-46-53-15","Television","1",1,"Yes",,"I don't know"
"96-46-53-15","Living room furniture set","1",1,"Yes",,"I don't know"
"96-46-53-15","Plastic chairs","10",10,"Yes",,"40"
"53-23-37-57","Simple Mobile Phone","1",1,"Yes",,"100"
"53-23-37-57","Smart Phone","2",2,,,"1500"
"53-23-37-57","Gas or Paraffin Stove","1",1,"Yes",,"1000"
"53-23-37-57","Refrigerator","1",1,"Yes",,"1500"
"53-23-37-57","Television","1",1,"Yes",,"1500"
"53-23-37-57","Living room furniture set","1",1,"Yes",,"2000"
"53-23-37-57","Plastic chairs","10",5,"Yes",,"500"
"34-02-59-21","Smart Phone","1",2,,,"800"
"34-02-59-21","Electric Stove","1",1,,,"700"
"34-02-59-21","Gas or Paraffin Stove","1",1,,,"900"
"34-02-59-21","Microwave","1",1,,,"500"
"34-02-59-21","Refrigerator","1",1,"Yes",,"2000"
"34-02-59-21","Radio","1",1,"Yes",,"900"
"34-02-59-21","Television","1",1,,,"800"
"34-02-59-21","Plastic chairs","2",5,"Yes",,"100"
"19-67-63-11","Simple Mobile Phone","1",1,"Yes",,"100"
"19-67-63-11","Smart Phone","1",4,,,"600"
"19-67-63-11","Refrigerator","1",0,"Yes",,"2800"
"19-67-63-11","Radio","1",1,"Yes",,"400"
"19-67-63-11","Television","1",1,"Yes",,"800"
"19-67-63-11","Plastic chairs","3",2,"Yes",,"200"
"19-67-63-11","Wheelbarrow","1",1,"Yes",,"200"
"57-12-45-97","Smart Phone","1",1,"Yes",,"500"
"57-12-45-97","Electric Stove","1",1,"Yes",,"300"
"57-12-45-97","Refrigerator","2",2,"Yes",,"1300"
"57-12-45-97","Television","1",1,"Yes",,"800"
"57-12-45-97","Living room furniture set","1",1,"Yes",,"350"
"57-12-45-97","Plastic chairs","2",2,"Yes",,"22"
"96-34-22-21","Simple Mobile Phone","1",2,"Yes",,"200"
"96-34-22-21","Smart Phone","1",1,"Yes",,"3000"
"96-34-22-21","Building","3",3,"Yes",,"1e+05"
"96-34-22-21","Gas or Paraffin Stove","1",1,"Yes",,"2000"
"96-34-22-21","Refrigerator","1",1,"Yes",,"4000"
"96-34-22-21","Living room furniture set","4",4,"Yes",,"500"
"96-34-22-21","Plastic chairs","4",4,"Yes",,"40"
"03-38-35-14","Building","2",2,"Yes",,"5000"
"03-38-35-14","Wheelbarrow","1",1,"Yes",,"50"
"09-06-20-19","Motor vehicle","1",1,"Yes",,"60000"
"09-06-20-19","Building","4",4,"Yes",,"2e+05"
"09-06-20-19","Electric Stove","1",1,"Yes",,"50"
"09-06-20-19","Television","1",1,"Yes",,"2000"
"09-06-20-19","Plastic chairs","1",2,"Yes",,"5"
"09-06-20-19","Wheelbarrow","1",1,"Yes",,"150"
"51-25-36-09","Simple Mobile Phone","1",1,"Yes",,"100"
"51-25-36-09","Smart Phone","2",2,"Yes",,"800"
"51-25-36-09","Motor vehicle","1",1,"Yes",,"40000"
"51-25-36-09","Building","1",1,"Yes",,"1e+05"
"51-25-36-09","Electric Stove","1",1,"Yes",,"200"
"51-25-36-09","Gas or Paraffin Stove","1",1,"Yes",,"950"
"51-25-36-09","Microwave","1",1,"Yes",,"1000"
"51-25-36-09","Refrigerator","2",2,"Yes",,"1500"
"51-25-36-09","Radio","1",1,"Yes",,"800"
"51-25-36-09","Television","1",1,"Yes",,"3000"
"51-25-36-09","Plastic chairs","8",8,"Yes",,"30"
"51-25-36-09","Battery bank","1",1,"Yes",,"150"
"04-05-30-01","Simple Mobile Phone","1",1,"Yes",,"200"
"04-05-30-01","Building","3",2,"Yes",,"5e+05"
"04-05-30-01","Electric Stove","1",1,"Yes",,"1000"
"04-05-30-01","Gas or Paraffin Stove","1",1,"Yes",,"1000"
"04-05-30-01","Refrigerator","1",1,"Yes",,"1500"
"04-05-30-01","Television","1",1,"Yes",,"1500"
"04-05-30-01","Plastic chairs","1",1,"Yes",,"50"
"50-01-20-35","Simple Mobile Phone","1",2,"Yes",,"300"
"50-01-20-35","Smart Phone","2",2,,,"2000"
"50-01-20-35","Motor vehicle","1",2,,,"30000"
"50-01-20-35","Bicycle","1",1,,,"500"
"50-01-20-35","Electric Stove","1",1,"Yes",,"2000"
"50-01-20-35","Gas or Paraffin Stove","1",1,,,"300"
"50-01-20-35","Microwave","1",1,,,"1000"
"50-01-20-35","Refrigerator","1",2,,,"2000"
"50-01-20-35","Washing Machine","1",1,,,"3000"
"50-01-20-35","Radio","1",1,,,"500"
"50-01-20-35","Television","1",1,,,"4000"
"50-01-20-35","Computer- laptop or desktop","1",1,,,"5000"
"50-01-20-35","Living room furniture set","1",1,"Yes",,"Refused to answer"
"50-01-20-35","Plastic chairs","4",6,,,"500"
"50-01-20-35","Farm tractor / machinery","1",1,"Yes",,"Refused to answer"
"67-87-75-21","Simple Mobile Phone","3",0,,,"200"
"67-87-75-21","Smart Phone","1",0,,,"800"
"67-87-75-21","Building","9",9,"Yes",,"150000"
"67-87-75-21","Refrigerator","2",0,,,"4000"
"67-87-75-21","Freezer","1",1,,,"7000"
"67-87-75-21","Radio","1",0,,,"6000"
"67-87-75-21","Television","2",0,,,"3000"
"67-87-75-21","Plastic chairs","15",10,,,"50"
"67-87-75-21","Wheelbarrow","2",1,,,"800"
"53-81-28-44","Simple Mobile Phone","1",1,"Yes",,"1150"
"53-81-28-44","Building","1",1,"Yes",,"Refused to answer"
"53-81-28-44","Electric Stove","1",1,"Yes",,"200"
"53-81-28-44","Gas or Paraffin Stove","1",1,"Yes",,"300"
"53-81-28-44","Refrigerator","1",1,"Yes",,"1200"
"53-81-28-44","Radio","1",1,"Yes",,"3000"
"53-81-28-44","Television","1",1,"Yes",,"1500"
"53-81-28-44","Plastic chairs","4",4,"Yes",,"100"
"69-29-47-18","Simple Mobile Phone","2",3,"Yes",,"Refused to answer"
"69-29-47-18","Smart Phone","2",2,"Yes",,"Refused to answer"
"69-29-47-18","Gas or Paraffin Stove","1",1,"Yes",,"Refused to answer"
"69-29-47-18","Microwave","1",1,"Yes",,"Refused to answer"
"69-29-47-18","Refrigerator","1",2,"Yes",,"Refused to answer"
"69-29-47-18","Radio","1",1,"Yes",,"Refused to answer"
"69-29-47-18","Television","1",1,"Yes",,"Refused to answer"
"69-29-47-18","Plastic chairs","1",1,"Yes",,"Refused to answer"
"69-29-47-18","Wheelbarrow","1",1,"Yes",,"Refused to answer"
"22-59-76-95","Simple Mobile Phone","2",1,,,"50"
"22-59-76-95","Smart Phone","2",2,"Yes",,"1200"
"22-59-76-95","Gas or Paraffin Stove","1",1,"Yes",,"300"
"22-59-76-95","Refrigerator","1",1,"Yes",,"1000"
"22-59-76-95","Radio","1",1,"Yes",,"350"
"22-59-76-95","Television","1",1,"Yes",,"8000"
"22-59-76-95","Living room furniture set","1",1,"Yes",,"150"
"22-59-76-95","Plastic chairs","3",3,"Yes",,"30"
"87-80-21-51","Simple Mobile Phone","1",0,"Yes",,"90"
"87-80-21-51","Smart Phone","1",1,"Yes",,"800"
"87-80-21-51","Building","5",5,"Yes",,"80000"
"87-80-21-51","Gas or Paraffin Stove","1",2,"Yes",,"500"
"87-80-21-51","Microwave","1",1,"Yes",,"250"
"87-80-21-51","Refrigerator","5",5,"Yes",,"1000"
"87-80-21-51","Radio","1",1,"Yes",,"2000"
"87-80-21-51","Television","1",1,"Yes",,"900"
"87-80-21-51","Living room furniture set","1",1,"Yes",,"1000"
"87-80-21-51","Plastic chairs","10",13,"Yes",,"30"
"87-80-21-51","Wheelbarrow","1",1,"Yes",,"250"
"21-25-86-78","Simple Mobile Phone","1",1,"Yes",,"100"
"21-25-86-78","Smart Phone","4",4,,,"1200"
"21-25-86-78","Motor vehicle","7",6,"Yes",,"50000"
"21-25-86-78","Building","1",1,"Yes",,"5e+05"
"21-25-86-78","Electric Stove","1",1,"Yes",,"2500"
"21-25-86-78","Gas or Paraffin Stove","1",1,"Yes",,"300"
"21-25-86-78","Microwave","1",1,"Yes",,"500"
"21-25-86-78","Refrigerator","1",1,"Yes",,"4000"
"21-25-86-78","Washing Machine","1",1,"Yes",,"5000"
"21-25-86-78","Radio","1",1,"Yes",,"200"
"21-25-86-78","Television","1",1,"Yes",,"1000"
"21-25-86-78","Computer- laptop or desktop","1",1,"Yes",,"3000"
"21-25-86-78","Living room furniture set","3",3,"Yes",,"3500"
"21-25-86-78","Plastic chairs","28",24,"Yes",,"40"
"21-25-86-78","Wheelbarrow","1",1,"Yes",,"200"
"28-99-62-67","Smart Phone","2",3,,,"500"
"28-99-62-67","Building","2",0,"Yes",,"2e+05"
"28-99-62-67","Electric Stove","1",3,"Yes",,"100"
"28-99-62-67","Microwave","1",2,"Yes",,"300"
"28-99-62-67","Refrigerator","2",1,"Yes",,"800"
"28-99-62-67","Freezer","1",1,"Yes",,"1000"
"28-99-62-67","Washing Machine","1",0,"Yes",,"1100"
"14-08-31-40","Simple Mobile Phone","1",1,"Yes",,"150"
"14-08-31-40","Building","2",1,"Yes",,"2e+05"
"14-08-31-40","Gas or Paraffin Stove","1",1,"Yes",,"1500"
"14-08-31-40","Microwave","1",1,"Yes",,"500"
"14-08-31-40","Refrigerator","1",1,"Yes",,"2500"
"14-08-31-40","Freezer","1",1,"Yes",,"2800"
"14-08-31-40","Radio","1",1,"Yes",,"2700"
"14-08-31-40","Television","1",1,"Yes",,"1000"
"14-08-31-40","Living room furniture set","1",1,"Yes",,"600"
"14-08-31-40","Plastic chairs","5",5,"Yes",,"35"
"43-12-71-52","Simple Mobile Phone","1",3,"Yes",,"50"
"43-12-71-52","Smart Phone","5",10,"Yes",,"750"
"43-12-71-52","Building","3",3,"Yes",,"2e+05"
"43-12-71-52","Gas or Paraffin Stove","1",1,"Yes",,"250"
"43-12-71-52","Refrigerator","2",2,"Yes",,"1000"
"43-12-71-52","Television","1",2,"Yes",,"700"
"64-05-81-04","Simple Mobile Phone","2",1,"Yes",,"100"
"64-05-81-04","Building","1",1,"Yes",,"150000"
"64-05-81-04","Electric Stove","1",1,"Yes",,"200"
"64-05-81-04","Gas or Paraffin Stove","1",1,"Yes",,"950"
"64-05-81-04","Microwave","1",0,"Yes",,"700"
"64-05-81-04","Refrigerator","1",1,"Yes",,"1500"
"64-05-81-04","Radio","1",0,"Yes",,"1300"
"64-05-81-04","Television","1",0,"Yes",,"1800"
"64-05-81-04","Living room furniture set","2",1,"Yes",,"2000"
"64-05-81-04","Plastic chairs","1",2,"Yes",,"50"
"52-46-02-95","Simple Mobile Phone","2",2,"Yes",,"100"
"52-46-02-95","Smart Phone","1",0,,,"650"
"52-46-02-95","Refrigerator","1",1,,,"700"
"52-46-02-95","Radio","1",1,,,"250"
"52-46-02-95","Television","1",1,"Yes",,"900"
"52-46-02-95","Plastic chairs","4",2,,,"20"
"45-07-09-59","Simple Mobile Phone","1",1,"Yes",,"50"
"45-07-09-59","Smart Phone","1",1,"Yes",,"500"
"45-07-09-59","Motor vehicle","1",1,"Yes",,"20000"
"45-07-09-59","Building","1",1,"Yes",,"I don't know"
"45-07-09-59","Gas or Paraffin Stove","1",0,"Yes",,"800"
"52-28-82-48","Simple Mobile Phone","1",1,,,"80"
"52-28-82-48","Smart Phone","1",1,,,"800"
"52-28-82-48","Electric Stove","1",1,,,"250"
"52-28-82-48","Refrigerator","1",1,,,"900"
"52-28-82-48","Plastic chairs","4",3,,,"30"
"72-80-69-88","Simple Mobile Phone","2",3,"Yes",,"200"
"72-80-69-88","Building","2",2,"Yes",,"90000"
"72-80-69-88","Plastic chairs","1",1,"Yes",,"30"
"17-89-78-78","Smart Phone","1",1,"Yes",,"1200"
"17-89-78-78","Motor vehicle","1",1,"Yes",,"31000"
"17-89-78-78","Electric Stove","1",1,"Yes",,"150"
"17-89-78-78","Refrigerator","1",1,"Yes",,"1400"
"17-89-78-78","Radio","1",1,"Yes",,"1700"
"17-89-78-78","Television","1",1,"Yes",,"2200"
"17-89-78-78","Plastic chairs","7",4,"Yes",,"20"
"07-52-31-91","Simple Mobile Phone","2",2,,,"50"
"07-52-31-91","Smart Phone","1",1,"Yes",,"650"
"07-52-31-91","Electric Stove","1",1,"Yes",,"260"
"07-52-31-91","Refrigerator","1",1,"Yes",,"900"
"07-52-31-91","Radio","1",1,"Yes",,"350"
"07-52-31-91","Television","1",1,"Yes",,"1100"
"07-52-31-91","Plastic chairs","7",6,"Yes",,"55"
"07-52-31-91","Wheelbarrow","1",1,"Yes",,"300"
"99-68-20-94","Simple Mobile Phone","3",3,"Yes",,"200"
"99-68-20-94","Smart Phone","4",4,,,"500"
"99-68-20-94","Building","3",3,"Yes",,"20000"
"99-68-20-94","Electric Stove","1",1,"Yes",,"3000"
"99-68-20-94","Refrigerator","1",1,"Yes",,"3000"
"99-68-20-94","Freezer","1",1,"Yes",,"3000"
"99-68-20-94","Radio","1",1,"Yes",,"2000"
"99-68-20-94","Television","1",1,"Yes",,"2000"
"99-68-20-94","Computer- laptop or desktop","1",1,,,"3000"
"99-68-20-94","Living room furniture set","1",1,"Yes",,"1000"
"99-68-20-94","Plastic chairs","6",6,"Yes",,"30"
"99-68-20-94","Wheelbarrow","1",1,"Yes",,"250"
"84-66-38-33","Simple Mobile Phone","1",1,"Yes",,"I don't know"
"84-66-38-33","Building","1",1,"Yes",,"I don't know"
"84-66-38-33","Electric Stove","1",1,"Yes",,"I don't know"
"84-66-38-33","Refrigerator","1",1,"Yes",,"I don't know"
"84-66-38-33","Plastic chairs","5",5,"Yes",,"I don't know"
"39-36-01-20","Simple Mobile Phone","3",0,"Yes",,"50"
"39-36-01-20","Smart Phone","2",0,"Yes",,"600"
"39-36-01-20","Building","5",5,"Yes",,"250000"
"39-36-01-20","Gas or Paraffin Stove","3",2,"Yes",,"850"
"39-36-01-20","Microwave","1",1,"Yes",,"800"
"39-36-01-20","Refrigerator","1",1,"Yes",,"1500"
"39-36-01-20","Freezer","1",1,"Yes",,"1000"
"39-36-01-20","Radio","1",1,"Yes",,"300"
"39-36-01-20","Television","1",1,"Yes",,"600"
"39-36-01-20","Living room furniture set","2",5,"Yes",,"800"
"39-36-01-20","Plastic chairs","60",60,"Yes",,"60"
"39-36-01-20","Wheelbarrow","1",1,"Yes",,"200"
"05-30-74-26","Simple Mobile Phone","4",4,,,"I don't know"
"05-30-74-26","Smart Phone","2",2,"Yes",,"I don't know"
"05-30-74-26","Motor vehicle","1",1,"Yes",,"I don't know"
"05-30-74-26","Building","1",1,,,"I don't know"
"05-30-74-26","Electric Stove","1",1,"Yes",,"I don't know"
"05-30-74-26","Television","1",1,"Yes",,"I don't know"
"05-30-74-26","Plastic chairs","5",5,"Yes",,"I don't know"
"22-19-53-02","Simple Mobile Phone","1",1,"Yes",,"50"
"22-19-53-02","Smart Phone","1",1,,,"500"
"22-19-53-02","Refrigerator","1",1,"Yes",,"900"
"22-19-53-02","Radio","1",1,"Yes",,"300"
"20-37-92-05","Simple Mobile Phone","3",3,,,"150"
"20-37-92-05","Smart Phone","2",1,,,"500"
"20-37-92-05","Building","2",2,,,"180000"
"20-37-92-05","Wheelbarrow","1",4,,,"300"
"67-95-64-84","Simple Mobile Phone","3",2,"Yes",,"50"
"67-95-64-84","Building","4",4,"Yes",,"250000"
"67-95-64-84","Electric Stove","1",2,"Yes",,"200"
"67-95-64-84","Refrigerator","1",1,"Yes",,"1500"
"67-95-64-84","Television","1",1,"Yes",,"1000"
"67-07-39-08","Simple Mobile Phone","2",2,,,"I don't know"
"67-07-39-08","Smart Phone","1",1,"Yes",,"2000"
"67-07-39-08","Building","2",2,"Yes",,"I don't know"
"67-07-39-08","Electric Stove","1",1,"Yes",,"I don't know"
"67-07-39-08","Gas or Paraffin Stove","1",1,,,"500"
"67-07-39-08","Refrigerator","1",1,"Yes",,"1600"
"67-07-39-08","Radio","1",1,"Yes",,"I don't know"
"67-07-39-08","Television","1",1,"Yes",,"I don't know"
"67-07-39-08","Plastic chairs","2",2,"Yes",,"I don't know"
"72-66-07-18","Simple Mobile Phone","1",0,"Yes",,"50"
"72-66-07-18","Smart Phone","1",1,,,"50"
"72-66-07-18","Gas or Paraffin Stove","1",1,"Yes",,"1000"
"72-66-07-18","Refrigerator","1",1,"Yes",,"1000"
"72-66-07-18","Radio","1",0,"Yes",,"100"
"72-66-07-18","Television","1",1,"Yes",,"150"
"72-69-50-37","Simple Mobile Phone","1",1,"Yes",,"100"
"53-41-55-25","Smart Phone","2",2,"Yes",,"800"
"53-41-55-25","Building","2",2,"Yes",,"I don't know"
"53-41-55-25","Gas or Paraffin Stove","1",1,"Yes",,"300"
"53-41-55-25","Refrigerator","1",1,"Yes",,"4000"
"53-41-55-25","Radio","1",1,"Yes",,"800"
"53-41-55-25","Plastic chairs","2",4,"Yes",,"40"
"99-40-82-80","Simple Mobile Phone","2",2,"Yes",,"250"
"99-40-82-80","Smart Phone","1",1,"Yes",,"700"
"99-40-82-80","Motor vehicle","1",1,"Yes",,"45000"
"99-40-82-80","Building","1",1,"Yes",,"8e+05"
"99-40-82-80","Electric Stove","1",1,"Yes",,"I don't know"
"99-40-82-80","Refrigerator","1",1,"Yes",,"I don't know"
"99-40-82-80","Television","1",1,"Yes",,"1500"
"99-40-82-80","Living room furniture set","1",1,"Yes",,"I don't know"
"23-54-03-81","Smart Phone","4",3,"Yes",,"800"
"23-54-03-81","Electric Stove","1",1,"Yes",,"100"
"23-54-03-81","Microwave","2",1,"Yes",,"700"
"23-54-03-81","Refrigerator","2",2,"Yes",,"1900"
"23-54-03-81","Radio","2",2,"Yes",,"1200"
"23-54-03-81","Television","2",3,"Yes",,"1200"
"23-54-03-81","Computer- laptop or desktop","3",2,"Yes",,"800"
"23-54-03-81","Living room furniture set","3",3,"Yes",,"800"
"23-54-03-81","Plastic chairs","3",3,"Yes",,"50"
"27-20-78-36","Simple Mobile Phone","2",2,,,"50"
"27-20-78-36","Smart Phone","4",4,"Yes",,"1800"
"27-20-78-36","Motor vehicle","1",1,"Yes",,"15000"
"27-20-78-36","Building","1",1,"Yes",,"10000"
"27-20-78-36","Electric Stove","1",1,"Yes",,"200"
"27-20-78-36","Gas or Paraffin Stove","2",2,"Yes",,"3000"
"27-20-78-36","Refrigerator","3",3,"Yes",,"3000"
"27-20-78-36","Freezer","3",3,"Yes",,"5000"
"27-20-78-36","Radio","1",1,"Yes",,"500"
"27-20-78-36","Television","1",1,"Yes",,"1500"
"27-20-78-36","Computer- laptop or desktop","1",1,,,"4000"
"27-20-78-36","Living room furniture set","3",3,"Yes",,"1000"
"27-20-78-36","Plastic chairs","9",9,"Yes",,"40"
"27-20-78-36","Wheelbarrow","1",1,"Yes",,"300"
"27-20-78-36","Battery bank","1",1,"Yes",,"700"
"84-90-94-70","Simple Mobile Phone","1",2,"Yes",,"70"
"84-90-94-70","Motor vehicle","1",1,"Yes",,"15000"
"84-90-94-70","Building","2",2,"Yes",,"3e+06"
"84-90-94-70","Electric Stove","1",1,"Yes",,"8000"
"84-90-94-70","Gas or Paraffin Stove","1",1,"Yes",,"200"
"84-90-94-70","Microwave","1",1,"Yes",,"300"
"84-90-94-70","Refrigerator","2",2,"Yes",,"17000"
"84-90-94-70","Washing Machine","1",1,"Yes",,"4000"
"84-90-94-70","Radio","2",2,"Yes",,"800"
"84-90-94-70","Television","1",1,"Yes",,"300"
"84-90-94-70","Living room furniture set","2",1,"Yes",,"24000"
"84-90-94-70","Plastic chairs","10",10,"Yes",,"20"
"84-90-94-70","Plough","1",1,"Yes",,"30"
"84-90-94-70","Wheelbarrow","1",1,"Yes",,"100"
"03-79-50-93","Smart Phone","7",4,"Yes",,"1050"
"03-79-50-93","Motor vehicle","1",1,"Yes",,"27000"
"03-79-50-93","Gas or Paraffin Stove","1",1,,,"300"
"03-79-50-93","Microwave","1",1,,,"820"
"03-79-50-93","Refrigerator","1",1,"Yes",,"900"
"03-79-50-93","Radio","1",1,"Yes",,"1200"
"03-79-50-93","Television","1",1,"Yes",,"570"
"03-79-50-93","Living room furniture set","1",1,"Yes",,"1300"
"03-79-50-93","Plastic chairs","3",2,"Yes",,"20"
"03-79-50-93","Wheelbarrow","1",1,"Yes",,"350"
"83-85-13-86","Simple Mobile Phone","1",1,"Yes",,"80"
"83-85-13-86","Refrigerator","1",1,"Yes",,"7500"
"83-85-13-86","Plastic chairs","2",1,"Yes",,"40"
"83-85-13-86","Wheelbarrow","1",1,"Yes",,"100"
"91-24-08-83","Simple Mobile Phone","1",1,"Yes",,"100"
"91-24-08-83","Smart Phone","3",3,,,"800"
"91-24-08-83","Motor vehicle","2",2,"Yes",,"25000"
"91-24-08-83","Gas or Paraffin Stove","1",1,"Yes",,"1000"
"91-24-08-83","Microwave","1",1,"Yes",,"800"
"91-24-08-83","Refrigerator","1",1,"Yes",,"1000"
"91-24-08-83","Television","1",1,"Yes",,"5000"
"91-24-08-83","Living room furniture set","1",1,"Yes",,"1000"
"25-32-96-44","Simple Mobile Phone","1",1,"Yes",,"50"
"25-32-96-44","Smart Phone","1",2,,,"800"
"25-32-96-44","Building","6",5,"Yes",,"2e+05"
"25-32-96-44","Gas or Paraffin Stove","1",1,"Yes",,"150"
"25-32-96-44","Refrigerator","1",1,"Yes",,"I don't know"
"25-32-96-44","Television","1",1,"Yes",,"I don't know"
"25-32-96-44","Plastic chairs","2",4,"Yes",,"I don't know"
"97-99-83-33","Building","1",1,"Yes",,"1e+05"
"97-99-83-33","Radio","1",1,"Yes",,"200"
"55-35-77-06","Simple Mobile Phone","1",3,"Yes",,"50"
"55-35-77-06","Smart Phone","1",5,"Yes",,"4000"
"55-35-77-06","Building","3",3,"Yes",,"1500000"
"55-35-77-06","Gas or Paraffin Stove","1",2,"Yes",,"200"
"55-35-77-06","Refrigerator","1",2,"Yes",,"700"
"55-35-77-06","Radio","1",1,"Yes",,"2000"
"55-35-77-06","Television","2",5,"Yes",,"1000"
"55-35-77-06","Plastic chairs","3",3,"Yes",,"20"
"55-35-77-06","Wheelbarrow","1",1,"Yes",,"350"
"05-01-06-84","Simple Mobile Phone","2",1,,,"100"
"05-01-06-84","Smart Phone","4",3,"Yes",,"1500"
"05-01-06-84","Building","4",1,,,"80000"
"05-01-06-84","Gas or Paraffin Stove","1",1,,,"400"
"05-01-06-84","Radio","4",1,,,"700"
"05-01-06-84","Television","3",1,,,"3000"
"05-01-06-84","Plastic chairs","20",0,,,"200"
"05-01-06-84","Wheelbarrow","1",1,,,"1000"
"05-01-06-84","Solar panel","2",1,,,"1400"
"05-01-06-84","Battery bank","1",0,,,"100"
"49-78-46-84","Simple Mobile Phone","2",4,"Yes",,"100"
"49-78-46-84","Building","4",1,"Yes",,"6e+05"
"49-78-46-84","Electric Stove","1",5,"Yes",,"100"
"49-78-46-84","Refrigerator","1",0,"Yes",,"1200"
"49-78-46-84","Radio","1",1,"Yes",,"300"
"49-78-46-84","Television","1",0,"Yes",,"400"
"96-34-51-79","Simple Mobile Phone","2",2,"Yes",,"100"
"96-34-51-79","Smart Phone","6",4,,,"1000"
"96-34-51-79","Motor vehicle","1",1,,,"25000"
"96-34-51-79","Electric Stove","3",3,"Yes",,"300"
"96-34-51-79","Microwave","2",1,"Yes",,"1100"
"96-34-51-79","Refrigerator","5",3,"Yes",,"1000"
"96-34-51-79","Television","4",2,"Yes",,"1200"
"96-34-51-79","Computer- laptop or desktop","1",1,,,"2200"
"96-34-51-79","Plastic chairs","13",20,"Yes",,"300"
"96-34-51-79","Wheelbarrow","1",1,"Yes",,"200"
"05-90-60-44","Smart Phone","3",1,"Yes",,"700"
"05-90-60-44","Building","3",3,"Yes",,"70000"
"05-90-60-44","Electric Stove","1",1,"Yes",,"90"
"05-90-60-44","Gas or Paraffin Stove","1",1,"Yes",,"1000"
"05-90-60-44","Microwave","1",1,"Yes",,"1000"
"05-90-60-44","Refrigerator","1",1,"Yes",,"3000"
"05-90-60-44","Radio","1",1,"Yes",,"700"
"05-90-60-44","Living room furniture set","1",0,"Yes",,"60"
"05-90-60-44","Plastic chairs","1",4,"Yes",,"50"
"05-90-60-44","Plough","1",0,"Yes",,"200"
"32-72-73-42","Simple Mobile Phone","3",2,"Yes",,"200"
"32-72-73-42","Smart Phone","13",26,"Yes",,"1500"
"32-72-73-42","Building","4",3,"Yes",,"250000"
"32-72-73-42","Refrigerator","7",7,"Yes",,"3000"
"32-72-73-42","Radio","2",2,"Yes",,"1500"
"32-72-73-42","Television","3",3,"Yes",,"2000"
"32-72-73-42","Living room furniture set","2",2,"Yes",,"3500"
"32-72-73-42","Plastic chairs","3",10,"Yes",,"50"
"32-72-73-42","Wheelbarrow","1",2,"Yes",,"300"
"94-88-32-78","Simple Mobile Phone","3",4,"Yes",,"150"
"94-88-32-78","Smart Phone","3",1,,,"600"
"94-88-32-78","Gas or Paraffin Stove","1",1,"Yes",,"250"
"94-88-32-78","Refrigerator","1",1,"Yes",,"900"
"94-88-32-78","Television","1",1,"Yes",,"1200"
"94-88-32-78","Plastic chairs","4",5,"Yes",,"50"
"94-88-32-78","Wheelbarrow","1",1,"Yes",,"200"
"18-56-14-23","Simple Mobile Phone","1",1,"Yes",,"50"
"18-56-14-23","Smart Phone","2",1,"Yes",,"1500"
"18-56-14-23","Motor vehicle","2",1,"Yes",,"20000"
"18-56-14-23","Building","1",1,"Yes",,"70000"
"18-56-14-23","Electric Stove","1",1,"Yes",,"20"
"18-56-14-23","Gas or Paraffin Stove","1",0,"Yes",,"800"
"18-56-14-23","Refrigerator","1",1,"Yes",,"3000"
"18-56-14-23","Radio","1",1,"Yes",,"1000"
"18-56-14-23","Television","2",1,"Yes",,"800"
"18-56-14-23","Computer- laptop or desktop","1",1,"Yes",,"2000"
"18-56-14-23","Living room furniture set","3",2,"Yes",,"1500"
"18-56-14-23","Plastic chairs","2",2,"Yes",,"20"
"18-56-14-23","Wheelbarrow","1",1,"Yes",,"500"
"18-56-14-23","Solar panel","1",1,"Yes",,"1000"
"84-22-47-37","Building","2",2,"Yes",,"150000"
"84-22-47-37","Plastic chairs","3",2,"Yes",,"30"
"84-22-47-37","Wheelbarrow","1",1,"Yes",,"250"
"44-69-61-71","Smart Phone","2",2,"Yes",,"1200"
"44-69-61-71","Motor vehicle","1",1,"Yes",,"30000"
"44-69-61-71","Gas or Paraffin Stove","1",1,,,"300"
"44-69-61-71","Microwave","1",1,,,"850"
"44-69-61-71","Refrigerator","1",1,,,"1800"
"44-69-61-71","Television","1",1,"Yes",,"1500"
"44-69-61-71","Living room furniture set","1",1,"Yes",,"2000"
"44-69-61-71","Plastic chairs","5",2,"Yes",,"35"
"44-69-61-71","Wheelbarrow","1",1,"Yes",,"150"
"05-76-24-30","Simple Mobile Phone","1",3,"Yes",,"100"
"05-76-24-30","Smart Phone","2",1,"Yes",,"500"
"05-76-24-30","Motor vehicle","2",2,"Yes",,"40000"
"05-76-24-30","Building","3",3,"Yes",,"3e+05"
"05-76-24-30","Gas or Paraffin Stove","1",1,"Yes",,"1000"
"05-76-24-30","Microwave","1",1,"Yes",,"1200"
"05-76-24-30","Refrigerator","1",1,"Yes",,"2000"
"05-76-24-30","Freezer","1",1,"Yes",,"2000"
"05-76-24-30","Radio","1",1,"Yes",,"1500"
"05-76-24-30","Television","1",1,"Yes",,"3000"
"05-76-24-30","Living room furniture set","4",4,"Yes",,"3000"
"05-76-24-30","Plastic chairs","4",4,"Yes",,"50"
"05-76-24-30","Wheelbarrow","1",1,"Yes",,"300"
"05-76-24-30","Electric generator","1",1,"Yes",,"3000"
"72-65-35-75","Simple Mobile Phone","4",2,"Yes",,"100"
"72-65-35-75","Building","1",1,,,"90000"
"72-65-35-75","Refrigerator","1",1,,,"1000"
"72-65-35-75","Television","1",1,"Yes",,"2000"
"72-65-35-75","Plastic chairs","6",6,"Yes",,"50"
"92-30-60-06","Simple Mobile Phone","1",1,"Yes",,"200"
"92-30-60-06","Smart Phone","1",1,"Yes",,"2200"
"92-30-60-06","Gas or Paraffin Stove","1",1,"Yes",,"1300"
"92-30-60-06","Refrigerator","1",1,"Yes",,"2100"
"92-30-60-06","Radio","1",1,"Yes",,"1600"
"92-30-60-06","Television","1",1,"Yes",,"2700"
"92-30-60-06","Plastic chairs","3",1,"Yes",,"40"
"92-30-60-06","Wheelbarrow","1",1,"Yes",,"300"
"94-77-43-36","Simple Mobile Phone","2",3,"Yes",,"100"
"94-77-43-36","Smart Phone","1",2,"Yes",,"500"
"94-77-43-36","Motor vehicle","1",1,,,"30000"
"94-77-43-36","Building","2",2,"Yes",,"450000"
"94-77-43-36","Electric Stove","2",2,"Yes",,"100"
"94-77-43-36","Gas or Paraffin Stove","1",1,"Yes",,"600"
"94-77-43-36","Microwave","1",2,"Yes",,"300"
"94-77-43-36","Refrigerator","2",3,"Yes",,"700"
"94-77-43-36","Freezer","1",2,"Yes",,"900"
"94-77-43-36","Radio","1",1,"Yes",,"400"
"94-77-43-36","Television","2",3,"Yes",,"1500"
"94-77-43-36","Computer- laptop or desktop","1",1,,,"2000"
"94-77-43-36","Living room furniture set","3",3,"Yes",,"3000"
"94-77-43-36","Plastic chairs","4",6,"Yes",,"30"
"94-77-43-36","Wheelbarrow","1",2,,,"400"
"72-37-57-39","Simple Mobile Phone","1",2,"Yes",,"150"
"72-37-57-39","Smart Phone","1",2,"Yes",,"400"
"72-37-57-39","Building","4",4,"Yes",,"2e+05"
"72-37-57-39","Electric Stove","1",1,"Yes",,"220"
"72-37-57-39","Refrigerator","1",1,"Yes",,"1000"
"72-37-57-39","Television","1",0,"Yes",,"1500"
"76-02-50-71","Smart Phone","2",2,"Yes",,"700"
"76-02-50-71","Gas or Paraffin Stove","1",1,"Yes",,"200"
"76-02-50-71","Plastic chairs","10",5,"Yes",,"40"
"76-02-50-71","Wheelbarrow","1",1,"Yes",,"260"
"75-53-97-04","Simple Mobile Phone","2",2,"Yes",,"100"
"75-53-97-04","Motor vehicle","1",1,"Yes",,"50000"
"75-53-97-04","Building","1",3,"Yes",,"3e+05"
"75-53-97-04","Gas or Paraffin Stove","1",1,"Yes",,"150"
"75-53-97-04","Refrigerator","1",1,"Yes",,"30000"
"75-53-97-04","Radio","1",1,"Yes",,"200"
"75-53-97-04","Television","1",1,"Yes",,"2500"
"75-53-97-04","Living room furniture set","2",2,"Yes",,"4000"
"75-53-97-04","Plastic chairs","2",2,"Yes",,"40"
"75-53-97-04","Wheelbarrow","1",1,"Yes",,"200"
"61-20-94-35","Smart Phone","2",2,"Yes",,"1200"
"61-20-94-35","Motor vehicle","2",2,"Yes",,"40000"
"61-20-94-35","Electric Stove","1",1,"Yes",,"2000"
"61-20-94-35","Gas or Paraffin Stove","1",1,"Yes",,"2500"
"61-20-94-35","Microwave","1",1,"Yes",,"500"
"61-20-94-35","Refrigerator","1",1,"Yes",,"3500"
"61-20-94-35","Freezer","1",1,"Yes",,"3500"
"61-20-94-35","Washing Machine","1",1,"Yes",,"4000"
"61-20-94-35","Television","1",1,"Yes",,"5000"
"61-20-94-35","Computer- laptop or desktop","1",1,"Yes",,"3000"
"61-20-94-35","Living room furniture set","2",2,"Yes",,"5000"
"61-20-94-35","Plastic chairs","3",5,"Yes",,"40"
"33-94-27-06","Simple Mobile Phone","2",2,"Yes",,"100"
"33-94-27-06","Smart Phone","2",2,,,"2000"
"33-94-27-06","Refrigerator","1",1,,,"1500"
"33-94-27-06","Radio","2",2,,,"1000"
"33-94-27-06","Television","2",1,,,"3000"
"33-94-27-06","Plastic chairs","10",5,"Yes",,"500"
"02-07-42-94","Simple Mobile Phone","1",1,,,"50"
"02-07-42-94","Smart Phone","3",2,"Yes",,"1500"
"48-79-63-92","Simple Mobile Phone","2",1,"Yes",,"200"
"48-79-63-92","Smart Phone","2",2,"Yes",,"1500"
"48-79-63-92","Motor vehicle","1",1,"Yes",,"20000"
"48-79-63-92","Electric Stove","1",1,"Yes",,"1000"
"48-79-63-92","Microwave","1",1,"Yes",,"1000"
"48-79-63-92","Refrigerator","1",1,"Yes",,"1500"
"48-79-63-92","Radio","1",1,"Yes",,"1000"
"48-79-63-92","Television","1",1,"Yes",,"2500"
"48-79-63-92","Living room furniture set","1",1,"Yes",,"2000"
"48-79-63-92","Plastic chairs","4",2,"Yes",,"200"
"87-31-98-00","Smart Phone","1",1,"Yes",,"350"
"87-31-98-00","Motor vehicle","1",1,"Yes",,"10000"
"87-31-98-00","Gas or Paraffin Stove","1",0,"Yes",,"150"
"87-31-98-00","Refrigerator","1",0,"Yes",,"400"
"87-31-98-00","Plastic chairs","10",5,"Yes",,"30"
"87-31-98-00","Wheelbarrow","1",1,"Yes",,"200"
"68-12-26-88","Simple Mobile Phone","2",2,"Yes",,"I don't know"
"68-12-26-88","Plastic chairs","1",2,"Yes",,"20"
"68-12-26-88","Plough","1",1,"Yes",,"I don't know"
"21-07-91-22","Simple Mobile Phone","1",1,"Yes",,"100"
"21-07-91-22","Smart Phone","4",4,,,"2000"
"21-07-91-22","Building","4",4,"Yes",,"Refused to answer"
"21-07-91-22","Electric Stove","1",1,"Yes",,"400"
"21-07-91-22","Gas or Paraffin Stove","1",1,"Yes",,"250"
"21-07-91-22","Refrigerator","1",1,"Yes",,"3500"
"21-07-91-22","Freezer","1",1,"Yes",,"4000"
"21-07-91-22","Radio","1",1,"Yes",,"150"
"21-07-91-22","Television","1",1,"Yes",,"4500"
"21-07-91-22","Computer- laptop or desktop","1",1,,,"2500"
"21-07-91-22","Plastic chairs","6",6,"Yes",,"55"
"59-08-91-97","Simple Mobile Phone","1",1,"Yes",,"150"
"59-08-91-97","Smart Phone","2",2,"Yes",,"800"
"59-08-91-97","Motor vehicle","1",1,"Yes",,"20000"
"59-08-91-97","Building","1",1,"Yes",,"2e+05"
"59-08-91-97","Gas or Paraffin Stove","1",1,"Yes",,"2400"
"59-08-91-97","Microwave","1",1,"Yes",,"650"
"59-08-91-97","Refrigerator","1",1,"Yes",,"2500"
"59-08-91-97","Radio","1",1,"Yes",,"500"
"59-08-91-97","Television","1",1,"Yes",,"3000"
"59-08-91-97","Plastic chairs","4",4,"Yes",,"50"
"59-08-91-97","Wheelbarrow","1",1,"Yes",,"150"
"15-39-44-44","Motor vehicle","2",2,"Yes",,"3700"
"15-39-44-44","Gas or Paraffin Stove","1",1,"Yes",,"800"
"15-39-44-44","Refrigerator","1",1,"Yes",,"2500"
"15-39-44-44","Wheelbarrow","1",1,"Yes",,"250"
"70-81-99-80","Simple Mobile Phone","1",5,,,"70"
"70-81-99-80","Building","3",2,"Yes",,"1e+06"
"70-81-99-80","Radio","1",1,,,"2000"
"70-81-99-80","Plastic chairs","2",4,,,"50"
"70-81-99-80","Plough","1",4,"Yes",,"100"
"70-81-99-80","Wheelbarrow","1",1,,,"500"
"70-81-99-80","Solar panel","3",3,,,"5000"
"57-32-99-06","Simple Mobile Phone","3",3,"Yes",,"100"
"57-32-99-06","Smart Phone","7",2,"Yes",,"1400"
"57-32-99-06","Motor vehicle","1",1,"Yes",,"32000"
"57-32-99-06","Bicycle","2",1,,,"1000"
"57-32-99-06","Building","4",3,"Yes",,"5e+05"
"57-32-99-06","Gas or Paraffin Stove","1",1,"Yes",,"1800"
"57-32-99-06","Refrigerator","2",2,"Yes",,"1500"
"57-32-99-06","Television","1",1,"Yes",,"1000"
"57-32-99-06","Living room furniture set","4",4,"Yes",,"2000"
"57-32-99-06","Plastic chairs","3",4,"Yes",,"50"
"57-32-99-06","Plough","4",0,"Yes",,"150"
"60-00-51-13","Simple Mobile Phone","1",1,"Yes",,"100"
"60-00-51-13","Smart Phone","3",2,,,"900"
"60-00-51-13","Motor vehicle","1",1,"Yes",,"40000"
"60-00-51-13","Gas or Paraffin Stove","1",1,"Yes",,"Refused to answer"
"60-00-51-13","Microwave","1",1,"Yes",,"600"
"60-00-51-13","Refrigerator","2",1,"Yes",,"1200"
"60-00-51-13","Radio","2",2,"Yes",,"500"
"60-00-51-13","Plastic chairs","4",5,"Yes",,"300"
"60-00-51-13","Wheelbarrow","1",1,"Yes",,"150"
"03-72-03-14","Simple Mobile Phone","3",3,"Yes",,"I don't know"
"03-72-03-14","Building","2",2,,,"I don't know"
"03-72-03-14","Plastic chairs","12",12,,,"I don't know"
"03-72-03-14","Plough","3",3,,,"I don't know"
"03-72-03-14","Wheelbarrow","1",1,,,"I don't know"
"32-51-19-72","Simple Mobile Phone","1",1,"Yes",,"100"
"32-51-19-72","Smart Phone","2",1,,,"1500"
"32-51-19-72","Refrigerator","2",1,,,"3000"
"32-51-19-72","Radio","1",1,,,"5000"
"32-51-19-72","Television","1",0,,,"1500"
"32-51-19-72","Plastic chairs","5",2,"Yes",,"200"
"95-19-87-73","Simple Mobile Phone","1",0,,,"150"
"95-19-87-73","Smart Phone","1",1,,,"1000"
"95-19-87-73","Motor vehicle","1",0,,,"65000"
"95-19-87-73","Bicycle","1",3,,,"900"
"95-19-87-73","Building","2",2,,,"150000"
"95-19-87-73","Electric Stove","1",0,,,"850"
"95-19-87-73","Gas or Paraffin Stove","1",0,,,"350"
"95-19-87-73","Refrigerator","1",0,,,"2500"
"95-19-87-73","Radio","1",0,,,"3000"
"95-19-87-73","Television","1",0,,,"1900"
"09-07-28-33","Smart Phone","1",0,"Yes",,"800"
"09-07-28-33","Building","1",2,"Yes",,"80000"
"82-76-66-89","Smart Phone","3",3,"Yes",,"400"
"82-76-66-89","Refrigerator","1",1,"Yes",,"750"
"82-76-66-89","Radio","1",1,"Yes",,"350"
"82-76-66-89","Plastic chairs","4",4,"Yes",,"25"
"32-84-70-99","Smart Phone","1",1,"Yes",,"700"
"32-84-70-99","Building","1",1,"Yes",,"I don't know"
"32-84-70-99","Electric Stove","2",2,"Yes",,"I don't know"
"32-84-70-99","Refrigerator","1",1,"Yes",,"I don't know"
"32-84-70-99","Radio","1",1,"Yes",,"I don't know"
"32-84-70-99","Television","1",1,"Yes",,"I don't know"
"32-84-70-99","Computer- laptop or desktop","1",1,"Yes",,"I don't know"
"32-84-70-99","Plastic chairs","5",5,"Yes",,"I don't know"
"97-60-60-10","Simple Mobile Phone","2",5,,,"150"
"97-60-60-10","Smart Phone","4",2,"Yes",,"2500"
"97-60-60-10","Motor vehicle","2",2,,,"60000"
"97-60-60-10","Electric Stove","1",1,,,"150"
"97-60-60-10","Refrigerator","1",1,,,"2500"
"97-60-60-10","Freezer","1",1,,,"3000"
"97-60-60-10","Radio","1",1,,,"450"
"97-60-60-10","Television","2",1,,,"1500"
"97-60-60-10","Living room furniture set","1",0,,,"1000"
"97-60-60-10","Plastic chairs","10",2,,,"40"
"97-60-60-10","Wheelbarrow","1",0,,,"100"
"97-60-60-10","Battery bank","2",0,,,"85"
"77-34-61-84","Simple Mobile Phone","2",2,"Yes",,"200"
"77-34-61-84","Smart Phone","1",1,,,"800"
"77-34-61-84","Building","2",2,"Yes",,"30000"
"77-34-61-84","Refrigerator","1",1,,,"800"
"77-34-61-84","Radio","1",1,"Yes",,"280"
"77-34-61-84","Plastic chairs","2",3,"Yes",,"30"
"77-34-61-84","Wheelbarrow","1",1,"Yes",,"80"
"51-45-20-69","Simple Mobile Phone","1",2,"Yes",,"50"
"51-45-20-69","Smart Phone","1",1,,,"250"
"51-45-20-69","Building","4",3,"Yes",,"170000"
"51-45-20-69","Electric Stove","2",2,,,"120"
"51-45-20-69","Microwave","1",1,,,"300"
"51-45-20-69","Refrigerator","1",1,,,"1200"
"56-62-79-46","Simple Mobile Phone","1",0,,,"200"
"56-62-79-46","Smart Phone","1",1,"Yes",,"700"
"56-62-79-46","Electric Stove","1",1,"Yes",,"250"
"56-62-79-46","Refrigerator","1",1,"Yes",,"900"
"56-62-79-46","Radio","1",1,"Yes",,"100"
"56-62-79-46","Television","1",1,"Yes",,"1100"
"56-62-79-46","Plastic chairs","5",3,"Yes",,"30"
"56-62-79-46","Wheelbarrow","1",1,"Yes",,"110"
"11-13-66-94","Electric Stove","1",1,"Yes",,"Refused to answer"
"11-13-66-94","Refrigerator","1",1,"Yes",,"500"
"11-13-66-94","Television","1",1,"Yes",,"I don't know"
"11-13-66-94","Plastic chairs","1",1,"Yes",,"300"
"15-09-86-52","Simple Mobile Phone","2",1,,,"100"
"15-09-86-52","Smart Phone","3",0,"Yes",,"I don't know"
"15-09-86-52","Building","3",3,"Yes",,"30000"
"15-09-86-52","Electric Stove","1",1,,,"2000"
"15-09-86-52","Gas or Paraffin Stove","1",1,"Yes",,"1500"
"15-09-86-52","Refrigerator","1",1,"Yes",,"1500"
"15-09-86-52","Television","2",2,"Yes",,"3000"
"15-09-86-52","Living room furniture set","4",4,"Yes",,"2000"
"15-09-86-52","Plastic chairs","2",2,"Yes",,"50"
"91-02-01-07","Simple Mobile Phone","1",1,"Yes",,"150"
"91-02-01-07","Smart Phone","2",2,"Yes",,"600"
"91-02-01-07","Motor vehicle","1",1,"Yes",,"30000"
"91-02-01-07","Electric Stove","1",1,,,"90"
"91-02-01-07","Microwave","1",1,,,"250"
"91-02-01-07","Refrigerator","2",2,"Yes",,"1500"
"91-02-01-07","Freezer","1",1,"Yes",,"2100"
"91-02-01-07","Washing Machine","1",1,"Yes",,"2000"
"91-02-01-07","Radio","1",1,"Yes",,"400"
"91-02-01-07","Television","1",0,"Yes",,"1000"
"91-02-01-07","Living room furniture set","1",1,"Yes",,"10000"
"91-02-01-07","Plastic chairs","1",0,"Yes",,"40"
"38-98-52-39","Smart Phone","2",2,"Yes",,"400"
"38-98-52-39","Motor vehicle","2",1,"Yes",,"23000"
"38-98-52-39","Gas or Paraffin Stove","1",1,,,"1100"
"38-98-52-39","Refrigerator","1",1,,,"1700"
"38-98-52-39","Radio","1",1,"Yes",,"500"
"38-98-52-39","Television","1",1,"Yes",,"2300"
"38-98-52-39","Living room furniture set","1",1,"Yes",,"1200"
"38-98-52-39","Plastic chairs","3",3,"Yes",,"100"
"91-79-46-21","Simple Mobile Phone","3",2,"Yes",,"500"
"91-79-46-21","Smart Phone","2",3,"Yes",,"700"
"91-79-46-21","Electric Stove","1",1,"Yes",,"70"
"91-79-46-21","Gas or Paraffin Stove","1",1,"Yes",,"1000"
"91-79-46-21","Microwave","1",1,"Yes",,"900"
"91-79-46-21","Refrigerator","2",1,"Yes",,"5000"
"91-79-46-21","Radio","1",0,"Yes",,"350"
"91-79-46-21","Television","1",1,"Yes",,"2500"
"91-79-46-21","Living room furniture set","4",4,"Yes",,"4000"
"09-72-08-00","Simple Mobile Phone","3",3,"Yes",,"150"
"09-72-08-00","Electric Stove","1",2,"Yes",,"200"
"09-72-08-00","Refrigerator","1",1,"Yes",,"1200"
"09-72-08-00","Radio","1",1,"Yes",,"300"
"09-72-08-00","Television","1",1,"Yes",,"1000"
"25-52-14-98","Simple Mobile Phone","2",2,,,"100"
"25-52-14-98","Smart Phone","3",3,"Yes",,"2500"
"25-52-14-98","Motor vehicle","3",1,"Yes",,"35000"
"25-52-14-98","Building","4",3,"Yes",,"150000"
"25-52-14-98","Electric Stove","2",1,"Yes",,"100"
"25-52-14-98","Gas or Paraffin Stove","2",1,"Yes",,"800"
"25-52-14-98","Microwave","1",1,"Yes",,"600"
"25-52-14-98","Refrigerator","3",1,"Yes",,"3500"
"25-52-14-98","Freezer","1",0,"Yes",,"3000"
"25-52-14-98","Radio","2",0,"Yes",,"400"
"25-52-14-98","Television","3",2,"Yes",,"2800"
"25-52-14-98","Living room furniture set","3",3,"Yes",,"4000"
"25-52-14-98","Plastic chairs","1",4,"Yes",,"50"
"25-52-14-98","Wheelbarrow","1",1,"Yes",,"200"
"54-44-91-10","Simple Mobile Phone","1",1,,,"100"
"54-44-91-10","Smart Phone","1",0,,,"1100"
"54-44-91-10","Building","1",1,,,"5000"
"54-44-91-10","Plastic chairs","2",2,,,"35"
"76-65-29-85","Simple Mobile Phone","1",1,,,"50"
"76-65-29-85","Smart Phone","3",3,"Yes",,"2500"
"76-65-29-85","Motor vehicle","3",2,"Yes",,"70000"
"76-65-29-85","Building","4",1,"Yes",,"5e+05"
"76-65-29-85","Gas or Paraffin Stove","2",1,,,"3000"
"76-65-29-85","Microwave","1",0,,,"500"
"76-65-29-85","Refrigerator","2",1,,,"4000"
"76-65-29-85","Freezer","1",0,,,"3000"
"76-65-29-85","Washing Machine","1",0,,,"2000"
"76-65-29-85","Radio","2",1,,,"1000"
"76-65-29-85","Television","1",1,,,"4000"
"76-65-29-85","Living room furniture set","3",3,,,"800"
"76-65-29-85","Plastic chairs","10",0,,,"40"
"76-65-29-85","Wheelbarrow","1",1,,,"100"
"02-98-88-27","Simple Mobile Phone","1",2,"Yes",,"50"
"02-98-88-27","Smart Phone","1",3,"Yes",,"800"
"02-98-88-27","Electric Stove","1",2,"Yes",,"150"
"02-98-88-27","Refrigerator","1",1,"Yes",,"1200"
"02-98-88-27","Radio","1",1,"Yes",,"500"
"02-98-88-27","Television","1",1,"Yes",,"1000"
"94-29-79-85","Simple Mobile Phone","1",1,"Yes",,"1"
"94-29-79-85","Radio","1",1,"Yes",,"200"
"94-29-79-85","Living room furniture set","2",2,"Yes",,"3000"
"94-29-79-85","Wheelbarrow","1",1,"Yes",,"200"
"73-36-17-40","Simple Mobile Phone","2",0,"Yes",,"100"
"73-36-17-40","Electric Stove","1",4,"Yes",,"100"
"73-36-17-40","Refrigerator","1",1,"Yes",,"800"
"73-36-17-40","Television","1",3,"Yes",,"500"
"73-36-17-40","Plastic chairs","2",8,"Yes",,"50"
"73-36-17-40","Wheelbarrow","1",1,"Yes",,"200"
"42-46-38-01","Simple Mobile Phone","2",2,"Yes",,"200"
"42-46-38-01","Smart Phone","2",1,"Yes",,"500"
"42-46-38-01","Electric Stove","1",1,,,"200"
"42-46-38-01","Refrigerator","1",1,,,"1200"
"42-46-38-01","Radio","1",1,,,"400"
"42-46-38-01","Television","1",1,,,"700"
"73-70-95-80","Simple Mobile Phone","1",1,,,"100"
"73-70-95-80","Smart Phone","1",1,"Yes",,"700"
"73-70-95-80","Building","1",1,,,"300"
"73-70-95-80","Plastic chairs","2",2,,,"50"
"73-70-95-80","Solar panel","1",1,,,"250"
"72-84-79-72","Smart Phone","1",1,"Yes",,"4000"
"72-84-79-72","Motor vehicle","1",1,"Yes",,"75000"
"72-84-79-72","Building","1",1,"Yes",,"Refused to answer"
"72-84-79-72","Gas or Paraffin Stove","1",1,"Yes",,"Refused to answer"
"72-84-79-72","Refrigerator","1",1,"Yes",,"Refused to answer"
"72-84-79-72","Radio","1",1,"Yes",,"Refused to answer"
"72-84-79-72","Television","1",1,"Yes",,"Refused to answer"
"72-84-79-72","Living room furniture set","1",1,"Yes",,"Refused to answer"
"72-84-79-72","Plastic chairs","5",4,"Yes",,"Refused to answer"
"72-84-79-72","Wheelbarrow","1",1,"Yes",,"Refused to answer"
"65-38-87-54","Simple Mobile Phone","2",2,"Yes",,"150"
"65-38-87-54","Smart Phone","2",0,,,"900"
"65-38-87-54","Building","3",3,"Yes",,"20000"
"65-38-87-54","Refrigerator","1",1,"Yes",,"3000"
"65-38-87-54","Television","1",1,"Yes",,"1500"
"65-38-87-54","Plastic chairs","1",0,"Yes",,"30"
"94-91-03-07","Simple Mobile Phone","3",3,"Yes",,"90"
"94-91-03-07","Smart Phone","1",2,,,"1200"
"94-91-03-07","Building","6",5,"Yes",,"10000"
"94-91-03-07","Gas or Paraffin Stove","1",1,"Yes",,"1000"
"94-91-03-07","Refrigerator","1",1,"Yes",,"2000"
"94-91-03-07","Radio","1",0,"Yes",,"100"
"94-91-03-07","Television","2",2,"Yes",,"500"
"94-91-03-07","Living room furniture set","1",1,"Yes",,"1000"
"94-91-03-07","Plastic chairs","5",7,"Yes",,"20"
"94-91-03-07","Wheelbarrow","1",1,"Yes",,"200"
"43-00-27-37","Smart Phone","2",2,"Yes",,"I don't know"
"43-00-27-37","Building","1",1,"Yes",,"250000"
"43-00-27-37","Electric Stove","1",1,"Yes",,"150"
"43-00-27-37","Gas or Paraffin Stove","1",1,"Yes",,"250"
"43-00-27-37","Microwave","1",1,"Yes",,"800"
"43-00-27-37","Refrigerator","1",1,"Yes",,"3000"
"43-00-27-37","Freezer","1",1,"Yes",,"4000"
"43-00-27-37","Radio","1",1,"Yes",,"1000"
"43-00-27-37","Television","1",1,"Yes",,"2500"
"43-00-27-37","Computer- laptop or desktop","1",1,"Yes",,"3500"
"43-00-27-37","Plastic chairs","2",2,"Yes",,"50"
"97-63-44-51","Simple Mobile Phone","2",2,"Yes",,"200"
"97-63-44-51","Smart Phone","2",2,"Yes",,"2000"
"97-63-44-51","Motor vehicle","1",1,"Yes",,"25000"
"97-63-44-51","Building","5",5,"Yes",,"5e+05"
"97-63-44-51","Gas or Paraffin Stove","1",1,"Yes",,"1500"
"97-63-44-51","Microwave","1",1,"Yes",,"1000"
"97-63-44-51","Refrigerator","1",1,"Yes",,"2000"
"97-63-44-51","Television","1",1,"Yes",,"2000"
"97-63-44-51","Living room furniture set","1",1,"Yes",,"2500"
"97-63-44-51","Plastic chairs","15",15,"Yes",,"1000"
"13-97-69-06","Simple Mobile Phone","2",2,"Yes",,"80"
"13-97-69-06","Bicycle","1",1,"Yes",,"500"
"13-97-69-06","Building","1",1,"Yes",,"50000"
"13-97-69-06","Gas or Paraffin Stove","1",1,"Yes",,"120"
"13-97-69-06","Refrigerator","1",1,"Yes",,"2000"
"13-97-69-06","Radio","1",1,"Yes",,"3200"
"13-97-69-06","Television","1",1,"Yes",,"250"
"13-97-69-06","Living room furniture set","1",1,"Yes",,"500"
"13-97-69-06","Plastic chairs","2",0,"Yes",,"20"
"13-97-69-06","Electric generator","1",1,"Yes",,"700"
"64-91-38-41","Simple Mobile Phone","1",1,,,"I don't know"
"64-91-38-41","Smart Phone","2",2,,,"I don't know"
"64-91-38-41","Motor vehicle","1",1,,,"I don't know"
"64-91-38-41","Bicycle","1",1,,,"I don't know"
"64-91-38-41","Building","1",1,,,"I don't know"
"64-91-38-41","Electric Stove","1",1,,,"I don't know"
"64-91-38-41","Microwave","1",1,,,"I don't know"
"64-91-38-41","Refrigerator","1",1,,,"I don't know"
"64-91-38-41","Radio","1",1,,,"I don't know"
"64-91-38-41","Television","2",2,,,"I don't know"
"64-91-38-41","Computer- laptop or desktop","1",1,,,"I don't know"
"64-91-38-41","Living room furniture set","1",1,,,"I don't know"
"64-91-38-41","Plastic chairs","3",3,,,"I don't know"
"81-33-83-30","Simple Mobile Phone","2",2,,,"150"
"81-33-83-30","Smart Phone","2",2,"Yes",,"800"
"81-33-83-30","Building","3",3,"Yes",,"I don't know"
"81-33-83-30","Electric Stove","1",0,"Yes",,"200"
"81-33-83-30","Refrigerator","2",1,"Yes",,"850"
"81-33-83-30","Radio","1",0,"Yes",,"250"
"81-33-83-30","Television","2",1,"Yes",,"500"
"81-33-83-30","Plastic chairs","5",3,"Yes",,"40"
"81-33-83-30","Wheelbarrow","1",1,"Yes",,"100"
"19-42-84-15","Simple Mobile Phone","1",1,"Yes",,"70"
"19-42-84-15","Smart Phone","3",3,,,"550"
"19-42-84-15","Gas or Paraffin Stove","1",1,"Yes",,"150"
"19-42-84-15","Refrigerator","1",1,"Yes",,"600"
"19-42-84-15","Radio","1",1,"Yes",,"400"
"19-42-84-15","Television","1",1,"Yes",,"1000"
"19-42-84-15","Plastic chairs","12",5,"Yes",,"55"
"13-49-27-25","Simple Mobile Phone","1",1,"Yes",,"100"
"08-12-43-59","Simple Mobile Phone","1",1,,,"100"
"08-12-43-59","Electric Stove","1",1,"Yes",,"1000"
"08-12-43-59","Refrigerator","1",1,"Yes",,"2000"
"08-12-43-59","Radio","1",1,"Yes",,"500"
"08-12-43-59","Television","1",1,"Yes",,"1000"
"08-12-43-59","Plastic chairs","2",2,"Yes",,"100"
"82-85-64-69","Smart Phone","4",4,"Yes",,"2000"
"82-85-64-69","Motor vehicle","2",2,,,"20000"
"82-85-64-69","Gas or Paraffin Stove","2",2,,,"1000"
"82-85-64-69","Refrigerator","1",1,,,"1500"
"82-85-64-69","Radio","3",1,,,"1000"
"82-85-64-69","Television","2",2,"Yes",,"1500"
"82-85-64-69","Plastic chairs","10",4,,,"500"
"22-02-04-35","Simple Mobile Phone","1",2,"Yes",,"50"
"22-02-04-35","Smart Phone","2",3,"Yes",,"600"
"22-02-04-35","Building","2",2,,,"4e+05"
"22-02-04-35","Gas or Paraffin Stove","2",2,"Yes",,"1000"
"22-02-04-35","Microwave","1",2,"Yes",,"400"
"22-02-04-35","Refrigerator","1",2,"Yes",,"1200"
"22-02-04-35","Freezer","1",1,"Yes",,"1500"
"22-02-04-35","Radio","1",1,,,"800"
"22-02-04-35","Television","1",2,"Yes",,"1600"
"22-02-04-35","Living room furniture set","1",1,"Yes",,"2000"
"22-02-04-35","Plastic chairs","5",10,"Yes",,"20"
"22-02-04-35","Plough","4",4,"Yes",,"80"
"22-02-04-35","Wheelbarrow","1",2,,,"450"
"00-91-45-36","Smart Phone","2",2,"Yes",,"1500"
"00-91-45-36","Building","2",1,,,"50000"
"00-91-45-36","Radio","1",1,,,"500"
"00-91-45-36","Plastic chairs","1",5,,,"50"
"11-05-72-97","Simple Mobile Phone","2",2,"Yes",,"150"
"11-05-72-97","Building","1",1,"Yes",,"20000"
"11-05-72-97","Radio","1",1,"Yes",,"200"
"11-05-72-97","Living room furniture set","1",1,"Yes",,"500"
"11-05-72-97","Plastic chairs","2",2,"Yes",,"100"
"11-05-72-97","Plough","1",1,"Yes",,"50"
"11-05-72-97","Wheelbarrow","2",2,"Yes",,"700"
"16-99-02-10","Simple Mobile Phone","1",0,"Yes",,"50"
"16-99-02-10","Smart Phone","2",0,"Yes",,"800"
"16-99-02-10","Building","1",1,"Yes",,"2e+05"
"16-99-02-10","Gas or Paraffin Stove","1",1,"Yes",,"2500"
"16-99-02-10","Microwave","1",0,"Yes",,"1000"
"16-99-02-10","Refrigerator","1",1,"Yes",,"4000"
"16-99-02-10","Radio","1",1,"Yes",,"2000"
"16-99-02-10","Television","1",2,"Yes",,"2500"
"31-99-53-07","Simple Mobile Phone","1",1,"Yes",,"70"
"31-99-53-07","Smart Phone","2",2,"Yes",,"1000"
"31-99-53-07","Electric Stove","1",1,"Yes",,"180"
"31-99-53-07","Refrigerator","1",1,"Yes",,"1900"
"31-99-53-07","Radio","1",0,"Yes",,"500"
"31-99-53-07","Television","1",1,"Yes",,"2000"
"31-99-53-07","Living room furniture set","1",1,"Yes",,"1300"
"31-99-53-07","Plastic chairs","6",2,"Yes",,"45"
"48-93-31-20","Simple Mobile Phone","3",3,"Yes",,"100"
"48-93-31-20","Smart Phone","1",4,,,"2500"
"48-93-31-20","Motor vehicle","1",1,"Yes",,"60000"
"48-93-31-20","Bicycle","1",2,"Yes",,"800"
"48-93-31-20","Building","1",1,"Yes",,"160000"
"48-93-31-20","Gas or Paraffin Stove","3",3,,,"1000"
"48-93-31-20","Refrigerator","3",3,"Yes",,"2000"
"48-93-31-20","Freezer","1",1,,,"2000"
"48-93-31-20","Radio","3",3,"Yes",,"1500"
"48-93-31-20","Television","1",1,"Yes",,"2000"
"48-93-31-20","Living room furniture set","3",3,,,"14000"
"48-93-31-20","Plastic chairs","2",2,"Yes",,"50"
"48-93-31-20","Plough","2",2,"Yes",,"400"
"48-93-31-20","Wheelbarrow","2",2,"Yes",,"560"
"48-93-31-20","Solar panel","3",3,"Yes",,"1000"
"48-93-31-20","Electric generator","1",1,"Yes",,"4000"
"87-13-21-98","Smart Phone","2",2,"Yes",,"500"
"87-13-21-98","Motor vehicle","1",1,"Yes",,"45000"
"87-13-21-98","Building","1",1,"Yes",,"250000"
"87-13-21-98","Electric Stove","1",1,"Yes",,"500"
"87-13-21-98","Refrigerator","1",1,"Yes",,"2500"
"87-13-21-98","Washing Machine","1",1,"Yes",,"2000"
"87-13-21-98","Radio","1",1,"Yes",,"1500"
"87-13-21-98","Television","2",1,"Yes",,"3500"
"87-13-21-98","Computer- laptop or desktop","1",0,"Yes",,"3500"
"87-13-21-98","Living room furniture set","2",0,"Yes",,"3000"
"87-13-21-98","Plastic chairs","5",5,"Yes",,"150"
"55-27-15-85","Simple Mobile Phone","1",3,"Yes",,"50"
"55-27-15-85","Smart Phone","2",2,,,"2000"
"55-27-15-85","Building","1",1,"Yes",,"130000"
"55-27-15-85","Electric Stove","1",9,"Yes",,"200"
"55-27-15-85","Refrigerator","2",3,"Yes",,"2500"
"55-27-15-85","Freezer","1",1,"Yes",,"1000"
"55-27-15-85","Radio","1",1,,,"200"
"55-27-15-85","Television","2",2,"Yes",,"2000"
"55-27-15-85","Living room furniture set","1",2,"Yes",,"400"
"55-27-15-85","Plastic chairs","8",0,"Yes",,"50"
"59-41-96-68","Simple Mobile Phone","2",2,"Yes",,"250"
"59-41-96-68","Smart Phone","3",3,"Yes",,"1500"
"59-41-96-68","Building","2",2,,,"Refused to answer"
"59-41-96-68","Refrigerator","1",1,"Yes",,"I don't know"
"59-41-96-68","Television","2",2,"Yes",,"I don't know"
"59-41-96-68","Plastic chairs","4",6,"Yes",,"20"
"59-41-96-68","Wheelbarrow","1",1,,,"I don't know"
"22-18-88-41","Simple Mobile Phone","1",1,,,"100"
"22-18-88-41","Smart Phone","1",1,"Yes",,"1000"
"22-18-88-41","Gas or Paraffin Stove","1",1,"Yes",,"300"
"22-18-88-41","Refrigerator","1",1,"Yes",,"4000"
"22-18-88-41","Radio","1",1,"Yes",,"200"
"22-18-88-41","Television","1",1,"Yes",,"700"
"24-64-78-21","Simple Mobile Phone","2",1,"Yes",,"150"
"24-64-78-21","Smart Phone","3",3,,,"3000"
"24-64-78-21","Building","2",2,"Yes",,"5e+05"
"24-64-78-21","Gas or Paraffin Stove","1",1,,,"500"
"24-64-78-21","Refrigerator","1",1,,,"5000"
"24-64-78-21","Radio","1",1,"Yes",,"50"
"24-64-78-21","Plastic chairs","6",6,"Yes",,"25"
"24-64-78-21","Plough","2",2,"Yes",,"100"
"24-64-78-21","Wheelbarrow","2",1,"Yes",,"700"
"24-64-78-21","Solar panel","1",1,"Yes",,"1000"
"86-04-16-80","Smart Phone","4",4,"Yes",,"1000"
"86-04-16-80","Building","1",1,"Yes",,"I don't know"
"86-04-16-80","Electric Stove","1",1,"Yes",,"I don't know"
"86-04-16-80","Gas or Paraffin Stove","1",1,"Yes",,"I don't know"
"86-04-16-80","Refrigerator","1",1,"Yes",,"I don't know"
"86-04-16-80","Television","1",1,"Yes",,"I don't know"
"86-04-16-80","Plastic chairs","1",4,"Yes",,"I don't know"
"86-04-16-80","Wheelbarrow","1",1,"Yes",,"I don't know"
"92-49-74-52","Simple Mobile Phone","2",2,"Yes",,"50"
"92-49-74-52","Smart Phone","2",3,,,"500"
"92-49-74-52","Building","4",3,"Yes",,"I don't know"
"92-49-74-52","Electric Stove","1",1,"Yes",,"100"
"92-49-74-52","Gas or Paraffin Stove","1",0,,,"I don't know"
"92-49-74-52","Refrigerator","1",0,,,"1000"
"92-49-74-52","Computer- laptop or desktop","1",1,,,"I don't know"
"92-49-74-52","Plastic chairs","5",5,"Yes",,"25"
"92-49-74-52","Wheelbarrow","1",2,"Yes",,"I don't know"
"24-72-61-31","Simple Mobile Phone","1",1,"Yes",,"200"
"24-72-61-31","Building","1",1,"Yes",,"250000"
"24-72-61-31","Plastic chairs","2",2,"Yes",,"50"
"24-72-61-31","Wheelbarrow","1",1,"Yes",,"400"
"24-72-61-31","Solar panel","1",1,"Yes",,"250"
"04-92-41-49","Simple Mobile Phone","2",2,"Yes",,"200"
"04-92-41-49","Smart Phone","2",1,,,"1500"
"04-92-41-49","Building","2",1,,,"2e+05"
"04-92-41-49","Refrigerator","1",1,,,"2000"
"04-92-41-49","Television","1",1,,,"1500"
"04-92-41-49","Plastic chairs","5",2,,,"400"
"10-43-22-87","Simple Mobile Phone","3",3,"Yes",,"50"
"10-43-22-87","Smart Phone","4",4,"Yes",,"Refused to answer"
"10-43-22-87","Electric Stove","1",1,"Yes",,"Refused to answer"
"10-43-22-87","Gas or Paraffin Stove","3",3,"Yes",,"Refused to answer"
"10-43-22-87","Microwave","1",1,"Yes",,"Refused to answer"
"10-43-22-87","Refrigerator","3",3,"Yes",,"Refused to answer"
"10-43-22-87","Freezer","2",2,"Yes",,"Refused to answer"
"10-43-22-87","Radio","3",3,"Yes",,"Refused to answer"
"10-43-22-87","Television","3",3,"Yes",,"Refused to answer"
"10-43-22-87","Plastic chairs","5",6,"Yes",,"Refused to answer"
"10-43-22-87","Wheelbarrow","1",1,"Yes",,"Refused to answer"
"79-05-50-27","Simple Mobile Phone","2",1,"Yes",,"100"
"79-05-50-27","Electric Stove","1",1,"Yes",,"150"
"79-05-50-27","Radio","1",1,,,"250"
"79-05-50-27","Television","1",0,,,"150"
"79-05-50-27","Plastic chairs","2",2,"Yes",,"50"
"27-16-23-86","Simple Mobile Phone","4",4,"Yes",,"I don't know"
"27-16-23-86","Smart Phone","3",3,,,"I don't know"
"27-16-23-86","Building","5",5,"Yes",,"I don't know"
"27-16-23-86","Gas or Paraffin Stove","2",2,,,"I don't know"
"27-16-23-86","Refrigerator","1",1,"Yes",,"I don't know"
"27-16-23-86","Radio","1",1,"Yes",,"I don't know"
"27-16-23-86","Television","1",1,"Yes",,"I don't know"
"27-16-23-86","Plastic chairs","3",3,"Yes",,"I don't know"
"27-16-23-86","Wheelbarrow","1",1,"Yes",,"I don't know"
"12-61-67-91","Simple Mobile Phone","2",2,"Yes",,"200"
"12-61-67-91","Smart Phone","4",4,"Yes",,"1500"
"12-61-67-91","Building","2",1,"Yes",,"1e+05"
"12-61-67-91","Electric Stove","2",1,"Yes",,"2000"
"12-61-67-91","Gas or Paraffin Stove","2",1,,,"1000"
"12-61-67-91","Refrigerator","1",1,,,"2000"
"12-61-67-91","Television","2",1,"Yes",,"2000"
"12-61-67-91","Plastic chairs","10",5,,,"500"
"58-55-75-07","Simple Mobile Phone","1",1,"Yes",,"90"
"58-55-75-07","Smart Phone","1",2,,,"1200"
"58-55-75-07","Building","3",3,"Yes",,"10000"
"58-55-75-07","Gas or Paraffin Stove","1",1,"Yes",,"3000"
"58-55-75-07","Refrigerator","1",1,"Yes",,"2200"
"58-55-75-07","Radio","1",1,"Yes",,"1000"
"58-55-75-07","Television","1",1,"Yes",,"1500"
"58-55-75-07","Living room furniture set","3",2,"Yes",,"2500"
"58-55-75-07","Wheelbarrow","1",1,"Yes",,"150"
"00-06-72-58","Simple Mobile Phone","1",0,"Yes",,"50"
"00-06-72-58","Building","1",0,,,"2e+05"
"45-71-57-97","Simple Mobile Phone","3",3,"Yes",,"300"
"45-71-57-97","Smart Phone","2",2,"Yes",,"3000"
"45-71-57-97","Building","3",2,"Yes",,"4e+05"
"45-71-57-97","Electric Stove","1",1,"Yes",,"1000"
"45-71-57-97","Gas or Paraffin Stove","1",1,"Yes",,"1000"
"45-71-57-97","Microwave","1",1,"Yes",,"1000"
"45-71-57-97","Refrigerator","1",1,"Yes",,"1500"
"45-71-57-97","Radio","1",1,"Yes",,"500"
"45-71-57-97","Television","1",1,"Yes",,"2500"
"45-71-57-97","Living room furniture set","1",1,"Yes",,"1500"
"45-71-57-97","Plastic chairs","10",5,"Yes",,"500"
"18-81-00-96","Simple Mobile Phone","2",1,"Yes",,"50"
"18-81-00-96","Smart Phone","2",1,,,"1000"
"18-81-00-96","Bicycle","1",1,"Yes",,"700"
"18-81-00-96","Building","3",3,"Yes",,"I don't know"
"18-81-00-96","Electric Stove","1",1,"Yes",,"100"
"18-81-00-96","Gas or Paraffin Stove","1",1,"Yes",,"500"
"18-81-00-96","Refrigerator","1",1,"Yes",,"2000"
"18-81-00-96","Freezer","1",1,"Yes",,"2000"
"18-81-00-96","Radio","1",1,"Yes",,"300"
"18-81-00-96","Television","1",1,"Yes",,"300"
"18-81-00-96","Living room furniture set","2",2,"Yes",,"500"
"18-81-00-96","Plastic chairs","5",5,"Yes",,"50"
"18-81-00-96","Wheelbarrow","1",1,"Yes",,"100"
"09-79-14-71","Simple Mobile Phone","1",1,"Yes",,"200"
"09-79-14-71","Smart Phone","2",2,"Yes",,"1500"
"09-79-14-71","Motor vehicle","2",2,"Yes",,"25000"
"09-79-14-71","Building","2",2,"Yes",,"5e+05"
"09-79-14-71","Refrigerator","1",1,,,"1200"
"09-79-14-71","Radio","1",1,,,"500"
"09-79-14-71","Television","1",1,,,"2000"
"09-79-14-71","Plastic chairs","10",10,"Yes",,"500"
"71-80-89-34","Simple Mobile Phone","3",4,"Yes",,"150"
"71-80-89-34","Building","2",2,,,"1e+05"
"71-80-89-34","Electric Stove","1",1,,,"280"
"71-80-89-34","Gas or Paraffin Stove","3",3,,,"500"
"71-80-89-34","Refrigerator","2",1,,,"15000"
"71-80-89-34","Freezer","1",1,,,"3000"
"71-80-89-34","Radio","1",1,"Yes",,"400"
"71-80-89-34","Television","1",0,,,"9000"
"71-80-89-34","Computer- laptop or desktop","1",1,"Yes",,"800"
"71-80-89-34","Living room furniture set","2",2,,,"9000"
"71-80-89-34","Plastic chairs","66",100,,,"28"
"71-80-89-34","Wheelbarrow","2",2,"Yes",,"200"
"71-80-89-34","Solar panel","2",1,"Yes",,"600"
"71-80-89-34","Electric generator","1",2,,,"800"
"05-16-40-57","Simple Mobile Phone","1",1,"Yes",,"80"
"05-16-40-57","Building","2",2,"Yes",,"3e+05"
"05-16-40-57","Electric Stove","1",1,,,"450"
"05-16-40-57","Gas or Paraffin Stove","1",1,,,"150"
"05-16-40-57","Refrigerator","1",1,"Yes",,"3500"
"05-16-40-57","Television","1",1,,,"2500"
"05-16-40-57","Plastic chairs","12",15,"Yes",,"40"
"05-16-40-57","Wheelbarrow","1",1,,,"200"
"11-65-24-94","Simple Mobile Phone","3",2,"Yes",,"50"
"11-65-24-94","Building","1",1,"Yes",,"60000"
"11-65-24-94","Gas or Paraffin Stove","1",1,"Yes",,"200"
"11-65-24-94","Refrigerator","1",1,"Yes",,"2000"
"11-65-24-94","Freezer","1",0,"Yes",,"3000"
"11-65-24-94","Television","1",1,"Yes",,"1000"
"11-65-24-94","Plastic chairs","6",6,"Yes",,"30"
"11-65-24-94","Wheelbarrow","1",1,"Yes",,"200"
"55-44-38-36","Simple Mobile Phone","2",2,"Yes",,"100"
"55-44-38-36","Smart Phone","4",4,,,"2900"
"55-44-38-36","Motor vehicle","1",1,,,"38000"
"55-44-38-36","Building","2",2,"Yes",,"4e+05"
"55-44-38-36","Gas or Paraffin Stove","1",1,"Yes",,"1000"
"55-44-38-36","Refrigerator","1",1,"Yes",,"800"
"55-44-38-36","Washing Machine","1",1,"Yes",,"3000"
"55-44-38-36","Television","1",1,"Yes",,"2900"
"55-44-38-36","Computer- laptop or desktop","4",1,"Yes",,"2000"
"55-44-38-36","Living room furniture set","4",4,"Yes",,"2000"
"55-44-38-36","Plastic chairs","6",6,"Yes",,"30"
"55-44-38-36","Wheelbarrow","1",1,"Yes",,"200"
"84-73-72-31","Smart Phone","1",1,,,"1000"
"84-73-72-31","Electric Stove","1",1,"Yes",,"Refused to answer"
"84-73-72-31","Gas or Paraffin Stove","1",1,,,"500"
"84-73-72-31","Refrigerator","1",1,,,"700"
"84-73-72-31","Radio","1",1,"Yes",,"2000"
"84-73-72-31","Computer- laptop or desktop","1",1,,,"900"
"84-73-72-31","Plastic chairs","3",5,,,"200"
"37-03-14-78","Simple Mobile Phone","1",0,,,"180"
"37-03-14-78","Smart Phone","4",2,"Yes",,"800"
"37-03-14-78","Motor vehicle","2",2,"Yes",,"30000"
"37-03-14-78","Building","3",3,"Yes",,"50000"
"37-03-14-78","Electric Stove","1",1,"Yes",,"500"
"37-03-14-78","Gas or Paraffin Stove","1",1,"Yes",,"1000"
"37-03-14-78","Microwave","1",0,"Yes",,"1600"
"37-03-14-78","Refrigerator","2",1,"Yes",,"1500"
"37-03-14-78","Freezer","1",1,"Yes",,"2000"
"37-03-14-78","Radio","1",1,"Yes",,"300"
"37-03-14-78","Television","1",1,"Yes",,"2000"
"37-03-14-78","Living room furniture set","1",1,"Yes",,"2000"
"37-03-14-78","Plastic chairs","10",10,"Yes",,"50"
"37-03-14-78","Plough","3",1,"Yes",,"100"
"77-78-34-26","Smart Phone","1",1,"Yes",,"400"
"77-78-34-26","Building","1",1,"Yes",,"30000"
"77-78-34-26","Electric Stove","1",1,"Yes",,"100"
"77-78-34-26","Gas or Paraffin Stove","1",1,"Yes",,"250"
"77-78-34-26","Refrigerator","1",0,"Yes",,"2000"
"77-78-34-26","Radio","1",0,"Yes",,"400"
"77-78-34-26","Television","1",1,"Yes",,"800"
"77-78-34-26","Living room furniture set","2",1,"Yes",,"500"
"77-78-34-26","Plastic chairs","2",2,"Yes",,"50"
"92-09-46-86","Simple Mobile Phone","2",2,"Yes",,"200"
"92-09-46-86","Smart Phone","4",3,"Yes",,"1500"
"92-09-46-86","Motor vehicle","2",3,,,"50000"
"92-09-46-86","Building","1",1,,,"3e+05"
"92-09-46-86","Electric Stove","1",1,"Yes",,"2800"
"92-09-46-86","Gas or Paraffin Stove","1",1,"Yes",,"1500"
"92-09-46-86","Microwave","1",1,"Yes",,"1000"
"92-09-46-86","Refrigerator","1",1,"Yes",,"2500"
"92-09-46-86","Freezer","1",1,"Yes",,"3500"
"92-09-46-86","Radio","1",1,"Yes",,"4000"
"92-09-46-86","Television","1",1,"Yes",,"3000"
"92-09-46-86","Living room furniture set","1",1,"Yes",,"1500"
"92-09-46-86","Plastic chairs","5",8,"Yes",,"40"
"92-09-46-86","Wheelbarrow","1",1,"Yes",,"400"
"27-55-59-32","Simple Mobile Phone","1",1,"Yes",,"50"
"27-55-59-32","Smart Phone","2",2,"Yes",,"1200"
"27-55-59-32","Building","1",1,"Yes",,"I don't know"
"27-55-59-32","Gas or Paraffin Stove","1",1,"Yes",,"2500"
"27-55-59-32","Microwave","1",1,"Yes",,"1300"
"27-55-59-32","Refrigerator","1",1,"Yes",,"3000"
"27-55-59-32","Television","1",1,"Yes",,"500"
"27-55-59-32","Living room furniture set","2",2,"Yes",,"5000"
"27-55-59-32","Plastic chairs","10",10,"Yes",,"40"
"27-55-59-32","Wheelbarrow","1",1,"Yes",,"200"
"27-55-59-32","Battery bank","1",1,"Yes",,"50"
"65-23-07-01","Simple Mobile Phone","2",2,"Yes",,"100"
"65-23-07-01","Smart Phone","1",0,,,"400"
"65-23-07-01","Motor vehicle","1",0,,,"15000"
"65-23-07-01","Bicycle","1",1,,,"300"
"65-23-07-01","Building","5",5,"Yes",,"3000"
"65-23-07-01","Gas or Paraffin Stove","1",1,,,"100"
"65-23-07-01","Radio","1",1,,,"450"
"65-23-07-01","Plastic chairs","4",4,,,"60"
"65-23-07-01","Wheelbarrow","1",1,"Yes",,"50"
"79-30-25-19","Simple Mobile Phone","2",5,"Yes",,"150"
"79-30-25-19","Smart Phone","2",3,,,"2500"
"79-30-25-19","Building","1",2,,,"4e+05"
"79-30-25-19","Electric Stove","2",5,"Yes",,"100"
"79-30-25-19","Refrigerator","1",1,"Yes",,"1800"
"79-30-25-19","Radio","1",1,,,"1800"
"79-30-25-19","Television","2",2,"Yes",,"1200"
"79-30-25-19","Computer- laptop or desktop","1",1,,,"3000"
"75-18-13-88","Simple Mobile Phone","2",2,"Yes",,"50"
"75-18-13-88","Building","2",2,"Yes",,"50000"
"75-18-13-88","Electric Stove","1",1,"Yes",,"1200"
"75-18-13-88","Gas or Paraffin Stove","1",1,"Yes",,"1500"
"75-18-13-88","Refrigerator","1",1,"Yes",,"800"
"75-18-13-88","Radio","1",1,"Yes",,"200"
"75-18-13-88","Plastic chairs","2",2,"Yes",,"30"
"75-18-13-88","Plough","2",2,"Yes",,"50"
"75-18-13-88","Wheelbarrow","1",1,"Yes",,"500"
"40-16-04-38","Smart Phone","1",0,"Yes",,"800"
"40-16-04-38","Building","1",1,"Yes",,"150000"
"40-16-04-38","Electric Stove","2",0,"Yes",,"100"
"40-16-04-38","Radio","1",1,"Yes",,"250"
"40-16-04-38","Wheelbarrow","1",2,"Yes",,"250"
"49-34-25-75","Simple Mobile Phone","2",4,,,"50"
"49-34-25-75","Smart Phone","5",6,,,"1500"
"49-34-25-75","Motor vehicle","1",2,,,"20000"
"49-34-25-75","Building","1",1,"Yes",,"5e+05"
"49-34-25-75","Gas or Paraffin Stove","2",4,,,"2500"
"49-34-25-75","Microwave","2",2,,,"1500"
"49-34-25-75","Refrigerator","5",5,,,"3000"
"49-34-25-75","Radio","4",4,,,"3000"
"49-34-25-75","Television","3",4,,,"2500"
"49-34-25-75","Living room furniture set","1",1,,,"1600"
"49-34-25-75","Wheelbarrow","2",2,,,"400"
"02-31-03-32","Simple Mobile Phone","1",1,"Yes",,"100"
"02-31-03-32","Smart Phone","1",1,,,"1000"
"02-31-03-32","Motor vehicle","1",1,"Yes",,"25000"
"02-31-03-32","Building","1",1,"Yes",,"250000"
"02-31-03-32","Gas or Paraffin Stove","1",1,"Yes",,"250"
"02-31-03-32","Microwave","1",1,"Yes",,"550"
"02-31-03-32","Refrigerator","1",1,"Yes",,"3000"
"02-31-03-32","Radio","1",1,"Yes",,"450"
"02-31-03-32","Television","1",1,"Yes",,"1000"
"02-31-03-32","Plastic chairs","2",2,"Yes",,"40"
"02-31-03-32","Wheelbarrow","1",1,"Yes",,"50"
"88-23-45-95","Simple Mobile Phone","1",1,"Yes",,"80"
"88-23-45-95","Smart Phone","2",2,,,"600"
"88-23-45-95","Electric Stove","1",1,"Yes",,"140"
"88-23-45-95","Refrigerator","1",1,"Yes",,"800"
"88-23-45-95","Television","1",1,"Yes",,"1000"
"88-23-45-95","Computer- laptop or desktop","1",1,,,"3100"
"88-23-45-95","Living room furniture set","1",0,"Yes",,"1700"
"88-23-45-95","Plastic chairs","6",4,"Yes",,"35"
"92-15-40-92","Simple Mobile Phone","1",1,"Yes",,"100"
"92-15-40-92","Smart Phone","1",1,,,"2000"
"92-15-40-92","Electric Stove","1",1,"Yes",,"150"
"92-15-40-92","Gas or Paraffin Stove","1",1,"Yes",,"300"
"92-15-40-92","Refrigerator","1",1,"Yes",,"1000"
"92-15-40-92","Radio","1",1,"Yes",,"400"
"92-15-40-92","Television","1",1,"Yes",,"1200"
"06-55-62-53","Simple Mobile Phone","2",2,"Yes",,"70"
"06-55-62-53","Smart Phone","1",0,,,"2300"
"06-55-62-53","Motor vehicle","1",0,,,"9000"
"06-55-62-53","Building","3",3,,,"30000"
"06-55-62-53","Electric Stove","1",1,"Yes",,"80"
"06-55-62-53","Refrigerator","1",1,"Yes",,"3000"
"06-55-62-53","Freezer","1",1,,,"3000"
"06-55-62-53","Television","1",1,"Yes",,"1500"
"06-55-62-53","Computer- laptop or desktop","1",0,,,"3000"
"06-55-62-53","Living room furniture set","1",1,,,"500"
"06-55-62-53","Plastic chairs","2",2,"Yes",,"20"
"06-55-62-53","Wheelbarrow","1",1,"Yes",,"35"
"57-74-77-03","Simple Mobile Phone","1",0,"Yes",,"100"
"57-74-77-03","Smart Phone","2",3,,,"500"
"57-74-77-03","Building","2",2,"Yes",,"50000"
"57-74-77-03","Gas or Paraffin Stove","1",1,"Yes",,"1500"
"57-74-77-03","Refrigerator","1",1,"Yes",,"2500"
"57-74-77-03","Plastic chairs","10",10,"Yes",,"50"
"57-74-77-03","Plough","2",2,"Yes",,"100"
"28-44-25-15","Simple Mobile Phone","3",4,,,"Refused to answer"
"28-44-25-15","Smart Phone","3",2,,,"900"
"28-44-25-15","Electric Stove","1",1,,,"150"
"28-44-25-15","Gas or Paraffin Stove","1",1,,,"3250"
"28-44-25-15","Refrigerator","1",2,,,"1500"
"28-44-25-15","Radio","1",2,,,"400"
"28-44-25-15","Television","1",1,,,"800"
"28-44-25-15","Plastic chairs","4",6,,,"400"
"28-44-25-15","Wheelbarrow","1",1,,,"200"
"90-03-82-22","Smart Phone","5",5,"Yes",,"I don't know"
"90-03-82-22","Building","3",3,,,"I don't know"
"90-03-82-22","Gas or Paraffin Stove","1",1,"Yes",,"I don't know"
"90-03-82-22","Refrigerator","1",1,"Yes",,"I don't know"
"90-03-82-22","Television","3",3,"Yes",,"I don't know"
"90-03-82-22","Computer- laptop or desktop","1",1,"Yes",,"I don't know"
"90-03-82-22","Living room furniture set","1",1,,,"I don't know"
"24-47-59-03","Simple Mobile Phone","2",2,"Yes",,"200"
"24-47-59-03","Radio","1",1,"Yes",,"200"
"23-30-88-30","Simple Mobile Phone","1",1,,,"400"
"23-30-88-30","Plastic chairs","1",1,,,"40"
"72-38-90-85","Smart Phone","5",3,"Yes",,"1000"
"72-38-90-85","Refrigerator","1",1,,,"1400"
"72-38-90-85","Radio","1",1,"Yes",,"300"
"72-38-90-85","Television","1",1,"Yes",,"800"
"72-38-90-85","Plastic chairs","1",1,,,"300"
"72-38-90-85","Wheelbarrow","1",1,"Yes",,"200"
"76-02-43-67","Simple Mobile Phone","5",5,"Yes",,"100"
"76-02-43-67","Smart Phone","2",2,,,"1200"
"76-02-43-67","Motor vehicle","1",1,"Yes",,"20000"
"76-02-43-67","Building","3",3,"Yes",,"75000"
"76-02-43-67","Gas or Paraffin Stove","1",1,"Yes",,"250"
"76-02-43-67","Microwave","1",1,"Yes",,"400"
"76-02-43-67","Refrigerator","1",1,"Yes",,"2500"
"76-02-43-67","Freezer","1",1,"Yes",,"3000"
"76-02-43-67","Radio","1",1,"Yes",,"500"
"76-02-43-67","Television","1",1,"Yes",,"400"
"76-02-43-67","Plastic chairs","10",10,"Yes",,"40"
"76-02-43-67","Plough","1",1,"Yes",,"500"
"76-02-43-67","Wheelbarrow","1",1,"Yes",,"100"
"76-02-43-67","Solar panel","1",1,"Yes",,"300"
"76-02-43-67","Electric generator","1",1,"Yes",,"2500"
"58-63-03-99","Simple Mobile Phone","1",1,,,"200"
"58-63-03-99","Smart Phone","2",2,"Yes",,"300"
"58-63-03-99","Motor vehicle","1",1,"Yes",,"35000"
"58-63-03-99","Bicycle","2",0,"Yes",,"1000"
"58-63-03-99","Building","1",1,"Yes",,"4e+05"
"58-63-03-99","Electric Stove","1",1,"Yes",,"1500"
"58-63-03-99","Gas or Paraffin Stove","1",1,"Yes",,"1500"
"58-63-03-99","Microwave","1",1,"Yes",,"200"
"58-63-03-99","Refrigerator","1",1,"Yes",,"500"
"58-63-03-99","Radio","1",1,"Yes",,"300"
"58-63-03-99","Television","1",1,"Yes",,"2500"
"58-63-03-99","Computer- laptop or desktop","1",1,,,"2000"
"58-63-03-99","Living room furniture set","3",3,"Yes",,"5000"
"58-63-03-99","Plastic chairs","7",3,"Yes",,"30"
"58-63-03-99","Plough","1",1,"Yes",,"50"
"58-63-03-99","Wheelbarrow","1",1,"Yes",,"300"
"53-04-65-79","Simple Mobile Phone","2",2,"Yes",,"200"
"53-04-65-79","Building","4",2,"Yes",,"1e+05"
"53-04-65-79","Radio","1",1,"Yes",,"200"
"53-04-65-79","Plastic chairs","10",2,"Yes",,"500"
"53-04-65-79","Wheelbarrow","1",1,"Yes",,"300"
"48-16-15-04","Smart Phone","1",1,"Yes",,"800"
"48-16-15-04","Plastic chairs","2",2,"Yes",,"50"
"85-34-28-65","Smart Phone","1",1,"Yes",,"1500"
"85-34-28-65","Building","1",1,"Yes",,"80000"
"85-34-28-65","Electric Stove","1",1,"Yes",,"1000"
"85-34-28-65","Refrigerator","1",1,"Yes",,"1500"
"85-34-28-65","Television","1",1,"Yes",,"2000"
"85-34-28-65","Plastic chairs","2",2,"Yes",,"50"
"08-72-41-04","Simple Mobile Phone","2",3,,,"150"
"08-72-41-04","Building","3",3,"Yes",,"3e+05"
"08-72-41-04","Radio","1",1,,,"250"
"08-72-41-04","Plastic chairs","3",3,"Yes",,"70"
"08-72-41-04","Plough","1",4,"Yes",,"120"
"08-72-41-04","Wheelbarrow","1",1,"Yes",,"200"
"08-72-41-04","Solar panel","1",1,,,"70"
"08-72-41-04","Battery bank","1",1,,,"100"
"48-20-18-94","Simple Mobile Phone","1",1,"Yes",,"100"
"48-20-18-94","Smart Phone","3",3,"Yes",,"500"
"48-20-18-94","Motor vehicle","1",1,"Yes",,"20000"
"48-20-18-94","Building","1",1,"Yes",,"250000"
"48-20-18-94","Electric Stove","1",0,"Yes",,"50"
"48-20-18-94","Gas or Paraffin Stove","1",1,"Yes",,"200"
"48-20-18-94","Refrigerator","1",1,"Yes",,"1000"
"48-20-18-94","Television","1",1,"Yes",,"250"
"48-20-18-94","Living room furniture set","3",3,"Yes",,"1500"
"48-20-18-94","Plastic chairs","10",0,"Yes",,"25"
"56-53-54-49","Simple Mobile Phone","4",2,"Yes",,"200"
"56-53-54-49","Smart Phone","2",1,"Yes",,"1200"
"56-53-54-49","Motor vehicle","1",1,"Yes",,"45000"
"56-53-54-49","Building","2",1,"Yes",,"30000"
"56-53-54-49","Plastic chairs","5",16,"Yes",,"30"
"56-53-54-49","Plough","1",1,"Yes",,"45000"
"56-53-54-49","Wheelbarrow","1",2,"Yes",,"380"
"56-53-54-49","Farm tractor / machinery","1",1,"Yes",,"4e+05"
"56-53-54-49","Solar panel","4",1,"Yes",,"100"
"56-53-54-49","Electric generator","1",0,"Yes",,"12000"
"01-08-40-07","Simple Mobile Phone","1",1,,,"150"
"01-08-40-07","Smart Phone","1",1,,,"600"
"01-08-40-07","Building","1",2,,,"30000"
"01-08-40-07","Refrigerator","2",2,,,"5500"
"01-08-40-07","Freezer","1",1,,,"4000"
"01-08-40-07","Radio","1",1,,,"1600"
"01-08-40-07","Television","1",1,,,"6000"
"01-08-40-07","Plastic chairs","5",2,,,"75"
"01-08-40-07","Plough","2",2,,,"100"
"01-08-40-07","Wheelbarrow","1",1,,,"600"
"74-08-40-24","Smart Phone","1",1,"Yes",,"1200"
"74-08-40-24","Building","2",2,"Yes",,"1e+05"
"74-08-40-24","Electric Stove","1",1,"Yes",,"1000"
"74-08-40-24","Refrigerator","1",1,"Yes",,"1500"
"74-08-40-24","Freezer","1",1,"Yes",,"1000"
"74-08-40-24","Washing Machine","1",0,"Yes",,"800"
"74-08-40-24","Radio","1",1,"Yes",,"700"
"74-08-40-24","Television","1",1,"Yes",,"2300"
"74-08-40-24","Living room furniture set","1",4,"Yes",,"750"
"74-08-40-24","Plastic chairs","6",3,"Yes",,"60"
"74-08-40-24","Wheelbarrow","1",1,"Yes",,"100"
"14-31-43-40","Smart Phone","3",3,"Yes",,"1500"
"14-31-43-40","Motor vehicle","8",4,"Yes",,"450000"
"14-31-43-40","Building","1",1,"Yes",,"8e+05"
"14-31-43-40","Gas or Paraffin Stove","1",1,"Yes",,"800"
"14-31-43-40","Refrigerator","3",2,"Yes",,"2000"
"14-31-43-40","Freezer","1",1,"Yes",,"1000"
"14-31-43-40","Washing Machine","1",0,"Yes",,"2000"
"14-31-43-40","Television","1",1,"Yes",,"1000"
"14-31-43-40","Computer- laptop or desktop","2",1,"Yes",,"2000"
"14-31-43-40","Living room furniture set","2",2,"Yes",,"1000"
"14-31-43-40","Plastic chairs","3",3,"Yes",,"100"
"14-31-43-40","Wheelbarrow","1",1,"Yes",,"700"
"14-31-43-40","Boats","1",0,"Yes",,"1e+05"
"14-31-43-40","Solar panel","3",3,"Yes",,"7000"
"24-80-99-00","Simple Mobile Phone","1",1,"Yes",,"I don't know"
"24-80-99-00","Building","1",1,"Yes",,"I don't know"
"24-80-99-00","Plastic chairs","2",2,"Yes",,"I don't know"
"24-80-99-00","Wheelbarrow","1",1,"Yes",,"I don't know"
"40-28-46-68","Smart Phone","1",1,"Yes",,"1000"
"31-20-26-05","Simple Mobile Phone","1",1,,,"200"
"31-20-26-05","Smart Phone","1",1,"Yes",,"800"
"31-20-26-05","Electric Stove","1",1,,,"Refused to answer"
"31-20-26-05","Gas or Paraffin Stove","1",1,,,"Refused to answer"
"31-20-26-05","Refrigerator","2",2,,,"2500"
"31-20-26-05","Freezer","1",1,,,"Refused to answer"
"31-20-26-05","Radio","1",1,,,"Refused to answer"
"31-20-26-05","Television","1",1,,,"Refused to answer"
"31-20-26-05","Plastic chairs","3",4,"Yes",,"50"
"31-20-26-05","Wheelbarrow","1",1,,,"Refused to answer"
"37-39-15-65","Simple Mobile Phone","1",1,"Yes",,"90"
"37-39-15-65","Smart Phone","2",2,,,"800"
"37-39-15-65","Building","2",2,"Yes",,"150000"
"37-39-15-65","Electric Stove","1",1,"Yes",,"180"
"37-39-15-65","Gas or Paraffin Stove","1",1,"Yes",,"1300"
"37-39-15-65","Refrigerator","1",1,"Yes",,"1800"
"37-39-15-65","Radio","1",1,"Yes",,"300"
"37-39-15-65","Television","1",1,"Yes",,"1600"
"37-39-15-65","Living room furniture set","1",1,"Yes",,"2000"
"37-39-15-65","Plastic chairs","8",5,"Yes",,"45"
"37-39-15-65","Wheelbarrow","1",1,"Yes",,"200"
"45-44-88-31","Simple Mobile Phone","1",4,"Yes",,"50"
"45-44-88-31","Smart Phone","7",6,,,"1500"
"45-44-88-31","Motor vehicle","2",2,"Yes",,"25000"
"45-44-88-31","Building","2",1,"Yes",,"2e+05"
"45-44-88-31","Gas or Paraffin Stove","1",1,"Yes",,"400"
"45-44-88-31","Refrigerator","2",1,"Yes",,"3000"
"45-44-88-31","Freezer","1",0,"Yes",,"4500"
"45-44-88-31","Television","1",2,"Yes",,"1200"
"45-44-88-31","Living room furniture set","2",2,"Yes",,"2500"
"45-44-88-31","Plastic chairs","2",10,"Yes",,"50"
"45-44-88-31","Plough","4",4,"Yes",,"20"
"45-44-88-31","Solar panel","1",2,"Yes",,"5000"
"91-91-62-09","Simple Mobile Phone","4",0,"Yes",,"50"
"91-91-62-09","Motor vehicle","1",1,"Yes",,"15000"
"91-91-62-09","Building","2",2,"Yes",,"22000"
"91-91-62-09","Electric Stove","1",1,"Yes",,"200"
"91-91-62-09","Refrigerator","1",1,"Yes",,"2000"
"91-91-62-09","Radio","2",2,"Yes",,"700"
"91-91-62-09","Television","1",2,"Yes",,"1000"
"91-91-62-09","Plough","1",1,"Yes",,"50"
"91-91-62-09","Wheelbarrow","1",1,"Yes",,"200"
"88-82-89-39","Simple Mobile Phone","1",0,"Yes",,"100"
"88-82-89-39","Smart Phone","4",4,"Yes",,"1400"
"88-82-89-39","Motor vehicle","1",1,"Yes",,"32000"
"88-82-89-39","Gas or Paraffin Stove","1",1,"Yes",,"2000"
"88-82-89-39","Microwave","1",1,"Yes",,"700"
"88-82-89-39","Refrigerator","1",1,"Yes",,"2500"
"88-82-89-39","Washing Machine","1",1,"Yes",,"3000"
"88-82-89-39","Television","1",1,"Yes",,"1700"
"88-82-89-39","Living room furniture set","1",1,"Yes",,"4200"
"79-34-34-89","Smart Phone","3",3,,,"I don't know"
"79-34-34-89","Building","3",3,"Yes",,"Refused to answer"
"79-34-34-89","Gas or Paraffin Stove","1",1,"Yes",,"300"
"79-34-34-89","Refrigerator","1",1,"Yes",,"3500"
"79-34-34-89","Freezer","1",1,"Yes",,"3500"
"79-34-34-89","Television","2",2,,,"1000"
"79-34-34-89","Living room furniture set","1",1,"Yes",,"I don't know"
"79-34-34-89","Plastic chairs","10",10,"Yes",,"40"
"79-34-34-89","Wheelbarrow","1",1,"Yes",,"150"
"07-03-46-78","Simple Mobile Phone","1",1,"Yes",,"100"
"07-03-46-78","Smart Phone","2",2,"Yes",,"600"
"07-03-46-78","Building","1",1,"Yes",,"70000"
"07-03-46-78","Electric Stove","1",1,"Yes",,"150"
"07-03-46-78","Refrigerator","1",1,"Yes",,"1500"
"07-03-46-78","Freezer","1",1,"Yes",,"1800"
"07-03-46-78","Radio","1",0,"Yes",,"2000"
"07-03-46-78","Television","1",1,"Yes",,"1000"
"07-03-46-78","Living room furniture set","2",1,"Yes",,"300"
"52-55-71-22","Simple Mobile Phone","1",1,"Yes",,"I don't know"
"52-55-71-22","Smart Phone","3",3,,,"1200"
"52-55-71-22","Building","1",1,"Yes",,"5e+05"
"52-55-71-22","Gas or Paraffin Stove","1",1,"Yes",,"250"
"52-55-71-22","Refrigerator","1",1,"Yes",,"4000"
"52-55-71-22","Television","1",1,"Yes",,"2000"
"52-55-71-22","Plastic chairs","9",9,"Yes",,"50"
"52-55-71-22","Wheelbarrow","1",1,"Yes",,"150"
"42-79-46-81","Simple Mobile Phone","3",3,,,"150"
"42-79-46-81","Smart Phone","3",0,,,"1000"
"42-79-46-81","Building","1",1,"Yes",,"65000"
"42-79-46-81","Plastic chairs","5",5,"Yes",,"50"
"42-79-46-81","Plough","3",4,"Yes",,"50"
"42-79-46-81","Wheelbarrow","4",4,"Yes",,"300"
"42-79-46-81","Solar panel","1",0,"Yes",,"450"
"39-12-44-07","Simple Mobile Phone","2",2,"Yes",,"100"
"39-12-44-07","Electric Stove","1",1,,,"200"
"39-12-44-07","Refrigerator","2",1,,,"2100"
"39-12-44-07","Plastic chairs","5",2,"Yes",,"35"
"21-92-10-43","Simple Mobile Phone","1",0,"Yes",,"100"
"21-92-10-43","Building","1",1,"Yes",,"15000"
"21-92-10-43","Radio","1",0,"Yes",,"350"
"21-92-10-43","Plastic chairs","1",1,"Yes",,"55"
"21-92-10-43","Wheelbarrow","2",2,"Yes",,"300"
"21-92-10-43","Solar panel","1",0,"Yes",,"60"
"29-41-63-44","Smart Phone","3",3,"Yes",,"800"
"29-41-63-44","Electric Stove","1",1,"Yes",,"100"
"29-41-63-44","Refrigerator","1",1,"Yes",,"1500"
"29-41-63-44","Radio","1",1,"Yes",,"450"
"29-41-63-44","Television","1",1,"Yes",,"900"
"29-41-63-44","Living room furniture set","1",1,"Yes",,"1200"
"29-41-63-44","Plastic chairs","4",1,"Yes",,"30"
"19-83-50-72","Simple Mobile Phone","1",0,"Yes",,"250"
"19-83-50-72","Smart Phone","2",2,"Yes",,"2000"
"19-83-50-72","Motor vehicle","2",2,"Yes",,"2e+05"
"19-83-50-72","Building","2",2,"Yes",,"4e+06"
"19-83-50-72","Gas or Paraffin Stove","2",1,"Yes",,"3000"
"19-83-50-72","Microwave","1",1,"Yes",,"2500"
"19-83-50-72","Refrigerator","1",1,"Yes",,"3000"
"19-83-50-72","Freezer","1",1,"Yes",,"5000"
"19-83-50-72","Washing Machine","1",1,"Yes",,"3500"
"19-83-50-72","Radio","1",1,,,"2500"
"19-83-50-72","Television","1",1,"Yes",,"7000"
"19-83-50-72","Computer- laptop or desktop","1",1,"Yes",,"2000"
"19-83-50-72","Living room furniture set","2",2,"Yes",,"30000"
"19-83-50-72","Plastic chairs","5",5,"Yes",,"65"
"19-83-50-72","Plough","3",3,"Yes",,"2000"
"19-83-50-72","Wheelbarrow","3",2,"Yes",,"350"
"19-83-50-72","Boats","1",1,"Yes",,"60000"
"19-83-50-72","Farm tractor / machinery","1",1,"Yes",,"4e+05"
"19-83-50-72","Solar panel","4",0,"Yes",,"400"
"19-83-50-72","Battery bank","1",1,"Yes",,"500"
"58-42-18-32","Smart Phone","3",3,,,"1050"
"58-42-18-32","Motor vehicle","1",1,,,"23000"
"58-42-18-32","Electric Stove","1",1,,,"210"
"58-42-18-32","Refrigerator","1",1,,,"1800"
"58-42-18-32","Radio","2",2,,,"1200"
"58-42-18-32","Television","1",1,,,"1900"
"58-42-18-32","Living room furniture set","1",1,,,"2400"
"58-42-18-32","Plastic chairs","4",4,,,"35"
"48-22-87-49","Smart Phone","2",2,"Yes",,"800"
"48-22-87-49","Motor vehicle","2",2,"Yes",,"70000"
"48-22-87-49","Building","1",1,"Yes",,"4e+05"
"48-22-87-49","Electric Stove","1",1,"Yes",,"600"
"48-22-87-49","Refrigerator","1",1,"Yes",,"3000"
"48-22-87-49","Radio","1",1,"Yes",,"200"
"48-22-87-49","Television","1",1,"Yes",,"800"
"48-22-87-49","Computer- laptop or desktop","1",1,"Yes",,"2500"
"48-22-87-49","Living room furniture set","2",2,"Yes",,"4000"
"48-22-87-49","Wheelbarrow","1",1,"Yes",,"150"
"48-22-87-49","Boats","1",1,"Yes",,"20000"
"85-54-41-38","Simple Mobile Phone","2",2,"Yes",,"I don't know"
"91-10-07-30","Simple Mobile Phone","1",1,"Yes",,"100"
"91-10-07-30","Smart Phone","1",0,"Yes",,"900"
"91-10-07-30","Motor vehicle","1",1,"Yes",,"Refused to answer"
"91-10-07-30","Microwave","1",1,"Yes",,"800"
"91-10-07-30","Refrigerator","1",1,"Yes",,"1500"
"91-10-07-30","Radio","1",1,"Yes",,"600"
"91-10-07-30","Television","1",1,"Yes",,"900"
"12-91-55-52","Simple Mobile Phone","2",2,"Yes",,"80"
"12-91-55-52","Smart Phone","2",2,,,"1000"
"12-91-55-52","Building","2",2,,,"1e+06"
"12-91-55-52","Electric Stove","3",3,,,"100"
"12-91-55-52","Gas or Paraffin Stove","1",1,,,"800"
"12-91-55-52","Refrigerator","1",1,,,"1000"
"12-91-55-52","Radio","1",1,,,"500"
"12-91-55-52","Television","1",1,,,"800"
"12-91-55-52","Plastic chairs","2",2,,,"30"
"74-40-02-20","Simple Mobile Phone","1",1,"Yes",,"100"
"74-40-02-20","Smart Phone","2",2,,,"1000"
"74-40-02-20","Motor vehicle","2",3,"Yes",,"30000"
"74-40-02-20","Building","2",2,"Yes",,"120000"
"74-40-02-20","Electric Stove","1",1,"Yes",,"100"
"74-40-02-20","Refrigerator","1",1,"Yes",,"2000"
"74-40-02-20","Radio","1",1,"Yes",,"200"
"74-40-02-20","Television","1",1,"Yes",,"2000"
"74-40-02-20","Plastic chairs","6",6,"Yes",,"55"
"74-40-02-20","Plough","1",1,"Yes",,"70"
"74-40-02-20","Wheelbarrow","1",1,"Yes",,"300"
"74-40-02-20","Solar panel","1",0,"Yes",,"250"
"09-31-11-33","Simple Mobile Phone","2",2,"Yes",,"100"
"09-31-11-33","Motor vehicle","1",1,"Yes",,"60000"
"09-31-11-33","Bicycle","2",2,"Yes",,"300"
"09-31-11-33","Building","8",8,"Yes",,"20000"
"09-31-11-33","Refrigerator","1",1,"Yes",,"3000"
"09-31-11-33","Television","1",1,"Yes",,"500"
"09-31-11-33","Living room furniture set","1",1,"Yes",,"50"
"09-31-11-33","Plastic chairs","10",10,"Yes",,"50"
"09-31-11-33","Plough","1",1,"Yes",,"17000"
"09-31-11-33","Wheelbarrow","1",1,"Yes",,"100"
"09-31-11-33","Farm tractor / machinery","1",1,"Yes",,"1e+05"
"87-08-33-34","Simple Mobile Phone","2",2,"Yes",,"200"
"87-08-33-34","Building","1",1,,,"50000"
"87-08-33-34","Radio","1",1,,,"100"
"87-08-33-34","Plastic chairs","4",4,,,"200"
"87-08-33-34","Solar panel","1",1,,,"500"
"61-84-77-75","Smart Phone","2",2,"Yes",,"1200"
"61-84-77-75","Building","1",1,"Yes",,"I don't know"
"61-84-77-75","Refrigerator","1",1,"Yes",,"I don't know"
"61-84-77-75","Plastic chairs","3",3,"Yes",,"I don't know"
"61-84-77-75","Wheelbarrow","1",1,"Yes",,"I don't know"
"75-58-44-85","Simple Mobile Phone","2",2,"Yes",,"I don't know"
"75-58-44-85","Bicycle","1",1,"Yes",,"I don't know"
"75-58-44-85","Building","1",1,"Yes",,"I don't know"
"75-58-44-85","Wheelbarrow","1",1,"Yes",,"I don't know"
"11-16-18-86","Simple Mobile Phone","3",2,,,"80"
"11-16-18-86","Smart Phone","3",2,"Yes",,"1200"
"11-16-18-86","Motor vehicle","1",1,,,"40000"
"11-16-18-86","Building","2",2,,,"280000"
"11-16-18-86","Gas or Paraffin Stove","2",1,,,"600"
"11-16-18-86","Microwave","1",1,,,"400"
"11-16-18-86","Refrigerator","3",2,,,"1200"
"11-16-18-86","Radio","2",3,"Yes",,"600"
"11-16-18-86","Television","2",2,"Yes",,"2000"
"11-16-18-86","Computer- laptop or desktop","1",1,,,"1200"
"11-16-18-86","Living room furniture set","1",1,,,"1200"
"11-16-18-86","Plastic chairs","4",2,,,"30"
"11-16-18-86","Plough","1",1,,,"20"
"11-16-18-86","Wheelbarrow","2",2,,,"70"
"11-16-18-86","Battery bank","3",1,"Yes",,"15"
"04-26-72-23","Simple Mobile Phone","1",1,"Yes",,"60"
"04-26-72-23","Smart Phone","1",1,,,"900"
"04-26-72-23","Motor vehicle","1",1,,,"7000"
"04-26-72-23","Electric Stove","1",1,"Yes",,"200"
"04-26-72-23","Refrigerator","1",1,"Yes",,"1300"
"04-26-72-23","Radio","1",1,"Yes",,"850"
"04-26-72-23","Television","1",1,"Yes",,"1400"
"04-26-72-23","Living room furniture set","1",1,"Yes",,"2100"
"04-26-72-23","Plastic chairs","6",2,"Yes",,"45"
"54-13-05-65","Simple Mobile Phone","1",1,"Yes",,"200"
"54-13-05-65","Motor vehicle","1",1,,,"25000"
"54-13-05-65","Building","2",1,"Yes",,"7e+05"
"54-13-05-65","Electric Stove","1",1,,,"1500"
"54-13-05-65","Microwave","1",1,,,"1000"
"54-13-05-65","Refrigerator","1",1,,,"2500"
"54-13-05-65","Washing Machine","1",1,,,"3000"
"54-13-05-65","Radio","1",1,,,"1500"
"54-13-05-65","Television","1",1,,,"3000"
"23-66-97-33","Smart Phone","4",4,"Yes",,"I don't know"
"23-66-97-33","Building","2",2,"Yes",,"I don't know"
"23-66-97-33","Electric Stove","1",1,"Yes",,"I don't know"
"23-66-97-33","Microwave","1",1,"Yes",,"I don't know"
"23-66-97-33","Refrigerator","1",1,"Yes",,"I don't know"
"23-66-97-33","Computer- laptop or desktop","1",1,"Yes",,"I don't know"
"23-66-97-33","Plastic chairs","4",6,"Yes",,"I don't know"
"06-64-69-84","Simple Mobile Phone","1",1,"Yes",,"50"
"06-64-69-84","Smart Phone","1",1,,,"750"
"06-64-69-84","Motor vehicle","1",1,,,"24000"
"06-64-69-84","Gas or Paraffin Stove","1",1,"Yes",,"900"
"06-64-69-84","Refrigerator","1",1,"Yes",,"1200"
"06-64-69-84","Radio","1",1,"Yes",,"400"
"06-64-69-84","Television","1",1,"Yes",,"1500"
"06-64-69-84","Living room furniture set","1",1,"Yes",,"2600"
"06-64-69-84","Plastic chairs","10",3,"Yes",,"50"
"06-64-69-84","Wheelbarrow","1",1,"Yes",,"250"
"56-62-10-52","Simple Mobile Phone","1",1,"Yes",,"120"
"56-62-10-52","Smart Phone","3",3,"Yes",,"1600"
"56-62-10-52","Building","1",1,"Yes",,"Refused to answer"
"56-62-10-52","Electric Stove","1",1,"Yes",,"3000"
"56-62-10-52","Gas or Paraffin Stove","1",1,"Yes",,"200"
"56-62-10-52","Microwave","1",1,"Yes",,"500"
"56-62-10-52","Refrigerator","1",1,"Yes",,"4000"
"56-62-10-52","Television","1",1,"Yes",,"5000"
"56-62-10-52","Computer- laptop or desktop","1",1,,,"2500"
"56-62-10-52","Living room furniture set","1",1,"Yes",,"5500"
"05-04-82-73","Simple Mobile Phone","5",2,"Yes",,"50"
"05-04-82-73","Smart Phone","1",4,"Yes",,"1000"
"05-04-82-73","Building","2",2,"Yes",,"3e+05"
"05-04-82-73","Electric Stove","1",1,,,"100"
"05-04-82-73","Gas or Paraffin Stove","1",1,,,"1000"
"05-04-82-73","Refrigerator","4",1,"Yes",,"1000"
"05-04-82-73","Freezer","1",1,"Yes",,"3000"
"05-04-82-73","Radio","1",1,,,"500"
"05-04-82-73","Plastic chairs","5",2,,,"50"
"05-04-82-73","Wheelbarrow","1",1,"Yes",,"600"
"03-81-35-88","Simple Mobile Phone","2",2,"Yes",,"90"
"03-81-35-88","Smart Phone","4",4,,,"1300"
"03-81-35-88","Electric Stove","1",1,"Yes",,"180"
"03-81-35-88","Microwave","1",1,,,"850"
"03-81-35-88","Refrigerator","2",2,"Yes",,"1700"
"03-81-35-88","Radio","1",1,,,"740"
"03-81-35-88","Television","2",2,"Yes",,"2000"
"03-81-35-88","Living room furniture set","1",1,,,"2300"
"03-81-35-88","Plastic chairs","6",10,"Yes",,"40"
"03-81-35-88","Wheelbarrow","3",2,"Yes",,"400"
"87-65-62-49","Smart Phone","3",4,"Yes",,"1500"
"87-65-62-49","Building","1",1,"Yes",,"150000"
"87-65-62-49","Electric Stove","1",0,"Yes",,"200"
"87-65-62-49","Gas or Paraffin Stove","1",1,"Yes",,"1200"
"87-65-62-49","Refrigerator","1",1,"Yes",,"1600"
"87-65-62-49","Radio","1",0,,,"500"
"87-65-62-49","Television","1",1,"Yes",,"2000"
"87-65-62-49","Plastic chairs","3",3,,,"50"
"95-74-95-07","Simple Mobile Phone","4",3,"Yes",,"50"
"95-74-95-07","Gas or Paraffin Stove","1",1,"Yes",,"200"
"95-74-95-07","Refrigerator","1",1,"Yes",,"1000"
"95-74-95-07","Radio","2",2,"Yes",,"300"
"95-74-95-07","Television","2",2,"Yes",,"800"
"95-74-95-07","Plastic chairs","3",5,"Yes",,"60"
"95-74-95-07","Wheelbarrow","1",1,"Yes",,"150"
"51-31-85-01","Simple Mobile Phone","2",2,"Yes",,"150"
"51-31-85-01","Building","1",1,,,"50000"
"51-31-85-01","Radio","1",1,"Yes",,"150"
"51-31-85-01","Plastic chairs","3",3,"Yes",,"40"
"51-31-85-01","Solar panel","2",1,,,"100"
"51-50-93-70","Simple Mobile Phone","2",2,"Yes",,"100"
"51-50-93-70","Smart Phone","1",1,,,"1000"
"51-50-93-70","Building","4",4,"Yes",,"250000"
"51-50-93-70","Refrigerator","1",1,"Yes",,"2500"
"51-50-93-70","Living room furniture set","2",2,"Yes",,"3000"
"51-50-93-70","Plastic chairs","6",8,"Yes",,"50"
"51-50-93-70","Wheelbarrow","1",1,"Yes",,"250"
"43-24-35-84","Simple Mobile Phone","1",2,"Yes",,"50"
"43-24-35-84","Motor vehicle","1",0,"Yes",,"15000"
"43-24-35-84","Building","1",1,"Yes",,"250000"
"43-24-35-84","Electric Stove","1",2,"Yes",,"200"
"43-24-35-84","Microwave","1",1,"Yes",,"250"
"43-24-35-84","Refrigerator","2",4,"Yes",,"1200"
"43-24-35-84","Freezer","2",3,"Yes",,"1800"
"43-24-35-84","Radio","1",1,"Yes",,"500"
"43-24-35-84","Television","1",1,"Yes",,"800"
"43-24-35-84","Living room furniture set","1",1,"Yes",,"900"
"43-24-35-84","Plough","2",2,"Yes",,"300"
"43-24-35-84","Diesel / Hand pumps","2",2,"Yes",,"7000"
"89-88-34-15","Smart Phone","1",2,,,"500"
"89-88-34-15","Building","3",2,"Yes",,"120000"
"89-88-34-15","Electric Stove","1",1,,,"200"
"89-88-34-15","Refrigerator","1",2,"Yes",,"800"
"89-88-34-15","Television","1",1,"Yes",,"250"
"89-88-34-15","Living room furniture set","1",1,"Yes",,"1000"
"14-85-25-58","Simple Mobile Phone","1",1,"Yes",,"200"
"14-85-25-58","Building","1",1,"Yes",,"20000"
"46-82-10-07","Simple Mobile Phone","2",2,"Yes",,"50"
"46-82-10-07","Smart Phone","1",0,,,"200"
"46-82-10-07","Radio","1",1,"Yes",,"150"
"80-79-44-48","Smart Phone","3",3,"Yes",,"1000"
"80-79-44-48","Motor vehicle","2",2,,,"20000"
"80-79-44-48","Building","3",3,,,"15000"
"80-79-44-48","Electric Stove","1",0,"Yes",,"2000"
"80-79-44-48","Gas or Paraffin Stove","1",1,,,"3000"
"80-79-44-48","Refrigerator","1",1,,,"2000"
"80-79-44-48","Freezer","1",0,,,"3500"
"80-79-44-48","Television","1",1,,,"1500"
"80-79-44-48","Living room furniture set","1",1,,,"1000"
"80-79-44-48","Plastic chairs","11",0,,,"150"
"80-79-44-48","Plough","1",1,,,"250"
"86-55-30-87","Simple Mobile Phone","1",2,"Yes",,"200"
"86-55-30-87","Smart Phone","1",1,,,"1000"
"86-55-30-87","Bicycle","1",1,,,"550"
"86-55-30-87","Building","2",2,"Yes",,"30000"
"86-55-30-87","Radio","1",1,"Yes",,"250"
"86-55-30-87","Plough","1",1,"Yes",,"300"
"86-55-30-87","Solar panel","1",1,"Yes",,"200"
"95-51-95-92","Simple Mobile Phone","1",1,"Yes",,"I don't know"
"95-51-95-92","Smart Phone","2",2,"Yes",,"I don't know"
"95-51-95-92","Motor vehicle","2",2,"Yes",,"I don't know"
"95-51-95-92","Bicycle","1",1,,,"I don't know"
"95-51-95-92","Building","1",1,"Yes",,"I don't know"
"95-51-95-92","Electric Stove","1",1,"Yes",,"I don't know"
"95-51-95-92","Microwave","1",1,"Yes",,"I don't know"
"95-51-95-92","Refrigerator","1",1,"Yes",,"I don't know"
"95-51-95-92","Television","1",1,"Yes",,"I don't know"
"95-51-95-92","Computer- laptop or desktop","1",1,"Yes",,"I don't know"
"95-51-95-92","Living room furniture set","1",1,"Yes",,"I don't know"
"95-51-95-92","Plastic chairs","5",5,"Yes",,"I don't know"
"95-51-95-92","Wheelbarrow","1",1,"Yes",,"I don't know"
"89-51-80-40","Simple Mobile Phone","1",1,"Yes",,"100"
"89-51-80-40","Motor vehicle","1",1,"Yes",,"60000"
"89-51-80-40","Building","3",3,"Yes",,"Refused to answer"
"89-51-80-40","Electric Stove","1",1,"Yes",,"250"
"89-51-80-40","Gas or Paraffin Stove","1",1,"Yes",,"200"
"89-51-80-40","Microwave","1",1,"Yes",,"400"
"89-51-80-40","Refrigerator","1",1,"Yes",,"3000"
"89-51-80-40","Radio","1",1,"Yes",,"150"
"89-51-80-40","Television","1",1,"Yes",,"2000"
"89-51-80-40","Computer- laptop or desktop","1",1,"Yes",,"4000"
"89-51-80-40","Living room furniture set","2",2,"Yes",,"3500"
"89-51-80-40","Plastic chairs","1",1,"Yes",,"45"
"89-51-80-40","Wheelbarrow","1",1,"Yes",,"150"
"89-51-80-40","Electric generator","1",1,"Yes",,"4000"
"80-53-41-39","Simple Mobile Phone","1",1,"Yes",,"100"
"80-53-41-39","Gas or Paraffin Stove","1",1,"Yes",,"300"
"80-53-41-39","Refrigerator","1",1,"Yes",,"1500"
"80-53-41-39","Radio","1",1,"Yes",,"200"
"80-53-41-39","Television","1",1,"Yes",,"600"
"80-53-41-39","Plastic chairs","4",5,"Yes",,"70"
"80-53-41-39","Wheelbarrow","1",1,"Yes",,"200"
"59-60-43-57","Simple Mobile Phone","1",1,"Yes",,"Refused to answer"
"59-60-43-57","Electric Stove","1",1,"Yes",,"Refused to answer"
"59-60-43-57","Refrigerator","1",1,"Yes",,"Refused to answer"
"59-60-43-57","Radio","1",1,"Yes",,"Refused to answer"
"59-60-43-57","Television","1",1,"Yes",,"Refused to answer"
"59-60-43-57","Living room furniture set","1",1,"Yes",,"Refused to answer"
"59-60-43-57","Plastic chairs","5",8,"Yes",,"Refused to answer"
"59-60-43-57","Wheelbarrow","1",1,"Yes",,"Refused to answer"
"87-22-49-94","Smart Phone","2",2,"Yes",,"800"
"87-22-49-94","Motor vehicle","1",1,"Yes",,"45000"
"87-22-49-94","Building","1",1,"Yes",,"3e+05"
"87-22-49-94","Electric Stove","1",1,"Yes",,"300"
"87-22-49-94","Refrigerator","1",1,"Yes",,"4000"
"87-22-49-94","Radio","1",1,"Yes",,"200"
"87-22-49-94","Television","1",1,"Yes",,"2400"
"87-22-49-94","Computer- laptop or desktop","1",1,"Yes",,"3500"
"87-22-49-94","Living room furniture set","1",1,"Yes",,"2"
"87-22-49-94","Plastic chairs","2",2,"Yes",,"50"
"87-22-49-94","Wheelbarrow","1",1,"Yes",,"300"
"98-98-98-22","Simple Mobile Phone","3",4,,,"50"
"98-98-98-22","Building","4",3,"Yes",,"20000"
"98-98-98-22","Refrigerator","1",0,"Yes",,"1000"
"98-98-98-22","Radio","2",1,"Yes",,"300"
"98-98-98-22","Plastic chairs","7",7,"Yes",,"50"
"19-11-80-87","Simple Mobile Phone","2",3,"Yes",,"50"
"19-11-80-87","Smart Phone","5",2,,,"300"
"19-11-80-87","Building","5",3,"Yes",,"65000"
"19-11-80-87","Refrigerator","1",0,"Yes",,"500"
"19-11-80-87","Television","1",0,"Yes",,"650"
"02-55-85-64","Simple Mobile Phone","1",1,"Yes",,"150"
"02-55-85-64","Smart Phone","1",1,"Yes",,"800"
"02-55-85-64","Motor vehicle","1",1,"Yes",,"35000"
"02-55-85-64","Building","4",4,"Yes",,"30000"
"02-55-85-64","Electric Stove","1",1,"Yes",,"300"
"02-55-85-64","Gas or Paraffin Stove","1",1,"Yes",,"900"
"02-55-85-64","Microwave","1",1,"Yes",,"900"
"02-55-85-64","Refrigerator","1",1,"Yes",,"3000"
"02-55-85-64","Washing Machine","1",1,"Yes",,"5000"
"02-55-85-64","Radio","1",1,"Yes",,"1500"
"02-55-85-64","Television","1",1,"Yes",,"1500"
"02-55-85-64","Living room furniture set","1",1,"Yes",,"1200"
"02-55-85-64","Plastic chairs","4",4,"Yes",,"70"
"02-55-85-64","Plough","1",1,"Yes",,"60"
"02-55-85-64","Wheelbarrow","1",1,"Yes",,"400"
"02-55-85-64","Electric generator","1",1,"Yes",,"1600"
"61-35-56-51","Simple Mobile Phone","1",1,"Yes",,"70"
"61-35-56-51","Smart Phone","2",1,"Yes",,"900"
"61-35-56-51","Electric Stove","1",4,"Yes",,"170"
"61-35-56-51","Refrigerator","1",1,"Yes",,"1100"
"61-35-56-51","Radio","1",1,"Yes",,"600"
"61-35-56-51","Television","1",1,"Yes",,"900"
"61-35-56-51","Plastic chairs","6",10,"Yes",,"75"
"57-52-43-19","Simple Mobile Phone","1",2,,,"100"
"57-52-43-19","Smart Phone","1",0,"Yes",,"300"
"57-52-43-19","Bicycle","1",0,"Yes",,"400"
"57-52-43-19","Building","3",3,"Yes",,"90000"
"57-52-43-19","Gas or Paraffin Stove","1",1,,,"800"
"57-52-43-19","Microwave","1",0,,,"400"
"57-52-43-19","Refrigerator","2",1,,,"1200"
"57-52-43-19","Freezer","1",1,,,"1600"
"57-52-43-19","Washing Machine","1",1,,,"3500"
"57-52-43-19","Radio","1",0,"Yes",,"800"
"57-52-43-19","Television","1",1,,,"4000"
"57-52-43-19","Living room furniture set","2",2,"Yes",,"1600"
"57-52-43-19","Plastic chairs","8",13,"Yes",,"50"
"57-52-43-19","Plough","1",1,,,"60"
"57-52-43-19","Wheelbarrow","1",1,"Yes",,"150"
"39-14-69-76","Simple Mobile Phone","2",2,"Yes",,"200"
"39-14-69-76","Building","1",1,"Yes",,"40000"
"39-14-69-76","Radio","1",1,"Yes",,"200"
"39-14-69-76","Plastic chairs","2",1,"Yes",,"50"
"72-36-49-36","Simple Mobile Phone","1",1,"Yes",,"I don't know"
"72-36-49-36","Building","1",1,"Yes",,"I don't know"
"72-36-49-36","Refrigerator","1",1,"Yes",,"I don't know"
"72-36-49-36","Television","1",1,"Yes",,"I don't know"
"72-36-49-36","Plastic chairs","2",2,"Yes",,"I don't know"
"80-82-49-42","Simple Mobile Phone","1",2,"Yes",,"50"
"80-82-49-42","Building","1",1,,,"55000"
"80-82-49-42","Plastic chairs","5",5,,,"25"
"47-81-87-67","Simple Mobile Phone","3",3,"Yes",,"150"
"47-81-87-67","Smart Phone","1",1,"Yes",,"2000"
"47-81-87-67","Motor vehicle","1",0,"Yes",,"59000"
"47-81-87-67","Building","2",1,"Yes",,"2e+05"
"47-81-87-67","Electric Stove","1",1,"Yes",,"100"
"47-81-87-67","Gas or Paraffin Stove","1",1,"Yes",,"300"
"47-81-87-67","Refrigerator","1",1,"Yes",,"2000"
"47-81-87-67","Radio","1",1,"Yes",,"1500"
"47-81-87-67","Television","1",1,"Yes",,"11000"
"55-33-21-42","Simple Mobile Phone","1",1,"Yes",,"80"
"55-33-21-42","Smart Phone","3",3,,,"1200"
"55-33-21-42","Building","1",1,"Yes",,"3e+05"
"55-33-21-42","Electric Stove","1",1,,,"450"
"55-33-21-42","Gas or Paraffin Stove","1",1,,,"150"
"55-33-21-42","Microwave","1",1,,,"400"
"55-33-21-42","Refrigerator","1",1,,,"3000"
"55-33-21-42","Radio","1",1,"Yes",,"200"
"55-33-21-42","Television","1",1,,,"2500"
"55-33-21-42","Plastic chairs","1",1,"Yes",,"40"
"55-33-21-42","Wheelbarrow","1",1,,,"150"
"42-50-27-40","Simple Mobile Phone","2",2,"Yes",,"80"
"42-50-27-40","Smart Phone","2",1,,,"700"
"42-50-27-40","Electric Stove","1",1,"Yes",,"200"
"42-50-27-40","Refrigerator","1",1,"Yes",,"1000"
"42-50-27-40","Radio","2",1,"Yes",,"400"
"42-50-27-40","Television","2",1,"Yes",,"700"
"42-50-27-40","Plastic chairs","5",7,"Yes",,"50"
"42-50-27-40","Wheelbarrow","2",1,"Yes",,"200"
"74-79-87-37","Simple Mobile Phone","1",1,"Yes",,"I don't know"
"74-79-87-37","Smart Phone","2",2,,,"I don't know"
"74-79-87-37","Building","1",1,"Yes",,"I don't know"
"74-79-87-37","Refrigerator","1",1,"Yes",,"I don't know"
"74-79-87-37","Television","1",1,"Yes",,"I don't know"
"74-79-87-37","Living room furniture set","1",1,"Yes",,"I don't know"
"74-79-87-37","Plastic chairs","4",4,"Yes",,"I don't know"
"74-79-87-37","Plough","1",1,"Yes",,"I don't know"
"74-79-87-37","Wheelbarrow","1",1,"Yes",,"I don't know"
"32-64-27-45","Simple Mobile Phone","3",4,"Yes",,"50"
"32-64-27-45","Smart Phone","1",0,,,"500"
"32-64-27-45","Motor vehicle","1",0,"Yes",,"10000"
"32-64-27-45","Building","7",3,"Yes",,"120000"
"32-64-27-45","Gas or Paraffin Stove","1",1,,,"250"
"32-64-27-45","Refrigerator","1",1,"Yes",,"1000"
"32-64-27-45","Television","1",2,"Yes",,"500"
"32-64-27-45","Living room furniture set","1",1,,,"800"
"43-28-98-57","Simple Mobile Phone","4",6,"Yes",,"100"
"43-28-98-57","Smart Phone","2",1,,,"500"
"43-28-98-57","Building","3",2,"Yes",,"250000"
"43-28-98-57","Electric Stove","1",3,,,"120"
"43-28-98-57","Gas or Paraffin Stove","1",1,,,"150"
"43-28-98-57","Refrigerator","1",1,,,"1000"
"43-28-98-57","Television","1",0,,,"250"
"28-12-52-92","Simple Mobile Phone","1",1,"Yes",,"200"
"28-12-52-92","Building","1",1,"Yes",,"150000"
"28-12-52-92","Gas or Paraffin Stove","1",1,"Yes",,"1000"
"28-12-52-92","Television","1",1,"Yes",,"1000"
"28-12-52-92","Living room furniture set","1",1,"Yes",,"2000"
"28-12-52-92","Plastic chairs","4",2,"Yes",,"200"
"98-31-37-04","Simple Mobile Phone","3",2,"Yes",,"200"
"98-31-37-04","Smart Phone","3",3,"Yes",,"1000"
"98-31-37-04","Building","3",3,"Yes",,"60000"
"98-31-37-04","Electric Stove","2",1,"Yes",,"280"
"98-31-37-04","Gas or Paraffin Stove","1",0,"Yes",,"500"
"98-31-37-04","Microwave","1",0,"Yes",,"590"
"98-31-37-04","Refrigerator","2",1,"Yes",,"1000"
"98-31-37-04","Freezer","1",0,"Yes",,"800"
"98-31-37-04","Radio","2",1,"Yes",,"1500"
"98-31-37-04","Television","2",0,"Yes",,"2000"
"98-31-37-04","Computer- laptop or desktop","2",1,"Yes",,"1900"
"98-31-37-04","Plastic chairs","1",4,"Yes",,"50"
"98-31-37-04","Wheelbarrow","1",1,"Yes",,"250"
"50-46-09-53","Smart Phone","1",0,,,"1000"
"50-46-09-53","Radio","1",0,"Yes",,"50"
"50-46-09-53","Plastic chairs","1",0,"Yes",,"50"
"50-46-09-53","Wheelbarrow","1",1,"Yes",,"50"
"48-80-48-31","Simple Mobile Phone","1",1,"Yes",,"150"
"48-80-48-31","Building","4",4,"Yes",,"150000"
"48-80-48-31","Refrigerator","1",1,"Yes",,"3000"
"48-80-48-31","Radio","1",1,"Yes",,"100"
"48-80-48-31","Television","1",1,"Yes",,"1500"
"48-80-48-31","Living room furniture set","1",1,"Yes",,"500"
"48-80-48-31","Plastic chairs","7",8,"Yes",,"30"
"48-80-48-31","Wheelbarrow","1",1,"Yes",,"250"
"59-69-31-11","Simple Mobile Phone","1",2,,,"250"
"59-69-31-11","Building","1",1,"Yes",,"150000"
"68-17-57-15","Simple Mobile Phone","1",1,"Yes",,"100"
"68-17-57-15","Electric Stove","1",1,"Yes",,"250"
"68-17-57-15","Gas or Paraffin Stove","1",1,"Yes",,"800"
"68-17-57-15","Microwave","1",1,"Yes",,"700"
"68-17-57-15","Refrigerator","1",1,"Yes",,"1500"
"68-17-57-15","Radio","1",1,"Yes",,"500"
"68-17-57-15","Television","1",1,"Yes",,"1000"
"68-17-57-15","Plastic chairs","5",8,"Yes",,"70"
"68-17-57-15","Wheelbarrow","1",1,"Yes",,"250"
"65-67-13-71","Smart Phone","2",2,"Yes",,"2000"
"65-67-13-71","Building","1",1,,,"1e+05"
"65-67-13-71","Refrigerator","1",1,"Yes",,"1500"
"65-67-13-71","Television","1",1,"Yes",,"2000"
"14-98-70-62","Smart Phone","2",2,"Yes",,"1500"
"14-98-70-62","Building","1",1,,,"150000"
"14-98-70-62","Radio","1",1,,,"500"
"14-98-70-62","Television","1",1,,,"1000"
"25-90-19-11","Simple Mobile Phone","2",2,"Yes",,"100"
"25-90-19-11","Smart Phone","2",2,"Yes",,"500"
"25-90-19-11","Gas or Paraffin Stove","1",1,"Yes",,"200"
"25-90-19-11","Refrigerator","1",1,"Yes",,"1300"
"25-90-19-11","Radio","1",1,"Yes",,"300"
"25-90-19-11","Television","1",1,"Yes",,"750"
"25-90-19-11","Plastic chairs","5",6,"Yes",,"60"
"25-90-19-11","Wheelbarrow","1",1,"Yes",,"200"
"45-83-41-38","Simple Mobile Phone","1",1,"Yes",,"100"
"45-83-41-38","Smart Phone","1",1,,,"1500"
"45-83-41-38","Motor vehicle","1",1,,,"60000"
"45-83-41-38","Building","1",1,"Yes",,"Refused to answer"
"45-83-41-38","Electric Stove","1",1,"Yes",,"2000"
"45-83-41-38","Refrigerator","1",1,,,"3000"
"45-83-41-38","Radio","1",1,,,"200"
"45-83-41-38","Television","1",1,"Yes",,"4000"
"45-83-41-38","Computer- laptop or desktop","1",1,,,"2500"
"45-83-41-38","Plastic chairs","1",1,,,"40"
"95-39-93-93","Simple Mobile Phone","1",1,"Yes",,"I don't know"
"95-39-93-93","Smart Phone","1",1,"Yes",,"I don't know"
"95-39-93-93","Building","1",1,"Yes",,"I don't know"
"95-39-93-93","Plastic chairs","4",4,"Yes",,"I don't know"
"61-12-40-36","Simple Mobile Phone","2",1,"Yes",,"80"
"61-12-40-36","Smart Phone","2",2,"Yes",,"1000"
"61-12-40-36","Gas or Paraffin Stove","1",1,"Yes",,"200"
"61-12-40-36","Radio","1",1,"Yes",,"150"
"61-12-40-36","Plastic chairs","4",4,"Yes",,"50"
"61-12-40-36","Wheelbarrow","1",1,"Yes",,"300"
"11-71-40-81","Simple Mobile Phone","1",1,,,"60"
"11-71-40-81","Gas or Paraffin Stove","1",1,"Yes",,"300"
"11-71-40-81","Microwave","1",1,"Yes",,"700"
"11-71-40-81","Refrigerator","1",1,"Yes",,"1300"
"11-71-40-81","Radio","1",1,"Yes",,"600"
"11-71-40-81","Television","1",1,"Yes",,"1000"
"11-71-40-81","Plastic chairs","3",3,"Yes",,"50"
"11-71-40-81","Wheelbarrow","1",1,"Yes",,"200"
"36-42-18-14","Simple Mobile Phone","2",3,"Yes",,"90"
"36-42-18-14","Smart Phone","3",2,,,"1200"
"36-42-18-14","Motor vehicle","1",1,,,"Refused to answer"
"36-42-18-14","Gas or Paraffin Stove","2",2,"Yes",,"800"
"36-42-18-14","Microwave","1",1,"Yes",,"700"
"36-42-18-14","Refrigerator","2",2,"Yes",,"1800"
"36-42-18-14","Radio","2",3,"Yes",,"900"
"36-42-18-14","Television","2",2,"Yes",,"1200"
"36-42-18-14","Living room furniture set","1",1,"Yes",,"2500"
"36-42-18-14","Plastic chairs","5",6,"Yes",,"70"
"36-42-18-14","Wheelbarrow","1",1,"Yes",,"200"
"36-42-18-14","Boats","1",1,"Yes",,"Refused to answer"
"19-03-38-46","Simple Mobile Phone","1",0,,,"80"
"19-03-38-46","Building","1",0,"Yes",,"25000"
"19-03-38-46","Electric Stove","1",0,"Yes",,"150"
"19-03-38-46","Television","1",0,"Yes",,"550"
"92-48-70-16","Simple Mobile Phone","3",4,"Yes",,"50"
"92-48-70-16","Smart Phone","1",0,"Yes",,"600"
"92-48-70-16","Motor vehicle","2",1,"Yes",,"25000"
"92-48-70-16","Building","3",2,"Yes",,"45000"
"92-48-70-16","Electric Stove","1",2,,,"250"
"92-48-70-16","Refrigerator","4",3,,,"2000"
"92-48-70-16","Freezer","1",0,,,"1500"
"92-48-70-16","Radio","1",1,"Yes",,"800"
"92-48-70-16","Television","1",2,"Yes",,"600"
"92-48-70-16","Living room furniture set","1",2,"Yes",,"1800"
"92-48-70-16","Plough","1",0,"Yes",,"15000"
"92-48-70-16","Farm tractor / machinery","1",0,"Yes",,"160000"
"34-14-49-72","Smart Phone","2",2,"Yes",,"I don't know"
"34-14-49-72","Building","0",0,"Yes",,"I don't know"
"22-89-40-33","Simple Mobile Phone","2",1,"Yes",,"250"
"22-89-40-33","Smart Phone","3",4,,,"650"
"22-89-40-33","Electric Stove","2",1,"Yes",,"750"
"22-89-40-33","Refrigerator","1",1,"Yes",,"1300"
"22-89-40-33","Radio","1",1,,,"360"
"22-89-40-33","Television","1",1,"Yes",,"1900"
"22-89-40-33","Plastic chairs","12",5,"Yes",,"25"
"37-39-45-84","Simple Mobile Phone","1",0,,,"100"
"37-39-45-84","Smart Phone","3",0,"Yes",,"2000"
"37-39-45-84","Motor vehicle","1",0,,,"20000"
"37-39-45-84","Building","7",7,"Yes",,"40000"
"37-39-45-84","Electric Stove","2",2,"Yes",,"300"
"37-39-45-84","Microwave","1",4,"Yes",,"500"
"37-39-45-84","Refrigerator","2",2,"Yes",,"1500"
"37-39-45-84","Freezer","1",1,"Yes",,"2000"
"37-39-45-84","Radio","2",2,"Yes",,"550"
"37-39-45-84","Television","1",1,,,"1200"
"37-39-45-84","Living room furniture set","2",2,"Yes",,"1000"
"37-39-45-84","Plastic chairs","6",6,"Yes",,"25"
"37-39-45-84","Plough","1",1,"Yes",,"150"
"37-39-45-84","Wheelbarrow","1",1,"Yes",,"100"
"98-85-46-77","Simple Mobile Phone","1",2,,,"150"
"98-85-46-77","Smart Phone","1",0,,,"1500"
"98-85-46-77","Motor vehicle","1",2,"Yes",,"35000"
"98-85-46-77","Building","2",2,"Yes",,"150000"
"98-85-46-77","Electric Stove","1",1,,,"90"
"98-85-46-77","Freezer","1",1,,,"1500"
"98-85-46-77","Radio","1",1,,,"150"
"98-85-46-77","Television","1",1,,,"900"
"98-85-46-77","Computer- laptop or desktop","1",1,"Yes",,"3500"
"98-85-46-77","Plastic chairs","2",2,,,"30"
"80-21-91-02","Simple Mobile Phone","1",1,"Yes",,"60"
"80-21-91-02","Smart Phone","3",3,,,"1200"
"80-21-91-02","Motor vehicle","1",1,,,"10000"
"80-21-91-02","Building","3",3,"Yes",,"50000"
"80-21-91-02","Refrigerator","1",1,,,"2500"
"80-21-91-02","Freezer","1",1,,,"3000"
"80-21-91-02","Living room furniture set","1",1,"Yes",,"500"
"80-21-91-02","Plastic chairs","4",7,"Yes",,"40"
"80-21-91-02","Wheelbarrow","1",1,"Yes",,"250"
"22-74-67-59","Simple Mobile Phone","3",3,"Yes",,"50"
"22-74-67-59","Smart Phone","4",0,,,"350"
"22-74-67-59","Building","4",2,,,"80000"
"22-74-67-59","Refrigerator","1",0,"Yes",,"800"
"22-74-67-59","Television","1",0,"Yes",,"500"
"22-74-67-59","Wheelbarrow","1",0,"Yes",,"150"
"88-01-88-32","Simple Mobile Phone","2",2,,,"I don't know"
"88-01-88-32","Smart Phone","3",3,,,"I don't know"
"88-01-88-32","Motor vehicle","1",1,"Yes",,"I don't know"
"88-01-88-32","Building","4",4,"Yes",,"I don't know"
"88-01-88-32","Electric Stove","1",1,,,"I don't know"
"88-01-88-32","Refrigerator","1",1,,,"I don't know"
"88-01-88-32","Radio","1",1,"Yes",,"I don't know"
"88-01-88-32","Television","1",1,,,"I don't know"
"88-01-88-32","Plastic chairs","5",8,"Yes",,"I don't know"
"88-01-88-32","Plough","1",1,"Yes",,"I don't know"
"88-01-88-32","Wheelbarrow","2",2,"Yes",,"I don't know"
"98-88-56-41","Simple Mobile Phone","1",1,"Yes",,"I don't know"
"98-88-56-41","Smart Phone","2",2,,,"I don't know"
"98-88-56-41","Building","2",2,"Yes",,"I don't know"
"98-88-56-41","Gas or Paraffin Stove","1",1,"Yes",,"I don't know"
"98-88-56-41","Refrigerator","1",1,"Yes",,"I don't know"
"98-88-56-41","Television","1",1,"Yes",,"I don't know"
"98-88-56-41","Plastic chairs","4",4,"Yes",,"I don't know"
"98-88-56-41","Wheelbarrow","1",1,"Yes",,"I don't know"
"84-73-38-30","Simple Mobile Phone","1",1,"Yes",,"70"
"84-73-38-30","Electric Stove","1",0,"Yes",,"200"
"84-73-38-30","Refrigerator","1",1,"Yes",,"650"
"84-73-38-30","Radio","1",1,"Yes",,"1300"
"84-73-38-30","Television","1",1,"Yes",,"1000"
"84-73-38-30","Plastic chairs","4",2,"Yes",,"25"
"93-79-44-00","Simple Mobile Phone","1",1,"Yes",,"200"
"93-79-44-00","Smart Phone","1",1,,,"1000"
"93-79-44-00","Motor vehicle","1",0,,,"20000"
"93-79-44-00","Building","2",1,"Yes",,"150000"
"93-79-44-00","Refrigerator","1",1,"Yes",,"1500"
"93-79-44-00","Radio","1",1,"Yes",,"1000"
"93-79-44-00","Television","1",1,"Yes",,"1500"
"26-07-22-36","Simple Mobile Phone","1",2,,,"50"
"26-07-22-36","Smart Phone","1",2,"Yes",,"350"
"26-07-22-36","Motor vehicle","1",0,"Yes",,"40000"
"26-07-22-36","Building","5",3,"Yes",,"580000"
"26-07-22-36","Electric Stove","1",2,"Yes",,"180"
"26-07-22-36","Refrigerator","1",1,"Yes",,"850"
"26-07-22-36","Television","1",2,"Yes",,"600"
"26-07-22-36","Living room furniture set","1",1,"Yes",,"750"
"55-76-99-68","Simple Mobile Phone","1",1,"Yes",,"I don't know"
"55-76-99-68","Smart Phone","1",1,"Yes",,"I don't know"
"55-76-99-68","Building","2",2,"Yes",,"I don't know"
"55-76-99-68","Electric Stove","1",1,"Yes",,"I don't know"
"55-76-99-68","Refrigerator","1",1,"Yes",,"I don't know"
"55-76-99-68","Television","1",1,"Yes",,"I don't know"
"55-76-99-68","Plastic chairs","3",2,"Yes",,"I don't know"
"38-33-66-67","Simple Mobile Phone","2",2,"Yes",,"I don't know"
"38-33-66-67","Building","1",1,,,"I don't know"
"38-33-66-67","Plastic chairs","2",2,"Yes",,"I don't know"
"16-65-54-37","Simple Mobile Phone","2",3,,,"100"
"16-65-54-37","Smart Phone","4",1,"Yes",,"1000"
"16-65-54-37","Motor vehicle","1",1,,,"20000"
"16-65-54-37","Building","1",1,,,"80000"
"16-65-54-37","Electric Stove","1",1,,,"150"
"16-65-54-37","Microwave","1",1,,,"700"
"16-65-54-37","Refrigerator","4",1,,,"2500"
"16-65-54-37","Freezer","1",1,,,"2500"
"16-65-54-37","Television","3",1,,,"2000"
"16-65-54-37","Living room furniture set","1",1,,,"2500"
"16-65-54-37","Plastic chairs","7",1,,,"65"
"16-65-54-37","Plough","1",1,,,"30"
"16-65-54-37","Wheelbarrow","1",1,,,"150"
"20-77-43-56","Simple Mobile Phone","4",2,,,"100"
"20-77-43-56","Building","5",4,,,"80000"
"20-77-43-56","Refrigerator","1",3,,,"550"
"20-77-43-56","Television","2",1,,,"350"
"08-12-15-69","Simple Mobile Phone","4",0,"Yes",,"100"
"08-12-15-69","Building","1",1,"Yes",,"120000"
"08-12-15-69","Radio","1",0,"Yes",,"180"
"43-73-48-25","Simple Mobile Phone","1",4,"Yes",,"150"
"43-73-48-25","Smart Phone","1",1,,,"1000"
"43-73-48-25","Building","6",6,"Yes",,"30000"
"43-73-48-25","Electric Stove","2",2,"Yes",,"150"
"43-73-48-25","Gas or Paraffin Stove","1",1,"Yes",,"800"
"43-73-48-25","Refrigerator","1",2,"Yes",,"1000"
"43-73-48-25","Radio","1",2,"Yes",,"600"
"43-73-48-25","Television","1",2,"Yes",,"1500"
"43-73-48-25","Living room furniture set","2",2,"Yes",,"800"
"43-73-48-25","Plastic chairs","1",3,"Yes",,"50"
"86-00-77-05","Smart Phone","3",4,"Yes",,"2400"
"86-00-77-05","Motor vehicle","2",2,"Yes",,"80000"
"86-00-77-05","Building","2",2,"Yes",,"40000"
"86-00-77-05","Electric Stove","2",2,"Yes",,"100"
"86-00-77-05","Gas or Paraffin Stove","2",1,"Yes",,"700"
"86-00-77-05","Microwave","1",0,"Yes",,"400"
"86-00-77-05","Radio","1",0,"Yes",,"150"
"86-00-77-05","Television","2",1,"Yes",,"2000"
"86-00-77-05","Plastic chairs","4",4,"Yes",,"50"
"86-00-77-05","Wheelbarrow","1",1,"Yes",,"210"
"86-00-77-05","Farm tractor / machinery","1",1,"Yes",,"60000"
"86-00-77-05","Solar panel","3",1,"Yes",,"250"
"86-00-77-05","Electric generator","2",0,"Yes",,"1000"
"86-00-77-05","Battery bank","1",0,"Yes",,"100"
"04-04-14-28","Simple Mobile Phone","1",1,"Yes",,"50"
"04-04-14-28","Smart Phone","1",1,,,"1100"
"04-04-14-28","Building","1",1,"Yes",,"2e+05"
"04-04-14-28","Electric Stove","1",1,"Yes",,"150"
"04-04-14-28","Gas or Paraffin Stove","1",1,"Yes",,"1900"
"04-04-14-28","Microwave","1",1,"Yes",,"800"
"04-04-14-28","Refrigerator","1",1,"Yes",,"2500"
"04-04-14-28","Radio","1",1,"Yes",,"650"
"04-04-14-28","Television","1",1,"Yes",,"1800"
"04-04-14-28","Living room furniture set","1",1,"Yes",,"2600"
"04-04-14-28","Plastic chairs","5",2,"Yes",,"20"
"04-04-14-28","Wheelbarrow","1",1,"Yes",,"250"
"06-32-06-25","Smart Phone","1",1,"Yes",,"150"
"06-32-06-25","Building","1",1,"Yes",,"1e+05"
"06-32-06-25","Electric Stove","1",1,"Yes",,"400"
"06-32-06-25","Gas or Paraffin Stove","1",1,"Yes",,"250"
"06-32-06-25","Radio","1",1,"Yes",,"1"
"06-32-06-25","Television","1",1,"Yes",,"500"
"06-32-06-25","Plastic chairs","1",1,"Yes",,"40"
"06-32-06-25","Wheelbarrow","1",1,"Yes",,"200"
"91-35-74-95","Simple Mobile Phone","1",2,"Yes",,"80"
"91-35-74-95","Smart Phone","1",1,,,"1000"
"91-35-74-95","Building","1",1,"Yes",,"1e+05"
"91-35-74-95","Plastic chairs","3",4,"Yes",,"25"
"91-35-74-95","Plough","1",2,"Yes",,"50"
"91-35-74-95","Wheelbarrow","3",3,"Yes",,"250"
"87-84-09-54","Simple Mobile Phone","1",1,,,"50"
"87-84-09-54","Smart Phone","3",2,"Yes",,"950"
"87-84-09-54","Building","2",2,"Yes",,"70000"
"87-84-09-54","Electric Stove","1",1,"Yes",,"300"
"87-84-09-54","Gas or Paraffin Stove","1",1,"Yes",,"850"
"87-84-09-54","Refrigerator","1",1,"Yes",,"1300"
"87-84-09-54","Radio","1",1,,,"900"
"87-84-09-54","Television","1",1,"Yes",,"1050"
"87-84-09-54","Plastic chairs","2",3,"Yes",,"28"
"87-84-09-54","Wheelbarrow","1",1,"Yes",,"230"
"62-23-61-37","Simple Mobile Phone","2",2,,,"85"
"62-23-61-37","Smart Phone","2",3,,,"1000"
"62-23-61-37","Motor vehicle","1",1,,,"30000"
"62-23-61-37","Building","2",2,,,"2e+05"
"62-23-61-37","Gas or Paraffin Stove","1",1,,,"350"
"62-23-61-37","Refrigerator","1",1,,,"1300"
"62-23-61-37","Radio","1",1,,,"340"
"62-23-61-37","Television","1",1,,,"900"
"62-23-61-37","Living room furniture set","1",1,,,"1500"
"62-23-61-37","Plastic chairs","5",5,,,"50"
"62-23-61-37","Wheelbarrow","1",1,,,"250"
"51-67-29-73","Simple Mobile Phone","1",1,"Yes",,"100"
"51-67-29-73","Building","2",2,"Yes",,"5e+05"
"51-67-29-73","Electric Stove","1",1,"Yes",,"1"
"51-67-29-73","Gas or Paraffin Stove","1",1,"Yes",,"1"
"51-67-29-73","Refrigerator","1",1,"Yes",,"3500"
"51-67-29-73","Radio","1",1,"Yes",,"200"
"51-67-29-73","Television","1",1,"Yes",,"1000"
"51-67-29-73","Living room furniture set","3",3,"Yes",,"5000"
"51-67-29-73","Wheelbarrow","1",1,"Yes",,"200"
"51-67-29-73","Solar panel","1",1,"Yes",,"300"
"93-42-86-13","Simple Mobile Phone","1",1,"Yes",,"100"
"93-42-86-13","Smart Phone","1",1,,,"1400"
"93-42-86-13","Building","1",1,"Yes",,"1e+05"
"93-42-86-13","Radio","1",1,"Yes",,"150"
"93-42-86-13","Plastic chairs","4",4,"Yes",,"50"
"93-42-86-13","Plough","1",1,"Yes",,"120"
"93-42-86-13","Wheelbarrow","1",1,"Yes",,"300"
"31-42-54-99","Simple Mobile Phone","1",1,"Yes",,"80"
"31-42-54-99","Smart Phone","2",2,"Yes",,"700"
"31-42-54-99","Building","1",1,"Yes",,"5e+05"
"31-42-54-99","Electric Stove","1",1,,,"150"
"31-42-54-99","Gas or Paraffin Stove","1",1,"Yes",,"1200"
"31-42-54-99","Microwave","1",1,"Yes",,"400"
"31-42-54-99","Refrigerator","1",1,"Yes",,"3000"
"31-42-54-99","Computer- laptop or desktop","1",0,"Yes",,"800"
"31-42-54-99","Living room furniture set","3",2,"Yes",,"4500"
"31-42-54-99","Plastic chairs","2",2,"Yes",,"50"
"31-42-54-99","Plough","1",1,"Yes",,"40"
"31-42-54-99","Wheelbarrow","1",1,"Yes",,"300"
"40-00-25-74","Simple Mobile Phone","1",1,"Yes",,"100"
"40-00-25-74","Building","1",1,"Yes",,"90000"
"40-00-25-74","Refrigerator","1",1,"Yes",,"1100"
"40-00-25-74","Living room furniture set","1",1,"Yes",,"900"
"40-00-25-74","Plastic chairs","2",2,"Yes",,"35"
"32-73-63-74","Simple Mobile Phone","1",1,"Yes",,"150"
"32-73-63-74","Building","1",1,"Yes",,"2e+05"
"32-73-63-74","Refrigerator","1",1,"Yes",,"2000"
"32-73-63-74","Radio","1",1,"Yes",,"150"
"32-73-63-74","Television","2",1,"Yes",,"1500"
"32-73-63-74","Living room furniture set","2",1,"Yes",,"8000"
"32-73-63-74","Plastic chairs","5",5,"Yes",,"100"
"32-73-63-74","Plough","2",2,"Yes",,"100"
"32-73-63-74","Wheelbarrow","1",1,"Yes",,"500"
"16-86-88-22","Simple Mobile Phone","1",1,"Yes",,"200"
"16-86-88-22","Building","1",1,"Yes",,"25000"
"16-86-88-22","Plastic chairs","1",1,"Yes",,"20"
"64-46-66-46","Smart Phone","2",2,"Yes",,"900"
"64-46-66-46","Building","1",1,"Yes",,"2e+05"
"64-46-66-46","Electric Stove","1",1,"Yes",,"200"
"64-46-66-46","Refrigerator","1",1,"Yes",,"3000"
"64-46-66-46","Radio","1",1,"Yes",,"150"
"64-46-66-46","Television","1",1,"Yes",,"700"
"64-46-66-46","Living room furniture set","1",1,"Yes",,"2000"
"64-46-66-46","Plastic chairs","1",1,"Yes",,"45"
"64-46-66-46","Wheelbarrow","1",1,"Yes",,"1"
"50-30-92-60","Simple Mobile Phone","2",2,"Yes",,"50"
"50-30-92-60","Electric Stove","1",2,,,"250"
"50-30-92-60","Gas or Paraffin Stove","1",1,"Yes",,"200"
"50-30-92-60","Refrigerator","1",1,"Yes",,"2000"
"50-30-92-60","Radio","2",1,"Yes",,"800"
"50-30-92-60","Television","2",1,"Yes",,"1000"
"50-30-92-60","Computer- laptop or desktop","1",1,,,"1000"
"50-30-92-60","Plastic chairs","5",4,"Yes",,"50"
"50-30-92-60","Wheelbarrow","1",1,"Yes",,"150"
"24-09-68-36","Simple Mobile Phone","1",1,"Yes",,"200"
"24-09-68-36","Smart Phone","2",2,,,"1500"
"24-09-68-36","Building","2",1,"Yes",,"4e+05"
"24-09-68-36","Refrigerator","1",1,"Yes",,"1500"
"24-09-68-36","Television","1",1,"Yes",,"1500"
"24-09-68-36","Plastic chairs","4",2,"Yes",,"50"
"42-32-41-18","Simple Mobile Phone","1",1,"Yes",,"I don't know"
"42-32-41-18","Refrigerator","1",1,"Yes",,"I don't know"
"42-32-41-18","Radio","1",1,"Yes",,"I don't know"
"42-32-41-18","Television","2",2,"Yes",,"I don't know"
"42-32-41-18","Plastic chairs","5",5,"Yes",,"I don't know"
"42-32-41-18","Wheelbarrow","1",1,"Yes",,"I don't know"
"29-79-40-11","Simple Mobile Phone","2",2,"Yes",,"70"
"29-79-40-11","Smart Phone","5",5,,,"1800"
"29-79-40-11","Motor vehicle","1",1,,,"33000"
"29-79-40-11","Building","1",1,"Yes",,"180000"
"29-79-40-11","Gas or Paraffin Stove","1",1,,,"2000"
"29-79-40-11","Microwave","1",1,,,"1200"
"29-79-40-11","Refrigerator","1",1,,,"1500"
"29-79-40-11","Radio","1",1,,,"650"
"29-79-40-11","Television","1",1,,,"2100"
"29-79-40-11","Computer- laptop or desktop","2",1,,,"2700"
"29-79-40-11","Living room furniture set","1",1,,,"1000"
"29-79-40-11","Plastic chairs","5",2,,,"30"
"29-79-40-11","Wheelbarrow","1",1,,,"300"
"60-57-49-31","Building","1",1,"Yes",,"50000"
"60-57-49-31","Living room furniture set","1",1,"Yes",,"150"
"60-57-49-31","Plastic chairs","2",2,"Yes",,"40"
"60-10-68-48","Simple Mobile Phone","2",3,"Yes",,"150"
"60-10-68-48","Motor vehicle","1",1,"Yes",,"30000"
"60-10-68-48","Bicycle","1",1,"Yes",,"700"
"60-10-68-48","Building","1",1,"Yes",,"170000"
"60-10-68-48","Gas or Paraffin Stove","1",1,"Yes",,"1200"
"60-10-68-48","Microwave","1",1,"Yes",,"1200"
"60-10-68-48","Refrigerator","1",1,"Yes",,"3000"
"60-10-68-48","Radio","1",1,"Yes",,"2000"
"60-10-68-48","Television","1",0,"Yes",,"2600"
"60-10-68-48","Computer- laptop or desktop","1",1,"Yes",,"3000"
"60-10-68-48","Living room furniture set","1",1,"Yes",,"3500"
"60-10-68-48","Plastic chairs","3",3,"Yes",,"100"
"60-10-68-48","Plough","2",3,"Yes",,"120"
"60-10-68-48","Solar panel","1",0,"Yes",,"170"
"35-24-82-24","Simple Mobile Phone","2",2,"Yes",,"100"
"35-24-82-24","Building","1",1,"Yes",,"25000"
"35-24-82-24","Radio","1",1,"Yes",,"800"
"35-24-82-24","Plastic chairs","3",3,"Yes",,"20"
"94-16-94-83","Simple Mobile Phone","2",2,"Yes",,"I don't know"
"94-16-94-83","Building","1",1,"Yes",,"I don't know"
"94-16-94-83","Radio","1",1,"Yes",,"I don't know"
"94-16-94-83","Plastic chairs","1",2,"Yes",,"I don't know"
"94-16-94-83","Wheelbarrow","1",1,"Yes",,"I don't know"
"93-01-93-75","Smart Phone","1",1,"Yes",,"500"
"93-01-93-75","Building","1",1,"Yes",,"250000"
"93-01-93-75","Electric Stove","1",1,"Yes",,"100"
"93-01-93-75","Gas or Paraffin Stove","1",1,"Yes",,"500"
"93-01-93-75","Microwave","1",1,"Yes",,"100"
"93-01-93-75","Refrigerator","1",1,"Yes",,"1000"
"93-01-93-75","Television","1",1,"Yes",,"5000"
"93-01-93-75","Plastic chairs","3",3,"Yes",,"30"
"93-01-93-75","Wheelbarrow","1",1,"Yes",,"100"
"25-76-97-37","Simple Mobile Phone","1",5,"Yes",,"50"
"25-76-97-37","Building","1",0,"Yes",,"10000"
"37-86-89-16","Simple Mobile Phone","2",2,"Yes",,"200"
"37-86-89-16","Smart Phone","1",1,,,"1500"
"37-86-89-16","Building","1",1,,,"70000"
"59-63-12-34","Smart Phone","1",1,"Yes",,"I don't know"
"59-63-12-34","Electric Stove","1",1,"Yes",,"I don't know"
"59-63-12-34","Refrigerator","1",1,"Yes",,"I don't know"
"59-63-12-34","Television","1",1,"Yes",,"I don't know"
"59-63-12-34","Plastic chairs","2",2,"Yes",,"I don't know"
"67-12-10-28","Simple Mobile Phone","2",2,"Yes",,"100"
"67-12-10-28","Building","1",1,"Yes",,"8000"
"67-12-10-28","Electric Stove","1",1,"Yes",,"200"
"67-12-10-28","Gas or Paraffin Stove","1",1,"Yes",,"300"
"67-12-10-28","Radio","1",1,"Yes",,"100"
"67-12-10-28","Plastic chairs","5",5,"Yes",,"30"
"67-12-10-28","Plough","1",1,"Yes",,"100"
"67-12-10-28","Wheelbarrow","1",1,"Yes",,"200"
"67-12-10-28","Solar panel","1",1,"Yes",,"70"
"25-90-81-61","Simple Mobile Phone","1",1,"Yes",,"50"
"25-90-81-61","Smart Phone","1",1,,,"700"
"25-90-81-61","Building","1",1,"Yes",,"1e+05"
"25-90-81-61","Electric Stove","1",1,,,"240"
"25-90-81-61","Freezer","1",1,,,"2600"
"25-90-81-61","Radio","1",1,,,"400"
"25-90-81-61","Television","1",1,,,"1100"
"25-90-81-61","Plastic chairs","4",1,"Yes",,"50"
"25-90-81-61","Wheelbarrow","1",1,"Yes",,"190"
"27-19-89-21","Simple Mobile Phone","1",1,,,"200"
"27-19-89-21","Smart Phone","3",3,"Yes",,"1500"
"27-19-89-21","Building","1",1,,,"150000"
"27-19-89-21","Refrigerator","1",1,,,"1500"
"27-19-89-21","Radio","1",1,"Yes",,"500"
"27-19-89-21","Television","1",1,,,"1500"
"03-62-40-58","Smart Phone","1",1,"Yes",,"100"
"03-62-40-58","Building","2",2,"Yes",,"80000"
"03-62-40-58","Gas or Paraffin Stove","2",2,"Yes",,"1200"
"03-62-40-58","Plastic chairs","13",13,"Yes",,"150"
"03-62-40-58","Plough","3",3,"Yes",,"200"
"03-62-40-58","Wheelbarrow","1",1,"Yes",,"500"
"03-62-40-58","Solar panel","1",1,"Yes",,"150"
"60-29-48-02","Simple Mobile Phone","2",3,"Yes",,"70"
"60-29-48-02","Smart Phone","1",2,,,"700"
"60-29-48-02","Electric Stove","1",1,"Yes",,"300"
"60-29-48-02","Refrigerator","1",1,"Yes",,"1500"
"60-29-48-02","Radio","1",1,"Yes",,"300"
"60-29-48-02","Television","1",1,"Yes",,"800"
"60-29-48-02","Living room furniture set","1",1,"Yes",,"1500"
"60-29-48-02","Plastic chairs","5",9,"Yes",,"60"
"60-29-48-02","Wheelbarrow","1",1,,,"200"
"93-40-82-23","Simple Mobile Phone","1",1,"Yes",,"50"
"93-40-82-23","Motor vehicle","1",1,"Yes",,"50000"
"93-40-82-23","Building","1",1,"Yes",,"3e+05"
"93-40-82-23","Electric Stove","1",1,"Yes",,"800"
"93-40-82-23","Refrigerator","1",1,"Yes",,"4000"
"93-40-82-23","Radio","1",1,"Yes",,"1500"
"93-40-82-23","Television","1",1,"Yes",,"1200"
"93-40-82-23","Living room furniture set","6",1,"Yes",,"700"
"93-40-82-23","Plastic chairs","30",20,"Yes",,"55"
"93-40-82-23","Wheelbarrow","1",1,"Yes",,"300"
"90-39-81-40","Simple Mobile Phone","1",1,"Yes",,"200"
"90-39-81-40","Smart Phone","3",2,,,"1000"
"90-39-81-40","Electric Stove","1",1,,,"500"
"90-39-81-40","Refrigerator","1",1,,,"1500"
"90-39-81-40","Television","1",1,,,"2000"
"90-39-81-40","Plastic chairs","4",4,,,"50"
"26-16-19-49","Simple Mobile Phone","2",1,"Yes",,"200"
"26-16-19-49","Smart Phone","2",2,,,"1500"
"26-16-19-49","Building","3",2,"Yes",,"1e+05"
"26-16-19-49","Radio","2",1,"Yes",,"500"
"26-16-19-49","Television","1",1,,,"1500"
"26-16-19-49","Plastic chairs","5",5,"Yes",,"50"
"29-68-82-61","Simple Mobile Phone","2",2,,,"100"
"29-68-82-61","Smart Phone","1",1,,,"3000"
"29-68-82-61","Building","1",1,,,"2e+05"
"29-68-82-61","Electric Stove","1",1,,,"80"
"29-68-82-61","Gas or Paraffin Stove","1",1,,,"1700"
"29-68-82-61","Microwave","1",1,,,"250"
"29-68-82-61","Refrigerator","1",1,,,"2500"
"29-68-82-61","Freezer","1",1,,,"3500"
"29-68-82-61","Television","1",1,,,"200"
"29-68-82-61","Living room furniture set","1",1,,,"4500"
"29-68-82-61","Plastic chairs","2",2,,,"15"
"29-68-82-61","Wheelbarrow","1",1,,,"250"
"29-03-78-72","Smart Phone","2",2,"Yes",,"1500"
"29-03-78-72","Motor vehicle","2",2,"Yes",,"20000"
"29-03-78-72","Building","1",1,"Yes",,"150000"
"29-03-78-72","Gas or Paraffin Stove","1",1,"Yes",,"1500"
"29-03-78-72","Microwave","1",1,"Yes",,"1000"
"29-03-78-72","Refrigerator","1",1,"Yes",,"2500"
"29-03-78-72","Washing Machine","1",1,"Yes",,"3000"
"29-03-78-72","Radio","1",1,"Yes",,"1000"
"29-03-78-72","Television","1",1,"Yes",,"3000"
"29-03-78-72","Computer- laptop or desktop","1",1,,,"2500"
"29-03-78-72","Living room furniture set","1",1,"Yes",,"3500"
"29-03-78-72","Plastic chairs","15",10,"Yes",,"50"
"54-48-29-54","Simple Mobile Phone","1",1,"Yes",,"70"
"54-48-29-54","Building","1",1,"Yes",,"1e+05"
"54-48-29-54","Refrigerator","1",1,"Yes",,"2500"
"54-48-29-54","Radio","1",1,"Yes",,"300"
"54-48-29-54","Television","1",1,"Yes",,"2500"
"54-48-29-54","Living room furniture set","1",1,"Yes",,"3000"
"54-48-29-54","Plastic chairs","6",6,"Yes",,"35"
"54-48-29-54","Plough","4",5,"Yes",,"50"
"54-48-29-54","Wheelbarrow","1",1,"Yes",,"500"
"29-79-23-67","Simple Mobile Phone","2",1,,,"65"
"29-79-23-67","Smart Phone","1",1,"Yes",,"400"
"29-79-23-67","Motor vehicle","2",2,"Yes",,"30"
"29-79-23-67","Building","3",3,"Yes",,"150"
"29-79-23-67","Electric Stove","1",1,"Yes",,"1200"
"29-79-23-67","Gas or Paraffin Stove","1",1,"Yes",,"1000"
"29-79-23-67","Refrigerator","1",1,"Yes",,"800"
"29-79-23-67","Freezer","1",1,"Yes",,"850"
"29-79-23-67","Radio","1",1,"Yes",,"400"
"29-79-23-67","Television","1",1,"Yes",,"700"
"29-79-23-67","Living room furniture set","4",4,"Yes",,"2000"
"29-79-23-67","Plastic chairs","10",5,"Yes",,"45"
"29-79-23-67","Plough","1",1,"Yes",,"10000"
"29-79-23-67","Wheelbarrow","1",1,"Yes",,"200"
"29-79-23-67","Farm tractor / machinery","1",1,"Yes",,"120000"
"36-91-85-86","Simple Mobile Phone","3",2,,,"150"
"36-91-85-86","Smart Phone","2",1,"Yes",,"1600"
"36-91-85-86","Building","2",2,,,"5e+05"
"36-91-85-86","Gas or Paraffin Stove","1",1,,,"800"
"36-91-85-86","Microwave","1",1,,,"500"
"36-91-85-86","Refrigerator","4",4,,,"3000"
"36-91-85-86","Radio","4",1,,,"3000"
"36-91-85-86","Television","1",1,,,"2000"
"36-91-85-86","Living room furniture set","1",1,,,"10000"
"36-91-85-86","Plastic chairs","10",6,,,"75"
"36-91-85-86","Plough","2",2,,,"75"
"36-91-85-86","Wheelbarrow","3",3,,,"300"
"36-91-85-86","Electric generator","1",1,,,"7000"
"33-77-00-47","Simple Mobile Phone","1",1,,,"50"
"33-77-00-47","Smart Phone","1",1,"Yes",,"200"
"33-77-00-47","Building","1",1,"Yes",,"2e+05"
"33-77-00-47","Gas or Paraffin Stove","1",1,"Yes",,"700"
"33-77-00-47","Radio","1",1,"Yes",,"200"
"33-77-00-47","Television","1",0,"Yes",,"800"
"33-77-00-47","Wheelbarrow","1",1,"Yes",,"100"
"33-77-00-47","Solar panel","1",0,"Yes",,"100"
"71-23-95-90","Simple Mobile Phone","1",1,"Yes",,"100"
"71-23-95-90","Smart Phone","1",1,,,"1500"
"71-23-95-90","Building","2",2,"Yes",,"40000"
"71-23-95-90","Electric Stove","1",1,"Yes",,"150"
"71-23-95-90","Gas or Paraffin Stove","1",1,"Yes",,"500"
"71-23-95-90","Refrigerator","1",1,"Yes",,"1800"
"71-23-95-90","Television","1",1,"Yes",,"1000"
"71-23-95-90","Living room furniture set","1",1,"Yes",,"100"
"71-23-95-90","Plastic chairs","4",4,"Yes",,"15"
"71-23-95-90","Wheelbarrow","1",1,"Yes",,"350"
"77-62-89-56","Simple Mobile Phone","2",2,,,"150"
"77-62-89-56","Building","2",1,"Yes",,"70000"
"93-71-48-41","Smart Phone","2",2,"Yes",,"1600"
"93-71-48-41","Motor vehicle","1",1,"Yes",,"30000"
"93-71-48-41","Electric Stove","1",1,"Yes",,"1000"
"93-71-48-41","Microwave","1",1,"Yes",,"900"
"93-71-48-41","Refrigerator","1",1,"Yes",,"1700"
"93-71-48-41","Freezer","1",1,"Yes",,"2000"
"93-71-48-41","Washing Machine","1",1,"Yes",,"2500"
"93-71-48-41","Radio","1",1,"Yes",,"1000"
"93-71-48-41","Television","1",1,"Yes",,"2000"
"93-71-48-41","Computer- laptop or desktop","1",1,,,"2000"
"93-71-48-41","Living room furniture set","1",1,"Yes",,"2500"
"93-71-48-41","Plastic chairs","6",8,"Yes",,"100"
"93-71-48-41","Wheelbarrow","1",1,"Yes",,"250"
"08-18-22-01","Simple Mobile Phone","1",1,"Yes",,"50"
"08-18-22-01","Refrigerator","1",1,"Yes",,"100"
"08-18-22-01","Radio","1",1,"Yes",,"200"
"08-18-22-01","Television","1",1,"Yes",,"500"
"08-18-22-01","Plastic chairs","3",6,"Yes",,"50"
"08-18-22-01","Wheelbarrow","1",1,"Yes",,"200"
"98-07-17-87","Simple Mobile Phone","1",1,"Yes",,"75"
"98-07-17-87","Building","1",1,"Yes",,"85000"
"98-07-17-87","Radio","1",1,"Yes",,"150"
"98-07-17-87","Plastic chairs","2",2,"Yes",,"35"
"98-07-17-87","Wheelbarrow","1",1,"Yes",,"350"
"23-98-05-49","Simple Mobile Phone","1",1,"Yes",,"150"
"23-98-05-49","Smart Phone","1",1,,,"1000"
"23-98-05-49","Building","5",5,"Yes",,"50000"
"23-98-05-49","Electric Stove","1",1,"Yes",,"200"
"23-98-05-49","Gas or Paraffin Stove","1",1,"Yes",,"2500"
"23-98-05-49","Refrigerator","1",1,"Yes",,"4000"
"23-98-05-49","Freezer","1",1,"Yes",,"6000"
"23-98-05-49","Radio","2",1,"Yes",,"160"
"23-98-05-49","Television","1",1,"Yes",,"2000"
"23-98-05-49","Plastic chairs","8",8,"Yes",,"40"
"79-97-29-10","Simple Mobile Phone","2",2,"Yes",,"100"
"79-97-29-10","Building","2",2,"Yes",,"3e+05"
"79-97-29-10","Gas or Paraffin Stove","1",1,"Yes",,"200"
"79-97-29-10","Refrigerator","1",1,"Yes",,"2500"
"79-97-29-10","Radio","1",1,"Yes",,"200"
"79-97-29-10","Television","1",1,"Yes",,"1500"
"79-97-29-10","Living room furniture set","1",1,"Yes",,"2000"
"79-97-29-10","Plastic chairs","2",3,"Yes",,"50"
"79-97-29-10","Wheelbarrow","1",1,"Yes",,"300"
"79-97-29-10","Solar panel","1",1,"Yes",,"1000"
"41-50-66-96","Simple Mobile Phone","1",1,"Yes",,"70"
"41-50-66-96","Building","2",2,"Yes",,"120000"
"41-50-66-96","Gas or Paraffin Stove","1",1,"Yes",,"300"
"41-50-66-96","Radio","1",1,"Yes",,"150"
"41-50-66-96","Plastic chairs","2",2,"Yes",,"40"
"06-31-05-26","Simple Mobile Phone","3",5,"Yes",,"50"
"06-31-05-26","Smart Phone","2",3,,,"500"
"06-31-05-26","Building","4",3,"Yes",,"80000"
"06-31-05-26","Electric Stove","1",0,,,"110"
"06-31-05-26","Refrigerator","1",0,"Yes",,"800"
"25-90-09-86","Simple Mobile Phone","1",1,"Yes",,"50"
"25-90-09-86","Smart Phone","3",3,"Yes",,"700"
"25-90-09-86","Motor vehicle","1",1,,,"26000"
"25-90-09-86","Building","2",2,"Yes",,"150000"
"25-90-09-86","Electric Stove","1",1,"Yes",,"150"
"25-90-09-86","Refrigerator","1",1,,,"1200"
"25-90-09-86","Radio","1",1,,,"400"
"25-90-09-86","Television","1",1,"Yes",,"250"
"25-90-09-86","Computer- laptop or desktop","1",1,,,"1200"
"25-90-09-86","Plastic chairs","1",3,"Yes",,"35"
"03-91-71-73","Simple Mobile Phone","1",1,"Yes",,"80"
"03-91-71-73","Smart Phone","1",1,"Yes",,"700"
"03-91-71-73","Building","1",1,"Yes",,"4e+05"
"03-91-71-73","Gas or Paraffin Stove","1",1,"Yes",,"250"
"03-91-71-73","Microwave","1",1,"Yes",,"500"
"03-91-71-73","Refrigerator","1",1,"Yes",,"3500"
"03-91-71-73","Radio","1",1,"Yes",,"200"
"03-91-71-73","Television","1",1,"Yes",,"1500"
"03-91-71-73","Living room furniture set","2",1,"Yes",,"2000"
"03-91-71-73","Plastic chairs","5",5,"Yes",,"50"
"03-91-71-73","Wheelbarrow","1",1,"Yes",,"250"
"36-45-13-48","Simple Mobile Phone","1",1,"Yes",,"100"
"36-45-13-48","Smart Phone","1",1,,,"1000"
"36-45-13-48","Building","1",1,"Yes",,"30000"
"36-45-13-48","Television","1",1,"Yes",,"3000"
"36-45-13-48","Plastic chairs","10",3,"Yes",,"75"
"63-11-78-96","Simple Mobile Phone","1",2,"Yes",,"150"
"63-11-78-96","Motor Cycle /Scooter","1",1,"Yes",,"8000"
"63-11-78-96","Building","2",1,"Yes",,"88000"
"63-11-78-96","Electric Stove","1",1,"Yes",,"300"
"63-11-78-96","Gas or Paraffin Stove","1",1,"Yes",,"100"
"63-11-78-96","Refrigerator","1",1,"Yes",,"1500"
"63-11-78-96","Plastic chairs","6",15,"Yes",,"80"
"63-11-78-96","Wheelbarrow","1",1,"Yes",,"25"
"63-11-78-96","Solar panel","1",1,"Yes",,"8700"
"79-48-70-94","Simple Mobile Phone","1",1,"Yes",,"50"
"79-48-70-94","Smart Phone","1",1,,,"900"
"79-48-70-94","Building","1",1,"Yes",,"80000"
"79-48-70-94","Radio","1",1,"Yes",,"200"
"79-48-70-94","Plastic chairs","4",4,"Yes",,"50"
"79-48-70-94","Plough","5",5,"Yes",,"150"
"01-11-02-57","Simple Mobile Phone","2",2,"Yes",,"80"
"01-11-02-57","Building","3",3,"Yes",,"I don't know"
"01-11-02-57","Electric Stove","1",1,"Yes",,"300"
"01-11-02-57","Gas or Paraffin Stove","1",1,"Yes",,"150"
"01-11-02-57","Microwave","1",1,"Yes",,"400"
"01-11-02-57","Refrigerator","1",1,"Yes",,"3000"
"01-11-02-57","Radio","1",1,"Yes",,"400"
"01-11-02-57","Television","1",1,"Yes",,"700"
"01-11-02-57","Living room furniture set","2",2,"Yes",,"4000"
"01-11-02-57","Plastic chairs","6",6,"Yes",,"50"
"01-11-02-57","Wheelbarrow","1",1,"Yes",,"200"
"01-11-02-57","Electric generator","1",1,"Yes",,"4000"
"41-82-62-49","Simple Mobile Phone","2",2,"Yes",,"50"
"41-82-62-49","Building","2",2,"Yes",,"50000"
"41-82-62-49","Plastic chairs","4",4,"Yes",,"42"
"41-82-62-49","Plough","3",0,"Yes",,"40"
"41-82-62-49","Wheelbarrow","1",1,"Yes",,"100"
"57-39-86-38","Simple Mobile Phone","2",0,"Yes",,"100"
"57-39-86-38","Motor vehicle","1",2,"Yes",,"15000"
"57-39-86-38","Building","1",1,"Yes",,"2e+05"
"57-39-86-38","Electric Stove","1",1,"Yes",,"250"
"57-39-86-38","Refrigerator","1",1,"Yes",,"4300"
"57-39-86-38","Radio","1",1,"Yes",,"5000"
"57-39-86-38","Television","1",1,"Yes",,"600"
"57-39-86-38","Computer- laptop or desktop","1",1,"Yes",,"200"
"57-39-86-38","Living room furniture set","2",5,"Yes",,"800"
"57-39-86-38","Plough","2",2,"Yes",,"800"
"57-39-86-38","Wheelbarrow","1",1,"Yes",,"200"
"57-39-86-38","Diesel / Hand pumps","1",1,"Yes",,"2500"
"57-39-86-38","Electric generator","1",1,"Yes",,"8000"
"47-31-29-24","Smart Phone","1",4,"Yes",,"1500"
"47-31-29-24","Building","1",1,"Yes",,"3e+05"
"47-31-29-24","Electric Stove","1",1,"Yes",,"250"
"47-31-29-24","Refrigerator","1",1,"Yes",,"3000"
"47-31-29-24","Radio","1",1,"Yes",,"200"
"47-31-29-24","Television","1",1,"Yes",,"4500"
"47-31-29-24","Computer- laptop or desktop","1",1,"Yes",,"2500"
"47-31-29-24","Plastic chairs","1",1,"Yes",,"50"
"87-48-42-67","Simple Mobile Phone","1",1,"Yes",,"100"
"87-48-42-67","Building","2",2,"Yes",,"20000"
"87-48-42-67","Electric Stove","1",1,"Yes",,"200"
"87-48-42-67","Refrigerator","1",1,"Yes",,"2000"
"87-48-42-67","Plastic chairs","8",0,"Yes",,"50"
"87-48-42-67","Plough","4",4,"Yes",,"100"
"87-48-42-67","Wheelbarrow","1",0,"Yes",,"500"
"88-51-36-66","Smart Phone","2",2,"Yes",,"1000"
"88-51-36-66","Building","1",1,"Yes",,"I don't know"
"88-51-36-66","Gas or Paraffin Stove","1",1,"Yes",,"200"
"88-51-36-66","Refrigerator","1",1,"Yes",,"2500"
"88-51-36-66","Television","1",1,"Yes",,"1000"
"88-51-36-66","Living room furniture set","2",2,"Yes",,"3000"
"88-51-36-66","Plastic chairs","3",3,"Yes",,"40"
"88-51-36-66","Wheelbarrow","1",1,"Yes",,"200"
"88-12-77-50","Simple Mobile Phone","1",1,,,"200"
"88-12-77-50","Smart Phone","3",2,"Yes",,"3000"
"88-12-77-50","Motor vehicle","1",1,"Yes",,"20000"
"88-12-77-50","Building","1",1,"Yes",,"250000"
"88-12-77-50","Electric Stove","1",1,,,"200"
"88-12-77-50","Gas or Paraffin Stove","1",1,,,"250"
"88-12-77-50","Refrigerator","1",1,,,"1500"
"88-12-77-50","Freezer","1",1,,,"2500"
"88-12-77-50","Washing Machine","1",1,,,"2000"
"88-12-77-50","Television","1",1,,,"1500"
"88-12-77-50","Living room furniture set","2",1,,,"5000"
"88-12-77-50","Plastic chairs","2",0,,,"50"
"17-63-55-71","Simple Mobile Phone","1",1,"Yes",,"50"
"17-63-55-71","Smart Phone","2",0,,,"500"
"17-63-55-71","Building","5",5,"Yes",,"60000"
"17-63-55-71","Electric Stove","1",1,"Yes",,"70"
"17-63-55-71","Gas or Paraffin Stove","1",0,"Yes",,"800"
"17-63-55-71","Microwave","1",1,"Yes",,"300"
"17-63-55-71","Refrigerator","1",1,"Yes",,"600"
"17-63-55-71","Television","1",0,"Yes",,"100"
"17-63-55-71","Living room furniture set","4",4,"Yes",,"100"
"17-63-55-71","Plastic chairs","15",15,"Yes",,"50"
"17-63-55-71","Wheelbarrow","1",0,"Yes",,"150"
"08-89-64-68","Simple Mobile Phone","2",2,"Yes",,"250"
"08-89-64-68","Building","1",1,"Yes",,"150000"
"08-89-64-68","Electric Stove","1",1,"Yes",,"1500"
"08-89-64-68","Microwave","1",1,"Yes",,"1500"
"08-89-64-68","Refrigerator","1",1,"Yes",,"2500"
"08-89-64-68","Washing Machine","1",1,"Yes",,"4000"
"08-89-64-68","Radio","1",1,"Yes",,"500"
"08-89-64-68","Television","1",1,"Yes",,"1500"
"08-89-64-68","Living room furniture set","1",1,"Yes",,"2500"
"08-89-64-68","Plastic chairs","10",10,"Yes",,"50"
"40-29-00-57","Simple Mobile Phone","5",4,"Yes",,"50"
"40-29-00-57","Motor vehicle","1",2,"Yes",,"50000"
"40-29-00-57","Building","3",1,"Yes",,"45000"
"40-29-00-57","Electric Stove","1",1,"Yes",,"200"
"40-29-00-57","Refrigerator","1",2,"Yes",,"1200"
"40-29-00-57","Television","1",2,"Yes",,"300"
"86-10-11-11","Smart Phone","1",1,"Yes",,"1100"
"86-10-11-11","Building","1",1,,,"50000"
"80-48-57-31","Smart Phone","1",1,"Yes",,"1200"
"80-48-57-31","Building","2",2,"Yes",,"1e+05"
"03-33-65-79","Simple Mobile Phone","1",2,,,"50"
"03-33-65-79","Smart Phone","4",2,"Yes",,"700"
"03-33-65-79","Building","2",2,,,"9000"
"03-33-65-79","Electric Stove","2",1,,,"200"
"03-33-65-79","Refrigerator","2",1,,,"5000"
"03-33-65-79","Radio","3",2,,,"700"
"03-33-65-79","Television","2",2,,,"3000"
"03-33-65-79","Plastic chairs","2",2,,,"100"
"03-33-65-79","Battery bank","2",2,,,"50"
"86-28-43-28","Simple Mobile Phone","2",1,"Yes",,"80"
"86-28-43-28","Motor vehicle","1",1,"Yes",,"25000"
"86-28-43-28","Building","7",3,"Yes",,"85000"
"86-28-43-28","Refrigerator","1",2,"Yes",,"850"
"86-28-43-28","Freezer","1",1,"Yes",,"650"
"86-28-43-28","Television","1",2,"Yes",,"350"
"86-28-43-28","Living room furniture set","1",0,"Yes",,"1000"
"95-58-64-05","Smart Phone","1",3,"Yes",,"50"
"95-58-64-05","Gas or Paraffin Stove","1",2,"Yes",,"150"
"95-58-64-05","Microwave","1",0,"Yes",,"400"
"95-58-64-05","Refrigerator","1",1,"Yes",,"1200"
"95-58-64-05","Radio","1",1,"Yes",,"800"
"95-58-64-05","Television","1",1,"Yes",,"1200"
"51-45-88-78","Smart Phone","1",0,,,"350"
"51-45-88-78","Building","4",3,"Yes",,"25000"
"51-45-88-78","Refrigerator","2",1,,,"950"
"51-45-88-78","Television","1",0,,,"450"
"51-45-88-78","Wheelbarrow","1",0,,,"300"
"90-62-42-39","Simple Mobile Phone","2",2,,,"I don't know"
"90-62-42-39","Smart Phone","1",1,"Yes",,"I don't know"
"90-62-42-39","Motor vehicle","1",1,,,"I don't know"
"90-62-42-39","Gas or Paraffin Stove","1",1,"Yes",,"I don't know"
"90-62-42-39","Refrigerator","1",1,"Yes",,"I don't know"
"90-62-42-39","Television","1",1,"Yes",,"I don't know"
"90-62-42-39","Plastic chairs","2",5,"Yes",,"I don't know"
"71-64-26-40","Smart Phone","1",1,"Yes",,"500"
"71-64-26-40","Motor vehicle","2",1,"Yes",,"30000"
"71-64-26-40","Building","2",2,"Yes",,"2e+05"
"71-64-26-40","Electric Stove","1",1,"Yes",,"50"
"71-64-26-40","Gas or Paraffin Stove","1",1,"Yes",,"800"
"71-64-26-40","Refrigerator","1",1,"Yes",,"1500"
"71-64-26-40","Radio","1",1,"Yes",,"1800"
"71-64-26-40","Television","1",1,"Yes",,"1000"
"71-64-26-40","Computer- laptop or desktop","1",1,"Yes",,"1200"
"71-64-26-40","Plastic chairs","1",1,"Yes",,"20"
"71-64-26-40","Wheelbarrow","1",1,"Yes",,"300"
"81-24-00-67","Simple Mobile Phone","1",1,,,"100"
"81-24-00-67","Smart Phone","2",2,"Yes",,"1300"
"81-24-00-67","Building","1",1,"Yes",,"I don't know"
"81-24-00-67","Electric Stove","1",1,"Yes",,"300"
"81-24-00-67","Refrigerator","1",1,,,"2500"
"81-24-00-67","Television","1",1,"Yes",,"2000"
"81-24-00-67","Living room furniture set","2",2,"Yes",,"5000"
"81-24-00-67","Plastic chairs","5",5,"Yes",,"50"
"12-70-32-30","Simple Mobile Phone","1",1,"Yes",,"50"
"12-70-32-30","Smart Phone","1",0,,,"500"
"12-70-32-30","Building","1",1,"Yes",,"1e+05"
"12-70-32-30","Electric Stove","1",1,"Yes",,"20"
"12-70-32-30","Microwave","1",1,"Yes",,"200"
"12-70-32-30","Refrigerator","1",1,"Yes",,"600"
"12-70-32-30","Plastic chairs","2",0,"Yes",,"50"
"82-97-70-37","Simple Mobile Phone","2",2,"Yes",,"90"
"82-97-70-37","Smart Phone","3",3,,,"700"
"82-97-70-37","Building","2",2,"Yes",,"180000"
"82-97-70-37","Gas or Paraffin Stove","1",1,"Yes",,"1100"
"82-97-70-37","Microwave","1",1,"Yes",,"500"
"82-97-70-37","Refrigerator","1",1,"Yes",,"1200"
"82-97-70-37","Radio","1",1,"Yes",,"250"
"82-97-70-37","Television","1",1,"Yes",,"1300"
"82-97-70-37","Plastic chairs","6",4,"Yes",,"35"
"82-97-70-37","Wheelbarrow","1",1,"Yes",,"300"
"62-46-14-70","Simple Mobile Phone","3",1,"Yes",,"30"
"62-46-14-70","Smart Phone","4",0,,,"600"
"62-46-14-70","Building","3",3,,,"80000"
"62-46-14-70","Electric Stove","1",1,,,"1000"
"62-46-14-70","Microwave","1",1,,,"100"
"62-46-14-70","Refrigerator","3",1,,,"1500"
"62-46-14-70","Freezer","2",1,,,"3500"
"62-46-14-70","Washing Machine","1",0,,,"2000"
"62-46-14-70","Radio","1",0,,,"1300"
"62-46-14-70","Television","2",1,,,"1000"
"62-46-14-70","Computer- laptop or desktop","1",1,,,"1200"
"62-46-14-70","Living room furniture set","5",5,,,"600"
"62-46-14-70","Plastic chairs","2",2,,,"100"
"62-46-14-70","Wheelbarrow","1",0,,,"100"
"71-10-70-44","Simple Mobile Phone","1",1,"Yes",,"70"
"71-10-70-44","Smart Phone","2",2,"Yes",,"400"
"71-10-70-44","Motor vehicle","1",1,"Yes",,"24000"
"71-10-70-44","Building","6",5,"Yes",,"10000"
"71-10-70-44","Gas or Paraffin Stove","1",1,"Yes",,"200"
"71-10-70-44","Refrigerator","1",1,"Yes",,"10000"
"71-10-70-44","Radio","1",1,"Yes",,"2500"
"71-10-70-44","Television","1",1,"Yes",,"2500"
"71-10-70-44","Plastic chairs","5",5,"Yes",,"40"
"71-10-70-44","Wheelbarrow","1",1,"Yes",,"500"
"72-64-30-28","Smart Phone","2",2,"Yes",,"1400"
"72-64-30-28","Motor vehicle","1",1,,,"23000"
"72-64-30-28","Building","1",1,"Yes",,"80000"
"72-64-30-28","Electric Stove","1",1,"Yes",,"2500"
"72-64-30-28","Microwave","1",1,"Yes",,"600"
"72-64-30-28","Refrigerator","1",1,"Yes",,"2000"
"72-64-30-28","Radio","1",1,,,"400"
"72-64-30-28","Television","1",1,,,"1800"
"72-64-30-28","Computer- laptop or desktop","1",1,"Yes",,"3200"
"72-64-30-28","Living room furniture set","1",1,,,"1200"
"72-64-30-28","Plastic chairs","3",2,,,"24"
"13-26-76-47","Simple Mobile Phone","1",1,"Yes",,"60"
"13-26-76-47","Smart Phone","2",1,,,"900"
"13-26-76-47","Electric Stove","1",1,,,"150"
"13-26-76-47","Radio","1",1,,,"500"
"13-26-76-47","Television","1",1,,,"1000"
"13-26-76-47","Computer- laptop or desktop","1",0,,,"1600"
"13-26-76-47","Plastic chairs","2",5,"Yes",,"50"
"13-26-76-47","Wheelbarrow","1",1,,,"200"
"49-80-23-99","Smart Phone","3",2,"Yes",,"1500"
"49-80-23-99","Building","1",1,"Yes",,"1e+05"
"49-80-23-99","Refrigerator","1",1,"Yes",,"1000"
"49-80-23-99","Television","1",1,"Yes",,"2500"
"49-80-23-99","Plastic chairs","5",5,"Yes",,"50"
"86-00-13-77","Simple Mobile Phone","1",0,"Yes",,"80"
"86-00-13-77","Radio","1",0,"Yes",,"50"
"86-00-13-77","Solar panel","1",0,"Yes",,"20"
"48-57-10-38","Simple Mobile Phone","1",1,"Yes",,"I don't know"
"48-57-10-38","Building","1",1,"Yes",,"I don't know"
"69-84-94-36","Smart Phone","3",2,"Yes",,"500"
"69-84-94-36","Building","1",1,"Yes",,"85000"
"69-84-94-36","Electric Stove","1",2,"Yes",,"150"
"69-84-94-36","Gas or Paraffin Stove","1",1,"Yes",,"500"
"69-84-94-36","Refrigerator","1",2,"Yes",,"850"
"69-84-94-36","Television","1",2,"Yes",,"650"
"18-54-82-39","Simple Mobile Phone","1",1,"Yes",,"50"
"18-54-82-39","Smart Phone","1",0,,,"800"
"18-54-82-39","Electric Stove","1",1,"Yes",,"200"
"18-54-82-39","Gas or Paraffin Stove","1",1,"Yes",,"300"
"18-54-82-39","Refrigerator","1",1,"Yes",,"1300"
"18-54-82-39","Radio","1",1,"Yes",,"400"
"18-54-82-39","Television","1",1,"Yes",,"700"
"18-54-82-39","Plastic chairs","3",5,"Yes",,"50"
"18-54-82-39","Wheelbarrow","1",1,"Yes",,"150"
"72-38-29-03","Smart Phone","1",1,"Yes",,"500"
"72-38-29-03","Building","1",1,"Yes",,"20000"
"72-38-29-03","Plastic chairs","2",3,"Yes",,"30"
"72-38-29-03","Wheelbarrow","1",1,"Yes",,"400"
"20-35-14-07","Simple Mobile Phone","1",1,"Yes",,"250"
"20-35-14-07","Building","1",1,"Yes",,"150000"
"20-35-14-07","Refrigerator","1",1,"Yes",,"2500"
"20-35-14-07","Television","1",1,"Yes",,"2500"
"20-35-14-07","Plastic chairs","5",5,"Yes",,"50"
"80-76-98-64","Simple Mobile Phone","1",1,"Yes",,"100"
"80-76-98-64","Smart Phone","2",2,"Yes",,"1000"
"80-76-98-64","Building","1",1,"Yes",,"Refused to answer"
"80-76-98-64","Electric Stove","1",1,"Yes",,"1"
"80-76-98-64","Gas or Paraffin Stove","1",1,"Yes",,"200"
"80-76-98-64","Microwave","1",1,"Yes",,"400"
"80-76-98-64","Refrigerator","1",1,"Yes",,"2500"
"80-76-98-64","Radio","1",1,"Yes",,"200"
"80-76-98-64","Television","1",1,"Yes",,"600"
"80-76-98-64","Living room furniture set","1",1,"Yes",,"2000"
"80-76-98-64","Plastic chairs","1",1,"Yes",,"4"
"80-76-98-64","Wheelbarrow","1",1,"Yes",,"300"
"46-71-82-60","Smart Phone","2",2,"Yes",,"1000"
"46-71-82-60","Electric Stove","1",1,"Yes",,"200"
"46-71-82-60","Microwave","1",1,"Yes",,"700"
"46-71-82-60","Refrigerator","1",1,"Yes",,"1200"
"46-71-82-60","Radio","1",1,"Yes",,"600"
"46-71-82-60","Television","1",1,"Yes",,"1000"
"46-71-82-60","Plastic chairs","5",4,"Yes",,"50"
"46-71-82-60","Wheelbarrow","1",1,"Yes",,"200"
"24-76-27-27","Simple Mobile Phone","2",2,"Yes",,"150"
"24-76-27-27","Smart Phone","1",1,,,"800"
"24-76-27-27","Motor vehicle","2",2,"Yes",,"40000"
"24-76-27-27","Building","1",1,"Yes",,"3e+05"
"24-76-27-27","Gas or Paraffin Stove","1",1,,,"2500"
"24-76-27-27","Microwave","1",1,,,"1200"
"24-76-27-27","Refrigerator","1",1,,,"2500"
"24-76-27-27","Radio","1",1,"Yes",,"1800"
"24-76-27-27","Television","1",1,"Yes",,"5000"
"24-76-27-27","Living room furniture set","3",3,"Yes",,"1500"
"24-76-27-27","Plastic chairs","4",4,"Yes",,"30"
"24-76-27-27","Plough","1",1,"Yes",,"100"
"24-76-27-27","Farm tractor / machinery","1",1,"Yes",,"94000"
"24-76-27-27","Electric generator","1",1,"Yes",,"800"
"85-49-52-94","Simple Mobile Phone","1",1,,,"100"
"85-49-52-94","Smart Phone","2",2,,,"1200"
"85-49-52-94","Building","1",1,"Yes",,"250000"
"85-49-52-94","Computer- laptop or desktop","1",1,,,"2000"
"85-49-52-94","Living room furniture set","1",1,"Yes",,"3000"
"85-49-52-94","Plastic chairs","1",1,"Yes",,"5"
"41-14-53-27","Simple Mobile Phone","2",1,"Yes",,"200"
"41-14-53-27","Smart Phone","4",1,,,"1400"
"41-14-53-27","Motor vehicle","1",1,"Yes",,"20000"
"41-14-53-27","Bicycle","1",1,"Yes",,"1500"
"41-14-53-27","Building","5",5,,,
"41-14-53-27","Electric Stove","2",2,,,
"41-14-53-27","Gas or Paraffin Stove",,.a,,,
"41-14-53-27","Microwave","2",2,"Yes",,"2000"
"41-14-53-27","Refrigerator","2",2,"Yes",,"2000"
"41-14-53-27","Freezer",,.a,,,
"41-14-53-27","Washing Machine",,.a,,,
"41-14-53-27","Radio",,.a,,,
"41-14-53-27","Television",,.a,,,
"41-14-53-27","Computer- laptop or desktop",,.a,,,
"41-14-53-27","Living room furniture set",,.a,,,
"41-14-53-27","Plastic chairs",,.a,,,
"41-14-53-27","Wheelbarrow",,.a,,,
"41-14-53-27","Solar panel",,.a,,,
"41-14-53-27","Electric generator",,.a,,,
"41-14-53-27","Battery bank",,.a,,,
"19-25-83-42","Simple Mobile Phone","1",1,"Yes",,"250"
"19-25-83-42","Smart Phone","2",2,,,"1500"
"19-25-83-42","Building","1",1,"Yes",,"1e+05"
"19-25-83-42","Refrigerator","1",1,"Yes",,"2000"
"19-25-83-42","Television","1",1,"Yes",,"1500"
"19-25-83-42","Plastic chairs","5",2,"Yes",,"50"
"52-70-09-40","Simple Mobile Phone","1",1,"Yes",,"100"
"52-70-09-40","Smart Phone","2",0,,,"450"
"52-70-09-40","Building","1",1,"Yes",,"60000"
"52-70-09-40","Electric Stove","1",1,"Yes",,"150"
"52-70-09-40","Refrigerator","1",1,"Yes",,"3500"
"52-70-09-40","Radio","1",0,"Yes",,"300"
"52-70-09-40","Plastic chairs","4",4,"Yes",,"50"
"52-70-09-40","Wheelbarrow","1",1,"Yes",,"950"
"14-14-61-40","Simple Mobile Phone","2",2,"Yes",,"60"
"14-14-61-40","Smart Phone","2",1,,,"900"
"14-14-61-40","Gas or Paraffin Stove","1",1,,,"800"
"14-14-61-40","Microwave","1",1,,,"700"
"14-14-61-40","Refrigerator","1",1,,,"1500"
"14-14-61-40","Television","1",1,,,"800"
"14-14-61-40","Plastic chairs","4",5,,,"50"
"79-24-47-25","Simple Mobile Phone","1",2,"Yes",,"100"
"79-24-47-25","Smart Phone","1",0,,,"300"
"79-24-47-25","Building","2",1,"Yes",,"95000"
"79-24-47-25","Refrigerator","1",1,"Yes",,"500"
"79-24-47-25","Solar panel","1",0,"Yes",,"100"
"98-74-77-48","Simple Mobile Phone","1",1,,,"100"
"98-74-77-48","Smart Phone","1",1,"Yes",,"600"
"98-74-77-48","Building","1",1,"Yes",,"95000"
"98-74-77-48","Electric Stove","1",1,"Yes",,"150"
"98-74-77-48","Radio","1",1,"Yes",,"350"
"98-74-77-48","Television","1",1,"Yes",,"800"
"98-74-77-48","Plastic chairs","2",1,"Yes",,"15"
"45-71-76-98","Smart Phone","1",1,"Yes",,"1000"
"45-71-76-98","Motor vehicle","1",1,"Yes",,"30000"
"45-71-76-98","Building","1",1,"Yes",,"90000"
"45-71-76-98","Electric Stove","1",1,"Yes",,"200"
"45-71-76-98","Refrigerator","1",1,"Yes",,"1300"
"45-71-76-98","Television","1",1,"Yes",,"900"
"45-71-76-98","Plastic chairs","5",5,"Yes",,"35"
"07-23-89-71","Building","1",1,"Yes",,"I don't know"
"07-23-89-71","Electric Stove","1",1,"Yes",,"700"
"07-23-89-71","Gas or Paraffin Stove","1",1,"Yes",,"700"
"07-23-89-71","Microwave","1",1,"Yes",,"600"
"07-23-89-71","Refrigerator","1",1,"Yes",,"1200"
"07-23-89-71","Radio","1",0,"Yes",,"4500"
"07-23-89-71","Television","1",0,"Yes",,"5000"
"07-23-89-71","Computer- laptop or desktop","1",0,"Yes",,"3500"
"07-23-89-71","Living room furniture set","1",0,"Yes",,"1500"
"07-23-89-71","Plastic chairs","3",4,"Yes",,"20"
"07-23-89-71","Wheelbarrow","1",1,"Yes",,"200"
"07-23-89-71","Solar panel","1",1,"Yes",,"1300"
"05-94-07-12","Simple Mobile Phone","1",1,"Yes",,"I don't know"
"05-94-07-12","Building","1",1,"Yes",,"I don't know"
"05-94-07-12","Plastic chairs","4",4,"Yes",,"I don't know"
"58-90-20-54","Simple Mobile Phone","2",2,"Yes",,"50"
"58-90-20-54","Smart Phone","2",1,,,"1000"
"58-90-20-54","Building","1",1,,,"150000"
"58-90-20-54","Gas or Paraffin Stove","3",3,,,"700"
"58-90-20-54","Microwave","1",1,,,"1200"
"58-90-20-54","Refrigerator","1",1,,,"800"
"58-90-20-54","Radio","1",1,,,"2800"
"58-90-20-54","Plastic chairs","5",0,,,"50"
"58-90-20-54","Wheelbarrow","1",1,,,"50"
"58-90-20-54","Solar panel","2",2,,,"150"
"58-90-20-54","Battery bank","1",1,,,"50"
"50-03-32-43","Simple Mobile Phone","1",1,,,"60"
"50-03-32-43","Smart Phone","3",3,"Yes",,"1400"
"50-03-32-43","Motor vehicle","1",1,"Yes",,"28000"
"50-03-32-43","Electric Stove","1",1,"Yes",,"1000"
"50-03-32-43","Gas or Paraffin Stove","1",1,"Yes",,"1000"
"50-03-32-43","Microwave","1",1,"Yes",,"900"
"50-03-32-43","Refrigerator","1",1,"Yes",,"1500"
"50-03-32-43","Washing Machine","1",1,"Yes",,"2000"
"50-03-32-43","Radio","1",1,"Yes",,"600"
"50-03-32-43","Television","1",1,"Yes",,"1500"
"50-03-32-43","Computer- laptop or desktop","1",1,"Yes",,"2000"
"50-03-32-43","Living room furniture set","1",1,"Yes",,"3000"
"50-03-32-43","Plastic chairs","5",7,"Yes",,"70"
"50-03-32-43","Wheelbarrow","1",1,"Yes",,"300"
"62-49-02-44","Simple Mobile Phone","4",0,"Yes",,"50"
"62-49-02-44","Smart Phone","2",0,,,"300"
"62-49-02-44","Building","8",8,"Yes",,"20000"
"62-49-02-44","Electric Stove","3",1,"Yes",,"150"
"62-49-02-44","Gas or Paraffin Stove","1",1,"Yes",,"500"
"62-49-02-44","Microwave","1",1,"Yes",,"500"
"62-49-02-44","Refrigerator","3",1,"Yes",,"800"
"62-49-02-44","Radio","1",0,,,"500"
"62-49-02-44","Plastic chairs","10",4,"Yes",,"20"
"75-29-94-40","Simple Mobile Phone","1",1,,,"150"
"75-29-94-40","Smart Phone","2",2,,,"900"
"75-29-94-40","Building","2",2,,,"10000"
"75-29-94-40","Electric Stove","1",1,,,"200"
"75-29-94-40","Gas or Paraffin Stove","1",1,,,"400"
"75-29-94-40","Radio","1",1,,,"800"
"75-29-94-40","Television","1",1,,,"1200"
"75-29-94-40","Living room furniture set","2",1,,,"500"
"75-29-94-40","Plastic chairs","6",6,,,"40"
"75-29-94-40","Wheelbarrow","1",1,,,"300"
