interview__key,r_members__id,live_here,absence_res,absence_res_oth,ha03,ha_rel,age,marital,ha07,religio,religio_1,educ1,educ2,school_attnd,school_attnd_oth,educ3,ex_student,year_graduate,study_program,emp_member,Ibr3,lbr13
"30-84-56-78",1,12,,"","Male","Self/Head","35","Never Married","Motawana","Protestant demoninantions (incl all non-catholic denominations)","","University level",,,"",,"MULTIMEDIA UNIVERSITY IN MALAYSIA","2015","BA(hons)BROADCASTING AND JOURNALISM","Yes","Yes","No"
"30-84-56-78",2,12,,"","Female","Sister/Brother","37",,"MOTAWANA",,"","Form 3","No","Completed desired schooling","",,"","","","Yes","Yes","No"
"30-84-56-78",3,12,,"","Male","Niece/Nephew","16",,"MOTAWANA",,"","Standard 7","Yes",,"",,"","","","No",,
"30-84-56-78",4,12,,"","Female","Niece/Nephew","8",,"MOTAWANA",,"","Standard 2","Yes",,"",,"","","",,,
"30-84-56-78",5,12,,"","Female","Niece/Nephew","10",,"MOTAWANA",,"","Standard 5","Yes",,"",,"","","",,,
"25-36-49-99",1,12,,"","Female","Wife/Husband","70",,"Mosobeya",,"","Standard 7","No","Sickness or calamity in family","",,"","","","No",,
"25-36-49-99",2,12,,"","Male","Wife/Husband","77",,"Mosobeya",,"","Standard 7","No","Sickness or calamity in family","",,"","","","No",,
"25-36-49-99",3,12,,"","Male","Child/Adopted Child","41",,"Mosobeya",,"","University level",,,"",,"Gaborone Institute of Professional Studies","2006","Don't know","No",,
"25-36-49-99",4,12,,"","Male","Grandchild","37",,"Mosobeya",,"","Form 3","No","Not willing to attend further","",,"","","","No",,
"25-36-49-99",5,12,,"","Male","Grandchild","26",,"Mosobeya",,"","Form 3","No","Had to help at home","",,"","","","Yes","Yes","No"
"95-91-52-45",1,12,,"","Male","Self/Head","62","Never Married","Basarwa","Non-religious","","No formal education","No","Other","The education department is delaying to assist him with the process.",,"","","","No",,
"95-91-52-45",2,12,,"","Male","Child/Adopted Child","19",,"Basarwa",,"","Standard 7","Yes",,"",,"","","","No",,
"95-91-52-45",3,12,,"","Female","Child/Adopted Child","8",,"Basarwa",,"","Nursey/ Kindergarten/ECD","Yes",,"",,"","","",,,
"25-55-41-68",1,12,,"","Female","Self/Head","47","Never Married","Kalanga","Other➡️ Please specify","Christianity Zion church","Form 2","No","Completed desired schooling","",,"","","","Yes","Yes","No"
"25-55-41-68",2,4,"Members that left - Education","","Female","Sister/Brother","21",,"Kalanga",,"","University level",,,"",,"university of Botswana","2022","Special education teaching","Yes","Yes","No"
"25-55-41-68",3,12,,"","Female","Son/Daughter-In-Law","14",,"Kalanga",,"","Standard 1","Yes",,"",,"","","","No",,
"25-55-41-68",4,3,"New arrivals - Bad living conditions at home","","Male","Niece/Nephew","12",,"Kalanga",,"","Standard 5","Yes",,"",,"","","","No",,
"16-89-26-77",1,7,"New arrivals - Other economic reasons","","Female","Wife/Husband","35",,"Basubiya",,"","Form 3","No","Poor academic progress","",,"","","","No",,
"16-89-26-77",2,7,"New arrivals - Other economic reasons","","Male","Wife/Husband","45",,"Babirwa",,"","Form 2","No","Poor academic progress","",,"","","","No",,
"16-89-26-77",3,7,"New arrivals - New born","","Female","Child/Adopted Child","3",,"Babirwa",,"",,"No","Other","Too young",,"","","",,,
"32-98-78-03",1,12,,"","Female","Self/Head","46","Never Married","Basarwa","Protestant demoninantions (incl all non-catholic denominations)","","Standard 7","No","Sickness or calamity in family","",,"","","","No",,
"32-98-78-03",2,12,,"","Female","Sister/Brother","36",,"Basarwa",,"","No formal education","No","Not willing to attend further","",,"","","","No",,
"32-98-78-03",3,12,,"","Female","Sister/Brother","33",,"Basarwa",,"","Form 3","No","Poor academic progress","",,"","","","No",,
"32-98-78-03",4,12,,"","Female","Child/Adopted Child","17",,"Basarwa",,"","Standard 7","Yes",,"",,"","","","No",,
"32-98-78-03",5,12,,"","Male","Child/Adopted Child","17",,"Basarwa",,"","Form 2","Yes",,"",,"","","","No",,
"76-60-63-85",1,12,,"","Female","Self/Head","62","Widow/ Widower","Ngwato","Protestant demoninantions (incl all non-catholic denominations)","","Standard 7","No","I don't Know","",,"","","","Yes","No","Yes"
"76-60-63-85",2,12,,"","Female","Child/Adopted Child","38",,"Hambukushu",,"","Form 2","No","I don't Know","",,"","","","No",,
"76-60-63-85",3,12,,"","Male","Child/Adopted Child","34",,"Hambukushu",,"","Form 2","No","I don't Know","",,"","","","Yes","Yes","No"
"76-60-63-85",4,12,,"","Male","Child/Adopted Child","26",,"Hambukushu",,"","Form 5","No","Completed desired schooling","",,"","","","No",,
"56-53-87-19",1,12,,"","Male","Self/Head","45","Never Married","Tawana","Catholic","","Form 3","No","Poor academic progress","",,"","","","No",,
"17-45-76-38",1,12,,"","Female","Self/Head","73","Never Married","Basubiya","Protestant demoninantions (incl all non-catholic denominations)","","No formal education","No","Had to help with family","",,"","","","No",,
"17-45-76-38",2,1,"Members that left - Started own household","","Female","Grandchild","18",,"basubiya",,"","Form 3","No","Further schooling not available","",,"","","","No",,
"17-45-76-38",3,1,"Members that left - Started own household","","Female","Grandchild","22",,"basubiya",,"","Form 5","No","Further schooling not available","",,"","","","Yes","Yes","No"
"17-45-76-38",4,1,"New arrivals - New born","","Male","Grandchild","1",,"basubiya",,"",,"No","Other","he is still a baby",,"","","",,,
"25-00-79-64",1,12,,"","Male","Sister/Brother","34",,"basubiya",,"","Form 5","No","Completed desired schooling","",,"","","","Yes","Yes","No"
"25-00-79-64",3,12,,"","Male","Niece/Nephew","26",,"basubiya",,"","Other educational training","No","Completed desired schooling","",,"","","","No",,
"25-00-79-64",5,12,,"","Female","Niece/Nephew","3",,"basubiya",,"",,"Yes",,"",1000,"","","",,,
"49-47-26-23",1,12,,"","Male","Sister/Brother","57",,"Basarwa",,"","Form 3","No","Poor academic progress","",,"","","","No",,
"49-47-26-23",2,12,,"","Male","Niece/Nephew","7",,"Basarwa",,"","Standard 2","Yes",,"",,"","","",,,
"49-47-26-23",3,12,,"","Female","Niece/Nephew","6",,"Basarwa",,"","Nursey/ Kindergarten/ECD","Yes",,"",,"","","",,,
"49-47-26-23",4,12,,"","Male","Niece/Nephew","6",,"Basarwa",,"","Nursey/ Kindergarten/ECD","Yes",,"",,"","","",,,
"49-47-26-23",5,12,,"","Female","Niece/Nephew","4",,"Basarwa",,"",,"No","Other","still young",,"","","",,,
"49-47-26-23",6,12,,"","Male","Niece/Nephew","5",,"Basarwa",,"","No formal education","No","Other","still young",,"","","",,,
"49-47-26-23",7,12,,"","Female","Niece/Nephew","2",,"basarwa",,"",,"No","Other","still young",,"","","",,,
"66-81-51-91",1,5,"New arrivals - To look for work","","Female","Self/Head","21","Never Married","Kalanga","Protestant demoninantions (incl all non-catholic denominations)","","Form 5","No","Too expensive","",,"","","","Yes","Yes","No"
"66-81-51-91",2,5,"New arrivals - To look for work","","Female","Sister/Brother","25",,"Kalanga",,"","Form 5","No","Had to help at home","",,"","","","Yes","Yes","No"
"66-81-51-91",3,5,"New arrivals - Education","","Male","Niece/Nephew","11",,"Kalanga",,"","Standard 3","Yes",,"",,"","","","No",,
"66-81-51-91",4,5,"New arrivals - Education","","Male","Niece/Nephew","7",,"Kalanga",,"","No formal education","Yes",,"",,"","","",,,
"66-81-51-91",5,5,"New arrivals - To escape insecurity from home area","","Male","Niece/Nephew","1",,"Mosubiya",,"",,"No","Other","Minor",,"","","",,,
"02-25-80-90",1,12,,"","Female","Self/Head","59","Widow/ Widower","Mosubiya","Protestant demoninantions (incl all non-catholic denominations)","","Standard 7","No","Had to help with family","",,"","","","No",,
"02-25-80-90",2,12,,"","Male","Child/Adopted Child","43",,"Mosubiya",,"","Form 2","No","Completed desired schooling","",,"","","","Yes","Yes","No"
"02-25-80-90",3,12,,"","Female","Child/Adopted Child","29",,"Mosubiya",,"","Form 5","No","Pregnancy","",,"","","","Yes","Yes","No"
"02-25-80-90",4,12,,"","Male","Grandchild","7",,"Mokalaka",,"","Standard 2","Yes",,"",,"","","",,,
"02-25-80-90",5,12,,"","Male","Grandchild","5",,"Mosubiya",,"","Nursey/ Kindergarten/ECD","Yes",,"",0,"","","",,,
"41-03-53-12",1,12,,"","Male","Self/Head","33","Never Married","subiya","Catholic","","Form 5","No","Poor academic progress","",,"","","","No",,
"41-03-53-12",2,12,,"","Female","Other Non-Relative","34",,"Mokalaka",,"","Form 3","No","Poor academic progress","",,"","","","No",,
"41-03-53-12",3,12,,"","Female","Child/Adopted Child","3",,"Subiya",,"",,"No","Other","Still young",,"","","",,,
"09-25-62-80",1,12,,"","Male","Self/Head","73","Married monogamously","Mokalaka","Catholic","","No formal education","No","Other","Ancestral calling",,"","","","No",,
"09-25-62-80",2,12,,"","Female","Wife/Husband","67",,"Mokgatla",,"","Standard 7","No","Too expensive","",,"","","","No",,
"09-25-62-80",3,12,,"","Male","Child/Adopted Child","35",,"Mokalaka",,"","Form 3","No","Other","ancestral calling",,"","","","No",,
"09-25-62-80",4,12,,"","Male","Child/Adopted Child","33",,"Mokalaka",,"","Form 2","No","Other","ancestral calling",,"","","","No",,
"09-25-62-80",5,12,,"","Female","Child/Adopted Child","29",,"Mokalaka",,"","Form 3","No","Other","ancestral calling",,"","","","No",,
"09-25-62-80",6,12,,"","Female","Grandchild","7",,"Mokalaka",,"","Standard 2","Yes",,"",,"","","",,,
"09-25-62-80",7,12,,"","Male","Grandchild","1",,"Mokalaka",,"",,"No","Other","he is too young",,"","","",,,
"12-68-96-23",1,12,,"","Male","Self/Head","29","Never Married","Mokgatla","Other➡️ Please specify","Christianity","Form 5","No","Poor academic progress","",,"","","","Yes","Yes","No"
"12-68-96-23",2,12,,"","Female","Other Non-Relative","26",,"Mokgalagadi",,"","Standard 3","No","Poor academic progress","",,"","","","Yes","Yes","No"
"12-68-96-23",3,12,,"","Male","Child/Adopted Child","8",,"Mokgalagadi",,"","Standard 1","Yes",,"",,"","","",,,
"46-89-61-94",1,12,,"","Female","Self/Head","66","Divorced /Separated","Mokalaka","Protestant demoninantions (incl all non-catholic denominations)","","Form 2","No","Not willing to attend further","",,"","","","Yes","Yes","No"
"46-89-61-94",2,9,"Members that left - Looking for work elsewhere","","Female","Child/Adopted Child","45",,"Mongwato",,"","Standard 3","No","Not willing to attend further","",,"","","","No",,
"46-89-61-94",3,12,,"","Male","Child/Adopted Child","31",,"Mongwato",,"","Standard 5","No","Too expensive","",,"","","","No",,
"46-89-61-94",4,12,,"","Male","Grandchild","10",,"Mongwato",,"","Standard 5","Yes",,"",,"","","",,,
"46-89-61-94",5,12,,"","Male","Grandchild","4",,"Mongwato",,"",,"Yes",,"",50,"","","",,,
"36-57-98-87",1,12,,"","Female","Self/Head","64","Widow/ Widower","Basubiya","Protestant demoninantions (incl all non-catholic denominations)","","Standard 7","No","Other","My school days are over, I am an elderly woman",,"","","","Yes","Yes","Yes"
"36-57-98-87",2,12,,"","Male","Grandchild","13",,"Basubiya",,"","Standard 7","Yes",,"",,"","","","No",,
"36-57-98-87",3,12,,"","Male","Grandchild","11",,"Mosubiya",,"","Standard 5","Yes",,"",,"","","","No",,
"36-57-98-87",4,12,,"","Male","Grandchild","9",,"Mosubiya",,"","Standard 4","Yes",,"",,"","","",,,
"36-57-98-87",5,12,,"","Female","Grandchild","7",,"Mosubiya",,"","Standard 2","Yes",,"",,"","","",,,
"36-57-98-87",6,12,,"","Male","Grandchild","1",,"Mosubiya",,"",,"No","Other","under age",,"","","",,,
"93-61-95-87",1,12,,"","Female","Self/Head","59","Widow/ Widower","Hambukushu","Protestant demoninantions (incl all non-catholic denominations)","","Standard 3","No","Had to help at home","",,"","","","Yes","Yes","No"
"93-61-95-87",2,12,,"","Male","Grandchild","9",,"Hambukushu",,"","Standard 2","Yes",,"",,"","","",,,
"93-61-95-87",3,12,,"","Male","Niece/Nephew","12",,"Hambukushu",,"","Standard 7","Yes",,"",,"","","","No",,
"93-61-95-87",4,12,,"","Male","Child/Adopted Child","22",,"Hambukushu",,"","Form 3","No","Poor academic progress","",,"","","","Yes","Yes","No"
"93-61-95-87",5,12,,"","Male","Child/Adopted Child","42",,"Hambukushu",,"","Form 2","No","Poor academic progress","",,"","","","No",,
"72-10-49-63",1,12,,"","Male","Self/Head","44","Married monogamously","MOSUBIA","Protestant demoninantions (incl all non-catholic denominations)","","Form 2","No","Completed desired schooling","",,"","","","Yes","Yes","Yes"
"72-10-49-63",2,12,,"","Female","Wife/Husband","43",,"Morolong",,"","University level",,,"",,"LIMKOKWING UNIVERSITY OF CREATIVE TECHNOLOGY","2012","TOURISM AND HOSPITALITY","No",,
"72-10-49-63",3,4,"Members that left - Education","","Male","Child/Adopted Child","14",,"Mosubia",,"","Form 3","Yes",,"",,"","","","No",,
"65-98-70-74",1,12,,"","Female","Wife/Husband","46",,"Subiya",,"","Form 3","No","Too expensive","",,"","","","No",,
"65-98-70-74",2,12,,"","Male","Self/Head","47","Never Married","San","Catholic","","Form 3","No","Too expensive","",,"","","","Yes","Yes","No"
"65-98-70-74",3,12,,"","Female","Child/Adopted Child","30",,"Subiya",,"","Form 3","No","Other","She is currently working",,"","","","Yes","Yes","No"
"65-98-70-74",4,12,,"","Male","Child/Adopted Child","26",,"Subiya",,"","Form 3","No","Too expensive","",,"","","","No",,
"65-98-70-74",5,12,,"","Male","Grandchild","13",,"San",,"","Standard 6","Yes",,"",,"","","","No",,
"65-98-70-74",6,12,,"","Female","Grandchild","9",,"Basarwa",,"","Standard 4","Yes",,"",,"","","",,,
"65-98-70-74",7,12,,"","Female","Child/Adopted Child","6",,"San",,"","Nursey/ Kindergarten/ECD","Yes",,"",,"","","",,,
"65-98-70-74",8,12,,"","Male","Grandchild","3",,"Shona",,"",,"No","I don't Know","",,"","","",,,
"71-09-05-63",1,12,,"","Female","Self/Head","69","Never Married","Mbukushu","Protestant demoninantions (incl all non-catholic denominations)","","No formal education","No","Too expensive","",,"","","","No",,
"71-09-05-63",2,12,,"","Female","Child/Adopted Child","38",,"Mokoba",,"","Standard 7","No","Pregnancy","",,"","","","Yes","Yes","No"
"71-09-05-63",3,12,,"","Male","Child/Adopted Child","43",,"Mokoba",,"","No formal education","No","Not willing to attend further","",,"","","","Yes","Yes","No"
"71-09-05-63",4,12,,"","Male","Child/Adopted Child","38",,"Mokoba",,"","Form 3","No","Poor academic progress","",,"","","","Yes","Yes","No"
"71-09-05-63",5,12,,"","Female","Child/Adopted Child","36",,"Mokoba",,"","Form 3","No","Too expensive","",,"","","","Yes","Yes","No"
"71-09-05-63",6,12,,"","Male","Grandchild","33",,"Mokoba",,"","Form 3","No","Poor academic progress","",,"","","","Yes","Yes","No"
"81-05-32-56",1,8,"Members that left - Other (Specify)","Has another house at the home village","Female","Self/Head","71","Never Married","Basubiya","Protestant demoninantions (incl all non-catholic denominations)","","Standard 7","No","Completed desired schooling","",,"","","","Yes","Yes","Yes"
"81-05-32-56",2,12,,"","Male","Child/Adopted Child","41",,"Rastafarian",,"","Form 5","No","Completed desired schooling","",,"","","","No",,
"81-05-32-56",3,5,"New arrivals - Other economic reasons","","Male","Child/Adopted Child","33",,"Subiya",,"","Standard 5","No","Completed desired schooling","",,"","","","Yes","Yes","Yes"
"30-09-94-93",1,12,,"","Female","Self/Head","66","Widow/ Widower","Kalanga","Protestant demoninantions (incl all non-catholic denominations)","","Form 3","No","Completed desired schooling","",,"","","","Yes","Yes","No"
"30-09-94-93",2,12,,"","Female","Other Relative","50",,"Kalanga",,"","Standard 7","No","Completed desired schooling","",,"","","","Yes","Yes","Yes"
"30-09-94-93",3,12,,"","Female","Grandchild","24",,"Kalanga",,"","Form 3","No","Too expensive","",,"","","","Yes","Yes","No"
"30-09-94-93",4,12,,"","Female","Grandchild","23",,"Kalanga",,"","Form 5","Yes",,"",,"","","","Yes","Yes","No"
"30-09-94-93",5,12,,"","Female","Grandchild","14",,"Kalanga",,"","Standard 7","Yes",,"",,"","","","No",,
"30-09-94-93",6,12,,"","Female","Grandchild","2",,"Kalanga",,"",,"No","Other","She is minor",,"","","",,,
"30-09-94-93",7,12,,"","Female","Grandchild","1",,"Mmirwa",,"",,"No","Other","She is a minor",,"","","",,,
"85-23-91-16",1,7,"New arrivals - Bad living conditions at home","","Male","Self/Head","41","Married monogamously","Subiya","Non-religious","","Form 4","No","Poor academic progress","",,"","","","Yes","Yes","Yes"
"53-06-23-41",1,12,,"","Male","Self/Head","37","Never Married","kalanga","Protestant demoninantions (incl all non-catholic denominations)","","Form 3","No","Poor academic progress","",,"","","","Yes","Yes","No"
"53-06-23-41",2,12,,"","Female","Wife/Husband","26",,"molete",,"","Form 3","No","Poor academic progress","",,"","","","No",,
"53-06-23-41",3,6,"New arrivals - New born","","Male","Child/Adopted Child","Less than 1 year",,"kalanga",,"",,"No","Other","still a baby",,"","","",,,
"53-06-23-41",4,12,,"","Male","Child/Adopted Child","5",,"kalanga",,"","No formal education","No","Other","awaiting to Start school",,"","","",,,
"93-66-25-28",1,12,,"","Male","Self/Head","42","Never Married","Kalanga","Other➡️ Please specify","Christianity","Form 2","No","Poor academic progress","",,"","","","Yes","Yes","No"
"93-66-25-28",2,12,,"","Female","Other Non-Relative","44",,"Kalanga",,"","Form 5","No","Poor academic progress","",,"","","","Yes","Yes","No"
"93-66-25-28",3,12,,"","Male","Child/Adopted Child","10",,"Kalanga",,"","Standard 3","Yes",,"",,"","","",,,
"43-14-97-16",1,12,,"","Female","Self/Head","86","Widow/ Widower","Basubiya","African Traditional religion","","No formal education","No","Had to help with family","",,"","","","No",,
"43-14-97-16",2,12,,"","Female","Child/Adopted Child","57",,"Basubiya",,"","Standard 7","No","Poor academic progress","",,"","","","No",,
"43-14-97-16",3,12,,"","Female","Son/Daughter-In-Law","20",,"Basubiya",,"","Form 3","No","Poor academic progress","",,"","","","No",,
"43-14-97-16",4,12,,"","Male","Son/Daughter-In-Law","19",,"Basubiya",,"","Form 2","Yes",,"",,"","","","No",,
"49-90-63-33",1,12,,"","Female","Self/Head","48","Never Married","Subiya","Protestant demoninantions (incl all non-catholic denominations)","","No formal education","No","Had to help at home","",,"","","","No",,
"49-90-63-33",2,12,,"","Female","Niece/Nephew","25",,"Subiya",,"","University level",,,"",,"Botho","2021","Information Technology","No",,
"49-90-63-33",3,12,,"","Male","Child/Adopted Child","30",,"Subiya",,"","Standard 5","No","Too expensive","",,"","","","Yes","Yes","No"
"49-90-63-33",4,12,,"","Male","Child/Adopted Child","23",,"Subiya",,"","Standard 5","No","Poor academic progress","",,"","","","No",,
"49-90-63-33",5,12,,"","Female","Other Non-Relative","28",,"Hambukushu",,"","Standard 3","No","Too expensive","",,"","","","Yes","Yes","No"
"68-84-82-12",1,12,,"","Female","Self/Head","67","Widow/ Widower","Monanjwa","Catholic","","No formal education","No","Had to help with family","",,"","","","No",,
"68-84-82-12",2,12,,"","Female","Child/Adopted Child","43",,"Mosobeya",,"","No formal education","No","Sickness or calamity in family","",,"","","","No",,
"68-84-82-12",3,12,,"","Male","Child/Adopted Child","40",,"Mosobeya",,"","Standard 3","No","Poor academic progress","",,"","","","Yes","Yes","No"
"68-84-82-12",4,12,,"","Female","Child/Adopted Child","33",,"Mosobeya",,"","Standard 5","No","Too expensive","",,"","","","No",,
"68-84-82-12",5,11,"New arrivals - Education","","Male","Grandchild","18",,"Mosobeya",,"","Standard 5","Yes",,"",,"","","","No",,
"68-84-82-12",6,12,,"","Female","Grandchild","14",,"Mosarwa",,"","Standard 2","Yes",,"",,"","","","No",,
"68-84-82-12",7,12,,"","Male","Grandchild","13",,"Mokalaka",,"","Standard 1","Yes",,"",,"","","","No",,
"68-84-82-12",8,12,,"","Female","Grandchild","12",,"Mosobeya",,"","Standard 7","Yes",,"",,"","","","No",,
"68-84-82-12",9,12,,"","Female","Son/Daughter-In-Law","32",,"Motawana",,"","University level",,,"",,"Both University","2015","Information Technology","No",,
"68-84-82-12",10,12,,"","Male","Grandchild","1",,"Mosobeya",,"",,"No","Too expensive","",,"","","",,,
"25-99-22-65",1,12,,"","Female","Self/Head","45","Never Married","Subiya","Other➡️ Please specify","Christianity","Form 2","No","Poor academic progress","",,"","","","Yes","Yes","No"
"25-99-22-65",2,12,,"","Female","Sister/Brother","39",,"subiya",,"","Form 5","No","Poor academic progress","",,"","","","Yes","Yes","No"
"25-99-22-65",3,12,,"","Female","Sister/Brother","37",,"Subiya",,"","Form 3","No","Poor academic progress","",,"","","","Yes","Yes","No"
"25-99-22-65",4,12,,"","Male","Child/Adopted Child","26",,"subiya",,"","Form 5","No","Poor academic progress","",,"","","","No",,
"25-99-22-65",5,12,,"","Male","Child/Adopted Child","12",,"subiya",,"","Standard 5","Yes",,"",,"","","","No",,
"25-99-22-65",6,12,,"","Female","Niece/Nephew","6",,"subiya",,"","Standard 1","Yes",,"",,"","","",,,
"86-16-04-54",1,12,,"","Female","Self/Head","74","Never Married","Subiya","Protestant demoninantions (incl all non-catholic denominations)","","Standard 7","No","Too far away","",,"","","","Yes","Yes","No"
"86-16-04-54",2,12,,"","Female","Grandchild","20",,"Subiya",,"","Other educational training","No","Poor academic progress","",,"","","","No",,
"86-16-04-54",3,3,"New arrivals - Returned home from abduction/displacement","","Male","Grandchild","19",,"Subiya",,"","Form 3","No","Sickness or calamity in family","",,"","","","No",,
"42-95-35-09",1,12,,"","Female","Self/Head","67","Widow/ Widower","HAMBUKUSHU","Protestant demoninantions (incl all non-catholic denominations)","","Standard 6","Yes",,"",,"","","","Yes","Yes","No"
"42-95-35-09",2,12,,"","Male","Child/Adopted Child","39",,"SUBIYA",,"","Form 3","No","Poor academic progress","",,"","","","Yes","Yes","No"
"42-95-35-09",3,12,,"","Male","Child/Adopted Child","41",,"SUBIYA",,"","Form 3","No","Poor academic progress","",,"","","","No",,
"54-69-26-46",1,12,,"","Female","Self/Head","63","Widow/ Widower","Ngwato","Protestant demoninantions (incl all non-catholic denominations)","","Standard 6","No","Too far away","",,"","","","No",,
"54-69-26-46",2,12,,"","Female","Grandchild","30",,"Kalanga",,"","Form 3","No","Poor academic progress","",,"","","","No",,
"92-23-96-13",1,12,,"","Female","Self/Head","46","Never Married","Subiya","Protestant demoninantions (incl all non-catholic denominations)","","Form 5","No","Poor academic progress","",,"","","","Yes","Yes","No"
"92-23-96-13",2,12,,"","Female","Child/Adopted Child","13",,"subiya",,"","Form 2","Yes",,"",,"","","","No",,
"92-23-96-13",3,12,,"","Female","Niece/Nephew","13",,"subiya",,"","Form 1","Yes",,"",,"","","","No",,
"22-90-51-93",1,12,,"","Male","Self/Head","36","Never Married","kalanga","Protestant demoninantions (incl all non-catholic denominations)","","Form 3","No","Completed desired schooling","",,"","","","No",,
"22-90-51-93",2,12,,"","Male","Niece/Nephew","37",,"kalanga",,"","Form 5","No","Too expensive","",,"","","","Yes","Yes","No"
"15-81-26-28",1,12,,"","Female","Wife/Husband","33",,"hambukushu",,"","Form 3","No","Poor academic progress","",,"","","","No",,
"15-81-26-28",2,12,,"","Male","Self/Head","43","Never Married","Nambya","African Traditional religion","","Form 5","No","Poor academic progress","",,"","","","Yes","Yes","No"
"15-81-26-28",3,12,,"","Male","Child/Adopted Child","4",,"Hambukushu",,"",,"No","Other","awaiting to start next year",,"","","",,,
"15-81-26-28",4,10,"New arrivals - New born","","Male","Child/Adopted Child","Less than 1 year",,"Hambukushu",,"",,"No","Other","Still a baby",,"","","",,,
"20-52-90-88",1,12,,"","Female","Self/Head","71","Never Married","Subiya","Protestant demoninantions (incl all non-catholic denominations)","","Form 2","No","Completed desired schooling","",,"","","","No",,
"20-52-90-88",2,12,,"","Female","Child/Adopted Child","40",,"Subiya",,"","Form 5","No","Had to help at home","",,"","","","Yes","Yes","No"
"20-52-90-88",3,12,,"","Female","Child/Adopted Child","38",,"Subiya",,"","Form 5","No","I don't Know","",,"","","","No",,
"20-52-90-88",4,12,,"","Male","Grandchild","7",,"Subiya",,"","Standard 1","Yes",,"",,"","","",,,
"35-31-07-84",1,12,,"","Female","Child/Adopted Child","52",,"Subiya",,"","Other educational training","No","Poor academic progress","",,"","","","No",,
"35-31-07-84",2,12,,"","Female","Self/Head","70","Widow/ Widower","Subiya","African Traditional religion","","Standard 7","No","Further schooling not available","",,"","","","No",,
"35-31-07-84",3,12,,"","Male","Grandchild","23",,"Subiya",,"","Form 5","No","Poor academic progress","",,"","","","No",,
"35-31-07-84",4,12,,"","Male","Grandchild","8",,"Subiya",,"","Standard 3","Yes",,"",,"","","",,,
"35-31-07-84",5,9,"New arrivals - Other economic reasons","","Female","Grandchild","33",,"Subiya",,"","Form 5","Yes",,"",,"","","","Yes","Yes","No"
"09-47-23-08",1,12,,"","Female","Self/Head","47","Never Married","Subiya","Protestant demoninantions (incl all non-catholic denominations)","","Form 3","No","Had to help at home","",,"","","","Yes","Yes","No"
"09-47-23-08",2,12,,"","Male","Wife/Husband","60",,"San",,"","Standard 4","No","Completed desired schooling","",,"","","","No",,
"09-47-23-08",3,12,,"","Male","Child/Adopted Child","28",,"Subiya",,"","Form 3","No","Too expensive","",,"","","","No",,
"09-47-23-08",4,12,,"","Male","Child/Adopted Child","13",,"Subiya",,"","Standard 7","Yes",,"",,"","","","No",,
"03-49-16-10",1,12,,"","Female","Other Non-Relative","30",,"Subiya",,"","Form 2","No","Too expensive","",,"","","","Yes","Yes","No"
"03-49-16-10",2,12,,"","Male","Self/Head","31","Never Married","Kenyan","Protestant demoninantions (incl all non-catholic denominations)","","University level",,,"",,"Gaborone University","2020","Bachelor of Business Administration, in Occupational Health and Safety","Yes","Yes","No"
"65-48-87-48",1,12,,"","Female","Wife/Husband","49",,"kgalagadi",,"","Standard 7","No","Poor academic progress","",,"","","","No",,
"65-48-87-48",2,12,,"","Male","Self/Head","51","Married monogamously","subiya","African Traditional religion","","Standard 7","No","Poor academic progress","",,"","","","Yes","Yes","No"
"65-48-87-48",3,12,,"","Female","Child/Adopted Child","25",,"subiya",,"","Form 5","No","Poor academic progress","",,"","","","Yes","Yes","No"
"65-48-87-48",4,12,,"","Female","Child/Adopted Child","13",,"subiya",,"","Standard 7","Yes",,"",,"","","","No",,
"54-94-74-75",1,12,,"","Male","Self/Head","44","Never Married","subiya","Protestant demoninantions (incl all non-catholic denominations)","","Standard 7","No","Had to help with family","",,"","","","No",,
"54-94-74-75",2,12,,"","Female","Wife/Husband","41",,"San",,"","Standard 5","No","Had to help with family","",,"","","","Yes","Yes","No"
"54-94-74-75",3,12,,"","Female","Child/Adopted Child","9",,"Subiya",,"","Standard 3","Yes",,"",,"","","",,,
"70-40-01-04",1,12,,"","Female","Self/Head","30","Never Married","Ndebele","Protestant demoninantions (incl all non-catholic denominations)","","Standard 7","No","Completed desired schooling","",,"","","","Yes","Yes","No"
"70-40-01-04",2,12,,"","Female","Sister/Brother","37",,"tonga",,"","Form 3","No","Completed desired schooling","",,"","","","No",,
"33-37-06-20",1,12,,"","Female","Self/Head","27","Never Married","Subiya","Catholic","","Form 5","No","Not willing to attend further","",,"","","","No",,
"33-37-06-20",3,12,,"","Male","Sister/Brother","30",,"Subiya",,"","Form 5","No","Poor academic progress","",,"","","","No",,
"33-37-06-20",5,12,,"","Female","Sister/Brother","23",,"Subiya",,"","Form 5","No","Not willing to attend further","",,"","","","No",,
"33-37-06-20",6,12,,"","Male","Niece/Nephew","5",,"Subiya",,"","Nursey/ Kindergarten/ECD","Yes",,"",200,"","","",,,
"11-89-65-58",1,12,,"","Female","Self/Head","45","Never Married","Subiya","Other➡️ Please specify","christianity","Standard 7","No","Too expensive","",,"","","","Yes","Yes","No"
"11-89-65-58",2,12,,"","Female","Sister/Brother","42",,"subiya",,"","Form 3","No","Poor academic progress","",,"","","","Yes","Yes","No"
"11-89-65-58",3,12,,"","Female","Child/Adopted Child","26",,"subiya",,"","Form 3","No","Poor academic progress","",,"","","","No",,
"11-89-65-58",4,12,,"","Male","Niece/Nephew","22",,"subiya",,"","Form 3","No","Poor academic progress","",,"","","","No",,
"11-89-65-58",5,12,,"","Male","Child/Adopted Child","18",,"17",,"","Form 3","No","Other","use of drugs at school",,"","","","No",,
"11-89-65-58",6,12,,"","Female","Niece/Nephew","18",,"subiya",,"","Form 5","No","Other","passed form 5 and waiting to attend tertiary studies",,"","","","No",,
"11-89-65-58",7,12,,"","Female","Niece/Nephew","16",,"subiya",,"","Form 4","Yes",,"",,"","","","No",,
"11-89-65-58",8,12,,"","Male","Niece/Nephew","9",,"subiya",,"","Standard 4","Yes",,"",,"","","",,,
"11-89-65-58",9,12,,"","Female","Child/Adopted Child","8",,"subiya",,"","Standard 4","Yes",,"",,"","","",,,
"11-89-65-58",10,12,,"","Female","Child/Adopted Child","7",,"subiya",,"","Standard 2","Yes",,"",,"","","",,,
"11-89-65-58",11,12,,"","Male","Grandchild","2",,"subiya",,"",,"No","Too expensive","",,"","","",,,
"11-89-65-58",12,12,,"","Female","Niece/Nephew","4",,"subiya",,"",,"No","Too expensive","",,"","","",,,
"11-89-65-58",13,12,,"","Female","Child/Adopted Child","Less than 1 year",,"subiya",,"",,"No","Other","4 months old",,"","","",,,
"86-01-74-97",1,12,,"","Female","Wife/Husband","30",,"Mmirwa",,"","Form 3","No","Poor academic progress","",,"","","","Yes","Yes","No"
"86-01-74-97",2,12,,"","Male","Self/Head","37","Never Married","Subiya","Protestant demoninantions (incl all non-catholic denominations)","","Form 5","No","Poor academic progress","",,"","","","Yes","Yes","No"
"18-63-27-64",1,12,,"","Female","Wife/Husband","38",,"subiya",,"","Form 3","No","Poor academic progress","",,"","","","No",,
"18-63-27-64",2,12,,"","Male","Self/Head","48","Married monogamously","subiya","African Traditional religion","","Form 2","No","Poor academic progress","",,"","","","Yes","Yes","No"
"18-63-27-64",3,12,,"","Male","Child/Adopted Child","5",,"subiya",,"","No formal education","No","Other","still young",,"","","",,,
"18-63-27-64",4,12,,"","Male","Child/Adopted Child","10",,"subiya",,"","Standard 5","Yes",,"",,"","","",,,
"00-01-02-02",1,12,,"","Female","Self/Head","57","Widow/ Widower","Subiya!","Other➡️ Please specify","christianity","Standard 7","No","Further schooling not available","",,"","","","Yes","Yes","No"
"00-01-02-02",2,12,,"","Female","Child/Adopted Child","29",,"subiya",,"","University level",,,"",,"Gips","2017","Bachelor of business admin and marketing","No",,
"00-01-02-02",3,12,,"","Male","Child/Adopted Child","25",,"subiya",,"","Form 5","No","Poor academic progress","",,"","","","Yes","Yes","No"
"00-01-02-02",4,12,,"","Female","Child/Adopted Child","22",,"subiya",,"","Form 5","No","Poor academic progress","",,"","","","No",,
"00-01-02-02",5,12,,"","Female","Grandchild","5",,"subiya",,"","Nursey/ Kindergarten/ECD","Yes",,"",17000,"","","",,,
"00-01-02-02",6,4,"Members that left - Education","","Female","Niece/Nephew","15",,"subiya",,"","Form 1","Yes",,"",,"","","","No",,
"69-53-29-77",1,12,,"","Male","Wife/Husband","37",,"Mosobeya",,"","University level",,,"",,"Lancaster University","2013","Business management","Yes","Yes","No"
"69-53-29-77",2,12,,"","Female","Self/Head","35","Married monogamously","Mokalaka","Catholic","","Other educational training","No","Too expensive","",,"","","","No",,
"69-53-29-77",3,12,,"","Male","Father/Mother-In-Law","51",,"Mosobeya",,"","Standard 7","No","Completed desired schooling","",,"","","","No",,
"69-53-29-77",4,12,,"","Female","Child/Adopted Child","3",,"Mosobeya",,"",,"No","Too expensive","",,"","","",,,
"38-36-87-54",1,12,,"","Male","Self/Head","53","Never Married","subiya","Protestant demoninantions (incl all non-catholic denominations)","","Form 2","No","Completed desired schooling","",,"","","","Yes","Yes","No"
"38-36-87-54",2,12,,"","Female","Other Non-Relative","39",,"subiya",,"","No formal education","No","Completed desired schooling","",,"","","","No",,
"38-36-87-54",3,12,,"","Female","Child/Adopted Child","6",,"subiya",,"","Nursey/ Kindergarten/ECD","Yes",,"",,"","","",,,
"96-39-11-89",1,12,,"","Female","Sister/Brother","28",,"subiya",,"","Form 3","No","Poor academic progress","",,"","","","Yes","Yes","No"
"96-39-11-89",2,12,,"","Female","Self/Head","42","Married monogamously","subiya","African Traditional religion","","Form 5","No","Poor academic progress","",,"","","","Yes","Yes","No"
"96-39-11-89",3,12,,"","Female","Child/Adopted Child","7",,"subiya",,"","Standard 2","Yes",,"",,"","","",,,
"96-39-11-89",4,12,,"","Male","Child/Adopted Child","1",,"subiya",,"",,"No","Other","still young",,"","","",,,
"96-39-11-89",5,5,"New arrivals - New born","","Male","Grandchild","Less than 1 year",,"subiya",,"",,"No","Other","still a baby",,"","","",,,
"62-05-75-13",1,12,,"","Male","Self/Head","33","Married monogamously","Hambukushu","Protestant demoninantions (incl all non-catholic denominations)","","Form 3","No","Poor academic progress","",,"","","","Yes","Yes","No"
"62-05-75-13",2,12,,"","Female","Wife/Husband","31",,"Hambukushu",,"","Form 3","No","Poor academic progress","",,"","","","No",,
"62-05-75-13",3,12,,"","Female","Child/Adopted Child","2",,"Hambukushu",,"",,"No","Other","still young",,"","","",,,
"62-05-75-13",4,12,,"","Female","Child/Adopted Child","10",,"Hambukushu",,"","Standard 5","Yes",,"",,"","","",,,
"62-05-75-13",5,3,"New arrivals - New born","","Female","Child/Adopted Child","Less than 1 year",,"Hambukushu",,"",,"No","Other","still a baby",,"","","",,,
"62-05-75-13",6,4,"New arrivals - To look for work","","Male","Sister/Brother","29",,"Hambukushu",,"","Form 5","No","Poor academic progress","",,"","","","No",,
"62-05-75-13",7,4,"New arrivals - To look for work","","Male","Sister/Brother","26",,"Hambukushu",,"","Form 3","No","Poor academic progress","",,"","","","No",,
"36-43-41-97",1,11,"Members that left - Looking for work elsewhere","","Male","Other Non-Relative","40",,"Mombukushu",,"","Form 5","No","I don't Know","",,"","","","Yes","Yes","No"
"36-43-41-97",2,12,,"","Female","Other Non-Relative","38",,"Mombukushu",,"","Form 3","No","Poor academic progress","",,"","","","No",,
"12-03-37-86",1,12,,"","Female","Self/Head","59","Widow/ Widower","Mosubiya","Protestant demoninantions (incl all non-catholic denominations)","","No formal education","No","Completed desired schooling","",,"","","","No",,
"12-03-37-86",2,12,,"","Female","Other Relative","44",,"Mosubiya",,"","Form 2","No","Completed desired schooling","",,"","","","No",,
"12-03-37-86",3,8,"New arrivals - Education","","Female","Other Relative","5",,"Mosarwa",,"","No formal education","Yes",,"",0,"","","",,,
"12-03-37-86",4,12,,"","Female","Child/Adopted Child","41",,"Mosubiya",,"","Form 2","No","Completed desired schooling","",,"","","","Yes","Yes","No"
"33-44-32-83",1,12,,"","Female","Self/Head","67","Never Married","Motawana","Catholic","","Standard 7","No","Had to help at home","",,"","","","No",,
"33-44-32-83",2,12,,"","Male","Child/Adopted Child","37",,"Motawana",,"","Standard 5","No","Too expensive","",,"","","","No",,
"33-44-32-83",3,12,,"","Female","Child/Adopted Child","32",,"Motawana",,"","Standard 5","No","Too expensive","",,"","","","Yes","Yes","No"
"33-44-32-83",4,12,,"","Female","Grandchild","22",,"Motawana",,"","Standard 3","No","Too expensive","",,"","","","No",,
"39-65-48-99",1,12,,"","Male","Self/Head","56","Never Married","Subiya","Protestant demoninantions (incl all non-catholic denominations)","","Form 3","No","Too far away","",,"","","","Yes","Yes","No"
"85-43-95-57",1,12,,"","Female","Self/Head","59","Divorced /Separated","Batawana","Protestant demoninantions (incl all non-catholic denominations)","","Standard 7","No","Parents did not want","",,"","","","No",,
"85-43-95-57",2,12,,"","Female","Child/Adopted Child","37",,"Batawana",,"","Form 5","No","Poor academic progress","",,"","","","Yes","Yes","No"
"85-43-95-57",3,12,,"","Female","Child/Adopted Child","41",,"Batawana",,"","University level",,,"",,"GIPS","2000","Tourism management","Yes","Yes","No"
"85-43-95-57",4,12,,"","Male","Grandchild","5",,"Batawana",,"","Nursey/ Kindergarten/ECD","Yes",,"",10000,"","","",,,
"85-43-95-57",5,12,,"","Female","Grandchild","4",,"Batawana",,"",,"Yes",,"",10000,"","","",,,
"85-43-95-57",6,12,,"","Male","Grandchild","3",,"Batawana",,"",,"Yes",,"",10000,"","","",,,
"07-73-56-26",1,12,,"","Male","Self/Head","53","Divorced /Separated","Mosubiya","Protestant demoninantions (incl all non-catholic denominations)","","Form 3","No","Completed desired schooling","",,"","","","Yes","Yes","No"
"07-73-56-26",2,12,,"","Male","Sister/Brother","50",,"Mosubiya",,"","Form 2","No","Completed desired schooling","",,"","","","No",,
"07-73-56-26",3,12,,"","Female","Sister/Brother","43",,"Mosubiya",,"","Form 2","No","Completed desired schooling","",,"","","","No",,
"07-73-56-26",4,12,,"","Male","Sister/Brother","35",,"Mosubiya",,"","Form 3","No","Too expensive","",,"","","","Yes","Yes","No"
"07-73-56-26",5,12,,"","Male","Sister/Brother","27",,"Mosubiya",,"","Form 3","No","Too expensive","",,"","","","Yes","Yes","No"
"07-73-56-26",6,12,,"","Female","Niece/Nephew","13",,"Mosubiya",,"","Standard 6","Yes",,"",,"","","","No",,
"07-73-56-26",7,12,,"","Male","Niece/Nephew","5",,"Mosubiya",,"","No formal education","No","Other","Minor",,"","","",,,
"00-16-25-60",1,12,,"","Female","Child/Adopted Child","16",,"San",,"","Form 3","No","Poor academic progress","",,"","","","No",,
"00-16-25-60",2,12,,"","Female","Wife/Husband","28",,"San",,"","Form 3","No","Poor academic progress","",,"","","","Yes","Yes","No"
"00-16-25-60",3,12,,"","Male","Child/Adopted Child","8",,"San",,"","Standard 2","Yes",,"",,"","","",,,
"00-16-25-60",4,12,,"","Female","Child/Adopted Child","13",,"San",,"","Standard 6","Yes",,"",,"","","","No",,
"05-35-63-46",1,12,,"","Female","Self/Head","29","Never Married","subiya","African Traditional religion","","Form 3","No","Poor academic progress","",,"","","","No",,
"05-35-63-46",2,12,,"","Female","Sister/Brother","28",,"subiya",,"","Form 5","No","Poor academic progress","",,"","","","Yes","Yes","No"
"05-35-63-46",3,5,"New arrivals - Other economic reasons","","Male","Wife/Husband","35",,"yei",,"","University level",,,"",,"limkokwing University","2012","multimedia","No",,
"05-35-63-46",4,12,,"","Female","Child/Adopted Child","6",,"Tswana subgroup",,"","Standard 1","Yes",,"",,"","","",,,
"05-35-63-46",5,12,,"","Male","Child/Adopted Child","1",,"subiya",,"",,"No","Other","still a baby",,"","","",,,
"05-35-63-46",6,12,,"","Female","Niece/Nephew","6",,"Kalanga",,"","Standard 1","Yes",,"",,"","","",,,
"05-35-63-46",7,12,,"","Male","Brother/Sister-In-Law","28",,"kalanga",,"","Form 5","No","Poor academic progress","",,"","","","Yes","Yes","No"
"00-34-52-14",1,12,,"","Female","Sister/Brother","39",,"subiya",,"","Form 5","No","Poor academic progress","",,"","","","No",,
"00-34-52-14",2,12,,"","Female","Sister/Brother","46",,"subiya",,"","Form 2","No","Poor academic progress","",,"","","","Yes","Yes","No"
"00-34-52-14",3,12,,"","Female","Niece/Nephew","18",,"subiya",,"","Form 3","Yes",,"",,"","","","No",,
"00-34-52-14",4,12,,"","Male","Niece/Nephew","24",,"subiya",,"","Form 5","No","Poor academic progress","",,"","","","No",,
"00-34-52-14",5,12,,"","Male","Niece/Nephew","6",,"subiya",,"","Standard 1","Yes",,"",,"","","",,,
"00-34-52-14",6,12,,"","Male","Niece/Nephew","6",,"subiya",,"","Nursey/ Kindergarten/ECD","Yes",,"",,"","","",,,
"00-34-52-14",7,12,,"","Male","Self/Head","42","Never Married","subiya","Protestant demoninantions (incl all non-catholic denominations)","","Form 3","No","Poor academic progress","",,"","","","Yes","Yes","No"
"81-06-64-01",1,12,,"","Female","Self/Head","26","Never Married","Subiya","Catholic","","Form 3","No","Poor academic progress","",,"","","","Yes","No","Yes"
"81-06-64-01",2,12,,"","Female","Sister/Brother","24",,"Subiya",,"","Form 5","No","Poor academic progress","",,"","","","No",,
"81-06-64-01",3,6,"New arrivals - To look for work","","Female","Sister/Brother","23",,"Mosubiya",,"","Form 3","No","Poor academic progress","",,"","","","No",,
"81-06-64-01",4,11,"Members that left - Other economic reasons","","Female","Sister/Brother","20",,"San",,"","Other educational training","No","Other","she completed her carpentry course",,"","","","No",,
"81-06-64-01",5,12,,"","Female","Niece/Nephew","2",,"Subiya",,"",,"No","Other","he is still young",,"","","",,,
"81-06-64-01",6,12,,"","Female","Child/Adopted Child","6",,"Subiya",,"","Standard 1","Yes",,"",,"","","",,,
"84-33-06-87",1,12,,"","Female","Self/Head","53","Divorced /Separated","Tswana","Catholic","","Standard 7","No","Sickness or calamity in family","",,"","","","No",,
"84-33-06-87",2,12,,"","Female","Child/Adopted Child","43",,"Tswana",,"","Form 3","No","Poor academic progress","",,"","","","No",,
"84-33-06-87",3,12,,"","Male","Grandchild","25",,"Tswana",,"","Form 3","No","Poor academic progress","",,"","","","Yes","Yes","No"
"84-33-06-87",4,12,,"","Male","Grandchild","22",,"Tswana",,"","Form 5","No","Poor academic progress","",,"","","","No",,
"84-33-06-87",5,12,,"","Male","Grandchild","15",,"Tswana",,"","Standard 3","Yes",,"",,"","","","No",,
"84-33-06-87",6,12,,"","Male","Grandchild","13",,"Tswana",,"","Standard 7","Yes",,"",,"","","","No",,
"84-33-06-87",7,12,,"","Male","Grandchild","11",,"Tswana",,"","Standard 6","Yes",,"",,"","","","No",,
"84-33-06-87",8,12,,"","Male","Grandchild","5",,"Tswana",,"","No formal education","No","Other","Too young",,"","","",,,
"84-33-06-87",9,12,,"","Female","Grandchild","2",,"Tswana",,"",,"No","Other","Too young",,"","","",,,
"85-48-53-30",1,12,,"","Male","Self/Head","47","Never Married","subiya","Protestant demoninantions (incl all non-catholic denominations)","","Standard 7","No","Completed desired schooling","",,"","","","Yes","Yes","No"
"61-17-81-33",1,12,,"","Female","Self/Head","43","Never Married","Kalanga","African Traditional religion","","Form 3","No","Poor academic progress","",,"","","","No",,
"61-17-81-33",2,12,,"","Male","Other Non-Relative","37",,"san",,"","Form 3","No","Poor academic progress","",,"","","","No",,
"61-17-81-33",3,12,,"","Male","Wife/Husband","40",,"Khurutshe",,"","Form 5","No","Poor academic progress","",,"","","","Yes","Yes","No"
"70-67-46-48",1,12,,"","Female","Self/Head","38","Never Married","Morotsi","Protestant demoninantions (incl all non-catholic denominations)","","Form 3","No","Completed desired schooling","",,"","","","Yes","Yes","No"
"70-67-46-48",2,12,,"","Male","Other Non-Relative","49",,"Motebele",,"","Form 4","No","Completed desired schooling","",,"","","","Yes","Yes","No"
"70-67-46-48",3,12,,"","Female","Child/Adopted Child","20",,"Motswana",,"","Form 5","No","Had to help at home","",,"","","","No",,
"70-67-46-48",4,12,,"","Male","Child/Adopted Child","12",,"Motebele",,"","Standard 6","Yes",,"",,"","","","No",,
"08-84-58-33",1,12,,"","Female","Self/Head","36","Never Married","Monajwa","African Traditional religion","","Form 3","No","Poor academic progress","",,"","","","No",,
"08-84-58-33",2,12,,"","Female","Child/Adopted Child","12",,"Kgatla",,"","Form 1","Yes",,"",,"","","","No",,
"08-84-58-33",3,12,,"","Male","Child/Adopted Child","11",,"kgatla",,"","Standard 7","Yes",,"",,"","","","No",,
"08-84-58-33",4,12,,"","Female","Child/Adopted Child","4",,"kgatla",,"",,"No","Other","still young",,"","","",,,
"17-96-77-43",1,12,,"","Female","Grandchild","30",,"KALANGA",,"","Form 2","No","Other","PEER PRESSURE AND ALCOHOL",,"","","","No",,
"17-96-77-43",2,12,,"","Male","Grandchild","19",,"KALANGA",,"","Form 3","No","Poor academic progress","",,"","","","Yes","Yes","Yes"
"17-96-77-43",3,12,,"","Male","Child/Adopted Child","32",,"KALANGA",,"","Form 2","No","Other","PEER PRESSURE, MISBEHAVING AT SCHOOL",,"","","","No",,
"17-96-77-43",4,12,,"","Female","Grandchild","18",,"KALANGA",,"","Form 1","No","Pregnancy","",,"","","","No",,
"17-96-77-43",5,12,,"","Female","Grandchild","17",,"KALANGA",,"","Form 1","No","Pregnancy","",,"","","","No",,
"17-96-77-43",6,12,,"","Male","Grandchild","19",,"KALANGA",,"","Standard 1","No","Other","WAS NOT INTERESTED IN SCHOOL",,"","","","No",,
"05-74-99-19",1,12,,"","Female","Self/Head","44","Married monogamously","Subiya","Other➡️ Please specify","Goes to different churches does not have a religion yet","Form 2","No","Too expensive","",,"","","","Yes","Yes","No"
"05-74-99-19",2,10,"New arrivals - Returned home from abduction/displacement","","Male","Wife/Husband","49",,"Yeyi",,"","Form 2","No","Too expensive","",,"","","","Yes","No","Yes"
"05-74-99-19",3,12,,"","Female","Child/Adopted Child","25",,"Mosubiya",,"","Form 5","No","Poor academic progress","",,"","","","No",,
"05-74-99-19",4,12,,"","Female","Child/Adopted Child","12",,"Subiya",,"","Standard 7","Yes",,"",,"","","","No",,
"05-74-99-19",5,12,,"","Male","Child/Adopted Child","7",,"Subiya",,"","Standard 1","Yes",,"",,"","","",,,
"58-76-16-53",1,12,,"","Male","Self/Head","68","Widow/ Widower","SAN","African Traditional religion","","Standard 7","No","Poor school quality","",,"","","","No",,
"58-76-16-53",2,12,,"","Female","Child/Adopted Child","32",,"SAN",,"","Standard 7","No","Pregnancy","",,"","","","No",,
"58-76-16-53",3,3,"Members that left - Education","","Male","Grandchild","16",,"NDEBELE",,"","Form 3","Yes",,"",,"","","","No",,
"58-76-16-53",4,3,"Members that left - Education","","Female","Grandchild","15",,"NDEBELE",,"","Form 2","Yes",,"",,"","","","No",,
"58-76-16-53",5,12,,"","Male","Grandchild","12",,"NDEBELE",,"","Standard 6","Yes",,"",,"","","","No",,
"14-93-43-30",1,12,,"","Female","Self/Head","54","Never Married","KALANGA","Protestant demoninantions (incl all non-catholic denominations)","","Standard 5","No","Parents did not want","",,"","","","No",,
"11-82-86-61",1,12,,"","Male","Self/Head","64","Widow/ Widower","Subiya","Protestant demoninantions (incl all non-catholic denominations)","","Form 3","No","Had to help with family","",,"","","","Yes","No","Yes"
"03-50-12-90",1,12,,"","Male","Self/Head","44","Never Married","Najwa","Other➡️ Please specify","Christianity","Standard 6","No","Sickness or calamity in family","",,"","","","No",,
"03-50-12-90",2,12,,"","Male","Sister/Brother","40",,"Najwa",,"","Form 3","No","Poor academic progress","",,"","","","No",,
"03-50-12-90",3,12,,"","Female","Sister/Brother","47",,"Najwa",,"","Standard 7","No","Poor academic progress","",,"","","","Yes","Yes","Yes"
"03-50-12-90",4,12,,"","Female","Niece/Nephew","12",,"Najwa",,"","Standard 5","Yes",,"",,"","","","No",,
"03-50-12-90",5,12,,"","Male","Niece/Nephew","4",,"Najwa",,"",,"Yes",,"",500,"","","",,,
"81-28-91-79",1,12,,"","Male","Self/Head","65","Never Married","San","Protestant demoninantions (incl all non-catholic denominations)","","No formal education","No","Had to help at home","",,"","","","No",,
"81-28-91-79",3,12,,"","Male","Other Non-Relative","22",,"Kalanga",,"","Standard 3","No","Poor school quality","",,"","","","No",,
"87-17-87-24",1,12,,"","Male","Self/Head","63","Never Married","yei","Other➡️ Please specify","Christianity","Standard 7","No","Too expensive","",,"","","","No",,
"87-17-87-24",2,12,,"","Female","Other Non-Relative","58",,"najwa",,"","Standard 6","No","I don't Know","",,"","","","Yes","Yes","No"
"87-17-87-24",3,12,,"","Male","Child/Adopted Child","37",,"najwa",,"","Form 3","No","Poor academic progress","",,"","","","No",,
"87-17-87-24",4,12,,"","Female","Child/Adopted Child","22",,"yei",,"","Form 3","No","Poor academic progress","",,"","","","No",,
"87-17-87-24",5,12,,"","Female","Sister/Brother","18",,"najwa",,"","Form 3","No","Poor academic progress","",,"","","","No",,
"87-17-87-24",6,12,,"","Female","Grandchild","4",,"yei",,"",,"No","Too expensive","",,"","","",,,
"87-17-87-24",7,12,,"","Female","Grandchild","Less than 1 year",,"yei",,"",,"No","Too expensive","",,"","","",,,
"87-17-87-24",8,12,,"","Male","Other Non-Relative","27",,"khurutse",,"","Form 5","No","Poor academic progress","",,"","","","No",,
"98-37-88-19",1,12,,"","Male","Child/Adopted Child","33",,"Ndebele",,"","Form 5","No","Too expensive","",,"","","","No",,
"98-37-88-19",2,12,,"","Male","Child/Adopted Child","10",,"Ngwato",,"","Standard 5","Yes",,"",,"","","",,,
"98-37-88-19",3,12,,"","Female","Self/Head","48","Never Married","San","African Traditional religion","","Standard 3","No","Had to help with family","",,"","","","No",,
"19-43-58-99",1,12,,"","Female","Other Relative","33",,"Ndebele",,"","Form 3","No","Completed desired schooling","",,"","","","Yes","Yes","No"
"19-43-58-99",3,12,,"","Male","Self/Head","30","Never Married","Subiya","Non-religious","","Form 3","No","Other","Respondent is currently working",,"","","","Yes","Yes","No"
"19-43-58-99",4,12,,"","Male","Child/Adopted Child","10",,"Kalanga",,"","Standard 4","Yes",,"",,"","","",,,
"19-43-58-99",5,12,,"","Male","Child/Adopted Child","7",,"Subiya",,"","Nursey/ Kindergarten/ECD","Yes",,"",,"","","",,,
"19-43-58-99",6,12,,"","Female","Child/Adopted Child","9",,"Subiya",,"","Standard 2","Yes",,"",,"","","",,,
"85-30-41-56",1,12,,"","Male","Self/Head","33","Never Married","Mongwato","Catholic","","Standard 5","No","Too expensive","",,"","","","No",,
"85-30-41-56",2,12,,"","Female","Wife/Husband","42",,"Movenda",,"","Standard 5","No","Too expensive","",,"","","","No",,
"85-30-41-56",3,12,,"","Female","Child/Adopted Child","22",,"Mongwato",,"","Standard 5","No","Completed desired schooling","",,"","","","No",,
"85-30-41-56",4,1,"Members that left - Other economic reasons","","Female","Child/Adopted Child","22",,"Motswana",,"","University level",,,"",,"Boitekanelo college","2022","Health care management","No",,
"78-32-31-52",1,10,"Members that left - Other (Specify)","visit family","Female","Wife/Husband","66",,"mmirwa",,"","No formal education","No","Parents did not want","",,"","","","No",,
"78-32-31-52",2,10,"Members that left - Other (Specify)","visit family","Male","Self/Head","66","Married monogamously","Tswapong","Non-religious","","No formal education","No","Had to help with farm work","",,"","","","No",,
"78-32-31-52",3,12,,"","Female","Child/Adopted Child","52",,"mmirwa",,"","Form 5","No","Poor academic progress","",,"","","","No",,
"78-32-31-52",4,10,"Members that left - Other (Specify)","visit family","Female","Child/Adopted Child","45",,"mmirwa",,"","Form 2","No","Poor academic progress","",,"","","","No",,
"78-32-31-52",5,12,,"","Female","Child/Adopted Child","35",,"mmirwa",,"","Form 5","No","Poor academic progress","",,"","","","No",,
"78-32-31-52",6,12,,"","Male","Grandchild","16",,"mmirwa",,"","Form 3","No","Poor academic progress","",,"","","","No",,
"78-32-31-52",7,12,,"","Male","Grandchild","5",,"mmirwa",,"","No formal education","No","Other","too young",,"","","",,,
"78-32-31-52",8,12,,"","Male","Grandchild","12",,"mmirwa",,"","Standard 6","Yes",,"",,"","","","No",,
"78-32-31-52",9,12,,"","Male","Grandchild","12",,"mmirwa",,"","Standard 6","Yes",,"",,"","","","No",,
"78-32-31-52",10,12,,"","Male","Grandchild","10",,"mmirwa",,"","Standard 3","Yes",,"",,"","","",,,
"78-32-31-52",11,12,,"","Male","Grandchild","3",,"mmirwa",,"",,"No","Other","too young",,"","","",,,
"78-32-31-52",12,12,,"","Male","Grandchild","22",,"mmirwa",,"","Standard 3","No","Poor academic progress","",,"","","","No",,
"78-32-31-52",13,12,,"","Male","Brother/Sister-In-Law","44",,"kalanga",,"","Form 2","No","Poor academic progress","",,"","","","No",,
"37-97-45-71",1,12,,"","Female","Self/Head","40","Never Married","san","Non-religious","","No formal education","No","Parents did not want","",,"","","","No",,
"37-97-45-71",2,12,,"","Female","Child/Adopted Child","19",,"san",,"","Form 3","No","Pregnancy","",,"","","","No",,
"37-97-45-71",3,12,,"","Male","Wife/Husband","39",,"Kalanga",,"","Form 5","No","Poor academic progress","",,"","","","Yes","No","Yes"
"37-97-45-71",4,12,,"","Female","Child/Adopted Child","6",,"san",,"","Standard 1","Yes",,"",,"","","",,,
"37-97-45-71",5,4,"New arrivals - New born","","Male","Grandchild","Less than 1 year",,"san",,"",,"No","Other","still an infant",,"","","",,,
"07-52-39-57",1,12,,"","Male","Self/Head","48","Never Married","San","Non-religious","","Standard 7","No","Too far away","",,"","","","No",,
"07-52-39-57",2,12,,"","Female","Other Relative","38",,"Subiya",,"","Standard 5","No","Completed desired schooling","",,"","","","No",,
"07-52-39-57",3,12,,"","Female","Other Relative","65",,"Lozi",,"","Standard 2","No","Completed desired schooling","",,"","","","No",,
"07-52-39-57",4,12,,"","Female","Brother/Sister-In-Law","53",,"Lozi",,"","Standard 7","No","Completed desired schooling","",,"","","","No",,
"07-52-39-57",5,12,,"","Male","Child/Adopted Child","36",,"San",,"","Form 3","No","Had to help at home","",,"","","","Yes","No","Yes"
"80-35-75-14",1,12,,"","Male","Self/Head","34","Never Married","Morotsi","Protestant demoninantions (incl all non-catholic denominations)","","Form 3","No","Too expensive","",,"","","","Yes","Yes","No"
"80-35-75-14",2,12,,"","Female","Other Non-Relative","33",,"Mosubiya",,"","Form 3","No","Too expensive","",,"","","","No",,
"80-35-75-14",3,12,,"","Female","Child/Adopted Child","14",,"Morotsi",,"","Form 1","Yes",,"",,"","","","No",,
"80-35-75-14",4,12,,"","Male","Child/Adopted Child","9",,"Morotsi",,"","Standard 3","Yes",,"",,"","","",,,
"94-41-84-42",1,12,,"","Male","Self/Head","51","Never Married","Moyei","Catholic","","Standard 2","No","Not willing to attend further","",,"","","","Yes","Yes","No"
"96-46-53-15",1,12,,"","Female","Child/Adopted Child","35",,"Subiya",,"","Form 3","No","Other","Looking for work",,"","","","No",,
"96-46-53-15",2,12,,"","Female","Self/Head","68","Widow/ Widower","Lozi","Protestant demoninantions (incl all non-catholic denominations)","","Standard 7","No","Completed desired schooling","",,"","","","No",,
"96-46-53-15",3,12,,"","Male","Child/Adopted Child","29",,"Subiya",,"","Form 5","No","Had to help with family","",,"","","","Yes","Yes","No"
"96-46-53-15",4,12,,"","Male","Grandchild","29",,"Subiya",,"","Form 5","No","Had to help with family","",,"","","","No",,
"96-46-53-15",5,12,,"","Male","Grandchild","5",,"Subiya",,"","No formal education","Yes",,"",1000,"","","",,,
"96-46-53-15",6,12,,"","Female","Grandchild","13",,"Subiya",,"","Standard 7","Yes",,"",,"","","","No",,
"53-23-37-57",1,12,,"","Female","Self/Head","69","Never Married","subiya","Protestant demoninantions (incl all non-catholic denominations)","","Standard 7","No","Parents did not want","",,"","","","No",,
"53-23-37-57",2,12,,"","Female","Child/Adopted Child","43",,"subiya",,"","Form 3","No","Poor academic progress","",,"","","","Yes","Yes","No"
"53-23-37-57",3,12,,"","Female","Child/Adopted Child","28",,"subiya",,"","Form 3","No","Poor academic progress","",,"","","","Yes","Yes","No"
"53-23-37-57",4,12,,"","Male","Grandchild","12",,"subiya",,"","Standard 6","Yes",,"",,"","","","No",,
"34-02-59-21",1,12,,"","Male","Self/Head","38","Never Married","san","Other➡️ Please specify","Christianity","Form 5","No","Poor academic progress","",,"","","","Yes","Yes","No"
"34-02-59-21",2,12,,"","Female","Other Non-Relative","43",,"subiya",,"","Form 2","No","Other","dropped out to engage in a wedding",,"","","","Yes","Yes","No"
"34-02-59-21",3,12,,"","Female","Other Relative","13",,"subiya",,"","Standard 7","Yes",,"",,"","","","No",,
"34-02-59-21",4,12,,"","Female","Other Relative","9",,"subiya",,"","Standard 3","Yes",,"",,"","","",,,
"34-02-59-21",5,12,,"","Male","Other Relative","4",,"subiya",,"",,"Yes",,"",2400,"","","",,,
"19-67-63-11",1,12,,"","Female","Self/Head","59","Never Married","San","Other➡️ Please specify","Christianity","No formal education","No","I don't Know","",,"","","","No",,
"19-67-63-11",2,12,,"","Male","Child/Adopted Child","28",,"San",,"","Form 3","No","Poor academic progress","",,"","","","Yes","Yes","Yes"
"19-67-63-11",3,12,,"","Male","Child/Adopted Child","22",,"san",,"","Form 2","No","Not willing to attend further","",,"","","","No",,
"19-67-63-11",4,12,,"","Female","Other Non-Relative","21",,"San",,"","Form 3","No","Poor academic progress","",,"","","","No",,
"19-67-63-11",5,12,,"","Male","Grandchild","8",,"san",,"","Standard 1","Yes",,"",,"","","",,,
"19-67-63-11",6,12,,"","Female","Grandchild","8",,"san",,"","Standard 1","Yes",,"",,"","","",,,
"19-67-63-11",7,3,"New arrivals - New born","","Female","Grandchild","Less than 1 year",,"san",,"",,"No","Other","3 months old",,"","","",,,
"57-12-45-97",1,12,,"","Female","Self/Head","55","Never Married","Subiya","Catholic","","Standard 7","No","Poor academic progress","",,"","","","No",,
"96-34-22-21",1,12,,"","Female","Self/Head","35","Never Married","Subiya","Protestant demoninantions (incl all non-catholic denominations)","","Form 3","No","Poor academic progress","",,"","","","No",,
"96-34-22-21",2,12,,"","Female","Child/Adopted Child","7",,"Subiya",,"","Standard 2","Yes",,"",,"","","",,,
"96-34-22-21",3,12,,"","Female","Child/Adopted Child","6",,"Subiya",,"","Standard 1","Yes",,"",,"","","",,,
"96-34-22-21",4,4,"New arrivals - New born","","Female","Child/Adopted Child","4",,"Subiya",,"",,"No","Other","Not at a school attending age.",,"","","",,,
"03-38-35-14",1,12,,"","Female","Self/Head","58","Never Married","Subiya","Catholic","","No formal education","No","Had to help at home","",,"","","","No",,
"09-06-20-19",1,12,,"","Male","Self/Head","53","Divorced /Separated","Subiya","Protestant demoninantions (incl all non-catholic denominations)","","Form 3","No","Poor academic progress","",,"","","","Yes","Yes","No"
"09-06-20-19",2,12,,"","Male","Child/Adopted Child","21",,"Subiya",,"","Form 3","No","Poor academic progress","",,"","","","No",,
"51-25-36-09",1,12,,"","Male","Self/Head","43","Never Married","San","Non-religious","","Form 3","No","Poor academic progress","",,"","","","Yes","Yes","Yes"
"51-25-36-09",2,12,,"","Female","Other Non-Relative","42",,"Tswapong",,"","Form 3","No","Poor academic progress","",,"","","","Yes","Yes","Yes"
"51-25-36-09",3,4,"Members that left - Education","","Female","Child/Adopted Child","11",,"San",,"","Standard 5","Yes",,"",,"","","","No",,
"51-25-36-09",4,12,,"","Female","Child/Adopted Child","13",,"Subiya",,"","Standard 7","Yes",,"",,"","","","No",,
"04-05-30-01",1,12,,"","Female","Self/Head","61","Never Married","nambya","African Traditional religion","","No formal education","No","Parents did not want","",,"","","","No",,
"04-05-30-01",2,12,,"","Female","Grandchild","15",,"nambya",,"","Form 2","Yes",,"",,"","","","No",,
"04-05-30-01",3,12,,"","Female","Grandchild","9",,"nambya",,"","Standard 4","Yes",,"",,"","","",,,
"04-05-30-01",4,12,,"","Male","Grandchild","13",,"nambya",,"","Form 1","Yes",,"",,"","","","No",,
"04-05-30-01",5,12,,"","Female","Grandchild","6",,"nambya",,"","No formal education","No","Other","still young",,"","","",,,
"50-01-20-35",1,12,,"","Female","Self/Head","87","Widow/ Widower","Subiya","Other➡️ Please specify","Christianity","Other educational training","No","Other","marriage",,"","","","No",,
"50-01-20-35",2,12,,"","Female","Son/Daughter-In-Law","68",,"subiya",,"","University level",,,"",,"francistown teacher training college","1995","diploma in early childhood","No",,
"50-01-20-35",3,12,,"","Male","Son/Daughter-In-Law","46",,"subiya",,"","University level",,,"",,"University of botswana","2000","studied diploma in procurement and supply","No",,
"50-01-20-35",4,12,,"","Female","Son/Daughter-In-Law","46",,"subiya",,"","University level",,,"",,"Cambridge college","2013","diploma in hotel operations and management","Yes","Yes","No"
"50-01-20-35",5,12,,"","Male","Grandchild","39",,"subiya",,"","Other educational training","No","Poor academic progress","",,"","","","No",,
"50-01-20-35",6,12,,"","Female","Grandchild","23",,"subiya",,"","Form 5","Yes",,"",,"","","","Yes","Yes","No"
"50-01-20-35",7,12,,"","Male","Grandchild","16",,"subiya",,"","Form 2","Yes",,"",,"","","","No",,
"50-01-20-35",8,12,,"","Male","Grandchild","10",,"subiya",,"","Standard 4","Yes",,"",,"","","",,,
"67-87-75-21",1,12,,"","Male","Self/Head","49","Never Married","Subia","Non-religious","","Standard 7","No","Poor academic progress","",,"","","","No",,
"67-87-75-21",2,12,,"","Female","Sister/Brother","47",,"Subia",,"","Form 2","No","Too expensive","",,"","","","Yes","No","Yes"
"67-87-75-21",3,12,,"","Female","Sister/Brother","40",,"Subia",,"","Form 3","No","Poor academic progress","",,"","","","Yes","Yes","No"
"67-87-75-21",4,12,,"","Male","Niece/Nephew","21",,"Subia",,"","Form 3","No","Poor academic progress","",,"","","","Yes","No","Yes"
"67-87-75-21",5,12,,"","Female","Niece/Nephew","18",,"Kalanga",,"","Form 3","No","Poor academic progress","",,"","","","No",,
"67-87-75-21",6,12,,"","Female","Niece/Nephew","12",,"Subia",,"","Standard 7","Yes",,"",,"","","","No",,
"67-87-75-21",7,12,,"","Female","Niece/Nephew","3",,"Subia",,"",,"No","Other","Minor",,"","","",,,
"67-87-75-21",8,12,,"","Female","Niece/Nephew","27",,"Subia",,"","University level",,,"",,"Botho University","2021","Tourism and Hospitality","No",,
"67-87-75-21",9,12,,"","Male","Niece/Nephew","17",,"Subia",,"","Form 3","Yes",,"",,"","","","No",,
"67-87-75-21",10,12,,"","Female","Niece/Nephew","15",,"Subia",,"","Standard 7","Yes",,"",,"","","","No",,
"53-81-28-44",1,12,,"","Male","Self/Head","49","Divorced /Separated","Subiya","Catholic","","Standard 2","No","Had to help at home","",,"","","","No",,
"53-81-28-44",2,12,,"","Male","Child/Adopted Child","13",,"Subiya",,"","Standard 2","Yes",,"",,"","","","No",,
"69-29-47-18",1,12,,"","Female","Self/Head","37","Never Married","Motawana","Other➡️ Please specify","Christianity","Form 3","No","Poor academic progress","",,"","","","No",,
"69-29-47-18",2,12,,"","Female","Child/Adopted Child","19",,"motawana",,"","Form 3","No","Poor academic progress","",,"","","","No",,
"69-29-47-18",3,12,,"","Male","Child/Adopted Child","16",,"motawana",,"","Form 3","Yes",,"",,"","","","No",,
"69-29-47-18",4,12,,"","Male","Child/Adopted Child","14",,"motawana",,"","Standard 7","Yes",,"",,"","","","No",,
"69-29-47-18",5,12,,"","Female","Child/Adopted Child","8",,"motawana",,"","Standard 1","Yes",,"",,"","","",,,
"69-29-47-18",6,12,,"","Female","Child/Adopted Child","6",,"motawana",,"","Nursey/ Kindergarten/ECD","Yes",,"",,"","","",,,
"69-29-47-18",7,12,,"","Female","Niece/Nephew","23",,"motawana",,"","Form 5","Yes",,"",,"","","","Yes","No","Yes"
"69-29-47-18",8,12,,"","Male","Niece/Nephew","21",,"motawana",,"","Other educational training","No","Completed desired schooling","",,"","","","Yes","Yes","No"
"69-29-47-18",9,12,,"","Male","Niece/Nephew","11",,"motawana",,"","Standard 5","Yes",,"",,"","","","No",,
"69-29-47-18",10,8,"New arrivals - New born","","Male","Niece/Nephew","Less than 1 year",,"motawana",,"",,"No","Other","8 months old",,"","","",,,
"69-29-47-18",11,7,"New arrivals - New born","","Female","Niece/Nephew","Less than 1 year",,"motawana",,"",,"No","Other","7 months old",,"","","",,,
"22-59-76-95",1,12,,"","Male","Wife/Husband","41",,"Monoka",,"","Form 3","No","Completed desired schooling","",,"","","","Yes","Yes","No"
"22-59-76-95",2,12,,"","Female","Wife/Husband","40",,"Monoka",,"","Standard 3","No","Too expensive","",,"","","","Yes","Yes","No"
"22-59-76-95",3,6,"New arrivals - Education","","Male","Child/Adopted Child","19",,"Monoka",,"","Form 5","No","Poor academic progress","",,"","","","Yes","Yes","No"
"22-59-76-95",4,12,,"","Female","Child/Adopted Child","4",,"Monoka",,"",,"Yes",,"",0,"","","",,,
"87-80-21-51",1,12,,"","Female","Child/Adopted Child","45",,"Subiya",,"","Form 5","No","Poor academic progress","",,"","","","Yes","Yes","No"
"87-80-21-51",3,12,,"","Male","Grandchild","17",,"Subiya",,"","Form 3","Yes",,"",,"","","","No",,
"87-80-21-51",4,12,,"","Male","Grandchild","31",,"Subiya",,"","Form 5","No","Poor academic progress","",,"","","","Yes","Yes","No"
"87-80-21-51",5,12,,"","Female","Grandchild","15",,"Subiya",,"","Form 2","Yes",,"",,"","","","No",,
"87-80-21-51",6,12,,"","Female","Grandchild","8",,"Subiya",,"","Standard 3","Yes",,"",,"","","",,,
"87-80-21-51",7,12,,"","Male","Grandchild","6",,"Subiya",,"","Standard 1","Yes",,"",,"","","",,,
"21-25-86-78",1,12,,"","Male","Self/Head","56","Married monogamously","Tswana","Protestant demoninantions (incl all non-catholic denominations)","","Form 5","No","Completed desired schooling","",,"","","","Yes","Yes","No"
"21-25-86-78",2,12,,"","Female","Wife/Husband","41",,"Tswana",,"","Form 5","No","Completed desired schooling","",,"","","","Yes","Yes","No"
"21-25-86-78",3,12,,"","Male","Child/Adopted Child","19",,"Tswana",,"","Other educational training","Yes",,"",,"","","","No",,
"21-25-86-78",4,12,,"","Female","Child/Adopted Child","25",,"Tswana",,"","Form 5","No","Completed desired schooling","",,"","","","No",,
"28-99-62-67",1,12,,"","Male","Self/Head","32","Never Married","SUBIYA","Non-religious","","Form 3","No","Poor academic progress","",,"","","","Yes","Yes","No"
"28-99-62-67",2,12,,"","Male","Sister/Brother","22",,"SUBIYA",,"","University level",,,"",,"OODI COLLEGE OF APPLIED ARTS AND TECHNOLOGY","2022","GEMOLOGY LEVEL 1","Yes","Yes","No"
"28-99-62-67",3,12,,"","Male","Sister/Brother","24",,"SUBIYA",,"","University level",,,"",,"UNIVERSITY OF BOTSWANA","2022","HUMAN RESOURCE MANAGEMENT","Yes","Yes","No"
"28-99-62-67",4,3,"New arrivals - Education","","Male","Sister/Brother","20",,"SUBIYA",,"","Form 5","Yes",,"",,"","","","No",,
"14-08-31-40",1,12,,"","Female","Self/Head","76","Widow/ Widower","Subiya","Protestant demoninantions (incl all non-catholic denominations)","","Standard 7","No","Had to help with farm work","",,"","","","No",,
"43-12-71-52",1,12,,"","Female","Self/Head","27","Never Married","YEYI","Protestant demoninantions (incl all non-catholic denominations)","","Form 5","No","Poor academic progress","",,"","","","No",,
"43-12-71-52",2,12,,"","Male","Sister/Brother","21",,"YEYI",,"","Form 3","No","Poor academic progress","",,"","","","No",,
"43-12-71-52",3,12,,"","Female","Sister/Brother","19",,"YEYI",,"","Form 3","No","Poor academic progress","",,"","","","No",,
"43-12-71-52",4,12,,"","Male","Niece/Nephew","20",,"YEYI",,"","Form 3","No","Poor academic progress","",,"","","","No",,
"43-12-71-52",5,12,,"","Female","Niece/Nephew","16",,"YEYI",,"","Form 3","Yes",,"",,"","","","No",,
"43-12-71-52",6,12,,"","Male","Sister/Brother","31",,"YEYI",,"","Standard 7","No","Sickness or calamity in family","",,"","","","No",,
"43-12-71-52",7,12,,"","Male","Child/Adopted Child","5",,"YEYI",,"","No formal education","No","Other","STILL YOUNG",,"","","",,,
"43-12-71-52",8,12,,"","Male","Niece/Nephew","31",,"YEYI",,"","Form 3","No","Poor academic progress","",,"","","","Yes","Yes","No"
"43-12-71-52",9,12,,"","Male","Niece/Nephew","10",,"YEYI",,"","Standard 4","Yes",,"",,"","","",,,
"43-12-71-52",10,12,,"","Male","Sister/Brother","15",,"YEYI",,"","Form 2","Yes",,"",,"","","","No",,
"43-12-71-52",11,12,,"","Male","Sister/Brother","30",,"YEYI",,"","Form 5","No","Poor academic progress","",,"","","","Yes","Yes","No"
"64-05-81-04",1,12,,"","Male","Self/Head","50","Never Married","subiya","Protestant demoninantions (incl all non-catholic denominations)","","Form 3","No","Completed desired schooling","",,"","","","Yes","Yes","No"
"64-05-81-04",2,12,,"","Female","Other Non-Relative","39",,"san",,"","Standard 7","No","Completed desired schooling","",,"","","","No",,
"52-46-02-95",1,4,"New arrivals - To look for work","","Male","Other Non-Relative","44",,"Subiya",,"","Form 3","No","Poor academic progress","",,"","","","Yes","Yes","No"
"52-46-02-95",2,4,"New arrivals - To look for work","","Female","Self/Head","34","Never Married","Mbukushu","Catholic","","Form 3","No","Poor academic progress","",,"","","","Yes","Yes","No"
"52-46-02-95",3,4,"Members that left - Looking for work elsewhere","","Male","Child/Adopted Child","19",,"Subiya",,"","Form 3","No","Poor academic progress","",,"","","","Yes","Yes","No"
"52-46-02-95",4,4,"New arrivals - To look for work","","Male","Child/Adopted Child","17",,"Subiya",,"","Form 3","No","Poor academic progress","",,"","","","No",,
"52-46-02-95",5,4,"Members that left - To escape insecurity from this area","","Male","Child/Adopted Child","7",,"Subiya",,"","Standard 1","Yes",,"",,"","","",,,
"45-07-09-59",1,12,,"","Male","Self/Head","50","Married monogamously","Subiya","Protestant demoninantions (incl all non-catholic denominations)","","Standard 7","No","Sickness or calamity in family","",,"","","","Yes","Yes","No"
"52-28-82-48",1,12,,"","Female","Brother/Sister-In-Law","27",,"Subiya",,"","Form 3","No","Poor academic progress","",,"","","","No",,
"52-28-82-48",2,12,,"","Female","Other Non-Relative","20",,"Subiya",,"","Form 3","No","Poor academic progress","",,"","","","Yes","Yes","No"
"52-28-82-48",3,12,,"","Male","Self/Head","29","Never Married","Subiya","Catholic","","Form 3","No","Poor academic progress","",,"","","","Yes","Yes","No"
"52-28-82-48",4,12,,"","Female","Niece/Nephew","6",,"Subiya",,"","Nursey/ Kindergarten/ECD","Yes",,"",,"","","",,,
"52-28-82-48",5,12,,"","Male","Niece/Nephew","3",,"Subiya",,"",,"No","Other","because he is too young",,"","","",,,
"72-80-69-88",1,12,,"","Male","Self/Head","48","Never Married","Mosubiya","Protestant demoninantions (incl all non-catholic denominations)","","Form 2","No","Completed desired schooling","",,"","","","Yes","Yes","No"
"72-80-69-88",2,5,"New arrivals - To look for work","","Male","Other Relative","44",,"Mokalaka",,"","Form 2","No","Completed desired schooling","",,"","","","No",,
"72-80-69-88",3,5,"New arrivals - To look for work","","Male","Other Non-Relative","47",,"Mokalaka",,"","Form 2","No","Completed desired schooling","",,"","","","Yes","Yes","No"
"17-89-78-78",1,12,,"","Male","Self/Head","36","Never Married","Subiya","Catholic","","Other educational training","No","Poor academic progress","",,"","","","Yes","Yes","No"
"07-52-31-91",1,12,,"","Female","Self/Head","46","Never Married","Subiya","Catholic","","Standard 7","No","Too expensive","",,"","","","Yes","No","Yes"
"07-52-31-91",2,12,,"","Female","Child/Adopted Child","26",,"Subiya",,"","Form 3","No","Poor academic progress","",,"","","","No",,
"07-52-31-91",3,12,,"","Male","Child/Adopted Child","29",,"Subiya",,"","Form 3","No","Not willing to attend further","",,"","","","No",,
"07-52-31-91",4,12,,"","Male","Child/Adopted Child","19",,"Subiya",,"","Form 3","Yes",,"",,"","","","No",,
"07-52-31-91",5,12,,"","Female","Sister/Brother","36",,"Subiya",,"","Form 3","No","Poor academic progress","",,"","","","No",,
"07-52-31-91",6,12,,"","Female","Niece/Nephew","10",,"Subiya",,"","Standard 5","Yes",,"",,"","","",,,
"07-52-31-91",7,12,,"","Female","Grandchild","7",,"Subiya",,"","Standard 2","Yes",,"",,"","","",,,
"07-52-31-91",8,12,,"","Female","Niece/Nephew","8",,"Subiya",,"","Standard 3","Yes",,"",,"","","",,,
"07-52-31-91",9,12,,"","Male","Grandchild","5",,"Subiya",,"","Nursey/ Kindergarten/ECD","Yes",,"",600,"","","",,,
"07-52-31-91",10,12,,"","Female","Niece/Nephew","14",,"Subiya",,"","Form 1","Yes",,"",,"","","","No",,
"99-68-20-94",1,12,,"","Female","Self/Head","59","Married monogamously","Subiya","Protestant demoninantions (incl all non-catholic denominations)","","No formal education","No","Parents did not want","",,"","","","No",,
"99-68-20-94",2,5,"New arrivals - Other economic reasons","","Female","Child/Adopted Child","39",,"Subiya",,"","Form 3","No","Poor academic progress","",,"","","","Yes","Yes","No"
"99-68-20-94",3,12,,"","Male","Child/Adopted Child","30",,"Subiya",,"","Form 5","No","Poor academic progress","",,"","","","No",,
"99-68-20-94",5,12,,"","Male","Grandchild","3",,"Subiya",,"",,"No","Parents did not want","",,"","","",,,
"99-68-20-94",6,12,,"","Male","Grandchild","3",,"Subiya",,"",,"No","Parents did not want","",,"","","",,,
"99-68-20-94",7,12,,"","Female","Grandchild","10",,"Subiya",,"","Standard 5","Yes",,"",,"","","",,,
"84-66-38-33",1,12,,"","Female","Self/Head","44","Never Married","Nyemba","Protestant demoninantions (incl all non-catholic denominations)","","Form 2","No","Poor academic progress","",,"","","","Yes","Yes","Yes"
"84-66-38-33",2,12,,"","Female","Child/Adopted Child","14",,"Molete Tswana sub group",,"","Form 1","Yes",,"",,"","","","No",,
"84-66-38-33",3,12,,"","Female","Niece/Nephew","9",,"Molete Tswana sub group",,"","Standard 2","Yes",,"",,"","","",,,
"84-66-38-33",4,12,,"","Male","Grandchild","1",,"Mmirwa",,"",,"No","I don't Know","",,"","","",,,
"39-36-01-20",1,12,,"","Female","Self/Head","54","Never Married","Ngwato","Catholic","","Form 3","No","Poor academic progress","",,"","","","Yes","Yes","No"
"39-36-01-20",2,12,,"","Male","Other Non-Relative","60",,"Mbukushu",,"","Standard 3","No","Poor academic progress","",,"","","","Yes","Yes","No"
"39-36-01-20",3,12,,"","Female","Child/Adopted Child","19",,"Kalanga",,"","Form 5","No","Poor academic progress","",,"","","","No",,
"39-36-01-20",4,12,,"","Female","Child/Adopted Child","12",,"Mbukushu",,"","Standard 6","Yes",,"",,"","","","No",,
"39-36-01-20",5,12,,"","Male","Grandchild","5",,"Kalanga",,"","Nursey/ Kindergarten/ECD","Yes",,"",100,"","","",,,
"05-30-74-26",1,12,,"","Female","Son/Daughter-In-Law","34",,"Kgalagadi",,"","University level",,,"",,"Gaborone Institute of Professional Studies","2017","Honors in Travel and Tourism Management","No",,
"05-30-74-26",2,12,,"","Female","Self/Head","55","Divorced /Separated","Subiya","Protestant demoninantions (incl all non-catholic denominations)","","Standard 4","No","Had to help at home","",,"","","","No",,
"05-30-74-26",3,12,,"","Male","Child/Adopted Child","33",,"Subiya",,"","Form 3","No","Poor academic progress","",,"","","","Yes","Yes","No"
"05-30-74-26",4,12,,"","Male","Other Relative","63",,"Hambukushu",,"","Standard 7","No","Too expensive","",,"","","","No",,
"05-30-74-26",5,12,,"","Female","Grandchild","11",,"Kgalagadi",,"","Standard 5","Yes",,"",,"","","","No",,
"22-19-53-02",1,12,,"","Female","Self/Head","35","Never Married","Subiya","Other➡️ Please specify","christianity","Form 3","No","Poor academic progress","",,"","","","Yes","Yes","No"
"22-19-53-02",2,12,,"","Male","Sister/Brother","30",,"subiya",,"","Form 3","No","Poor academic progress","",,"","","","No",,
"22-19-53-02",3,12,,"","Female","Sister/Brother","24",,"subiya",,"","Standard 6","No","Other","person living with disabilities",,"","","","No",,
"22-19-53-02",4,12,,"","Male","Niece/Nephew","5",,"subiya",,"","Nursey/ Kindergarten/ECD","Yes",,"",500,"","","",,,
"22-19-53-02",5,12,,"","Female","Niece/Nephew","5",,"subiya",,"","Nursey/ Kindergarten/ECD","Yes",,"",500,"","","",,,
"22-19-53-02",6,12,,"","Female","Niece/Nephew","1",,"subiya",,"",,"No","Other","still young",,"","","",,,
"20-37-92-05",1,12,,"","Male","Child/Adopted Child","38",,"YEYI",,"","Form 3","No","Poor academic progress","",,"","","","No",,
"20-37-92-05",2,12,,"","Female","Niece/Nephew","26",,"SAN",,"","Form 5","No","Poor academic progress","",,"","","","Yes","Yes","No"
"20-37-92-05",3,12,,"","Female","Child/Adopted Child","27",,"HAMBUKUSHU",,"","Form 3","No","Poor academic progress","",,"","","","Yes","Yes","No"
"20-37-92-05",4,10,"Members that left - Other (Specify)","VISITED RELATIVES","Female","Son/Daughter-In-Law","23",,"SAN",,"","Form 3","No","Poor academic progress","",,"","","","Yes","Yes","No"
"20-37-92-05",5,12,,"","Male","Child/Adopted Child","26",,"HAMBUKUSHU",,"","Form 3","No","Poor academic progress","",,"","","","No",,
"20-37-92-05",6,12,,"","Male","Child/Adopted Child","31",,"YEYI",,"","Form 3","No","Poor academic progress","",,"","","","No",,
"20-37-92-05",7,12,,"","Male","Self/Head","55","Never Married","HAMBUKUSHU","Non-religious","","No formal education","No","Not willing to attend further","",,"","","","No",,
"67-95-64-84",1,12,,"","Male","Self/Head","47","Never Married","KALANGA","Non-religious","","Form 3","No","Had to help at home","",,"","","","No",,
"67-95-64-84",2,12,,"","Female","Wife/Husband","53",,"SUBIYA",,"","Standard 7","No","Had to help with family","",,"","","","No",,
"67-95-64-84",3,12,,"","Male","Child/Adopted Child","8",,"KALANGA",,"","Standard 2","Yes",,"",,"","","",,,
"67-07-39-08",1,12,,"","Female","Self/Head","42","Never Married","Hambukushu","Protestant demoninantions (incl all non-catholic denominations)","","Standard 7","No","Had to help with family","",,"","","","Yes","Yes","No"
"67-07-39-08",2,12,,"","Female","Niece/Nephew","18",,"hambukushu",,"","Form 3","No","Had to help with family","",,"","","","No",,
"67-07-39-08",3,12,,"","Female","Child/Adopted Child","19",,"Hambukushu",,"","Form 5","No","Other","Awaiting university",,"","","","No",,
"72-66-07-18",1,12,,"","Female","Self/Head","51","Never Married","Motalaote","Protestant demoninantions (incl all non-catholic denominations)","","Standard 7","No","Other","poverty in the family, parents could not pay for school fees",,"","","","No",,
"72-66-07-18",2,12,,"","Male","Other Non-Relative","45",,"Kalanga",,"","Form 3","No","Had to help at home","",,"","","","Yes","Yes","No"
"72-69-50-37",1,12,,"","Female","Self/Head","45","Never Married","Kalanga","Other➡️ Please specify","Christianity","No formal education","No","Parents did not want","",,"","","","No",,
"53-41-55-25",1,12,,"","Male","Child/Adopted Child","35",,"Monanjwa",,"","Standard 3","No","Too expensive","",,"","","","No",,
"53-41-55-25",2,12,,"","Male","Brother/Sister-In-Law","45",,"Mosobeya",,"","Other educational training","No","Too expensive","",,"","","","Yes","Yes","No"
"53-41-55-25",3,12,,"","Male","Child/Adopted Child","13",,"Monanjwa",,"","Form 1","Yes",,"",,"","","","No",,
"99-40-82-80",1,12,,"","Female","Wife/Husband","62",,"Lozi",,"","Form 3","No","Completed desired schooling","",,"","","","Yes","Yes","Yes"
"99-40-82-80",2,12,,"","Female","Grandchild","13",,"Hambukushu",,"","Standard 7","Yes",,"",,"","","","No",,
"99-40-82-80",3,12,,"","Male","Grandchild","8",,"Hambukushu",,"","Standard 2","Yes",,"",,"","","",,,
"23-54-03-81",1,12,,"","Male","Self/Head","50","Never Married","MOROTSI","Non-religious","","Standard 7","No","Poor academic progress","",,"","","","Yes","Yes","No"
"23-54-03-81",4,12,,"","Male","Niece/Nephew","16",,"MOSUBIA",,"","Form 2","Yes",,"",,"","","","No",,
"27-20-78-36",1,12,,"","Male","Self/Head","49","Married monogamously","Mosubiya","Protestant demoninantions (incl all non-catholic denominations)","","Form 2","No","Poor academic progress","",,"","","","Yes","Yes","No"
"27-20-78-36",2,12,,"","Female","Wife/Husband","42",,"Mosarwa",,"","Form 5","No","Not willing to attend further","",,"","","","Yes","Yes","No"
"27-20-78-36",3,4,"Members that left - Education","","Female","Child/Adopted Child","17",,"Mosubiya",,"","Form 4","Yes",,"",,"","","","No",,
"27-20-78-36",4,8,"Members that left - Looking for work elsewhere","","Male","Child/Adopted Child","28",,"Mosubiya",,"","University level",,,"",,"Botho University","2019","Network and Computer Forensics","No",,
"27-20-78-36",6,12,,"","Female","Child/Adopted Child","18",,"Mosubiya",,"","Form 5","Yes",,"",,"","","","Yes","Yes","No"
"84-90-94-70",1,11,"Members that left - Other (Specify)","visiting family members","Female","Self/Head","63","Never Married","Barotsi","Catholic","","Form 2","No","Sickness or calamity in family","",,"","","","No",,
"84-90-94-70",2,5,"New arrivals - Bad living conditions at home","","Female","Other Relative","23",,"Barotsi",,"","Adult Literacy","Yes",,"",,"","","","No",,
"03-79-50-93",1,12,,"","Male","Self/Head","39","Never Married","Nanjwa","Catholic","","Form 3","No","Sickness or calamity in family","",,"","","","Yes","No","Yes"
"03-79-50-93",2,12,,"","Female","Sister/Brother","35",,"Nanjwa",,"","No formal education","No","Too far away","",,"","","","Yes","Yes","No"
"03-79-50-93",3,12,,"","Male","Child/Adopted Child","17",,"Namjwa",,"","Form 3","No","Poor academic progress","",,"","","","No",,
"03-79-50-93",4,12,,"","Male","Niece/Nephew","17",,"Kalanga",,"","Form 3","No","Poor academic progress","",,"","","","No",,
"03-79-50-93",5,6,"New arrivals - Education","","Female","Child/Adopted Child","15",,"Nanjwa",,"","Form 2","Yes",,"",,"","","","No",,
"83-85-13-86",1,12,,"","Female","Self/Head","33","Never Married","San","Catholic","","Form 5","No","Too expensive","",,"","","","No",,
"83-85-13-86",2,12,,"","Male","Sister/Brother","24",,"San",,"","Form 3","No","Poor academic progress","",,"","","","No",,
"83-85-13-86",3,12,,"","Female","Child/Adopted Child","12",,"San",,"","Standard 7","Yes",,"",,"","","","No",,
"83-85-13-86",4,12,,"","Female","Niece/Nephew","9",,"San",,"","Standard 4","Yes",,"",,"","","",,,
"83-85-13-86",5,12,,"","Female","Child/Adopted Child","6",,"Kalanga",,"","Standard 1","Yes",,"",,"","","",,,
"83-85-13-86",6,12,,"","Male","Child/Adopted Child","3",,"Kalanga",,"",,"No","Other","he is still young",,"","","",,,
"91-24-08-83",1,12,,"","Female","Self/Head","37","Never Married","MOSUBIYA","Other➡️ Please specify","Christianity","Form 5","No","Poor academic progress","",,"","","","Yes","Yes","Yes"
"91-24-08-83",2,12,,"","Female","Sister/Brother","39",,"mosubiya",,"","University level",,,"",,"Zimbabwe college","2007","diploma in Chef","Yes","Yes","No"
"91-24-08-83",3,12,,"","Male","Sister/Brother","29",,"Mosubiya",,"","University level",,,"",,"Gips","2017","Tourism and hospitality management","Yes","Yes","No"
"25-32-96-44",1,12,,"","Female","Self/Head","64","Widow/ Widower","Subiya","Protestant demoninantions (incl all non-catholic denominations)","","Standard 3","Yes",,"",,"","","","Yes","Yes","No"
"25-32-96-44",2,12,,"","Female","Child/Adopted Child","25",,"Subiya",,"","Form 5","No","Had to help with family","",,"","","","Yes","Yes","No"
"97-99-83-33",1,12,,"","Male","Self/Head","35","Never Married","Mosubiya","Protestant demoninantions (incl all non-catholic denominations)","","Form 3","No","Completed desired schooling","",,"","","","No",,
"97-99-83-33",2,12,,"","Female","Other Non-Relative","36",,"Kalanga",,"","Form 5","No","Completed desired schooling","",,"","","","No",,
"55-35-77-06",1,11,"New arrivals - To look for work","","Male","Self/Head","30","Never Married","Subiya","African Traditional religion","","Form 3","No","Poor academic progress","",,"","","","No",,
"05-01-06-84",1,12,,"","Female","Sister/Brother","46",,"Ndebele",,"","Form 3","No","Poor academic progress","",,"","","","No",,
"05-01-06-84",2,12,,"","Female","Sister/Brother","44",,"Ndebele",,"","Form 3","No","Poor academic progress","",,"","","","Yes","Yes","No"
"05-01-06-84",3,12,,"","Male","Sister/Brother","34",,"Ndebele",,"","Form 5","No","Poor academic progress","",,"","","","No",,
"05-01-06-84",4,12,,"","Female","Sister/Brother","37",,"Ndebele",,"","Form 3","No","Poor academic progress","",,"","","","No",,
"05-01-06-84",5,12,,"","Female","Niece/Nephew","7",,"Ndebele",,"","Standard 3","Yes",,"",,"","","",,,
"05-01-06-84",6,12,,"","Male","Niece/Nephew","13",,"Ndebele",,"","Standard 7","Yes",,"",,"","","","No",,
"05-01-06-84",7,3,"Members that left - Looking for work elsewhere","","Male","Other Relative","23",,"Ngwato",,"","University level",,,"",,"Botswana accountancy college","2022","Computer systems engineering","Yes","Yes","No"
"05-01-06-84",8,12,,"","Female","Niece/Nephew","9",,"mmirwa",,"","Standard 5","Yes",,"",,"","","",,,
"05-01-06-84",9,12,,"","Female","Niece/Nephew","16",,"Ndebele",,"","Standard 7","Yes",,"",,"","","","No",,
"05-01-06-84",10,12,,"","Female","Niece/Nephew","3",,"Ndebele",,"",,"No","Other","too young",,"","","",,,
"49-78-46-84",1,12,,"","Male","Self/Head","34","Never Married","SUBIYA","Non-religious","","Form 3","No","Poor academic progress","",,"","","","No",,
"49-78-46-84",2,12,,"","Female","Wife/Husband","33",,"KALANGA",,"","Form 5","No","Poor academic progress","",,"","","","No",,
"49-78-46-84",3,12,,"","Male","Child/Adopted Child","4",,"SUBIYA",,"",,"No","Other","TOO YOUNG TO START SCHOOL",,"","","",,,
"49-78-46-84",4,12,,"","Female","Child/Adopted Child","3",,"SUBIYA",,"",,"No","Other","YOUNG TO START SCHOOL",,"","","",,,
"49-78-46-84",5,12,,"","Female","Child/Adopted Child","Less than 1 year",,"SUBIYA",,"",,"No","Other","STILL A BABY",,"","","",,,
"96-34-51-79",1,12,,"","Female","Self/Head","57","Married monogamously","Herero","Other➡️ Please specify","Christianity","Standard 7","No","Poor academic progress","",,"","","","Yes","Yes","No"
"96-34-51-79",2,12,,"","Male","Son/Daughter-In-Law","40",,"Herero",,"","Form 1","No","Other","says living conditions was not favorable",,"","","","No",,
"96-34-51-79",3,12,,"","Male","Son/Daughter-In-Law","40",,"Herero",,"","Form 3","No","Poor academic progress","",,"","","","No",,
"96-34-51-79",4,12,,"","Male","Son/Daughter-In-Law","36",,"herero",,"","Form 3","No","Poor academic progress","",,"","","","No",,
"96-34-51-79",5,12,,"","Male","Son/Daughter-In-Law","34",,"Herero",,"","Form 1","No","Refused to answer","",,"","","","No",,
"96-34-51-79",6,12,,"","Female","Son/Daughter-In-Law","26",,"herero",,"","Form 5","No","Poor academic progress","",,"","","","No",,
"96-34-51-79",7,12,,"","Female","Son/Daughter-In-Law","20",,"herero",,"","Form 3","No","Poor academic progress","",,"","","","Yes","Yes","No"
"96-34-51-79",8,12,,"","Female","Grandchild","5",,"Herero",,"","Nursey/ Kindergarten/ECD","Yes",,"",3000,"","","",,,
"96-34-51-79",9,12,,"","Female","Grandchild","14",,"hambukushu",,"","Form 2","Yes",,"",,"","","","No",,
"96-34-51-79",10,12,,"","Female","Grandchild","12",,"hambukushu",,"","Standard 6","Yes",,"",,"","","","No",,
"96-34-51-79",11,12,,"","Female","Grandchild","1",,"herero",,"",,"No","Other","toddler",,"","","",,,
"96-34-51-79",12,12,,"","Female","Grandchild","Less than 1 year",,"herero",,"",,"No","Other","toddler",,"","","",,,
"96-34-51-79",13,12,,"","Female","Grandchild","Less than 1 year",,"herero",,"",,"No","Other","Toddler",,"","","",,,
"96-34-51-79",14,12,,"","Male","Grandchild","1",,"herero",,"",,"No","Other","toddler",,"","","",,,
"96-34-51-79",15,12,,"","Male","Grandchild","Less than 1 year",,"herero",,"",,"No","Other","toddler",,"","","",,,
"05-90-60-44",1,12,,"","Female","Wife/Husband","41",,"Yeyi",,"","Form 3","No","Poor academic progress","",,"","","","No",,
"05-90-60-44",2,12,,"","Male","Self/Head","47","Married monogamously","Subiya","Protestant demoninantions (incl all non-catholic denominations)","","Form 3","No","Poor academic progress","",,"","","","Yes","Yes","No"
"05-90-60-44",3,12,,"","Male","Child/Adopted Child","14",,"Subiya",,"","Form 2","Yes",,"",,"","","","No",,
"05-90-60-44",4,12,,"","Female","Child/Adopted Child","4",,"Subiya",,"",,"No","Parents did not want","",,"","","",,,
"32-72-73-42",1,12,,"","Male","Self/Head","52","Married monogamously","KALANGA","Non-religious","","Form 2","No","Completed desired schooling","",,"","","","Yes","Yes","No"
"32-72-73-42",2,12,,"","Female","Wife/Husband","48",,"SUBIA",,"","Standard 7","No","Not willing to attend further","",,"","","","No",,
"32-72-73-42",3,12,,"","Male","Child/Adopted Child","23",,"KALANGA",,"","Form 3","No","Poor academic progress","",,"","","","Yes","Yes","No"
"32-72-73-42",4,12,,"","Male","Child/Adopted Child","15",,"KALANGA",,"","Standard 7","Yes",,"",,"","","","No",,
"32-72-73-42",5,12,,"","Male","Child/Adopted Child","12",,"KALANGA",,"","Standard 5","Yes",,"",,"","","","No",,
"32-72-73-42",6,12,,"","Male","Brother/Sister-In-Law","31",,"YEYI",,"","Form 3","No","Poor academic progress","",,"","","","Yes","Yes","No"
"32-72-73-42",7,12,,"","Female","Niece/Nephew","20",,"TSWANA",,"","Form 3","No","Poor academic progress","",,"","","","No",,
"32-72-73-42",8,12,,"","Female","Niece/Nephew","27",,"SUBIA",,"","Form 5","No","Not willing to attend further","",,"","","","No",,
"32-72-73-42",9,12,,"","Male","Niece/Nephew","5",,"SUBIA",,"","Nursey/ Kindergarten/ECD","Yes",,"",5100,"","","",,,
"32-72-73-42",10,12,,"","Female","Niece/Nephew","6",,"HAMBUKUSHU",,"","Nursey/ Kindergarten/ECD","Yes",,"",,"","","",,,
"32-72-73-42",11,12,,"","Female","Brother/Sister-In-Law","49",,"SUBIA",,"","Standard 7","No","Had to help at home","",,"","","","No",,
"32-72-73-42",12,12,,"","Female","Niece/Nephew","25",,"SUBIA",,"","Form 3","No","Had to help at home","",,"","","","No",,
"32-72-73-42",13,12,,"","Female","Child/Adopted Child","29",,"SUBIA",,"","Form 3","No","Had to help at home","",,"","","","No",,
"94-88-32-78",1,12,,"","Female","Self/Head","53","Widow/ Widower","subiya","Other➡️ Please specify","Christianity","Standard 7","No","Poor academic progress","",,"","","","Yes","Yes","No"
"94-88-32-78",2,12,,"","Female","Sister/Brother","43",,"subiya",,"","Standard 7","No","Not willing to attend further","",,"","","","No",,
"94-88-32-78",3,12,,"","Male","Niece/Nephew","28",,"subiya",,"","Form 5","No","Poor academic progress","",,"","","","Yes","Yes","No"
"94-88-32-78",4,12,,"","Female","Niece/Nephew","26",,"subiya",,"","Form 5","No","Poor academic progress","",,"","","","Yes","Yes","No"
"94-88-32-78",5,12,,"","Female","Child/Adopted Child","23",,"subiya",,"","Standard 7","No","Pregnancy","",,"","","","Yes","Yes","No"
"94-88-32-78",6,12,,"","Female","Niece/Nephew","17",,"subiya",,"","Form 3","No","Poor academic progress","",,"","","","No",,
"94-88-32-78",7,12,,"","Female","Niece/Nephew","15",,"subiya",,"","Form 2","Yes",,"",,"","","","No",,
"94-88-32-78",8,12,,"","Male","Child/Adopted Child","12",,"subiya",,"","Standard 5","Yes",,"",,"","","","No",,
"94-88-32-78",9,12,,"","Female","Niece/Nephew","12",,"subiya",,"","Standard 6","Yes",,"",,"","","","No",,
"94-88-32-78",10,12,,"","Female","Niece/Nephew","8",,"subiya",,"","Standard 2","Yes",,"",,"","","",,,
"94-88-32-78",11,12,,"","Male","Niece/Nephew","8",,"subiya",,"","Standard 2","Yes",,"",,"","","",,,
"94-88-32-78",12,12,,"","Male","Grandchild","8",,"subiya",,"","Standard 1","Yes",,"",,"","","",,,
"94-88-32-78",13,12,,"","Female","Grandchild","4",,"subiya",,"",,"Yes",,"",0,"","","",,,
"94-88-32-78",14,12,,"","Female","Niece/Nephew","3",,"subiya",,"",,"No","Too expensive","",,"","","",,,
"94-88-32-78",15,12,,"","Female","Niece/Nephew","4",,"subiya",,"",,"Yes",,"",0,"","","",,,
"94-88-32-78",16,12,,"","Male","Other Non-Relative","54",,"Kalanga",,"","Standard 7","No","Not willing to attend further","",,"","","","Yes","Yes","No"
"94-88-32-78",17,12,,"","Male","Niece/Nephew","29",,"subiya",,"","Form 3","No","Poor academic progress","",,"","","","No",,
"18-56-14-23",1,12,,"","Male","Self/Head","60","Never Married","Subia","Protestant demoninantions (incl all non-catholic denominations)","","Standard 7","No","Had to help with farm work","",,"","","","No",,
"84-22-47-37",1,12,,"","Male","Self/Head","55","Never Married","Mosarwa","African Traditional religion","","Standard 5","No","Completed desired schooling","",,"","","","No",,
"84-22-47-37",2,12,,"","Female","Other Non-Relative","48",,"Motawana",,"","No formal education","No","Had to help at home","",,"","","","No",,
"84-22-47-37",3,12,,"","Male","Niece/Nephew","39",,"Mosarwa",,"","Standard 7","Yes",,"",,"","","","Yes","Yes","No"
"84-22-47-37",4,12,,"","Male","Niece/Nephew","37",,"Mosarwa",,"","Standard 3","No","Poor academic progress","",,"","","","No",,
"44-69-61-71",1,12,,"","Male","Self/Head","30","Married monogamously","Kalanga","Catholic","","Form 5","No","Poor academic progress","",,"","","","Yes","No","Yes"
"44-69-61-71",2,12,,"","Female","Wife/Husband","33",,"Nambya",,"","Form 3","No","Pregnancy","",,"","","","Yes","No","Yes"
"44-69-61-71",3,6,"New arrivals - Education","","Female","Child/Adopted Child","16",,"Kalanga",,"","Form 4","Yes",,"",,"","","","No",,
"44-69-61-71",4,12,,"","Female","Child/Adopted Child","12",,"Kalanga",,"","Standard 7","Yes",,"",,"","","","No",,
"44-69-61-71",5,12,,"","Female","Child/Adopted Child","6",,"Kalanga",,"","Standard 1","Yes",,"",,"","","",,,
"44-69-61-71",6,12,,"","Male","Child/Adopted Child","2",,"Kalanga",,"",,"No","Other","he is still young",,"","","",,,
"44-69-61-71",7,12,,"","Female","Sister/Brother","15",,"Kalanga",,"","Form 3","Yes",,"",,"","","","No",,
"05-76-24-30",1,12,,"","Male","Self/Head","51","Never Married","Subiya","Protestant demoninantions (incl all non-catholic denominations)","","Form 5","Yes",,"",,"","","","Yes","Yes","Yes"
"05-76-24-30",3,12,,"","Female","Brother/Sister-In-Law","37",,"Tswana Subgroup",,"","Form 5","No","Other","No family",,"","","","No",,
"05-76-24-30",4,12,,"","Female","Niece/Nephew","13",,"Subiya",,"","Form 2","Yes",,"",,"","","","No",,
"05-76-24-30",5,12,,"","Male","Niece/Nephew","11",,"Subiya",,"","Standard 6","Yes",,"",,"","","","No",,
"05-76-24-30",6,12,,"","Female","Niece/Nephew","8",,"Subiya",,"","Standard 3","Yes",,"",,"","","",,,
"05-76-24-30",7,12,,"","Female","Niece/Nephew","8",,"Subiya",,"","Standard 3","Yes",,"",,"","","",,,
"72-65-35-75",1,12,,"","Male","Self/Head","69","Never Married","San","Protestant demoninantions (incl all non-catholic denominations)","","No formal education","No","Parents did not want","",,"","","","No",,
"72-65-35-75",2,12,,"","Female","Other Non-Relative","56",,"Rotsi",,"","Standard 3","No","Poor academic progress","",,"","","","Yes","Yes","Yes"
"72-65-35-75",3,12,,"","Male","Child/Adopted Child","32",,"Kalanga",,"","Form 3","No","Poor academic progress","",,"","","","No",,
"72-65-35-75",4,12,,"","Female","Child/Adopted Child","26",,"San",,"","Form 3","No","Poor academic progress","",,"","","","No",,
"72-65-35-75",5,1,"Members that left - Education","","Female","Child/Adopted Child","17",,"San",,"","Form 3","Yes",,"",,"","","","No",,
"72-65-35-75",6,12,,"","Male","Grandchild","8",,"Kalanga",,"","Standard 2","Yes",,"",,"","","",,,
"72-65-35-75",7,12,,"","Female","Grandchild","12",,"Kalanga",,"","Standard 6","Yes",,"",,"","","","No",,
"92-30-60-06",1,12,,"","Male","Self/Head","28","Never Married","Subiya","Catholic","","Other educational training","No","Poor school quality","",,"","","","Yes","Yes","No"
"94-77-43-36",1,12,,"","Female","Self/Head","36","Never Married","subiya","Protestant demoninantions (incl all non-catholic denominations)","","University level",,,"",,"Chobe brigade","2012","Auto‐mechanic","No",,
"94-77-43-36",2,5,"New arrivals - To look for work","","Male","Sister/Brother","32",,"subiya",,"","Form 5","No","Completed desired schooling","",,"","","","No",,
"94-77-43-36",3,12,,"","Female","Child/Adopted Child","14",,"subiya",,"","Form 2","Yes",,"",,"","","","No",,
"94-77-43-36",4,12,,"","Male","Child/Adopted Child","9",,"subiya",,"","Standard 3","Yes",,"",,"","","",,,
"94-77-43-36",5,12,,"","Male","Child/Adopted Child","3",,"subiya",,"",,"No","Other","he is a minor",,"","","",,,
"72-37-57-39",1,12,,"","Male","Self/Head","37","Never Married","KGALAGADI","Non-religious","","Form 3","No","Poor academic progress","",,"","","","Yes","Yes","No"
"76-02-50-71",1,12,,"","Female","Self/Head","48","Never Married","Nanjwa","Catholic","","Form 2","No","Sickness or calamity in family","",,"","","","Yes","No","Yes"
"76-02-50-71",2,12,,"","Male","Child/Adopted Child","23",,"Tawana",,"","Form 5","No","Poor academic progress","",,"","","","Yes","No","Yes"
"76-02-50-71",3,12,,"","Female","Son/Daughter-In-Law","20",,"San",,"","Form 3","No","Poor academic progress","",,"","","","No",,
"76-02-50-71",4,12,,"","Female","Niece/Nephew","11",,"San",,"","Standard 6","Yes",,"",,"","","","No",,
"76-02-50-71",5,12,,"","Male","Child/Adopted Child","4",,"Nanjwa",,"",,"No","Other","he is still young",,"","","",,,
"76-02-50-71",6,12,,"","Male","Grandchild","2",,"Subiya",,"",,"No","Other","still young",,"","","",,,
"76-02-50-71",7,6,"New arrivals - Education","","Female","Child/Adopted Child","20",,"San",,"","Form 5","Yes",,"",,"","","","No",,
"76-02-50-71",8,6,"New arrivals - Education","","Female","Child/Adopted Child","13",,"Tlokwa",,"","Form 1","Yes",,"",,"","","","No",,
"75-53-97-04",1,12,,"","Female","Self/Head","57","Married monogamously","Subiya","Protestant demoninantions (incl all non-catholic denominations)","","Standard 7","No","Poor academic progress","",,"","","","No",,
"75-53-97-04",2,12,,"","Male","Wife/Husband","73",,"Subiya",,"","Standard 7","No","Not willing to attend further","",,"","","","No",,
"75-53-97-04",3,12,,"","Male","Grandchild","4",,"Subiya",,"",,"No","Too expensive","",,"","","",,,
"61-20-94-35",1,12,,"","Male","Self/Head","63","Never Married","Bemba","Catholic","","Form 5","No","Completed desired schooling","",,"","","","No",,
"61-20-94-35",2,12,,"","Female","Wife/Husband","61",,"Bemba",,"","Other educational training","No","Completed desired schooling","",,"","","","Yes","Yes","No"
"61-20-94-35",3,12,,"","Male","Grandchild","5",,"Bemba",,"","Nursey/ Kindergarten/ECD","Yes",,"",1000,"","","",,,
"61-20-94-35",4,12,,"","Female","Grandchild","3",,"Bemba",,"",,"Yes",,"",1000,"","","",,,
"61-20-94-35",5,12,,"","Male","Grandchild","3",,"Bemba",,"",,"Yes",,"",2500,"","","",,,
"33-94-27-06",1,12,,"","Female","Self/Head","74","Widow/ Widower","Najwa","African Traditional religion","","Standard 6","No","Parents did not want","",,"","","","No",,
"33-94-27-06",2,12,,"","Female","Child/Adopted Child","57",,"najwa",,"","Standard 6","No","Parents did not want","",,"","","","No",,
"33-94-27-06",3,12,,"","Female","Child/Adopted Child","42",,"Najwa",,"","Form 3","No","Poor academic progress","",,"","","","No",,
"33-94-27-06",4,12,,"","Female","Grandchild","38",,"najwa",,"","Form 3","No","Poor academic progress","",,"","","","No",,
"33-94-27-06",5,12,,"","Male","Grandchild","5",,"Najwa",,"","Nursey/ Kindergarten/ECD","Yes",,"",3000,"","","",,,
"33-94-27-06",6,12,,"","Male","Grandchild","4",,"Najwa",,"",,"Yes",,"",3000,"","","",,,
"02-07-42-94",1,12,,"","Male","Self/Head","42","Never Married","san","African Traditional religion","","No formal education","No","Parents did not want","",,"","","","No",,
"02-07-42-94",2,12,,"","Female","Wife/Husband","42",,"khurutshe",,"","Form 2","No","Parents did not want","",,"","","","No",,
"48-79-63-92",1,1,"New arrivals - Other economic reasons","","Male","Self/Head","52","Married monogamously","Mmirwa","Protestant demoninantions (incl all non-catholic denominations)","","Form 5","No","Poor academic progress","",,"","","","Yes","Yes","No"
"48-79-63-92",2,1,"New arrivals - Marriage","","Female","Wife/Husband","43",,"Tawana",,"","Form 3","No","Poor academic progress","",,"","","","No",,
"48-79-63-92",3,1,"New arrivals - Education","","Female","Child/Adopted Child","5",,"Mmirwa",,"","Nursey/ Kindergarten/ECD","Yes",,"",3000,"","","",,,
"48-79-63-92",4,1,"New arrivals - Education","","Male","Child/Adopted Child","14",,"mmirwa",,"","Form 2","Yes",,"",,"","","","No",,
"48-79-63-92",5,1,"New arrivals - Education","","Female","Child/Adopted Child","8",,"mmirwa",,"","Standard 3","Yes",,"",,"","","",,,
"87-31-98-00",1,12,,"","Female","Self/Head","36","Never Married","San","Catholic","","Standard 6","No","Too expensive","",,"","","","Yes","No","Yes"
"87-31-98-00",2,12,,"","Female","Child/Adopted Child","12",,"San",,"","Standard 7","Yes",,"",,"","","","No",,
"87-31-98-00",3,12,,"","Male","Child/Adopted Child","3",,"San",,"",,"No","Other","he is still young",,"","","",,,
"68-12-26-88",1,9,"New arrivals - New born","","Female","Other Non-Relative","20",,"Kalanga",,"","Form 3","No","Had to help with family","",,"","","","Yes","Yes","No"
"68-12-26-88",2,9,"New arrivals - Other economic reasons","","Male","Self/Head","26","Never Married","San","Protestant demoninantions (incl all non-catholic denominations)","","Form 3","No","Had to help with family","",,"","","","Yes","Yes","No"
"68-12-26-88",3,9,"New arrivals - New born","","Male","Child/Adopted Child","1",,"Kalanga",,"",,"No","Too expensive","",,"","","",,,
"21-07-91-22",1,12,,"","Female","Self/Head","70","Widow/ Widower","Subiya","Protestant demoninantions (incl all non-catholic denominations)","","Other educational training","No","Had to help with family","",,"","","","No",,
"21-07-91-22",2,12,,"","Male","Child/Adopted Child","51",,"Subiya",,"","Form 3","No","Completed desired schooling","",,"","","","Yes","Yes","No"
"21-07-91-22",3,12,,"","Female","Child/Adopted Child","44",,"Subiya",,"","Form 2","No","Too expensive","",,"","","","Yes","Yes","No"
"21-07-91-22",4,12,,"","Male","Child/Adopted Child","40",,"Subiya",,"","No formal education","No","Other","He did not want to go to school",,"","","","No",,
"21-07-91-22",5,12,,"","Male","Child/Adopted Child","29",,"Subiya",,"","Form 3","No","Too expensive","",,"","","","No",,
"21-07-91-22",6,12,,"","Female","Grandchild","25",,"Kalanga",,"","Form 5","No","Poor academic progress","",,"","","","Yes","Yes","No"
"21-07-91-22",7,12,,"","Male","Grandchild","22",,"Yeyi",,"","Form 5","No","Too expensive","",,"","","","No",,
"21-07-91-22",8,12,,"","Female","Child/Adopted Child","31",,"Subiya",,"","Form 5","No","Completed desired schooling","",,"","","","Yes","Yes","No"
"59-08-91-97",1,12,,"","Male","Self/Head","49","Married monogamously","Tswana","Protestant demoninantions (incl all non-catholic denominations)","","Standard 7","No","Had to help at home","",,"","","","Yes","Yes","No"
"59-08-91-97",2,12,,"","Female","Wife/Husband","34",,"Tswana",,"","Form 5","No","Too expensive","",,"","","","Yes","Yes","No"
"59-08-91-97",3,12,,"","Female","Child/Adopted Child","8",,"Tswana",,"","Standard 2","Yes",,"",,"","","",,,
"15-39-44-44",1,12,,"","Female","Self/Head","56","Never Married","Kalanga","Other➡️ Please specify","Christianity","Standard 6","Yes",,"",,"","","","Yes","Yes","Yes"
"15-39-44-44",2,12,,"","Male","Other Non-Relative","62",,"Tswapong",,"","No formal education","No","I don't Know","",,"","","","No",,
"15-39-44-44",3,12,,"","Female","Child/Adopted Child","29",,"Kalanga",,"","Form 3","No","Poor academic progress","",,"","","","No",,
"15-39-44-44",4,12,,"","Female","Child/Adopted Child","25",,"kalanga",,"","University level",,,"",,"Baisago university","2021","Degree in law","Yes","Yes","No"
"15-39-44-44",5,12,,"","Female","Grandchild","10",,"Kalanga",,"","Standard 4","Yes",,"",,"","","",,,
"15-39-44-44",6,12,,"","Male","Grandchild","6",,"kalanga",,"","Standard 1","Yes",,"",,"","","",,,
"70-81-99-80",1,12,,"","Female","Wife/Husband","51",,"San",,"","Standard 1","No","Had to help with family","",,"","","","No",,
"70-81-99-80",2,12,,"","Male","Self/Head","56","Married monogamously","Mongwato","Non-religious","","Standard 7","No","Parents did not want","",,"","","","Yes","Yes","No"
"70-81-99-80",3,12,,"","Female","Child/Adopted Child","33",,"Mongwato",,"","Form 3","No","Poor academic progress","",,"","","","Yes","No","Yes"
"70-81-99-80",4,12,,"","Male","Child/Adopted Child","35",,"Mongwato",,"","Form 3","No","Poor academic progress","",,"","","","Yes","No","Yes"
"70-81-99-80",5,12,,"","Male","Child/Adopted Child","30",,"Mongwato",,"","Form 3","No","Poor academic progress","",,"","","","No",,
"70-81-99-80",6,12,,"","Female","Child/Adopted Child","28",,"Mongwato",,"","Form 3","No","Poor academic progress","",,"","","","No",,
"70-81-99-80",8,12,,"","Male","Grandchild","12",,"Mongwato",,"","Standard 6","Yes",,"",,"","","","No",,
"70-81-99-80",9,12,,"","Male","Grandchild","7",,"Mongwato",,"","Standard 2","Yes",,"",,"","","",,,
"70-81-99-80",10,12,,"","Male","Grandchild","3",,"Mongwato",,"",,"No","Other","too young",,"","","",,,
"57-32-99-06",1,12,,"","Male","Self/Head","44","Married monogamously","Ndebele","Protestant demoninantions (incl all non-catholic denominations)","","Form 4","No","Sickness or calamity in family","",,"","","","Yes","Yes","Yes"
"57-32-99-06",2,12,,"","Female","Wife/Husband","38",,"San",,"","Form 3","No","Poor academic progress","",,"","","","Yes","Yes","No"
"57-32-99-06",3,12,,"","Female","Niece/Nephew","25",,"San",,"","Form 3","No","Poor academic progress","",,"","","","No",,
"57-32-99-06",4,12,,"","Male","Child/Adopted Child","20",,"Ndebele",,"","Form 5","No","Too expensive","",,"","","","No",,
"57-32-99-06",5,6,"New arrivals - Education","","Female","Grandchild","18",,"San",,"","Form 3","No","Poor academic progress","",,"","","","No",,
"57-32-99-06",6,6,"New arrivals - Education","","Female","Niece/Nephew","18",,"San",,"","Form 5","No","Poor academic progress","",,"","","","No",,
"57-32-99-06",7,6,"New arrivals - Education","","Female","Child/Adopted Child","16",,"Ndebele",,"","Form 3","No","Poor academic progress","",,"","","","No",,
"57-32-99-06",8,12,,"","Female","Child/Adopted Child","10",,"Ndebele",,"","Standard 5","Yes",,"",,"","","",,,
"57-32-99-06",9,8,"New arrivals - New born","","Male","Child/Adopted Child","Less than 1 year",,"Ndebele",,"",,"No","Other","Minor",,"","","",,,
"60-00-51-13",1,12,,"","Female","Self/Head","59","Widow/ Widower","Subiya","Other➡️ Please specify","christian","Standard 7","Yes",,"",,"","","","Yes","Yes","No"
"60-00-51-13",2,12,,"","Male","Child/Adopted Child","28",,"subiya",,"","Form 5","No","Poor academic progress","",,"","","","Yes","Yes","No"
"60-00-51-13",3,12,,"","Male","Child/Adopted Child","23",,"subiya",,"","Form 4","No","Not willing to attend further","",,"","","","No",,
"60-00-51-13",4,12,,"","Female","Child/Adopted Child","22",,"subiya",,"","Form 5","No","Poor academic progress","",,"","","","Yes","Yes","No"
"60-00-51-13",5,12,,"","Female","Child/Adopted Child","13",,"subiya",,"","Standard 6","Yes",,"",,"","","","No",,
"60-00-51-13",6,12,,"","Female","Child/Adopted Child","26",,"subiya",,"","Form 3","No","Poor academic progress","",,"","","","No",,
"03-72-03-14",1,6,"New arrivals - To look for work","","Female","Child/Adopted Child","31",,"San",,"","Form 3","No","Had to help with family","",,"","","","No",,
"03-72-03-14",2,12,,"","Female","Self/Head","61","Never Married","San","Non-religious","","No formal education","No","Not willing to attend further","",,"","","","Yes","Yes","No"
"03-72-03-14",3,6,"New arrivals - To look for work","","Male","Other Non-Relative","31",,"Wayei",,"","Form 3","No","Completed desired schooling","",,"","","","No",,
"03-72-03-14",4,12,,"","Male","Grandchild","9",,"Shona",,"","Standard 3","Yes",,"",,"","","",,,
"03-72-03-14",5,12,,"","Male","Grandchild","4",,"Shona",,"",,"No","I don't Know","",,"","","",,,
"03-72-03-14",6,6,"New arrivals - New born","","Male","Grandchild","Less than 1 year",,"Wayei",,"",,"No","Other","Too young to go to school",,"","","",,,
"32-51-19-72",1,12,,"","Female","Self/Head","54","Never Married","san","African Traditional religion","","Standard 3","No","Parents did not want","",,"","","","No",,
"32-51-19-72",2,12,,"","Male","Child/Adopted Child","35",,"san",,"","Form 3","No","Poor academic progress","",,"","","","No",,
"32-51-19-72",3,12,,"","Male","Child/Adopted Child","33",,"san",,"","Standard 7","No","Poor academic progress","",,"","","","No",,
"32-51-19-72",4,12,,"","Male","Child/Adopted Child","28",,"san",,"","Form 3","No","Poor academic progress","",,"","","","No",,
"32-51-19-72",5,12,,"","Female","Child/Adopted Child","18",,"san",,"","Form 3","No","Poor academic progress","",,"","","","No",,
"32-51-19-72",6,12,,"","Male","Child/Adopted Child","14",,"san",,"","Form 3","Yes",,"",,"","","","No",,
"32-51-19-72",7,12,,"","Female","Grandchild","13",,"san",,"","Form 1","Yes",,"",,"","","","No",,
"32-51-19-72",8,12,,"","Male","Grandchild","7",,"san",,"","Standard 2","Yes",,"",,"","","",,,
"32-51-19-72",9,12,,"","Female","Grandchild","16",,"san",,"","Form 3","No","Poor academic progress","",,"","","","No",,
"32-51-19-72",10,12,,"","Female","Grandchild","15",,"san",,"","Form 3","Yes",,"",,"","","","No",,
"32-51-19-72",11,12,,"","Female","Grandchild","10",,"san",,"","Standard 4","Yes",,"",,"","","",,,
"32-51-19-72",12,12,,"","Female","Grandchild","3",,"san",,"",,"No","Other","still young",,"","","",,,
"32-51-19-72",13,4,"New arrivals - New born","","Female","Grandchild","Less than 1 year",,"san",,"",,"No","Other","still a baby",,"","","",,,
"32-51-19-72",14,12,,"","Female","Grandchild","3",,"san",,"",,"No","Other","still young",,"","","",,,
"95-19-87-73",1,12,,"","Male","Self/Head","62","Never Married","San","African Traditional religion","","Standard 7","No","Completed desired schooling","",,"","","","No",,
"95-19-87-73",2,12,,"","Male","Sister/Brother","50",,"san",,"","Standard 3","No","Completed desired schooling","",,"","","","Yes","Yes","No"
"95-19-87-73",3,12,,"","Male","Niece/Nephew","32",,"lozi",,"","Form 3","No","Too expensive","",,"","","","Yes","Yes","No"
"09-07-28-33",1,12,,"","Male","Child/Adopted Child","26",,"KALANGA",,"","Form 3","No","Poor academic progress","",,"","","","No",,
"09-07-28-33",2,12,,"","Female","Child/Adopted Child","23",,"KALANGA",,"","Form 3","No","Poor academic progress","",,"","","","Yes","Yes","No"
"09-07-28-33",3,12,,"","Male","Child/Adopted Child","32",,"KALANGA",,"","Form 2","No","Poor academic progress","",,"","","","No",,
"09-07-28-33",4,12,,"","Female","Child/Adopted Child","27",,"KALANGA",,"","Form 3","No","Poor academic progress","",,"","","","No",,
"09-07-28-33",5,12,,"","Male","Child/Adopted Child","33",,"KALANGA",,"","Form 3","No","Poor academic progress","",,"","","","No",,
"09-07-28-33",6,12,,"","Female","Grandchild","5",,"KALANGA",,"","Nursey/ Kindergarten/ECD","Yes",,"",0,"","","",,,
"09-07-28-33",7,12,,"","Female","Grandchild","11",,"NANJWA",,"","Standard 5","Yes",,"",,"","","","No",,
"82-76-66-89",1,12,,"","Male","Self/Head","32","Never Married","Tswana","African Traditional religion","","Form 5","No","Poor academic progress","",,"","","","Yes","Yes","Yes"
"82-76-66-89",2,12,,"","Female","Brother/Sister-In-Law","23",,"Subiya",,"","Form 3","No","Poor academic progress","",,"","","","Yes","Yes","No"
"82-76-66-89",3,12,,"","Female","Other Non-Relative","31",,"Subiya",,"","Form 5","No","Poor academic progress","",,"","","","Yes","Yes","No"
"82-76-66-89",4,12,,"","Female","Child/Adopted Child","3",,"Tswana",,"",,"No","Other","Still young",,"","","",,,
"82-76-66-89",5,12,,"","Female","Child/Adopted Child","5",,"Tswana",,"","No formal education","No","Other","Still young",,"","","",,,
"82-76-66-89",6,12,,"","Female","Child/Adopted Child","10",,"Tswana",,"","Standard 5","Yes",,"",,"","","",,,
"82-76-66-89",7,12,,"","Male","Brother/Sister-In-Law","20",,"Subiya",,"","Form 5","No","Too expensive","",,"","","","No",,
"32-84-70-99",1,12,,"","Male","Self/Head","26","Never Married","Khurutshe","Protestant demoninantions (incl all non-catholic denominations)","","Form 5","No","Other","Respondent is employed",,"","","","Yes","Yes","No"
"97-60-60-10",1,12,,"","Female","Child/Adopted Child","20",,"Yeyi",,"","Form 5","Yes",,"",,"","","","No",,
"97-60-60-10",2,12,,"","Female","Child/Adopted Child","31",,"Hambukushu",,"","Form 3","No","Too expensive","",,"","","","No",,
"97-60-60-10",3,12,,"","Female","Self/Head","39","Married monogamously","Hambukushu","African Traditional religion","","Form 3","No","Too expensive","",,"","","","Yes","Yes","No"
"77-34-61-84",1,12,,"","Male","Self/Head","68","Married monogamously","Subiya","Protestant demoninantions (incl all non-catholic denominations)","","Standard 7","No","Parents did not want","",,"","","","No",,
"77-34-61-84",2,12,,"","Female","Wife/Husband","55",,"Subiya",,"","Standard 7","No","Poor academic progress","",,"","","","No",,
"77-34-61-84",3,12,,"","Female","Child/Adopted Child","26",,"Subiya",,"","Form 5","No","Poor academic progress","",,"","","","Yes","Yes","No"
"77-34-61-84",4,12,,"","Male","Grandchild","1",,"Subiya",,"",,"No","Parents did not want","",,"","","",,,
"51-45-20-69",1,12,,"","Male","Self/Head","48","Married monogamously","SUBIYA","Protestant demoninantions (incl all non-catholic denominations)","","Form 3","No","Had to help at home","",,"","","","Yes","Yes","No"
"51-45-20-69",2,12,,"","Female","Wife/Husband","44",,"ZIMBABWEAN",,"","Form 3","No","Too expensive","",,"","","","Yes","Yes","No"
"51-45-20-69",3,4,"Members that left - Education","","Male","Child/Adopted Child","8",,"SUBIYA",,"","Standard 2","Yes",,"",,"","","",,,
"56-62-79-46",1,12,,"","Female","Self/Head","46","Never Married","Subiya","Catholic","","Form 2","No","Had to help with family","",,"","","","Yes","Yes","No"
"56-62-79-46",2,12,,"","Female","Child/Adopted Child","18",,"Subiya",,"","Form 5","Yes",,"",,"","","","No",,
"56-62-79-46",3,12,,"","Male","Child/Adopted Child","17",,"Subiya",,"","Form 3","No","Poor academic progress","",,"","","","Yes","Yes","No"
"56-62-79-46",4,12,,"","Male","Child/Adopted Child","11",,"Subiya",,"","Standard 5","Yes",,"",,"","","","No",,
"11-13-66-94",1,12,,"","Female","Self/Head","49","Never Married","subiya","Other➡️ Please specify","Christianity","Standard 7","No","Too expensive","",,"","","","Yes","Yes","No"
"11-13-66-94",2,12,,"","Male","Grandchild","14",,"subiya",,"","Standard 7","Yes",,"",,"","","","No",,
"11-13-66-94",3,12,,"","Female","Grandchild","10",,"subiya",,"","Standard 4","Yes",,"",,"","","",,,
"11-13-66-94",4,12,,"","Female","Grandchild","8",,"subiya",,"","Standard 1","Yes",,"",,"","","",,,
"15-09-86-52",1,12,,"","Male","Self/Head","69","Married monogamously","Bayeyi","Protestant demoninantions (incl all non-catholic denominations)","","Standard 7","No","I don't Know","",,"","","","Yes","Yes","No"
"15-09-86-52",2,12,,"","Female","Wife/Husband","57",,"Subiya",,"","Standard 7","No","Poor academic progress","",,"","","","No",,
"15-09-86-52",3,12,,"","Male","Child/Adopted Child","34",,"Bayeyi",,"","Form 5","No","Poor academic progress","",,"","","","Yes","Yes","No"
"15-09-86-52",4,12,,"","Female","Child/Adopted Child","22",,"Subiya",,"","Form 5","Yes",,"",,"","","","No",,
"15-09-86-52",5,12,,"","Female","Child/Adopted Child","16",,"Subiya",,"","Form 3","Yes",,"",,"","","","No",,
"91-02-01-07",1,12,,"","Male","Self/Head","40","Never Married","San","Non-religious","","Form 3","No","Poor academic progress","",,"","","","Yes","Yes","No"
"91-02-01-07",2,12,,"","Female","Other Non-Relative","40",,"Kalanga",,"","Form 5","No","Poor academic progress","",,"","","","No",,
"91-02-01-07",3,12,,"","Male","Child/Adopted Child","3",,"San",,"",,"No","Too expensive","",,"","","",,,
"38-98-52-39",1,12,,"","Male","Self/Head","53","Never Married","Taung","Catholic","","Form 3","No","Sickness or calamity in family","",,"","","","Yes","Yes","Yes"
"38-98-52-39",2,12,,"","Female","Wife/Husband","40",,"Subiya",,"","Form 3","No","Poor academic progress","",,"","","","No",,
"38-98-52-39",3,12,,"","Female","Child/Adopted Child","12",,"Taung",,"","Standard 7","Yes",,"",,"","","","No",,
"38-98-52-39",4,12,,"","Female","Child/Adopted Child","11",,"Taung",,"","Standard 5","Yes",,"",,"","","","No",,
"38-98-52-39",5,12,,"","Female","Child/Adopted Child","3",,"Taung",,"",,"Yes",,"",10800,"","","",,,
"38-98-52-39",6,9,"New arrivals - New born","","Male","Child/Adopted Child","Less than 1 year",,"Taung",,"",,"No","Other","he is still young",,"","","",,,
"91-79-46-21",1,12,,"","Female","Self/Head","37","Never Married","Subiya","Protestant demoninantions (incl all non-catholic denominations)","","Form 3","No","Poor academic progress","",,"","","","Yes","Yes","No"
"91-79-46-21",2,12,,"","Female","Niece/Nephew","34",,"Subiya",,"","Form 5","No","Poor academic progress","",,"","","","No",,
"91-79-46-21",3,12,,"","Male","Child/Adopted Child","7",,"Kalanga",,"","Standard 2","Yes",,"",,"","","",,,
"09-72-08-00",1,12,,"","Male","Self/Head","51","Married monogamously","lozi","Other➡️ Please specify","Christianity","Standard 7","No","Poor academic progress","",,"","","","No",,
"09-72-08-00",2,12,,"","Female","Wife/Husband","39",,"lozi",,"","Standard 7","No","Had to help with family","",,"","","","No",,
"09-72-08-00",3,12,,"","Male","Sister/Brother","39",,"lozi",,"","Form 3","No","Poor academic progress","",,"","","","Yes","Yes","No"
"09-72-08-00",4,12,,"","Male","Child/Adopted Child","10",,"lozi",,"","Standard 3","Yes",,"",,"","","",,,
"09-72-08-00",5,12,,"","Male","Child/Adopted Child","2",,"lozi",,"",,"No","Too expensive","",,"","","",,,
"25-52-14-98",1,12,,"","Male","Self/Head","52","Married monogamously","Hambukushu","Protestant demoninantions (incl all non-catholic denominations)","","Standard 4","No","Completed desired schooling","",,"","","","Yes","Yes","No"
"25-52-14-98",2,12,,"","Female","Wife/Husband","42",,"subiya",,"","Form 5","No","Completed desired schooling","",,"","","","No",,
"25-52-14-98",3,12,,"","Male","Child/Adopted Child","10",,"Hambukushu",,"","Standard 4","Yes",,"",,"","","",,,
"25-52-14-98",4,12,,"","Male","Child/Adopted Child","30",,"Hambukushu",,"","Form 5","No","Too expensive","",,"","","","Yes","Yes","No"
"25-52-14-98",5,11,"New arrivals - New born","","Female","Grandchild","Less than 1 year",,"Hambukushu",,"",,"No","Other","minor",,"","","",,,
"54-44-91-10",8,12,,"","Female","Child/Adopted Child","27",,"Subiya",,"","Form 3","No","Poor academic progress","",,"","","","Yes","Yes","No"
"54-44-91-10",12,12,,"","Male","Grandchild","13",,"Subiya",,"","Standard 7","Yes",,"",,"","","","No",,
"54-44-91-10",13,12,,"","Male","Grandchild","10",,"Subiya",,"","Standard 5","Yes",,"",,"","","",,,
"54-44-91-10",14,12,,"","Female","Grandchild","2",,"Subiya",,"",,"No","Parents did not want","",,"","","",,,
"76-65-29-85",1,12,,"","Male","Self/Head","63","Married monogamously","Mosubiya","Protestant demoninantions (incl all non-catholic denominations)","","No formal education","No","Completed desired schooling","",,"","","","No",,
"76-65-29-85",2,12,,"","Female","Wife/Husband","60",,"Mokalaka",,"","Standard 2","No","Completed desired schooling","",,"","","","Yes","Yes","No"
"76-65-29-85",3,12,,"","Male","Child/Adopted Child","28",,"Mosubiya",,"","Standard 7","Yes",,"",,"","","","No",,
"76-65-29-85",4,12,,"","Male","Child/Adopted Child","23",,"Mosubiya",,"","Form 3","No","Too expensive","",,"","","","No",,
"02-98-88-27",1,12,,"","Female","Wife/Husband","37",,"MOKWENA",,"","Form 3","No","Poor academic progress","",,"","","","No",,
"02-98-88-27",2,12,,"","Male","Wife/Husband","36",,"MONGWATO",,"","Form 3","No","Poor academic progress","",,"","","","Yes","Yes","No"
"02-98-88-27",3,12,,"","Female","Child/Adopted Child","9",,"MONGWATO",,"","Standard 2","Yes",,"",,"","","",,,
"02-98-88-27",4,12,,"","Male","Child/Adopted Child","7",,"MONGWATO",,"","Standard 1","Yes",,"",,"","","",,,
"02-98-88-27",5,12,,"","Male","Child/Adopted Child","3",,"MONGWATO",,"",,"No","Other","STILL YOUNG",,"","","",,,
"94-29-79-85",1,12,,"","Female","Self/Head","40","Never Married","Subiya","Protestant demoninantions (incl all non-catholic denominations)","","Form 3","No","Poor academic progress","",,"","","","Yes","Yes","No"
"94-29-79-85",2,12,,"","Male","Child/Adopted Child","23",,"Subiya",,"","No formal education","No","Sickness or calamity in family","",,"","","","No",,
"94-29-79-85",3,12,,"","Female","Child/Adopted Child","16",,"Subiya",,"","Form 3","No","Poor academic progress","",,"","","","No",,
"73-36-17-40",1,12,,"","Male","Self/Head","80","Never Married","YEYI","Protestant demoninantions (incl all non-catholic denominations)","","No formal education","No","Parents did not want","",,"","","","No",,
"42-46-38-01",1,12,,"","Female","Other Non-Relative","24",,"yei",,"","Form 3","No","Poor academic progress","",,"","","","No",,
"42-46-38-01",2,12,,"","Male","Self/Head","28","Never Married","Hambukushu","Other➡️ Please specify","Christianity","Form 3","No","Poor academic progress","",,"","","","Yes","Yes","No"
"42-46-38-01",3,5,"New arrivals - Bad living conditions at home","","Male","Niece/Nephew","11",,"Hambukushu",,"","Standard 4","Yes",,"",,"","","","No",,
"42-46-38-01",4,12,,"","Female","Child/Adopted Child","7",,"yei",,"","Standard 1","Yes",,"",,"","","",,,
"42-46-38-01",5,12,,"","Female","Child/Adopted Child","3",,"yei",,"",,"No","Too expensive","",,"","","",,,
"42-46-38-01",6,5,"New arrivals - New born","","Male","Child/Adopted Child","Less than 1 year",,"yei",,"",,"No","Other","5 months old",,"","","",,,
"73-70-95-80",1,5,"New arrivals - Other economic reasons","","Female","Sister/Brother","26",,"Subiya",,"","Form 5","No","Poor academic progress","",,"","","","No",,
"73-70-95-80",2,12,,"","Female","Self/Head","36","Never Married","Subiya","Non-religious","","Standard 7","No","Poor academic progress","",,"","","","No",,
"73-70-95-80",3,12,,"","Male","Sister/Brother","27",,"Subiya",,"","Standard 5","No","Refused to answer","",,"","","","Yes","Yes","No"
"72-84-79-72",1,12,,"","Male","Self/Head","60","Divorced /Separated","Wayei","Non-religious","","Standard 7","No","Refused to answer","",,"","","","No",,
"72-84-79-72",2,12,,"","Female","Child/Adopted Child","17",,"Wayei",,"","Form 4","Yes",,"",,"","","","No",,
"65-38-87-54",1,12,,"","Female","Self/Head","64","Never Married","Subiya","Protestant demoninantions (incl all non-catholic denominations)","","Standard 7","No","Further schooling not available","",,"","","","Yes","Yes","No"
"65-38-87-54",2,12,,"","Female","Child/Adopted Child","27",,"Subiya",,"","Form 3","No","Poor academic progress","",,"","","","No",,
"65-38-87-54",3,12,,"","Female","Grandchild","4",,"Subiya",,"",,"No","Other","too young",,"","","",,,
"65-38-87-54",4,12,,"","Female","Child/Adopted Child","45",,"subiya",,"","Form 3","No","Poor academic progress","",,"","","","No",,
"65-38-87-54",5,12,,"","Male","Grandchild","20",,"Subiya",,"","Form 3","No","Poor academic progress","",,"","","","No",,
"65-38-87-54",6,12,,"","Male","Grandchild","15",,"Subiya",,"","Standard 7","Yes",,"",,"","","","No",,
"65-38-87-54",7,12,,"","Male","Grandchild","6",,"Subiya",,"","Standard 1","Yes",,"",,"","","",,,
"65-38-87-54",8,12,,"","Female","Grandchild","2",,"subiya",,"",,"No","Other","too young",,"","","",,,
"94-91-03-07",1,12,,"","Female","Wife/Husband","74",,"Tawana",,"","Standard 4","No","Too far away","",,"","","","No",,
"94-91-03-07",2,12,,"","Male","Grandchild","37",,"Tawana",,"","University level",,,"",,"Institute of Development Management","2020","Bachelor of Public Health","No",,
"94-91-03-07",4,12,,"","Male","Grandchild","30",,"Tawana",,"","Form 5","No","Poor academic progress","",,"","","","No",,
"43-00-27-37",1,12,,"","Male","Self/Head","58","Never Married","Subiya","Catholic","","Form 5","No","Completed desired schooling","",,"","","","Yes","Yes","Yes"
"43-00-27-37",2,12,,"","Female","Wife/Husband","53",,"Ndebele",,"","Form 5","No","Had to help at home","",,"","","","No",,
"97-63-44-51",1,12,,"","Male","Self/Head","62","Married monogamously","subiya","African Traditional religion","","Standard 7","No","Poor academic progress","",,"","","","Yes","Yes","No"
"97-63-44-51",2,12,,"","Female","Wife/Husband","48",,"subiya",,"","Form 3","No","Poor academic progress","",,"","","","Yes","Yes","No"
"13-97-69-06",1,12,,"","Male","Self/Head","52","Never Married","Subiya","Protestant demoninantions (incl all non-catholic denominations)","","Form 3","No","Had to help at home","",,"","","","Yes","Yes","Yes"
"13-97-69-06",2,12,,"","Female","Other Non-Relative","57",,"Khurutshe-Tswana Subgroup",,"","Standard 2","No","Not willing to attend further","",,"","","","Yes","No","Yes"
"64-91-38-41",2,12,,"","Male","Self/Head","60","Married monogamously","Kalanga","Protestant demoninantions (incl all non-catholic denominations)","","Standard 7","No","Completed desired schooling","",,"","","","No",,
"64-91-38-41",3,12,,"","Female","Wife/Husband","50",,"Subiya",,"","Standard 7","No","Had to help at home","",,"","","","Yes","Yes","No"
"64-91-38-41",4,12,,"","Female","Child/Adopted Child","20",,"Kalanga",,"","Form 3","No","Too expensive","",,"","","","No",,
"81-33-83-30",1,12,,"","Male","Self/Head","70","Never Married","Subiya","Protestant demoninantions (incl all non-catholic denominations)","","Standard 7","No","Had to help with farm work","",,"","","","No",,
"81-33-83-30",2,12,,"","Female","Wife/Husband","69",,"Hambukushu",,"","Standard 2","No","Sickness or calamity in family","",,"","","","Yes","Yes","No"
"81-33-83-30",3,12,,"","Female","Child/Adopted Child","30",,"Subiya",,"","Form 3","No","Poor academic progress","",,"","","","No",,
"81-33-83-30",4,12,,"","Male","Grandchild","13",,"Subiya",,"","Standard 5","Yes",,"",,"","","","No",,
"81-33-83-30",5,12,,"","Male","Grandchild","8",,"Subiya",,"","Standard 2","Yes",,"",,"","","",,,
"81-33-83-30",6,12,,"","Female","Grandchild","10",,"Subiya",,"","Standard 4","Yes",,"",,"","","",,,
"81-33-83-30",7,12,,"","Female","Grandchild","9",,"Hambukushu",,"","Standard 2","Yes",,"",,"","","",,,
"81-33-83-30",8,12,,"","Female","Grandchild","2",,"Subiya",,"",,"No","Other","Minor",,"","","",,,
"81-33-83-30",9,12,,"","Female","Grandchild","3",,"Ndebele",,"",,"No","Other","Minor",,"","","",,,
"81-33-83-30",10,12,,"","Female","Grandchild","12",,"Subiya",,"","Standard 7","Yes",,"",,"","","","No",,
"81-33-83-30",11,12,,"","Female","Grandchild","15",,"Subiya",,"","Form 2","Yes",,"",,"","","","No",,
"81-33-83-30",12,12,,"","Male","Grandchild","14",,"Subiya",,"","Standard 1","Yes",,"",,"","","","No",,
"19-42-84-15",1,12,,"","Female","Self/Head","59","Never Married","Yeyi","Catholic","","Standard 7","No","Had to help with family","",,"","","","No",,
"19-42-84-15",2,12,,"","Male","Child/Adopted Child","28",,"Yeyi",,"","Form 5","No","Poor academic progress","",,"","","","No",,
"19-42-84-15",3,12,,"","Female","Child/Adopted Child","25",,"Yeyi",,"","Form 5","No","Poor academic progress","",,"","","","No",,
"19-42-84-15",4,12,,"","Male","Child/Adopted Child","22",,"Yeyi",,"","Form 5","No","Not willing to attend further","",,"","","","No",,
"19-42-84-15",5,12,,"","Female","Grandchild","3",,"Yeyi",,"",,"No","Other","still young",,"","","",,,
"13-49-27-25",1,12,,"","Female","Self/Head","41","Never Married","subiya","African Traditional religion","","Form 3","No","Poor academic progress","",,"","","","No",,
"13-49-27-25",2,12,,"","Female","Child/Adopted Child","15",,"subiya",,"","Form 2","Yes",,"",,"","","","No",,
"13-49-27-25",3,12,,"","Female","Child/Adopted Child","11",,"subiya",,"","Standard 6","Yes",,"",,"","","","No",,
"13-49-27-25",4,12,,"","Female","Child/Adopted Child","8",,"subiya",,"","Standard 2","Yes",,"",,"","","",,,
"13-49-27-25",5,12,,"","Male","Child/Adopted Child","2",,"subiya",,"",,"No","Other","still a baby",,"","","",,,
"08-12-43-59",1,12,,"","Male","Self/Head","36","Never Married","Hambukushu","African Traditional religion","","Form 5","No","Poor academic progress","",,"","","","Yes","Yes","No"
"08-12-43-59",2,12,,"","Female","Wife/Husband","23",,"Subiya",,"","Form 3","No","Poor academic progress","",,"","","","No",,
"82-85-64-69",1,12,,"","Female","Niece/Nephew","29",,"kalanga",,"","Form 5","No","Poor academic progress","",,"","","","Yes","Yes","No"
"82-85-64-69",2,12,,"","Male","Self/Head","39","Never Married","Kalanga","African Traditional religion","","Form 3","No","Poor academic progress","",,"","","","Yes","Yes","No"
"82-85-64-69",3,12,,"","Female","Wife/Husband","31",,"nanjwa",,"","Other educational training","No","Completed desired schooling","",,"","","","Yes","Yes","No"
"82-85-64-69",4,12,,"","Male","Niece/Nephew","26",,"kalanga",,"","Form 3","No","Poor academic progress","",,"","","","Yes","Yes","No"
"82-85-64-69",5,12,,"","Male","Other Non-Relative","37",,"kalanga",,"","Form 3","No","Poor academic progress","",,"","","","No",,
"82-85-64-69",6,12,,"","Female","Niece/Nephew","21",,"kalanga",,"","Form 3","No","Poor academic progress","",,"","","","No",,
"82-85-64-69",7,12,,"","Female","Child/Adopted Child","4",,"kalanga",,"",,"Yes",,"",3000,"","","",,,
"22-02-04-35",1,12,,"","Female","Wife/Husband","36",,"Shona",,"","Form 4","No","Poor academic progress","",,"","","","No",,
"22-02-04-35",2,12,,"","Female","Self/Head","51","Married monogamously","Kalanga","Protestant demoninantions (incl all non-catholic denominations)","","Standard 7","No","Too expensive","",,"","","","Yes","Yes","No"
"22-02-04-35",3,12,,"","Female","Child/Adopted Child","13",,"Kalanga",,"","Form 1","Yes",,"",,"","","","No",,
"22-02-04-35",4,12,,"","Male","Child/Adopted Child","9",,"Kalanga",,"","Standard 3","Yes",,"",,"","","",,,
"22-02-04-35",5,3,"New arrivals - New born","","Male","Child/Adopted Child","Less than 1 year",,"Kalanga",,"",,"No","Other","too young",,"","","",,,
"00-91-45-36",1,12,,"","Female","Wife/Husband","40",,"subiya",,"","Form 5","No","Poor academic progress","",,"","","","Yes","Yes","No"
"00-91-45-36",2,12,,"","Male","Self/Head","44","Never Married","subiya","African Traditional religion","","Form 3","No","Poor academic progress","",,"","","","Yes","Yes","No"
"00-91-45-36",3,12,,"","Male","Child/Adopted Child","6",,"subiya",,"","Standard 1","Yes",,"",,"","","",,,
"00-91-45-36",4,12,,"","Female","Child/Adopted Child","1",,"subiya",,"",,"No","Other","still young",,"","","",,,
"11-05-72-97",1,12,,"","Female","Self/Head","58","Never Married","Subiya","Protestant demoninantions (incl all non-catholic denominations)","","Standard 7","No","Further schooling not available","",,"","","","No",,
"11-05-72-97",2,12,,"","Male","Child/Adopted Child","32",,"Subiya",,"","Form 3","No","Poor academic progress","",,"","","","No",,
"11-05-72-97",3,12,,"","Male","Child/Adopted Child","29",,"Subiya",,"","Form 3","No","Poor academic progress","",,"","","","No",,
"16-99-02-10",1,12,,"","Female","Self/Head","40","Never Married","SUBIYA","Non-religious","","Form 5","No","Poor academic progress","",,"","","","Yes","Yes","No"
"16-99-02-10",2,12,,"","Male","Niece/Nephew","22",,"SUBIYA",,"","Form 3","No","Poor academic progress","",,"","","","No",,
"31-99-53-07",1,12,,"","Female","Self/Head","51","Divorced /Separated","Mbukushu","Catholic","","Form 3","No","Too expensive","",,"","","","Yes","Yes","Yes"
"31-99-53-07",2,12,,"","Female","Child/Adopted Child","22",,"Subiya",,"","Form 3","No","Poor academic progress","",,"","","","No",,
"31-99-53-07",3,12,,"","Female","Child/Adopted Child","26",,"Subiya",,"","Form 5","No","Too expensive","",,"","","","Yes","Yes","No"
"31-99-53-07",4,12,,"","Female","Grandchild","6",,"Subiya",,"","Standard 1","Yes",,"",,"","","",,,
"31-99-53-07",5,12,,"","Female","Grandchild","3",,"Subiya",,"",,"No","Other","Still young",,"","","",,,
"48-93-31-20",1,12,,"","Male","Self/Head","77","Married monogamously","Tswana subgroup","Protestant demoninantions (incl all non-catholic denominations)","","Form 3","No","Completed desired schooling","",,"","","","Yes","No","Yes"
"48-93-31-20",2,12,,"","Female","Wife/Husband","40",,"ndebele",,"","Form 4","No","Completed desired schooling","",,"","","","Yes","Yes","No"
"87-13-21-98",1,10,"Members that left - Other (Specify)","Visited her home village December to February","Female","Self/Head","35","Never Married","Tswapong","Protestant demoninantions (incl all non-catholic denominations)","","Other educational training","Yes",,"",,"","","","Yes","Yes","No"
"87-13-21-98",2,12,,"","Female","Sister/Brother","12",,"Tswapong",,"","Standard 7","Yes",,"",,"","","","No",,
"87-13-21-98",3,12,,"","Male","Child/Adopted Child","11",,"Tswapong",,"","Standard 6","Yes",,"",,"","","","No",,
"87-13-21-98",4,12,,"","Female","Niece/Nephew","8",,"Kwena/ Tswana Sub-group",,"","Standard 3","Yes",,"",,"","","",,,
"55-27-15-85",1,12,,"","Female","Self/Head","82","Never Married","SUBIYA","Protestant demoninantions (incl all non-catholic denominations)","","No formal education","No","Parents did not want","",,"","","","No",,
"55-27-15-85",2,12,,"","Female","Child/Adopted Child","50",,"SUBIYA",,"","Form 3","No","Poor academic progress","",,"","","","No",,
"55-27-15-85",3,12,,"","Female","Grandchild","25",,"SUBIYA",,"","Form 5","No","Poor academic progress","",,"","","","Yes","Yes","No"
"55-27-15-85",4,12,,"","Male","Grandchild","1",,"SUBIYA",,"",,"No","Other","YOUNG TO START SCHOOL",,"","","",,,
"59-41-96-68",1,12,,"","Female","Child/Adopted Child","25",,"Subiya",,"","Form 5","No","Poor academic progress","",,"","","","Yes","Yes","No"
"59-41-96-68",2,12,,"","Female","Self/Head","44","Divorced /Separated","Subiya","Protestant demoninantions (incl all non-catholic denominations)","","Standard 7","No","Not willing to attend further","",,"","","","Yes","Yes","No"
"59-41-96-68",3,12,,"","Female","Child/Adopted Child","32",,"Subiya",,"","Form 5","No","Poor academic progress","",,"","","","Yes","Yes","No"
"59-41-96-68",4,12,,"","Male","Child/Adopted Child","23",,"Subiya",,"","Form 3","No","Poor academic progress","",,"","","","Yes","Yes","No"
"59-41-96-68",5,12,,"","Female","Grandchild","11",,"Subiya",,"","Standard 5","Yes",,"",,"","","","No",,
"59-41-96-68",6,12,,"","Male","Grandchild","5",,"Subiya",,"","Nursey/ Kindergarten/ECD","Yes",,"",400,"","","",,,
"59-41-96-68",7,12,,"","Male","Grandchild","Less than 1 year",,"Subiya",,"",,"No","Other","Too young to begin school",,"","","",,,
"22-18-88-41",1,12,,"","Male","Self/Head","42","Never Married","Hambukushu","Protestant demoninantions (incl all non-catholic denominations)","","Standard 7","No","Had to help at home","",,"","","","Yes","Yes","No"
"22-18-88-41",2,12,,"","Female","Other Non-Relative","37",,"Hambukushu",,"","Form 3","No","Had to help at home","",,"","","","No",,
"22-18-88-41",3,12,,"","Female","Child/Adopted Child","14",,"Hambukushu",,"","Form 1","Yes",,"",,"","","","No",,
"22-18-88-41",4,12,,"","Female","Child/Adopted Child","4",,"Hambukushu",,"",,"No","Too expensive","",,"","","",,,
"22-18-88-41",5,12,,"","Female","Child/Adopted Child","1",,"Hambukushu",,"",,"No","Other","She's still young",,"","","",,,
"24-64-78-21",1,12,,"","Female","Self/Head","57","Never Married","Bakalaka","Protestant demoninantions (incl all non-catholic denominations)","","Standard 7","No","Sickness or calamity in family","",,"","","","Yes","No","Yes"
"24-64-78-21",2,6,"Members that left - Other (Specify)","Visiting friends and family","Female","Child/Adopted Child","28",,"Kalanga",,"","Form 3","No","Poor academic progress","",,"","","","No",,
"24-64-78-21",3,12,,"","Male","Child/Adopted Child","26",,"Kalanga",,"","Form 5","No","Poor academic progress","",,"","","","Yes","Yes","No"
"24-64-78-21",4,12,,"","Male","Niece/Nephew","33",,"Kalanga",,"","Other educational training","No","Completed desired schooling","",,"","","","No",,
"24-64-78-21",5,12,,"","Female","Grandchild","3",,"Tswana Subgroup",,"",,"No","Other","Still young",,"","","",,,
"86-04-16-80",1,12,,"","Female","Self/Head","51","Widow/ Widower","Subiya","Protestant demoninantions (incl all non-catholic denominations)","","Form 3","No","Poor academic progress","",,"","","","Yes","Yes","No"
"86-04-16-80",2,12,,"","Female","Child/Adopted Child","30",,"Subiya",,"","Form 5","No","Poor academic progress","",,"","","","No",,
"86-04-16-80",3,12,,"","Female","Child/Adopted Child","26",,"Subiya",,"","University level",,,"",,"Gaborone University College","2019","Bachelor of science in public health","Yes","Yes","No"
"92-49-74-52",1,12,,"","Female","Self/Head","55","Never Married","Subiya","Protestant demoninantions (incl all non-catholic denominations)","","Standard 7","No","Completed desired schooling","",,"","","","No",,
"92-49-74-52",2,12,,"","Female","Mother/Father","103",,"Subiya",,"","No formal education","No","I don't Know","",,"","","","No",,
"92-49-74-52",3,12,,"","Male","Child/Adopted Child","28",,"Kalanga",,"","University level",,,"",,"Gaborone University College Of Law And Professional Studies","2020","Business in Occupational Health and Safety","No",,
"92-49-74-52",4,12,,"","Female","Grandchild","5",,"Mmirwa/ Tswana Sub-group",,"","No formal education","No","Other","Minor",,"","","",,,
"92-49-74-52",5,12,,"","Male","Grandchild","1",,"Subiya",,"",,"No","Other","Minor",,"","","",,,
"92-49-74-52",6,3,"Members that left - Other economic reasons","","Male","Child/Adopted Child","2",,"Kalanga",,"",,"No","Other","Minor",,"","","",,,
"92-49-74-52",7,12,,"","Female","Child/Adopted Child","27",,"Kalanga",,"","Form 3","No","Poor academic progress","",,"","","","No",,
"24-72-61-31",1,12,,"","Female","Self/Head","58","Widow/ Widower","Mosarwa","Catholic","","Standard 7","No","Poor school quality","",,"","","","No",,
"24-72-61-31",2,12,,"","Female","Grandchild","8",,"Moyeyi",,"","Standard 3","Yes",,"",,"","","",,,
"04-92-41-49",1,12,,"","Male","Self/Head","49","Never Married","mirwa","African Traditional religion","","Standard 6","No","Not willing to attend further","",,"","","","No",,
"04-92-41-49",2,12,,"","Female","Wife/Husband","49",,"subiya",,"","Standard 7","No","Poor academic progress","",,"","","","Yes","Yes","No"
"04-92-41-49",3,12,,"","Male","Child/Adopted Child","21",,"subiya",,"","Form 3","No","Poor academic progress","",,"","","","No",,
"04-92-41-49",4,12,,"","Female","Child/Adopted Child","24",,"subiya",,"","Form 5","No","Poor academic progress","",,"","","","No",,
"04-92-41-49",5,12,,"","Female","Child/Adopted Child","14",,"subiya",,"","Standard 7","Yes",,"",,"","","","No",,
"04-92-41-49",6,12,,"","Female","Grandchild","11",,"subiya",,"","Standard 5","Yes",,"",,"","","","No",,
"04-92-41-49",7,12,,"","Male","Grandchild","4",,"subiya",,"",,"No","Other","still young",,"","","",,,
"04-92-41-49",8,12,,"","Female","Grandchild","1",,"subiya",,"",,"No","Other","still young",,"","","",,,
"10-43-22-87",1,12,,"","Female","Self/Head","31","Never Married","Lozi","Other➡️ Please specify","christianity","Form 3","Yes",,"",,"","","","Yes","Yes","No"
"10-43-22-87",2,12,,"","Male","Sister/Brother","30",,"lozi",,"","Form 3","No","Poor academic progress","",,"","","","Yes","Yes","No"
"10-43-22-87",3,12,,"","Female","Other Relative","30",,"Kalanga",,"","Standard 2","No","Had to help with family","",,"","","","Yes","Yes","No"
"10-43-22-87",4,12,,"","Female","Sister/Brother","24",,"lozi",,"","Form 3","No","Poor academic progress","",,"","","","No",,
"10-43-22-87",5,12,,"","Male","Niece/Nephew","16",,"lozi",,"","Form 3","No","Poor academic progress","",,"","","","No",,
"10-43-22-87",6,12,,"","Female","Child/Adopted Child","13",,"lozi",,"","Standard 7","Yes",,"",,"","","","No",,
"10-43-22-87",7,12,,"","Male","Other Non-Relative","13",,"Kalanga",,"","Standard 6","Yes",,"",,"","","","No",,
"10-43-22-87",8,12,,"","Male","Niece/Nephew","9",,"lozi",,"","Standard 2","Yes",,"",,"","","",,,
"10-43-22-87",9,12,,"","Male","Niece/Nephew","7",,"lozi",,"","Standard 1","Yes",,"",,"","","",,,
"32-83-01-09",1,12,,"","Male","Other Relative","59",,"Morotsi",,"","Standard 7","No","Further schooling not available","",,"","","","Yes","Yes","No"
"79-05-50-27",1,12,,"","Female","Wife/Husband","34",,"San",,"","Form 3","No","Had to help with family","",,"","","","No",,
"79-05-50-27",2,12,,"","Male","Self/Head","36","Never Married","Subiya","Protestant demoninantions (incl all non-catholic denominations)","","Form 3","No","Had to help with family","",,"","","","Yes","Yes","No"
"79-05-50-27",3,12,,"","Male","Child/Adopted Child","11",,"Kalanga",,"","Standard 5","Yes",,"",,"","","","No",,
"79-05-50-27",4,12,,"","Male","Child/Adopted Child","6",,"Subiya",,"","Nursey/ Kindergarten/ECD","Yes",,"",,"","","",,,
"79-05-50-27",5,12,,"","Female","Child/Adopted Child","4",,"Subiya",,"",,"No","Other","too young",,"","","",,,
"27-16-23-86",1,12,,"","Male","Self/Head","53","Married monogamously","Kalanga","Protestant demoninantions (incl all non-catholic denominations)","","Standard 5","No","Completed desired schooling","",,"","","","No",,
"27-16-23-86",2,12,,"","Female","Wife/Husband","66",,"Subiya",,"","No formal education","No","Completed desired schooling","",,"","","","No",,
"27-16-23-86",3,12,,"","Female","Child/Adopted Child","42",,"Kalanga",,"","Form 3","No","Poor academic progress","",,"","","","Yes","Yes","No"
"27-16-23-86",4,12,,"","Female","Child/Adopted Child","45",,"Kalanga",,"","Form 3","No","Had to help at home","",,"","","","Yes","Yes","No"
"27-16-23-86",5,12,,"","Male","Child/Adopted Child","23",,"Kalanga",,"","Form 3","No","Refused to answer","",,"","","","No",,
"27-16-23-86",6,12,,"","Male","Child/Adopted Child","27",,"Kalanga",,"","Form 3","No","Too expensive","",,"","","","No",,
"12-61-67-91",1,12,,"","Female","Self/Head","30","Never Married","bayei","Protestant demoninantions (incl all non-catholic denominations)","","Standard 5","No","Poor academic progress","",,"","","","No",,
"12-61-67-91",2,12,,"","Female","Sister/Brother","33",,"bayei",,"","Form 5","No","Poor academic progress","",,"","","","Yes","Yes","No"
"12-61-67-91",3,12,,"","Female","Other Relative","22",,"bayei",,"","Standard 7","No","Not willing to attend further","",,"","","","No",,
"12-61-67-91",4,12,,"","Female","Other Relative","38",,"bayei",,"","No formal education","No","Sickness or calamity in family","",,"","","","No",,
"12-61-67-91",5,12,,"","Female","Other Relative","20",,"bayei",,"","Form 3","No","Poor academic progress","",,"","","","No",,
"12-61-67-91",6,12,,"","Female","Other Relative","15",,"bayei",,"","Form 2","Yes",,"",,"","","","No",,
"12-61-67-91",7,12,,"","Female","Other Relative","12",,"bayei",,"","Standard 7","Yes",,"",,"","","","No",,
"12-61-67-91",8,12,,"","Female","Child/Adopted Child","9",,"bayei",,"","Standard 3","Yes",,"",,"","","",,,
"12-61-67-91",9,12,,"","Female","Child/Adopted Child","3",,"bayei",,"",,"No","Other","still young",,"","","",,,
"12-61-67-91",10,12,,"","Male","Other Relative","2",,"bayei",,"",,"No","Other","still young",,"","","",,,
"12-61-67-91",11,8,"New arrivals - New born","","Female","Child/Adopted Child","Less than 1 year",,"bayei",,"",,"No","Other","still a baby",,"","","",,,
"12-61-67-91",12,8,"New arrivals - New born","","Female","Child/Adopted Child","Less than 1 year",,"bayei",,"",,"No","Other","still a baby",,"","","",,,
"12-61-67-91",13,12,,"","Female","Other Relative","1",,"bayei",,"",,"No","Other","still a baby",,"","","",,,
"58-55-75-07",1,12,,"","Female","Self/Head","65","Widow/ Widower","Tawana","Protestant demoninantions (incl all non-catholic denominations)","","Standard 7","No","Had to help at home","",,"","","","Yes","Yes","No"
"58-55-75-07",2,4,"New arrivals - Education","","Female","Grandchild","19",,"Bayei",,"","Form 5","No","Other","Gap year so that she thinks of a career plan",,"","","","No",,
"00-06-72-58",1,12,,"","Male","Self/Head","49","Never Married","MOKHURUTSHE","Non-religious","","Standard 7","No","Had to help with family","",,"","","","No",,
"00-06-72-58",2,12,,"","Female","Wife/Husband","54",,"SAN",,"","Standard 5","No","Parents did not want","",,"","","","No",,
"00-06-72-58",3,12,,"","Male","Child/Adopted Child","20",,"SAN",,"","Form 3","No","Poor academic progress","",,"","","","No",,
"00-06-72-58",4,12,,"","Female","Child/Adopted Child","24",,"SAN",,"","Form 3","No","Poor academic progress","",,"","","","No",,
"00-06-72-58",5,12,,"","Male","Child/Adopted Child","29",,"SAN",,"","Form 3","No","Poor academic progress","",,"","","","Yes","Yes","No"
"45-71-57-97",1,12,,"","Female","Self/Head","60","Never Married","tonga","African Traditional religion","","Standard 7","No","Parents did not want","",,"","","","No",,
"45-71-57-97",2,12,,"","Male","Niece/Nephew","47",,"subiya",,"","No formal education","No","Parents did not want","",,"","","","No",,
"45-71-57-97",3,12,,"","Male","Child/Adopted Child","41",,"tawana",,"","Form 3","No","Poor academic progress","",,"","","","No",,
"45-71-57-97",4,12,,"","Male","Child/Adopted Child","38",,"tawana",,"","Form 3","No","Poor academic progress","",,"","","","No",,
"45-71-57-97",5,12,,"","Female","Child/Adopted Child","32",,"tonga",,"","University level",,,"",,"Boitekanelo college","2015","Diploma in Occupation health","No",,
"45-71-57-97",6,12,,"","Male","Wife/Husband","27",,"Tonga",,"","Form 5","No","Poor academic progress","",,"","","","No",,
"45-71-57-97",7,12,,"","Male","Grandchild","12",,"tawana",,"","Standard 6","Yes",,"",,"","","","No",,
"45-71-57-97",8,12,,"","Male","Grandchild","12",,"kalanga",,"","Standard 5","Yes",,"",,"","","","No",,
"45-71-57-97",9,12,,"","Female","Grandchild","11",,"kalanga",,"","Standard 6","Yes",,"",,"","","","No",,
"45-71-57-97",10,12,,"","Male","Grandchild","6",,"tonga",,"","No formal education","No","Other","still young",,"","","",,,
"45-71-57-97",11,12,,"","Female","Grandchild","4",,"tawana",,"",,"No","Other","still young",,"","","",,,
"18-81-00-96",1,12,,"","Male","Self/Head","67","Married monogamously","Ndebele","Protestant demoninantions (incl all non-catholic denominations)","","Standard 2","No","Had to help with farm work","",,"","","","Yes","Yes","No"
"18-81-00-96",2,12,,"","Female","Wife/Husband","63",,"Kalanga",,"","Standard 7","No","Parents did not want","",,"","","","Yes","Yes","No"
"18-81-00-96",3,12,,"","Female","Child/Adopted Child","37",,"Kalanga",,"","Form 2","No","Poor academic progress","",,"","","","Yes","Yes","No"
"18-81-00-96",4,12,,"","Female","Grandchild","15",,"Kalanga",,"","Form 3","No","Poor academic progress","",,"","","","No",,
"18-81-00-96",5,12,,"","Female","Grandchild","14",,"Kalanga",,"","Form 2","Yes",,"",,"","","","No",,
"18-81-00-96",6,12,,"","Male","Grandchild","5",,"Kalanga",,"","No formal education","No","Other","Going to standard 1 next year",,"","","",,,
"09-79-14-71",1,12,,"","Female","Wife/Husband","60",,"kalanga",,"","Standard 7","No","Parents did not want","",,"","","","No",,
"09-79-14-71",2,12,,"","Male","Self/Head","50","Married monogamously","san","African Traditional religion","","Standard 7","No","Parents did not want","",,"","","","Yes","Yes","No"
"71-80-89-34",1,12,,"","Male","Self/Head","59","Never Married","Tswapong","Protestant demoninantions (incl all non-catholic denominations)","","No formal education","No","Too expensive","",,"","","","Yes","Yes","No"
"71-80-89-34",2,12,,"","Female","Other Non-Relative","64",,"Subiya",,"","Form 3","No","Pregnancy","",,"","","","Yes","Yes","Yes"
"05-16-40-57",1,12,,"","Female","Self/Head","72","Widow/ Widower","Tswana","Protestant demoninantions (incl all non-catholic denominations)","","No formal education","No","Had to help at home","",,"","","","No",,
"05-16-40-57",2,12,,"","Female","Child/Adopted Child","44",,"Tswana",,"","Form 2","No","Poor academic progress","",,"","","","Yes","Yes","No"
"05-16-40-57",3,12,,"","Female","Grandchild","16",,"Kalanga",,"","Form 3","Yes",,"",,"","","","No",,
"05-16-40-57",4,12,,"","Female","Grandchild","14",,"Kalanga",,"","Standard 2","Yes",,"",,"","","","No",,
"11-65-24-94",1,12,,"","Female","Self/Head","47","Widow/ Widower","subiya","Protestant demoninantions (incl all non-catholic denominations)","","Standard 7","No","Completed desired schooling","",,"","","","Yes","Yes","No"
"11-65-24-94",2,12,,"","Male","Child/Adopted Child","25",,"subiya",,"","Form 5","No","Too expensive","",,"","","","No",,
"11-65-24-94",3,12,,"","Male","Child/Adopted Child","19",,"subiya",,"","Form 5","No","Too expensive","",,"","","","No",,
"11-65-24-94",4,12,,"","Female","Child/Adopted Child","7",,"lozi",,"","Standard 4","Yes",,"",,"","","",,,
"11-65-24-94",5,12,,"","Male","Niece/Nephew","5",,"subiya",,"","No formal education","No","Other","she is a minor",,"","","",,,
"11-65-24-94",6,1,"New arrivals - Education","","Male","Niece/Nephew","7",,"subiya",,"","Standard 1","Yes",,"",,"","","",,,
"55-44-38-36",1,12,,"","Female","Self/Head","54","Never Married","Motawana","Protestant demoninantions (incl all non-catholic denominations)","","Standard 7","No","Completed desired schooling","",,"","","","Yes","Yes","No"
"55-44-38-36",2,12,,"","Male","Child/Adopted Child","28",,"Mosubiya",,"","University level",,,"",,"New era College","2016","Civil construction","Yes","Yes","No"
"55-44-38-36",3,12,,"","Male","Child/Adopted Child","26",,"Mosubiya",,"","University level",,,"",,"Career dreams","2018","Food production","Yes","Yes","No"
"84-73-72-31",1,12,,"","Male","Self/Head","44","Never Married","Subiya","Other➡️ Please specify","christianity","University level",,,"",,"university of south africa","2004","diploma in animal health","Yes","Yes","No"
"84-73-72-31",2,12,,"","Male","Sister/Brother","24",,"subiya",,"","University level",,,"",,"Gaborone university college of law","2020","Diploma in health and safety","Yes","Yes","No"
"37-03-14-78",1,12,,"","Male","Self/Head","59","Never Married","Subiya","Protestant demoninantions (incl all non-catholic denominations)","","Standard 7","No","Poor academic progress","",,"","","","Yes","Yes","No"
"37-03-14-78",2,12,,"","Female","Wife/Husband","48",,"Subiya",,"","Form 2","No","Poor academic progress","",,"","","","No",,
"37-03-14-78",3,12,,"","Female","Child/Adopted Child","27",,"Subiya",,"","Form 5","No","Poor academic progress","",,"","","","No",,
"37-03-14-78",4,12,,"","Male","Child/Adopted Child","18",,"Subiya",,"","Form 4","No","Poor academic progress","",,"","","","No",,
"37-03-14-78",5,12,,"","Female","Child/Adopted Child","11",,"Subiya",,"","Standard 6","Yes",,"",,"","","","No",,
"37-03-14-78",6,12,,"","Male","Child/Adopted Child","11",,"Subiya",,"","Standard 6","Yes",,"",,"","","","No",,
"77-78-34-26",1,12,,"","Female","Self/Head","29","Never Married","subiya","Protestant demoninantions (incl all non-catholic denominations)","","Form 3","No","Completed desired schooling","",,"","","","Yes","Yes","No"
"77-78-34-26",2,12,,"","Female","Child/Adopted Child","6",,"kalanga",,"","No formal education","Yes",,"",,"","","",,,
"77-78-34-26",3,12,,"","Male","Child/Adopted Child","2",,"Kalanga",,"",,"No","Other","Minor",,"","","",,,
"92-09-46-86",1,12,,"","Female","Wife/Husband","40",,"Subiya",,"","Form 5","No","Poor academic progress","",,"","","","Yes","Yes","Yes"
"92-09-46-86",2,12,,"","Male","Self/Head","50","Married monogamously","Subiya","Protestant demoninantions (incl all non-catholic denominations)","","Form 3","No","Completed desired schooling","",,"","","","Yes","Yes","No"
"92-09-46-86",3,12,,"","Male","Child/Adopted Child","20",,"Subiya",,"","Form 5","No","Poor academic progress","",,"","","","Yes","Yes","No"
"92-09-46-86",4,12,,"","Female","Child/Adopted Child","13",,"Subiya",,"","Standard 7","Yes",,"",,"","","","No",,
"27-55-59-32",1,12,,"","Female","Self/Head","48","Never Married","Subiya","Protestant demoninantions (incl all non-catholic denominations)","","Form 3","No","Completed desired schooling","",,"","","","Yes","Yes","No"
"27-55-59-32",2,12,,"","Female","Child/Adopted Child","7",,"Subiya",,"","Standard 2","Yes",,"",,"","","",,,
"27-55-59-32",3,12,,"","Female","Child/Adopted Child","22",,"Subiya",,"","Form 3","No","Poor academic progress","",,"","","","No",,
"65-23-07-01",1,12,,"","Female","Self/Head","59","Never Married","Ndebele","African Traditional religion","","Standard 4","No","Parents did not want","",,"","","","No",,
"65-23-07-01",2,12,,"","Male","Child/Adopted Child","40",,"Subiya",,"","Form 5","No","Poor academic progress","",,"","","","No",,
"65-23-07-01",3,12,,"","Female","Child/Adopted Child","30",,"Subiya",,"","Form 3","No","Poor academic progress","",,"","","","No",,
"65-23-07-01",4,12,,"","Female","Child/Adopted Child","24",,"Ndebele",,"","Form 4","No","Pregnancy","",,"","","","No",,
"65-23-07-01",5,12,,"","Male","Grandchild","2",,"Subiya",,"",,"No","Other","Minor",,"","","",,,
"65-23-07-01",6,12,,"","Male","Grandchild","9",,"Subiya",,"","Standard 3","Yes",,"",,"","","",,,
"79-30-25-19",1,12,,"","Female","Self/Head","34","Never Married","SUBIYA","Non-religious","","Form 3","No","Poor academic progress","",,"","","","No",,
"79-30-25-19",2,12,,"","Male","Sister/Brother","28",,"TSWANA",,"","Form 5","No","Poor academic progress","",,"","","","No",,
"79-30-25-19",3,12,,"","Female","Child/Adopted Child","18",,"TSWANA",,"","Form 4","No","Pregnancy","",,"","","","No",,
"79-30-25-19",4,12,,"","Female","Child/Adopted Child","15",,"TSWANA",,"","Form 2","Yes",,"",,"","","","No",,
"79-30-25-19",5,12,,"","Female","Child/Adopted Child","14",,"TSWANA",,"","Form 2","Yes",,"",,"","","","No",,
"75-18-13-88",1,12,,"","Female","Self/Head","70","Divorced /Separated","Subiya","Protestant demoninantions (incl all non-catholic denominations)","","No formal education","No","Had to help with family","",,"","","","No",,
"75-18-13-88",2,12,,"","Female","Sister/Brother","75",,"Subiya",,"","No formal education","No","Had to help with family","",,"","","","No",,
"75-18-13-88",3,12,,"","Male","Grandchild","13",,"Kalanga",,"","Standard 7","Yes",,"",,"","","","No",,
"40-16-04-38",1,12,,"","Male","Self/Head","52","Never Married","NANJWA","Protestant demoninantions (incl all non-catholic denominations)","","Standard 5","No","Had to help at home","",,"","","","No",,
"40-16-04-38",2,12,,"","Male","Niece/Nephew","27",,"SAN",,"","Form 3","No","Poor academic progress","",,"","","","No",,
"40-16-04-38",3,12,,"","Female","Niece/Nephew","30",,"SAN",,"","Form 3","No","Poor academic progress","",,"","","","No",,
"40-16-04-38",4,12,,"","Male","Child/Adopted Child","21",,"NANJWA",,"","Form 3","No","Poor academic progress","",,"","","","No",,
"49-34-25-75",1,12,,"","Female","Self/Head","86","Never Married","SAN","Protestant demoninantions (incl all non-catholic denominations)","","No formal education","No","Parents did not want","",,"","","","No",,
"49-34-25-75",2,12,,"","Female","Child/Adopted Child","44",,"SUBIYA",,"","Form 2","No","Pregnancy","",,"","","","No",,
"49-34-25-75",3,12,,"","Female","Grandchild","26",,"SUBIYA",,"","Form 4","No","Sickness or calamity in family","",,"","","","Yes","Yes","No"
"49-34-25-75",4,12,,"","Female","Grandchild","24",,"TSWANA",,"","Form 5","No","Poor academic progress","",,"","","","No",,
"49-34-25-75",5,12,,"","Female","Grandchild","22",,"TSWANA",,"","Form 3","No","Poor academic progress","",,"","","","No",,
"02-31-03-32",1,12,,"","Female","Self/Head","65","Never Married","Kalanga","Catholic","","Standard 7","No","Had to help at home","",,"","","","No",,
"02-31-03-32",2,12,,"","Female","Child/Adopted Child","32",,"kalanga",,"","Form 5","No","Completed desired schooling","",,"","","","Yes","Yes","No"
"02-31-03-32",3,12,,"","Male","Grandchild","5",,"kalanga",,"","Nursey/ Kindergarten/ECD","Yes",,"",500,"","","",,,
"88-23-45-95",1,12,,"","Female","Self/Head","56","Never Married","Subiya","Catholic","","Standard 7","No","Too far away","",,"","","","Yes","Yes","Yes"
"88-23-45-95",2,12,,"","Female","Child/Adopted Child","26",,"Yeyi",,"","Form 4","No","Pregnancy","",,"","","","No",,
"88-23-45-95",3,12,,"","Male","Child/Adopted Child","35",,"Subiya",,"","Form 3","No","Poor academic progress","",,"","","","No",,
"88-23-45-95",4,12,,"","Female","Child/Adopted Child","14",,"Kalanga",,"","Form 2","Yes",,"",,"","","","No",,
"88-23-45-95",5,12,,"","Male","Grandchild","7",,"Nambya",,"","Standard 2","Yes",,"",,"","","",,,
"88-23-45-95",6,12,,"","Male","Grandchild","1",,"Subiya",,"",,"No","Other","Still young",,"","","",,,
"92-15-40-92",1,12,,"","Male","Self/Head","31","Never Married","san","Other➡️ Please specify","christianity","Form 3","No","Poor academic progress","",,"","","","Yes","Yes","No"
"92-15-40-92",2,12,,"","Female","Other Non-Relative","25",,"subiya",,"","Form 2","No","Other","did not have money for transport to go back to school atbthe time",,"","","","No",,
"92-15-40-92",3,12,,"","Male","Child/Adopted Child","8",,"subiya",,"","Standard 1","Yes",,"",,"","","",,,
"06-55-62-53",1,12,,"","Female","Other Non-Relative","42",,"Ndebele",,"","Standard 7","No","Not willing to attend further","",,"","","","Yes","Yes","No"
"06-55-62-53",2,12,,"","Male","Child/Adopted Child","20",,"Subiya",,"","Form 5","No","Poor academic progress","",,"","","","No",,
"06-55-62-53",3,12,,"","Male","Child/Adopted Child","12",,"Subiya",,"","Standard 7","Yes",,"",,"","","","No",,
"06-55-62-53",4,12,,"","Male","Child/Adopted Child","10",,"Subiya",,"","Standard 5","Yes",,"",,"","","",,,
"06-55-62-53",5,12,,"","Male","Grandchild","1",,"Ndebele",,"",,"No","Parents did not want","",,"","","",,,
"06-55-62-53",6,11,"Members that left - Other economic reasons","","Male","Self/Head","44","Never Married","Subiya","Non-religious","","Form 2","No","Poor academic progress","",,"","","","Yes","No","Yes"
"57-74-77-03",1,12,,"","Female","Self/Head","50","Never Married","Ndebele","Protestant demoninantions (incl all non-catholic denominations)","","Form 2","No","Poor academic progress","",,"","","","Yes","No","Yes"
"57-74-77-03",2,12,,"","Female","Child/Adopted Child","29",,"Ndebele",,"","Form 5","No","Poor academic progress","",,"","","","No",,
"57-74-77-03",3,12,,"","Female","Child/Adopted Child","25",,"Ndebele",,"","Form 5","No","Poor academic progress","",,"","","","No",,
"57-74-77-03",4,12,,"","Male","Grandchild","10",,"Ndebele",,"","Standard 4","Yes",,"",,"","","",,,
"57-74-77-03",5,12,,"","Female","Grandchild","6",,"Ndebele",,"","Standard 1","Yes",,"",,"","","",,,
"57-74-77-03",6,12,,"","Male","Grandchild","Less than 1 year",,"Ndebele",,"",,"No","Other","too young",,"","","",,,
"57-74-77-03",7,12,,"","Male","Grandchild","4",,"Ndebele",,"",,"No","Other","too young",,"","","",,,
"28-44-25-15",1,12,,"","Female","Self/Head","58","Divorced /Separated","San","Other➡️ Please specify","Christianity","No formal education","No","I don't Know","",,"","","","No",,
"28-44-25-15",2,12,,"","Female","Son/Daughter-In-Law","41",,"najwa",,"","Form 1","No","Not willing to attend further","",,"","","","Yes","Yes","No"
"28-44-25-15",3,12,,"","Female","Son/Daughter-In-Law","41",,"najwa",,"","Standard 5","No","Pregnancy","",,"","","","Yes","Yes","No"
"28-44-25-15",4,12,,"","Male","Son/Daughter-In-Law","38",,"najwa",,"","No formal education","No","Other","too old to start schooling at the time",,"","","","No",,
"28-44-25-15",5,12,,"","Female","Son/Daughter-In-Law","32",,"najwa",,"","Form 5","No","Poor academic progress","",,"","","","Yes","Yes","No"
"28-44-25-15",6,12,,"","Male","Grandchild","26",,"najwa",,"","Form 3","No","Poor academic progress","",,"","","","No",,
"28-44-25-15",7,12,,"","Male","Grandchild","26",,"najwa",,"","Form 5","No","Poor academic progress","",,"","","","No",,
"28-44-25-15",8,12,,"","Male","Grandchild","22",,"najwa",,"","Form 3","No","Poor academic progress","",,"","","","No",,
"28-44-25-15",9,12,,"","Male","Grandchild","18",,"najwa",,"","Form 3","No","Poor academic progress","",,"","","","No",,
"28-44-25-15",10,12,,"","Male","Grandchild","16",,"najwa",,"","Form 1","Yes",,"",,"","","","No",,
"28-44-25-15",11,12,,"","Male","Grandchild","9",,"najwa",,"","Standard 3","Yes",,"",,"","","",,,
"28-44-25-15",12,12,,"","Female","Grandchild","5",,"najwa",,"","Nursey/ Kindergarten/ECD","Yes",,"",1000,"","","",,,
"28-44-25-15",13,12,,"","Female","Grandchild","3",,"najwa",,"",,"No","Too expensive","",,"","","",,,
"90-03-82-22",1,12,,"","Female","Niece/Nephew","30",,"Subiya",,"","Form 5","No","Poor academic progress","",,"","","","Yes","Yes","No"
"90-03-82-22",2,12,,"","Female","Self/Head","50","Widow/ Widower","Subiya","Protestant demoninantions (incl all non-catholic denominations)","","Form 3","No","Too expensive","",,"","","","No",,
"90-03-82-22",3,12,,"","Female","Sister/Brother","47",,"Subiya",,"","Form 3","No","Too expensive","",,"","","","Yes","Yes","No"
"90-03-82-22",4,12,,"","Female","Niece/Nephew","27",,"Subiya",,"","Form 5","No","Poor academic progress","",,"","","","Yes","Yes","No"
"90-03-82-22",6,12,,"","Male","Niece/Nephew","23",,"Subiya",,"","Form 3","No","Poor academic progress","",,"","","","Yes","Yes","No"
"24-47-59-03",1,12,,"","Female","Self/Head","64","Never Married","subiya","African Traditional religion","","Form 3","No","Poor academic progress","",,"","","","Yes","Yes","No"
"24-47-59-03",2,12,,"","Male","Child/Adopted Child","38",,"subiya",,"","Form 3","No","Poor academic progress","",,"","","","No",,
"24-47-59-03",3,12,,"","Male","Other Relative","49",,"subiya",,"","Form 3","No","Poor academic progress","",,"","","","No",,
"23-30-88-30",1,12,,"","Female","Other Non-Relative","43",,"Subiya",,"","Standard 4","No","Poor academic progress","",,"","","","No",,
"23-30-88-30",2,12,,"","Male","Self/Head","43","Never Married","Hambukushu","Protestant demoninantions (incl all non-catholic denominations)","","Form 3","No","Poor academic progress","",,"","","","Yes","Yes","No"
"72-38-90-85",1,12,,"","Male","Self/Head","57","Never Married","motswapong","Other➡️ Please specify","christianity","Standard 4","No","I don't Know","",,"","","","Yes","Yes","No"
"72-38-90-85",2,12,,"","Female","Other Non-Relative","47",,"Kalanga",,"","Form 2","No","Poor academic progress","",,"","","","Yes","Yes","No"
"72-38-90-85",3,12,,"","Female","Child/Adopted Child","27",,"Kalanga",,"","Form 5","No","Poor academic progress","",,"","","","Yes","Yes","No"
"72-38-90-85",4,12,,"","Male","Child/Adopted Child","19",,"kalanga",,"","Form 3","Yes",,"",,"","","","No",,
"72-38-90-85",5,12,,"","Male","Child/Adopted Child","17",,"Kalanga",,"","Form 3","No","Poor academic progress","",,"","","","No",,
"72-38-90-85",6,12,,"","Female","Child/Adopted Child","15",,"Kalanga",,"","Form 2","Yes",,"",,"","","","No",,
"72-38-90-85",7,12,,"","Female","Child/Adopted Child","13",,"kalanga",,"","Standard 6","Yes",,"",,"","","","No",,
"72-38-90-85",8,12,,"","Female","Grandchild","7",,"kalanga",,"","Standard 1","Yes",,"",,"","","",,,
"72-38-90-85",9,12,,"","Female","Child/Adopted Child","6",,"kalanga",,"","Standard 1","Yes",,"",,"","","",,,
"72-38-90-85",10,12,,"","Female","Child/Adopted Child","5",,"kalanga",,"","No formal education","No","Too expensive","",,"","","",,,
"72-38-90-85",11,12,,"","Female","Grandchild","5",,"kalanga",,"","No formal education","No","Too expensive","",,"","","",,,
"76-02-43-67",1,12,,"","Male","Self/Head","54","Never Married","Tswana","Protestant demoninantions (incl all non-catholic denominations)","","Standard 7","No","Poor academic progress","",,"","","","No",,
"76-02-43-67",2,12,,"","Female","Wife/Husband","51",,"Nanjwa",,"","Form 5","No","Too expensive","",,"","","","Yes","Yes","No"
"76-02-43-67",3,12,,"","Female","Brother/Sister-In-Law","46",,"Nanjwa",,"","Form 2","No","Completed desired schooling","",,"","","","No",,
"76-02-43-67",4,12,,"","Male","Son/Daughter-In-Law","25",,"Subiya",,"","Form 3","No","Poor academic progress","",,"","","","No",,
"76-02-43-67",5,12,,"","Female","Son/Daughter-In-Law","19",,"Nanjwa",,"","Form 5","No","Too expensive","",,"","","","No",,
"76-02-43-67",6,12,,"","Female","Other Non-Relative","18",,"Tswana",,"","Form 3","No","Pregnancy","",,"","","","No",,
"76-02-43-67",7,12,,"","Male","Grandchild","10",,"Tswana",,"","Standard 3","Yes",,"",,"","","",,,
"76-02-43-67",8,12,,"","Female","Grandchild","Less than 1 year",,"Subiya",,"",,"No","Other","She's still young",,"","","",,,
"58-63-03-99",1,12,,"","Male","Self/Head","52","Married monogamously","Subiya","Protestant demoninantions (incl all non-catholic denominations)","","Form 3","No","Sickness or calamity in family","",,"","","","Yes","Yes","No"
"58-63-03-99",2,12,,"","Female","Wife/Husband","50",,"Subiya",,"","Form 4","No","Pregnancy","",,"","","","Yes","Yes","No"
"58-63-03-99",3,12,,"","Male","Child/Adopted Child","26",,"Subiya",,"","University level",,,"",,"University of Botswana","2020","Environmental Health","No",,
"53-04-65-79",1,12,,"","Female","Self/Head","53","Married monogamously","najwa","Protestant demoninantions (incl all non-catholic denominations)","","Standard 5","No","Parents did not want","",,"","","","No",,
"53-04-65-79",2,12,,"","Male","Child/Adopted Child","34",,"najwa",,"","Form 5","No","Poor academic progress","",,"","","","No",,
"48-16-15-04",1,12,,"","Female","Self/Head","40","Married monogamously","Shona","Protestant demoninantions (incl all non-catholic denominations)","","Form 4","No","Poor academic progress","",,"","","","No",,
"85-34-28-65",1,12,,"","Male","Self/Head","28","Never Married","subiya","African Traditional religion","","Form 5","No","Poor academic progress","",,"","","","Yes","Yes","No"
"08-72-41-04",1,12,,"","Female","Self/Head","88","Widow/ Widower","Monajwa","Catholic","","No formal education","No","Had to help with family","",,"","","","No",,
"08-72-41-04",3,12,,"","Female","Son/Daughter-In-Law","74",,"Kalanga",,"","Form 2","No","Pregnancy","",,"","","","No",,
"08-72-41-04",4,12,,"","Male","Child/Adopted Child","36",,"Monajwa",,"","Form 3","No","Poor academic progress","",,"","","","No",,
"08-72-41-04",5,12,,"","Male","Child/Adopted Child","62",,"Monajwa",,"","Standard 7","No","Further schooling not available","",,"","","","Yes","Yes","No"
"48-20-18-94",1,12,,"","Female","Self/Head","50","Divorced /Separated","Subiya","Protestant demoninantions (incl all non-catholic denominations)","","Standard 7","No","Too expensive","",,"","","","Yes","Yes","No"
"48-20-18-94",2,2,"Members that left - Looking for work elsewhere","","Male","Child/Adopted Child","38",,"Subiya",,"","University level",,,"",,"University of Botswana","2007","Nursing","Yes","Yes","No"
"48-20-18-94",3,12,,"","Female","Niece/Nephew","40",,"Subiya",,"","Form 5","No","Poor academic progress","",,"","","","Yes","Yes","No"
"56-53-54-49",1,12,,"","Male","Self/Head","70","Married monogamously","Mongwato","African Traditional religion","","Form 5","No","Completed desired schooling","",,"","","","Yes","No","Yes"
"56-53-54-49",2,12,,"","Female","Wife/Husband","67",,"Mombukushu",,"","Standard 4","No","Completed desired schooling","",,"","","","No",,
"56-53-54-49",3,12,,"","Male","Child/Adopted Child","39",,"Mongwato",,"","Form 5","No","Completed desired schooling","",,"","","","No",,
"56-53-54-49",5,12,,"","Male","Grandchild","3",,"Mongwato",,"",,"No","Other","Minor",,"","","",,,
"01-08-40-07",2,12,,"","Male","Self/Head","63","Married monogamously","Moyei","Protestant demoninantions (incl all non-catholic denominations)","","Standard 7","No","Completed desired schooling","",,"","","","Yes","Yes","No"
"01-08-40-07",3,12,,"","Female","Wife/Husband","55",,"Tswana",,"","Standard 7","No","Poor academic progress","",,"","","","Yes","Yes","No"
"74-08-40-24",1,12,,"","Female","Self/Head","67","Divorced /Separated","Subiya","Protestant demoninantions (incl all non-catholic denominations)","","No formal education","No","Parents did not want","",,"","","","No",,
"74-08-40-24",2,12,,"","Male","Grandchild","17",,"Subiya",,"","Form 3","Yes",,"",,"","","","No",,
"74-08-40-24",3,12,,"","Male","Grandchild","7",,"Subiya",,"","Standard 1","Yes",,"",,"","","",,,
"14-31-43-40",1,12,,"","Male","Self/Head","51","Married monogamously","Nambya","Protestant demoninantions (incl all non-catholic denominations)","","Other educational training","No","business","",,"","","","Yes","Yes","Yes"
"14-31-43-40",2,12,,"","Female","Wife/Husband","49",,"Subiya",,"","Other educational training","No","Completed desired schooling","",,"","","","Yes","Yes","No"
"14-31-43-40",3,12,,"","Male","Child/Adopted Child","24",,"Nambya",,"","Other educational training","No","Completed desired schooling","",,"","","","Yes","Yes","No"
"14-31-43-40",4,12,,"","Male","Child/Adopted Child","14",,"Nambya",,"","Form 2","Yes",,"",,"","","","No",,
"14-31-43-40",5,12,,"","Male","Child/Adopted Child","12",,"Nambya",,"","Standard 5","Yes",,"",,"","","","No",,
"14-31-43-40",6,12,,"","Male","Niece/Nephew","16",,"Nambya",,"","Form 3","Yes",,"",,"","","","No",,
"14-31-43-40",7,12,,"","Male","Niece/Nephew","15",,"Nambya",,"","Form 2","Yes",,"",,"","","","No",,
"24-80-99-00",1,12,,"","Male","Self/Head","36","Never Married","Ngwato","Non-religious","","Form 3","No","Too expensive","",,"","","","No",,
"24-80-99-00",2,12,,"","Male","Child/Adopted Child","1",,"Ngwato",,"",,"No","I don't Know","",,"","","",,,
"40-28-46-68",1,12,,"","Male","Self/Head","35","Never Married","Kalanga","Protestant demoninantions (incl all non-catholic denominations)","","Form 5","No","Poor school quality","",,"","","","Yes","Yes","No"
"40-28-46-68",2,12,,"","Female","Other Non-Relative","38",,"Tswana",,"","Form 3","No","Poor academic progress","",,"","","","No",,
"40-28-46-68",3,12,,"","Male","Child/Adopted Child","1",,"Tswana",,"",,"No","Other","He's still young",,"","","",,,
"31-20-26-05",1,12,,"","Female","Father/Mother-In-Law","102",,"ndebele",,"","No formal education","No","Parents did not want","",,"","","","No",,
"31-20-26-05",2,12,,"","Male","Self/Head","69","Married monogamously","Ndebele","Other➡️ Please specify","Christianity","Form 2","No","Poor academic progress","",,"","","","No",,
"31-20-26-05",3,12,,"","Female","Wife/Husband","56",,"ndebele",,"","Standard 7","No","Too expensive","",,"","","","Yes","Yes","No"
"31-20-26-05",4,12,,"","Female","Niece/Nephew","6",,"Hambukushu",,"","Standard 1","Yes",,"",,"","","",,,
"31-20-26-05",5,12,,"","Male","Niece/Nephew","5",,"Hambukushu",,"","Nursey/ Kindergarten/ECD","Yes",,"",700,"","","",,,
"31-20-26-05",6,12,,"","Female","Niece/Nephew","5",,"Kalanga",,"","Nursey/ Kindergarten/ECD","Yes",,"",700,"","","",,,
"31-20-26-05",7,12,,"","Male","Niece/Nephew","4",,"hambukushu",,"",,"Yes",,"",0,"","","",,,
"37-39-15-65",1,12,,"","Female","Self/Head","71","Married monogamously","Subiya","Catholic","","No formal education","No","Other","too old",,"","","","Yes","Yes","Yes"
"37-39-15-65",2,12,,"","Male","Grandchild","17",,"Subiya",,"","Form 3","Yes",,"",,"","","","No",,
"37-39-15-65",3,12,,"","Female","Child/Adopted Child","32",,"Subiya",,"","Form 5","No","Poor academic progress","",,"","","","Yes","Yes","No"
"37-39-15-65",4,12,,"","Female","Grandchild","8",,"Subiya",,"","Standard 2","Yes",,"",,"","","",,,
"37-39-15-65",5,12,,"","Male","Grandchild","10",,"Subiya",,"","Standard 4","Yes",,"",,"","","",,,
"37-39-15-65",6,12,,"","Female","Grandchild","3",,"Subiya",,"",,"Yes",,"",400,"","","",,,
"37-39-15-65",7,12,,"","Female","Grandchild","4",,"Subiya",,"",,"Yes",,"",400,"","","",,,
"45-44-88-31",1,12,,"","Female","Self/Head","56","Married monogamously","BIRWA","Protestant demoninantions (incl all non-catholic denominations)","","University level",,,"",,"UNIVERSITY OF BOTSWANA","2016","BACHELOR DEGREE IN  BUSINESS MANAGEMENT","Yes","Yes","Yes"
"45-44-88-31",2,12,,"","Female","Child/Adopted Child","32",,"SUBIYA",,"","Form 5","No","Poor academic progress","",,"","","","No",,
"45-44-88-31",3,12,,"","Male","Child/Adopted Child","23",,"SUBIYA",,"","Form 5","No","Poor academic progress","",,"","","","No",,
"45-44-88-31",4,12,,"","Female","Child/Adopted Child","27",,"SUBIYA",,"","Form 5","No","Poor academic progress","",,"","","","No",,
"45-44-88-31",5,12,,"","Female","Child/Adopted Child","25",,"SUBIYA",,"","University level",,,"",,"INSTITUTE OF DEVELOPMENT MANAGEMENT (IDM)","2023","CHARTERED INSTITUTE OF PURCHASE AND SUPPLIES","No",,
"45-44-88-31",6,12,,"","Male","Child/Adopted Child","30",,"SUBIYA",,"","University level",,,"",,"GABORONE UNIVERSAL COLLEGE (GUC)","2023","OCCUPATIONAL HEALTH AND SAFETY","No",,
"45-44-88-31",7,12,,"","Female","Child/Adopted Child","37",,"SUBIYA",,"","Form 5","No","Too expensive","",,"","","","Yes","Yes","No"
"45-44-88-31",8,12,,"","Male","Niece/Nephew","26",,"TSWANA",,"","Form 5","Yes",,"",,"","","","No",,
"91-91-62-09",1,12,,"","Female","Wife/Husband","45",,"Nambya",,"","Form 3","No","Poor academic progress","",,"","","","No",,
"91-91-62-09",2,12,,"","Male","Self/Head","44","Never Married","Mmirwa","Protestant demoninantions (incl all non-catholic denominations)","","Standard 7","No","Sickness or calamity in family","",,"","","","Yes","Yes","No"
"91-91-62-09",3,12,,"","Male","Child/Adopted Child","20",,"Kalanga",,"","Form 3","No","Poor academic progress","",,"","","","No",,
"91-91-62-09",4,12,,"","Male","Niece/Nephew","16",,"Subiya",,"","Form 3","Yes",,"",,"","","","No",,
"91-91-62-09",5,12,,"","Male","Sister/Brother","39",,"Hambukushu",,"","Form 3","No","Poor academic progress","",,"","","","No",,
"91-91-62-09",6,12,,"","Female","Other Relative","3",,"Kalanga",,"",,"No","Other","too young",,"","","",,,
"88-82-89-39",1,12,,"","Female","Self/Head","55","Never Married","Subiya","Catholic","","University level",,,"",,"Pitman","2001","Accounting","No",,
"88-82-89-39",2,12,,"","Female","Child/Adopted Child","28",,"Subiya",,"","University level",,,"",,"GIPS","2019","Business Administration","No",,
"88-82-89-39",3,12,,"","Male","Child/Adopted Child","23",,"Veekuhane",,"","University level",,,"",,"BAC","2023","Business Intelligence and data analysis","No",,
"88-82-89-39",4,12,,"","Female","Other Relative","23",,"Subiya",,"","University level",,,"",,"Baisago","2022","Law and administrative duties","Yes","Yes","No"
"88-82-89-39",5,12,,"","Male","Grandchild","4",,"Subiya",,"",,"No","Other","Still young",,"","","",,,
"79-34-34-89",1,12,,"","Female","Self/Head","33","Never Married","Nanjwa","Catholic","","Standard 3","No","Completed desired schooling","",,"","","","No",,
"79-34-34-89",2,12,,"","Female","Sister/Brother","33",,"Nanjwa",,"","Standard 3","No","Poor academic progress","",,"","","","Yes","Yes","No"
"79-34-34-89",3,12,,"","Male","Other Relative","35",,"Nanjwa",,"","University level",,,"",,"University of Botswana","2008","Engineering","No",,
"79-34-34-89",4,12,,"","Male","Sister/Brother","28",,"Nanjwa",,"","Standard 3","No","Poor academic progress","",,"","","","No",,
"79-34-34-89",5,12,,"","Female","Brother/Sister-In-Law","29",,"Tawana",,"","Standard 3","No","Too expensive","",,"","","","Yes","No","Yes"
"07-03-46-78",1,12,,"","Female","Self/Head","39","Never Married","subiya","Protestant demoninantions (incl all non-catholic denominations)","","Form 3","No","Completed desired schooling","",,"","","","Yes","Yes","No"
"07-03-46-78",2,12,,"","Female","Child/Adopted Child","19",,"subiya",,"","Form 5","No","Too expensive","",,"","","","No",,
"07-03-46-78",3,12,,"","Male","Child/Adopted Child","9",,"subiya",,"","Standard 2","Yes",,"",,"","","",,,
"07-03-46-78",4,12,,"","Female","Child/Adopted Child","5",,"subiya",,"","No formal education","No","Other","minor",,"","","",,,
"07-03-46-78",5,12,,"","Female","Child/Adopted Child","15",,"subiya",,"","Form 1","Yes",,"",,"","","","No",,
"52-55-71-22",1,12,,"","Female","Self/Head","66","Widow/ Widower","Tawana","Protestant demoninantions (incl all non-catholic denominations)","","Form 2","No","Poor academic progress","",,"","","","No",,
"52-55-71-22",2,12,,"","Male","Grandchild","28",,"Tswana",,"","Standard 5","No","Too expensive","",,"","","","No",,
"52-55-71-22",3,12,,"","Male","Grandchild","28",,"Tswapong",,"","Form 5","No","Sickness or calamity in family","",,"","","","Yes","Yes","No"
"52-55-71-22",4,12,,"","Male","Other Relative","22",,"Tawana",,"","Form 5","No","Poor academic progress","",,"","","","No",,
"42-79-46-81",1,12,,"","Female","Self/Head","53","Married monogamously","SAN","African Traditional religion","","Standard 7","No","Completed desired schooling","",,"","","","No",,
"42-79-46-81",2,12,,"","Female","Child/Adopted Child","30",,"TSWANA",,"","Form 3","No","Other","FINANCIALS TO SEND A CHILD TO BOARDING SCHOOL",,"","","","No",,
"42-79-46-81",3,12,,"","Female","Child/Adopted Child","28",,"TSWANA",,"","No formal education","No","Other","DISABILITY",,"","","","No",,
"42-79-46-81",4,12,,"","Female","Child/Adopted Child","20",,"TSWANA",,"","Form 5","No","Poor academic progress","",,"","","","No",,
"42-79-46-81",5,12,,"","Male","Child/Adopted Child","9",,"TSWANA",,"","Standard 4","Yes",,"",,"","","",,,
"42-79-46-81",6,12,,"","Female","Grandchild","7",,"KALANGA",,"","Standard 4","Yes",,"",,"","","",,,
"42-79-46-81",7,12,,"","Female","Grandchild","3",,"KALANGA",,"",,"Yes",,"",250,"","","",,,
"42-79-46-81",8,12,,"","Male","Grandchild","13",,"KALANGA",,"","Standard 7","Yes",,"",,"","","","No",,
"39-12-44-07",1,12,,"","Male","Self/Head","55","Never Married","Mbukushu","Catholic","","Standard 7","No","Had to help at home","",,"","","","No",,
"39-12-44-07",2,12,,"","Male","Sister/Brother","47",,"Mbukushu",,"","No formal education","No","Had to help with family","",,"","","","No",,
"39-12-44-07",3,12,,"","Female","Niece/Nephew","36",,"Tawana",,"","Form 3","No","Too expensive","",,"","","","Yes","Yes","No"
"39-12-44-07",4,12,,"","Female","Niece/Nephew","13",,"Subiya",,"","Form 1","Yes",,"",,"","","","No",,
"39-12-44-07",5,12,,"","Female","Niece/Nephew","10",,"Subiya",,"","Standard 5","Yes",,"",,"","","",,,
"39-12-44-07",6,12,,"","Male","Niece/Nephew","7",,"Subiya",,"","Standard 1","Yes",,"",,"","","",,,
"39-12-44-07",7,12,,"","Female","Niece/Nephew","4",,"Subiya",,"",,"No","Other","still young",,"","","",,,
"21-92-10-43",1,12,,"","Male","Self/Head","59","Never Married","San","Non-religious","","No formal education","No","Had to help with family","",,"","","","Yes","Yes","No"
"21-92-10-43",2,12,,"","Female","Wife/Husband","55",,"San",,"","No formal education","No","Had to help with family","",,"","","","No",,
"29-41-63-44",1,12,,"","Female","Self/Head","37","Never Married","Subiya","Catholic","","Form 3","No","Not willing to attend further","",,"","","","No",,
"29-41-63-44",2,12,,"","Male","Niece/Nephew","26",,"Subiya",,"","Form 3","No","Had to help with family","",,"","","","No",,
"29-41-63-44",3,12,,"","Female","Niece/Nephew","20",,"Subiya",,"","Form 3","No","Poor academic progress","",,"","","","No",,
"29-41-63-44",4,12,,"","Male","Child/Adopted Child","15",,"Subiya",,"","Form 2","Yes",,"",,"","","","No",,
"29-41-63-44",5,12,,"","Female","Child/Adopted Child","3",,"Subiya",,"",,"No","Other","Still young",,"","","",,,
"19-83-50-72",1,12,,"","Male","Self/Head","62","Widow/ Widower","Subiya","Protestant demoninantions (incl all non-catholic denominations)","","Form 3","No","Had to help with family","",,"","","","No",,
"19-83-50-72",2,12,,"","Male","Child/Adopted Child","30",,"Subiya",,"","University level",,,"",,"Phikwe technical college","2017","tourism management","No",,
"58-42-18-32",1,12,,"","Female","Sister/Brother","18",,"Subiya",,"","Form 5","No","Poor academic progress","",,"","","","Yes","Yes","No"
"58-42-18-32",2,12,,"","Male","Self/Head","32","Never Married","Subiya","Catholic","","Form 3","No","Poor academic progress","",,"","","","Yes","Yes","No"
"58-42-18-32",3,12,,"","Female","Sister/Brother","21",,"Subiya",,"","Form 5","No","Not willing to attend further","",,"","","","Yes","Yes","No"
"48-22-87-49",1,12,,"","Male","Self/Head","47","Divorced /Separated","Mokhurutshe","Protestant demoninantions (incl all non-catholic denominations)","","Other educational training","No","Completed desired schooling","",,"","","","Yes","Yes","No"
"48-22-87-49",2,12,,"","Female","Other Non-Relative","38",,"Subiya",,"","Other educational training","Yes",,"",,"","","","No",,
"85-54-41-38",1,12,,"","Male","Self/Head","44","Never Married","Motalaote","African Traditional religion","","Form 2","No","Poor academic progress","",,"","","","Yes","Yes","No"
"85-54-41-38",2,12,,"","Female","Other Non-Relative","39",,"Subiya",,"","Form 3","No","Poor academic progress","",,"","","","Yes","Yes","No"
"85-54-41-38",3,12,,"","Female","Child/Adopted Child","11",,"Subiya",,"","Standard 4","Yes",,"",,"","","","No",,
"85-54-41-38",4,12,,"","Male","Child/Adopted Child","9",,"Subiya",,"","Standard 2","Yes",,"",,"","","",,,
"85-54-41-38",5,12,,"","Female","Child/Adopted Child","Less than 1 year",,"Motalaote",,"",,"No","Other","Too young to be attending school",,"","","",,,
"91-10-07-30",1,4,"Members that left - Looking for work elsewhere","","Female","Self/Head","45","Never Married","Subiya","Other➡️ Please specify","christianity","University level",,,"",,"Career Dreams","2000","certificate in hospitality","Yes","Yes","No"
"12-91-55-52",1,12,,"","Male","Self/Head","46","Never Married","Kalanga","African Traditional religion","","Other educational training","No","Completed desired schooling","",,"","","","Yes","Yes","No"
"12-91-55-52",2,12,,"","Female","Wife/Husband","50",,"Subiya",,"","Standard 4","No","Poor academic progress","",,"","","","Yes","Yes","No"
"12-91-55-52",3,12,,"","Male","Child/Adopted Child","27",,"Subiya",,"","Form 5","No","Poor academic progress","",,"","","","No",,
"12-91-55-52",4,12,,"","Male","Child/Adopted Child","26",,"Subiya",,"","Form 5","No","Poor academic progress","",,"","","","Yes","Yes","No"
"12-91-55-52",5,12,,"","Male","Child/Adopted Child","29",,"Subiya",,"","Form 3","No","Poor academic progress","",,"","","","Yes","Yes","No"
"12-91-55-52",6,12,,"","Male","Child/Adopted Child","31",,"Subiya",,"","Form 3","No","Poor academic progress","",,"","","","Yes","Yes","No"
"12-91-55-52",7,12,,"","Female","Child/Adopted Child","10",,"Kalanga",,"","Standard 5","Yes",,"",,"","","",,,
"12-91-55-52",8,12,,"","Female","Child/Adopted Child","8",,"Kalanga",,"","Standard 2","Yes",,"",,"","","",,,
"74-40-02-20",1,12,,"","Male","Self/Head","56","Widow/ Widower","subiya","Protestant demoninantions (incl all non-catholic denominations)","","No formal education","No","Completed desired schooling","",,"","","","Yes","Yes","No"
"74-40-02-20",2,12,,"","Male","Child/Adopted Child","22",,"subiya",,"","Form 5","No","Too expensive","",,"","","","Yes","Yes","No"
"74-40-02-20",3,12,,"","Male","Child/Adopted Child","12",,"subiya",,"","Standard 6","Yes",,"",,"","","","No",,
"74-40-02-20",4,12,,"","Male","Child/Adopted Child","8",,"subiya",,"","Standard 2","Yes",,"",,"","","",,,
"74-40-02-20",5,12,,"","Male","Child/Adopted Child","33",,"subiya",,"","Standard 7","No","Completed desired schooling","",,"","","","Yes","Yes","No"
"09-31-11-33",1,12,,"","Male","Self/Head","74","Married monogamously","Ndebele","Protestant demoninantions (incl all non-catholic denominations)","","Standard 4","No","Too expensive","",,"","","","Yes","No","Yes"
"09-31-11-33",2,12,,"","Female","Wife/Husband","71",,"Ndebele",,"","Standard 2","No","Not willing to attend further","",,"","","","Yes","No","Yes"
"09-31-11-33",3,12,,"","Female","Grandchild","9",,"Ndebele",,"","Standard 3","Yes",,"",,"","","",,,
"87-08-33-34",1,12,,"","Female","Wife/Husband","29",,"Tswana group",,"","Form 3","No","Poor academic progress","",,"","","","No",,
"87-08-33-34",2,12,,"","Male","Wife/Husband","37",,"Tswana group",,"","Form 3","No","Poor academic progress","",,"","","","Yes","Yes","No"
"87-08-33-34",3,12,,"","Female","Child/Adopted Child","7",,"Tswana group",,"","Standard 2","Yes",,"",,"","","",,,
"87-08-33-34",4,1,"New arrivals - New born","","Female","Child/Adopted Child","Less than 1 year",,"Tswana group",,"",,"No","Other","still a baby",,"","","",,,
"61-84-77-75",1,12,,"","Male","Self/Head","25","Never Married","Kalanga","Does not know","","Form 5","No","Too expensive","",,"","","","No",,
"61-84-77-75",2,12,,"","Female","Other Non-Relative","20",,"Ndebele",,"","Form 3","No","Too expensive","",,"","","","No",,
"75-58-44-85",1,12,,"","Male","Self/Head","31","Never Married","Hambukushu","Non-religious","","Form 3","No","Poor academic progress","",,"","","","Yes","Yes","No"
"75-58-44-85",2,12,,"","Female","Other Non-Relative","25",,"Najwa",,"","Form 3","No","Poor academic progress","",,"","","","No",,
"11-16-18-86",1,12,,"","Male","Child/Adopted Child","26",,"Tawana",,"","Form 3","No","Poor academic progress","",,"","","","Yes","Yes","No"
"11-16-18-86",2,12,,"","Female","Self/Head","63","Widow/ Widower","Tawana","African Traditional religion","","Other educational training","No","Completed desired schooling","",,"","","","Yes","Yes","No"
"11-16-18-86",3,12,,"","Male","Child/Adopted Child","34",,"Mbukushu",,"","Form 3","No","Poor academic progress","",,"","","","Yes","Yes","No"
"04-26-72-23",1,12,,"","Female","Self/Head","57","Never Married","Subiya","Catholic","","Form 2","No","Pregnancy","",,"","","","Yes","Yes","Yes"
"04-26-72-23",2,12,,"","Male","Child/Adopted Child","26",,"Subiya",,"","Form 5","No","Poor academic progress","",,"","","","No",,
"54-13-05-65",1,12,,"","Female","Self/Head","74","Never Married","kalanga","African Traditional religion","","Standard 6","No","Further schooling not available","",,"","","","No",,
"54-13-05-65",2,12,,"","Female","Child/Adopted Child","27",,"kalanga",,"","Form 5","No","Poor academic progress","",,"","","","Yes","Yes","No"
"54-13-05-65",3,12,,"","Female","Grandchild","13",,"kalanga",,"","Standard 7","Yes",,"",,"","","","No",,
"54-13-05-65",4,12,,"","Female","Grandchild","13",,"kalanga",,"","Standard 7","Yes",,"",,"","","","No",,
"54-13-05-65",5,12,,"","Male","Grandchild","1",,"kalanga",,"",,"No","Other","still young",,"","","",,,
"23-66-97-33",1,3,"New arrivals - New born","","Male","Self/Head","36","Never Married","Mmirwa","Non-religious","","University level",,,"",,"University of Botswana","2009","Diploma in Business Management","Yes","Yes","No"
"23-66-97-33",2,3,"New arrivals - Bad living conditions at home","","Female","Other Non-Relative","24",,"Ndebele",,"","Form 5","No","Poor academic progress","",,"","","","Yes","Yes","No"
"23-66-97-33",3,3,"New arrivals - Bad living conditions at home","","Female","Child/Adopted Child","2",,"Mmirwa",,"",,"No","I don't Know","",,"","","",,,
"06-64-69-84",1,12,,"","Female","Self/Head","49","Never Married","Subiya","Catholic","","Standard 7","No","Had to help with family","",,"","","","Yes","Yes","Yes"
"06-64-69-84",2,12,,"","Male","Other Non-Relative","52",,"Subiya",,"","Form 5","No","Had to help with family","",,"","","","Yes","Yes","No"
"56-62-10-52",1,12,,"","Female","Self/Head","39","Never Married","Kalanga","Protestant demoninantions (incl all non-catholic denominations)","","Form 5","No","Completed desired schooling","",,"","","","Yes","Yes","No"
"56-62-10-52",2,12,,"","Female","Sister/Brother","29",,"Kalanga",,"","University level",,,"",,"University of Botswana","2018","Social Science","Yes","Yes","No"
"56-62-10-52",3,12,,"","Male","Son/Daughter-In-Law","22",,"Kalanga",,"","Form 5","No","Completed desired schooling","",,"","","","No",,
"05-04-82-73",1,12,,"","Female","Self/Head","55","Widow/ Widower","San","Protestant demoninantions (incl all non-catholic denominations)","","Standard 7","No","Completed desired schooling","",,"","","","Yes","Yes","No"
"05-04-82-73",2,12,,"","Female","Sister/Brother","52",,"San",,"","Standard 7","No","Completed desired schooling","",,"","","","Yes","Yes","No"
"05-04-82-73",3,12,,"","Female","Child/Adopted Child","38",,"Hambukushu",,"","Form 3","No","Completed desired schooling","",,"","","","Yes","Yes","No"
"05-04-82-73",4,12,,"","Female","Child/Adopted Child","34",,"subiya",,"","Standard 5","No","Completed desired schooling","",,"","","","No",,
"05-04-82-73",5,12,,"","Male","Grandchild","8",,"Tswana Subgroup",,"","Standard 2","Yes",,"",,"","","",,,
"05-04-82-73",6,12,,"","Male","Grandchild","11",,"Tswana subgroup",,"","Standard 5","Yes",,"",,"","","","No",,
"05-04-82-73",7,12,,"","Male","Grandchild","4",,"Tswana subgroup",,"",,"Yes",,"",0,"","","",,,
"05-04-82-73",8,12,,"","Female","Grandchild","15",,"san",,"","Form 2","Yes",,"",,"","","","No",,
"05-04-82-73",9,12,,"","Male","Child/Adopted Child","21",,"San",,"","Form 5","No","Too expensive","",,"","","","No",,
"03-81-35-88",1,11,"Members that left - Other (Specify)","to check on the farmland and livestock","Female","Self/Head","69","Never Married","Subiya","Catholic","","No formal education","No","Had to help with farm work","",,"","","","Yes","Yes","No"
"03-81-35-88",2,12,,"","Female","Child/Adopted Child","43",,"Subiya",,"","Form 3","No","Poor academic progress","",,"","","","Yes","Yes","No"
"03-81-35-88",4,12,,"","Male","Child/Adopted Child","33",,"Subiya",,"","Form 5","No","Poor academic progress","",,"","","","Yes","Yes","No"
"03-81-35-88",5,12,,"","Male","Grandchild","12",,"Subiya",,"","Standard 7","Yes",,"",,"","","","No",,
"03-81-35-88",6,12,,"","Male","Grandchild","11",,"Subiya",,"","Standard 6","Yes",,"",,"","","","No",,
"03-81-35-88",7,12,,"","Male","Grandchild","11",,"Subiya",,"","Standard 5","Yes",,"",,"","","","No",,
"03-81-35-88",8,12,,"","Female","Grandchild","3",,"Subiya",,"",,"No","Other","Still young",,"","","",,,
"03-81-35-88",9,12,,"","Female","Child/Adopted Child","36",,"Subiya",,"","Form 5","No","Too expensive","",,"","","","Yes","No","Yes"
"87-65-62-49",1,12,,"","Female","Child/Adopted Child","23",,"Subiya",,"","Form 5","Yes",,"",,"","","","No",,
"87-65-62-49",2,12,,"","Male","Child/Adopted Child","18",,"Subiya",,"","Form 3","No","Poor academic progress","",,"","","","Yes","Yes","No"
"87-65-62-49",3,12,,"","Female","Child/Adopted Child","28",,"Subiya",,"","Form 5","No","Poor academic progress","",,"","","","Yes","Yes","No"
"87-65-62-49",4,12,,"","Male","Grandchild","1",,"Kalanga",,"",,"No","Other","too young",,"","","",,,
"95-74-95-07",1,12,,"","Female","Self/Head","77","Never Married","yeyi","Other➡️ Please specify","christianity","Standard 1","No","Parents did not want","",,"","","","Yes","Yes","No"
"95-74-95-07",2,12,,"","Female","Child/Adopted Child","52",,"yeyi",,"","Form 3","No","Too expensive","",,"","","","Yes","Yes","No"
"95-74-95-07",3,12,,"","Female","Grandchild","32",,"yeyi",,"","Form 3","No","Poor academic progress","",,"","","","No",,
"95-74-95-07",4,12,,"","Male","Child/Adopted Child","36",,"yeyi",,"","Standard 6","No","Not willing to attend further","",,"","","","No",,
"95-74-95-07",5,12,,"","Female","Grandchild","13",,"yeyi",,"","Standard 7","Yes",,"",,"","","","No",,
"95-74-95-07",6,12,,"","Male","Grandchild","12",,"yeyi",,"","Standard 5","Yes",,"",,"","","","No",,
"95-74-95-07",7,12,,"","Female","Grandchild","9",,"yeyi",,"","Standard 4","Yes",,"",,"","","",,,
"95-74-95-07",8,12,,"","Female","Grandchild","6",,"yeyi",,"","Standard 1","Yes",,"",,"","","",,,
"95-74-95-07",9,12,,"","Male","Grandchild","5",,"yeyi",,"","No formal education","No","Too expensive","",,"","","",,,
"95-74-95-07",10,12,,"","Female","Grandchild","1",,"yeyi",,"",,"No","Too expensive","",,"","","",,,
"95-74-95-07",11,12,,"","Male","Other Non-Relative","41",,"yeyi",,"","Standard 4","No","Not willing to attend further","",,"","","","No",,
"51-31-85-01",1,12,,"","Female","Mother/Father","82",,"Subiya",,"","Adult Literacy","No","Not willing to attend further","",,"","","","No",,
"51-31-85-01",2,12,,"","Female","Self/Head","35","Never Married","Subiya","Protestant demoninantions (incl all non-catholic denominations)","","Standard 4","No","Poor academic progress","",,"","","","Yes","Yes","No"
"51-31-85-01",3,12,,"","Female","Child/Adopted Child","3",,"Subiya",,"",,"No","Parents did not want","",,"","","",,,
"51-31-85-01",4,12,,"","Male","Child/Adopted Child","8",,"Subiya",,"","Standard 3","Yes",,"",,"","","",,,
"51-50-93-70",1,12,,"","Female","Self/Head","76","Never Married","Subiya","Protestant demoninantions (incl all non-catholic denominations)","","No formal education","No","Not willing to attend further","",,"","","","Yes","Yes","No"
"51-50-93-70",2,12,,"","Male","Other Non-Relative","66",,"Hambukushu",,"","No formal education","No","Had to help with farm work","",,"","","","No",,
"51-50-93-70",3,12,,"","Male","Child/Adopted Child","51",,"Hambukushu",,"","Form 3","No","Poor academic progress","",,"","","","Yes","Yes","No"
"51-50-93-70",4,12,,"","Male","Child/Adopted Child","29",,"San",,"","Form 3","No","Poor academic progress","",,"","","","No",,
"51-50-93-70",5,12,,"","Female","Child/Adopted Child","51",,"Subiya",,"","Standard 7","No","Poor academic progress","",,"","","","No",,
"43-24-35-84",1,12,,"","Male","Self/Head","35","Never Married","YEYI","Protestant demoninantions (incl all non-catholic denominations)","","Form 5","No","Other","FINANCES",,"","","","Yes","Yes","Yes"
"89-88-34-15",1,12,,"","Female","Self/Head","43","Divorced /Separated","TSWANA","Protestant demoninantions (incl all non-catholic denominations)","","Form 5","No","Poor academic progress","",,"","","","Yes","Yes","No"
"89-88-34-15",2,12,,"","Female","Sister/Brother","39",,"TAWANA",,"","University level",,,"",,"LIMKOKWING UNIVERSITY OF CREATIVE TECHNOLOGY","2009","FASHION AND FABRICS","Yes","Yes","No"
"14-85-25-58",1,12,,"","Female","Self/Head","32","Never Married","Subiya","Protestant demoninantions (incl all non-catholic denominations)","","Form 5","No","Completed desired schooling","",,"","","","Yes","Yes","No"
"14-85-25-58",2,12,,"","Male","Child/Adopted Child","13",,"subiya",,"","Standard 7","Yes",,"",,"","","","No",,
"14-85-25-58",3,12,,"","Female","Child/Adopted Child","10",,"subiya",,"","Standard 4","Yes",,"",,"","","",,,
"14-85-25-58",4,12,,"","Female","Child/Adopted Child","5",,"subiya",,"","No formal education","Yes",,"",30,"","","",,,
"46-82-10-07",1,12,,"","Male","Self/Head","38","Never Married","Kalanga","African Traditional religion","","Form 3","No","Poor academic progress","",,"","","","Yes","Yes","No"
"46-82-10-07",2,12,,"","Female","Other Non-Relative","35",,"San",,"","Form 3","No","Poor academic progress","",,"","","","Yes","Yes","No"
"80-79-44-48",1,12,,"","Female","Child/Adopted Child","25",,"Tawana",,"","Form 5","No","Poor academic progress","",,"","","","Yes","Yes","No"
"80-79-44-48",2,12,,"","Male","Child/Adopted Child","10",,"Tawana",,"","Standard 4","Yes",,"",,"","","",,,
"80-79-44-48",3,12,,"","Male","Child/Adopted Child","32",,"Tawana",,"","Form 5","No","Poor academic progress","",,"","","","Yes","Yes","No"
"86-55-30-87",1,12,,"","Female","Self/Head","44","Never Married","Subiya","Protestant demoninantions (incl all non-catholic denominations)","","Standard 7","No","Completed desired schooling","",,"","","","Yes","Yes","No"
"86-55-30-87",2,12,,"","Female","Child/Adopted Child","22",,"subiya",,"","Form 5","No","Too expensive","",,"","","","Yes","Yes","No"
"86-55-30-87",3,12,,"","Male","Child/Adopted Child","15",,"subiya",,"","Form 1","Yes",,"",,"","","","No",,
"86-55-30-87",4,12,,"","Male","Grandchild","5",,"tswana subgroup",,"","No formal education","Yes",,"",250,"","","",,,
"86-55-30-87",5,12,,"","Male","Grandchild","2",,"tswana subgroup (ngwato)",,"",,"No","Other","minor",,"","","",,,
"95-51-95-92",1,12,,"","Female","Other Non-Relative","29",,"Subiya",,"","University level",,,"",,"Botho University","2015","Association of Accounting","Yes","Yes","Yes"
"95-51-95-92",2,12,,"","Male","Self/Head","35","Never Married","Subiya","Protestant demoninantions (incl all non-catholic denominations)","","University level",,,"",,"Boitekanelo College","2011","Paramedics","Yes","Yes","No"
"95-51-95-92",3,12,,"","Male","Child/Adopted Child","5",,"Subiya",,"","No formal education","Yes",,"",18000,"","","",,,
"89-51-80-40",1,12,,"","Female","Self/Head","66","Widow/ Widower","Subiya","Protestant demoninantions (incl all non-catholic denominations)","","Standard 7","No","Had to help with family","",,"","","","No",,
"89-51-80-40",2,12,,"","Female","Child/Adopted Child","42",,"Subiya",,"","Form 3","No","Poor academic progress","",,"","","","Yes","Yes","No"
"89-51-80-40",3,12,,"","Female","Grandchild","23",,"Subiya",,"","Form 5","No","Poor academic progress","",,"","","","No",,
"80-53-41-39",1,12,,"","Female","Self/Head","63","Never Married","Herero","Other➡️ Please specify","christianity","Standard 7","No","Too expensive","",,"","","","No",,
"80-53-41-39",2,12,,"","Female","Other Non-Relative","12",,"Kalanga",,"","Standard 5","Yes",,"",,"","","","No",,
"80-53-41-39",3,12,,"","Female","Other Non-Relative","5",,"Kalanga",,"","Nursey/ Kindergarten/ECD","Yes",,"",500,"","","",,,
"59-60-43-57",1,12,,"","Female","Self/Head","78","Widow/ Widower","subiya","Other➡️ Please specify","christianity","Standard 2","No","Parents did not want","",,"","","","No",,
"59-60-43-57",2,12,,"","Male","Niece/Nephew","26",,"subiya",,"","Form 5","No","Poor academic progress","",,"","","","No",,
"87-22-49-94",1,12,,"","Male","Self/Head","35","Never Married","Subiya","Protestant demoninantions (incl all non-catholic denominations)","","Other educational training","No","Completed desired schooling","",,"","","","Yes","Yes","No"
"87-22-49-94",2,12,,"","Female","Other Non-Relative","32",,"Ngwato",,"","Other educational training","No","Completed desired schooling","",,"","","","No",,
"98-98-98-22",1,12,,"","Female","Self/Head","84","Divorced /Separated","Yeyi","Protestant demoninantions (incl all non-catholic denominations)","","No formal education","No","Too expensive","",,"","","","No",,
"98-98-98-22",2,12,,"","Male","Grandchild","41",,"Tawana",,"","Form 2","No","Poor academic progress","",,"","","","No",,
"98-98-98-22",3,12,,"","Male","Grandchild","21",,"Tawana",,"","Standard 5","Yes",,"",,"","","","No",,
"19-11-80-87",1,12,,"","Female","Self/Head","81","Widow/ Widower","YEYI","Protestant demoninantions (incl all non-catholic denominations)","","No formal education","No","Parents did not want","",,"","","","No",,
"19-11-80-87",2,12,,"","Female","Child/Adopted Child","46",,"YEYI",,"","Form 2","No","Poor academic progress","",,"","","","No",,
"19-11-80-87",3,12,,"","Female","Child/Adopted Child","41",,"YEYI",,"","Form 3","No","Poor academic progress","",,"","","","No",,
"19-11-80-87",4,12,,"","Female","Child/Adopted Child","34",,"YEYI",,"","Form 5","No","Poor academic progress","",,"","","","Yes","Yes","No"
"19-11-80-87",5,12,,"","Male","Grandchild","14",,"SUBIYA",,"","Form 1","Yes",,"",,"","","","No",,
"19-11-80-87",6,12,,"","Male","Grandchild","10",,"YEYI",,"","Standard 4","Yes",,"",,"","","",,,
"19-11-80-87",7,12,,"","Female","Grandchild","8",,"YEYI",,"","Standard 2","Yes",,"",,"","","",,,
"19-11-80-87",8,12,,"","Male","Grandchild","3",,"YEYI",,"",,"No","Other","STILL GROWING",,"","","",,,
"02-55-85-64",1,7,"Members that left - Other (Specify)","Went to visit relatives in Tlokweng","Male","Self/Head","58","Never Married","Yeyi","Protestant demoninantions (incl all non-catholic denominations)","","Form 4","No","Had to help at home","",,"","","","No",,
"61-35-56-51",1,12,,"","Male","Self/Head","33","Married monogamously","Hambukushu","Other➡️ Please specify","Christianity","University level",,,"",,"Ba isago University","2013","Diploma in Accounting","No",,
"61-35-56-51",2,12,,"","Female","Wife/Husband","25",,"San",,"","Form 5","No","Poor academic progress","",,"","","","Yes","Yes","No"
"61-35-56-51",3,12,,"","Female","Child/Adopted Child","Less than 1 year",,"Hambukushu",,"",,"No","Other","9 months",,"","","",,,
"57-52-43-19",1,12,,"","Male","Self/Head","53","Married monogamously","yeyi","Protestant demoninantions (incl all non-catholic denominations)","","Standard 7","No","Completed desired schooling","",,"","","","Yes","Yes","No"
"57-52-43-19",2,12,,"","Female","Wife/Husband","52",,"Subiya",,"","Standard 7","No","Completed desired schooling","",,"","","","Yes","Yes","No"
"57-52-43-19",3,12,,"","Male","Grandchild","14",,"Hambukushu",,"","Form 1","Yes",,"",,"","","","No",,
"57-52-43-19",4,12,,"","Female","Grandchild","8",,"birwa",,"","Standard 2","Yes",,"",,"","","",,,
"57-52-43-19",5,12,,"","Male","Grandchild","8",,"Kalanga",,"","Standard 2","Yes",,"",,"","","",,,
"57-52-43-19",6,12,,"","Male","Grandchild","4",,"tswana subgroup (ngwato)",,"",,"Yes",,"",750,"","","",,,
"39-14-69-76",1,12,,"","Male","Self/Head","71","Married monogamously","san","African Traditional religion","","No formal education","No","Had to help at home","",,"","","","No",,
"39-14-69-76",2,12,,"","Female","Wife/Husband","50",,"Shona",,"","Standard 7","No","Poor academic progress","",,"","","","Yes","Yes","No"
"72-36-49-36",1,12,,"","Female","Wife/Husband","76",,"Subiya",,"","Standard 2","No","Had to help at home","",,"","","","No",,
"72-36-49-36",2,12,,"","Male","Self/Head","95","Married monogamously","Subiya","Protestant demoninantions (incl all non-catholic denominations)","","Standard 2","No","Completed desired schooling","",,"","","","No",,
"72-36-49-36",3,12,,"","Male","Child/Adopted Child","38",,"Subiya",,"","Form 3","No","Poor academic progress","",,"","","","No",,
"80-82-49-42",1,12,,"","Female","Child/Adopted Child","31",,"Mokwena",,"","Form 3","No","Poor academic progress","",,"","","","No",,
"80-82-49-42",2,12,,"","Female","Self/Head","61","Never Married","Mokwena","Protestant demoninantions (incl all non-catholic denominations)","","Standard 7","No","Further schooling not available","",,"","","","No",,
"80-82-49-42",3,12,,"","Male","Grandchild","11",,"Mokwena",,"","Standard 6","Yes",,"",,"","","","No",,
"80-82-49-42",4,12,,"","Male","Grandchild","8",,"Mokwena",,"","Standard 3","Yes",,"",,"","","",,,
"80-82-49-42",5,12,,"","Female","Grandchild","1",,"Mokwena",,"",,"No","Other","too young",,"","","",,,
"47-81-87-67",1,12,,"","Female","Self/Head","50","Never Married","Tawana-Tswana Subgroup","Protestant demoninantions (incl all non-catholic denominations)","","Form 2","No","Poor academic progress","",,"","","","Yes","Yes","No"
"47-81-87-67",2,12,,"","Female","Child/Adopted Child","8",,"Tawana-Tswana Subgroup",,"","Standard 2","Yes",,"",,"","","",,,
"47-81-87-67",3,12,,"","Female","Child/Adopted Child","16",,"Tawana-Tswana subgroup",,"","Form 3","Yes",,"",,"","","","No",,
"47-81-87-67",4,12,,"","Female","Child/Adopted Child","2",,"Tawana-Tswana Subgroup",,"",,"No","Parents did not want","",,"","","",,,
"47-81-87-67",5,12,,"","Male","Child/Adopted Child","26",,"Tawana-Tswana Subgroup",,"","Form 3","No","Poor academic progress","",,"","","","Yes","Yes","No"
"47-81-87-67",6,12,,"","Female","Child/Adopted Child","32",,"Tawana-Tswana Subgroup",,"","Form 3","No","Poor academic progress","",,"","","","No",,
"47-81-87-67",7,12,,"","Male","Other Non-Relative","31",,"Tawana-Tswana Subgroup",,"","Form 3","No","Poor academic progress","",,"","","","Yes","Yes","No"
"47-81-87-67",8,4,"Members that left - Education","","Female","Child/Adopted Child","18",,"Tawana-Tswana Subgroup",,"","Form 5","Yes",,"",,"","","","No",,
"55-33-21-42",1,12,,"","Male","Self/Head","83","Never Married","Tswana","Protestant demoninantions (incl all non-catholic denominations)","","No formal education","No","Had to help at home","",,"","","","No",,
"55-33-21-42",2,12,,"","Female","Wife/Husband","63",,"Ngwato",,"","Standard 2","No","Had to help with family","",,"","","","No",,
"55-33-21-42",3,12,,"","Female","Other Relative","27",,"Ngwato",,"","Form 3","No","Too expensive","",,"","","","Yes","Yes","No"
"55-33-21-42",4,12,,"","Male","Child/Adopted Child","25",,"Ngwato",,"","Form 3","No","Poor school quality","",,"","","","Yes","Yes","No"
"55-33-21-42",5,12,,"","Female","Child/Adopted Child","28",,"Tswana",,"","Other educational training","No","Completed desired schooling","",,"","","","No",,
"42-50-27-40",1,12,,"","Female","Self/Head","59","Widow/ Widower","Hambukushu","Other➡️ Please specify","christianity","Standard 7","No","Too expensive","",,"","","","No",,
"42-50-27-40",2,12,,"","Male","Child/Adopted Child","28",,"Hambukushu",,"","Form 3","No","Poor academic progress","",,"","","","Yes","Yes","No"
"42-50-27-40",3,12,,"","Male","Child/Adopted Child","25",,"Hambukushu",,"","Form 5","No","Poor academic progress","",,"","","","Yes","Yes","No"
"42-50-27-40",4,12,,"","Male","Child/Adopted Child","21",,"Hambukushu",,"","Form 3","No","Poor academic progress","",,"","","","No",,
"42-50-27-40",5,12,,"","Female","Child/Adopted Child","15",,"Hambukushu",,"","Form 2","Yes",,"",,"","","","No",,
"74-79-87-37",1,12,,"","Female","Self/Head","61","Never Married","Yeyi","Protestant demoninantions (incl all non-catholic denominations)","","Standard 7","No","Not willing to attend further","",,"","","","No",,
"74-79-87-37",2,12,,"","Female","Grandchild","19",,"Subiya",,"","Form 3","No","Poor academic progress","",,"","","","No",,
"74-79-87-37",3,12,,"","Male","Grandchild","15",,"Subiya",,"","Form 2","Yes",,"",,"","","","No",,
"74-79-87-37",4,12,,"","Female","Grandchild","11",,"Subiya",,"","Standard 4","Yes",,"",,"","","","No",,
"74-79-87-37",5,12,,"","Male","Grandchild","4",,"Subiya",,"",,"No","I don't Know","",,"","","",,,
"74-79-87-37",6,12,,"","Female","Grandchild","1",,"Subiya",,"",,"No","I don't Know","",,"","","",,,
"74-79-87-37",7,12,,"","Female","Child/Adopted Child","27",,"Subiya",,"","Form 5","No","Poor academic progress","",,"","","","No",,
"32-64-27-45",1,12,,"","Male","Self/Head","65","Married monogamously","SUBIYA","Protestant demoninantions (incl all non-catholic denominations)","","Standard 2","No","Had to help with family","",,"","","","No",,
"32-64-27-45",2,12,,"","Female","Wife/Husband","49",,"SUBIYA",,"","Form 3","No","Poor academic progress","",,"","","","Yes","Yes","No"
"32-64-27-45",3,12,,"","Female","Child/Adopted Child","22",,"SUBIYA",,"","Form 5","No","Poor academic progress","",,"","","","No",,
"43-28-98-57",1,12,,"","Female","Self/Head","57","Married monogamously","SAN","Protestant demoninantions (incl all non-catholic denominations)","","No formal education","No","Parents did not want","",,"","","","No",,
"43-28-98-57",2,12,,"","Female","Child/Adopted Child","38",,"SAN",,"","Form 3","No","Poor academic progress","",,"","","","Yes","Yes","No"
"43-28-98-57",3,12,,"","Female","Child/Adopted Child","25",,"SAN",,"","Form 3","No","Poor academic progress","",,"","","","No",,
"43-28-98-57",4,12,,"","Female","Child/Adopted Child","19",,"SAN",,"","Form 3","No","Poor academic progress","",,"","","","No",,
"43-28-98-57",5,12,,"","Male","Child/Adopted Child","17",,"SAN",,"","Form 3","No","Poor academic progress","",,"","","","No",,
"43-28-98-57",6,12,,"","Female","Grandchild","19",,"SAN",,"","Form 3","No","Poor academic progress","",,"","","","No",,
"28-12-52-92",1,12,,"","Female","Self/Head","82","Married monogamously","Xhereku","African Traditional religion","","No formal education","No","Parents did not want","",,"","","","No",,
"98-31-37-04",1,12,,"","Male","Self/Head","32","Never Married","subiya","Protestant demoninantions (incl all non-catholic denominations)","","University level",,,"",,"City and guilds","2013","business communication","Yes","Yes","No"
"98-31-37-04",2,12,,"","Male","Sister/Brother","25",,"subiya",,"","Form 3","No","Too expensive","",,"","","","Yes","Yes","No"
"98-31-37-04",3,12,,"","Female","Other Non-Relative","24",,"subiya",,"","University level",,,"",,"Jwaneng supabrain college","2019","human resource management","Yes","Yes","No"
"50-46-09-53",1,12,,"","Male","Self/Head","43","Never Married","San","Protestant demoninantions (incl all non-catholic denominations)","","Form 2","No","Poor academic progress","",,"","","","Yes","Yes","No"
"50-46-09-53",2,12,,"","Male","Niece/Nephew","31",,"San",,"","Standard 7","No","Poor academic progress","",,"","","","Yes","Yes","No"
"48-80-48-31",1,12,,"","Female","Self/Head","77","Widow/ Widower","Yeyi","Protestant demoninantions (incl all non-catholic denominations)","","No formal education","No","Parents did not want","",,"","","","No",,
"48-80-48-31",2,12,,"","Female","Grandchild","16",,"Yeyi",,"","Form 3","Yes",,"",,"","","","No",,
"48-80-48-31",3,6,"Members that left - Education","","Male","Grandchild","18",,"Yeyi",,"","Form 5","Yes",,"",,"","","","No",,
"48-80-48-31",4,6,"Members that left - Education","","Male","Grandchild","17",,"Yeyi",,"","Form 4","Yes",,"",,"","","","No",,
"48-80-48-31",5,12,,"","Female","Grandchild","Less than 1 year",,"Yeyi",,"",,"No","Parents did not want","",,"","","",,,
"59-69-31-11",1,12,,"","Male","Self/Head","40","Never Married","Kalanga","Non-religious","","Form 3","No","Completed desired schooling","",,"","","","Yes","Yes","No"
"59-69-31-11",2,12,,"","Female","Other Non-Relative","38",,"san",,"","Form 5","No","Completed desired schooling","",,"","","","No",,
"59-69-31-11",3,6,"New arrivals - Education","","Male","Other Non-Relative","12",,"yeyi",,"","Standard 4","Yes",,"",,"","","","No",,
"59-69-31-11",4,2,"New arrivals - Education","","Female","Other Non-Relative","7",,"rotsi",,"","No formal education","Yes",,"",,"","","",,,
"68-17-57-15",1,12,,"","Female","Self/Head","39","Never Married","Subiya","Other➡️ Please specify","christianity","Form 3","No","Poor academic progress","",,"","","","Yes","Yes","No"
"68-17-57-15",2,12,,"","Female","Child/Adopted Child","20",,"Subiya",,"","Form 3","No","Poor academic progress","",,"","","","No",,
"68-17-57-15",3,12,,"","Female","Child/Adopted Child","10",,"subiya",,"","Standard 2","Yes",,"",,"","","",,,
"68-17-57-15",4,12,,"","Female","Child/Adopted Child","6",,"subiya",,"","No formal education","No","Too expensive","",,"","","",,,
"68-17-57-15",5,12,,"","Male","Child/Adopted Child","4",,"subiya",,"",,"No","Too expensive","",,"","","",,,
"68-17-57-15",6,12,,"","Female","Grandchild","2",,"subiya",,"",,"No","Too expensive","",,"","","",,,
"65-67-13-71",1,12,,"","Male","Other Relative","26",,"kalanga",,"","Form 3","No","Poor academic progress","",,"","","","Yes","Yes","No"
"65-67-13-71",2,12,,"","Male","Self/Head","35","Never Married","kalanga","African Traditional religion","","Form 3","No","Poor academic progress","",,"","","","No",,
"65-67-13-71",3,12,,"","Male","Other Relative","20",,"kalanga",,"","Form 3","No","Poor academic progress","",,"","","","No",,
"14-98-70-62",1,12,,"","Female","Wife/Husband","42",,"tswana subgroup",,"","Form 5","No","Poor academic progress","",,"","","","No",,
"14-98-70-62",2,12,,"","Male","Self/Head","52","Never Married","subiya","African Traditional religion","","Form 3","No","Poor academic progress","",,"","","","Yes","Yes","No"
"14-98-70-62",3,12,,"","Female","Child/Adopted Child","9",,"tswana subgroup",,"","Standard 4","Yes",,"",,"","","",,,
"14-98-70-62",4,12,,"","Female","Child/Adopted Child","1",,"tswana subgroup",,"",,"No","Other","still young",,"","","",,,
"25-90-19-11",1,12,,"","Male","Self/Head","43","Never Married","Subiya","Other➡️ Please specify","christianity","Standard 7","No","Too expensive","",,"","","","Yes","Yes","No"
"25-90-19-11",2,12,,"","Female","Other Non-Relative","38",,"Birwa",,"","Form 3","No","Poor academic progress","",,"","","","Yes","Yes","No"
"25-90-19-11",3,12,,"","Female","Other Non-Relative","35",,"Birwa",,"","Form 3","No","Poor academic progress","",,"","","","No",,
"25-90-19-11",4,12,,"","Female","Child/Adopted Child","7",,"Subiya",,"","Standard 1","Yes",,"",,"","","",,,
"25-90-19-11",5,12,,"","Female","Child/Adopted Child","13",,"subiya",,"","Standard 6","Yes",,"",,"","","","No",,
"25-90-19-11",6,4,"Members that left - Education","","Male","Child/Adopted Child","17",,"subiya",,"","Form 3","Yes",,"",,"","","","No",,
"25-90-19-11",7,4,"Members that left - Education","","Male","Other Non-Relative","16",,"Birwa",,"","Form 3","Yes",,"",,"","","","No",,
"25-90-19-11",8,4,"Members that left - Education","","Female","Sister/Brother","18",,"subiya",,"","Form 4","Yes",,"",,"","","","No",,
"45-83-41-38",1,12,,"","Female","Wife/Husband","28",,"Subiya",,"","Form 5","No","Too expensive","",,"","","","Yes","Yes","No"
"45-83-41-38",2,12,,"","Male","Self/Head","25","Never Married","Subiya","Protestant demoninantions (incl all non-catholic denominations)","","Form 5","No","Completed desired schooling","",,"","","","Yes","Yes","No"
"45-83-41-38",3,12,,"","Female","Sister/Brother","21",,"Kalanga",,"","Form 5","No","Too expensive","",,"","","","No",,
"95-39-93-93",1,12,,"","Female","Self/Head","55","Never Married","Tawana","Protestant demoninantions (incl all non-catholic denominations)","","Form 3","No","Poor academic progress","",,"","","","Yes","Yes","No"
"95-39-93-93",2,12,,"","Female","Child/Adopted Child","10",,"Hambukushu",,"","Standard 4","Yes",,"",,"","","",,,
"61-12-40-36",1,12,,"","Female","Self/Head","46","Never Married","Subiya","Protestant demoninantions (incl all non-catholic denominations)","","Form 2","No","Poor school quality","",,"","","","No",,
"61-12-40-36",2,12,,"","Female","Niece/Nephew","22",,"Subiya",,"","Form 3","No","Poor academic progress","",,"","","","No",,
"61-12-40-36",3,12,,"","Male","Niece/Nephew","21",,"Subiya",,"","Form 3","No","Poor academic progress","",,"","","","Yes","Yes","No"
"61-12-40-36",4,12,,"","Male","Son/Daughter-In-Law","16",,"Subiya",,"","Standard 7","No","Sickness or calamity in family","",,"","","","No",,
"61-12-40-36",5,12,,"","Male","Sister/Brother","35",,"Subiya",,"","Form 2","No","Poor academic progress","",,"","","","No",,
"11-71-40-81",1,12,,"","Female","Self/Head","26","Never Married","San","Other➡️ Please specify","christianity","Form 3","No","Poor academic progress","",,"","","","Yes","Yes","No"
"11-71-40-81",2,12,,"","Female","Other Non-Relative","18",,"Lozi",,"","Form 5","No","Poor academic progress","",,"","","","No",,
"11-71-40-81",3,12,,"","Male","Child/Adopted Child","1",,"Kalanga",,"",,"No","Too expensive","",,"","","",,,
"11-71-40-81",4,12,,"","Male","Niece/Nephew","24",,"san",,"","Form 5","No","Poor academic progress","",,"","","","No",,
"36-42-18-14",1,12,,"","Female","Self/Head","55","Widow/ Widower","Subiya","Other➡️ Please specify","Christianity","Standard 7","No","Other","marriage",,"","","","No",,
"36-42-18-14",2,12,,"","Female","Child/Adopted Child","33",,"subiya",,"","Form 3","No","Poor academic progress","",,"","","","No",,
"36-42-18-14",3,12,,"","Female","Child/Adopted Child","30",,"subiya",,"","Form 5","Yes",,"",,"","","","No",,
"36-42-18-14",4,12,,"","Male","Child/Adopted Child","26",,"subiya",,"","Form 3","No","Poor academic progress","",,"","","","No",,
"36-42-18-14",5,12,,"","Female","Grandchild","9",,"Kalanga",,"","Standard 2","Yes",,"",,"","","",,,
"36-42-18-14",6,12,,"","Male","Grandchild","8",,"Moleti",,"","Standard 1","Yes",,"",,"","","",,,
"36-42-18-14",7,12,,"","Male","Sister/Brother","68",,"subiya",,"","Standard 7","No","Sickness or calamity in family","",,"","","","No",,
"36-42-18-14",8,12,,"","Female","Other Non-Relative","47",,"Subiya",,"","Standard 3","No","Parents did not want","",,"","","","No",,
"19-03-38-46",1,12,,"","Female","Self/Head","65","Never Married","SUBIYA","Protestant demoninantions (incl all non-catholic denominations)","","No formal education","No","Parents did not want","",,"","","","No",,
"19-03-38-46",2,12,,"","Male","Child/Adopted Child","27",,"SUBIYA",,"","Standard 4","No","Other","DID NOT WANT SCHOOL",,"","","","Yes","Yes","No"
"19-03-38-46",3,12,,"","Female","Son/Daughter-In-Law","26",,"SHONA",,"","Form 3","No","Poor academic progress","",,"","","","No",,
"92-48-70-16",1,12,,"","Male","Self/Head","78","Married monogamously","SUBIYA","Protestant demoninantions (incl all non-catholic denominations)","","University level",,,"",,"FRANCISTOWN TEACHER'S COLLEGE","1971","ELEMENTARY TEACHERS COURSE","No",,
"92-48-70-16",2,12,,"","Female","Wife/Husband","63",,"SUBIYA",,"","Standard 6","No","Had to help with family","",,"","","","Yes","Yes","No"
"34-14-49-72",1,12,,"","Male","Self/Head","47","Never Married","Ndebele","Protestant demoninantions (incl all non-catholic denominations)","","Form 2","No","Poor academic progress","",,"","","","Yes","Yes","No"
"34-14-49-72",2,12,,"","Female","Other Non-Relative","26",,"Shona",,"","Form 3","No","Poor academic progress","",,"","","","Yes","Yes","No"
"22-89-40-33",1,12,,"","Female","Self/Head","54","Never Married","Kalanga","Catholic","","Standard 2","No","Had to help at home","",,"","","","Yes","Yes","No"
"22-89-40-33",2,12,,"","Female","Child/Adopted Child","41",,"Kalanga",,"","Form 5","No","Poor academic progress","",,"","","","Yes","Yes","No"
"22-89-40-33",3,12,,"","Female","Child/Adopted Child","25",,"Kalanga",,"","Form 5","No","Poor academic progress","",,"","","","Yes","Yes","No"
"22-89-40-33",4,12,,"","Male","Child/Adopted Child","20",,"Kalanga",,"","Form 5","No","Poor academic progress","",,"","","","Yes","Yes","No"
"22-89-40-33",5,12,,"","Male","Child/Adopted Child","21",,"Kalanga",,"","Form 3","No","Poor academic progress","",,"","","","Yes","Yes","No"
"22-89-40-33",6,12,,"","Male","Grandchild","8",,"Kalanga",,"","Standard 3","Yes",,"",,"","","",,,
"22-89-40-33",7,12,,"","Female","Grandchild","10",,"Kalanga",,"","Standard 4","Yes",,"",,"","","",,,
"22-89-40-33",8,12,,"","Female","Grandchild","7",,"Kalanga",,"","Standard 1","Yes",,"",,"","","",,,
"22-89-40-33",9,12,,"","Female","Grandchild","2",,"Kalanga",,"",,"No","Other","Still young",,"","","",,,
"22-89-40-33",10,12,,"","Female","Grandchild","5",,"Kalanga",,"","Nursey/ Kindergarten/ECD","Yes",,"",300,"","","",,,
"37-39-45-84",1,12,,"","Female","Child/Adopted Child","28",,"Subiya",,"","Form 5","No","Poor academic progress","",,"","","","Yes","Yes","No"
"37-39-45-84",2,12,,"","Male","Child/Adopted Child","27",,"Subiya",,"","Form 3","No","Poor academic progress","",,"","","","Yes","Yes","No"
"37-39-45-84",3,12,,"","Female","Child/Adopted Child","23",,"Subiya",,"","Form 3","No","Poor academic progress","",,"","","","No",,
"37-39-45-84",4,12,,"","Male","Grandchild","8",,"Ngwato",,"","Standard 2","Yes",,"",,"","","",,,
"37-39-45-84",5,12,,"","Female","Grandchild","6",,"Subiya",,"","Nursey/ Kindergarten/ECD","Yes",,"",,"","","",,,
"37-39-45-84",6,12,,"","Female","Grandchild","1",,"Kgatla",,"",,"No","Other","Minor",,"","","",,,
"98-85-46-77",1,12,,"","Male","Self/Head","51","Married monogamously","Ngwato","Protestant demoninantions (incl all non-catholic denominations)","","Standard 7","No","Completed desired schooling","",,"","","","No",,
"98-85-46-77",2,12,,"","Male","Niece/Nephew","29",,"Hambukushu",,"","Form 3","No","Too expensive","",,"","","","No",,
"98-85-46-77",3,12,,"","Female","Wife/Husband","51",,"subiya",,"","Standard 7","No","Completed desired schooling","",,"","","","Yes","Yes","No"
"98-85-46-77",4,12,,"","Female","Child/Adopted Child","13",,"ngwato",,"","Standard 6","Yes",,"",,"","","","No",,
"98-85-46-77",5,12,,"","Female","Child/Adopted Child","12",,"ngwato",,"","Standard 5","Yes",,"",,"","","","No",,
"80-21-91-02",1,12,,"","Female","Self/Head","84","Widow/ Widower","Subiya","Protestant demoninantions (incl all non-catholic denominations)","","No formal education","No","Parents did not want","",,"","","","No",,
"80-21-91-02",2,12,,"","Male","Grandchild","19",,"Subiya",,"","Form 5","No","Poor academic progress","",,"","","","Yes","Yes","No"
"80-21-91-02",3,12,,"","Female","Child/Adopted Child","24",,"Subiya",,"","Form 5","No","Poor academic progress","",,"","","","Yes","Yes","No"
"80-21-91-02",4,12,,"","Female","Child/Adopted Child","47",,"Subiya",,"","Form 3","No","Poor academic progress","",,"","","","Yes","Yes","No"
"80-21-91-02",5,12,,"","Female","Grandchild","5",,"Subiya",,"","Nursey/ Kindergarten/ECD","Yes",,"",0,"","","",,,
"80-21-91-02",6,12,,"","Female","Other Non-Relative","4",,"Subiya",,"",,"Yes",,"",0,"","","",,,
"22-74-67-59",1,12,,"","Female","Self/Head","59","Widow/ Widower","SUBIYA","Protestant demoninantions (incl all non-catholic denominations)","","No formal education","No","Parents did not want","",,"","","","No",,
"22-74-67-59",2,12,,"","Female","Child/Adopted Child","51",,"SUBIYA",,"","Standard 7","No","Poor academic progress","",,"","","","Yes","Yes","No"
"22-74-67-59",3,12,,"","Female","Grandchild","32",,"SUBIYA",,"","Form 5","No","Poor academic progress","",,"","","","No",,
"22-74-67-59",4,12,,"","Female","Grandchild","25",,"SUBIYA",,"","Form 5","No","Poor academic progress","",,"","","","Yes","Yes","No"
"22-74-67-59",5,12,,"","Female","Grandchild","33",,"SUBIYA",,"","Form 3","No","Poor academic progress","",,"","","","Yes","Yes","No"
"22-74-67-59",6,12,,"","Male","Grandchild","27",,"SUBIYA",,"","Form 3","No","Poor academic progress","",,"","","","Yes","Yes","No"
"88-01-88-32",1,12,,"","Male","Self/Head","61","Married monogamously","Subiya","Non-religious","","Form 5","No","Completed desired schooling","",,"","","","Yes","No","Yes"
"88-01-88-32",2,12,,"","Female","Wife/Husband","48",,"Subiya",,"","Form 3","No","Had to help at home","",,"","","","Yes","No","Yes"
"88-01-88-32",3,12,,"","Female","Child/Adopted Child","26",,"Subiya",,"","Form 5","No","Poor academic progress","",,"","","","Yes","Yes","No"
"88-01-88-32",4,12,,"","Female","Child/Adopted Child","24",,"Subiya",,"","Form 3","No","Poor academic progress","",,"","","","No",,
"88-01-88-32",5,12,,"","Female","Child/Adopted Child","22",,"Subiya",,"","Form 3","No","Poor academic progress","",,"","","","Yes","Yes","No"
"88-01-88-32",6,12,,"","Female","Child/Adopted Child","12",,"Subiya",,"","Standard 6","Yes",,"",,"","","","No",,
"88-01-88-32",7,12,,"","Female","Grandchild","4",,"Subiya",,"",,"No","I don't Know","",,"","","",,,
"88-01-88-32",8,12,,"","Male","Grandchild","4",,"Subiya",,"",,"No","I don't Know","",,"","","",,,
"88-01-88-32",9,12,,"","Female","Grandchild","Less than 1 year",,"Subiya",,"",,"No","Other","Too young",,"","","",,,
"98-88-56-41",1,12,,"","Female","Self/Head","45","Never Married","Subiya","Non-religious","","Form 2","No","Had to help at home","",,"","","","Yes","Yes","No"
"98-88-56-41",2,12,,"","Female","Son/Daughter-In-Law","27",,"Morolong",,"","Form 3","No","I don't Know","",,"","","","No",,
"98-88-56-41",3,12,,"","Male","Niece/Nephew","26",,"Subiya",,"","Form 3","No","I don't Know","",,"","","","Yes","Yes","No"
"98-88-56-41",4,12,,"","Female","Grandchild","6",,"Subiya",,"","Nursey/ Kindergarten/ECD","Yes",,"",,"","","",,,
"98-88-56-41",5,12,,"","Female","Grandchild","3",,"Subiya",,"",,"No","Too expensive","",,"","","",,,
"84-73-38-30",1,12,,"","Female","Self/Head","36","Never Married","Subiya","Catholic","","Form 3","No","Pregnancy","",,"","","","Yes","Yes","No"
"84-73-38-30",2,12,,"","Male","Child/Adopted Child","3",,"Subiya",,"",,"No","Other","Still young and doesn't not have money to pay for preschool",,"","","",,,
"84-73-38-30",3,12,,"","Male","Child/Adopted Child","3",,"Subiya",,"",,"No","Other","Still young and the mother does not have enough money to take them to preschool",,"","","",,,
"93-79-44-00",1,12,,"","Female","Wife/Husband","53",,"kalanga",,"","No formal education","No","Parents did not want","",,"","","","Yes","Yes","No"
"93-79-44-00",2,12,,"","Male","Self/Head","56","Married monogamously","kalanga","African Traditional religion","","Form 2","No","Poor academic progress","",,"","","","Yes","Yes","No"
"93-79-44-00",3,12,,"","Male","Grandchild","3",,"kalanga",,"",,"No","Other","haven't started to schooling",,"","","",,,
"93-79-44-00",4,12,,"","Female","Grandchild","1",,"kalanga",,"",,"No","Other","still young",,"","","",,,
"26-07-22-36",1,12,,"","Male","Self/Head","32","Never Married","SUBIYA","Non-religious","","Form 3","No","Poor academic progress","",,"","","","Yes","Yes","No"
"26-07-22-36",2,12,,"","Female","Wife/Husband","28",,"LOZI",,"","Form 5","No","Poor academic progress","",,"","","","No",,
"26-07-22-36",3,12,,"","Male","Child/Adopted Child","4",,"SUBIYA",,"",,"No","Other","TOO YOUNG TO START GOVERNMENT EARLY CHILDHOOD SCHOOL",,"","","",,,
"26-07-22-36",4,12,,"","Female","Child/Adopted Child","1",,"SUBIYA",,"",,"No","Other","STILL A BABY",,"","","",,,
"26-07-22-36",5,12,,"","Female","Child/Adopted Child","10",,"SUBIYA",,"","Standard 5","Yes",,"",,"","","",,,
"55-76-99-68",1,12,,"","Female","Self/Head","26","Never Married","Subiya","Non-religious","","Form 5","No","Poor academic progress","",,"","","","Yes","Yes","No"
"38-33-66-67",1,12,,"","Male","Self/Head","47","Never Married","Tawana","Does not know","","Form 2","No","Too expensive","",,"","","","No",,
"38-33-66-67",2,12,,"","Male","Child/Adopted Child","27",,"Tawana",,"","Form 3","No","Poor academic progress","",,"","","","No",,
"38-33-66-67",3,12,,"","Female","Other Non-Relative","42",,"Tawana",,"","Form 3","No","Too expensive","",,"","","","Yes","Yes","No"
"16-65-54-37",1,12,,"","Female","Child/Adopted Child","31",,"Lozi",,"","Form 4","No","Sickness or calamity in family","",,"","","","Yes","Yes","No"
"16-65-54-37",2,12,,"","Male","Self/Head","60","Married monogamously","Lozi","Non-religious","","No formal education","No","Had to help with family","",,"","","","No",,
"16-65-54-37",3,12,,"","Male","Wife/Husband","53",,"Lozi",,"","Form 2","No","Poor academic progress","",,"","","","Yes","Yes","No"
"16-65-54-37",4,12,,"","Male","Child/Adopted Child","29",,"Lozi",,"","Form 5","No","Poor academic progress","",,"","","","No",,
"16-65-54-37",5,12,,"","Male","Grandchild","8",,"Kalanga",,"","Standard 2","Yes",,"",,"","","",,,
"20-77-43-56",1,12,,"","Female","Wife/Husband","24",,"TSWANA",,"","Form 3","No","Poor academic progress","",,"","","","No",,
"20-77-43-56",2,12,,"","Male","Self/Head","31","Never Married","SUBIYA","Non-religious","","Form 3","Yes",,"",,"","","","No",,
"20-77-43-56",3,12,,"","Female","Grandfather/Mother","90",,"SUBIYA",,"","No formal education","No","Parents did not want","",,"","","","No",,
"20-77-43-56",4,12,,"","Female","Sister/Brother","27",,"SUBIYA",,"","Form 3","No","Poor academic progress","",,"","","","No",,
"20-77-43-56",5,12,,"","Female","Child/Adopted Child","6",,"TSWANA",,"","No formal education","No","Other","STILL YOUNG TO START SCHOOL",,"","","",,,
"20-77-43-56",6,12,,"","Male","Child/Adopted Child","3",,"SUBIYA",,"",,"No","Other","STILL YOUNG",,"","","",,,
"20-77-43-56",7,12,,"","Male","Niece/Nephew","3",,"SUBIYA",,"",,"No","Other","STILL YOUNG TO START SCHOOL",,"","","",,,
"20-77-43-56",8,12,,"","Female","Niece/Nephew","7",,"SUBIYA",,"","Standard 1","Yes",,"",,"","","",,,
"08-12-15-69",1,12,,"","Female","Self/Head","56","Never Married","subiya","Protestant demoninantions (incl all non-catholic denominations)","","Standard 7","No","Completed desired schooling","",,"","","","No",,
"08-12-15-69",2,12,,"","Male","Other Non-Relative","60",,"subiya",,"","Standard 7","No","Completed desired schooling","",,"","","","Yes","Yes","No"
"43-73-48-25",1,12,,"","Male","Self/Head","39","Never Married","Subiya","Protestant demoninantions (incl all non-catholic denominations)","","Form 5","No","Completed desired schooling","",,"","","","Yes","Yes","No"
"43-73-48-25",2,12,,"","Female","Sister/Brother","23",,"shona",,"","Form 3","No","Too expensive","",,"","","","No",,
"43-73-48-25",3,12,,"","Female","Other Relative","25",,"Tawana",,"","Form 3","No","Too expensive","",,"","","","Yes","Yes","No"
"43-73-48-25",4,12,,"","Male","Other Relative","33",,"subiya",,"","Form 3","No","Completed desired schooling","",,"","","","No",,
"43-73-48-25",5,6,"New arrivals - New born","","Male","Niece/Nephew","Less than 1 year",,"ngwato tswana subgroup",,"",,"No","Other","minor",,"","","",,,
"43-73-48-25",6,12,,"","Male","Niece/Nephew","5",,"tawana",,"","No formal education","No","Other","minor",,"","","",,,
"43-73-48-25",7,12,,"","Male","Child/Adopted Child","14",,"subiya",,"","Standard 6","Yes",,"",,"","","","No",,
"86-00-77-05",1,12,,"","Male","Self/Head","67","Widow/ Widower","Yeyi","Non-religious","","No formal education","No","Had to help with family","",,"","","","No",,
"86-00-77-05",2,12,,"","Male","Child/Adopted Child","24",,"Yeyi",,"","Form 3","No","Poor academic progress","",,"","","","No",,
"86-00-77-05",3,12,,"","Female","Child/Adopted Child","39",,"Yeyi",,"","Form 5","No","Poor academic progress","",,"","","","Yes","Yes","No"
"86-00-77-05",4,12,,"","Female","Child/Adopted Child","21",,"Yeyi",,"","Form 5","No","Poor academic progress","",,"","","","No",,
"86-00-77-05",5,12,,"","Male","Child/Adopted Child","18",,"Yeyi",,"","Form 3","No","Poor academic progress","",,"","","","Yes","Yes","No"
"86-00-77-05",6,12,,"","Male","Child/Adopted Child","15",,"Yeyi",,"","Standard 7","Yes",,"",,"","","","No",,
"86-00-77-05",7,12,,"","Male","Child/Adopted Child","11",,"Yeyi",,"","Standard 5","Yes",,"",,"","","","No",,
"86-00-77-05",8,12,,"","Female","Child/Adopted Child","9",,"Yeyi",,"","Standard 3","Yes",,"",,"","","",,,
"04-04-14-28",1,12,,"","Female","Self/Head","42","Never Married","Subiya","Catholic","","Form 2","No","Too expensive","",,"","","","No",,
"04-04-14-28",2,12,,"","Male","Child/Adopted Child","16",,"Subiya",,"","Form 3","Yes",,"",,"","","","No",,
"04-04-14-28",3,12,,"","Female","Niece/Nephew","13",,"Subiya",,"","Form 1","Yes",,"",,"","","","No",,
"04-04-14-28",4,12,,"","Female","Grandchild","2",,"Subiya",,"",,"No","Other","Still young",,"","","",,,
"04-04-14-28",5,3,"New arrivals - New born","","Female","Grandchild","Less than 1 year",,"Subiya",,"",,"No","Other","new born",,"","","",,,
"04-04-14-28",6,12,,"","Male","Niece/Nephew","13",,"Subiya",,"","Standard 7","Yes",,"",,"","","","No",,
"06-32-06-25",1,12,,"","Female","Self/Head","27","Never Married","Subiya","Protestant demoninantions (incl all non-catholic denominations)","","Form 5","No","Poor academic progress","",,"","","","No",,
"06-32-06-25",2,12,,"","Female","Child/Adopted Child","7",,"Subiya",,"","Standard 1","Yes",,"",,"","","",,,
"91-35-74-95",1,12,,"","Female","Self/Head","53","Never Married","subiya","Protestant demoninantions (incl all non-catholic denominations)","","Form 4","No","Completed desired schooling","",,"","","","No",,
"91-35-74-95",2,12,,"","Male","Child/Adopted Child","21",,"subiya",,"","Form 5","Yes",,"",,"","","","No",,
"91-35-74-95",3,12,,"","Male","Child/Adopted Child","13",,"subiya",,"","Standard 5","Yes",,"",,"","","","No",,
"91-35-74-95",4,12,,"","Female","Child/Adopted Child","13",,"subiya",,"","Nursey/ Kindergarten/ECD","Yes",,"",,"","","","No",,
"91-35-74-95",5,12,,"","Female","Child/Adopted Child","16",,"subiya",,"","Form 2","Yes",,"",,"","","","No",,
"87-84-09-54",1,12,,"","Female","Self/Head","36","Never Married","Kwena","Catholic","","Form 3","No","Poor academic progress","",,"","","","Yes","Yes","No"
"87-84-09-54",2,12,,"","Female","Sister/Brother","34",,"Kwena",,"","Form 3","No","Too expensive","",,"","","","Yes","Yes","No"
"87-84-09-54",3,12,,"","Male","Grandchild","20",,"San",,"","University level",,,"",,"Botswana University of Agriculture and Natural Resources","2023","Bachelor of Science in Agricultural Mechanization","No",,
"87-84-09-54",4,12,,"","Male","Child/Adopted Child","15",,"Mbukushu",,"","Form 3","Yes",,"",,"","","","No",,
"87-84-09-54",5,12,,"","Female","Niece/Nephew","13",,"Mbukushu",,"","Form 1","Yes",,"",,"","","","No",,
"87-84-09-54",6,12,,"","Female","Child/Adopted Child","11",,"Mbukushu",,"","Standard 6","Yes",,"",,"","","","No",,
"87-84-09-54",7,12,,"","Female","Child/Adopted Child","9",,"Subiya",,"","Standard 3","Yes",,"",,"","","",,,
"87-84-09-54",8,12,,"","Female","Child/Adopted Child","7",,"Subiya",,"","Standard 1","Yes",,"",,"","","",,,
"62-23-61-37",2,12,,"","Female","Self/Head","37","Never Married","San","Catholic","","Form 5","No","Not willing to attend further","",,"","","","No",,
"62-23-61-37",3,12,,"","Male","Sister/Brother","35",,"San",,"","Form 3","No","Too expensive","",,"","","","No",,
"62-23-61-37",4,12,,"","Female","Brother/Sister-In-Law","30",,"Subiya",,"","Form 5","No","Poor academic progress","",,"","","","No",,
"62-23-61-37",5,12,,"","Male","Niece/Nephew","8",,"San",,"","Standard 3","Yes",,"",,"","","",,,
"62-23-61-37",6,12,,"","Male","Niece/Nephew","18",,"Kalanga",,"","Form 3","No","Poor academic progress","",,"","","","No",,
"62-23-61-37",7,12,,"","Female","Child/Adopted Child","15",,"Kalanga",,"","Form 3","Yes",,"",,"","","","No",,
"62-23-61-37",8,12,,"","Female","Niece/Nephew","5",,"San",,"","Nursey/ Kindergarten/ECD","Yes",,"",300,"","","",,,
"62-23-61-37",9,12,,"","Male","Child/Adopted Child","18",,"Kalanga",,"","Form 3","No","Poor academic progress","",,"","","","No",,
"51-67-29-73",1,12,,"","Female","Self/Head","82","Married monogamously","Tawana","Protestant demoninantions (incl all non-catholic denominations)","","No formal education","No","Had to help with family","",,"","","","No",,
"51-67-29-73",2,12,,"","Female","Child/Adopted Child","49",,"Subiya",,"","Form 2","No","Had to help at home","",,"","","","No",,
"51-67-29-73",3,12,,"","Female","Grandchild","24",,"Subiya",,"","Form 1","No","Poor academic progress","",,"","","","No",,
"51-67-29-73",4,12,,"","Female","Grandchild","24",,"Subiya",,"","Form 3","No","Poor academic progress","",,"","","","No",,
"93-42-86-13",1,12,,"","Female","Self/Head","78","Never Married","yeyi","Protestant demoninantions (incl all non-catholic denominations)","","No formal education","No","Completed desired schooling","",,"","","","No",,
"93-42-86-13",2,12,,"","Male","Child/Adopted Child","34",,"subiya",,"","Form 5","No","Completed desired schooling","",,"","","","Yes","Yes","No"
"93-42-86-13",3,12,,"","Male","Child/Adopted Child","31",,"subiya",,"","Form 3","No","Completed desired schooling","",,"","","","No",,
"93-42-86-13",4,12,,"","Male","Other Relative","14",,"yeyi",,"","Form 1","Yes",,"",,"","","","No",,
"31-42-54-99",1,12,,"","Female","Self/Head","36","Never Married","Subiya","Protestant demoninantions (incl all non-catholic denominations)","","University level",,,"",,"Molepolole college","2016","BSc Education","Yes","Yes","No"
"31-42-54-99",2,12,,"","Male","Sister/Brother","29",,"subiya",,"","Form 3","No","Too expensive","",,"","","","No",,
"31-42-54-99",3,12,,"","Male","Niece/Nephew","11",,"subiya",,"","Standard 6","Yes",,"",,"","","","No",,
"31-42-54-99",4,12,,"","Female","Child/Adopted Child","6",,"subiya",,"","Nursey/ Kindergarten/ECD","Yes",,"",,"","","",,,
"31-42-54-99",5,12,,"","Female","Child/Adopted Child","3",,"subiya",,"",,"No","Other","minor",,"","","",,,
"40-00-25-74",1,12,,"","Female","Self/Head","48","Widow/ Widower","Subiya","Catholic","","Standard 7","No","Too expensive","",,"","","","Yes","Yes","Yes"
"40-00-25-74",2,3,"New arrivals - Other economic reasons","","Male","Niece/Nephew","8",,"Subiya",,"","No formal education","No","Sickness or calamity in family","",,"","","",,,
"32-73-63-74",1,12,,"","Female","Self/Head","44","Widow/ Widower","subiya","Protestant demoninantions (incl all non-catholic denominations)","","Standard 4","No","Completed desired schooling","",,"","","","Yes","Yes","No"
"32-73-63-74",2,12,,"","Male","Grandchild","17",,"Subiya",,"","Form 3","Yes",,"",,"","","","No",,
"16-86-88-22",1,12,,"","Male","Self/Head","50","Never Married","Tswana","Catholic","","Standard 7","No","Had to help with family","",,"","","","Yes","Yes","No"
"64-46-66-46",1,12,,"","Female","Self/Head","30","Never Married","Subiya","Catholic","","Form 3","No","Poor academic progress","",,"","","","Yes","Yes","No"
"64-46-66-46",2,12,,"","Female","Sister/Brother","28",,"Subiya",,"","Form 5","No","Poor academic progress","",,"","","","No",,
"50-30-92-60",1,12,,"","Female","Self/Head","62","Divorced /Separated","Subiya","Other➡️ Please specify","chrisitianity","Standard 7","No","Parents did not want","",,"","","","No",,
"50-30-92-60",2,12,,"","Male","Child/Adopted Child","38",,"Subiya",,"","University level",,,"",,"Genzermining Training Institute","2007","Diploma in Boiler Making","Yes","Yes","No"
"50-30-92-60",3,12,,"","Female","Child/Adopted Child","22",,"subiya",,"","Form 5","No","Poor academic progress","",,"","","","Yes","Yes","No"
"50-30-92-60",4,12,,"","Male","Grandchild","16",,"subiya",,"","Form 2","Yes",,"",,"","","","No",,
"50-30-92-60",5,12,,"","Male","Grandchild","13",,"subiya",,"","Standard 7","Yes",,"",,"","","","No",,
"50-30-92-60",6,12,,"","Male","Grandchild","10",,"subiya",,"","Standard 5","Yes",,"",,"","","",,,
"50-30-92-60",7,12,,"","Male","Grandchild","2",,"subiya",,"",,"No","Too expensive","",,"","","",,,
"24-09-68-36",1,12,,"","Female","Self/Head","65","Widow/ Widower","yei","African Traditional religion","","No formal education","No","Had to help with family","",,"","","","No",,
"24-09-68-36",2,12,,"","Female","Son/Daughter-In-Law","31",,"birwa",,"","Form 2","No","Poor academic progress","",,"","","","No",,
"24-09-68-36",3,12,,"","Male","Child/Adopted Child","30",,"yei",,"","Form 5","No","Poor academic progress","",,"","","","No",,
"24-09-68-36",4,12,,"","Male","Grandchild","12",,"yei",,"","Standard 7","Yes",,"",,"","","","No",,
"24-09-68-36",5,12,,"","Female","Grandchild","1",,"yei",,"",,"No","Other","still young",,"","","",,,
"42-32-41-18",1,12,,"","Male","Self/Head","85","Widow/ Widower","Subiya","Protestant demoninantions (incl all non-catholic denominations)","","Standard 7","No","Completed desired schooling","",,"","","","Yes","No","Yes"
"29-79-40-11",1,12,,"","Female","Self/Head","90","Never Married","Subiya","Catholic","","No formal education","No","Other","she is too old",,"","","","No",,
"29-79-40-11",2,12,,"","Female","Child/Adopted Child","63",,"Subiya",,"","Form 3","No","Had to help with family","",,"","","","Yes","Yes","Yes"
"29-79-40-11",3,6,"Members that left - Looking for work elsewhere","","Female","Grandchild","26",,"Subiya",,"","University level",,,"",,"Bytesites College","2023","Early Childhood","No",,
"29-79-40-11",4,12,,"","Male","Grandchild","39",,"Subiya",,"","University level",,,"",,"University of Botswana","2008","Social work","No",,
"29-79-40-11",5,12,,"","Male","Grandchild","20",,"Subiya",,"","Form 3","No","Poor academic progress","",,"","","","No",,
"60-57-49-31",1,12,,"","Female","Self/Head","108","Widow/ Widower","Subiya","Protestant demoninantions (incl all non-catholic denominations)","","No formal education","No","Had to help with family","",,"","","","No",,
"60-10-68-48",1,12,,"","Male","Self/Head","45","Married monogamously","Subiya","Protestant demoninantions (incl all non-catholic denominations)","","Form 2","No","Poor academic progress","",,"","","","Yes","No","Yes"
"60-10-68-48",2,12,,"","Female","Wife/Husband","38",,"Subiya",,"","Form 3","No","Poor academic progress","",,"","","","Yes","No","Yes"
"60-10-68-48",3,12,,"","Male","Child/Adopted Child","3",,"Subiya",,"",,"No","Other","too young",,"","","",,,
"35-24-82-24",1,12,,"","Male","Self/Head","57","Never Married","San","Protestant demoninantions (incl all non-catholic denominations)","","Standard 5","No","Too expensive","",,"","","","Yes","Yes","No"
"35-24-82-24",2,12,,"","Female","Other Non-Relative","47",,"Subiya",,"","No formal education","No","Too expensive","",,"","","","No",,
"35-24-82-24",3,12,,"","Female","Child/Adopted Child","14",,"Subiya",,"","Form 2","Yes",,"",,"","","","No",,
"35-24-82-24",4,12,,"","Female","Child/Adopted Child","13",,"Subiya",,"","Form 1","Yes",,"",,"","","","No",,
"35-24-82-24",5,12,,"","Male","Child/Adopted Child","12",,"Subiya",,"","Standard 5","Yes",,"",,"","","","No",,
"35-24-82-24",6,12,,"","Male","Child/Adopted Child","9",,"Subiya",,"","Standard 4","Yes",,"",,"","","",,,
"94-16-94-83",1,12,,"","Female","Self/Head","75","Divorced /Separated","Tawana","Protestant demoninantions (incl all non-catholic denominations)","","No formal education","No","I don't Know","",,"","","","Yes","No","Yes"
"94-16-94-83",2,12,,"","Male","Sister/Brother","53",,"Tawana",,"","No formal education","No","I don't Know","",,"","","","No",,
"93-01-93-75",1,12,,"","Female","Self/Head","43","Never Married","Yeyi","Protestant demoninantions (incl all non-catholic denominations)","","Form 2","No","Not willing to attend further","",,"","","","Yes","Yes","No"
"25-76-97-37",1,12,,"","Female","Self/Head","25","Never Married","TSWANA","Protestant demoninantions (incl all non-catholic denominations)","","Form 3","No","Poor academic progress","",,"","","","No",,
"25-76-97-37",2,12,,"","Male","Child/Adopted Child","4",,"KALAHARI",,"",,"Yes",,"",0,"","","",,,
"25-76-97-37",3,12,,"","Male","Child/Adopted Child","3",,"SAN",,"",,"Yes",,"",0,"","","",,,
"25-76-97-37",4,12,,"","Female","Child/Adopted Child","Less than 1 year",,"SAN",,"",,"No","Other","Still a baby",,"","","",,,
"37-86-89-16",1,12,,"","Male","Self/Head","44","Never Married","Subiya","African Traditional religion","","Standard 7","No","Poor academic progress","",,"","","","Yes","Yes","No"
"37-86-89-16",2,12,,"","Female","Wife/Husband","47",,"subiya",,"","Standard 7","No","Poor academic progress","",,"","","","Yes","Yes","No"
"37-86-89-16",3,12,,"","Male","Brother/Sister-In-Law","50",,"subiya",,"","Form 2","No","Poor academic progress","",,"","","","No",,
"37-86-89-16",4,12,,"","Female","Child/Adopted Child","28",,"subiya",,"","Form 3","No","Poor academic progress","",,"","","","Yes","Yes","No"
"59-63-12-34",1,12,,"","Female","Self/Head","30","Never Married","Kalanga","Non-religious","","University level",,,"",,"Imperial School of Business and Science","2022","Bachelor of Arts in Business Administration","Yes","Yes","No"
"67-12-10-28",1,3,"New arrivals - Other economic reasons","","Male","Self/Head","80","Married monogamously","Tawana-Tswana Subgroup","Protestant demoninantions (incl all non-catholic denominations)","","Standard 6","No","Not willing to attend further","",,"","","","Yes","Yes","Yes"
"67-12-10-28",2,12,,"","Female","Wife/Husband","79",,"Tawana-Tswana Subgroup",,"","No formal education","No","Had to help with family","",,"","","","No",,
"67-12-10-28",3,3,"Members that left - Education","","Male","Grandchild","15",,"Tawana-Tswana Subgroup",,"","Form 2","Yes",,"",,"","","","No",,
"25-90-81-61",1,12,,"","Female","Self/Head","71","Widow/ Widower","Subiya","Catholic","","Standard 7","No","Other","too old",,"","","","Yes","No","Yes"
"25-90-81-61",2,12,,"","Female","Child/Adopted Child","32",,"Subiya",,"","Form 3","No","Too expensive","",,"","","","No",,
"25-90-81-61",3,12,,"","Male","Grandchild","11",,"Subiya",,"","Standard 6","Yes",,"",,"","","","No",,
"27-19-89-21",1,12,,"","Female","Child/Adopted Child","51",,"Subiya",,"","Standard 7","No","Poor academic progress","",,"","","","Yes","Yes","No"
"27-19-89-21",2,12,,"","Female","Self/Head","75","Never Married","subiya","African Traditional religion","","No formal education","No","Had to help at home","",,"","","","No",,
"27-19-89-21",3,12,,"","Female","Grandchild","32",,"subiya",,"","Form 5","No","Poor academic progress","",,"","","","No",,
"27-19-89-21",4,12,,"","Female","Grandchild","19",,"subiya",,"","Form 5","No","Poor academic progress","",,"","","","No",,
"27-19-89-21",5,12,,"","Female","Grandchild","9",,"subiya",,"","Standard 5","Yes",,"",,"","","",,,
"27-19-89-21",6,12,,"","Female","Grandchild","5",,"subiya",,"","Nursey/ Kindergarten/ECD","Yes",,"",0,"","","",,,
"03-62-40-58",1,12,,"","Male","Self/Head","41","Never Married","Subiya","Non-religious","","Other educational training","No","Completed desired schooling","",,"","","","Yes","Yes","No"
"60-29-48-02",1,12,,"","Female","Self/Head","74","Never Married","Subiya","Other➡️ Please specify","christianity","Standard 2","No","Parents did not want","",,"","","","No",,
"60-29-48-02",2,12,,"","Female","Child/Adopted Child","48",,"subiya",,"","Standard 7","No","Poor academic progress","",,"","","","No",,
"60-29-48-02",3,12,,"","Male","Grandchild","20",,"Subiya",,"","Form 5","No","Poor academic progress","",,"","","","No",,
"60-29-48-02",4,12,,"","Male","Child/Adopted Child","16",,"subiya",,"","Form 2","Yes",,"",,"","","","No",,
"60-29-48-02",5,12,,"","Female","Grandchild","2",,"subiya",,"",,"No","Too expensive","",,"","","",,,
"93-40-82-23",1,12,,"","Female","Self/Head","70","Widow/ Widower","Subiya","Protestant demoninantions (incl all non-catholic denominations)","","Standard 7","No","Parents did not want","",,"","","","No",,
"90-39-81-40",1,12,,"","Male","Self/Head","28","Never Married","Nambya","African Traditional religion","","Form 5","No","Poor academic progress","",,"","","","No",,
"90-39-81-40",2,12,,"","Male","Niece/Nephew","19",,"nambya",,"","Form 3","No","Poor academic progress","",,"","","","No",,
"90-39-81-40",3,12,,"","Male","Sister/Brother","19",,"Nambya",,"","Form 3","No","Poor academic progress","",,"","","","Yes","Yes","No"
"26-16-19-49",1,12,,"","Female","Self/Head","79","Married monogamously","subiya","African Traditional religion","","No formal education","No","Had to help with family","",,"","","","No",,
"26-16-19-49",2,12,,"","Female","Grandchild","20",,"subiya",,"","Form 3","No","Poor academic progress","",,"","","","No",,
"26-16-19-49",3,12,,"","Male","Grandchild","29",,"subiya",,"","Form 2","No","Sickness or calamity in family","",,"","","","Yes","Yes","No"
"26-16-19-49",4,12,,"","Female","Son/Daughter-In-Law","35",,"Subiya",,"","Form 3","No","Poor academic progress","",,"","","","Yes","Yes","No"
"26-16-19-49",5,12,,"","Male","Grandchild","10",,"subiya",,"","Standard 5","Yes",,"",,"","","",,,
"26-16-19-49",6,12,,"","Female","Grandchild","7",,"subiya",,"","Standard 2","Yes",,"",,"","","",,,
"26-16-19-49",7,12,,"","Female","Grandchild","10",,"subiya",,"","Standard 4","Yes",,"",,"","","",,,
"29-68-82-61",1,12,,"","Male","Grandchild","13",,"Subiya",,"","Form 1","Yes",,"",,"","","","No",,
"29-68-82-61",2,12,,"","Female","Grandchild","10",,"Subiya",,"","Standard 3","Yes",,"",,"","","",,,
"29-68-82-61",3,12,,"","Male","Grandchild","8",,"Subiya",,"","Standard 1","Yes",,"",,"","","",,,
"29-68-82-61",4,12,,"","Male","Grandchild","1",,"Subiya",,"",,"No","Parents did not want","",,"","","",,,
"29-68-82-61",5,12,,"","Female","Child/Adopted Child","38",,"Subiya",,"","Form 3","No","Poor academic progress","",,"","","","Yes","Yes","Yes"
"29-68-82-61",6,12,,"","Female","Child/Adopted Child","40",,"Subiya",,"","Form 3","No","Poor academic progress","",,"","","","Yes","Yes","No"
"29-03-78-72",1,12,,"","Female","Wife/Husband","37",,"subiya",,"","Form 3","No","Poor academic progress","",,"","","","No",,
"29-03-78-72",2,12,,"","Male","Self/Head","49","Married monogamously","subiya","African Traditional religion","","Other educational training","No","Completed desired schooling","",,"","","","Yes","Yes","No"
"29-03-78-72",3,12,,"","Male","Child/Adopted Child","7",,"subiya",,"","Standard 2","Yes",,"",,"","","",,,
"29-03-78-72",4,12,,"","Female","Child/Adopted Child","3",,"subiya",,"",,"Yes",,"",6000,"","","",,,
"29-03-78-72",5,5,"New arrivals - New born","","Female","Child/Adopted Child","Less than 1 year",,"subiya",,"",,"No","Other","still a baby",,"","","",,,
"54-48-29-54",1,12,,"","Female","Self/Head","76","Widow/ Widower","Subiya","Protestant demoninantions (incl all non-catholic denominations)","","Standard 4","No","Had to help with family","",,"","","","No",,
"29-79-23-67",1,12,,"","Male","Self/Head","63","Married monogamously","Subiya","Protestant demoninantions (incl all non-catholic denominations)","","Standard 7","No","Too far away","",,"","","","No",,
"29-79-23-67",2,12,,"","Female","Wife/Husband","53",,"Subiya",,"","Standard 7","No","Parents did not want","",,"","","","Yes","Yes","No"
"29-79-23-67",3,12,,"","Female","Grandchild","9",,"Subiya",,"","Standard 5","Yes",,"",,"","","",,,
"29-79-23-67",4,12,,"","Female","Grandchild","5",,"Subiya",,"","Nursey/ Kindergarten/ECD","Yes",,"",0,"","","",,,
"36-91-85-86",1,12,,"","Female","Child/Adopted Child","15",,"Kwena",,"","Form 3","Yes",,"",,"","","","No",,
"36-91-85-86",2,12,,"","Male","Child/Adopted Child","23",,"Kwena",,"","Form 3","No","Poor academic progress","",,"","","","No",,
"36-91-85-86",3,12,,"","Female","Child/Adopted Child","6",,"Kwena",,"","Standard 1","Yes",,"",,"","","",,,
"36-91-85-86",4,12,,"","Male","Grandchild","5",,"Subiya",,"","Nursey/ Kindergarten/ECD","Yes",,"",0,"","","",,,
"36-91-85-86",5,12,,"","Female","Wife/Husband","48",,"Yeyi",,"","Form 2","No","Further schooling not available","",,"","","","Yes","Yes","No"
"36-91-85-86",6,12,,"","Male","Self/Head","60","Married monogamously","kwena","Catholic","","Standard 7","No","Completed desired schooling","",,"","","","No",,
"33-77-00-47",1,12,,"","Male","Self/Head","45","Married monogamously","Lozi","Protestant demoninantions (incl all non-catholic denominations)","","Standard 6","No","Too expensive","",,"","","","Yes","Yes","No"
"33-77-00-47",2,12,,"","Female","Wife/Husband","37",,"Nambya",,"","Form 5","No","Poor academic progress","",,"","","","No",,
"33-77-00-47",3,12,,"","Female","Child/Adopted Child","7",,"Lozi",,"","Standard 2","Yes",,"",,"","","",,,
"33-77-00-47",4,12,,"","Female","Child/Adopted Child","3",,"Rotsi",,"",,"No","Other","Minor",,"","","",,,
"71-23-95-90",1,12,,"","Female","Self/Head","59","Never Married","Kgalagadi","Protestant demoninantions (incl all non-catholic denominations)","","Standard 7","No","Poor academic progress","",,"","","","No",,
"71-23-95-90",2,12,,"","Male","Child/Adopted Child","24",,"Kgalagadi",,"","Form 3","No","Poor academic progress","",,"","","","No",,
"77-62-89-56",1,12,,"","Female","Self/Head","83","Widow/ Widower","San","Protestant demoninantions (incl all non-catholic denominations)","","No formal education","No","Too far away","",,"","","","No",,
"77-62-89-56",2,12,,"","Male","Niece/Nephew","32",,"Hambukushu",,"","Form 3","No","Poor academic progress","",,"","","","Yes","Yes","No"
"77-62-89-56",3,12,,"","Female","Grandchild","23",,"Ndebele",,"","Form 3","No","Poor academic progress","",,"","","","No",,
"77-62-89-56",4,12,,"","Male","Other Non-Relative","20",,"Subiya",,"","Form 3","No","Poor academic progress","",,"","","","No",,
"77-62-89-56",5,12,,"","Female","Grandchild","18",,"Kalanga",,"","Form 3","No","Poor academic progress","",,"","","","No",,
"77-62-89-56",6,12,,"","Female","Other Relative","5",,"Herero",,"","No formal education","No","Parents did not want","",,"","","",,,
"77-62-89-56",7,12,,"","Male","Other Relative","1",,"Subiya",,"",,"No","Parents did not want","",,"","","",,,
"93-71-48-41",1,12,,"","Female","Self/Head","55","Divorced /Separated","Subiya","Other➡️ Please specify","christianity","University level",,,"",,"Francistown teaching college","2000","Diploma in Education","Yes","Yes","No"
"93-71-48-41",2,12,,"","Female","Child/Adopted Child","34",,"subiya",,"","University level",,,"",,"Boitekanelo college","2014","Diploma in councelling","No",,
"93-71-48-41",3,12,,"","Female","Grandchild","10",,"Subiya",,"","Standard 4","Yes",,"",,"","","",,,
"93-71-48-41",4,12,,"","Female","Grandchild","6",,"subiya",,"","Standard 1","Yes",,"",,"","","",,,
"93-71-48-41",5,6,"New arrivals - New born","","Female","Grandchild","Less than 1 year",,"subiya",,"",,"No","Other","6 months old",,"","","",,,
"08-18-22-01",1,12,,"","Female","Self/Head","74","Divorced /Separated","Subiya","Other➡️ Please specify","Christianity","Standard 4","No","Too expensive","",,"","","","No",,
"98-07-17-87",1,12,,"","Female","Self/Head","31","Never Married","Tawana","Catholic","","Form 3","No","Pregnancy","",,"","","","Yes","Yes","No"
"98-07-17-87",2,12,,"","Female","Child/Adopted Child","12",,"Kalanga",,"","Standard 7","Yes",,"",,"","","","No",,
"98-07-17-87",3,12,,"","Male","Child/Adopted Child","6",,"Tswana sub group",,"","Standard 1","Yes",,"",,"","","",,,
"98-07-17-87",4,4,"New arrivals - New born","","Female","Child/Adopted Child","Less than 1 year",,"Tawana",,"",,"No","Other","new born",,"","","",,,
"23-98-05-49",1,12,,"","Male","Self/Head","60","Married monogamously","Yeyi","Protestant demoninantions (incl all non-catholic denominations)","","Standard 6","No","Not willing to attend further","",,"","","","No",,
"23-98-05-49",2,12,,"","Female","Wife/Husband","41",,"Mmirwa",,"","Form 3","No","Poor academic progress","",,"","","","No",,
"23-98-05-49",3,12,,"","Female","Child/Adopted Child","29",,"Yeyi",,"","Form 5","No","Poor academic progress","",,"","","","No",,
"79-97-29-10",1,12,,"","Male","Self/Head","52","Never Married","Subiya","Protestant demoninantions (incl all non-catholic denominations)","","Form 2","No","Had to help at home","",,"","","","Yes","Yes","No"
"79-97-29-10",2,12,,"","Female","Other Non-Relative","36",,"Subiya",,"","Form 3","No","Poor academic progress","",,"","","","No",,
"41-50-66-96",1,12,,"","Male","Self/Head","69","Married monogamously","Mokalaka","Catholic","","Standard 6","No","Other","working",,"","","","Yes","Yes","Yes"
"06-31-05-26",1,12,,"","Female","Self/Head","62","Widow/ Widower","YEYI","Protestant demoninantions (incl all non-catholic denominations)","","No formal education","No","Parents did not want","",,"","","","No",,
"06-31-05-26",2,12,,"","Female","Child/Adopted Child","45",,"YEYI",,"","Form 3","No","Poor academic progress","",,"","","","Yes","Yes","No"
"06-31-05-26",3,12,,"","Male","Child/Adopted Child","25",,"YEYI",,"","Form 3","No","Poor academic progress","",,"","","","No",,
"06-31-05-26",4,12,,"","Male","Child/Adopted Child","13",,"YEYI",,"","Standard 7","Yes",,"",,"","","","No",,
"06-31-05-26",5,12,,"","Male","Grandchild","4",,"YEYI",,"",,"Yes",,"",4200,"","","",,,
"06-31-05-26",6,12,,"","Male","Grandchild","20",,"YEYI",,"","Form 3","No","Poor academic progress","",,"","","","No",,
"06-31-05-26",7,12,,"","Female","Grandchild","4",,"YEYI",,"",,"Yes",,"",4200,"","","",,,
"06-31-05-26",8,12,,"","Female","Child/Adopted Child","7",,"YEYI",,"","Standard 1","Yes",,"",,"","","",,,
"06-31-05-26",9,12,,"","Male","Grandchild","3",,"YEYI",,"",,"No","Other","STILL GROWING",,"","","",,,
"25-90-09-86",1,12,,"","Female","Grandchild","33",,"San",,"","Form 3","No","Poor academic progress","",,"","","","Yes","Yes","No"
"25-90-09-86",2,12,,"","Male","Niece/Nephew","51",,"San",,"","Form 3","No","Poor academic progress","",,"","","","No",,
"25-90-09-86",3,12,,"","Male","Grandchild","17",,"San",,"","Form 3","No","Poor academic progress","",,"","","","No",,
"25-90-09-86",4,12,,"","Female","Grandchild","6",,"San",,"","Nursey/ Kindergarten/ECD","Yes",,"",,"","","",,,
"25-90-09-86",5,12,,"","Male","Grandchild","15",,"San",,"","Form 3","Yes",,"",,"","","","No",,
"25-90-09-86",6,12,,"","Female","Grandchild","9",,"San",,"","Standard 3","Yes",,"",,"","","",,,
"25-90-09-86",7,6,"New arrivals - New born","","Male","Grandchild","Less than 1 year",,"San",,"",,"No","Other","He is still young.",,"","","",,,
"25-90-09-86",8,12,,"","Male","Other Non-Relative","33",,"Kgatla-Tswana Subgroup",,"","Form 5","No","Poor academic progress","",,"","","","Yes","Yes","No"
"03-91-71-73",1,12,,"","Female","Self/Head","65","Never Married","Tawana","Catholic","","Standard 7","No","Poor academic progress","",,"","","","Yes","Yes","No"
"03-91-71-73",2,12,,"","Male","Child/Adopted Child","31",,"Tawana",,"","Form 3","No","Sickness or calamity in family","",,"","","","No",,
"36-45-13-48",1,12,,"","Female","Self/Head","57","Never Married","Hambukushu","Protestant demoninantions (incl all non-catholic denominations)","","Standard 1","No","Poor academic progress","",,"","","","Yes","Yes","No"
"36-45-13-48",2,12,,"","Female","Child/Adopted Child","26",,"Hambukushu",,"","Form 5","No","Poor academic progress","",,"","","","Yes","Yes","No"
"36-45-13-48",3,12,,"","Female","Child/Adopted Child","17",,"Hambukushu",,"","Form 3","No","Poor academic progress","",,"","","","No",,
"36-45-13-48",4,12,,"","Female","Grandchild","12",,"Subiya",,"","Standard 6","Yes",,"",,"","","","No",,
"36-45-13-48",5,12,,"","Female","Grandchild","8",,"Hambukushu",,"","Standard 3","Yes",,"",,"","","",,,
"36-45-13-48",6,12,,"","Male","Grandchild","3",,"Subiya",,"",,"No","Other","Minor",,"","","",,,
"36-45-13-48",7,12,,"","Female","Grandchild","1",,"Subiya",,"",,"No","Other","Subiya",,"","","",,,
"63-11-78-96",1,12,,"","Male","Self/Head","55","Married monogamously","Ndebele","Other➡️ Please specify","Logos","Form 3","No","Poor academic progress","",,"","","","No",,
"63-11-78-96",2,12,,"","Female","Wife/Husband","42",,"Yeyi",,"","Standard 7","No","Poor academic progress","",,"","","","Yes","Yes","No"
"63-11-78-96",3,12,,"","Male","Child/Adopted Child","12",,"Ndebele",,"","Standard 6","Yes",,"",,"","","","No",,
"79-48-70-94",1,12,,"","Female","Self/Head","76","Divorced /Separated","Subiya","Protestant demoninantions (incl all non-catholic denominations)","","Standard 6","No","Further schooling not available","",,"","","","No",,
"79-48-70-94",2,12,,"","Female","Child/Adopted Child","42",,"Subiya",,"","Form 3","No","Poor academic progress","",,"","","","No",,
"79-48-70-94",3,12,,"","Male","Grandchild","10",,"Subiya",,"","Standard 5","Yes",,"",,"","","",,,
"79-48-70-94",4,12,,"","Female","Grandchild","6",,"Subiya",,"","Standard 1","Yes",,"",,"","","",,,
"79-48-70-94",5,12,,"","Male","Grandchild","1",,"Subiya",,"",,"No","Other","too young",,"","","",,,
"01-11-02-57",1,12,,"","Male","Self/Head","41","Never Married","Nambjwa","Protestant demoninantions (incl all non-catholic denominations)","","Form 3","No","Poor school quality","",,"","","","Yes","Yes","No"
"01-11-02-57",2,12,,"","Female","Other Non-Relative","36",,"San",,"","Form 3","No","Poor school quality","",,"","","","Yes","Yes","No"
"01-11-02-57",3,12,,"","Male","Child/Adopted Child","17",,"Nanbjwa",,"","Form 3","No","Poor academic progress","",,"","","","No",,
"01-11-02-57",4,12,,"","Male","Child/Adopted Child","12",,"Nanbjwa",,"","Form 1","Yes",,"",,"","","","No",,
"41-82-62-49",1,12,,"","Female","Self/Head","50","Never Married","subiya","Protestant demoninantions (incl all non-catholic denominations)","","Form 3","No","Poor academic progress","",,"","","","No",,
"41-82-62-49",2,12,,"","Male","Wife/Husband","61",,"subiya",,"","Other educational training","No","Completed desired schooling","",,"","","","No",,
"41-82-62-49",3,12,,"","Male","Child/Adopted Child","11",,"subiya",,"","Standard 5","Yes",,"",,"","","","No",,
"41-82-62-49",4,12,,"","Female","Grandchild","7",,"subiya",,"","Standard 2","Yes",,"",,"","","",,,
"41-82-62-49",5,12,,"","Female","Grandchild","4",,"subiya",,"",,"No","Other","too young",,"","","",,,
"57-39-86-38",1,12,,"","Male","Self/Head","40","Married monogamously","San","Protestant demoninantions (incl all non-catholic denominations)","","Form 3","No","Poor academic progress","",,"","","","Yes","No","Yes"
"57-39-86-38",2,12,,"","Female","Wife/Husband","38",,"San",,"","Form 3","No","Poor academic progress","",,"","","","No",,
"47-31-29-24",1,12,,"","Male","Self/Head","30","Never Married","Subiya","Protestant demoninantions (incl all non-catholic denominations)","","Other educational training","No","Completed desired schooling","",,"","","","Yes","Yes","No"
"47-31-29-24",2,12,,"","Female","Sister/Brother","24",,"Subiya",,"","University level",,,"",,"University of Botswana","2021","Business Administration and Management","Yes","Yes","No"
"47-31-29-24",3,12,,"","Female","Other Non-Relative","27",,"Ngwaketse (Tswana subgroup)",,"","Other educational training","No","Completed desired schooling","",,"","","","No",,
"47-31-29-24",4,12,,"","Female","Sister/Brother","21",,"Subiya",,"","Form 5","No","Poor academic progress","",,"","","","No",,
"87-48-42-67",1,12,,"","Female","Self/Head","66","Widow/ Widower","tawana","Protestant demoninantions (incl all non-catholic denominations)","","Standard 4","No","Completed desired schooling","",,"","","","No",,
"87-48-42-67",2,12,,"","Female","Grandchild","10",,"Tawana",,"","Standard 4","Yes",,"",,"","","",,,
"87-48-42-67",3,12,,"","Male","Grandchild","9",,"tawana",,"","Standard 3","Yes",,"",,"","","",,,
"88-51-36-66",1,12,,"","Male","Self/Head","64","Never Married","Subiya","Protestant demoninantions (incl all non-catholic denominations)","","Standard 7","No","Completed desired schooling","",,"","","","No",,
"88-51-36-66",2,12,,"","Female","Wife/Husband","45",,"Subiya",,"","Form 3","No","Poor academic progress","",,"","","","No",,
"88-51-36-66",3,12,,"","Female","Child/Adopted Child","19",,"Subiya",,"","Form 5","Yes",,"",,"","","","No",,
"88-51-36-66",4,12,,"","Male","Child/Adopted Child","17",,"Subiya",,"","Standard 4","Yes",,"",,"","","","No",,
"88-12-77-50",1,12,,"","Male","Self/Head","49","Married monogamously","Lozi","Protestant demoninantions (incl all non-catholic denominations)","","Form 3","No","Completed desired schooling","",,"","","","No",,
"88-12-77-50",2,12,,"","Female","Wife/Husband","41",,"ndebele",,"","Form 4","No","Completed desired schooling","",,"","","","Yes","Yes","No"
"88-12-77-50",3,12,,"","Female","Child/Adopted Child","11",,"lozi",,"","Standard 4","Yes",,"",,"","","","No",,
"88-12-77-50",4,12,,"","Female","Child/Adopted Child","4",,"lozi",,"",,"No","Other","minor",,"","","",,,
"88-12-77-50",5,12,,"","Male","Child/Adopted Child","3",,"lozi",,"",,"No","Other","minor",,"","","",,,
"88-12-77-50",6,12,,"","Female","Brother/Sister-In-Law","19",,"ndebele",,"","Form 3","No","Too expensive","",,"","","","No",,
"17-63-55-71",1,12,,"","Male","Self/Head","55","Married monogamously","Hambukushu","Protestant demoninantions (incl all non-catholic denominations)","","No formal education","No","Parents did not want","",,"","","","No",,
"17-63-55-71",2,12,,"","Female","Wife/Husband","47",,"Subiya",,"","Form 1","No","Pregnancy","",,"","","","Yes","Yes","No"
"17-63-55-71",3,12,,"","Male","Child/Adopted Child","25",,"Hambukushu",,"","Form 5","No","Poor academic progress","",,"","","","Yes","Yes","No"
"17-63-55-71",4,12,,"","Male","Child/Adopted Child","23",,"Hambukushu",,"","Form 3","No","Poor academic progress","",,"","","","No",,
"17-63-55-71",5,12,,"","Male","Child/Adopted Child","10",,"Hambukushu",,"","Standard 5","Yes",,"",,"","","",,,
"08-89-64-68",1,12,,"","Male","Self/Head","87","Married monogamously","yei","Protestant demoninantions (incl all non-catholic denominations)","","Form 2","No","Poor academic progress","",,"","","","No",,
"08-89-64-68",2,12,,"","Female","Wife/Husband","61",,"subiya",,"","Standard 7","No","Poor academic progress","",,"","","","No",,
"40-29-00-57",1,12,,"","Male","Self/Head","89","Married monogamously","SUBIYA","Protestant demoninantions (incl all non-catholic denominations)","","Standard 4","No","Had to help with family","",,"","","","Yes","Yes","No"
"40-29-00-57",2,12,,"","Female","Wife/Husband","42",,"SUBIYA",,"","Form 3","No","Pregnancy","",,"","","","No",,
"40-29-00-57",3,12,,"","Male","Child/Adopted Child","25",,"SUBIYA",,"","Form 3","No","Poor academic progress","",,"","","","No",,
"40-29-00-57",4,12,,"","Male","Child/Adopted Child","22",,"SUBIYA",,"","Form 3","No","Poor academic progress","",,"","","","No",,
"40-29-00-57",5,12,,"","Male","Child/Adopted Child","20",,"SUBIYA",,"","Form 5","No","Poor academic progress","",,"","","","No",,
"86-10-11-11",1,6,"New arrivals - Bad living conditions at home","","Male","Self/Head","40","Never Married","Ngwato","Catholic","","Form 5","No","Other","he is working",,"","","","Yes","Yes","No"
"86-10-11-11",2,6,"New arrivals - Bad living conditions at home","","Female","Other Non-Relative","31",,"Subiya",,"","Form 5","No","Had to help with family","",,"","","","No",,
"80-48-57-31",1,12,,"","Female","Self/Head","28","Never Married","Subiya","African Traditional religion","","Form 3","No","Poor academic progress","",,"","","","No",,
"80-48-57-31",2,12,,"","Female","Child/Adopted Child","6",,"Subiya",,"","Standard 1","Yes",,"",,"","","",,,
"80-48-57-31",3,12,,"","Female","Child/Adopted Child","9",,"Subiya",,"","Standard 3","Yes",,"",,"","","",,,
"80-48-57-31",4,12,,"","Male","Child/Adopted Child","10",,"Subiya",,"","Standard 4","Yes",,"",,"","","",,,
"80-48-57-31",5,12,,"","Female","Other Relative","6",,"Subiya",,"","Standard 1","Yes",,"",,"","","",,,
"03-33-65-79",1,12,,"","Female","Child/Adopted Child","21",,"Tawana",,"","Form 3","No","Poor academic progress","",,"","","","No",,
"03-33-65-79",2,12,,"","Female","Child/Adopted Child","29",,"Tawana",,"","Form 5","No","Poor academic progress","",,"","","","Yes","Yes","No"
"03-33-65-79",3,12,,"","Female","Child/Adopted Child","32",,"Tawana",,"","Form 3","No","Poor academic progress","",,"","","","Yes","Yes","No"
"03-33-65-79",4,12,,"","Female","Child/Adopted Child","24",,"Tawana",,"","Form 3","No","Poor academic progress","",,"","","","Yes","Yes","No"
"03-33-65-79",5,12,,"","Male","Other Relative","28",,"San",,"","Form 3","No","Poor academic progress","",,"","","","No",,
"03-33-65-79",6,12,,"","Male","Brother/Sister-In-Law","35",,"Kalanga",,"","Other educational training","No","Completed desired schooling","",,"","","","Yes","Yes","No"
"03-33-65-79",7,12,,"","Female","Self/Head","49","Never Married","Tawana","Protestant demoninantions (incl all non-catholic denominations)","","Standard 7","No","Poor academic progress","",,"","","","No",,
"03-33-65-79",8,12,,"","Male","Grandchild","10",,"kalanga",,"","Standard 5","Yes",,"",,"","","",,,
"03-33-65-79",9,12,,"","Male","Grandchild","8",,"san",,"","Standard 3","Yes",,"",,"","","",,,
"03-33-65-79",10,12,,"","Female","Grandchild","5",,"kalanga",,"","No formal education","No","Other","too young",,"","","",,,
"03-33-65-79",11,12,,"","Male","Grandchild","10",,"kalanga",,"","Standard 4","Yes",,"",,"","","",,,
"03-33-65-79",12,11,"New arrivals - New born","","Female","Grandchild","Less than 1 year",,"san",,"",,"No","Other","too young",,"","","",,,
"86-28-43-28",1,12,,"","Female","Self/Head","53","Married monogamously","SUBIYA","Protestant demoninantions (incl all non-catholic denominations)","","Form 3","No","Poor academic progress","",,"","","","Yes","Yes","No"
"86-28-43-28",2,12,,"","Male","Child/Adopted Child","29",,"SUBIYA",,"","Form 3","No","Poor academic progress","",,"","","","No",,
"95-58-64-05",1,12,,"","Male","Self/Head","48","Married monogamously","SUBIYA","Non-religious","","Form 2","No","Had to help at home","",,"","","","No",,
"95-58-64-05",2,12,,"","Female","Wife/Husband","42",,"SUBIYA",,"","Form 3","No","Poor academic progress","",,"","","","No",,
"95-58-64-05",3,12,,"","Male","Child/Adopted Child","4",,"SUBIYA",,"",,"No","Other","NO FINANCES TO SEND HIM TO PRE SCHOOL",,"","","",,,
"95-58-64-05",4,12,,"","Male","Child/Adopted Child","13",,"SUBIYA",,"","Form 1","Yes",,"",,"","","","No",,
"51-45-88-78",1,12,,"","Female","Self/Head","92","Widow/ Widower","SUBIYA","Protestant demoninantions (incl all non-catholic denominations)","","No formal education","No","Parents did not want","",,"","","","No",,
"51-45-88-78",2,12,,"","Female","Grandchild","42",,"SUBIYA",,"","Form 3","No","Poor academic progress","",,"","","","No",,
"51-45-88-78",3,12,,"","Male","Grandchild","33",,"SUBIYA",,"","Form 3","No","Poor academic progress","",,"","","","No",,
"51-45-88-78",4,12,,"","Female","Grandchild","29",,"SUBIYA",,"","Form 3","No","Poor academic progress","",,"","","","No",,
"51-45-88-78",5,12,,"","Male","Grandchild","5",,"SUBIYA",,"","Nursey/ Kindergarten/ECD","Yes",,"",270,"","","",,,
"51-45-88-78",6,12,,"","Male","Grandchild","9",,"SUBIYA",,"","Standard 3","Yes",,"",,"","","",,,
"51-45-88-78",7,12,,"","Female","Grandchild","6",,"SUBIYA",,"","Standard 1","Yes",,"",,"","","",,,
"90-62-42-39",1,12,,"","Female","Wife/Husband","43",,"Kalanga",,"","Form 2","No","Poor academic progress","",,"","","","No",,
"90-62-42-39",2,12,,"","Male","Self/Head","54","Married monogamously","Ngwato","Protestant demoninantions (incl all non-catholic denominations)","","Form 2","No","Too expensive","",,"","","","Yes","Yes","No"
"71-64-26-40",1,12,,"","Male","Self/Head","37","Never Married","Subiya","Muslim","","Form 5","No","Poor academic progress","",,"","","","Yes","Yes","Yes"
"81-24-00-67",1,12,,"","Male","Self/Head","29","Never Married","Yeyi","Protestant demoninantions (incl all non-catholic denominations)","","Form 5","No","Completed desired schooling","",,"","","","Yes","Yes","No"
"81-24-00-67",2,12,,"","Male","Brother/Sister-In-Law","18",,"Yeyi",,"","Form 5","No","Poor academic progress","",,"","","","No",,
"12-70-32-30",1,12,,"","Male","Self/Head","42","Never Married","Subiya","Non-religious","","Form 5","No","Poor academic progress","",,"","","","Yes","Yes","No"
"12-70-32-30",2,12,,"","Female","Other Non-Relative","30",,"Hambukushu",,"","Form 5","No","Poor academic progress","",,"","","","No",,
"82-97-70-37",1,12,,"","Female","Self/Head","44","Married monogamously","San","Catholic","","Standard 7","No","Had to help with family","",,"","","","Yes","Yes","Yes"
"82-97-70-37",2,12,,"","Male","Wife/Husband","45",,"Subiya",,"","Standard 7","No","Other","working",,"","","","Yes","Yes","No"
"82-97-70-37",3,12,,"","Female","Child/Adopted Child","29",,"Subiya",,"","Form 5","No","Had to help with family","",,"","","","No",,
"82-97-70-37",4,12,,"","Female","Child/Adopted Child","21",,"Subiya",,"","Form 3","No","Poor academic progress","",,"","","","Yes","Yes","No"
"82-97-70-37",5,12,,"","Male","Sister/Brother","40",,"San",,"","Form 3","No","Had to help with family","",,"","","","No",,
"82-97-70-37",6,12,,"","Female","Niece/Nephew","15",,"Subiya",,"","Form 3","Yes",,"",,"","","","No",,
"82-97-70-37",7,12,,"","Female","Grandchild","15",,"Subiya",,"","Form 3","Yes",,"",,"","","","No",,
"82-97-70-37",8,12,,"","Male","Niece/Nephew","15",,"Subiya",,"","Form 3","Yes",,"",,"","","","No",,
"82-97-70-37",9,12,,"","Female","Grandchild","11",,"Subiya",,"","Standard 5","Yes",,"",,"","","","No",,
"82-97-70-37",10,6,"New arrivals - Bad living conditions at home","","Male","Grandchild","9",,"Subiya",,"","No formal education","No","Sickness or calamity in family","",,"","","",,,
"82-97-70-37",11,12,,"","Female","Grandchild","3",,"Subiya",,"",,"No","Other","Still young",,"","","",,,
"82-97-70-37",12,12,,"","Male","Brother/Sister-In-Law","40",,"Subiya",,"","Form 5","No","Poor academic progress","",,"","","","Yes","Yes","No"
"62-46-14-70",1,12,,"","Male","Self/Head","54","Never Married","San","Protestant demoninantions (incl all non-catholic denominations)","","Standard 4","No","Had to help at home","",,"","","","No",,
"62-46-14-70",2,12,,"","Female","Other Non-Relative","46",,"Yeyi",,"","Form 2","No","Pregnancy","",,"","","","Yes","Yes","No"
"62-46-14-70",3,12,,"","Female","Child/Adopted Child","31",,"Yeyi",,"","Form 5","No","Poor academic progress","",,"","","","Yes","Yes","No"
"62-46-14-70",4,12,,"","Male","Child/Adopted Child","28",,"Yeyi",,"","Form 3","No","Poor academic progress","",,"","","","No",,
"62-46-14-70",5,12,,"","Female","Child/Adopted Child","27",,"Yeyi",,"","Form 5","No","Poor academic progress","",,"","","","Yes","Yes","No"
"62-46-14-70",6,12,,"","Male","Child/Adopted Child","18",,"Yeyi",,"","Form 3","No","Poor academic progress","",,"","","","No",,
"62-46-14-70",7,12,,"","Female","Grandchild","11",,"Yeyi",,"","Standard 5","Yes",,"",,"","","","No",,
"62-46-14-70",8,12,,"","Female","Grandchild","9",,"Yeyi",,"","Standard 3","Yes",,"",,"","","",,,
"62-46-14-70",9,12,,"","Male","Grandchild","5",,"Yeyi",,"","No formal education","No","Too expensive","",,"","","",,,
"62-46-14-70",10,12,,"","Male","Grandchild","10",,"Yeyi",,"","Standard 4","Yes",,"",,"","","",,,
"62-46-14-70",11,12,,"","Male","Grandchild","2",,"Subiya",,"",,"No","Other","Minor",,"","","",,,
"62-46-14-70",12,12,,"","Male","Child/Adopted Child","39",,"Yeyi",,"","Standard 7","No","Poor academic progress","",,"","","","No",,
"62-46-14-70",13,12,,"","Male","Child/Adopted Child","23",,"Yeyi",,"","Form 3","No","Poor academic progress","",,"","","","No",,
"62-46-14-70",14,12,,"","Male","Grandchild","16",,"San",,"","Form 2","Yes",,"",,"","","","No",,
"71-10-70-44",1,12,,"","Female","Child/Adopted Child","42",,"Tawana-Tswana Subgroup",,"","Form 3","No","Poor academic progress","",,"","","","Yes","Yes","No"
"71-10-70-44",2,12,,"","Female","Grandchild","23",,"Tawana",,"","Form 5","No","Poor academic progress","",,"","","","No",,
"71-10-70-44",3,12,,"","Male","Grandchild","17",,"Tawana",,"","Form 3","No","Poor academic progress","",,"","","","No",,
"71-10-70-44",4,12,,"","Male","Grandchild","7",,"Tawana",,"","Standard 2","Yes",,"",,"","","",,,
"71-10-70-44",5,12,,"","Male","Grandchild","4",,"Tawana",,"",,"No","Parents did not want","",,"","","",,,
"71-10-70-44",6,12,,"","Female","Grandchild","2",,"Tawana",,"",,"No","Parents did not want","",,"","","",,,
"71-10-70-44",7,12,,"","Female","Grandchild","11",,"Tawana",,"","Standard 4","Yes",,"",,"","","","No",,
"71-10-70-44",8,11,"Members that left - Other (Specify)","Went to take care of daughter who is in confinement.","Female","Self/Head","59","Widow/ Widower","Tawana","Protestant demoninantions (incl all non-catholic denominations)","","No formal education","No","Had to help at home","",,"","","","No",,
"72-64-30-28",1,12,,"","Male","Son/Daughter-In-Law","28",,"Tawana",,"","University level",,,"",,"Ruth Technical College","2020","Civil Engineering","Yes","Yes","No"
"72-64-30-28",2,12,,"","Female","Self/Head","37","Married monogamously","Tawana","Catholic","","Form 5","No","Had to help at home","",,"","","","Yes","Yes","No"
"13-26-76-47",1,12,,"","Female","Wife/Husband","43",,"Kalanga",,"","Form 2","No","Pregnancy","",,"","","","Yes","Yes","No"
"13-26-76-47",2,3,"Members that left - Looking for work elsewhere","","Male","Self/Head","45","Married monogamously","Subiya","Other➡️ Please specify","christianity","Form 5","No","Poor academic progress","",,"","","","Yes","Yes","No"
"13-26-76-47",3,12,,"","Male","Sister/Brother","25",,"subiya",,"","Form 3","No","Poor academic progress","",,"","","","Yes","Yes","No"
"13-26-76-47",4,12,,"","Male","Child/Adopted Child","14",,"subiya",,"","Form 1","Yes",,"",,"","","","No",,
"13-26-76-47",5,12,,"","Male","Other Non-Relative","25",,"subiya",,"","Form 5","Yes",,"",,"","","","No",,
"49-80-23-99",1,12,,"","Female","Self/Head","40","Never Married","subiya","African Traditional religion","","Form 3","No","Poor academic progress","",,"","","","Yes","Yes","No"
"49-80-23-99",2,12,,"","Male","Child/Adopted Child","22",,"subiya",,"","Form 3","No","Poor academic progress","",,"","","","No",,
"49-80-23-99",3,12,,"","Female","Child/Adopted Child","18",,"subiya",,"","Form 3","No","Poor academic progress","",,"","","","No",,
"49-80-23-99",4,12,,"","Female","Child/Adopted Child","2",,"subiya",,"",,"No","Other","still young",,"","","",,,
"86-00-13-77",1,12,,"","Male","Self/Head","31","Never Married","Lozi","Non-religious","","Form 3","No","Parents did not want","",,"","","","Yes","Yes","No"
"86-00-13-77",2,12,,"","Female","Other Non-Relative","22",,"Hambukushu",,"","Form 3","No","Sickness or calamity in family","",,"","","","No",,
"86-00-13-77",3,12,,"","Male","Child/Adopted Child","3",,"Lozi",,"",,"No","Other","Financial issues",,"","","",,,
"86-00-13-77",4,3,"New arrivals - New born","","Male","Child/Adopted Child","Less than 1 year",,"Lozi",,"",,"No","Other","Minor",,"","","",,,
"48-57-10-38",1,12,,"","Male","Self/Head","42","Never Married","Mokhurutshe","African Traditional religion","","Form 3","No","Poor academic progress","",,"","","","Yes","Yes","No"
"69-84-94-36",1,12,,"","Female","Self/Head","48","Never Married","SUBIYA","Protestant demoninantions (incl all non-catholic denominations)","","Form 3","No","Poor academic progress","",,"","","","Yes","Yes","No"
"69-84-94-36",2,12,,"","Female","Child/Adopted Child","29",,"SUBIYA",,"","Form 5","No","Poor academic progress","",,"","","","No",,
"69-84-94-36",3,12,,"","Male","Child/Adopted Child","26",,"SUBIYA",,"","Form 5","No","Completed desired schooling","",,"","","","Yes","Yes","No"
"18-54-82-39",1,12,,"","Male","Self/Head","36","Never Married","Kalanga","Other➡️ Please specify","christianity","Form 3","No","Poor academic progress","",,"","","","Yes","Yes","No"
"18-54-82-39",2,12,,"","Female","Other Non-Relative","23",,"Subiya",,"","Form 3","No","Poor academic progress","",,"","","","No",,
"18-54-82-39",3,12,,"","Male","Child/Adopted Child","5",,"subiya",,"","Nursey/ Kindergarten/ECD","Yes",,"",6000,"","","",,,
"18-54-82-39",4,5,"New arrivals - New born","","Female","Child/Adopted Child","Less than 1 year",,"subiya",,"",,"No","Other","toddler",,"","","",,,
"72-38-29-03",1,12,,"","Female","Self/Head","34","Never Married","khurutshi","Protestant demoninantions (incl all non-catholic denominations)","","Form 3","No","Completed desired schooling","",,"","","","Yes","Yes","No"
"72-38-29-03",2,12,,"","Female","Child/Adopted Child","13",,"Mongwato",,"","Standard 6","Yes",,"",,"","","","No",,
"72-38-29-03",3,12,,"","Male","Child/Adopted Child","10",,"Birwa",,"","Standard 3","Yes",,"",,"","","",,,
"72-38-29-03",4,12,,"","Female","Child/Adopted Child","4",,"kalanga",,"",,"No","Other","minor",,"","","",,,
"72-38-29-03",5,12,,"","Female","Child/Adopted Child","1",,"kalanga",,"",,"No","Other","He is a minor",,"","","",,,
"20-35-14-07",1,12,,"","Male","Self/Head","62","Never Married","san","African Traditional religion","","Standard 7","No","Poor academic progress","",,"","","","Yes","Yes","No"
"80-76-98-64",1,12,,"","Female","Self/Head","43","Never Married","Subiya","Protestant demoninantions (incl all non-catholic denominations)","","Form 3","No","Poor academic progress","",,"","","","Yes","Yes","No"
"80-76-98-64",2,12,,"","Male","Child/Adopted Child","21",,"Subiya",,"","Form 3","No","Poor academic progress","",,"","","","No",,
"46-71-82-60",1,12,,"","Female","Self/Head","33","Never Married","Subiya","Other➡️ Please specify","christianity","Other educational training","No","Poor academic progress","",,"","","","Yes","Yes","No"
"46-71-82-60",2,12,,"","Male","Sister/Brother","45",,"subiya",,"","Form 3","No","Poor academic progress","",,"","","","No",,
"24-76-27-27",1,12,,"","Male","Self/Head","63","Married monogamously","subiya","Protestant demoninantions (incl all non-catholic denominations)","","Standard 7","No","Completed desired schooling","",,"","","","No",,
"24-76-27-27",2,12,,"","Female","Wife/Husband","52",,"ngwato (tswana subgroup)",,"","Form 3","No","Completed desired schooling","",,"","","","Yes","Yes","No"
"24-76-27-27",3,12,,"","Female","Child/Adopted Child","17",,"subiya",,"","Form 3","Yes",,"",,"","","","No",,
"85-49-52-94",1,12,,"","Female","Self/Head","49","Never Married","Sibuya","Protestant demoninantions (incl all non-catholic denominations)","","No formal education","No","Had to help with family","",,"","","","No",,
"85-49-52-94",2,12,,"","Female","Child/Adopted Child","26",,"Subiya",,"","Form 3","No","Poor academic progress","",,"","","","Yes","Yes","No"
"85-49-52-94",3,12,,"","Female","Child/Adopted Child","24",,"Subiya",,"","University level",,,"",,"Institute of development studies","2023","Public Health","No",,
"41-14-53-27",1,6,"Members that left - Other (Specify)","To check on her daughter in another area.","Female","Child/Adopted Child","32",,"Moyei",,"","Form 3","No","Sickness or calamity in family","",,"","","","No",,
"41-14-53-27",2,12,,"","Female","Child/Adopted Child","44",,"Moyei",,"","University level",,,"",,"##N/A##","##N/A##","Tourism and hospitality","Yes","Yes","No"
"41-14-53-27",3,12,,"","Male","Grandchild","13",,"Moyei",,"","Form 1","Yes",,"",,"","","","No",,
"19-25-83-42",1,12,,"","Female","Self/Head","64","Never Married","subiya","African Traditional religion","","No formal education","No","Had to help with family","",,"","","","Yes","Yes","No"
"19-25-83-42",2,12,,"","Male","Child/Adopted Child","32",,"subiya",,"","Form 3","No","Poor academic progress","",,"","","","No",,
"19-25-83-42",3,12,,"","Female","Son/Daughter-In-Law","22",,"subiya",,"","Form 3","No","Poor academic progress","",,"","","","Yes","Yes","No"
"19-25-83-42",4,12,,"","Female","Grandchild","9",,"subiya",,"","Standard 4","Yes",,"",,"","","",,,
"19-25-83-42",5,12,,"","Male","Grandchild","7",,"subiya",,"","Standard 1","Yes",,"",,"","","",,,
"19-25-83-42",6,12,,"","Female","Grandchild","5",,"subiya",,"","No formal education","No","Other","still young",,"","","",,,
"52-70-09-40",1,12,,"","Female","Self/Head","58","Never Married","Tawana","Protestant demoninantions (incl all non-catholic denominations)","","Standard 7","No","Had to help with family","",,"","","","No",,
"52-70-09-40",2,12,,"","Female","Child/Adopted Child","31",,"Tawana",,"","Form 3","No","Poor academic progress","",,"","","","Yes","Yes","No"
"52-70-09-40",3,12,,"","Female","Child/Adopted Child","23",,"Tawana",,"","Form 5","No","Poor academic progress","",,"","","","No",,
"52-70-09-40",4,12,,"","Female","Grandchild","4",,"Tawana",,"",,"No","Other","too young",,"","","",,,
"52-70-09-40",5,12,,"","Male","Grandchild","Less than 1 year",,"Tawana",,"",,"No","Other","too young",,"","","",,,
"14-14-61-40",1,12,,"","Female","Grandfather/Mother","76",,"San",,"","Form 5","No","Completed desired schooling","",,"","","","No",,
"14-14-61-40",2,12,,"","Female","Self/Head","35","Never Married","San","Other➡️ Please specify","christianity","Form 3","No","Pregnancy","",,"","","","Yes","Yes","No"
"14-14-61-40",3,12,,"","Female","Niece/Nephew","45",,"San",,"","Form 2","No","Pregnancy","",,"","","","No",,
"14-14-61-40",4,6,"New arrivals - Other economic reasons","","Female","Niece/Nephew","42",,"san",,"","Standard 7","No","Other","no proper care by parents",,"","","","No",,
"14-14-61-40",5,12,,"","Female","Child/Adopted Child","23",,"san",,"","Form 5","No","Poor academic progress","",,"","","","No",,
"14-14-61-40",6,12,,"","Female","Child/Adopted Child","12",,"san",,"","Standard 3","Yes",,"",,"","","","No",,
"79-24-47-25",1,12,,"","Male","Self/Head","37","Married monogamously","KALANGA","Protestant demoninantions (incl all non-catholic denominations)","","Form 3","No","Poor academic progress","",,"","","","No",,
"79-24-47-25",2,12,,"","Female","Wife/Husband","43",,"TONGA",,"","Form 1","No","Parents did not want","",,"","","","No",,
"79-24-47-25",3,12,,"","Female","Grandchild","13",,"KALANGA",,"","Standard 7","Yes",,"",,"","","","No",,
"79-24-47-25",4,12,,"","Male","Child/Adopted Child","6",,"KALANGA",,"","Nursey/ Kindergarten/ECD","Yes",,"",,"","","",,,
"98-74-77-48",1,12,,"","Female","Self/Head","34","Never Married","Subiya","Catholic","","Form 5","No","Too expensive","",,"","","","Yes","Yes","No"
"98-74-77-48",2,12,,"","Female","Niece/Nephew","19",,"Subiya",,"","Form 5","No","Too expensive","",,"","","","Yes","Yes","No"
"98-74-77-48",3,12,,"","Male","Niece/Nephew","12",,"Kalanga",,"","Standard 7","Yes",,"",,"","","","No",,
"98-74-77-48",4,12,,"","Male","Child/Adopted Child","9",,"Kalanga",,"","Standard 3","Yes",,"",,"","","",,,
"98-74-77-48",5,12,,"","Male","Child/Adopted Child","12",,"Subiya",,"","Standard 7","Yes",,"",,"","","","No",,
"98-74-77-48",6,12,,"","Male","Child/Adopted Child","10",,"Subiya",,"","Standard 5","Yes",,"",,"","","",,,
"45-71-76-98",1,12,,"","Female","Self/Head","35","Never Married","San","Catholic","","No formal education","No","Had to help at home","",,"","","","No",,
"45-71-76-98",2,12,,"","Male","Child/Adopted Child","12",,"Subiya",,"","Standard 7","Yes",,"",,"","","","No",,
"45-71-76-98",3,12,,"","Male","Child/Adopted Child","7",,"Subiya",,"","Standard 2","Yes",,"",,"","","",,,
"07-23-89-71",1,12,,"","Female","Self/Head","38","Never Married","Kalanga","Protestant demoninantions (incl all non-catholic denominations)","","University level",,,"",,"Ntabazinduna University","2002","Hotel and Catering","Yes","Yes","No"
"07-23-89-71",2,8,"Members that left - Education","","Male","Child/Adopted Child","18",,"Kalanga",,"","Form 5","Yes",,"",,"","","","No",,
"07-23-89-71",3,12,,"","Female","Child/Adopted Child","10",,"Kalanga",,"","Standard 5","Yes",,"",,"","","",,,
"05-94-07-12",1,12,,"","Female","Self/Head","48","Never Married","Subiya","Protestant demoninantions (incl all non-catholic denominations)","","Form 2","No","Poor academic progress","",,"","","","Yes","Yes","No"
"58-90-20-54",1,12,,"","Female","Child/Adopted Child","21",,"Kalanga",,"","Form 5","No","Poor academic progress","",,"","","","No",,
"58-90-20-54",2,12,,"","Female","Self/Head","40","Never Married","Kalanga","Protestant demoninantions (incl all non-catholic denominations)","","Form 3","No","Poor academic progress","",,"","","","Yes","Yes","No"
"58-90-20-54",3,12,,"","Female","Child/Adopted Child","5",,"Kalanga",,"","Nursey/ Kindergarten/ECD","Yes",,"",7800,"","","",,,
"50-03-32-43",1,12,,"","Female","Self/Head","42","Never Married","Subiya","Other➡️ Please specify","Christian","Form 5","No","Poor academic progress","",,"","","","No",,
"50-03-32-43",2,12,,"","Male","Sister/Brother","38",,"Subiyq",,"","Form 3","No","Poor academic progress","",,"","","","Yes","Yes","No"
"50-03-32-43",3,12,,"","Female","Sister/Brother","30",,"subiya",,"","Other educational training","No","Poor academic progress","",,"","","","No",,
"50-03-32-43",4,12,,"","Female","Child/Adopted Child","21",,"Subiya",,"","Form 5","Yes",,"",,"","","","Yes","Yes","No"
"62-49-02-44",1,12,,"","Female","Self/Head","66","Never Married","Lozi","Protestant demoninantions (incl all non-catholic denominations)","","No formal education","No","Sickness or calamity in family","",,"","","","No",,
"62-49-02-44",2,12,,"","Female","Child/Adopted Child","38",,"Lozi",,"","Form 5","No","Poor academic progress","",,"","","","Yes","Yes","No"
"62-49-02-44",3,12,,"","Female","Child/Adopted Child","30",,"Lozi",,"","Form 3","No","Poor academic progress","",,"","","","No",,
"62-49-02-44",4,12,,"","Male","Child/Adopted Child","27",,"Lozi",,"","University level",,,"",,"Botho University","2018","BSc in Computing","No",,
"62-49-02-44",5,12,,"","Male","Grandchild","9",,"Zezuru",,"","Standard 4","Yes",,"",,"","","",,,
"62-49-02-44",6,12,,"","Male","Grandchild","12",,"Zezuru",,"","Standard 5","Yes",,"",,"","","","No",,
"62-49-02-44",7,12,,"","Female","Grandchild","1",,"Zezuru",,"",,"No","Other","Minor",,"","","",,,
"75-29-94-40",2,12,,"","Female","Other Non-Relative","42",,"Lodzi",,"","University level",,,"",,"Megasize College","2007","Secretarial Studies","Yes","No","Yes"
"75-29-94-40",3,12,,"","Female","Child/Adopted Child","12",,"Lodzi",,"","Standard 7","Yes",,"",,"","","","No",,
"75-29-94-40",4,12,,"","Male","Child/Adopted Child","10",,"Lodzi",,"","Standard 6","Yes",,"",,"","","",,,
"75-29-94-40",5,12,,"","Male","Child/Adopted Child","5",,"Lodzi",,"","Nursey/ Kindergarten/ECD","Yes",,"",0,"","","",,,
"75-29-94-40",6,12,,"","Female","Child/Adopted Child","2",,"Lodzi",,"",,"No","Parents did not want","",,"","","",,,
